ARMO_FormID	ARMO_EDID	ARMO_FULL	KeywordCount	DATA_Value	DATA_Weight	DATA_Health	DAMA_Energy_Amount	DAMA_Energy_Curve	DAMA_Fire_Amount	DAMA_Fire_Curve	DAMA_Cryo_Amount	DAMA_Cryo_Curve	DAMA_Poison_Amount	DAMA_Poison_Curve	DAMA_Rad_Amount	DAMA_Rad_Curve	DAMA_Physical_Amount	DAMA_Physical_Curve	APPR_SlotCount	CVT1_DurabilityMin	CVT2_CondDmgScaleFactor	CVT3_DurabilityMax	ModelCount
00000D64	SkinNaked		0	0	0.000000	0													0				0
00001A2B	Armor_Enclave_Underarmor_Uniform	Forest Operative Underarmor	0	30	0.500000	0													0				0
00001A38	Armor_Enclave_Underarmor_Uniform_02	Urban Operative Underarmor	0	30	0.500000	0													0				0
00002B84	CreatureClothes_FeralGhoulParkUniform		0	0	0.100000	0													0				0
00002ED0	SkinLiberator		0	0	0.000000	0													0				0
00004420	CreatureClothes_Scorched	Scorched Outfit	0	0	0.100000	0													0				0
00007339	ATX_Clothes_MilitaryOfficerUniform	Military Officer Uniform	0	0	0.100000	0													0				0
0000739F	Clothes_MoleCostume_Tattered	Tattered Mole Outfit	0	10	0.100000	0													0				0
000073A0	ATX_Clothes_MoleCostume_Pristine	Pristine Moe the Mole Outfit	0	10	0.100000	0													0				0
0000B1FD	Clothes_CivilWarEraDress	Civil War Era Dress	0	75	0.100000	0													0				0
0000CFDE	ATX_Headwear_MoleCostume_Pristine	Pristine Moe the Mole Head	0	15	0.100000	0													0				0
0000D192	SkinSnallygaster		0	0	0.000000	0													0				0
0000D206	Clothes_CivilWarEraSuit	Civil War Era Suit	0	80	0.100000	0													0				0
0000D208	Headwear_CivilWarEraHat	Civil War Era Top Hat	0	10	0.100000	0													0				0
0000D235	SkinMothman		0	0	0.000000	0													0				0
0000E7D5	SkinHoneyBeast		0	0	0.000000	0													0				0
0000E88B	SkinGraftonMonster		0	0	0.000000	0													0				0
0000E8A6	Clothes_CivilWarUniformConfederate	Confederate Uniform	0	61	0.100000	0													0				0
0000ED6D	Headwear_CivilWarHatConfederate	Confederate Hat	0	40	0.100000	0													0				0
00011B60	Clothes_MinerUniform	Miner Uniform	0	35	0.100000	0													0				0
00011B6C	SkinRadToad		0	0	0.000000	0													0				0
00012B1E	Headwear_MinerHat	Miner Hat	0	15	0.100000	0													0				0
00012CB4	Clothes_MinerUniformClean	Pristine Miner Uniform	0	25	0.100000	0													0				0
00012E6C	SkinMoleMiner		0	0	0.000000	0													0				0
0001554F	SkinWendigo		0	0	0.000000	0													0				0
00017AD1	SkinRaider		0	0	0.000000	0													0				0
00017DC6	SkinFox		0	0	0.000000	0													0				0
00018C2E	ATX_Clothes_MilitaryIntelOfficerUniform	Military Intel Officer Uniform	0	0	0.100000	0													0				0
00019568	Armor_RaiderMod_Underarmor_LongJohns	Long Johns	0	20	0.500000	0													0				0
0001A00B	SkinSuperMutant		0	0	0.000000	0													0				0
0001D320	SkinPowerArmor		0	200	0.000000	0													0				0
0001D725	SkinDogmeat		0	0	0.000000	0													0				0
0001D813	SkinMoleratWhole		0	0	0.000000	0													0				0
0001DB49	SkinDeathclaw		0	0	0.000000	0													0				0
0001E572	SkinCorpse		0	0	0.000000	0													0				0
0001EED7	CUT_ATX_Armor_Vault111_Underwear	Vault 111 Jumpsuit	0	0	1.000000	0													0				0
0002047C	SkinBrahmin		0	0	0.000000	0													0				0
00020BCA	SkinFeralGhoulGlowing		0	0	0.000000	0													0				0
00021B3B	Pipboy	Pip-Boy 2000	0	0	0.000000	0													0				0
00023431	Clothes_FatiguesPreWar_Clean	Army Fatigues	0	12	0.100000	0													0				0
00023432	Headwear_Army_Helmet	Army Helmet	0	20	0.100000	0													0				0
00023FFE	SkinMirelurk		0	0	0.000000	0													0				0
0002456E	SkinBloodbugJuvenile		0	0	0.000000	0													0				0
000264B3	SkinBloodbugBaseTeen		0	0	0.000000	0													0				0
000264BA	SkinBloodbugBaseAdult		0	0	0.000000	0													0				0
00027D00	Headwear_MoleCostume_Tattered	Tattered Mole Head	0	5	0.100000	0													0				0
00029464	SkinBloatfly		0	0	0.000000	0													0				0
0002B4D7	HandyArtObjectsFX		0	0	0.000000	0													0				0
0003119C	Clothes_CivilWarUniformUnion	Union Uniform	0	65	0.100000	0													0				0
00034595	Clothes_Wastelander_01_GlovesA	Radstag Hide Outfit	0	13	0.100000	0													0				0
00034602	ClothesDog_DogCollar	Dog Collar	0	7	0.100000	0													0				0
00035873	SkinViciousDogA		0	0	0.000000	0													0				0
00035881	SkinMoleratHairExtra		0	0	0.000000	0													0				0
00036148	SkinMoleratHairBack		0	0	0.000000	0													0				0
00039F9B	Headwear_CivilWarHatUnion	Union Hat	0	40	0.100000	0													0				0
0003D414	SkinRadStagAlbino		0	0	0.000000	0													0				0
0003D417	SkinRadStagCorrupted		0	0	0.000000	0													0				0
0003D41A	SkinRadStagFawn		0	0	0.000000	0													0				0
0003D41D	SkinRadStagGlowing		0	0	0.000000	0													0				0
0003E577	ArmorPoweredFrame	Powered Armor Frame	0	0	0.000000	0													0				0
00042565	ATX_Headwear_FlightHelmet	Yellow Flight Helmet	0	0	0.100000	0													0				0
00042DB1	SkinTurretMilitary		0	0	0.000000	0													0				0
0004322C	ATX_Headwear_FlightHelmetRed	Red Flight Helmet	0	0	0.100000	0													0				0
00044FB0	Pipboy2	Pipboy2000	0	0	0.000000	0													0				0
00046972	SuperMutantArmor1	Super Mutant Armor	0	30	10.000000	0													0				0
00046C61	SkinEyeBotResponder		0	0	0.000000	0													0				0
000475D3	FX1stPersonGroggyWakeArmor		0	0	0.000000	0													0				0
000475DD	SkinRadRoach01		0	0	0.000000	0													0				0
00047E03	SkinRadRoach02		0	0	0.000000	0													0				0
00047E04	SkinRadRoach03		0	0	0.000000	0													0				0
00047E0A	SkinRadRoachJuvi01		0	0	0.000000	0													0				0
000498E0	SkinMoleratBroodmother		0	0	0.000000	0													0				0
0004B933	Armor_Metal_ArmLeft	Metal Left Arm	0	45	0.710000	100													0	Durability_Armor_Metal_Min	ConditionDamageScaleFactor_Armor_Metal	Durability_Armor_Metal_Max	0
0004BE4D	ATX_Clothes_MilitaryIntelOfficerUniformClean	Military Intel Officer Uniform	0	0	0.100000	0													0				0
0004E1B9	ATX_Headwear_MilitaryIntelOfficerHat01	Military Intel Officer Dress Hat	0	0	0.100000	0													0				0
0004E1BB	ATX_Headwear_MilitaryIntelOfficerHat01Clean	Military Intel Officer Dress Hat	0	0	0.100000	0													0				0
0004FEB0	Armor_VaultSuit76_Underarmor_Clean	Vault 76 Jumpsuit	0	20	0.500000	0													0				0
00050173	ATX_Headwear_MilitaryIntelOfficerHat02	Military Intel Officer Hat	0	0	0.100000	0													0				0
00052081	ATX_Headwear_CultistHood	Cultist Hood	0	0	0.100000	0													0				0
00052B11	Headwear_MinerHatClean	Miner Hat Clean	0	15	0.100000	0													0				0
00052C80	Headwear_Fasnacht_NOTEVENT_Mask_02_Man	Fasnacht Man Mask	0	10	0.100000	0													0				0
000536C1	Armor_Metal_ArmRight	Metal Right Arm	0	45	0.710000	100													0	Durability_Armor_Metal_Min	ConditionDamageScaleFactor_Armor_Metal	Durability_Armor_Metal_Max	0
000536C2	Armor_Metal_LegLeft	Metal Left Leg	0	15	0.710000	100													0	Durability_Armor_Metal_Min	ConditionDamageScaleFactor_Armor_Metal	Durability_Armor_Metal_Max	0
000536C3	Armor_Metal_LegRight	Metal Right Leg	0	15	0.710000	100													0	Durability_Armor_Metal_Min	ConditionDamageScaleFactor_Armor_Metal	Durability_Armor_Metal_Max	0
000536C4	Armor_Metal_Torso	Metal Chest Piece	0	40	1.430000	100													0	Durability_Armor_Metal_Min	ConditionDamageScaleFactor_Armor_Metal	Durability_Armor_Metal_Max	0
000536C5	Headwear_Metal_Shades	Wraparound Goggles	0	12	0.100000	0													0				0
00056736	Clothes_BOSScientistCoat	Brotherhood Lab Coat	0	19	0.100000	0													0				0
00056738	Armor_BoS_Underarmor_BOSFatigues	Brotherhood Fatigues	0	10	0.500000	0													0				0
00056CF1	FXVault111ExitIdleLookUpInElevatorArmor		0	0	0.000000	0													0				0
00057509	Headwear_Fasnacht_Mask_Witch	Fasnacht Witch Mask	0	10	0.100000	0													0				0
0005750B	Headwear_Fasnacht_Mask_DeathSkull	Fasnacht Skull Mask	0	10	0.100000	0													0				0
00057538	Headwear_Fasnacht_Mask_Harlequin	Fasnacht Jester Mask	0	10	0.100000	0													0				0
00057A39	Clothes_CultOutfit	Ritual Bindings	0	10	0.100000	0													0				0
00057A3B	Headwear_CultHat	Ritual Mask	0	10	0.100000	0													0				0
0005AF60	Clothes_Swimsuit	Swimsuit	0	10	0.100000	0													0				0
0005CE82	SkinScorchBeast		0	0	0.000000	0													0				0
0005E148	CreatureClothes_FeralGhoulDressColor		0	0	0.100000	0													0				0
0005E173	CreatureClothes_FeralGhoulPantsColor		0	0	0.100000	0													0				0
0005E17B	CreatureClothes_FeralGhoulShortsColor		0	0	0.100000	0													0				0
0005E186	CreatureClothes_FeralGhoulDressPink		0	0	0.100000	0													0				0
0005E76C	ATX_Clothes_Jumpsuit_RedRocket	Red Rocket Jumpsuit	0	0	0.100000	0													0				0
0005FBAF	SkinStingwing		0	0	0.000000	0													0				0
000636A4	SkinRadscorpion		0	0	0.000000	0													0				0
0006388E	CreatureClothes_FeralGhoulReaverArmor		0	0	0.100000	0													0				0
00063891	CreatureClothes_FeralGhoulReaverArmor2		0	0	0.100000	0													0				0
00063895	CreatureClothes_FeralGhoulReaverArmor3		0	0	0.100000	0													0				0
00064C5F	SkinMirelurkHunter	MirelurkHunter	0	0	0.000000	0													0				0
00068CF3	ATX_Clothes_VaultTecScientist	Vault-Tec Lab Coat	0	0	0.100000	0													0				0
0006B4EE	SkinFeralGhoul		0	0	0.000000	0													0				0
0006B98D	SkinEyeBotWatoga		0	0	0.000000	0													0				0
0006D7B8	PipboyDusty	Pipboy	0	0	0.000000	0													0				0
0006FA20	ATX_Clothes_Jumpsuit_SpaceSuit1	Spacesuit Jumpsuit	0	0	0.100000	0													0				0
0007154C	SkinMirelurkSpawn		0	0	0.000000	0													0				0
0007239E	Headwear_Raider_GreenHoodGasmask	Assault Gas Mask	0	50	0.100000	0													0				0
000732AC	Clothes_Wastelander_02_Hood_GlovesB	Explorer Outfit	0	13	0.100000	0													0				0
000732AE	Clothes_Wastelander_02_NoHood_GlovesB	Scavenger Outfit	0	13	0.100000	0													0				0
000732B1	Clothes_Raider_Suit_01_GlovesB	Tattered Field Jacket	0	13	0.100000	0													0				0
000732B5	Clothes_Raider_Suit_02A_GlovesC	Leather Coat	0	13	0.100000	0													0				0
000732B9	Clothes_Raider_Suit_02B_GlovesC	Traveling Leather Coat	0	13	0.100000	0													0				0
00073D4F	SkinWendigoScorched		0	0	0.000000	0													0				0
000787D3	Headwear_Clothes_Metal_Helmet	Metal Helmet	0	15	0.100000	0													0				0
000787D8	Headwear_Raider_Gasmask	Gas Mask	0	40	0.100000	0													0				0
000787D9	Headwear_Raider_Goggles	Welding Goggles	0	15	0.100000	0													0				0
000787DA	Headwear_Raider_SurgicalMask	Surgical Mask	0	30	0.100000	0													0				0
000787DB	Headwear_Raider_Hood	Wrapped Cap	0	5	0.100000	0													0				0
000787EC	Headwear_Raider_GreenHood	Green Hood	0	5	0.100000	0													0				0
0007A2D0	SkinOwl		0	0	0.000000	0													0				0
0007B9C3	Armor_Leather_ArmRight	Leather Right Arm	0	24	0.640000	100													0	Durability_Armor_Leather_Min	ConditionDamageScaleFactor_Armor_Leather	Durability_Armor_Leather_Max	0
0007B9C4	Armor_Leather_LegLeft	Leather Left Leg	0	26	0.640000	100													0	Durability_Armor_Leather_Min	ConditionDamageScaleFactor_Armor_Leather	Durability_Armor_Leather_Max	0
0007B9C5	Armor_Leather_LegRight	Leather Right Leg	0	26	0.640000	100													0	Durability_Armor_Leather_Min	ConditionDamageScaleFactor_Armor_Leather	Durability_Armor_Leather_Max	0
0007B9C6	Armor_Leather_Torso	Leather Chest Piece	0	40	1.290000	100													0	Durability_Armor_Leather_Min	ConditionDamageScaleFactor_Armor_Leather	Durability_Armor_Leather_Max	0
0007B9C7	Armor_Leather_ArmLeft	Leather Left Arm	0	24	0.640000	100													0	Durability_Armor_Leather_Min	ConditionDamageScaleFactor_Armor_Leather	Durability_Armor_Leather_Max	0
0007E752	SkinEyeBotFreeStates		0	0	0.000000	0													0				0
0007ED02	SkinFeralGhoulHead2		0	0	0.000000	0													0				0
0007ED04	SkinFeralGhoulHead3		0	0	0.000000	0													0				0
0007ED06	SkinFeralGhoulHead4		0	0	0.000000	0													0				0
0007ED0F	CreatureClothes_FeralGhoulDress		0	0	0.100000	0													0				0
0007ED1A	CreatureClothes_FeralGhoulShirt2		0	0	0.100000	0													0				0
0007ED1B	SkinRadStag		0	0	0.000000	0													0				0
0008158D	Armor_RaiderMod_Underarmor_Harness	Harness	0	20	0.500000	0													0				0
000821B6	ATX_Headwear_VaultTecSecurityHelmet	Vault-Tec Security Helmet	0	0	0.100000	0													0				0
000824EE	SkinMoleratHairBasic		0	0	0.000000	0													0				0
00082901	SkinYaoGuaiRabid		0	0	0.000000	0													0				0
00082902	SkinYaoGuaiGlowing		0	0	0.000000	0													0				0
00082904	SkinYaoGuaiShaggy		0	0	0.000000	0													0				0
00082907	SkinYaoGuaiLumbering		0	0	0.000000	0													0				0
0008290A	SkinYaoGuaiDusky		0	0	0.000000	0													0				0
00083109	ATX_Headwear_MilitaryIntelOfficerHat02Clean	Military Intel Officer Hat	0	0	0.100000	0													0				0
0008925C	Armor_WeddingRing	Wedding Ring	0	100	0.100000	0													0				0
000897FC	PowerArmorCoreGlow		0	0	0.000000	0													0				0
0008EC49	SkinFeralGhoulHead1		0	0	0.000000	0													0				0
00090C35	SkinFEVHoundWhole		0	0	0.000000	0													0				0
00092374	Headwear_ClownHat	Clown Hat	0	10	0.100000	0													0				0
000923A4	ATX_Headwear_ClownHatClean	Clean Clown Hat	0	0	0.100000	0													0				0
000976B7	ATX_Armor_Vault111Clean_Underwear	Vault 111 Jumpsuit - New	0	0	1.000000	0													0				0
000986CA	MirelurkShield		0	0	0.000000	0													0				0
0009A2ED	Clothes_SpaceSuit	Spacesuit	0	300	0.100000	0													0				0
0009AC97	CUT_Clothes_PrewarSweaterVest_01_Clean	Covert Sweater Vest	0	10	0.100000	0													0				0
0009C05B	Headwear_BandanaRed	Red Bandana	0	19	0.100000	0													0				0
0009D22F	MTR04_Clothes_AmusementPark_Camden_MascotX	Soiled Mr. Fuzzy Mascot Suit	0	150	0.100000	0													0				0
0009F252	ATX_Clothes_Piper_SP1	Piper's Trench Coat	0	0	0.100000	0													0				0
000A074B	SkinFeralGhoulWitheredHead4		0	0	0.000000	0													0				0
000A074C	CreatureClothes_FeralGhoulShortsRndColor		0	0	0.100000	0													0				0
000A074D	SkinFeralGhoulWithered		0	0	0.000000	0													0				0
000A0751	CreatureClothes_FeralGhoulArmwrapsRndColor		0	0	0.100000	0													0				0
000A0754	CreatureClothes_FeralGhoulShirtShreddedRndColor		0	0	0.100000	0													0				0
000A0755	CreatureClothes_FeralGhoulShortsShreddedRndColor		0	0	0.100000	0													0				0
000A0757	CreatureClothes_FeralGhoulDressRndColor		0	0	0.100000	0													0				0
000A0758	CreatureClothes_FeralGhoulPantsRndColor		0	0	0.100000	0													0				0
000A075F	CreatureClothes_FeralGhoulShirtSmallRndColor		0	0	0.100000	0													0				0
000A0760	CreatureClothes_FeralGhoulShirtRndColor		0	0	0.100000	0													0				0
000A0761	SkinFeralGhoulWitheredHead3		0	0	0.000000	0													0				0
000A0762	SkinFeralGhoulGengrenous		0	0	0.000000	0													0				0
000A0763	SkinFeralGhoulShadow		0	0	0.000000	0													0				0
000A0764	CreatureClothes_FeralGhoulShirtSmallBloody		0	0	0.100000	0													0				0
000A0765	CreatureClothes_FeralGhoulShirtBloody		0	0	0.100000	0													0				0
000A0766	CreatureClothes_FeralGhoulBloodyHands		0	0	0.100000	0													0				0
000A0767	SkinFeralGhoulBloodyHead2		0	0	0.000000	0													0				0
000A0768	CreatureClothes_FeralGhoulBloodyPants		0	0	0.100000	0													0				0
000A0769	SkinFeralGhoulWitheredHead2		0	0	0.000000	0													0				0
000A076A	SkinFeralGhoulWitheredHead1		0	0	0.000000	0													0				0
000A0F31	SkinYaoGuaiWhole		0	0	0.000000	0													0				0
000A28D7	Clothes_Mayor	Patched Suit	0	10	0.100000	0													0				0
000A28D8	Headwear_MayorHat	Crumpled Fedora	0	15	0.100000	0													0				0
000A36BE	Clothes_Resident4	Patched Three-Piece Suit	0	10	0.100000	0													0				0
000A36C0	Headwear_Resident4Hat	Trilby Hat	0	5	0.100000	0													0				0
000A563C	SkinEyeBot		0	0	0.000000	0													0				0
000A740B	Clothes_Resident7	Padded Blue Jacket	0	10	0.100000	0													0				0
000A740E	Headwear_Resident7Hat	Newsboy Cap	0	5	0.100000	0													0				0
000A7DA9	SkinEyeBotNoBack		0	0	0.000000	0													0				0
000A7DAA	SkinEyeBotBack		0	0	0.000000	0													0				0
000A81AF	ATX_Headwear_PiperCap_SP1	Piper's Press Cap	0	0	0.100000	0													0				0
000A81B0	ATX_Headwear_PiperGoggles_SP1	Piper's Road Goggles	0	0	0.100000	0													0				0
000A8499	SkinEyeBotBackRadio		0	0	0.000000	0													0				0
000A96BA	SkinFeralGhoulGlowingPutridB		0	0	0.000000	0													0				0
000A96BB	SkinFeralGhoulGlowingPutrid		0	0	0.000000	0													0				0
000A96BC	SkinFeralGhoulGlowingBloated		0	0	0.000000	0													0				0
000ADA90	SkinNakedDirty		0	0	0.000000	0													0				0
000AF0E2	Armor_RaiderMod_Underarmor_RoadLeathers	Road Leathers	0	20	0.500000	0													0				0
000B03B2	SkinFeralGhoulBubble1c		0	0	0.000000	0													0				0
000B03B3	SkinFeralGhoulBubble1b		0	0	0.000000	0													0				0
000B03B4	SkinFeralGhoulHeadBubble1		0	0	0.000000	0													0				0
000B03B5	SkinFeralGhoulBubble1a		0	0	0.000000	0													0				0
000B03B6	SkinBloatflyDark		0	0	0.000000	0													0				0
000B03B7	SkinBloatflyColor		0	0	0.000000	0													0				0
000B03BC	SkinFeralGhoulHeadBubble2		0	0	0.000000	0													0				0
000B03BD	SkinFeralGhoulHeadBubble3		0	0	0.000000	0													0				0
000B03BE	SkinBloatflyGlow		0	0	0.000000	0													0				0
000B03BF	SkinFeralGhoulHeadBubble4		0	0	0.000000	0													0				0
000B03C0	SkinFeralGhoulBubble2b		0	0	0.000000	0													0				0
000B03C1	SkinFeralGhoulBubble2a		0	0	0.000000	0													0				0
000B1F09	SkinTurretStanding		0	0	0.000000	0													0				0
000B268D	SkinEyeBotHolotape		0	0	0.000000	0													0				0
000B28D4	SkinTurretMounted		0	0	0.000000	0													0				0
000B2BF1	SkinRaiderDog		0	0	0.000000	0													0				0
000B2D8D	Clothes_Wastelander_Light	Drifter Outfit	0	35	0.100000	0													0				0
000B2D8E	POST_Armor_Wastelander_Heavy	Cage Armor	0	90	10.000000	100													0	Durability_Armor_Leather_Min	ConditionDamageScaleFactor_Armor_Leather	Durability_Armor_Leather_Max	0
000B2D8F	POST_Armor_Wastelander_Heavy_With_Helmet	Helmeted Cage Armor	0	110	11.000000	100													0	Durability_Armor_Leather_Min	ConditionDamageScaleFactor_Armor_Leather	Durability_Armor_Leather_Max	0
000B30DC	SkinRadSquirrel		0	0	0.000000	0													0				0
000B3167	ATX_Clothes_MilitaryOfficerUniformClean	Military Officer Uniform	0	0	0.100000	0													0				0
000B3D9F	ATX_Headwear_MilitaryOfficerHat01	Military Officer Dress Hat	0	0	0.100000	0													0				0
000B3DA8	ATX_Headwear_MilitaryOfficerHat01Clean	Military Officer Dress Hat	0	0	0.100000	0													0				0
000B3F4C	Clothes_Resident5	Surveyor Outfit	0	10	0.100000	0													0				0
000B3F4D	Headwear_Resident5Hat	Green Rag Hat	0	2	0.100000	0													0				0
000B3F4E	Clothes_Resident6	Wasteland Rags	0	7	0.100000	0													0				0
000B7F92	SkinMirelurkKing		0	0	0.000000	0													0				0
000BB7DA	SkinSupermutantBehemoth		0	0	0.000000	0													0				0
000BEDF2	SkinBloodbugVampJuvi		0	0	0.000000	0													0				0
000BEDF3	SkinBloodbugVampTeen		0	0	0.000000	0													0				0
000BEDF4	SkinBloodbugVampAdult		0	0	0.000000	0													0				0
000BEDF5	SkinBloodbugRedAdult		0	0	0.000000	0													0				0
000BEDF6	SkinBloodbugRedJuvi		0	0	0.000000	0													0				0
000BEDF7	SkinBloodbugRedTeen		0	0	0.000000	0													0				0
000C978E	SkinStingwingFat		0	0	0.000000	0													0				0
000C978F	SkinStingwingGlow		0	0	0.000000	0													0				0
000C9790	SkinBloodbugBaseAdultGlow		0	0	0.000000	0													0				0
000C9791	SkinStingwingThin		0	0	0.000000	0													0				0
000C9AD0	SkinCat		0	0	0.000000	0													0				0
000CAB95	SkinTurretStandingMounted		0	0	0.000000	0													0				0
000CAB9A	SkinTurretMountedDest		0	0	0.000000	0													0				0
000CEAC4	Armor_HazmatSuit	Hazmat Suit	0	85	2.000000	100													0	Durability_Armor_Leather_Min	ConditionDamageScaleFactor_Armor_Leather	Durability_Armor_Leather_Max	0
000D4166	ATX_Headwear_FlightHelmetBrown	Brown Flight Helmet	0	0	0.100000	0													0				0
000D77E5	SkinVertibird		0	0	0.000000	0													0				0
000D96DC	SkinAssaultron		0	0	0.000000	0													0				0
000D9805	CUT_SkinGorilla		0	0	0.000000	0													0				0
000DDB80	POST_Armor_Wastelander_Medium	Spike Armor	0	50	7.000000	100													0	Durability_Armor_Leather_Min	ConditionDamageScaleFactor_Armor_Leather	Durability_Armor_Leather_Max	0
000DDB81	POST_Armor_Wastelander_Medium_With_Helmet	Helmeted Spike Armor	0	65	8.000000	100													0	Durability_Armor_Leather_Min	ConditionDamageScaleFactor_Armor_Leather	Durability_Armor_Leather_Max	0
000DEDE7	Clothes_BoS_Engineer_Scribe	Engineer's Uniform	0	15	0.100000	0													0				0
000DEDE9	Headwear_BoS_Engineer_Scribe_Helmet	Welding Helmet	0	20	0.100000	0													0				0
000DEDEB	Armor_BoS_Knight_Underarmor_Shin	Brotherhood Knight Suit	0	30	0.500000	0													0				0
000DF455	ATX_Clothes_TravelingSalesmanCoat	Traveling Salesman Outfit	0	0	0.100000	0													0				0
000DF457	ATX_Headwear_TravelingSalesmanHat	Traveling Salesman Fedora	0	0	0.100000	0													0				0
000DFFC5	ATX_Clothes_PrewarSweaterVest_Clean	Sweater Vest and Slacks	0	0	0.100000	0													0				0
000E12A7	SkinMirelurkQueen		0	0	0.000000	0													0				0
000E1A39	Headwear_BoS_Knight_Helmet	BOS Hood	0	25	0.100000	0													0				0
000E1AF6	Clothes_BoS_Knight_Lancer	Bomber Jacket	0	20	0.100000	0													0				0
000E1AF8	Headwear_BoS_Knight_Lancer_Helmet	Flight Helmet	0	25	0.100000	0													0				0
000E370E	Clothes_BoS_Field_Scribe	Field Scribe's Uniform	0	20	0.100000	0													0				0
000E3710	Headwear_BoS_Field_Scribe_Helmet	Field Scribe's Hat	0	8	0.100000	0													0				0
000E44FD	SkinSentryBot		0	0	0.000000	0													0				0
000E44FF	Clothes_BoS_Science_Scribe	Science Scribe's Uniform	0	15	0.100000	0													0				0
000E4501	Headwear_BoS_Science_Scribe_Helmet	Medical Goggles	0	12	0.100000	0													0				0
000E5084	Clothes_Resident3	Farmhand Clothes	0	10	0.100000	0													0				0
000E5086	Headwear_Resident3Hat	Battered Fedora	0	6	0.100000	0													0				0
000E6288	ATX_Clothes_PrewarShortSleeves_Clean	Laundered Loungewear	0	0	0.100000	0													0				0
000E628A	Headwear_SunGlasses	Sunglasses	0	12	0.100000	0													0				0
000E857D	SkinProtectron		0	0	0.000000	0													0				0
000EAFB8	SkinGhoulNaked		0	0	0.000000	0													0				0
000ECDB9	SkinMirelurkUnderwater		0	0	0.000000	0													0				0
000EECF5	ATX_Clothes_PreWarDress_Clean	Laundered Green Dress	0	0	0.100000	0													0				0
000F6D83	Headwear_WinterHat	Ushanka Hat	0	15	0.100000	0													0				0
000F6D84	Headwear_GrayKnitCap	Gray Knit Cap	0	15	0.100000	0													0				0
000F6D86	Headwear_HardHat_Default	Hard Hat	0	15	0.100000	0													0				0
000F6D87	ATX_Headwear_CoastguardHat	Coast Guard Hat	0	0	0.100000	0													0				0
000F6D88	Headwear_ChefsHat	Chef Hat	0	15	0.100000	0													0				0
000F6D89	Headwear_CaptainsHat	Sea Captain's Hat	0	25	0.100000	0													0				0
000F6D8C	Headwear_Batting_HelmetBlue	Blue Batting Helmet	0	5	0.100000	0													0				0
000FC100	ATX_Clothes_Mobster01	Black Vest and Slacks	0	0	0.100000	0													0				0
000FC102	Clothes_Mobster02	Suspenders and Slacks	0	10	0.100000	0													0				0
000FC104	Headwear_BowlerHat	Bowler Hat	0	15	0.100000	0													0				0
000FC395	ATX_Clothes_Tuxedo	Tuxedo	0	0	0.100000	0													0				0
000FC396	ATX_Headwear_TuxedoHat	Tuxedo Hat	0	0	0.100000	0													0				0
000FD9A8	Clothes_SlinkyDress	Red Dress	0	15	0.100000	0													0				0
000FD9AA	Headwear_FancyGlasses	Fashionable Glasses	0	27	0.100000	0													0				0
000FFC21	Armor_Casual_Underarmor_ShirtJeans	Undershirt & Jeans	0	20	0.500000	0													0				0
00100303	SkinMoleratBombVest		0	0	0.000000	0													0				0
0010CA68	SkinNakedScorched		0	0	0.000000	0													0				0
0010CF7A	Clothes_ClownOutfit	Clown Outfit	0	10	0.100000	0													0				0
0010CF7B	ATX_Clothes_ClownOutfitClean	Clean Clown Outfit	0	0	0.100000	0													0				0
0010ED1C	DLC01_SkinTurretSpotlightWorkshop		0	0	0.000000	0													0				0
0010F370	Armor_DLC01_Robot_Torso	Robot Chest Piece	0	25	1.420000	100													0	Durability_Armor_Robot_Min	ConditionDamageScaleFactor_Armor_Robot	Durability_Armor_Robot_Max	0
0010F373	Armor_DLC01_Robot_ArmRight	Robot Right Arm	0	40	0.700000	100													0	Durability_Armor_Robot_Min	ConditionDamageScaleFactor_Armor_Robot	Durability_Armor_Robot_Max	0
0010F375	Armor_DLC01_Robot_ArmLeft	Robot Left Arm	0	40	0.700000	100													0	Durability_Armor_Robot_Min	ConditionDamageScaleFactor_Armor_Robot	Durability_Armor_Robot_Max	0
0010F377	Armor_DLC01_Robot_LegRight	Robot Right Leg	0	10	0.700000	100													0	Durability_Armor_Robot_Min	ConditionDamageScaleFactor_Armor_Robot	Durability_Armor_Robot_Max	0
0010F379	Armor_DLC01_Robot_LegLeft	Robot Left Leg	0	16	0.700000	100													0	Durability_Armor_Robot_Min	ConditionDamageScaleFactor_Armor_Robot	Durability_Armor_Robot_Max	0
0010F37B	Headwear_Clothes_DLC01_Robot_Helmet_Assaultron	Assaultron Helmet	0	20	0.100000	0													0				0
0010F37D	Headwear_Clothes_DLC01_Robot_Helmet_Eyebot	Eyebot Helmet	0	20	0.100000	0													0				0
0010F37F	Headwear_Clothes_DLC01_Robot_Helmet_SentryBot	Sentry Bot Helmet	0	20	0.100000	0													0				0
0010F3F5	SkinRoboBrain		0	0	0.000000	0													0				0
0010FC39	DLC01_SkinTurretSpotlightWorkshopBoss		0	0	0.000000	0													0				0
00110703	SkinFrog		0	0	0.000000	0													0				0
00110746	Headwear_DLC03_Fisherman_Hat01	Fisherman's Hat	0	5	0.100000	0													0				0
00110747	Headwear_DLC03_Fisherman_Hat02	Wool Fisherman's Cap	0	5	0.100000	0													0				0
00110748	Clothes_DLC03_FishermanOutfit01	Fisherman's Outfit	0	40	0.100000	0													0				0
00110749	Clothes_DLC03_FishermanOutfit02	Fisherman's Overalls	0	80	0.100000	0													0				0
001107AA	Armor_DLC03_Marine_ArmLeft	Marine Armor Left Arm	0	75	0.680000	100													0	Durability_Armor_Marine_Min	ConditionDamageScaleFactor_Armor_Marine	Durability_Armor_Marine_Max	0
001107AB	Armor_DLC03_Marine_ArmRight	Marine Armor Right Arm	0	75	0.680000	100													0	Durability_Armor_Marine_Min	ConditionDamageScaleFactor_Armor_Marine	Durability_Armor_Marine_Max	0
001107AC	Headwear_Clothes_DLC03_Marine_Helmet	Marine Armor Helmet	0	100	0.100000	0													0				0
001107AD	Armor_DLC03_Marine_LegLeft	Marine Armor Left Leg	0	120	0.680000	100													0	Durability_Armor_Marine_Min	ConditionDamageScaleFactor_Armor_Marine	Durability_Armor_Marine_Max	0
001107AE	Armor_DLC03_Marine_LegRight	Marine Armor Right Leg	0	120	0.680000	100													0	Durability_Armor_Marine_Min	ConditionDamageScaleFactor_Armor_Marine	Durability_Armor_Marine_Max	0
001107AF	Armor_DLC03_Marine_Torso	Marine Armor Chest Piece	0	125	1.380000	100													0	Durability_Armor_Marine_Min	ConditionDamageScaleFactor_Armor_Marine	Durability_Armor_Marine_Max	0
00110895	Armor_DLC03_Trapper_ArmLeft	Trapper Left Arm	0	50	0.730000	100													0	Durability_Armor_Trapper_Min	ConditionDamageScaleFactor_Armor_Trapper	Durability_Armor_Trapper_Max	0
00110896	Armor_DLC03_Trapper_ArmRight	Trapper Right Arm	0	50	0.730000	100													0	Durability_Armor_Trapper_Min	ConditionDamageScaleFactor_Armor_Trapper	Durability_Armor_Trapper_Max	0
00110897	Armor_DLC03_Trapper_LegLeft	Trapper Left Leg	0	80	0.730000	100													0	Durability_Armor_Trapper_Min	ConditionDamageScaleFactor_Armor_Trapper	Durability_Armor_Trapper_Max	0
00110898	Armor_DLC03_Trapper_LegRight	Trapper Right Leg	0	80	0.730000	100													0	Durability_Armor_Trapper_Min	ConditionDamageScaleFactor_Armor_Trapper	Durability_Armor_Trapper_Max	0
00110899	Armor_DLC03_Trapper_Torso	Trapper Chest Piece	0	65	1.470000	100													0	Durability_Armor_Trapper_Min	ConditionDamageScaleFactor_Armor_Trapper	Durability_Armor_Trapper_Max	0
00110930	DLC03_SkinAngler		0	0	0.000000	0													0				0
00110A02	DLC03_FeralGhoulNetsChest		0	1	1.000000	0													0				0
00110A4F	DLC03_SkinFogCrawler		0	0	0.000000	0													0				0
00110B23	DLC03_SkinHermitCrab		0	0	0.000000	0													0				0
00110B5F	DLC03_SkinRadStagGlowing		0	0	0.000000	0													0				0
00110B62	DLC03_SkinRadStagGhoul		0	0	0.000000	0													0				0
00110BAF	DLC03_FeralGhoulNetsSkirt		0	1	1.000000	0													0				0
00110D15	SkinBloodrageMirelurk		0	0	0.000000	0													0				0
00110D24	DLC03_SkinGulper		0	0	0.000000	0													0				0
00110E8E	DLC03_SkinFogCrawler_Glowing		0	0	0.000000	0													0				0
00110E8F	DLC03_SkinFogCrawler_Variant		0	0	0.000000	0													0				0
00110E90	DLC03_SkinFogCrawler_Albino		0	0	0.000000	0													0				0
00110EB3	SkinYaoGuaiGhoul		0	0	0.000000	0													0				0
00110EB4	SkinYaoGuaiGhoulGlowing		0	0	0.000000	0													0				0
00110ED1	SkinFlatwoodsMonster		0	0	0.000000	0													0				0
00111047	POST_DLC03_SkinRoboBrain		0	0	0.000000	0													0				0
0011112D	DLC03_SkinFogCrawler_NetsAndVines		0	0	0.000000	0													0				0
0011114C	Armor_Marine_Underarmor_Wetsuit	Marine Wetsuit	0	100	0.500000	0													0				0
0011114D	Headwear_Clothes_DLC03_Marine_Tactical_Helmet	Marine Tactical Helmet	0	125	0.100000	0													0				0
00111183	DLC03_SkinMutatedWolf_Alpha		0	0	0.000000	0													0				0
00111188	DLC03_SkinMutatedWolf_White	Mutated wolf white	0	0	0.000000	0													0				0
0011118C	DLC03_SkinMutatedWolf_Tan	Mutated wolf tan	0	0	0.000000	0													0				0
0011118D	DLC03_SkinMutatedWolf_Red	Mutated wolf tan	0	0	0.000000	0													0				0
0011118E	DLC03_SkinMutatedWolf_Glowing	Mutated wolf tan	0	0	0.000000	0													0				0
001111B5	DLC03_SkinRadRabbit		0	0	0.000000	0													0				0
001111C1	DLC03_SkinGulperDevourer		0	0	0.000000	0													0				0
001111CC	DLC03_SkinGulperNewt		0	0	0.000000	0													0				0
001111CE	DLC03_SkinGulperGlowing		0	0	0.000000	0													0				0
00111235	DLC03_SkinRadChicken		0	0	0.000000	0													0				0
001112D2	ATX_Headwear_PirateHat	Pirate Hat	0	0	0.100000	0													0				0
00111304	POST_DLC03_Armor_Vault118_UnderwearClean	Vault 118 Jumpsuit	0	20	1.000000	0													0				0
0011134A	DLC03_SkinHermitcrabHatchling	Hermitcrab Hatchling	0	0	0.000000	0													0				0
001113BD	Headwear_DLC03_OldFisherman_Hat	Old Fisherman's Hat	0	5	0.100000	0													0				0
001113C0	Clothes_DLC03_OldLongfellow_Outfit	Hunter's Long Coat	0	400	0.100000	0													0				0
00111412	Armor_DLC03_DiverSuit	Diver Suit	0	35	8.000000	100													0	Durability_Armor_Leather_Min	ConditionDamageScaleFactor_Armor_Leather	Durability_Armor_Leather_Max	0
00111416	DLC03_SkinHermitCrabAlbino	Giant Albino Hermit Crab	0	0	0.000000	0													0				0
00111417	DLC03_SkinHermitCrabGlowing	Giant Glowing Hermit Crab	0	0	0.000000	0													0				0
00111516	POST_DLC03_Clothes_RoboBrainAscot		0	0	0.100000	0													0				0
00111517	POST_DLC03_Clothes_RoboBrainBowtie		0	0	0.100000	0													0				0
00111518	POST_DLC03_Clothes_RoboBrainFaceMask		0	0	0.100000	0													0				0
00111519	POST_DLC03_Clothes_RoboBrainSummerHat		0	0	0.100000	0													0				0
0011151A	POST_DLC03_Clothes_RoboBrainTie		0	0	0.100000	0													0				0
0011151D	POST_DLC03_Clothes_RoboBrainSmock		0	0	0.100000	0													0				0
00111583	POST_DLC03CaptainsDanceHat_DONOTPLACE	The Captain's Hat	0	25	0.400000	100													0	Durability_Armor_Leather_Min	ConditionDamageScaleFactor_Armor_Leather		0
00111659	POST_Armor_DLC03_Trapper_Suit_Hunter	Hunter's Pelt Outfit	0	85	15.000000	100													0	Durability_Armor_Trapper_Min	ConditionDamageScaleFactor_Armor_Trapper	Durability_Armor_Trapper_Max	0
0011172E	ATX_Headwear_Clothes_Trapper_Helmet	Lobster Trap Helmet	0	0	0.100000	0													0				0
001117E7	DEPRECATED_Headwear_Clothes_DLC03_Trapper_Hunter_Hood	Hunter's Hood	0	15	0.100000	0													0				0
0011194E	DLC03_MirelurkRedDeathEyes		0	0	0.000000	0													0				0
00111952	DLC03_SkinRedDeathMirelurk		0	0	0.000000	0													0				0
001119BC	ATX_Clothes_FishermanOutfit03	Black Fisherman's Overalls	0	0	0.100000	0													0				0
001119BD	ATX_Clothes_FishermanOutfit04	Green Fisherman's Overalls	0	0	0.100000	0													0				0
001119C2	Clothes_DLC03_FishermanOutfit06	Grey Fisherman's Overalls	0	100	0.100000	0													0				0
001119C3	Clothes_DLC03_FishermanOutfit05	Brown Fisherman's Overalls	0	115	0.100000	0													0				0
00111C06	DLC05_SkinArmorRackSkin		0	0	0.000000	0													0				0
00112A19	DLC04_SkinCaveCricket		0	0	0.000000	0													0				0
00112AF7	DLC04_SkinSwarm		0	0	0.000000	0													0				0
00112B97	DLC04_SkinRadRat01		0	0	0.000000	0													0				0
00112BED	DLC04_SkinRadAnt01		0	0	0.000000	0													0				0
00112C56	CUT_DLC04_SkinDeathclawGlowingQuantum		0	0	0.000000	0													0				0
00112C7C	DLC04_SkinBrahmiluff		0	0	0.000000	0													0				0
00113137	DLC04_SkinRadRatSores		0	0	0.000000	0													0				0
00113138	DLC04_SkinRadRatSoresLite		0	0	0.000000	0													0				0
00113163	DLC04_SkinRadRatSoresExtraLite		0	0	0.000000	0													0				0
001135E0	Clothes_DLC04_Western_01	Western Outfit	0	30	0.100000	0													0				0
001135E1	Clothes_DLC04_Western_02	Western Outfit & Chaps	0	40	0.100000	0													0				0
001135E2	ATX_Clothes_Western_03	Orange Shirt Western Outfit	0	0	0.100000	0													0				0
001135E3	ATX_Clothes_Western_04_Cowhide	Cowhide Western Outfit	0	0	0.100000	0													0				0
001135E5	ATX_Clothes_NukaGirlOutfit	Nuka-Girl Rocketsuit	0	0	0.100000	0													0				0
001135E6	ATX_Clothes_NukaWorldLogo_ShirtAndPants_01	Bottle and Cappy Shirt & Jeans	0	0	0.100000	0													0				0
001135E7	ATX_Clothes_NukaWorldLogo_ShirtAndPants_02	Bottle Shirt & Jeans	0	0	0.100000	0													0				0
001135E8	ATX_Clothes_NukaWorldLogo_ShirtAndPants_03	Nuka-World Shirt & Jeans	0	0	0.100000	0													0				0
001135E9	ATX_Clothes_NukaWorldLogo_ShirtAndPants_04	Cappy Shirt & Jeans	0	0	0.100000	0													0				0
0011366B	DLC04PowerArmorShockFX		0	0	0.000000	0													0				0
00113AA3	ATX_Clothes_WildmanOutfit	Wildman Rags	0	0	0.100000	0													0				0
00113B19	DLC04_SkinRadAntRed		0	0	0.000000	0													0				0
00113B1A	DLC04_SkinRadAntBlack		0	0	0.000000	0													0				0
00113B1B	DLC04_SkinRadAntGlowing		0	0	0.000000	0													0				0
00113B2A	DLC04_SkinCaveCricketBlack		0	0	0.000000	0													0				0
00113B2B	DLC04_SkinCaveCricketGlowing		0	0	0.000000	0													0				0
00113B2C	DLC04_SkinCaveCricketPoison		0	0	0.000000	0													0				0
00113B5B	DLC04_SkinRadRatGlowing		0	0	0.000000	0													0				0
00113B5C	DLC04_SkinRadRatSoresGlowing		0	0	0.000000	0													0				0
00113D87	Headwear_DLC04_Western_Hat_01	Black Prospector's Hat	0	15	0.100000	0													0				0
00113DC5	Headwear_DLC04_Western_Hat_01a	Prospector's Hat	0	15	0.100000	0													0				0
00113DC8	ATX_Headwear_Western_Hat_02	Cowboy Hat	0	0	0.100000	0													0				0
00113DC9	Headwear_DLC04_Western_Hat_02a	Black Cowboy Hat	0	15	0.100000	0													0				0
00113DCB	ATX_Clothes_Western_05_Duster	Western Duster	0	0	0.100000	0													0				0
00113DFB	Headwear_DLC04_RoundSunglasses	Bottlecap Sunglasses	0	27	0.100000	0													0				0
00113FAD	ATX_Clothes_NukaWorldLogo_ShirtAndPants_05	Nuka-World Geyser Shirt & Jeans	0	0	0.100000	0													0				0
00113FAE	Clothes_DLC04_NukaWorldLogo_JacketAndPants_05	Nuka-World Geyser Jacket & Jeans	0	80	0.100000	0													0				0
00113FAF	Clothes_DLC04_NukaWorldLogo_JacketAndPants_04	Bottle and Cappy Orange Jacket & Jeans	0	80	0.100000	0													0				0
00113FB0	Clothes_DLC04_NukaWorldLogo_JacketAndPants_03	Bottle and Cappy Red Jacket & Jeans	0	80	0.100000	0													0				0
00113FB1	Clothes_DLC04_NukaWorldLogo_JacketAndPants_02	Nuka-World Jacket & Jeans	0	80	0.100000	0													0				0
00113FB2	Clothes_DLC04_NukaWorldLogo_JacketAndPants_01	Cappy Jacket & Jeans	0	80	0.100000	0													0				0
001142E6	DLC04_SkinCatBlack		0	0	0.000000	0													0				0
00114735	DLC04_SkinCatBrownTabby		0	0	0.000000	0													0				0
00115FDF	SkinVertibotRecon		0	0	0.000000	0													0				0
00116001	SkinTurretStandingCart		0	0	0.000000	0													0				0
0011609B	Clothes_Tattered	Tattered Rags	0	1	0.100000	0													0				0
00117EB7	Clothes_Rustic_WinterJacketAndJeans	Winter Jacket and Jeans	0	80	0.100000	0													0				0
00117EB9	Armor_Casual_Underarmor_FlannelJeans	Flannel Shirt and Jeans	0	20	0.500000	0													0				0
001184C1	Headwear_Gasmask	Gas Mask with Goggles	0	40	0.100000	0													0				0
0011A27B	ATX_Clothes_SequinDress	Sequin Dress	0	0	0.100000	0													0				0
0011D3C3	Armor_Combat_Torso	Combat Armor Chest Piece	0	60	1.440000	100													0	Durability_Armor_Combat_Min	ConditionDamageScaleFactor_Armor_Combat	Durability_Armor_Combat_Max	0
0011D3C4	Armor_Combat_LegRight	Combat Armor Right Leg	0	25	0.710000	100													0	Durability_Armor_Combat_Min	ConditionDamageScaleFactor_Armor_Combat	Durability_Armor_Combat_Max	0
0011D3C5	Armor_Combat_LegLeft	Combat Armor Left Leg	0	25	0.710000	100													0	Durability_Armor_Combat_Min	ConditionDamageScaleFactor_Armor_Combat	Durability_Armor_Combat_Max	0
0011D3C6	Armor_Combat_ArmRight	Combat Armor Right Arm	0	60	0.710000	100													0	Durability_Armor_Combat_Min	ConditionDamageScaleFactor_Armor_Combat	Durability_Armor_Combat_Max	0
0011D3C7	Armor_Combat_ArmLeft	Combat Armor Left Arm	0	60	0.710000	100													0	Durability_Armor_Combat_Min	ConditionDamageScaleFactor_Armor_Combat	Durability_Armor_Combat_Max	0
0011E2C8	Headwear_Clothes_Combat_Helmet	Combat Armor Helmet	0	25	0.100000	0													0				0
001212A2	SkinChildGhoulNaked		0	0	0.000000	0													0				0
001223CB	Clothes_VaultTecSalesmanCoatPW_NotPlayable		0	0	99.900002	0													0				0
001223CD	Headwear_VaultTecSalesmanHatPW	Dirty Fedora	0	8	0.100000	0													0				0
00122DA5	Clothes_CopUniform	Police Uniform	0	10	0.100000	0													0				0
00122DA8	Headwear_CopHat	Cop Cap	0	15	0.100000	0													0				0
00123D8D	CreatureClothes_FeralGhoulFootwraps		0	0	0.100000	0													0				0
00123D8F	CreatureClothes_FeralGhoulArmwraps		0	0	0.100000	0													0				0
00123D90	CreatureClothes_FeralGhoulShorts		0	0	0.100000	0													0				0
00123D91	CreatureClothes_FeralGhoulPants		0	0	0.100000	0													0				0
001240F1	Headwear_MiningHelmet	Mining Helmet	0	50	0.100000	0													0				0
0012571C	Headwear_Visor	Faded Visor	0	10	0.100000	0													0				0
00125891	Headwear_BlackRimGlasses	Black-Rim Glasses	0	15	0.100000	0													0				0
00128797	MTR04_Clothes_AmusementPark_Camden_MascotXClean	Mr. Fuzzy Mascot Suit	0	200	0.100000	0													0				0
0012879A	MTR04_Clothes_AmusementPark_Camden_MascotXHead	Soiled Mr. Fuzzy Mascot Head	0	100	0.100000	0													0				0
0012879E	MTR04_Clothes_AmusementPark_Camden_MascotXHeadClean	Mr. Fuzzy Mascot Head	0	125	0.100000	0													0				0
00128903	SkinGraftonMonsterScorched		0	0	0.000000	0													0				0
00128C5C	SkinOldNaked		0	0	0.000000	0													0				0
0012C3B0	Armor_Wood_ArmLeft	Wood Left Arm	0	15	0.660000	100													0	Durability_Armor_Wood_Min	ConditionDamageScaleFactor_Armor_Wood	Durability_Armor_Wood_Max	0
0012C3B2	Armor_Wood_ArmRight	Wood Right Arm	0	15	0.660000	100													0	Durability_Armor_Wood_Min	ConditionDamageScaleFactor_Armor_Wood	Durability_Armor_Wood_Max	0
0012C3C2	Armor_Wood_LegLeft	Wood Left Leg	0	10	0.660000	100													0	Durability_Armor_Wood_Min	ConditionDamageScaleFactor_Armor_Wood	Durability_Armor_Wood_Max	0
0012C3C3	Armor_Wood_LegRight	Wood Right Leg	0	10	0.660000	100													0	Durability_Armor_Wood_Min	ConditionDamageScaleFactor_Armor_Wood	Durability_Armor_Wood_Max	0
0012C3CB	Armor_Wood_Torso	Wood Chest Piece	0	25	1.340000	100													0	Durability_Armor_Wood_Min	ConditionDamageScaleFactor_Armor_Wood	Durability_Armor_Wood_Max	0
0012C3CC	Headwear_Clothes_Wood_Helmet	Wood Helmet	0	15	0.100000	0													0				0
00134294	Armor_BoS_Officer_Underarmor	Brotherhood Officer Suit	0	30	0.500000	0													0				0
00137D0C	Clothes_AmusementParkWorker	Amusement Park Worker Outfit	0	10	0.100000	0													0				0
0013879C	SkinMirelurkBarnacleMax01		0	0	0.000000	0													0				0
0013879D	SkinMirelurkBarnacleMax02		0	0	0.000000	0													0				0
0013879E	SkinMirelurkBarnacleMax03		0	0	0.000000	0													0				0
0013879F	SkinMirelurkBarnacleMega01		0	0	0.000000	0													0				0
001387A0	SkinMirelurkBarnacleMega02		0	0	0.000000	0													0				0
001387A1	SkinMirelurkBarnacleMin01		0	0	0.000000	0													0				0
001387A2	SkinMirelurkBarnacleMin02		0	0	0.000000	0													0				0
001387A3	SkinMirelurkBarnacleMin03		0	0	0.000000	0													0				0
001387A4	SkinMirelurkBarnacleMin04		0	0	0.000000	0													0				0
001387A5	SkinMirelurkFishingnet01		0	0	0.000000	0													0				0
001387A6	SkinMirelurkSeaweed01		0	0	0.000000	0													0				0
001387A7	SkinMirelurkSeaweed01vine		0	0	0.000000	0													0				0
001387A8	SkinMirelurkSeaweed02		0	0	0.000000	0													0				0
001387A9	SkinMirelurkSeaweed02vine		0	0	0.000000	0													0				0
001387AA	SkinMirelurkVine01		0	0	0.000000	0													0				0
0013B3E5	SkinVirgil		0	0	0.000000	0													0				0
0013BA12	SkinMegaSloth		0	0	0.000000	0													0				0
0013D65E	ATX_Clothes_PrewarShortSleevesAndSlacks_Clean	Checkered Shirt and Slacks	0	0	0.100000	0													0				0
0013E4AF	Armor_HazmatSuitPrototype_SFL02	Prototype Hazmat Suit	0	85	2.000000	100													0	Durability_Armor_Leather_Min	ConditionDamageScaleFactor_Armor_Leather	Durability_Armor_Leather_Max	0
00140C3D	Armor_PowerArmor_T60_ArmLeft	T-60 Left Arm	0	160	1.240000	100													0	Durability_Armor_Power_Min	ConditionDamageScaleFactor_PowerArmor_T60	Durability_Armor_Power_Max	0
00140C3F	Armor_PowerArmor_T60_LegRight	T-60 Right Leg	0	160	1.240000	100													0	Durability_Armor_Power_Min	ConditionDamageScaleFactor_PowerArmor_T60	Durability_Armor_Power_Max	0
00140C42	Armor_PowerArmor_T60_Torso	T-60 Chest Piece	0	200	2.250000	100													0	Durability_Armor_Power_Min	ConditionDamageScaleFactor_PowerArmor_T60	Durability_Armor_Power_Max	0
00140C45	Armor_PowerArmor_T60_ArmRight	T-60 Right Arm	0	160	1.240000	100													0	Durability_Armor_Power_Min	ConditionDamageScaleFactor_PowerArmor_T60	Durability_Armor_Power_Max	0
00140C49	Armor_PowerArmor_T60_LegLeft	T-60 Left Leg	0	160	1.240000	100													0	Durability_Armor_Power_Min	ConditionDamageScaleFactor_PowerArmor_T60	Durability_Armor_Power_Max	0
00140C4A	Armor_PowerArmor_T60_Helmet	T-60 Helm	0	120	1.240000	100													0	Durability_Armor_Power_Min	ConditionDamageScaleFactor_PowerArmor_T60	Durability_Armor_Power_Max	0
00140C4C	Armor_PowerArmor_T51_ArmLeft	T-51b Left Arm	0	130	1.050000	100													0	Durability_Armor_Power_Min	ConditionDamageScaleFactor_PowerArmor_T51	Durability_Armor_Power_Max	0
00140C4D	Armor_PowerArmor_T51_ArmRight	T-51b Right Arm	0	130	1.050000	100													0	Durability_Armor_Power_Min	ConditionDamageScaleFactor_PowerArmor_T51	Durability_Armor_Power_Max	0
00140C4E	Armor_PowerArmor_T51_Helmet	T-51b Helm	0	80	1.050000	100													0	Durability_Armor_Power_Min	ConditionDamageScaleFactor_PowerArmor_T51	Durability_Armor_Power_Max	0
00140C4F	Armor_PowerArmor_T51_LegLeft	T-51b Left Leg	0	130	1.050000	100													0	Durability_Armor_Power_Min	ConditionDamageScaleFactor_PowerArmor_T51	Durability_Armor_Power_Max	0
00140C50	Armor_PowerArmor_T51_LegRight	T-51b Right Leg	0	130	1.050000	100													0	Durability_Armor_Power_Min	ConditionDamageScaleFactor_PowerArmor_T51	Durability_Armor_Power_Max	0
00140C51	Armor_PowerArmor_T51_Torso	T-51b Chest Piece	0	180	1.880000	100													0	Durability_Armor_Power_Min	ConditionDamageScaleFactor_PowerArmor_T51	Durability_Armor_Power_Max	0
00140C52	Armor_PowerArmor_Raider_ArmLeft	Raider Power Left Arm	0	75	0.940000	100													0	Durability_Armor_Power_Min	ConditionDamageScaleFactor_PowerArmor_Raider	Durability_Armor_Power_Max	0
00140C53	Armor_PowerArmor_Raider_ArmRight	Raider Power Right Arm	0	75	0.940000	100													0	Durability_Armor_Power_Min	ConditionDamageScaleFactor_PowerArmor_Raider	Durability_Armor_Power_Max	0
00140C54	Armor_PowerArmor_Raider_Helmet	Raider Power Helm	0	50	0.940000	100													0	Durability_Armor_Power_Min	ConditionDamageScaleFactor_PowerArmor_Raider	Durability_Armor_Power_Max	0
00140C55	Armor_PowerArmor_Raider_LegLeft	Raider Power Left Leg	0	75	0.940000	100													0	Durability_Armor_Power_Min	ConditionDamageScaleFactor_PowerArmor_Raider	Durability_Armor_Power_Max	0
00140C56	Armor_PowerArmor_Raider_LegRight	Raider Power Right Leg	0	75	0.940000	100													0	Durability_Armor_Power_Min	ConditionDamageScaleFactor_PowerArmor_Raider	Durability_Armor_Power_Max	0
00140C57	Armor_PowerArmor_Raider_Torso	Raider Power Chest Piece	0	100	1.680000	100													0	Durability_Armor_Power_Min	ConditionDamageScaleFactor_PowerArmor_Raider	Durability_Armor_Power_Max	0
00140CE4	HandyArtObjectsPrewarFX		0	0	0.000000	0													0				0
00140D16	SkinMirelurkDirtGravel		0	0	0.000000	0													0				0
00140D19	SkinMirelurkCaveMud		0	0	0.000000	0													0				0
00140D85	SkinMirelurkNestMud		0	0	0.000000	0													0				0
00140D86	SkinMirelurkRiverbedRocks		0	0	0.000000	0													0				0
00140D87	SkinMirelurkRiverbedRocksWet01		0	0	0.000000	0													0				0
00140D88	SkinMirelurkRiverbedRocksWet02		0	0	0.000000	0													0				0
00140D89	SkinMirelurkSandRocksWet		0	0	0.000000	0													0				0
00140F05	SkinMirelurkWaterDrops		0	0	0.000000	0													0				0
001410CB	PowerArmorChassis	Power Armor Chassis	0	0	1.070000	0													0				0
001410EC	Clothes_PrewarWomensCasual_Clean	Casual Outfit	0	16	0.100000	0													0				0
001428EE	SkinMirelurkHunterDirt	MirelurkHunter	0	0	0.000000	0													0				0
00142910	SkinMirelurkHunterCaveMud	MirelurkHunter	0	0	0.000000	0													0				0
00142916	SkinMirelurkHunterNestMud	MirelurkHunter	0	0	0.000000	0													0				0
0014292F	SkinMirelurkHunterSandRock	MirelurkHunter	0	0	0.000000	0													0				0
00142939	SkinMirelurkHunterWater	MirelurkHunter	0	0	0.000000	0													0				0
00144A6A	SkinSupermutantBehemothSwan		0	0	0.000000	0													0				0
00144F03	Clothes_BaseballUniform	Baseball Uniform	0	42	0.100000	0													0				0
00144F04	Headwear_BaseballHat	Baseball Cap	0	15	0.100000	0													0				0
00145111	Clothes_StraightJacket	Straight Jacket	0	200	0.100000	0													0				0
00145114	Clothes_StraightJacketClean	Straight Jacket Clean	0	250	0.100000	0													0				0
0014616D	SkinNaked_UnderwearWhite		0	0	0.000000	0													0				0
00146174	ATX_Clothes_Postman	Postman Uniform	0	0	0.100000	0													0				0
00146177	CUT_ATX_Clothes_PostmanPostwar	Dirty Postman Uniform	0	0	0.100000	0													0				0
001467A4	Clothes_Pastor	Pastor's Vestments	0	60	0.100000	0													0				0
001493A5	Headwear_Fasnacht_Mask_Nap	Fasnacht Soldier Mask	0	10	0.100000	0													0				0
001493A7	Headwear_Fasnacht_Mask_Man2	Fasnacht Toothy Man Mask	0	10	0.100000	0													0				0
001493D5	Headwear_Fasnacht_Mask_Merman	Fasnacht Giant Mask	0	10	0.100000	0													0				0
001493D7	Headwear_Fasnacht_Mask_Owl	Fasnacht Owl Mask	0	10	0.100000	0													0				0
0014941A	ATX_Clothes_SummerShorts	Summer Shorts	0	0	0.100000	0													0				0
0014A349	Clothes_Bathrobe	Bathrobe	0	100	0.100000	0													0				0
0014B019	Clothes_PrewarTshirtSlacks_Clean	T-Shirt and Slacks	0	14	0.100000	0													0				0
0014BF50	Clothes_GreaserJacket	Greaser Jacket and Jeans	0	20	0.100000	0													0				0
0014D08F	ATX_Clothes_PrewarHouseDress_Blue_Clean	Laundered Blue Dress	0	0	0.100000	0													0				0
0014E58B	ATX_Clothes_Unstoppables_SilverShroud	Silver Shroud Costume	0	0	0.100000	0													0				0
0014F6D4	SkinBloodbugSwampAdult		0	0	0.000000	0													0				0
0014F6DB	SkinBloodbugSwampTeen		0	0	0.000000	0													0				0
0014F6E0	SkinBloodbugSwampJuvi		0	0	0.000000	0													0				0
00151E30	Clothes_SuitDirty_Tan	Dirty Tan Suit	0	14	0.100000	0													0				0
00151E34	ATX_Clothes_SuitClean_Tan	Clean Tan Suit	0	0	0.100000	0													0				0
001536F4	Clothes_Longshoreman	Longshoreman Outfit	0	80	0.100000	0													0				0
00153D3C	Headwear_SpaceSuitHat	Spacesuit Helmet	0	100	0.100000	0													0				0
00154ABD	Armor_PowerArmor_T45_ArmLeft	T-45 Left Arm	0	100	0.930000	100													0	Durability_Armor_Power_Min	ConditionDamageScaleFactor_PowerArmor_T45	Durability_Armor_Power_Max	0
00154ABE	Armor_PowerArmor_T45_ArmRight	T-45 Right Arm	0	100	0.930000	100													0	Durability_Armor_Power_Min	ConditionDamageScaleFactor_PowerArmor_T45	Durability_Armor_Power_Max	0
00154ABF	Armor_PowerArmor_T45_Helmet	T-45 Helm	0	60	0.930000	100													0	Durability_Armor_Power_Min	ConditionDamageScaleFactor_PowerArmor_T45	Durability_Armor_Power_Max	0
00154AC0	Armor_PowerArmor_T45_LegLeft	T-45 Left Leg	0	100	0.930000	100													0	Durability_Armor_Power_Min	ConditionDamageScaleFactor_PowerArmor_T45	Durability_Armor_Power_Max	0
00154AC1	Armor_PowerArmor_T45_LegRight	T-45 Right Leg	0	100	0.930000	100													0	Durability_Armor_Power_Min	ConditionDamageScaleFactor_PowerArmor_T45	Durability_Armor_Power_Max	0
00154AC2	Armor_PowerArmor_T45_Torso	T-45 Chest Piece	0	140	1.670000	100													0	Durability_Armor_Power_Min	ConditionDamageScaleFactor_PowerArmor_T45	Durability_Armor_Power_Max	0
00154AC3	Armor_PowerArmor_X01_ArmLeft	X-01 Left Arm	0	200	1.280000	100													0	Durability_Armor_Power_Min	ConditionDamageScaleFactor_PowerArmor_X01	Durability_Armor_Power_Max	0
00154AC4	Armor_PowerArmor_X01_ArmRight	X-01 Right Arm	0	200	1.280000	100													0	Durability_Armor_Power_Min	ConditionDamageScaleFactor_PowerArmor_X01	Durability_Armor_Power_Max	0
00154AC5	Armor_PowerArmor_X01_Helmet	X-01 Helm	0	140	1.280000	100													0	Durability_Armor_Power_Min	ConditionDamageScaleFactor_PowerArmor_X01	Durability_Armor_Power_Max	0
00154AC6	Armor_PowerArmor_X01_LegLeft	X-01 Left Leg	0	200	1.280000	100													0	Durability_Armor_Power_Min	ConditionDamageScaleFactor_PowerArmor_X01	Durability_Armor_Power_Max	0
00154AC7	Armor_PowerArmor_X01_LegRight	X-01 Right Leg	0	200	1.280000	100													0	Durability_Armor_Power_Min	ConditionDamageScaleFactor_PowerArmor_X01	Durability_Armor_Power_Max	0
00154AC8	Armor_PowerArmor_X01_Torso	X-01 Torso	0	280	2.340000	100													0	Durability_Armor_Power_Min	ConditionDamageScaleFactor_PowerArmor_X01	Durability_Armor_Power_Max	0
001560F0	Clothes_SpaceSuitClean	Clean Spacesuit	0	400	0.100000	0													0				0
00156100	Headwear_SpaceSuitHatClean	Clean Spacesuit Helmet	0	150	0.100000	0													0				0
001563B0	SkinRadBeaver		0	0	0.000000	0													0				0
001574C7	Clothes_Highschool_JacketRed	Letterman's Jacket and Jeans	0	50	0.100000	0													0				0
0015E64B	SkinEyeBotBoS		0	0	0.000000	0													0				0
001641F8	ATX_Clothes_Highschool_Jacket_DBTech	DB Tech Varsity Uniform	0	0	0.100000	0													0				0
00165602	Headwear_Wig	Pompadour Wig	0	15	0.100000	0													0				0
00165792	SMBehemothShield		0	0	0.000000	0													0				0
00168291	MoM_ClothesMistressOfMysteryVeil	Veil of Secrets	0	0	0.100000	0													0				0
0016892C	Armor_Casual_Underarmor_MilitaryFatigues	Military Fatigues	0	10	0.500000	0													0				0
0016892E	Headwear_MilitaryCap	Military Cap	0	15	0.100000	0													0				0
00169523	Clothes_BoS_Soldier	Brotherhood Scribe Outfit	0	20	0.100000	0													0				0
0016B48E	Headwear_AsylumWorkerHat_06	Asylum Worker Hat Brown	0	15	0.100000	0													0				0
0016B48F	Headwear_AsylumWorkerHat_05	Asylum Worker Hat Forrest	0	15	0.100000	0													0				0
0016B490	Headwear_AsylumWorkerHat_04	Asylum Worker Hat Yellow	0	15	0.100000	0													0				0
0016B491	Headwear_AsylumWorkerHat_03	Asylum Worker Hat Red	0	15	0.100000	0													0				0
0016B492	Headwear_AsylumWorkerHat_02	Asylum Worker Hat Green	0	15	0.100000	0													0				0
0016B493	Headwear_AsylumWorkerHat_01	Asylum Worker Hat White	0	15	0.100000	0													0				0
0016B494	Clothes_AsylumWorkerUniformWeathered	Asylum Worker Uniform Weathered	0	10	0.100000	0													0				0
0016B495	Clothes_AsylumWorkerUniformWhiteDirty	Asylum Worker Uniform White Dirty	0	10	0.100000	0													0				0
0016B496	Clothes_AsylumWorkerUniformPink	Asylum Worker Uniform Pink	0	50	0.100000	0													0				0
0016B497	Clothes_AsylumWorkerUniformBlue	Asylum Worker Uniform Blue	0	50	0.100000	0													0				0
0016B498	Clothes_AsylumWorkerUniformBrown	Asylum Worker Uniform Brown	0	25	0.100000	0													0				0
0016B499	Clothes_AsylumWorkerUniformWhite	Asylum Worker Uniform White	0	15	0.100000	0													0				0
0016B49A	Clothes_AsylumWorkerUniformForest	Asylum Worker Uniform Forest	0	100	0.100000	0													0				0
0016B49B	Clothes_AsylumWorkerUniformGreen	Asylum Worker Uniform Green	0	10	0.100000	0													0				0
0016B49C	Clothes_AsylumWorkerUniformYellow	Asylum Worker Uniform Yellow	0	75	0.100000	0													0				0
0016B49D	Clothes_AsylumWorkerUniformRed	Asylum Worker Uniform Red	0	300	0.100000	0													0				0
0016B49E	Headwear_AsylumWorkerHatWeathered	Asylum Worker Hat Weathered	0	15	0.100000	0													0				0
0016B49F	Headwear_AsylumWorkerHat_09	Asylum Worker Hat White Dirty	0	15	0.100000	0													0				0
0016B4A0	Headwear_AsylumWorkerHat_08	Asylum Worker Hat Pink	0	15	0.100000	0													0				0
0016B4A1	Headwear_AsylumWorkerHat_07	Asylum Worker Hat Blue	0	15	0.100000	0													0				0
00170FAE	Clothes_FiremanUniform	Fireman Uniform	0	10	0.100000	0													0				0
00170FB1	Headwear_FiremanHat	Fireman Helmet	0	15	0.100000	0													0				0
001738AA	Headwear_PoliceGlasses	Patrolman Sunglasses	0	17	0.100000	0													0				0
00174D2F	zzzClothes_CasualOutfit	Casual Outfit	0	10	0.100000	0													0				0
00176DA1	SkinMirelurkSpawnHatchlingJuice		0	0	0.000000	0													0				0
00176E1F	SkinMirelurkQueenWet		0	0	0.000000	0													0				0
00178B68	Clothes_Scientist_VariantWasteland	Lab Coat	0	10	0.100000	0													0				0
00179F7A	SupermutantBlindfold	Watcher's Bandage	0	8	0.500000	0													0				0
0017CD84	Armor_VaultSuit76_Underarmor	Vault 76 Jumpsuit	0	20	0.500000	0													0				0
0017E917	Headwear_BandanaBlue	Blue Bandana	0	17	0.100000	0													0				0
0017E91B	Headwear_BandanaLeopard	Leopard Print Bandana	0	1	0.100000	0													0				0
0017E91C	ATX_Headwear_BandanaMonkey	Jangles Bandana	0	0	0.100000	0													0				0
0017E91D	Headwear_BandanaSkull	Skull Bandana	0	1	0.100000	0													0				0
0017E922	Headwear_BandanaCamo	Camo Bandana	0	1	0.100000	0													0				0
0017E923	Headwear_BandanaGreen	Green Bandana	0	15	0.100000	0													0				0
0017E924	Headwear_BandanaStripes	Striped Bandana	0	1	0.100000	0													0				0
0017E925	ATX_Headwear_BandanaStarsNStripes	Stars and Stripes Bandana	0	0	0.100000	0													0				0
0017F055	MoM_Armor_MistressOfMysteryOutfit	Garb of Mysteries	0	0	0.470000	100													0	LCK_Condition_Armor_Default_Min	ConditionDamageScaleFactor_Armor_Leather	LCK_Condition_Armor_Default_Max	0
001828CC	ATX_Clothes_Unstoppables_GrognakCostume	Grognak Costume	0	0	0.100000	0													0				0
00184C4E	SkinAlien		0	0	0.000000	0													0				0
001852A7	SkinBrahminPackFootsteps		0	0	0.000000	0													0				0
0018B210	ClothesDog_DogCollarChain	Chain Dog Collar	0	7	0.100000	0													0				0
0018B214	Armor_HazmatSuitDamaged	Damaged Hazmat Suit	0	55	0.910000	100													0	Durability_Armor_Leather_Min	ConditionDamageScaleFactor_Armor_Leather	Durability_Armor_Leather_Max	0
0018BB55	SkinTurretMountedClean		0	0	0.000000	0													0				0
0018E3F7	Armor_RaiderMod_Underarmor_RaiderLeathers	Raider Leathers	0	20	0.500000	0													0				0
0018E40D	Armor_RaiderMod_LegRight	Raider Right Leg	0	34	0.560000	100													0	Durability_Armor_Raider_Min	ConditionDamageScaleFactor_Armor_Raider	Durability_Armor_Raider_Max	0
0018E40F	Armor_RaiderMod_LegLeft	Raider Left Leg	0	34	0.520000	100													0	Durability_Armor_Raider_Min	ConditionDamageScaleFactor_Armor_Raider	Durability_Armor_Raider_Max	0
0018E411	Armor_RaiderMod_ArmLeft	Raider Left Arm	0	30	0.520000	100													0	Durability_Armor_Raider_Min	ConditionDamageScaleFactor_Armor_Raider	Durability_Armor_Raider_Max	0
0018E413	Armor_RaiderMod_ArmRight	Raider Right Arm	0	30	0.520000	100													0	Durability_Armor_Raider_Min	ConditionDamageScaleFactor_Armor_Raider	Durability_Armor_Raider_Max	0
0018E415	Armor_RaiderMod_Torso	Raider Chest Piece	0	50	1.060000	100													0	Durability_Armor_Raider_Min	ConditionDamageScaleFactor_Armor_Raider	Durability_Armor_Raider_Max	0
0018E417	Headwear_RaiderMod_Hood1	Sack Hood	0	5	0.100000	0													0				0
0018E419	Headwear_RaiderMod_Hood2	Sack Hood with Hoses	0	5	0.100000	0													0				0
0018E41B	Headwear_RaiderMod_Hood3	Sack Hood with Straps	0	5	0.100000	0													0				0
001909D1	ArmorPoweredFrameAtomCat_DONOTDELETE	Powered Armor Frame AtomCat	0	0	0.000000	0													0				0
001909D5	ArmorPoweredFrameWastelander_DONOTDELETE	Powered Armor Frame AtomCat	0	0	0.000000	0													0				0
001909D6	ArmorPoweredFrameRaider_DONOTDELETE	Powered Armor Frame AtomCat	0	0	0.000000	0													0				0
001921D6	ATX_Clothes_CaitOutfit	Cait's Outfit	0	0	0.100000	0													0				0
00194041	SkinViciousDogAlphaA		0	0	0.000000	0													0				0
00194044	SkinViciousDog02		0	0	0.000000	0													0				0
00194047	SkinViciousDog04A		0	0	0.000000	0													0				0
0019404A	SkinViciousDog03A		0	0	0.000000	0													0				0
0019404D	SkinViciousDog05A		0	0	0.000000	0													0				0
0019404F	SkinViciousDogAlpha04A		0	0	0.000000	0													0				0
00194051	SkinViciousDogAlpha02A		0	0	0.000000	0													0				0
00194053	SkinViciousDogAlpha03A		0	0	0.000000	0													0				0
00194055	SkinViciousDogAlpha05A		0	0	0.000000	0													0				0
00194057	SkinViciousDog06A		0	0	0.000000	0													0				0
00194059	SkinViciousDogAlphaA06		0	0	0.000000	0													0				0
001942D6	Clothes_WastelandCommon	Green Shirt and Combat Boots	0	11	0.100000	0													0				0
001955A7	SkinDeathclawAlbino		0	0	0.000000	0													0				0
001955AB	SkinDeathclawAlpha		0	0	0.000000	0													0				0
001955AE	SkinDeathclawMatriarch		0	0	0.000000	0													0				0
001955B1	SkinDeathclawSavage		0	0	0.000000	0													0				0
001955B4	SkinDeathclawGlowing		0	0	0.000000	0													0				0
00198B13	ArmorPoweredFrameBOS_DONOTDELETE	Powered Armor Frame AtomCat	0	0	0.000000	0													0				0
001999FB	SkinMirelurkRazorClaw		0	0	0.000000	0													0				0
001999FF	SkinMirelurkGlowing		0	0	0.000000	0													0				0
0019CBB1	Headwear_Army_Helmet_postwar	Dirty Army Helmet	0	20	0.100000	0													0				0
0019CBB3	Clothes_FatiguesPostWar	Dirty Army Fatigues	0	12	0.100000	0													0				0
0019EFE0	SkinTurretWorkshop		0	0	0.000000	0													0				0
001A4B24	SkinMirelurkDeepKing	Deep King	0	0	0.000000	0													0				0
001A4B26	SkinMirelurkGlowingKing	Deep King	0	0	0.000000	0													0				0
001A7AB0	zzz_Debug_Legendary4_Armor_Combat_Torso_ReflectMelee	Junk	0	0	200.000000	100													0	Durability_Armor_Combat_Min	ConditionDamageScaleFactor_Armor_Combat	Durability_Armor_Combat_Max	0
001AE477	mireLurkKingCloakingArmorFX		0	0	0.000000	0													0				0
001B3A00	SupermutantArmor0_Torso	Super Mutant Light Body Armor	0	15	8.000000	0													0				0
001B3A01	SupermutantArmor0_Arms	Super Mutant Heavy Gauntlets	0	0	4.000000	0													0				0
001B3A03	SupermutantArmor1_Arms	Super Mutant Arm Guards	0	0	5.000000	0													0				0
001B3A05	SupermutantArmor1_Lower	Super Mutant Leg Guards	0	10	5.000000	0													0				0
001B3A07	SupermutantArmor1_Torso	Super Mutant Cowl Armor	0	30	10.000000	0													0				0
001B3A09	SupermutantArmor2_Arms	Super Mutant Bracers	0	0	6.000000	0													0				0
001B3A0B	SupermutantArmor2_Lower	Super Mutant Leg Armor	0	18	6.000000	0													0				0
001B3A0D	SupermutantArmor2_Torso	Super Mutant Heavy Armor	0	50	12.000000	0													0				0
001B3A0F	SupermutantArmor3_Torso	Super Mutant Shogun Body Armor	0	60	14.000000	0													0				0
001B3A11	SupermutantRags1_Torso	Super Mutant Shoulder Rags	0	20	6.000000	0													0				0
001B3A13	SupermutantRags2_Arms	Super Mutant Wrist Wraps	0	0	2.000000	0													0				0
001B3A15	SupermutantHat1	Super Mutant Helmet	0	8	1.000000	0													0				0
001B3A17	SupermutantHat2	Super Mutant Bladed Helmet	0	8	1.000000	0													0				0
001B3A19	SupermutantHat3	Super Mutant Aviator Cap	0	10	1.000000	0													0				0
001B3A1B	SupermutantHat4	Super Mutant Cage Helmet	0	8	1.000000	0													0				0
001B3A1D	SupermutantRags1_Lower	Super Mutant Waistcloth	0	8	2.000000	0													0				0
001B3A1F	SupermutantRags2_Torso	Super Mutant Chest Harness	0	25	7.000000	0													0				0
001B5ACC	ClothesDog_ArmorLight	Light Dog Armor	0	10	0.100000	0													0				0
001B828C	Clothes_WastelandDress	Ratty Skirt	0	11	0.100000	0													0				0
001BA8DA	Headwear_Mobsterhat	Bowler	0	15	0.100000	0													0				0
001BC0E8	SkinRadscorpionGlowing		0	0	0.000000	0													0				0
001BDDF8	ATX_Clothes_SuitClean_Black	Clean Black Suit	0	0	0.100000	0													0				0
001BDDF9	ATX_Clothes_SuitClean_Blue	Clean Blue Suit	0	0	0.100000	0													0				0
001BDDFA	ATX_Clothes_SuitClean_Grey	Clean Grey Suit	0	0	0.100000	0													0				0
001BDDFB	ATX_TP_Clothes_SuitClean_Striped	Clean Striped Suit	0	0	0.100000	0													0				0
001BDE04	Clothes_SuitDirty_Black_NONPLAYABLE		0	0	99.900002	0													0				0
001BDE05	Clothes_SuitDirty_Blue_NONPLAYABLE		0	0	99.900002	0													0				0
001BDE06	Clothes_SuitDirty_Grey_NONPLAYABLE		0	0	99.900002	0													0				0
001BDE07	Clothes_SuitDirty_Striped_NONPLAYABLE		0	0	99.900002	0													0				0
001C205F	SkinMoleratHairExtraBroodmother		0	0	0.000000	0													0				0
001C2060	SkinMoleratHairBasicBroodmother		0	0	0.000000	0													0				0
001C2061	SkinMoleratHairBackBroodmother		0	0	0.000000	0													0				0
001C2065	SkinMoleratWhole01		0	0	0.000000	0													0				0
001C2067	SkinMoleratWhole02		0	0	0.000000	0													0				0
001C2069	SkinMoleratBroodmother01		0	0	0.000000	0													0				0
001C26B9	Clothes_Jumpsuit_Generic	Mechanic Jumpsuit	0	10	0.100000	0													0				0
001C32C7	ClothesDog_ArmorHeavy	Heavy Dog Armor	0	30	0.100000	0													0				0
001C32C8	ClothesDog_ArmorMedium	Dog Armor	0	20	0.100000	0													0				0
001C4BE8	Headwear_EyeGlasses	Eyeglasses	0	12	0.100000	0													0				0
001C67B0	ClothesDog_DogCollarSpiked	Spiked Dog Collar	0	7	0.100000	0													0				0
001C67B1	ClothesDog_DogCollarDouble	Double Dog Collar	0	7	0.100000	0													0				0
001C67B2	ClothesDog_DogCollarReinforced	Reinforced Dog Collar	0	7	0.100000	0													0				0
001C67B3	ClothesDog_DogHeadMuzzle	Spiked Muzzle	0	7	0.100000	0													0				0
001C67B4	ClothesDog_DogHeadHelmet	Dog Helmet	0	7	0.100000	0													0				0
001C88AE	SkinDeathclawChameleon		0	0	0.000000	0													0				0
001C982F	SkinEyeBotBigDig		0	0	0.000000	0													0				0
001C9FA3	SkinOpossum		0	0	0.000000	0													0				0
001CB74B	zzz_DEBUG_ATX_Headwear_RangerOutfitHatClean	Ranger Hat Clean	0	0	0.100000	0													0				0
001CB7C5	zzz_DEBUG_ATX_Clothes_RangerOutfitClean	Ranger Outfit Clean	0	0	0.100000	0													0				0
001CD5FB	ATX_Clothes_AmusementParkWorkerClean	Amusement Park Uniform	0	0	0.100000	0													0				0
001D0ACD	SkinMirelurkKingDirt	MirelurkKing	0	0	0.000000	0													0				0
001D0ACE	SkinMirelurkKingWater	MirelurkKing	0	0	0.000000	0													0				0
001D2773	SkinScorchedHead01		0	0	0.000000	0													0				0
001D641F	SkinVertibot		0	0	0.000000	0													0				0
001D8853	ATX_Headwear_VaultTecSecurityHelmet_Clean	Vault-Tec Security Helmet Clean	0	0	0.100000	0													0				0
001E03CD	SkinMirelurkHunterGlow	MirelurkHunter	0	0	0.000000	0													0				0
001E22E5	FXCriticalSkeleton		0	0	0.000000	0													0				0
001EB731	Headwear_CB02_Mask	Monster Mask	0	0	0.000000	0													0				0
001F9790	ATX_Headwear_PostmanHat	Postman Hat	0	0	0.100000	0													0				0
001F9793	CUT_ATX_Headwear_PostmanHatPostwar	Dirty Postman Hat	0	0	0.100000	0													0				0
001FA250	Headwear_LongshoremanHat	Yellow Slicker Hat	0	50	0.100000	0													0				0
0020093B	LC043_Headwear_PrisonerCollar	Prisoner Collar	0	15	0.100000	0													0				0
002038C7	SkinRadToadParasitic		0	0	0.000000	0													0				0
002038DE	SkinRadToadGas		0	0	0.000000	0													0				0
002075BE	ATX_Clothes_PrewarHouseDress_Cream_Clean	Laundered Cream Dress	0	0	0.100000	0													0				0
002075BF	ATX_Clothes_PrewarHouseDress_Pink_Clean	Laundered Pink Dress	0	0	0.100000	0													0				0
002075C0	ATX_Clothes_PreWarDressBlue_Clean	Laundered Denim Dress	0	0	0.100000	0													0				0
002075C1	ATX_Clothes_PreWarDressPink_Clean	Laundered Rose Dress	0	0	0.100000	0													0				0
00207904	SkinTick		0	0	0.000000	0													0				0
002223E3	Armor_BoS_Soldier_Underarmor	Brotherhood Soldier Suit	0	30	0.500000	0													0				0
0022B191	SkinTurretSpotlightWorkshop		0	0	0.000000	0													0				0
0022BC24	AssaultronShield		0	0	0.000000	0													0				0
0022CB58	SkinMoleratGlowingWhole		0	0	0.000000	0													0				0
0022CB59	SkinRadRoachGlowing		0	0	0.000000	0													0				0
0022CB5A	SuperMutantSuicideChains	Super Mutant Chains	0	30	10.000000	0													0				0
0022CB5B	SkinViciousDogGlowingA		0	0	0.000000	0													0				0
0022CB5C	SkinViciousDogAlphaGlowingA		0	0	0.000000	0													0				0
0023A400	BrahminPackLampLightArmor		0	0	0.000000	0													0				0
0023F20E	SkinSentryBotOverheatLight		0	0	0.000000	0													0				0
00247980	SkinBloatfly_dead		0	0	0.000000	0													0				0
00247983	SkinStingwing_dead		0	0	0.000000	0													0				0
00248FD3	SupermutantArmor0_Arms1	Super Mutant Heavy Gauntlets	0	0	4.000000	100													0				0
00248FD4	SupermutantArmor0_Torso1	Super Mutant Light Body Armor	0	15	8.000000	100													0				0
00248FD6	SupermutantArmor1_Arms1	Super Mutant Arm Guards	0	0	5.000000	100													0				0
00248FD7	SupermutantArmor1_Lower1	Super Mutant Leg Guards	0	10	5.000000	100													0				0
00248FD8	SupermutantArmor1_Torso1	Super Mutant Cowl Armor	0	30	10.000000	100													0				0
00248FD9	SupermutantArmor2_Arms1	Super Mutant Bracers	0	0	6.000000	100													0				0
00248FDA	SupermutantArmor2_Lower1	Super Mutant Leg Armor	0	18	6.000000	100													0				0
00248FDB	SupermutantArmor2_Torso1	Super Mutant Heavy Armor	0	50	12.000000	100													0				0
00248FDC	SupermutantHat5	Super Mutant Helmet	0	8	1.000000	100													0				0
00248FDD	SupermutantHat6	Super Mutant Bladed Helmet	0	8	1.000000	100													0				0
00248FDE	SupermutantHat7	Super Mutant Aviator Cap	0	10	1.000000	100													0				0
00248FDF	SupermutantHat8	Super Mutant Cage Helmet	0	8	1.000000	100													0				0
00248FE0	SupermutantRags1_Lower1	Super Mutant Waistcloth	0	8	2.000000	100													0				0
00248FE1	SupermutantRags1_Torso1	Super Mutant Shoulder Rags	0	20	6.000000	100													0				0
00248FE2	SupermutantRags2_Arms1	Super Mutant Wrist Wraps	0	0	2.000000	100													0				0
00248FE3	SupermutantRags2_Torso1	Super Mutant Chest Harness	0	25	7.000000	100													0				0
00248FE4	SuperMutantSuicideChains1	Super Mutant Chains	0	30	10.000000	100													0				0
002566E7	Headwear_EnclaveOfficerHat	Dirty Enclave Officer Hat	0	15	0.100000	0													0				0
002566EA	Clothes_EnclaveOfficerUniformClean	Enclave Officer Uniform	0	50	0.100000	0													0				0
002566EC	Headwear_EnclaveOfficerHatClean	Enclave Officer Hat	0	15	0.100000	0													0				0
0026F9FB	SkinFirefly		0	0	0.000000	0													0				0
0027BB96	ATX_Headwear_Jumpsuit_SpaceSuit1	Spacesuit Jumpsuit Helmet	0	0	0.100000	0													0				0
00295678	CUT_SkinSuperMutantGhoul		0	0	0.000000	0													0				0
00299973	Clothes_SkiingOutfit	Skiing Outfit	0	50	0.100000	0													0				0
00299976	ATX_Clothes_SkiingOutfitClean	Clean Skiing Outfit	0	0	0.100000	0													0				0
00299978	Headwear_SkiingOutfitHat	Skiing Outfit Hat	0	15	0.100000	0													0				0
0029997A	Headwear_SkiingOutfitHatClean	Skiing Outfit Hat Clean	0	15	0.100000	0													0				0
0029D65F	MoM_ClothesMistressOfMysteryEyeOfRa	Eye of Ra	0	0	0.100000	0													0				0
002A99AD	Clothes_HalloweenCostume01_Witch	Halloween Costume Witch	0	100	0.100000	0													0				0
002A99AF	Headwear_HalloweenCostume01Hat_Witch	Halloween Costume Witch Hat	0	50	0.100000	0													0				0
002AA619	Clothes_SteelWorkerUniform	Steel Worker Uniform	0	35	0.100000	0													0				0
002AA61B	Headwear_SteelWorkerHat	Steel Worker Hat	0	15	0.100000	0													0				0
002AA620	Clothes_SteelWorkerUniformClean	Clean  Steel Worker Uniform	0	150	0.100000	0													0				0
002AA622	Headwear_SteelWorkerHatClean	Steel Worker Hat Clean	0	15	0.100000	0													0				0
002AA8B2	ATX_Clothes_HalloweenCostume03_Vampire	Halloween Costume Vampire	0	0	0.100000	0													0				0
002AC64C	Clothes_RangerOutfit	Ranger Outfit	0	200	0.100000	0													0				0
002AC64D	Headwear_RangerOutfitHat	Ranger Hat	0	10	0.100000	0													0				0
002AC651	Clothes_RangerOutfitClean	Ranger Outfit Clean	0	300	0.100000	0													0				0
002AC653	Headwear_RangerOutfitHatClean	Ranger Hat Clean	0	80	0.100000	0													0				0
002B71D5	SkinSuperMutantGlowing		0	0	0.000000	0													0				0
002B7239	ATX_Clothes_AmericanPatriotSuit_Tricentennial	Worn American Patriot Suit	0	0	0.100000	0													0				0
002B723B	ATX_Headwear_AmericanPatriotHat_Tricentennial	Worn American Patriot Hat	0	0	0.100000	0													0				0
002B723D	ATX_Clothes_AmericanPatriotSuitClean_Tricentennial	American Patriot Suit	0	0	0.100000	0													0				0
002B723F	ATX_Headwear_AmericanPatriotHatClean_Tricentennial	American Patriot Hat	0	0	0.100000	0													0				0
002C20C8	Armor_VaultSuit94_Underarmor	Vault 94 Jumpsuit	0	20	0.500000	0													0				0
002C69B1	Armor_VaultSuit94_Underarmor_Clean	Vault 94 Jumpsuit	0	20	0.500000	0													0				0
002C6F7F	ATX_Clothes_Jumpsuit_SpaceSuitClean1	Clean Spacesuit Jumpsuit	0	0	0.100000	0													0				0
002DB3EF	SkinMannequinSkin		0	0	0.000000	0													0				0
002DE2A2	ATX_Headwear_CultistHeadpiece	Cultist Headpiece	0	0	0.100000	0													0				0
002DE686	Clothes_HalloweenCostume02_Skeleton	Halloween Costume Skeleton	0	120	0.100000	0													0				0
002DE688	Headwear_HalloweenCostume02Hat_Skull	Halloween Costume Skull	0	60	0.100000	0													0				0
002E1ADC	Headwear_Fasnacht_Mask_Devil	Fasnacht Goblin Mask	0	10	0.100000	0													0				0
002E34E4	CreatureClothes_FeralGhoulFireman		0	0	0.100000	0													0				0
002E34E5	CreatureClothes_FeralGhoulCop		0	0	0.100000	0													0				0
002E34E6	CreatureClothes_FeralGhoulMiner		0	0	0.100000	0													0				0
002E34E8	CreatureClothes_FeralGhoulSoldier		0	0	0.100000	0													0				0
002E34F3	SkinFeralGhoulParasitic	FeralGhoulParasitic	0	0	0.000000	0													0				0
002E34F7	SkinMirelurkQueenParasitic		0	0	0.000000	0													0				0
002E34F8	SkinGraftonMonsterParasitic		0	0	0.000000	0													0				0
002E46A0	Armor_EnclaveScoutUniform_Torso_Urban	Urban Scout Armor Chest Piece	0	60	1.720000	100													0	Durability_Armor_Combat_Min	ConditionDamageScaleFactor_Armor_Combat	Durability_Armor_Combat_Max	0
002E46A2	Armor_EnclaveScoutUniform_ArmLeft_Urban	Urban Scout Armor Left Arm	0	60	0.850000	100													0	Durability_Armor_Combat_Min	ConditionDamageScaleFactor_Armor_Combat	Durability_Armor_Combat_Max	0
002E46A4	Armor_EnclaveScoutUniform_ArmRight_Urban	Urban Scout Armor Right Arm	0	60	0.850000	100													0	Durability_Armor_Combat_Min	ConditionDamageScaleFactor_Armor_Combat	Durability_Armor_Combat_Max	0
002E46A6	Headwear_EnclaveScoutUniform_Mask_Urban	Urban Scout Armor Mask	0	50	0.100000	0													0				0
002E46A8	Armor_EnclaveScoutUniform_LegRight_Urban	Urban Scout Armor Right Leg	0	90	0.850000	100													0	Durability_Armor_Combat_Min	ConditionDamageScaleFactor_Armor_Combat	Durability_Armor_Combat_Max	0
002E46AA	Armor_EnclaveScoutUniform_LegLeft_Urban	Urban Scout Armor Left Leg	0	90	0.850000	100													0	Durability_Armor_Combat_Min	ConditionDamageScaleFactor_Armor_Combat	Durability_Armor_Combat_Max	0
002E46AC	Armor_EnclaveScoutUniform_Torso_Forest	Forest Scout Armor Chest Piece	0	60	1.700000	100													0	Durability_Armor_Combat_Min	ConditionDamageScaleFactor_Armor_Combat	Durability_Armor_Combat_Max	0
002E46AF	Headwear_EnclaveScoutUniform_Mask_Forest	Forest Scout Armor Mask	0	50	0.100000	0													0				0
002E46B1	Armor_EnclaveScoutUniform_ArmLeft_Forest	Forest Scout Armor Left Arm	0	60	0.840000	100													0	Durability_Armor_Combat_Min	ConditionDamageScaleFactor_Armor_Combat	Durability_Armor_Combat_Max	0
002E46B3	Armor_EnclaveScoutUniform_ArmRight_Forest	Forest Scout Armor Right Arm	0	60	0.840000	100													0	Durability_Armor_Combat_Min	ConditionDamageScaleFactor_Armor_Combat	Durability_Armor_Combat_Max	0
002E46B5	Armor_EnclaveScoutUniform_LegLeft_Forest	Forest Scout Armor Left Leg	0	90	0.840000	100													0	Durability_Armor_Combat_Min	ConditionDamageScaleFactor_Armor_Combat	Durability_Armor_Combat_Max	0
002E46B7	Armor_EnclaveScoutUniform_LegRight_Forest	Forest Scout Armor Right Leg	0	90	0.840000	100													0	Durability_Armor_Combat_Min	ConditionDamageScaleFactor_Armor_Combat	Durability_Armor_Combat_Max	0
002EBD33	ATX_Headwear_Jumpsuit_SpaceSuitClean1	Clean Spacesuit Jumpsuit Helmet	0	0	0.100000	0													0				0
00302C06	SkinScorchedHead03		0	0	0.000000	0													0				0
0030305D	SkinScorchedHead02		0	0	0.000000	0													0				0
003030A4	SkinScorchedHead		0	0	0.000000	0													0				0
00303386	SkinVertibotArktos		0	0	0.000000	0													0				0
0030F5BF	SkinTurretAntiAir		0	0	0.000000	0													0				0
0031D30F	PipboyCharGen	Pipboy	0	0	0.000000	0													0				0
00323F9C	Clothes_Highschool_Jacket_Grafton	Grafton Monsters Jacket and Jeans	0	20	0.100000	0													0				0
00324F51	Headwear_DrillSergeantHat	Campaign Hat	0	15	0.100000	0													0				0
0032E180	Armor_PowerArmor_Excavator_Helmet	Excavator Helmet	0	60	0.970000	100													0	Durability_Armor_Power_Min	ConditionDamageScaleFactor_PowerArmor_Excavator	Durability_Armor_Power_Max	0
0032E182	Armor_PowerArmor_Excavator_ArmLeft	Excavator Left Arm	0	75	0.970000	100													0	Durability_Armor_Power_Min	ConditionDamageScaleFactor_PowerArmor_Excavator	Durability_Armor_Power_Max	0
0032E185	Armor_PowerArmor_Excavator_LegLeft	Excavator Left Leg	0	100	0.970000	100													0	Durability_Armor_Power_Min	ConditionDamageScaleFactor_PowerArmor_Excavator	Durability_Armor_Power_Max	0
0032E187	Armor_PowerArmor_Excavator_LegRight	Excavator Right Leg	0	100	0.970000	100													0	Durability_Armor_Power_Min	ConditionDamageScaleFactor_PowerArmor_Excavator	Durability_Armor_Power_Max	0
0032E188	Armor_PowerArmor_Excavator_ArmRight	Excavator Right Arm	0	75	0.970000	100													0	Durability_Armor_Power_Min	ConditionDamageScaleFactor_PowerArmor_Excavator	Durability_Armor_Power_Max	0
0032E18A	Armor_PowerArmor_Excavator_Torso	Excavator Torso	0	140	1.740000	100													0	Durability_Armor_Power_Min	ConditionDamageScaleFactor_PowerArmor_Excavator	Durability_Armor_Power_Max	0
0032E192	Armor_PowerArmor_Ultracite_ArmLeft	Ultracite Left Arm	0	100	1.150000	100													0	Durability_Armor_Power_Min	ConditionDamageScaleFactor_PowerArmor_Ultracite	Durability_Armor_Power_Max	0
0032E195	Armor_PowerArmor_Ultracite_ArmRight	Ultracite Right Arm	0	100	1.150000	100													0	Durability_Armor_Power_Min	ConditionDamageScaleFactor_PowerArmor_Ultracite	Durability_Armor_Power_Max	0
0032E197	Armor_PowerArmor_Ultracite_Helmet	Ultracite Helm	0	60	1.150000	100													0	Durability_Armor_Power_Min	ConditionDamageScaleFactor_PowerArmor_Ultracite	Durability_Armor_Power_Max	0
0032E199	Armor_PowerArmor_Ultracite_LegLeft	Ultracite Left Leg	0	100	1.150000	100													0	Durability_Armor_Power_Min	ConditionDamageScaleFactor_PowerArmor_Ultracite	Durability_Armor_Power_Max	0
0032E19B	Armor_PowerArmor_Ultracite_LegRight	Ultracite Right Leg	0	100	1.150000	100													0	Durability_Armor_Power_Min	ConditionDamageScaleFactor_PowerArmor_Ultracite	Durability_Armor_Power_Max	0
0032E19D	Armor_PowerArmor_Ultracite_Torso	Ultracite Chest Piece	0	320	2.070000	100													0	Durability_Armor_Power_Min	ConditionDamageScaleFactor_PowerArmor_Ultracite	Durability_Armor_Power_Max	0
00336B68	SkinVertibirdRemote		0	0	0.000000	0													0				0
0033A9F7	Headwear_Responders_FirebreatherHat	Fire Breather Helmet	0	15	0.100000	0													0				0
0033A9F8	Clothes_Responders_FirebreatherUniform	Fire Breather Uniform	0	10	0.100000	0													0				0
00340F6B	SkinScorchBeast2		0	0	0.000000	0													0				0
00345A39	SkinHoneyBeastGlow		0	0	0.000000	0													0				0
00345A3D	SkinHoneyBeast02		0	0	0.000000	0													0				0
00345A41	SkinHoneyBeast03		0	0	0.000000	0													0				0
00345A45	SkinHoneyBeastScorched		0	0	0.000000	0													0				0
00345D63	MoM_ClothesMistressOfMysteryWornVeil	Worn Veil	0	10	0.100000	0													0				0
0034A8A2	SkinMothman01		0	0	0.000000	0													0				0
0034A8A5	SkinMothman02		0	0	0.000000	0													0				0
0034A8A8	SkinMothmanGlow		0	0	0.000000	0													0				0
0034A8AB	SkinMothmanScorched		0	0	0.000000	0													0				0
0034A8AE	SkinMothmanWise		0	0	0.000000	0													0				0
0034ADA1	MTR04_Headwear_MiningHelmet	Mr. Fuzzy Mining Helmet	0	50	0.100000	0													0				0
0034CF08	POST_Armor_SuitClean_Blue_Presidential	Presidential "Power" Suit	0	32	3.000000	0													0				0
0034E433	zzz_TestArmor_DMG_Energy	Test Armor Energy	0	0	3.000000	0													0				0
0034E434	zzz_TestArmor_DMG_RadiationExposure	Test Armor Radiation Exposure	0	0	3.000000	0													0				0
0034E435	zzz_TestArmor_DMG_Standard	Test Armor Standard	0	0	3.000000	0													0				0
0034EA38	SkinSnallygasterGlow		0	0	0.000000	0													0				0
0034EA3C	SkinSnallygasterScorched		0	0	0.000000	0													0				0
00355C68	Headwear_TinFoilHat	Tin Foil Hat	0	10	0.100000	0													0				0
00356918	Clothes_GolfSkirt	Golf Skirt	0	114	0.100000	0													0				0
0035691A	Clothes_GolfOutfit	Golf Outfit	0	114	0.100000	0													0				0
00357B65	SkinMirelurkQueenGlowing		0	0	0.000000	0													0				0
0035B7EC	SkinMoleMiner01		0	0	0.000000	0													0				0
0035B7F0	SkinMoleMiner02		0	0	0.000000	0													0				0
0035B7F4	SkinMoleMiner03		0	0	0.000000	0													0				0
0035B7F9	SkinMoleMiner04		0	0	0.000000	0													0				0
0035B7FE	SkinMoleMiner05		0	0	0.000000	0													0				0
0035B802	SkinMoleMiner_Glow		0	0	0.000000	0													0				0
003621BC	Headwear_BeerHat	Beer Hat	0	15	0.100000	0													0				0
003621BE	Headwear_CharGenPartyHat	Party Hat	0	15	0.100000	0													0				0
0036C1FB	TW003_FeralGhoulShirtRndColor		0	1	1.000000	0													0				0
0036C1FD	TW003_FeralGhoulShirtSmallRndColor		0	1	1.000000	0													0				0
0036C1FF	TW003_FeralGhoulShortsRndColor		0	1	1.000000	0													0				0
0036C201	TW003_FeralGhoulPantsRndColor		0	1	1.000000	0													0				0
0036C43A	CreatureClothes_MinerUniformScorched	Miner Uniform	0	0	0.100000	0													0				0
0036C43C	CreatureClothes_BaseballUniformScorched_Underarmor	Baseball Uniform	0	0	0.100000	0													0				0
0036C43E	CreatureClothes_MilitaryFatiguesScorched_Underarmor	Military Fatigues	0	0	0.100000	0													0				0
0036C440	CreatureClothes_GreaserJacketScorched	Greaser Jacket and Jeans	0	0	0.100000	0													0				0
0036C442	CreatureClothes_NukaWorldShirtAndJeansScorched_Underarmor	Nuka-World Geyser Shirt & Jeans	0	0	0.100000	0													0				0
0036C443	zzz_Clothes_CivilWarOutfit02	Union Outfit	0	50	0.100000	0													0				0
0037924E	ATX_Headwear_VaultBoy_Tricentennial	Patriotic Vault Boy Mask	0	0	0.100000	0													0				0
0037926D	CreatureClothes_CopUniformScorched	Cop Uniform	0	0	0.100000	0													0				0
0037926F	CreatureClothes_Resident3Scorched	Farmhand Clothes	0	0	0.100000	0													0				0
00379271	CreatureClothes_ResponderMedicJumpsuitScorched	Medic Jumpsuit	0	0	0.100000	0													0				0
00379273	CreatureClothes_BathrobeScorched	Bathrobe	0	0	0.100000	0													0				0
00379275	CreatureClothes_BOSFatiguesScorched_Underarmor	BOS Fatigues	0	0	0.100000	0													0				0
0037D2A1	Babylon_Armor_VaultSuit51_Underarmor	Vault 51 Jumpsuit	0	20	0.500000	0													0				0
0037E115	ATX_Headwear_BlackRimSunGlasses	Black-Rim Sun Glasses	0	0	0.100000	0													0				0
00388BD7	SkinBeeSwarm		0	0	0.000000	0													0				0
0038EE51	Clothes_Highschool_Jacket_VTU	VTU Jacket and Jeans	0	20	0.100000	0													0				0
0038EE54	Headwear_VTUHat	VTU Baseball Cap	0	15	0.100000	0													0				0
003A178E	Clothes_PreWarDress_Clean_NotPlayable		0	0	99.900002	0													0				0
003AFDC0	POST_SkinSuperMutantScorched		0	0	0.000000	0													0				0
003AFDC5	SkinMirelurkScorched		0	0	0.000000	0													0				0
003AFDC8	SkinBloatflyScorched		0	0	0.000000	0													0				0
003AFDCC	SkinDeathclawScorched		0	0	0.000000	0													0				0
003AFDD0	SkinFEVHoundWholeScorched		0	0	0.000000	0													0				0
003AFDD4	SkinMoleMinerScorched		0	0	0.000000	0													0				0
003AFDD8	DLC03_SkinAnglerScorched		0	0	0.000000	0													0				0
003AFDDC	DLC03_SkinFogCrawlerScorched		0	0	0.000000	0													0				0
003AFDE0	DLC03_SkinGulperScorched		0	0	0.000000	0													0				0
003AFDE4	DLC03_SkinHermitCrabScorched		0	0	0.000000	0													0				0
003AFDE8	DLC03_SkinMutatedWolf_Scorched		0	0	0.000000	0													0				0
003AFDEC	DLC04_SkinCaveCricketScorched		0	0	0.000000	0													0				0
003AFDF0	SkinMegaSlothScorched		0	0	0.000000	0													0				0
003AFDF4	SkinMirelurkHunterScorched	MirelurkHunter	0	0	0.000000	0													0				0
003AFDF8	SkinMirelurkKingScorched		0	0	0.000000	0													0				0
003AFDFC	SkinMirelurkQueenScorched		0	0	0.000000	0													0				0
003AFE00	SkinMoleratScorched		0	0	0.000000	0													0				0
003AFE04	SkinRadscorpionScorched		0	0	0.000000	0													0				0
003AFE08	SkinRadToadScorched		0	0	0.000000	0													0				0
003AFE0C	SkinStingwingScorched		0	0	0.000000	0													0				0
003AFE0F	SkinViciousDogScorched		0	0	0.000000	0													0				0
003AFE14	SkinYaoGuaiWholeScorched		0	0	0.000000	0													0				0
003AFE18	SkinTickScorched		0	0	0.000000	0													0				0
003AFE1C	SkinFrogScorched		0	0	0.000000	0													0				0
003B7D5F	Clothes_CivilWarEraSuit_NONPLAYABLE		0	0	99.900002	0													0				0
003B7D60	Headwear_CivilWarEraHat_NONPLAYABLE		0	0	99.900002	0													0				0
003B7D61	Clothes_FatiguesPostWar_NotPlayable		0	0	99.900002	0													0				0
003B7D62	Clothes_Responders_CopUniform_NotPlayable		0	0	99.900002	0													0				0
003B7D63	Clothes_Responders_FiremanUniform_NotPlayable		0	0	99.900002	0													0				0
003B7D64	Clothes_Responders_Jumpsuit_Paramedic_NotPlayable		0	0	99.900002	0													0				0
003B7D65	Headwear_Responders_CopHat_NotPlayable		0	0	99.900002	0													0				0
003B7D66	Headwear_Responders_FiremanHat_NotPlayable		0	0	99.900002	0													0				0
003B7D67	Clothes_Pastor_NotPlayable		0	0	99.900002	0													0				0
003B7D68	Clothes_RangerOutfit_NotPlayable		0	0	99.900002	0													0				0
003B7D69	Headwear_RangerOutfitHat_NotPlayable		0	0	99.900002	0													0				0
003B7D6A	Clothes_PostmanPostwar_NotPlayable		0	0	99.900002	0													0				0
003B7D6B	Headwear_PostmanHatPostwar_NotPlayable		0	0	99.900002	0													0				0
003B7D6C	Clothes_CultOutfit_NotPlayable		0	0	99.900002	0													0				0
003B7D6D	Headwear_CultHat_NotPlayable		0	0	99.900002	0													0				0
003B7D6E	Headwear_CultHat_D_NotPlayable		0	0	99.900002	0													0				0
003B7D6F	Headwear_CultHat_E_NotPlayable		0	0	99.900002	0													0				0
003B7D70	Clothes_HalloweenCostume01_Witch_NotPlayable		0	0	99.900002	0													0				0
003B7D71	Clothes_HalloweenCostume02_Skeleton_NotPlayable		0	0	99.900002	0													0				0
003B7D72	Clothes_HalloweenCostume03_Vampire_NotPlayable		0	0	99.900002	0													0				0
003B7D73	Headwear_HalloweenCostume01Hat_Witch_NotPlayable		0	0	99.900002	0													0				0
003B7D74	Headwear_HalloweenCostume02Hat_Skull_NotPlayable		0	0	99.900002	0													0				0
003B7D75	Armor_RaiderMod_Underarmor_Harness_NotPlayable		0	0	99.900002	0													0				0
003B7D76	Armor_RaiderMod_Underarmor_LongJohns_NotPlayable		0	0	99.900002	0													0				0
003B7D77	Armor_RaiderMod_Underarmor_RaiderLeathers_NotPlayable		0	0	99.900002	0													0				0
003B7D78	Armor_RaiderMod_Underarmor_RoadLeathers_NotPlayable		0	0	99.900002	0													0				0
003B7D79	Clothes_Wastelander_Heavy_NONPLAYABLE		0	0	99.900002	0													0				0
003B7D7A	Clothes_Wastelander_Heavy_With_Helmet_NONPLAYABLE		0	0	99.900002	0													0				0
003B7D7B	Armor_Wastelander_Medium_NONPLAYABLE		0	0	99.900002	0													0				0
003B7D7C	Clothes_Wastelander_Medium_With_Helmet_NONPLAYABLE		0	0	99.900002	0													0				0
003B7D7D	Clothes_Wastelander_Light_NotPlayable		0	0	99.900002	0													0				0
003B7D7E	Clothes_Raider_Suit_01_GlovesB_NotPlayable		0	0	99.900002	0													0				0
003B7D7F	Clothes_Raider_Suit_02A_GlovesC_NotPlayable		0	0	99.900002	0													0				0
003B7D80	Clothes_Raider_Suit_02B_GlovesC_NotPlayable		0	0	99.900002	0													0				0
003B7D81	Clothes_Resident3_NONPLAYABLE		0	0	99.900002	0													0				0
003B7D82	Clothes_Resident4_NONPLAYABLE		0	0	99.900002	0													0				0
003B7D83	Clothes_Resident5_NONPLAYABLE		0	0	99.900002	0													0				0
003B7D84	Clothes_Resident6_NONPLAYABLE		0	0	99.900002	0													0				0
003B7D85	Clothes_Resident7_NONPLAYABLE		0	0	99.900002	0													0				0
003B7D86	Clothes_WastelandCommon_NotPlayable		0	0	99.900002	0													0				0
003B7D87	Headwear_Resident3Hat_NONPLAYABLE		0	0	99.900002	0													0				0
003B7D88	Headwear_Resident4Hat_NONPLAYABLE		0	0	99.900002	0													0				0
003B7D89	Headwear_Resident5Hat_NONPLAYABLE		0	0	99.900002	0													0				0
003B7D8A	Headwear_Resident7Hat_NONPLAYABLE		0	0	99.900002	0													0				0
003B7D8B	Clothes_EnclaveOfficerUniform_NotPlayable		0	0	99.900002	0													0				0
003B7D8C	Headwear_EnclaveOfficerHat_NotPlayable		0	0	99.900002	0													0				0
003B7D8D	Armor_Enclave_Underarmor_Uniform_NotPlayable		0	0	99.900002	0													0				0
003B7D8E	Armor_Enclave_Underarmor_Uniform_02_NotPlayable		0	0	99.900002	0													0				0
003B7D8F	Armor_EnclaveScoutUniform_ArmLeft_NotPlayable		0	0	99.900002	0													0				0
003B7D90	Armor_EnclaveScoutUniform_ArmRight_NotPlayable		0	0	99.900002	0													0				0
003B7D91	Armor_EnclaveScoutUniform_LegLeft_NotPlayable		0	0	99.900002	0													0				0
003B7D92	Armor_EnclaveScoutUniform_LegRight_NotPlayable		0	0	99.900002	0													0				0
003B7D93	Armor_EnclaveScoutUniform_Torso_NotPlayable		0	0	99.900002	0													0				0
003B7D94	Clothes_BoS_Knight_Lancer_NotPlayable		0	0	99.900002	0													0				0
003B7D95	Headwear_BoS_Knight_Lancer_Helmet_NotPlayable		0	0	99.900002	0													0				0
003B7D96	Clothes_BoS_Engineer_Scribe_NotPlayable		0	0	99.900002	0													0				0
003B7D97	Headwear_BoS_Engineer_Scribe_Helmet_NotPlayable		0	0	99.900002	0													0				0
003B7D98	Clothes_BoS_Field_Scribe_NotPlayable		0	0	99.900002	0													0				0
003B7D99	Headwear_BoS_Field_Scribe_Helmet_NotPlayable		0	0	99.900002	0													0				0
003B7D9A	Clothes_BoS_Science_Scribe_NotPlayable		0	0	99.900002	0													0				0
003B7D9B	Headwear_BoS_Science_Scribe_Helmet_NotPlayable		0	0	99.900002	0													0				0
003B7D9C	Clothes_BoS_Soldier_NotPlayable		0	0	99.900002	0													0				0
003B7D9D	Armor_BoS_Soldier_Underarmor_NotPlayable		0	0	99.900002	0													0				0
003B7D9E	Clothes_DLC03_FishermanOutfit01_NotPlayable		0	0	99.900002	0													0				0
003B7D9F	Clothes_DLC03_FishermanOutfit02_NotPlayable		0	0	99.900002	0													0				0
003B7DA0	Clothes_DLC04_NukaWorldLogo_ShirtAndPants_03_NotPlayable		0	0	99.900002	0													0				0
003B7DA1	Clothes_DLC04_Western_03_NotPlayable		0	0	99.900002	0													0				0
003B7DA2	Clothes_GreaserJacket_NotPlayable		0	0	99.900002	0													0				0
003B7DA3	Clothes_Jumpsuit_ForestCamo_NotPlayable		0	0	99.900002	0													0				0
003B7DA4	Clothes_MinerUniform_NotPlayable		0	0	99.900002	0													0				0
003B7DA5	Clothes_MilitaryFatigues_NotPlayable		0	0	99.900002	0													0				0
003B7DA6	Headwear_Raider_GreenHoodGasmask_NotPlayable		0	0	99.900002	0													0				0
003B7DA7	Headwear_Raider_GreenHood_NotPlayable		0	0	99.900002	0													0				0
003B7DA8	Headwear_Raider_Hood_NotPlayable		0	0	99.900002	0													0				0
003B7DA9	Headwear_Raider_Gasmask_NotPlayable		0	0	99.900002	0													0				0
003B7DAA	Headwear_Metal_Shades_NotPlayable		0	0	99.900002	0													0				0
003B7DAB	Headwear_Raider_Goggles_NotPlayable		0	0	99.900002	0													0				0
003B7DAC	Headwear_Raider_SurgicalMask_NotPlayable		0	0	99.900002	0													0				0
003B7DAD	Headwear_BandanaBlue_NotPlayable		0	0	99.900002	0													0				0
003B7DAE	Headwear_BandanaCamo_NotPlayable		0	0	99.900002	0													0				0
003B7DAF	Headwear_BandanaGreen_NotPlayable		0	0	99.900002	0													0				0
003B7DB0	Headwear_BandanaLeopard_NotPlayable		0	0	99.900002	0													0				0
003B7DB1	Headwear_BandanaMonkey_NotPlayable		0	0	99.900002	0													0				0
003B7DB2	Headwear_BandanaRed_NotPlayable		0	0	99.900002	0													0				0
003B7DB3	Headwear_BandanaSkull_NotPlayable		0	0	99.900002	0													0				0
003B7DB4	Headwear_BandanaStarsNStripes_NotPlayable		0	0	99.900002	0													0				0
003B7DB5	Headwear_BandanaStripes_NotPlayable		0	0	99.900002	0													0				0
003BB51E	CreatureClothesJeansOnlyScorched_Underarmor	Jeans Only	0	0	0.100000	0													0				0
003BE8A6	POST_Armor_VaultSuit63_Underarmor	Vault 63 Jumpsuit	0	20	0.500000	0													0				0
003BE8AB	Armor_VaultSuit96_Underarmor	Vault 96 Jumpsuit	0	20	0.500000	0													0				0
003BE8AE	Armor_VaultSuitVT_Underarmor	Vault Tec University Jumpsuit	0	20	0.500000	0													0				0
003BF402	Supermutant76Armor1	Super Mutant Tire Armor	0	60	14.000000	0													0				0
003BF404	Supermutant76Armor1_Arm1	Super Mutant Nanny Arm Guard	0	0	5.000000	0													0				0
003BF406	Supermutant76Armor1_Leg1	Super Mutant Skull Leg Guard	0	10	5.000000	0													0				0
003BF408	Supermutant76Armor1_Leg2	Super Mutant Tank Leg Guard	0	10	5.000000	0													0				0
003BF40A	Supermutant76Hat1	Super Mutant Tank Helmet	0	8	1.000000	0													0				0
003C1923	SkinTickVile		0	0	0.000000	0													0				0
003C1924	SkinTickWretched		0	0	0.000000	0													0				0
003C1925	SkinTickFoul		0	0	0.000000	0													0				0
003C3C07	SkinMirelurkParasite		0	0	0.000000	0													0				0
003C4745	SupermutantArmor01_Torso	Super Mutant Light Body Armor	0	15	8.000000	0													0				0
003C4747	SupermutantArmor02_Torso	Super Mutant Light Body Armor	0	15	8.000000	0													0				0
003C4749	SupermutantArmor11_Torso	Super Mutant Cowl Armor	0	30	10.000000	0													0				0
003C474B	SupermutantArmor12_Torso	Super Mutant Cowl Armor	0	30	10.000000	0													0				0
003C474D	SupermutantArmor21_Torso	Super Mutant Heavy Armor	0	50	12.000000	0													0				0
003C474F	SupermutantArmor22_Torso	Super Mutant Heavy Armor	0	50	12.000000	0													0				0
003C4751	SupermutantArmor31_Torso	Super Mutant Shogun Body Armor	0	60	14.000000	0													0				0
003C4753	SupermutantArmor32_Torso	Super Mutant Shogun Body Armor	0	60	14.000000	0													0				0
003C4757	SupermutantArmor1_LegL	Super Mutant Left Leg Guard	0	10	5.000000	0													0				0
003C4759	SupermutantArmor2_LegL	Super Mutant Left Leg Armor	0	18	6.000000	0													0				0
003C475B	SupermutantRags1_LegL	Super Mutant Left Leg Cloth	0	8	2.000000	0													0				0
003C475D	SupermutantArmor1_LegR	Super Mutant Right Leg Guard	0	10	5.000000	0													0				0
003C475F	SupermutantArmor2_LegR	Super Mutant Right Leg Armor	0	18	6.000000	0													0				0
003C4761	SupermutantRags1_LegR	Super Mutant Right Leg Cloth	0	8	2.000000	0													0				0
003C4765	SupermutantArmor0_ArmL	Super Mutant Heavy Left Gauntlet	0	0	4.000000	0													0				0
003C4767	SupermutantArmor1_ArmL	Super Mutant Left Arm Guards	0	0	5.000000	0													0				0
003C4769	SupermutantArmor2_ArmL	Super Mutant Left Bracers	0	0	6.000000	0													0				0
003C476B	SupermutantRags2_ArmL	Super Mutant Left Wrist Wrap	0	0	2.000000	0													0				0
003C476D	SupermutantArmor0_ArmR	Super Mutant Heavy Right Gauntlet	0	0	4.000000	0													0				0
003C476F	SupermutantArmor1_ArmR	Super Mutant Right Arm Guards	0	0	5.000000	0													0				0
003C4771	SupermutantArmor2_ArmR	Super Mutant Right Bracers	0	0	6.000000	0													0				0
003C4773	SupermutantRags2_ArmR	Super Mutant Right Wrist Wrap	0	0	2.000000	0													0				0
003C4C52	zzz_DONTPLACEClothes_Backpack_Normal	Backpack	0	60	5.000000	0													0				0
003C4C53	zzz_DONTPLACEClothesFrameBackpack_Normal	Frame Backpack	0	60	5.000000	0													0				0
003C96DC	CharGen_MayorHat_NoName		0	15	0.500000	0													0				0
003CD17A	MoM_ClothesMistressOfMysteryOutfitCorpse	Tattered Dress	0	10	0.100000	0													0				0
003CD17C	CreatureClothes_SkiingGrayScorched	Skiing Gray	0	0	0.100000	0													0				0
003CD17E	CreatureClothes_SkiingNavyScorched	Skiing Navy	0	0	0.100000	0													0				0
003CD180	CreatureClothes_SkiingPurpleScorched	Skiing Purple	0	0	0.100000	0													0				0
003CD182	CreatureClothes_SkiingRedScorched	Skiing Red	0	0	0.100000	0													0				0
003CD184	CreatureClothes_SlinkyDressScorched	Slinky Dress	0	0	0.100000	0													0				0
003CD186	CreatureClothes_SteelWorkerScorched	SteelWorker Uniform	0	0	0.100000	0													0				0
003CD188	CreatureClothes_RaiderLeathersScorched	Raider Leathers	0	0	0.100000	0													0				0
003CD18A	CreatureClothes_AsylumWorkerScorched	Asylum Worker Scorched	0	0	0.100000	0													0				0
003CD18C	CreatureClothes_ShortSleeveSlacksStripedScorched	ShortSleeveSlacksStripedScorched	0	0	0.100000	0													0				0
003CD18E	CreatureClothes_ShortSleeveSlacksBlueScorched	ShortSleeveSlacksBlueScorched	0	0	0.100000	0													0				0
003CD190	CreatureClothes_ShortSleeveSlacksRedScorched	ShortSleeveSlacksRedScorched	0	0	0.100000	0													0				0
003CD192	CreatureClothes_ShortSleeveSlacksWhiteScorched	ShortSleeveSlacksWhiteScorched	0	0	0.100000	0													0				0
003CD194	CreatureClothes_JumpsuitScorched	Jumpsuit	0	0	0.100000	0													0				0
003CD196	CreatureClothes_JumpsuitDieselFusionScorched	Jumpsuit Diesel Fusion	0	0	0.100000	0													0				0
003CD198	CreatureClothes_JumpsuitRobCoScorched	Jumpsuit Rob Co	0	0	0.100000	0													0				0
003CD19A	CreatureClothes_JumpsuitVaultTecScorched	Vault-Tec Jumpsuit	0	0	0.100000	0													0				0
003CD19C	CreatureClothes_JumpsuitWavyWillardScorched	Jumpsuit Wavy Willard	0	0	0.100000	0													0				0
003CD19E	CreatureClothes_AmusementParkWorkerScorched	Amusement Park Worker Scorched	0	0	0.100000	0													0				0
003D006B	ProtectronHeadDamageA		0	0	0.000000	0													0				0
003D7524	Clothes_Wastelander_02_Hood_GlovesB_NotPlayable		0	0	99.900002	0													0				0
003D7525	Clothes_Wastelander_01_GlovesA_NotPlayable		0	0	99.900002	0													0				0
003D7526	Armor_Casual_Underarmor_ShirtJeans_NotPlayable		0	0	99.900002	0													0				0
003D7527	Armor_Casual_Underarmor_FlannelJeans_NotPlayable		0	0	99.900002	0													0				0
003DA393	DONTPLACEClothes_Backpack_Vault_NONPLAYABLE	Backpack	0	60	5.000000	0													0	Durability_Armor_Combat_Min	ConditionDamageScaleFactor_Armor_Combat		0
003E56A5	SkinWendigoGrunge		0	0	0.000000	0													0				0
003E56A8	SkinWendigoGlow		0	0	0.000000	0													0				0
003E5754	Clothes_Jumpsuit_BOS	BOS Jumpsuit	0	25	0.100000	0													0				0
003E5756	ATX_Clothes_Jumpsuit_CamdenPark	Camden Park Jumpsuit	0	0	0.100000	0													0				0
003E5758	Clothes_Jumpsuit_ForestCamo	Forest Camo Jumpsuit	0	50	0.100000	0													0				0
003E575A	ATX_Clothes_Jumpsuit_GraftonSteel	Grafton Steel Jumpsuit	0	0	0.100000	0													0				0
003E575C	ATX_Clothes_Jumpsuit_Ranger	Park Ranger Jumpsuit	0	0	0.100000	0													0				0
003E575E	ATX_Clothes_Jumpsuit_RobCo	RobCo Jumpsuit	0	0	0.100000	0													0				0
003E5760	Clothes_Jumpsuit_VaultTec	Vault-Tec Jumpsuit	0	15	0.100000	0													0				0
003E5762	ATX_Clothes_Jumpsuit_Watoga	Watoga Jumpsuit	0	0	0.100000	0													0				0
003E5764	ATX_Clothes_Jumpsuit_WavyWillard	Wavy Willard Jumpsuit	0	0	0.100000	0													0				0
003E5766	Clothes_Jumpsuit_WhitePowder	White Powder Jumpsuit	0	30	0.100000	0													0				0
003E5768	Clothes_Jumpsuit_WhiteSpring	Whitespring Jumpsuit	0	45	0.100000	0													0				0
003E576A	Clothes_Responders_Jumpsuit_Paramedic	Responders Paramedic Jumpsuit	0	15	0.100000	0													0				0
003E576C	Clothes_SkiingNavyAndOrangeOutfit	Skiing Navy And Orange Outfit	0	30	0.100000	0													0				0
003E576E	Clothes_SkiingPurpleAndWhiteOutfit	Skiing Purple And White Outfit	0	10	0.100000	0													0				0
003E5770	Clothes_SkiingRedAndGreenOutfit	Skiing Red And Green Outfit	0	10	0.100000	0													0				0
003E5772	ATX_Clothes_PrewarShortSleevesAndSlacks_BlueAndTan	Blue and Tan Shirt and Slacks	0	0	0.100000	0													0				0
003E5774	ATX_Clothes_PrewarShortSleevesAndSlacks_RedAndKhaki	Red And Khaki Shirt and Slacks	0	0	0.100000	0													0				0
003E5776	ATX_Clothes_PrewarShortSleevesAndSlacks_WhiteAndGrey	White And Grey Shirt and Slacks	0	0	0.100000	0													0				0
003E8C71	Clothes_Responders_CopUniform	Responder Police Uniform	0	91	0.100000	0													0				0
003E8C73	Headwear_Responders_CopHat	Cop Cap	0	15	0.100000	0													0				0
003E8C76	Clothes_Responders_FiremanUniform	Responder Fireman Uniform	0	36	0.100000	0													0				0
003E8CE4	Headwear_Responders_FiremanHat	Responder Fireman Helmet	0	15	0.100000	0													0				0
003EB22E	FXAutoMinerDrillingArmor		0	0	0.000000	0													0				0
003EB3B6	CreatureClothes_IntelOfficerScorched	Intel Officer	0	0	0.100000	0													0				0
003EC600	ATX_Clothes_1950sCasualStylish	Roadtripper Blouse and Capris	0	0	0.100000	0													0				0
003ECB59	ATX_Clothes_VintageCoat	Vintage Linen Coat	0	0	0.100000	0													0				0
003EE3C0	ATX_Clothes_PrisonUniform	Prison Uniform	0	0	0.100000	0													0				0
003EFC5B	Clothes_Arktos_Lab_Coat	Arktos Lab Coat	0	19	0.100000	0													0				0
003F32BA	Headwear_Fasnacht_Mask_Sun	Fasnacht Sun Mask	0	10	0.100000	0													0				0
003F32BB	Headwear_Fasnacht_Mask_OldManWinter	Fasnacht Winter Man Mask	0	10	0.100000	0													0				0
003F32BC	zzz_Headwear_FaschnachtMasks06_Moon	Faschnacht Moon Mask	0	10	0.100000	0													0				0
003F510E	P01b_Mini_Robot_Hat	Hat, monogrammed B.B. Wolf	0	0	0.100000	0													0				0
003F5C49	Headwear_Fasnacht_Beret	Fasnacht Beret	0	15	0.100000	0													0				0
003F5C9F	zzzE01B_Encryptid_Clothes_SpySuit		0	14	0.100000	0													0				0
003F6B58	Headwear_Fasnacht_Tyrolean_Hat	Fasnacht Tyrolean Hat	0	15	0.100000	0													0				0
003F73B1	ATX_Clothes_NukaGirlHelmet	Nuka-Girl Helmet	0	0	0.100000	0													0				0
003F8392	ATX_Headwear_Fasnacht_OldManSummer	Fasnacht Old Man Summer Mask	0	0	0.100000	0													0				0
003F83FC	zzzATX_PipBoy2000_HunterOrange	Pip-Boy 2000 Hunter Orange	0	0	0.000000	0													0				0
003FA73B	SkinProtectronBeeKeeper		0	0	0.000000	0													0				0
003FB9AC	Clothes_Sheepsquatch_Imposter_Outfit	Imposter Sheepsquatch Outfit	0	125	0.100000	0													0				0
003FB9AE	Headwear_Sheepsquatch_Imposter_Helmet	Imposter Sheepsquatch Helmet	0	125	0.100000	0													0				0
003FC7DC	P01C_Tadpole_Headwear_PioneerScout_Tadpole	Pioneer Scout Hat: Tadpole	0	3	0.100000	0													0				0
003FC7DD	P01C_Tadpole_Headwear_PioneerScout_Possum	Pioneer Scout Hat: Possum	0	3	0.100000	0													0				0
003FC7DE	P01C_Tadpole_Clothes_PioneerScoutOutfit_Tadpole_Skirt	Pioneer Scout Tadpole Skirt	0	1	0.100000	0													0				0
003FC7E5	P01C_Tadpole_Headwear_PioneerScout_Squirrel	Pioneer Scout Hat: Squirrel	0	30	0.100000	0													0				0
003FCC6C	ATX_Headwear_PrepperTrapper	Raider Scabber Mask	0	0	0.100000	0													0				0
003FCC6E	ATX_Headwear_VaultGirlMask	Vault Girl Mascot Head	0	0	0.100000	0													0				0
003FE430	ATX_Headwear_RadOpossumHat	Rad Opossum Hat	0	0	0.100000	0													0				0
00402CB5	zzzATX_Armor_BackPack_03_Box_KeepOut	Standard Backpack	0	0	1.000000	0													0				0
004044CF	ATX_Clothes_PrepperTrapper_1_Outfit	Survivalist's Outfit	0	0	0.100000	0													0				0
004044D2	ATX_Headwear_PrepperTrapper_1_Mask	Survivalist's Mask	0	0	0.100000	0													0				0
00405835	ATX_Clothes_PrepperTrapper_2	Stalker Outfit	0	0	0.100000	0													0				0
00406B8D	ATX_Headwear_Fasnacht_Moon	Fasnacht Moonshine Mama Mask	0	0	0.100000	0													0				0
00407E33	ATX_Headwear_ScientistGoggles	Scientist's Goggles	0	0	0.100000	0													0				0
0040C211	SkinRadStagSickly		0	0	0.000000	0													0				0
0040D538	ATX_Clothes_AlbinoFur	Albino Fur Outfit	0	0	0.100000	0													0				0
0040DEF8	ATX_TP_Armor_Casual_Underarmor_BowlingTeam	Bowling Team Underarmor	0	0	0.500000	0													0				0
0040E0DF	ATX_Armor_Casual_Underarmor_RollerDerby	Roller Derby Underarmor	0	0	0.500000	0													0				0
0040E408	ATX_Armor_Casual_Underarmor_TacticalOps	Tactical Ops Underarmor	0	0	0.500000	0													0				0
0040E4BD	ATX_Armor_Casual_Underarmor_VintageFootball	Vintage Football Underarmor	0	0	0.500000	0													0				0
0040E4BF	ATX_Headwear_VintageFootball	Vintage Football Helmet	0	0	0.100000	0													0				0
0040FAC1	E01B_Encryptid_Clothes_WhiteFedora	White Wolf Fedora	0	15	0.100000	0													0				0
0040FE45	zzzClothes_PioneerScout_Shorts	Pionner Scout Shorts	0	40	0.100000	0													0				0
0040FE46	zzzClothes_PioneerScout_Skirt	Pionner Scout Skirt	0	40	0.100000	0													0				0
004102BC	ATX_Headwear_MothmanMaskAlien	Alien Mothman Mask	0	0	0.100000	0													0				0
004102BE	ATX_Headwear_MothmanMaskMetal	Metal Mothman Mask	0	0	0.100000	0													0				0
004122C9	E01B_Encryptid_PlayerConduitVFX		0	0	0.000000	0													0				0
00415795	P01C_Tadpole_Clothes_PioneerScoutOutfit_Tadpole_Shorts	Pioneer Scout Tadpole Shorts	0	1	0.100000	0													0				0
00415796	P01C_Tadpole_Clothes_PioneerScoutOutfit_Possum_Unisex	Pioneer Scout Possum Uniform	0	20	0.100000	0													0				0
00415797	P01C_Tadpole_Clothes_PioneerScoutOutfit_Possum_Skirt	Pioneer Scout Possum Skirt	0	2	0.100000	0													0				0
00415798	P01C_Tadpole_Clothes_PioneerScoutOutfit_Squirrel_Shorts	Pioneer Scout Squirrel Shorts	0	40	0.100000	0													0				0
00415799	P01C_Tadpole_Clothes_PioneerScoutOutfit_Squirrel_Skirt	Pioneer Scout Squirrel Skirt	0	30	0.100000	0													0				0
00417A0A	zzzzBackpack_01_Military		0	60	1.000000	0													0				0
00417A0B	zzzBackpack_01_GO		0	0	0.000000	0													0				0
00417A0C	zzzBackpack_01_M		0	0	0.000000	0													0				0
00417A0D	zzzBackpack_01_F		0	0	0.000000	0													0				0
00417A0E	zzzBackpack_01_BlackCloth		0	60	1.000000	0													0				0
00417A0F	zzzBackpack_01_BlackLeather		0	60	1.000000	0													0				0
00417A10	zzzBackpack_01_BrownLeather		0	60	1.000000	0													0				0
0041A1EF	zzz_ATX_Headwear_PlagueDoctorMask_Female	Plague Doctor Mask	0	0	0.100000	0													0				0
0041A1F0	ATX_Headwear_PlagueDoctorMask	Plague Doctor Mask	0	0	0.100000	0													0				0
0041A1F1	ATX_Headwear_PlagueDoctorMask_GO		0	0	0.000000	0													0				0
0041A507	ATX_Headwear_HunterSafetyVest1	Hunter Safety Orange Hat	0	0	0.100000	0													0				0
0041A509	ATX_Clothes_HunterSafetyVest1	Hunter Safety Vest Orange Outfit	0	0	0.100000	0													0				0
0041A50C	ATX_Clothes_HunterSafetyVest2	Hunter Safety Vest Red Outfit	0	0	0.100000	0													0				0
0041A50E	ATX_Headwear_HunterSafetyVest2	Hunter Safety Beige Hat	0	0	0.100000	0													0				0
0041A70B	ATX_Headwear_Mask_Skull_GO		0	0	0.000000	0													0				0
0041A70C	ATX_Headwear_Mask_Skull_Male		0	0	0.000000	0													0				0
0041A70D	ATX_Headwear_Mask_Skull_Female		0	0	0.000000	0													0				0
0041A70E	ATX_Headwear_SkullMask	Skull Mask	0	0	0.100000	0													0				0
0041B722	ATX_Headwear_EasterBonnet	Easter Bonnet	0	0	0.100000	0													0				0
0041B724	ATX_Headwear_EasterBunnyMascot	Easter Bunny Mascot	0	0	0.100000	0													0				0
0041B8B2	P01L_MotivationalCollar	Motivational Collar	0	15	0.100000	0													0				0
0041B982	ATX_Headwear_PumpkinVaultGirlMask	Pumpkin Vault Girl Head	0	0	0.100000	0													0				0
0041B984	ATX_Headwear_DevilVaultGirlMask	Devil Vault Girl Head	0	0	0.100000	0													0				0
0041F4EF	ATX_Headwear_SheepsquatchMascotHead_Black	Baaaad News Billy Head	0	0	0.100000	0													0				0
0041F4F0	ATX_Clothes_SheepsquatchMascotOutfit_Black	Baaaad News Billy Suit	0	0	0.100000	0													0				0
0041FF90	ATX_Armor_PowerArmor_ExcavatorRaider_Torso	Bone Raider Torso	0	140	15.000000	100													0	Durability_Armor_Power_Min	ConditionDamageScaleFactor_PowerArmor_Excavator	Durability_Armor_Power_Max	0
0041FF91	ATX_Armor_PowerArmor_ExcavatorRaider_LegRight	Bone Raider Right Leg	0	100	12.000000	100													0	Durability_Armor_Power_Min	ConditionDamageScaleFactor_PowerArmor_Excavator	Durability_Armor_Power_Max	0
0041FF92	ATX_Armor_PowerArmor_ExcavatorRaider_LegLeft	Bone Raider Left Leg	0	100	12.000000	100													0	Durability_Armor_Power_Min	ConditionDamageScaleFactor_PowerArmor_Excavator	Durability_Armor_Power_Max	0
0041FF93	ATX_Armor_PowerArmor_ExcavatorRaider_ArmLeft	Bone Raider Left Arm	0	75	11.000000	100													0	Durability_Armor_Power_Min	ConditionDamageScaleFactor_PowerArmor_Excavator	Durability_Armor_Power_Max	0
0041FF94	ATX_Armor_PowerArmor_ExcavatorRaider_ArmRight	Bone Raider Right Arm	0	75	11.000000	100													0	Durability_Armor_Power_Min	ConditionDamageScaleFactor_PowerArmor_Excavator	Durability_Armor_Power_Max	0
0041FF95	ATX_Armor_PowerArmor_ExcavatorRaider_Helmet	Bone Raider Helmet	0	60	10.000000	100													0	Durability_Armor_Power_Min	ConditionDamageScaleFactor_PowerArmor_Excavator	Durability_Armor_Power_Max	0
00421205	ZZZBackPack_12_NukaCola	BackPack_12_NukaCola	0	0	0.000000	0													0				0
004219F6	zzzATX_Armor_BackPack_05_Cooler_NukaCola	Standard Backpack	0	0	1.000000	0													0				0
004219F7	zzzATX_Armor_BackPack_05_Cooler_Vim	BackPack_05_Vim	0	0	0.000000	0													0				0
00424551	zzzArmor_Babylon_Intro_VaultSuit51_Underarmor_NotPlayable		0	0	99.900002	0													0				0
004245F5	zzzATX_Armor_BackPack_05_Cooler_Nukashine	Nukashine Cooler Backpack	0	0	0.000000	0													0				0
004245F7	zzzATX_Armor_BackPack_05_Cooler_HazMat	Standard Backpack	0	0	1.000000	0													0				0
00424FDE	ATX_Headwear_CryptidEnthusiast	Cryptid Enthusiast Hat	0	0	0.100000	0													0				0
00424FE0	ATX_Clothes_CryptidEnthusiast	Cryptid Enthusiast Outfit	0	0	0.100000	0													0				0
00425CB5	ATX_Headwear_MaskedWrestler	Wrestler Mask	0	0	0.100000	0													0				0
00425CB7	ATX_Armor_Casual_Underarmor_MaskedWrestler	Masked Wrestler Underarmor	0	0	0.500000	0													0				0
00425D4F	ATX_Headwear_TinfoilSuit	Conspiracy Hat	0	0	0.100000	0													0				0
00425D51	ATX_Armor_Casual_Underarmor_TinfoilSuit	Conspiracy Suit Underarmor	0	0	0.500000	0													0				0
004270FE	P01C_Tadpole_Clothes_PioneerScoutOutfit_Tadpole_Unisex	Pioneer Scout Tadpole Uniform	0	10	0.100000	0													0				0
00427101	P01C_Tadpole_Clothes_PioneerScoutOutfit_Possum_Shorts	Pioneer Scout Possum Shorts	0	2	0.100000	0													0				0
00427334	zzzATX_Armor_Backpack_Hardcase_Corvega	Standard Backpack	0	0	1.000000	0													0				0
004275E9	Armor_Backpack_Standard	Backpack	0	60	1.000000	0													0				0
004277E4	ATX_Headwear_NukashineBeerHat	Nukashine Beer Hat	0	0	0.100000	0													0				0
004277E8	ATX_Headwear_NukashineBeerHat_Flag	Patriot Nukashine Beer Hat	0	0	0.100000	0													0				0
004277EA	ATX_Headwear_NukashineBeerHat_Plastic	Plastic Nukashine Beer Hat	0	0	0.100000	0													0				0
00429ABD	SkinMoleMinerLegendaryVendor		0	0	0.000000	0													0				0
0042EC63	SkinWendigoScoutOutfit		0	0	0.000000	0													0				0
0042EC65	zzzATX_Armor_BackPack_04_Shovel_Black	Standard Backpack	0	0	1.000000	0													0				0
0042EC67	zzzATX_Armor_BackPack_04_Shovel_Camo	Standard Backpack	0	0	1.000000	0													0				0
0042EC69	zzzATX_Armor_BackPack_04_Shovel_Green	Standard Backpack	0	0	1.000000	0													0				0
0042EC6B	zzzATX_Armor_BackPack_04_Shovel_Pink	Standard Backpack	0	0	1.000000	0													0				0
0042EC6D	zzzATX_Armor_BackPack_04_Shovel_Red	Standard Backpack	0	0	1.000000	0													0				0
0042F5D2	W05_MQR_203P_Headwear_DudExplosiveCollar	Dud Explosive Collar	0	0	0.000000	0													0				0
004301D9	ATX_Headwear_Unstoppables_SilverShroud_Fedora	Silver Shroud's Fedora	0	0	0.100000	0													0				0
0043181B	Armor_OldRing	Old Ring	0	100	0.100000	0													0				0
00434548	ATX_Clothes_DoctorsScrubs	Medical Scrubs	0	0	0.100000	0													0				0
0043454C	CUT_ATX_Clothes_DoctorsScrubs	Doctor's Scrubs	0	0	0.100000	0													0				0
0043454F	CUT_ATX_Headwear_DoctorsScrubsHat	Doctor's Scrubs Hat	0	0	0.100000	0													0				0
00434550	ATX_Headwear_DoctorsScrubsHat	Medical Scrubs Cap	0	0	0.100000	0													0				0
004347C5	CUT_ATX_Clothes_AmericanDaredevilSuit	American Daredevil Suit	0	0	0.100000	0													0				0
004347C7	ATX_Clothes_AmericanDaredevilSuit	Daredevil Suit	0	0	0.100000	0													0				0
00434DDB	CUT_ATX_Headwear_DoctorsMask	Doctor's Mask	0	0	0.100000	0													0				0
00434DDC	ATX_Headwear_DoctorsMask	Medical Smile Mask	0	0	0.100000	0													0				0
00437F1F	ATX_Clothes_VaultTecScientistTRAILER	Vault-Tec Lab Coat	0	0	0.100000	0													0				0
00439224	CUT_ATX_Clothes_GreaserJacketLeather	Leather Greaser Jacket	0	0	0.100000	0													0				0
00439225	ATX_Clothes_GreaserJacketLeather	Leather Greaser Jacket and Jeans	0	0	0.100000	0													0				0
004395E0	CUT_ATX_Clothes_FishingOutfit	Fishing Outfit	0	0	0.100000	0													0				0
004395E2	ATX_Clothes_FishingOutfit	Fishing Outfit	0	0	0.100000	0													0				0
004395E5	CUT_ATX_Headwear_FishingOutfitHat	Fishing Outfit Hat	0	0	0.100000	0													0				0
004395E6	ATX_Headwear_FishingOutfitHat	Fly-Fishing Hat	0	0	0.100000	0													0				0
00439D12	CUT_ATX_Clothes_Pajamas2Piece	Two Piece Pajamas	0	0	0.100000	0													0				0
00439D13	ATX_Clothes_Pajamas_2Piece	Two-Piece Pajamas	0	0	0.100000	0													0				0
00439DCF	CUT_ATX_Headwear_FloppySunHat	Floppy Sun Hat	0	0	0.100000	0													0				0
00439DD0	ATX_Headwear_FloppySunHat	Sun Hat	0	0	0.100000	0													0				0
00439EFE	CUT_ATX_Headwear_ClocheHat	Cloche Hat	0	0	0.100000	0													0				0
00439EFF	ATX_Headwear_ClocheHat	Cloche Hat	0	0	0.100000	0													0				0
00439F00	ZZZ_Armor_Babylon_DLC03_Marine_ArmorSet	Invalid Item	0	75	30.000000	400													0	Durability_Armor_Marine_Min	zzz_ConditionDamageScaleFactor_Armor_Marine_Babylon	Durability_Armor_Marine_Max	0
00439F01	zzz_Armor_Babylon_EnclaveScoutUniform_ArmorSet	Invalid Item	0	0	20.000000	350													0	Durability_Armor_Leather_Min	zzz_ConditionDamageScaleFactor_Armor_Enclave_Babylon	Durability_Armor_Leather_Max	0
00439F02	zzzArmor_Babylon_Wood_ArmorSet	Invalid Item	0	15	15.000000	300													0	Durability_Armor_Wood_Min	zzz_ConditionDamageScaleFactor_Armor_Wood_Babylon	Durability_Armor_Wood_Max	0
0043A95D	CUT_ATX_Headwear_PillboxHat	Pillbox Hat	0	0	0.100000	0													0				0
0043A95E	ATX_Headwear_PillboxHat	Pillbox Hat	0	0	0.100000	0													0				0
0043A962	ATX_Headwear_Monocle	Monocle	0	0	0.100000	0													0				0
0043A963	CUT_ATX_Headwear_Monocle	Clean Monocle	0	0	0.100000	0													0				0
0043B313	zzz_Debug_Legendary1_Armor_Marine_ArmLeft_LessDmgScorched	Junk	0	0	200.000000	100													0	Durability_Armor_Marine_Min	ConditionDamageScaleFactor_Armor_Marine	Durability_Armor_Marine_Max	0
0043B314	zzz_Debug_Legendary1_Armor_Marine_ArmRight_LessDmgScorched	Junk	0	0	200.000000	100													0	Durability_Armor_Marine_Min	ConditionDamageScaleFactor_Armor_Marine	Durability_Armor_Marine_Max	0
0043B315	zzz_Debug_Legendary1_Armor_Marine_LegLeft_LessDmgScorched	Junk	0	0	200.000000	100													0	Durability_Armor_Marine_Min	ConditionDamageScaleFactor_Armor_Marine	Durability_Armor_Marine_Max	0
0043B316	zzz_Debug_Legendary1_Armor_Marine_LegRight_LessDmgScorched	Junk	0	0	200.000000	100													0	Durability_Armor_Marine_Min	ConditionDamageScaleFactor_Armor_Marine	Durability_Armor_Marine_Max	0
0043B317	zzz_Debug_Legendary1_Armor_Marine_Torso_LessDmgScorched	Junk	0	0	200.000000	100													0	Durability_Armor_Marine_Min	ConditionDamageScaleFactor_Armor_Marine	Durability_Armor_Marine_Max	0
0043B31D	zzz_debug_Armor_PowerArmor_X01_ArmLeft	Playtest X-01 Left Arm	0	200	13.000000	100													0	Durability_Armor_Power_Min	ConditionDamageScaleFactor_PowerArmor_X01	Durability_Armor_Power_Max	0
0043B31E	zzz_debug_Armor_PowerArmor_X01_ArmRight	Playtest X-01 Right Arm	0	200	13.000000	100													0	Durability_Armor_Power_Min	ConditionDamageScaleFactor_PowerArmor_X01	Durability_Armor_Power_Max	0
0043B31F	zzz_debug_Armor_PowerArmor_X01_Torso	Playtest X-01 Torso	0	280	19.000000	100													0	Durability_Armor_Power_Min	ConditionDamageScaleFactor_PowerArmor_X01	Durability_Armor_Power_Max	0
0043B320	zzz_debug_Armor_PowerArmor_X01_LegLeft	Playtest X-01 Left Leg	0	200	15.000000	100													0	Durability_Armor_Power_Min	ConditionDamageScaleFactor_PowerArmor_X01	Durability_Armor_Power_Max	0
0043B321	zzz_debug_Armor_PowerArmor_X01_LegRight	Playtest X-01 Right Leg	0	200	15.000000	100													0	Durability_Armor_Power_Min	ConditionDamageScaleFactor_PowerArmor_X01	Durability_Armor_Power_Max	0
0043B322	zzz_debug_Armor_PowerArmor_X01_Helmet	Playtest X-01 Helm	0	140	12.000000	100													0	Durability_Armor_Power_Min	ConditionDamageScaleFactor_PowerArmor_X01	Durability_Armor_Power_Max	0
0043B753	zzz_Debug_Legendary1_Armor_Combat_Torso_Bolstering	Junk	0	0	200.000000	100													0	Durability_Armor_Combat_Min	ConditionDamageScaleFactor_Armor_Combat	Durability_Armor_Combat_Max	0
0043B754	zzz_Debug_Legendary1_Armor_Combat_ArmLeft_Bolstering	Junk	0	0	200.000000	100													0	Durability_Armor_Combat_Min	ConditionDamageScaleFactor_Armor_Combat	Durability_Armor_Combat_Max	0
0043B755	zzz_Debug_Legendary1_Armor_Combat_ArmRight_Bolstering	Junk	0	0	200.000000	100													0	Durability_Armor_Combat_Min	ConditionDamageScaleFactor_Armor_Combat	Durability_Armor_Combat_Max	0
0043B756	zzz_Debug_Legendary1_Armor_Combat_LegLeft_Bolstering	Junk	0	0	200.000000	100													0	Durability_Armor_Combat_Min	ConditionDamageScaleFactor_Armor_Combat	Durability_Armor_Combat_Max	0
0043B757	zzz_Debug_Legendary1_Armor_Combat_LegRight_Bolstering	Junk	0	0	200.000000	100													0	Durability_Armor_Combat_Min	ConditionDamageScaleFactor_Armor_Combat	Durability_Armor_Combat_Max	0
0043BA23	zzz_Debug_Legendary2_Armor_Combat_Torso_Mutants	Junk	0	0	200.000000	100													0	Durability_Armor_Combat_Min	ConditionDamageScaleFactor_Armor_Combat	Durability_Armor_Combat_Max	0
0043BA24	zzz_Debug_Legendary2_Armor_Marine_Torso_Mutants	Junk	0	0	200.000000	100													0	Durability_Armor_Marine_Min	ConditionDamageScaleFactor_Armor_Marine	Durability_Armor_Marine_Max	0
0043BA25	zzz_Debug_Legendary2_Armor_Marine_ArmLeft_Mutants	Junk	0	0	200.000000	100													0	Durability_Armor_Marine_Min	ConditionDamageScaleFactor_Armor_Marine	Durability_Armor_Marine_Max	0
0043BA26	zzz_Debug_Legendary2_Armor_Marine_ArmRight_Mutants	Junk	0	0	200.000000	100													0	Durability_Armor_Marine_Min	ConditionDamageScaleFactor_Armor_Marine	Durability_Armor_Marine_Max	0
0043BA27	zzz_Debug_Legendary2_Armor_Marine_LegLeft_Mutants	Junk	0	0	200.000000	100													0	Durability_Armor_Marine_Min	ConditionDamageScaleFactor_Armor_Marine	Durability_Armor_Marine_Max	0
0043BA28	zzz_Debug_Legendary2_Armor_Marine_LegRight_Mutants	Junk	0	0	200.000000	100													0	Durability_Armor_Marine_Min	ConditionDamageScaleFactor_Armor_Marine	Durability_Armor_Marine_Max	0
0043CF3F	Babylon_Headwear_GladiatorMask	Gladiator Mask	0	0	0.100000	0													0				0
0043CF40	Babylon_Headwear_CenturionHelmet	Centurion Helmet	0	0	0.100000	0													0				0
0043CF41	Babylon_Headwear_MakeshiftRoninHelmet	Makeshift Ronin Helmet	0	0	0.100000	0													0				0
0043E171	zzz_TEST_Armor_Leather_LegLeft_Legendary1_Weightless	Leather Left Leg	0	26	2.250000	100													0	Durability_Armor_Leather_Min	ConditionDamageScaleFactor_Armor_Leather	Durability_Armor_Leather_Max	0
00441A91	ATX_Headwear_FruitHat	Fruit Hat	0	0	0.100000	0													0				0
004428EF	zzz_debug_Armor_RaiderMod_ArmLeft	Balance Raider Left Arm	0	30	2.250000	100													0	Durability_Armor_Raider_Min	ConditionDamageScaleFactor_Armor_Raider	Durability_Armor_Raider_Max	0
004428F0	zzz_debug_Armor_RaiderMod_ArmRight	Balance  Raider Right Arm	0	30	2.250000	100													0	Durability_Armor_Raider_Min	ConditionDamageScaleFactor_Armor_Raider	Durability_Armor_Raider_Max	0
004428F1	zzz_debug_Armor_RaiderMod_LegLeft	Balance Raider Left Leg	0	8	2.500000	100													0	Durability_Armor_Raider_Min	ConditionDamageScaleFactor_Armor_Raider	Durability_Armor_Raider_Max	0
004428F2	zzz_debug_Armor_RaiderMod_LegRight	Balance Raider Right Leg	0	34	2.500000	100													0	Durability_Armor_Raider_Min	ConditionDamageScaleFactor_Armor_Raider	Durability_Armor_Raider_Max	0
004428F3	zzz_debug_Armor_RaiderMod_Torso	Balance Raider Chest Piece	0	50	4.500000	100													0	Durability_Armor_Raider_Min	ConditionDamageScaleFactor_Armor_Raider	Durability_Armor_Raider_Max	0
004428F6	zzz_debug_Armor_Combat_ArmLeft	Balance Combat Armor Left Arm	0	60	2.750000	100													0	Durability_Armor_Combat_Min	ConditionDamageScaleFactor_Armor_Combat	Durability_Armor_Combat_Max	0
004428F7	zzz_debug_Armor_Combat_ArmRight	Balance Combat Armor Right Arm	0	60	2.750000	100													0	Durability_Armor_Combat_Min	ConditionDamageScaleFactor_Armor_Combat	Durability_Armor_Combat_Max	0
004428F8	zzz_debug_Armor_Combat_LegLeft	Balance Combat Armor Left Leg	0	25	3.000000	100													0	Durability_Armor_Combat_Min	ConditionDamageScaleFactor_Armor_Combat	Durability_Armor_Combat_Max	0
004428F9	zzz_debug_Armor_Combat_LegRight	Balance Combat Armor Right Leg	0	25	3.000000	100													0	Durability_Armor_Combat_Min	ConditionDamageScaleFactor_Armor_Combat	Durability_Armor_Combat_Max	0
004428FA	zzz_debug_Armor_Combat_Torso	Balance Combat Armor Chest Piece	0	60	7.000000	100													0	Durability_Armor_Combat_Min	ConditionDamageScaleFactor_Armor_Combat	Durability_Armor_Combat_Max	0
004428FB	zzz_debug_Armor_Metal_ArmLeft	Balance Metal Left Arm	0	45	2.500000	100													0	Durability_Armor_Metal_Min	ConditionDamageScaleFactor_Armor_Metal	Durability_Armor_Metal_Max	0
004428FC	zzz_debug_Armor_Metal_ArmRight	Balance Metal Right Arm	0	45	2.500000	100													0	Durability_Armor_Metal_Min	ConditionDamageScaleFactor_Armor_Metal	Durability_Armor_Metal_Max	0
004428FD	zzz_debug_Armor_Metal_LegLeft	Balance Metal Left Leg	0	15	2.500000	100													0	Durability_Armor_Metal_Min	ConditionDamageScaleFactor_Armor_Metal	Durability_Armor_Metal_Max	0
004428FE	zzz_debug_Armor_Metal_LegRight	Balance Metal Right Leg	0	15	2.500000	100													0	Durability_Armor_Metal_Min	ConditionDamageScaleFactor_Armor_Metal	Durability_Armor_Metal_Max	0
004428FF	zzz_debug_Armor_Metal_Torso	Balance Metal Chest Piece	0	40	5.500000	100													0	Durability_Armor_Metal_Min	ConditionDamageScaleFactor_Armor_Metal	Durability_Armor_Metal_Max	0
00442903	zzz_debug_Armor_Sturdy_Combat_ArmLeft	Balance Sturdy Combat Armor Left Arm	0	60	2.750000	100													0	Durability_Armor_Combat_Min	ConditionDamageScaleFactor_Armor_Combat	Durability_Armor_Combat_Max	0
00442904	zzz_debug_Armor_Sturdy_Combat_ArmRight	Balance Sturdy Combat Armor Right Arm	0	60	2.750000	100													0	Durability_Armor_Combat_Min	ConditionDamageScaleFactor_Armor_Combat	Durability_Armor_Combat_Max	0
00442905	zzz_debug_Armor_Sturdy_Combat_LegLeft	Balance Sturdy Combat Armor Left Leg	0	25	3.000000	100													0	Durability_Armor_Combat_Min	ConditionDamageScaleFactor_Armor_Combat	Durability_Armor_Combat_Max	0
00442906	zzz_debug_Armor_Sturdy_Combat_LegRight	Balance Sturdy Combat Armor Right Leg	0	25	3.000000	100													0	Durability_Armor_Combat_Min	ConditionDamageScaleFactor_Armor_Combat	Durability_Armor_Combat_Max	0
00442907	zzz_debug_Armor_Sturdy_Combat_Torso	Balance Sturdy Combat Armor Chest Piece	0	60	7.000000	100													0	Durability_Armor_Combat_Min	ConditionDamageScaleFactor_Armor_Combat	Durability_Armor_Combat_Max	0
0044D3FD	Clothes_PrewarHouseDress_Blue_Clean_NONPLAYABLE		0	0	99.900002	0													0				0
0044D3FE	Clothes_PrewarHouseDress_Cream_Clean_NONPLAYABLE		0	0	99.900002	0													0				0
0044D3FF	Clothes_PrewarHouseDress_Pink_Clean_NONPLAYABLE		0	0	99.900002	0													0				0
0044D400	Clothes_SummerShorts_NotPlayable		0	0	99.900002	0													0				0
0044D401	Clothes_PrewarSweaterVest_Clean_NONPLAYABLE		0	0	99.900002	0													0				0
0044D403	Headwear_VaultTecSecurityHelmet_NotPlayable		0	0	99.900002	0													0				0
00450190	CUT_ATX_Headwear_AntlerHeadDress	Antler Head Dress	0	0	0.100000	0													0				0
00450193	ATX_Headwear_AntlerHeadBand	Felt Antler Headband	0	0	0.100000	0													0				0
00450197	CUT_ATX_Headwear_DaredevilHelmet	Daredevil Helmet	0	0	0.100000	0													0				0
00450198	ATX_Headwear_DaredevilHelmet	Daredevil Helmet	0	0	0.100000	0													0				0
0045019C	CUT_ATX_Headwear_FezHat	Fez Hat	0	0	0.100000	0													0				0
0045019D	ATX_Headwear_FezHatClean	Fez	0	0	0.100000	0													0				0
004501A1	CUT_ATX_Headwear_LeatherCap	Leather Cap	0	0	0.100000	0													0				0
004501A2	ATX_Headwear_LeatherCap	Leather Cap	0	0	0.100000	0													0				0
00450361	CUT_ATX_Headwear_ModernBonnet	Modern Bonnet	0	0	0.100000	0													0				0
00450362	ATX_Headwear_ModernBonnet	Modern Bonnet	0	0	0.100000	0													0				0
00450C0C	CUT_ATX_Clothes_PajamasVaultTec	Vault-Tec Pajamas	0	0	0.100000	0													0				0
00450C0E	ATX_Clothes_Pajamas_VaultTec	Vault-Tec Pajamas	0	0	0.100000	0													0				0
00451160	CUT_ATX_Clothes_FlapperDress	Flapper Dress	0	0	0.100000	0													0				0
00451163	ATX_Clothes_FlapperDress	Patterned Fringed Dress	0	0	0.100000	0													0				0
00451164	CUT_ATX_Headwear_FlapperHeadband	Flapper Headband	0	0	0.100000	0													0				0
00451165	CUT_ATX_Headwear_FlapperHeadbandClean	Flapper Tiara	0	0	0.100000	0													0				0
00451C8D	CUT_ATX_Headwear_TruckerHat_VTU	Worn VTU Trucker Hat	0	0	0.100000	0													0				0
00451C90	CUT_ATX_Headwear_TruckerHat_76Logo	Worn 76 Trucker Hat	0	0	0.100000	0													0				0
00451C93	ATX_Headwear_TruckerHat_VTU_Clean	VTU Trucker Cap	0	0	0.100000	0													0				0
00451C96	ATX_Headwear_TruckerHat_76Logo_Clean	76 Trucker Cap	0	0	0.100000	0													0				0
00451C99	CUT_ATX_Headwear_TruckerHat_AmericanFlag	Worn American Trucker Hat	0	0	0.100000	0													0				0
00451C9C	ATX_Headwear_TruckerHat_AmericanFlag_Clean	American Trucker Cap	0	0	0.100000	0													0				0
00451C9F	CUT_ATX_Headwear_TruckerHat_GarrahanMining	Worn Garrahan Trucker Hat	0	0	0.100000	0													0				0
00451CA2	ATX_Headwear_TruckerHat_GarrahanMining_Clean	Garrahan Trucker Cap	0	0	0.100000	0													0				0
00451CA5	CUT_ATX_Headwear_TruckerHat_Mothman	Worn Mothman Trucker Hat	0	0	0.100000	0													0				0
00451CA8	ATX_Headwear_TruckerHat_Mothman_Clean	Mothman Trucker Cap	0	0	0.100000	0													0				0
00451CAB	CUT_ATX_Headwear_TruckerHat_RobCo	Worn RobCo Trucker Hat	0	0	0.100000	0													0				0
00451CAE	ATX_Headwear_TruckerHat_RobCo_Clean	RobCo Trucker Cap	0	0	0.100000	0													0				0
00451CB1	CUT_ATX_Headwear_TruckerHat_Tricentennial	Worn Tricentennial Trucker Hat	0	0	0.100000	0													0				0
00451CB4	ATX_Headwear_TruckerHat_Tricentennial_Clean	Tricentennial Trucker Cap	0	0	0.100000	0													0				0
00451CB7	CUT_ATX_Headwear_TruckerHat_WVOutline	Worn WVa Trucker Hat	0	0	0.100000	0													0				0
00451CBA	ATX_Headwear_TruckerHat_WVOutline_Clean	WVa Trucker Cap	0	0	0.100000	0													0				0
00452096	CUT_ATX_Headwear_HuntingCap	Plaid Hunting Cap	0	0	0.100000	0													0				0
00452099	ATX_Headwear_HuntingCap	Hunting Cap	0	0	0.100000	0													0				0
0045209B	CUT_ATX_Headwear_HuntingCap_FlapUp	Plaid Hunting Cap Ears Hot	0	0	0.100000	0													0				0
0045209E	ATX_Headwear_HuntingCap_FlapUp	Lifted Hunting Cap	0	0	0.100000	0													0				0
00452A08	CUT_ATX_Clothes_PoodleSkirt	Poodle Skirt	0	0	0.100000	0													0				0
00452A0A	ATX_Clothes_PoodleSkirt	Poodle Skirt and Blouse	0	0	0.100000	0													0				0
00452A0C	CUT_ATX_Headwear_PoodleSkirtGlasses	Poodle Skirt Glasses	0	0	0.100000	0													0				0
00452A0F	ATX_Headwear_PoodleSkirtGlasses	Hip Glasses	0	0	0.100000	0													0				0
004530A3	CUT_ATX_Clothes_DenimCanadianTuxedo	Denim Canadian Tuxedo	0	0	0.100000	0													0				0
004530A4	ATX_Clothes_DenimSuit	Denim Suit	0	0	0.100000	0													0				0
0045CBBE	zzz_Armor_Babylon_HazmatSuit	Invalid Item	0	85	10.000000	100													0	Durability_Armor_Leather_Min	zzz_ConditionDamageScaleFactor_Armor_Leather_Babylon	Durability_Armor_Leather_Max	0
0045EC31	ATX_Headwear_SantaBeard	Mr. Claus' Beard	0	0	0.100000	0													0				0
00467FA4	zzz_Test_Armor_BackPack_Default	backpack	0	0	0.000000	0													0				0
00469D18	zzzHeadwear_FakeSheepsquatchHelmet		0	20	0.100000	0													0				0
00469D19	zzzClothes_FakeSheepsquatchOutfit		0	10	0.100000	0													0				0
00469D1A	Headwear_SheepsquatchMascotHead	Sheepsquatch Mascot Head	0	125	0.100000	0													0				0
00469D1B	Clothes_SheepsquatchMascotOutfit	Sheepsquatch Mascot Outfit	0	125	0.100000	0													0				0
0046FDEC	ATX_Clothes_StarletSniper	Starlet Sniper Outfit	0	0	0.100000	0													0				0
0046FDEE	ATX_Headwear_StarletSniper	Starlet Sniper Hat	0	0	0.100000	0													0				0
00470FF7	ATX_Headwear_AntlerBoneHeadBand	Bone Antler Headband	0	0	0.100000	0													0				0
004711B7	Clothes_PantSuit_Jaguar	Jaguar Pant Suit	0	0	0.100000	0													0				0
004711D3	ATX_Clothes_Lumberjack	Lumberjack Outfit	0	0	0.100000	0													0				0
004711D4	ATX_Headwear_LumberjackHat	Lumberjack Hat	0	0	0.100000	0													0				0
0047137C	ATX_Clothes_RobcoSandalsTShorts	RobCo T-shirt and Shorts	0	0	0.100000	0													0				0
004713EB	ATX_Clothes_PantSuit_Plaid	Plaid Pant Suit	0	0	0.100000	0													0				0
004713EE	ATX_Clothes_PantSuit_WayTooFestiveChristmas	Festive Winter Pant Suit	0	0	0.100000	0													0				0
004716B9	ATX_Armor_Casual_Underarmor_TrackSuitVTU	VTU Tracksuit Underarmor	0	0	0.500000	0													0				0
00471914	ATX_Clothes_ShortSuit_Camouflage	Camouflage Short Suit	0	0	0.100000	0													0				0
00471DA8	Clothes_ShortSuit_BlackJackolantern	Jack O'Lantern Short Suit	0	100	0.100000	0													0				0
00471DAB	ATX_Clothes_ShortSuit_Jaguar	Jaguar Short Suit	0	0	0.100000	0													0				0
00471DAE	ATX_Clothes_ShortSuit_RedPlaid	Plaid Short Suit	0	0	0.100000	0													0				0
00471DB1	ATX_Clothes_ShortSuit_Pink	Pink Short Suit	0	0	0.100000	0													0				0
00471DB4	ATX_Clothes_ShortSuit_Tropical	Tropical Summer Short Suit	0	0	0.100000	0													0				0
00471DB7	ATX_Clothes_ShortSuit_Rhododendron	Rhododendron Short Suit	0	0	0.100000	0													0				0
00471DBA	ATX_Clothes_ShortSuit_VaultTec	Vault-Tec Short Suit	0	0	0.100000	0													0				0
00471E40	ATX_Clothes_JeansVaultTee	VTU T-Shirt and Jeans	0	0	0.100000	0													0				0
00472090	ATX_Headwear_FlapperHeadwrap	Flapper Headwrap	0	0	0.100000	0													0				0
00472D0E	zzzArmor_PowerArmor_T51_ArmLeft_Babylon	Invalid Item	0	0	12.000000	250													0	Durability_Armor_Power_Min	zzz_ConditionDamageScaleFactor_PowerArmor_T51_Babylon	Durability_Armor_Power_Max	0
00472D0F	zzzArmor_PowerArmor_T51_ArmRight_Babylon	Invalid Item	0	0	12.000000	250													0	Durability_Armor_Power_Min	zzz_ConditionDamageScaleFactor_PowerArmor_T51_Babylon	Durability_Armor_Power_Max	0
00472D10	zzzArmor_PowerArmor_T51_Helmet_Babylon	Invalid Item	0	0	11.000000	250													0	Durability_Armor_Power_Min	zzz_ConditionDamageScaleFactor_PowerArmor_T51_Babylon	Durability_Armor_Power_Max	0
00472D11	zzzArmor_PowerArmor_T51_LegLeft_Babylon	Invalid Item	0	0	14.000000	250													0	Durability_Armor_Power_Min	zzz_ConditionDamageScaleFactor_PowerArmor_T51_Babylon	Durability_Armor_Power_Max	0
00472D12	zzzArmor_PowerArmor_T51_LegRight_Babylon	Invalid Item	0	0	14.000000	250													0	Durability_Armor_Power_Min	zzz_ConditionDamageScaleFactor_PowerArmor_T51_Babylon	Durability_Armor_Power_Max	0
00472D13	zzzArmor_PowerArmor_T51_Torso_Babylon	Invalid Item	0	0	17.000000	250													0	Durability_Armor_Power_Min	zzz_ConditionDamageScaleFactor_PowerArmor_T51_Babylon	Durability_Armor_Power_Max	0
00474980	ATX_Armor_PowerArmor_BlackRider_ArmLeft	Black Rider Left Arm	0	200	13.000000	100													0	Durability_Armor_Power_Min	ConditionDamageScaleFactor_PowerArmor_X01	Durability_Armor_Power_Max	0
00474981	ATX_Armor_PowerArmor_BlackRider_ArmRight	Black Rider Right Arm	0	200	13.000000	100													0	Durability_Armor_Power_Min	ConditionDamageScaleFactor_PowerArmor_X01	Durability_Armor_Power_Max	0
00474982	ATX_Armor_PowerArmor_BlackRider_Helmet	Black Rider Helm	0	140	12.000000	100													0	Durability_Armor_Power_Min	ConditionDamageScaleFactor_PowerArmor_X01	Durability_Armor_Power_Max	0
00474983	ATX_Armor_PowerArmor_BlackRider_LegLeft	Black Rider Left Leg	0	200	15.000000	100													0	Durability_Armor_Power_Min	ConditionDamageScaleFactor_PowerArmor_X01	Durability_Armor_Power_Max	0
00474984	ATX_Armor_PowerArmor_BlackRider_LegRight	Black Rider Right Leg	0	200	15.000000	100													0	Durability_Armor_Power_Min	ConditionDamageScaleFactor_PowerArmor_X01	Durability_Armor_Power_Max	0
00474985	ATX_Armor_PowerArmor_BlackRider_Torso	Black Rider Torso	0	280	19.000000	100													0	Durability_Armor_Power_Min	ConditionDamageScaleFactor_PowerArmor_X01	Durability_Armor_Power_Max	0
004749D3	ATX_Clothes_MrClaus	Mr. Claus' Suit	0	0	0.100000	0													0				0
004749D5	ATX_Headwear_MrClausHat	Mr. Claus' Hat	0	0	0.100000	0													0				0
004749D7	ATX_Clothes_Unstoppables_MantaMan	Manta Man Costume	0	0	0.100000	0													0				0
0047876A	Template_Armor_Backpack_Standard	TEMPLATE: Backpack	0	60	1.000000	0													0				0
00478801	Template_Armor_Backpack_Frame	Frame Backpack	0	60	1.000000	100													0	Durability_Armor_Leather_Min	ConditionDamageScaleFactor_Armor_Leather	Durability_Armor_Leather_Max	0
00479D39	SkinSheepsquatch		0	0	0.000000	0													0				0
0047D208	ATX_Clothes_Unstoppables_TheInspector	The Inspector Costume	0	0	0.100000	0													0				0
0047D20A	ATX_Headwear_Unstoppables_TheInspector_Tophat	The Inspector's Top Hat	0	0	0.100000	0													0				0
0047EF3B	DEPRECATED_Armor_Backpack_Standard	Junk	0	0	100.000000	0													0				0
0047EF3C	DEPRECATED_Armor_Backpack_Frame	Junk	0	0	100.000000	0													0				0
0048211E	ATX_Clothes_MrsClaus	Mrs. Claus' Dress	0	0	0.100000	0													0				0
00482120	ATX_Headwear_MrsClausHat	Mrs. Claus' Bonnet	0	0	0.100000	0													0				0
0048782E	Armor_PowerArmor_T51_ArmLeft_NONPLAYABLE	T-51b Left Arm	0	0	99.000000	0													0				0
0048782F	Armor_PowerArmor_T51_ArmRight_NONPLAYABLE	T-51b Right Arm	0	0	99.000000	0													0				0
00487830	Armor_PowerArmor_T51_Helmet_NONPLAYABLE	T-51b Helm	0	0	99.000000	0													0				0
00487831	Armor_PowerArmor_T51_LegLeft_NONPLAYABLE	T-51b Left Leg	0	0	99.000000	0													0				0
00487832	Armor_PowerArmor_T51_LegRight_NONPLAYABLE	T-51b Right Leg	0	0	99.000000	0													0				0
00487833	Armor_PowerArmor_T51_Torso_NONPLAYABLE	T-51b Chest Piece	0	0	99.000000	0													0				0
0048D274	ATX_Armor_PowerArmor_PlagueRider_ArmLeft	PlagueRider Left Arm	0	200	13.000000	100													0	Durability_Armor_Power_Min	ConditionDamageScaleFactor_PowerArmor_X01	Durability_Armor_Power_Max	0
0048D275	ATX_Armor_PowerArmor_PlagueRider_ArmRight	PlagueRider Right Arm	0	200	13.000000	100													0	Durability_Armor_Power_Min	ConditionDamageScaleFactor_PowerArmor_X01	Durability_Armor_Power_Max	0
0048D276	ATX_Armor_PowerArmor_PlagueRider_Helmet	PlagueRider Helm	0	140	12.000000	100													0	Durability_Armor_Power_Min	ConditionDamageScaleFactor_PowerArmor_X01	Durability_Armor_Power_Max	0
0048D277	ATX_Armor_PowerArmor_PlagueRider_LegLeft	PlagueRider Left Leg	0	200	15.000000	100													0	Durability_Armor_Power_Min	ConditionDamageScaleFactor_PowerArmor_X01	Durability_Armor_Power_Max	0
0048D278	ATX_Armor_PowerArmor_PlagueRider_LegRight	PlagueRider Right Leg	0	200	15.000000	100													0	Durability_Armor_Power_Min	ConditionDamageScaleFactor_PowerArmor_X01	Durability_Armor_Power_Max	0
0048D279	ATX_Armor_PowerArmor_PlagueRider_Torso	PlagueRider Torso	0	280	19.000000	100													0	Durability_Armor_Power_Min	ConditionDamageScaleFactor_PowerArmor_X01	Durability_Armor_Power_Max	0
0048D2F1	CUT_ATX_Clothes_PantsSuit_Camouflage	Camouflage Pants Suit	0	0	0.100000	0													0				0
0048D2F4	ATX_Clothes_PantSuit_Camouflage	Camouflage Pant Suit	0	0	0.100000	0													0				0
0048D2F7	CUT_ATX_Clothes_PantsSuit_Pink	Pink Pants Suit	0	0	0.100000	0													0				0
0048D2FA	ATX_Clothes_PantSuit_Pink	Pink Pant Suit	0	0	0.100000	0													0				0
0048D2FD	CUT_ATX_Clothes_PantsSuit_VaultTec	Vault-Tec Pants Suit	0	0	0.100000	0													0				0
0048D300	ATX_Clothes_PantSuit_VaultTec	Vault-Tec Pant Suit	0	0	0.100000	0													0				0
0048D303	CUT_ATX_Clothes_PantsSuit_Tropical	Tropical Summer Pants Suit	0	0	0.100000	0													0				0
0048D306	ATX_Clothes_PantSuit_Tropical	Tropical Summer Pant Suit	0	0	0.100000	0													0				0
0048D309	CUT_ATX_Clothes_PantsSuit_Tulip	Tulip Sky Blue Pants Suit	0	0	0.100000	0													0				0
0048D30C	ATX_Clothes_PantSuit_Rhododendron	Rhododendron Pant Suit	0	0	0.100000	0													0				0
0048D6EF	zzz_Debug_Legendary1_Armor_Combat_Torso_Chameleon	Junk	0	0	200.000000	100													0	Durability_Armor_Combat_Min	ConditionDamageScaleFactor_Armor_Combat	Durability_Armor_Combat_Max	0
00490053	ATX_Armor_PowerArmor_PaleRider_ArmLeft	T-51b Left Arm	0	130	12.000000	100													0	Durability_Armor_Power_Min	ConditionDamageScaleFactor_PowerArmor_T51	Durability_Armor_Power_Max	0
00490054	ATX_Armor_PowerArmor_PaleRider_ArmRight	T-51b Right Arm	0	130	12.000000	100													0	Durability_Armor_Power_Min	ConditionDamageScaleFactor_PowerArmor_T51	Durability_Armor_Power_Max	0
00490055	ATX_Armor_PowerArmor_PaleRider_Helmet	T-51b Helm	0	80	11.000000	100													0	Durability_Armor_Power_Min	ConditionDamageScaleFactor_PowerArmor_T51	Durability_Armor_Power_Max	0
00490056	ATX_Armor_PowerArmor_PaleRider_LegLeft	T-51b Left Leg	0	130	14.000000	100													0	Durability_Armor_Power_Min	ConditionDamageScaleFactor_PowerArmor_T51	Durability_Armor_Power_Max	0
00490057	ATX_Armor_PowerArmor_PaleRider_LegRight	T-51b Right Leg	0	130	14.000000	100													0	Durability_Armor_Power_Min	ConditionDamageScaleFactor_PowerArmor_T51	Durability_Armor_Power_Max	0
00490058	ATX_Armor_PowerArmor_PaleRider_Torso	T-51b Chest Piece	0	180	17.000000	100													0	Durability_Armor_Power_Min	ConditionDamageScaleFactor_PowerArmor_T51	Durability_Armor_Power_Max	0
004909D9	zzzATX_PipBoy2000_BabyBlueAndChrome	Pip-Boy 2000 Baby Blue And Chrome	0	0	0.000000	0													0				0
004909DA	zzzATX_PipBoy2000_Black	Pip-Boy 2000 Black	0	0	0.000000	0													0				0
004909DB	zzzATX_PipBoy2000_Enclave	Pip-Boy 2000 Enclave	0	0	0.000000	0													0				0
004909DC	zzzATX_PipBoy2000_Grey	Pip-Boy 2000 Grey	0	0	0.000000	0													0				0
004909DD	zzzATX_PipBoy2000_PinkAndChrome	Pip-Boy 2000 Pink And Chrome	0	0	0.000000	0													0				0
004909DE	zzzATX_PipBoy2000_RedRocket	Pip-Boy 2000 Red Rocket	0	0	0.000000	0													0				0
004909DF	zzzATX_PipBoy2000_VaultTec	Pip-Boy 2000 Vault-Tec	0	0	0.000000	0													0				0
004909E0	zzzATX_PipBoy2000_VTU	Pip-Boy 2000 VTU	0	0	0.000000	0													0				0
004909E8	zzzATX_PipBoy2000_SugarBombs	Pip-Boy 2000 Sugar Bombs	0	0	0.000000	0													0				0
00492047	ATX_Clothes_VaultTecBomberJacket	Vault-Tec Bomber Jacket	0	0	0.100000	0													0				0
00492051	ATX_Clothes_WhiteTux	White Tuxedo	0	0	0.100000	0													0				0
00492054	ATX_Clothes_WhiteBlackTux	Black and White Tuxedo	0	0	0.100000	0													0				0
00493164	zzz_Debug_Legendary4_Armor_Combat_Torso_OnMeleeDisarm	Junk	0	0	200.000000	100													0	Durability_Armor_Combat_Min	ConditionDamageScaleFactor_Armor_Combat	Durability_Armor_Combat_Max	0
00494188	ATX_Armor_Casual_Underarmor_TrackSuitGrafton	Grafton High Tracksuit Underarmor	0	0	0.500000	0													0				0
004942A5	ATX_Clothes_TourGuide	Tour Guide Outfit	0	0	0.100000	0													0				0
004952CB	ATX_Clothes_ChristmasElf	Festive Elf Outfit	0	0	0.100000	0													0				0
004952CD	ATX_Headwear_ChristmasElfHat	Festive Elf Hat	0	0	0.100000	0													0				0
00496FC4	Clothes_PantSuit_BlackJackolantern	Jack O'Lantern Pant Suit	0	100	0.100000	0													0				0
00499F37	Headwear_HardHat_Black	Black Hard Hat	0	15	0.100000	0													0				0
00499F38	Headwear_HardHat_FuzzyRed	Mr. Fuzzy Red Hard Hat	0	15	0.100000	0													0				0
00499F39	Headwear_HardHat_Blue	Blue Hard Hat	0	15	0.100000	0													0				0
00499F3A	Headwear_HardHat_FuzzyYellow	Mr. Fuzzy Yellow Hard Hat	0	15	0.100000	0													0				0
00499F3B	Headwear_HardHat_FuzzyTeal	Mr. Fuzzy Teal Hard Hat	0	15	0.100000	0													0				0
00499F3D	Headwear_HardHat_Grey	Grey Hard Hat	0	15	0.100000	0													0				0
00499F3E	Headwear_HardHat_Orange	Orange Hard Hat	0	15	0.100000	0													0				0
00499F3F	Headwear_HardHat_Pink	Pink Hard Hat	0	15	0.100000	0													0				0
00499F40	Headwear_HardHat_Red	Red Hard Hat	0	15	0.100000	0													0				0
00499F41	Headwear_HardHat_White	White Hard Hat	0	15	0.100000	0													0				0
004E5EAA	Clothes_AmusementParkWorker_MTR04	Camden Park Uniform	0	50	0.100000	0													0				0
004E89B1	zzz_TEST_Armor_Combat_Torso_Legendary1	Legendary Combat Armor Chest Piece	0	60	8.000000	100													0	Durability_Armor_Combat_Min	ConditionDamageScaleFactor_Armor_Combat	Durability_Armor_Combat_Max	0
004F4114	SkinCatBlack		0	0	0.000000	0													0				0
004F613D	SkinMutatedWolfPackLeader		0	0	0.000000	0													0				0
004F6D87	zzz_TEST_Armor_Combat_Torso_Legendary_Jason	Combat Armor Chest Piece	0	60	8.000000	100													0	Durability_Armor_Combat_Min	ConditionDamageScaleFactor_Armor_Combat	Durability_Armor_Combat_Max	0
004F9026	ATX_Headwear_2076AmericanGlasses	2076 American Glasses	0	0	0.100000	0													0				0
004F944B	ZZZ_Armor_PowerArmor_WarRider_ArmLeft	WarRider Left Arm	0	160	15.000000	100													0	Durability_Armor_Power_Min	ConditionDamageScaleFactor_PowerArmor_T60	Durability_Armor_Power_Max	0
004F944C	ZZZ_Armor_PowerArmor_WarRider_ArmRight	WarRider Right Arm	0	160	15.000000	100													0	Durability_Armor_Power_Min	ConditionDamageScaleFactor_PowerArmor_T60	Durability_Armor_Power_Max	0
004F944D	ZZZ_Armor_PowerArmor_WarRider_Helmet	WarRider Helm	0	120	12.000000	100													0	Durability_Armor_Power_Min	ConditionDamageScaleFactor_PowerArmor_T60	Durability_Armor_Power_Max	0
004F944E	ZZZ_Armor_PowerArmor_WarRider_LegLeft	WarRider Left Leg	0	160	15.000000	100													0	Durability_Armor_Power_Min	ConditionDamageScaleFactor_PowerArmor_T60	Durability_Armor_Power_Max	0
004F944F	ZZZ_Armor_PowerArmor_WarRider_LegRight	WarRider Right Leg	0	160	15.000000	100													0	Durability_Armor_Power_Min	ConditionDamageScaleFactor_PowerArmor_T60	Durability_Armor_Power_Max	0
004F9450	ZZZ_Armor_PowerArmor_WarRider_Torso	WarRider Chest Piece	0	200	20.000000	100													0	Durability_Armor_Power_Min	ConditionDamageScaleFactor_PowerArmor_T60	Durability_Armor_Power_Max	0
0050B491	SkinScorchedStatue		0	0	0.000000	0													0				0
0050C654	ATX_Headwear_StrawHat	Straw Hat	0	0	0.100000	0													0				0
0050E3E9	Armor_VaultSuit94_Underarmor_NotPlayable		0	0	99.900002	0													0				0
00512DAB	SkinScorchBeastQueen		0	0	0.000000	0													0				0
0051AC22	Clothes_NurseUniform1	Nurse Uniform	0	10	0.100000	0													0				0
0051B612	CreatureClothes_FeralGhoulGolfSkirt		0	0	0.100000	0													0				0
0051B614	CreatureClothes_FeralGhoulGolfPants		0	0	0.100000	0													0				0
0051B616	CreatureClothes_FeralGhoulGolfShorts		0	0	0.100000	0													0				0
0051B619	CreatureClothes_FeralGhoulBackwardCap		0	0	0.100000	0													0				0
0051B61B	CreatureClothes_FeralGhoulCaptainsHat		0	0	0.100000	0													0				0
0051B61D	CreatureClothes_FeralGhoulGlasses		0	0	0.100000	0													0				0
0051B61F	CreatureClothes_FeralGhoulGolfHat		0	0	0.100000	0													0				0
0051B621	CreatureClothes_FeralGhoulVisor		0	0	0.100000	0													0				0
0051C958	Headwear_Responders_FirebreatherHat_NotPlayable		0	0	99.900002	0													0				0
0051C959	Clothes_Responders_FirebreatherUniform_NotPlayable		0	0	99.900002	0													0				0
0051EC73	Clothes_FiremanUniform_NONPLAYABLE		0	0	99.900002	0													0				0
0051EC74	Clothes_Bathrobe_NotPlayable		0	0	99.900002	0													0				0
00521257	zzz_DONTPLACEClothes_Backpack_Normal_Aqua	Backpack	0	60	5.000000	0													0				0
0052125A	zzz_DONTPLACEClothes_Backpack_Normal_Green	Backpack	0	60	5.000000	0													0				0
0052125C	zzz_DONTPLACEClothes_Backpack_Normal_Blue	Backpack	0	60	5.000000	0													0				0
0052125E	zzz_DONTPLACEClothes_Backpack_Normal_DefaultBrown	Backpack	0	60	5.000000	0													0				0
0052125F	zzz_DONTPLACEClothes_Backpack_Normal_Pink	Backpack	0	60	5.000000	0													0				0
00521260	ZZZ_DONTPLACEClothes_Backpack_Normal_Red	Backpack	0	60	5.000000	0													0				0
00521261	zzz_DONTPLACEClothes_Backpack_Normal_White	Backpack	0	60	5.000000	0													0				0
00521262	zzz_DONTPLACEClothes_Backpack_Normal_Yellow	Backpack	0	60	5.000000	0													0				0
00521263	zzz_DONTPLACEClothes_Backpack_Vault_Aqua	Vault Backpack	0	60	5.000000	0													0	Durability_Armor_Combat_Min	ConditionDamageScaleFactor_Armor_Combat		0
00521267	zzz_DONTPLACEClothes_Backpack_Vault_Blue	Vault Backpack	0	60	5.000000	0													0	Durability_Armor_Combat_Min	ConditionDamageScaleFactor_Armor_Combat		0
00521269	ZZZ_DONTPLACEClothes_Backpack_Vault_DefaultBrown	Vault Backpack	0	60	5.000000	0													0	Durability_Armor_Combat_Min	ConditionDamageScaleFactor_Armor_Combat		0
0052126A	zzz_DONTPLACEClothes_Backpack_Vault_Green	Vault Backpack	0	60	5.000000	0													0	Durability_Armor_Combat_Min	ConditionDamageScaleFactor_Armor_Combat		0
0052126B	zzz_DONTPLACEClothes_Backpack_Vault_Pink	Vault Backpack	0	60	5.000000	0													0	Durability_Armor_Combat_Min	ConditionDamageScaleFactor_Armor_Combat		0
0052126C	ZZZ_DONTPLACEClothes_Backpack_Vault_Red	Vault Backpack	0	60	5.000000	0													0	Durability_Armor_Combat_Min	ConditionDamageScaleFactor_Armor_Combat		0
0052126D	ZZZ_DONTPLACEClothes_Backpack_Vault_White	Vault Backpack	0	60	5.000000	0													0	Durability_Armor_Combat_Min	ConditionDamageScaleFactor_Armor_Combat		0
0052126E	zzz_DONTPLACEClothes_Backpack_Vault_Yellow	Vault Backpack	0	60	5.000000	0													0	Durability_Armor_Combat_Min	ConditionDamageScaleFactor_Armor_Combat		0
00527D5C	CUT_ATX_Cloth_Patriot	Patriot OutFit	0	0	5.000000	0													0				0
00527F7E	zzz_Debug_Legendary4_Armor_Combat_Torso_OnMeleeHitFreeze	Junk	0	0	200.000000	100													0	Durability_Armor_Combat_Min	ConditionDamageScaleFactor_Armor_Combat	Durability_Armor_Combat_Max	0
00529DF3	CreatureClothes_FeralGhoulIntelOfficer		0	0	0.100000	0													0				0
00529DF7	CreatureClothes_FeralGhoulMilitaryOfficer		0	0	0.100000	0													0				0
00529DFB	CreatureClothes_FeralGhoulSpecialForcesOutfit		0	0	0.100000	0													0				0
00529DFE	CreatureClothes_FeralGhoulIntelOfficerBackpack		0	0	0.100000	0													0				0
00529DFF	CreatureClothes_FeralGhoulMilitaryOfficerBackpack		0	0	0.100000	0													0				0
00529E00	CreatureClothes_FeralGhoulSpecialForcesBackpack		0	0	0.100000	0													0				0
00529E02	CreatureClothes_SpecialForcesScorched_Underarmor	Special Forces	0	0	0.100000	0													0				0
00529E07	CreatureClothes_SpecialForcesScorchedBackpack	Special Forces	0	0	0.100000	0													0				0
00529E09	CreatureClothes_IntelOfficerScorchedBackpack	Intel Officer	0	0	0.100000	0													0				0
00529E0B	CreatureClothes_MilitaryOfficerScorched	MilitaryOfficer	0	0	0.100000	0													0				0
00529E0D	CreatureClothes_MilitaryOfficerScorchedBackpack	Special Forces	0	0	0.100000	0													0				0
0052CA3A	zzz_DEBUG_ATX_Headwear_FlightHelmetRed	TEST Red Flight Helmet DO NOT BUG	0	0	0.100000	0													0				0
00530BBA	zzz_TEST_Pipboy2_gold	Pipboy2000_gold	0	0	0.000000	0													0				0
0053557A	SkinBloodbugScorched		0	0	0.000000	0													0				0
0053557B	DLC04_SkinRadRatScorched		0	0	0.000000	0													0				0
0053557C	SkinMirelurkSpawnScorched		0	0	0.000000	0													0				0
0053557D	DLC04_SkinRadAnt_Scorched		0	0	0.000000	0													0				0
0053557E	SkinRadRoachScorched		0	0	0.000000	0													0				0
0053557F	SkinRaiderDogScorched		0	0	0.000000	0													0				0
00535580	POST_SkinSupermutantBehemoth_Scorched		0	0	0.000000	0													0				0
0053820A	W05_Armor_HazmatSuit_NONPLAYABLE	Hazmat Suit	0	85	5.000000	100													0	Durability_Armor_Leather_Min	ConditionDamageScaleFactor_Armor_Leather	Durability_Armor_Leather_Max	0
005385FE	ATX_Headwear_PrepperTrapper_2_Bandana	Stalker Bandana	0	0	0.100000	0													0				0
005385FF	ATX_Headwear_PrepperTrapper_2_Goggles	Stalker Goggles	0	0	0.100000	0													0				0
00538605	zzzATX_Armor_BackPack_03_Box_Skull	Standard Backpack	0	0	1.000000	0													0				0
00538606	zzzATX_Armor_Backpack_Hardcase_NukaCola	Nuka-Cola Hardcase Backpack	0	0	0.000000	0													0				0
00538607	zzzATX_Armor_Backpack_Standard	Backpack	0	0	1.000000	0													0				0
0053AF13	Armor_EnclaveScoutUniform_ArmLeft_Set_V94_Solar	Solar Armor Left Arm	0	60	0.940000	100													0	Durability_Armor_Combat_Min	ConditionDamageScaleFactor_Armor_Combat	Durability_Armor_Combat_Max	0
0053AF14	CUT_Armor_EnclaveScoutUniform_ArmLeft_Vault94_Camo	Vault 94 Camo Armor Left Arm	0	60	2.750000	100													0	Durability_Armor_Combat_Min	ConditionDamageScaleFactor_Armor_Combat	Durability_Armor_Combat_Max	0
0053AF15	Armor_EnclaveScoutUniform_ArmRight_Set_V94_Solar	Solar Armor Right Arm	0	60	0.940000	100													0	Durability_Armor_Combat_Min	ConditionDamageScaleFactor_Armor_Combat	Durability_Armor_Combat_Max	0
0053AF16	CUT_Armor_EnclaveScoutUniform_ArmRight_Vault94_Camo	Vault 94 Camo Armor Right Arm	0	60	2.750000	100													0	Durability_Armor_Combat_Min	ConditionDamageScaleFactor_Armor_Combat	Durability_Armor_Combat_Max	0
0053AF17	Armor_EnclaveScoutUniform_LegLeft_Set_V94_Solar	Solar Armor Left Leg	0	90	0.940000	100													0	Durability_Armor_Combat_Min	ConditionDamageScaleFactor_Armor_Combat	Durability_Armor_Combat_Max	0
0053AF18	CUT_Armor_EnclaveScoutUniform_LegLeft_Vault94_Camo	Vault 94 Camo Armor Left Leg	0	90	2.500000	100													0	Durability_Armor_Combat_Min	ConditionDamageScaleFactor_Armor_Combat	Durability_Armor_Combat_Max	0
0053AF19	Armor_EnclaveScoutUniform_LegRight_Set_V94_Solar	Solar Armor Right Leg	0	90	0.940000	100													0	Durability_Armor_Combat_Min	ConditionDamageScaleFactor_Armor_Combat	Durability_Armor_Combat_Max	0
0053AF1A	CUT_Armor_EnclaveScoutUniform_LegRight_Vault94_Camo	Vault 94 Camo Armor Right Leg	0	90	2.500000	100													0	Durability_Armor_Combat_Min	ConditionDamageScaleFactor_Armor_Combat	Durability_Armor_Combat_Max	0
0053AF1B	CUT_Armor_EnclaveScoutUniform_Torso_Set_V94_Solar	Solar Armor Chest Piece	0	60	7.000000	100													0	Durability_Armor_Combat_Min	ConditionDamageScaleFactor_Armor_Combat	Durability_Armor_Combat_Max	0
0053AF1C	CUT_Armor_EnclaveScoutUniform_Torso_Vault94_Camo	Vault 94 Camo Armor Chest Piece	0	60	7.000000	100													0	Durability_Armor_Combat_Min	ConditionDamageScaleFactor_Armor_Combat	Durability_Armor_Combat_Max	0
0053AF1D	Armor_PowerArmor_Ultracite_Set_V94_ArmLeft	Strangler Heart Left Arm	0	100	1.130000	100													0	Durability_Armor_Power_Min	ConditionDamageScaleFactor_PowerArmor_Ultracite	Durability_Armor_Power_Max	0
0053AF1E	Armor_PowerArmor_Ultracite_Set_V94_ArmRight	Strangler Heart Right Arm	0	100	1.130000	100													0	Durability_Armor_Power_Min	ConditionDamageScaleFactor_PowerArmor_Ultracite	Durability_Armor_Power_Max	0
0053AF1F	Armor_PowerArmor_Ultracite_Set_V94_Helmet	Strangler Heart Helm	0	60	1.130000	100													0	Durability_Armor_Power_Min	ConditionDamageScaleFactor_PowerArmor_Ultracite	Durability_Armor_Power_Max	0
0053AF20	Armor_PowerArmor_Ultracite_Set_V94_LegLeft	Strangler Heart Left Leg	0	100	1.130000	100													0	Durability_Armor_Power_Min	ConditionDamageScaleFactor_PowerArmor_Ultracite	Durability_Armor_Power_Max	0
0053AF21	Armor_PowerArmor_Ultracite_Set_V94_LegRight	Strangler Heart Right Leg	0	100	1.130000	100													0	Durability_Armor_Power_Min	ConditionDamageScaleFactor_PowerArmor_Ultracite	Durability_Armor_Power_Max	0
0053AF22	Armor_PowerArmor_Ultracite_Set_V94_Torso	Strangler Heart Chest Piece	0	320	2.040000	100													0	Durability_Armor_Power_Min	ConditionDamageScaleFactor_PowerArmor_Ultracite	Durability_Armor_Power_Max	0
0053AF23	Headwear_EnclaveScoutUniform_Mask_V94	Vault 94 Scout Armor Mask	0	50	0.100000	0													0				0
0053AF24	CUT_Headwear_EnclaveScoutUniform_Mask_Vault94_Camo	Vault 94 Camo Armor Mask	0	50	0.100000	100													0	Durability_Armor_Leather_Min	ConditionDamageScaleFactor_Armor_Leather	Durability_Armor_Leather_Max	0
0053B3D9	zzzATX_Armor_BackPack_03_Box_Medic	Standard Backpack	0	0	1.000000	0													0				0
0053E619	ATX_Headwear_PrepperTrapper3_Hat	Wasteland Trapper Hat	0	0	0.100000	0													0				0
0053E61A	ATX_Clothes_PrepperTrapper_3_Outfit	Wasteland Trapper Outfit	0	0	0.100000	0													0				0
0053E8D6	ATX_Armor_Raider_Skilanes_Outfit	Cutthroat Outfit	0	0	0.100000	0													0				0
0053E8DB	ATX_Armor_Raider_Skilanes_Headwear	Cutthroat Helmet	0	0	0.100000	0													0				0
00544672	ATX_Clothes_ElderBattlecoat	Elder's Battlecoat	0	0	0.100000	0													0				0
00544677	SkinCatPet		0	0	0.000000	0													0				0
00544C17	ATX_Armor_Casual_Underarmor_TacticalOps_Camo	Camo Ops Underarmor	0	0	0.500000	0													0				0
00544C18	ATX_Underarmor_TacticalOps_Flag	Stars and Stripes Ops Underarmor	0	0	0.500000	0													0				0
00545D25	SkinChildNaked		0	0	0.000000	0													0				0
005461AB	ATX_Armor_PowerArmor_Vaultboy_Helmet	Vaultboy Helm	0	80	11.000000	100													0	Durability_Armor_Power_Min	ConditionDamageScaleFactor_PowerArmor_T51	Durability_Armor_Power_Max	0
0054729D	ATX_Armor_Casual_Underarmor_CountryGirl	Country Girl Underarmor	0	0	0.500000	0													0				0
00547549	ATX_Clothes_Mountaineer	Mountaineer Suit	0	0	0.100000	0													0				0
00547852	ATX_Headwear_WVDay_Bear	WV Day Bear Mascot Head	0	0	0.100000	0													0				0
00547854	ATX_Clothes_WVDay_Bear	WV Day Bear Suit	0	0	0.100000	0													0				0
00547913	ATX_Clothes_KidsOutfit01	Child Shirt and Jeans	0	0	0.100000	0													0				0
00547915	ATX_Clothes_KidsOutfit02	Child Tattered Clothes	0	0	0.100000	0													0				0
00547917	ATX_Clothes_KidsOutfit03	Child Yellow Dress	0	0	0.100000	0													0				0
00547919	ATX_Clothes_KidsOutfit04	Child Pajamas	0	0	0.100000	0													0				0
00547991	SkinWendigoColossus		0	0	0.000000	0													0				0
00547A38	ATX_Clothes_WVDay_Dress	Blue and Yellow Dress	0	0	0.100000	0													0				0
005483C1	ATX_Clothes_PrepperTrapper_4	Prepper Trapper 4 Outfit	0	0	0.100000	0													0				0
00548477	ATX_Headwear_PrepperTrapper_3_Mask	Wasteland Trapper Mask	0	0	0.100000	0													0				0
005485AB	Armor_PowerArmor_T65_ArmLeft	T-65 Left Arm	0	100	1.470000	100													0	Durability_Armor_Power_Min	ConditionDamageScaleFactor_PowerArmor_T45	Durability_Armor_Power_Max	0
005485AF	Armor_PowerArmor_T65_ArmRight	T-65 Right Arm	0	100	1.470000	100													0	Durability_Armor_Power_Min	ConditionDamageScaleFactor_PowerArmor_T45	Durability_Armor_Power_Max	0
005485B4	Armor_PowerArmor_T65_Helmet	T-65 Helm	0	60	1.470000	100													0	Durability_Armor_Power_Min	ConditionDamageScaleFactor_PowerArmor_T45	Durability_Armor_Power_Max	0
005485B8	Armor_PowerArmor_T65_LegLeft	T-65 Left Leg	0	100	1.470000	100													0	Durability_Armor_Power_Min	ConditionDamageScaleFactor_PowerArmor_T45	Durability_Armor_Power_Max	0
005485BB	Armor_PowerArmor_T65_LegRight	T-65 Right Leg	0	100	1.470000	100													0	Durability_Armor_Power_Min	ConditionDamageScaleFactor_PowerArmor_T45	Durability_Armor_Power_Max	0
005485BF	Armor_PowerArmor_T65_Torso	T-65 Chest Piece	0	140	2.700000	100													0	Durability_Armor_Power_Min	ConditionDamageScaleFactor_PowerArmor_T45	Durability_Armor_Power_Max	0
00549D30	ATX_Headwear_Headband_July4th	Stars and Stripes Headband	0	0	0.100000	0													0				0
00549D31	ATX_Clothes_Cowboy_July4th_NONPLAYABLE	Rootin' Tootin' Cowboy Outfit	0	0	0.100000	0													0				0
00549D33	ATX_Headwear_Cowboy_July4th_NONPLAYABLE	Rootin' Tootin' Cowboy Hat	0	0	0.100000	0													0				0
0054AEFD	ATX_Clothes_FlagDress_July4th	Stars and Stripes Dress	0	0	0.100000	0													0				0
0054AEFF	ATX_Armor_Casual_Underarmor_FlagCoveralls_July4th	Hootenanny Overalls Underarmor	0	0	0.500000	0													0				0
0054B218	SkinPowerArmorRackSkin	PowerArmorRackSkin	0	0	0.000000	0													0				0
0054E4BA	ATX_Headwear_CountryGirlHat	Country Girl Hat	0	0	0.100000	0													0				0
005527CC	Armor_EnclaveScoutUniform_ArmLeft_Set_V94_Bleed	Thorn Armor Left Arm	0	60	0.910000	100													0	Durability_Armor_Combat_Min	ConditionDamageScaleFactor_Armor_Combat	Durability_Armor_Combat_Max	0
005527CD	Armor_EnclaveScoutUniform_ArmRight_Set_V94_Bleed	Thorn Armor Right Arm	0	60	0.910000	100													0	Durability_Armor_Combat_Min	ConditionDamageScaleFactor_Armor_Combat	Durability_Armor_Combat_Max	0
005527CE	Armor_EnclaveScoutUniform_LegLeft_Set_V94_Bleed	Thorn Armor Left Leg	0	90	0.910000	100													0	Durability_Armor_Combat_Min	ConditionDamageScaleFactor_Armor_Combat	Durability_Armor_Combat_Max	0
005527CF	Armor_EnclaveScoutUniform_LegRight_Set_V94_Bleed	Thorn Armor Right Leg	0	90	0.910000	100													0	Durability_Armor_Combat_Min	ConditionDamageScaleFactor_Armor_Combat	Durability_Armor_Combat_Max	0
005527D0	Armor_EnclaveScoutUniform_Torso_Set_V94_Bleed	Thorn Armor Chest Piece	0	60	1.850000	100													0	Durability_Armor_Combat_Min	ConditionDamageScaleFactor_Armor_Combat	Durability_Armor_Combat_Max	0
005528CF	zzzATX_Armor_Backpack_Hardcase_July4th	Standard Backpack	0	0	1.000000	0													0				0
00553863	Headwear_MeatWeek_ChefsHat	Bloody Chef Hat	0	10	0.100000	0													0				0
00553864	Headwear_MeatWeek_ChefsHat2	Grillmaster's Hat	0	10	0.100000	0													0				0
00553865	zzzClothes_MeatWeek_Outfit	Meat Week Apron	0	20	0.100000	0													0				0
0055391F	zzzATX_Armor_Backpack_FreeStates_Green	Standard Backpack	0	0	1.000000	0													0				0
00553923	zzzATX_Armor_Backpack_FreeStates_Tan_Star	Standard Backpack	0	0	1.000000	0													0				0
00553925	zzzATX_Armor_Backpack_FreeStates_Tan_Fill	Standard Backpack	0	0	1.000000	0													0				0
00553A40	ATX_Clothes_FreeStatesRevolutionary	Free States Revolutionary	0	0	0.100000	0													0				0
00553A42	ATX_Headwear_FreeStatesRevolutionary	Free States Revolutionary Helmet	0	0	0.100000	0													0				0
00553A99	Armor_DLC03_DiverSuit_NotPlayable	Diver Suit	0	35	8.000000	100													0	Durability_Armor_Leather_Min	ConditionDamageScaleFactor_Armor_Leather	Durability_Armor_Leather_Max	0
00553A9A	Clothes_PRC_Outfit_NotPlayable	PRC Uniform	0	20	0.100000	0													0				0
00553D48	Headwear_Army_Helmet_postwar_PRC_NONPLAYABLE	Dirty Army Helmet	0	20	0.100000	0													0				0
00554585	ATX_Clothes_FreeStates_Survivalist_Outfit	Free States Survivalist Outfit	0	0	0.100000	0													0				0
00554587	ATX_Headwear_FreeStates_Survivalist_Bandana	Free States Survivalist Bandana	0	0	0.100000	0													0				0
00554589	ATX_Headwear_FreeStates_Survivalist_Hat	Free States Survivalist Hat	0	0	0.100000	0													0				0
00554664	ATX_Clothes_GeneralsUniform	Revolutionary General's Uniform	0	0	0.100000	0													0				0
00554666	ATX_Headwear_GeneralsUniform	Revolutionary General's Hat	0	0	0.100000	0													0				0
0055654C	ATX_Armor_PowerArmor_LibertyPrime_ArmLeft	Liberty Prime Left Arm	0	75	11.000000	100													0	Durability_Armor_Power_Min	ConditionDamageScaleFactor_PowerArmor_Excavator	Durability_Armor_Power_Max	0
0055654D	ATX_Armor_PowerArmor_LibertyPrime_ArmRight	Liberty Prime Right Arm	0	75	11.000000	100													0	Durability_Armor_Power_Min	ConditionDamageScaleFactor_PowerArmor_Excavator	Durability_Armor_Power_Max	0
0055654E	ATX_Armor_PowerArmor_LibertyPrime_Helmet	Liberty Prime Helmet	0	60	10.000000	100													0	Durability_Armor_Power_Min	ConditionDamageScaleFactor_PowerArmor_Excavator	Durability_Armor_Power_Max	0
0055654F	ATX_Armor_PowerArmor_LibertyPrime_LegLeft	Liberty Prime Left Leg	0	100	12.000000	100													0	Durability_Armor_Power_Min	ConditionDamageScaleFactor_PowerArmor_Excavator	Durability_Armor_Power_Max	0
00556550	ATX_Armor_PowerArmor_LibertyPrime_LegRight	Liberty Prime Right Leg	0	100	12.000000	100													0	Durability_Armor_Power_Min	ConditionDamageScaleFactor_PowerArmor_Excavator	Durability_Armor_Power_Max	0
00556551	ATX_Armor_PowerArmor_LibertyPrime_Torso	Liberty Prime Torso	0	140	15.000000	100													0	Durability_Armor_Power_Min	ConditionDamageScaleFactor_PowerArmor_Excavator	Durability_Armor_Power_Max	0
00556D5C	Clothes_Chef_1_Outfit	Bloody Chef Outfit	0	10	0.100000	0													0				0
00556D5D	ATX_Clothes_Chef_2_Outfit	Grillmaster's Outfit	0	0	0.100000	0													0				0
00556F2B	ATX_Armor_Casual_Underarmor_RacecarDriver	Racecar Driver Underarmor	0	0	0.500000	0													0				0
00557253	ATX_Headwear_MartianVaultGirlMask	Vault Girl Martian Head	0	0	0.100000	0													0				0
005576CC	ATX_Clothes_RaiderAdvanced	Raider Waster Outfit	0	0	0.100000	0													0				0
005576CD	ATX_Headwear_RaiderAdvancedEyepiece	Raider Waster Eyepiece	0	0	0.100000	0													0				0
005576CF	ATX_Armor_Underarmor_RaiderAdvanced	Raider Waster Underarmor	0	0	0.500000	0													0				0
0055973E	ATX_Headwear_GasMaskRaiderSkull	Raider Skull Gas Mask	0	0	0.100000	0													0				0
0055973F	ATX_Headwear_GasMaskRaiderSkull_Helmet	Armored Raider Skull Gas Mask	0	0	0.100000	0													0				0
00559744	ATX_Headwear_GasMaskRaiderSkull_Rusty	Rusty Raider Skull Gas Mask	0	0	0.100000	0													0				0
00559745	ATX_Headwear_GasMaskRaiderSkull_White	White Raider Skull Gas Mask	0	0	0.100000	0													0				0
0055A5ED	ATX_Headwear_VaultBoy_Rage	Vault Boy Raider Head	0	0	0.100000	0													0				0
0055A5EE	ATX_Headwear_VaultGirl_Rage	Vault Girl Raider Head	0	0	0.100000	0													0				0
0055A5F1	ATX_Headwear_VaultGirlMask_Scribbles	Vault Girl Scribble Head	0	0	0.100000	0													0				0
0055ADA0	W05_Headwear_Clothes_DLC01_Robot_Helmet_Polly	Polly's Old Head	0	200	0.100000	0													0				0
0055C3FB	ATX_Clothes_CaptainCosmos	Captain Cosmos	0	0	0.100000	0													0				0
0055C3FD	ATX_Headwear_CaptainCosmos	Captain Cosmos Helmet	0	0	0.100000	0													0				0
0055C3FF	ATX_Clothes_MechanistsOutfit	Mechanist's Outfit	0	0	0.100000	0													0				0
0055C401	ATX_Headwear_MechanistsOutfit	Mechanist's Helmet	0	0	0.100000	0													0				0
0055C535	ATX_Clothes_Raider_Scabber	Raider Scabber Outfit	0	0	0.100000	0													0				0
0055CBD6	zzzATX_Armor_BackPack_Raider_01	Standard Backpack	0	0	1.000000	0													0				0
0055CBD9	zzzATX_Armor_BackPack_Raider_02	Standard Backpack	0	0	1.000000	0													0				0
0055CE87	zzzATX_Armor_BackPack_SpaceExplorer	Standard Backpack	0	0	1.000000	0													0				0
0055DE75	ATX_Armor_HazmatSuit_VaultBoy	Vault 94 Boy Hazmat Suit	0	0	2.000000	100													0	Durability_Armor_Leather_Min	ConditionDamageScaleFactor_Armor_Leather	Durability_Armor_Leather_Max	0
0055DEC2	ATX_Headwear_VaultBoyMask	Vault Boy Mascot Head	0	0	0.100000	0													0				0
0055E0D5	ATX_TP_Clothes_Outfit_BowlingTeam	Bowling Team Outfit	0	0	0.100000	0													0				0
0055E0D6	ATX_Clothes_Outfit_CountryGirl	Country Girl Outfit	0	0	0.100000	0													0				0
0055E0D7	ATX_Clothes_FlagCoveralls_July4th	Hootenanny Overalls Outfit	0	0	0.100000	0													0				0
0055E0D8	ATX_Clothes_MaskedWrestler	Masked Wrestler Outfit	0	0	0.100000	0													0				0
0055E0D9	ATX_Clothes_RollerDerby	Roller Derby Outfit	0	0	0.100000	0													0				0
0055E0DA	ATX_Clothes_TacticalOps	Tactical Ops Outfit	0	0	0.100000	0													0				0
0055E0DB	ATX_Clothes_TacticalOps_Camo	Camo Ops Outfit	0	0	0.100000	0													0				0
0055E0DC	ATX_Outfit_TacticalOps_Flag	Stars and Stripes Ops Outfit	0	0	0.100000	0													0				0
0055E0DD	ATX_Clothes_TinfoilSuit	Conspiracy Oufit	0	0	0.100000	0													0				0
0055E0DE	ATX_Clothes_TrackSuitGrafton	Grafton High Tracksuit Oufit	0	0	0.100000	0													0				0
0055E0DF	ATX_Clothes_TrackSuitVTU	VTU Tracksuit Outfit	0	0	0.100000	0													0				0
0055E0E0	ATX_Clothes_VintageFootball	Vintage Football Outfit	0	0	0.100000	0													0				0
0055F70E	SkinFloaterFlamer		0	0	0.000000	0													0				0
0055FA02	ATX_F1_Clothes_RangersUniform_Advanced	Advanced Ranger Armor Outfit	0	0	0.100000	0													0				0
0055FA04	zzzATX_F1_Headwear_RangersUniform_Medium	Ranger's Helmet	0	0	0.100000	0													0				0
0055FA0A	ATX_F1_Clothes_RangersUniform_Standard	Ranger Armor Outfit	0	0	0.100000	0													0				0
0055FA0D	ATX_F1_Headwear_RangersUniform	Ranger Armor Helmet	0	0	0.100000	0													0				0
0055FA10	ATX_F1_Clothes_RangersUniform_Elite	Elite Ranger Armor Outfit	0	0	0.100000	0													0				0
0055FA13	zzzATX_F1_Headwear_RangersUniform_Heavy	Ranger's Helmet	0	0	0.100000	0													0				0
00564074	zzz_Armor_Backpack_Small	Backpack	0	60	1.000000	0													0				0
00564179	ATX_Clothes_CaravanTrader	Caravan Trader Outfit	0	0	0.100000	0													0				0
0056417B	ATX_Headwear_CaravanTrader_Hat	Caravan Trader Hat	0	0	0.100000	0													0				0
00564181	zzzATX_Armor_BackPack_03_Box_Communist	Standard Backpack	0	0	1.000000	0													0				0
00564187	zzzATX_Armor_BackPack_04_Shovel_Communist	Standard Backpack	0	0	1.000000	0													0				0
005644CB	Armor_EnclaveScoutUniform_Torso_Set_V94_Solar	Solar Armor Chest Piece	0	60	1.900000	100													0	Durability_Armor_Combat_Min	ConditionDamageScaleFactor_Armor_Combat	Durability_Armor_Combat_Max	0
0056514C	ATX_Headwear_MudflapHat	Mudflap Hat	0	0	0.100000	0													0				0
00565151	ATX_Headwear_MudflapHat_Blackwater	Blackwater Mudflap Hat	0	0	0.100000	0													0				0
00565152	ATX_Headwear_MudflapHat_Hunting	Hunter's Mudflap Hat	0	0	0.100000	0													0				0
00565BC8	ATX_Headwear_FlightHelmetRed_NONPLAYABLE	Red Flight Helmet	0	0	0.100000	0													0				0
00565BCD	ATX_Headwear_BlackRimSunGlasses_NONPLAYABLE	Black-Rim Sun Glasses	0	0	0.100000	0													0				0
00565BD2	ATX_Clothes_GreaserJacketLeather_NONPLAYABLE	Leather Greaser Jacket and Jeans	0	0	0.100000	0													0				0
00565BD5	ATX_Headwear_LeatherCap_NONPLAYABLE	Leather Cap	0	0	0.100000	0													0				0
00565BD7	ATX_Headwear_FlightHelmetBrown_NONPLAYABLE	Brown Flight Helmet	0	0	0.100000	0													0				0
00565BD8	ATX_Headwear_FlightHelmet_NONPLAYABLE	Yellow Flight Helmet	0	0	0.100000	0													0				0
00565BE3	zzzArmor_HazmatSuit_No_Helmet	Hazmat Suit	0	85	2.000000	100													0	Durability_Armor_Leather_Min	ConditionDamageScaleFactor_Armor_Leather	Durability_Armor_Leather_Max	0
00567433	ATX_Headwear_XRayGlasses	X-Ray Glasses	0	0	0.100000	0													0				0
00567436	ATX_Headwear_3DGlasses	3-D Glasses	0	0	0.100000	0													0				0
00567438	ATX_Headwear_MothmanGlasses	Mothman Glasses	0	0	0.100000	0													0				0
0056743A	ATX_Headwear_EyeBoggleGlasses	Eye Boggle Glasses	0	0	0.100000	0													0				0
00567D49	Babylon_Apparel_Outfit_LetterJacket_NW	Nuclear Winter Letterman Jacket	0	0	0.100000	0													0				0
00567D4A	Babylon_Armor_Casual_Underarmor_TrackSuitNW	Nuclear Winter Tracksuit	0	0	0.500000	0													0				0
00568621	ATX_Headwear_CultistHeadpiece_NONPLAYABLE	Cultist Headpiece	0	0	0.100000	0													0				0
00568622	ATX_Headwear_CultistHood_NONPLAYABLE	Cultist Hood	0	0	0.100000	0													0				0
00568FA9	Armor_SecretService_Torso	Secret Service Chest Piece	0	60	2.370000	100													0	Durability_Armor_Combat_Min	ConditionDamageScaleFactor_Armor_Combat	Durability_Armor_Combat_Max	0
00569326	SkinFloaterGnasher		0	0	0.000000	0													0				0
00569327	SkinFloaterFreezer		0	0	0.000000	0													0				0
00569A86	ATX_Clothes_PintSizedSlasher	Pint-Sized Slasher Costume	0	0	0.100000	0													0				0
00569A88	ATX_Headwear_PintSizedSlasherMask	Pint-Sized Slasher Mask	0	0	0.100000	0													0				0
00569E11	SCORE_S13_Clothes_Outfit_RacecarDriver	Racecar Driver Outfit	0	0	0.100000	0													0				0
0056A1B6	zzzATX_Clothes_RangerArmor	Ranger Armor	0	0	0.100000	0													0				0
0056A1BB	zzzATX_Clothes_RangerArmorAdvanced	Ranger Armor Advanced	0	0	0.100000	0													0				0
0056A1BD	zzzATX_Clothes_RangerArmorElite	Ranger Armor Elite	0	0	0.100000	0													0				0
0056A1BF	zzzATX_Clothes_RangerArmor_Riot	Ranger Armor Riot	0	0	0.100000	0													0				0
0056A1C1	zzzATX_Clothes_RangerArmor_Desert	Ranger Armor Desert	0	0	0.100000	0													0				0
0056A1C3	zzzATX_Clothes_RangerArmorAdvanced_Riot	Ranger Armor Advanced Riot	0	0	0.100000	0													0				0
0056A1C5	zzzATX_Clothes_RangerArmorAdvanced_Desert	Ranger Armor Advanced Desert	0	0	0.100000	0													0				0
0056A1C7	zzzATX_Clothes_RangerArmorElite_Riot	Ranger Armor Elite Riot	0	0	0.100000	0													0				0
0056A1C9	zzzATX_Clothes_RangerArmorElite_Desert	Ranger Armor Elite Desert	0	0	0.100000	0													0				0
0056A1CB	zzzATX_Headwear_RangerArmor	Ranger's Uniform Helmet	0	0	0.100000	0													0				0
0056A1CD	zzzATX_Headwear_RangerArmor_Riot	Ranger Armor Riot Helmet	0	0	0.100000	0													0				0
0056A1CF	zzzATX_Headwear_RangerArmor_Desert	Ranger Armor Desert Helmet	0	0	0.100000	0													0				0
0056EA37	ATX_Clothes_Gladiator	Gladiator Outfit	0	0	0.100000	0													0				0
0056EA39	ATX_Headwear_GladiatorHelmet	Gladiator Helmet	0	0	0.100000	0													0				0
0056EA3B	ATX_Clothes_Samurai	Samurai Outfit	0	0	0.100000	0													0				0
0056EA3D	ATX_Headwear_SamuraiHelmet	Samurai Helmet	0	0	0.100000	0													0				0
0056EFE0	ATX_Clothes_CommunistAdvanced	Communist Militant Outfit	0	0	0.100000	0													0				0
0056EFE3	ATX_Headwear_CommunistAdvanced	Communist Militant Hat	0	0	0.100000	0													0				0
005731BB	Headwear_Radicals	Radicals Face Mask	0	0	0.000000	0													0				0
005737F3	Clothes_Longshoreman_NotPlayable	Longshoreman Outfit	0	80	0.100000	0													0				0
005737F4	Clothes_Rustic_WinterJacketAndJeans_NotPlayable	Winter Jacket and Jeans	0	80	0.100000	0													0				0
0057535D	Babylon_Clothes_HalloweenCostume02Glow_Skeleton	Glowing Skeleton Costume	0	120	0.100000	0													0				0
0057535F	Babylon_Headwear_HalloweenCostume02Glow_Skeleton	Glowing Skeleton Hood	0	120	0.100000	0													0				0
0057556F	ATX_WST_DLX_Armor_BackPack_Raider_Pillager	Standard Backpack	0	0	1.000000	0													0				0
00575572	ATX_WST_DLX_Armor_BackPack_Settler_Relief	Standard Backpack	0	0	1.000000	0													0				0
00575B9A	ATX_Clothes_CommunistOutfit_Basic	Communist Spy Outfit	0	0	0.100000	0													0				0
00575B9C	ATX_Headwear_CommunistOutfit_Basic_Hat	Communist Spy Ski Hat	0	0	0.100000	0													0				0
005771A6	ATX_Clothes_PrepperTrapper_1_Outfit_NONPLAYABLE	Survivalist's Outfit	0	0	0.100000	0													0				0
005771A7	ATX_Headwear_PrepperTrapper_2_Bandana_NONPLAYABLE	Stalker Bandana	0	0	0.100000	0													0				0
005771A8	ATX_Clothes_PrepperTrapper_2_NONPLAYABLE	Stalker Outfit	0	0	0.100000	0													0				0
005771A9	ATX_Clothes_PrepperTrapper_3_Outfit_NONPLAYABLE	Wasteland Trapper Outfit	0	0	0.100000	0													0				0
005771AA	ATX_Headwear_PrepperTrapper_NONPLAYABLE	Raider Scabber Mask	0	0	0.100000	0													0				0
005771AB	ATX_Headwear_PrepperTrapper_2_Goggles_NONPLAYABLE	Stalker Goggles	0	0	0.100000	0													0				0
005771AC	ATX_Headwear_PrepperTrapper_1_Mask_NONPLAYABLE	Survivalist's Mask	0	0	0.100000	0													0				0
005771AD	ATX_Headwear_PrepperTrapper3_Hat_NONPLAYABLE	Wasteland Trapper Hat	0	0	0.100000	0													0				0
005771AE	ATX_Clothes_PrepperTrapper_4_NONPLAYABLE	Prepper Trapper 4 Outfit	0	0	0.100000	0													0				0
005771AF	ATX_Armor_BackPack_03_Box_KeepOut_NONPLAYABLE	Keep Out Backpack	0	0	1.000000	0													0				0
005771B0	ATX_Clothes_Western_05_Duster_NONPLAYABLE	Western Duster	0	0	0.100000	0													0				0
005771B1	ATX_Headwear_Western_Hat_02_NONPLAYABLE	Cowboy Hat	0	0	0.100000	0													0				0
005772BB	PipBoy2000_MKVII	Pip-Boy 2000 VTU	0	0	0.000000	0													0				0
00577E41	ATX_Clothes_Raider_Pathfinder_NONPLAYABLE	Raider Pathfinder Outfit	0	0	0.100000	0													0				0
00577E43	ATX_Headwear_Raider_Pathfinder_Mask_NONPLAYABLE	Raider Pathfinder Mask	0	19	0.100000	0													0				0
00577E45	ATX_Headwear_Raider_Pathfinder_Hat_NONPLAYABLE	Raider Pathfinder Hat	0	0	0.100000	0													0				0
00578667	ATX_Clothes_Settler_Mechanic_NONPLAYABLE	Settler Mechanic	0	10	0.100000	0													0				0
00578669	ATX_Headwear_Settler_Mechanic_Hat_NONPLAYABLE	Settler Mechanic Hat	0	0	0.100000	0													0				0
0057AD38	ATX_TP_Headwear_Settler_WorkChief_Hat_NONPLAYABLE	Settler Work Chief Hat	0	0	0.100000	0													0				0
0057AD39	ATX_TP_Clothes_Settler_WorkChief_NONPLAYABLE	Settler Work Chief Outfit	0	10	0.100000	0													0				0
0057AD3B	Clothes_OverseerVaultSuit76_NONPLAYABLE	Overseer Vault 76 Jumpsuit	0	20	1.000000	0													0				0
0057CF76	ATX_Armor_BackPack_05_Cooler_NukaCola_NONPLAYABLE	Nuka-Cola Cooler Backpack	0	0	1.000000	0													0				0
0057CF77	ATX_Headwear_GasMaskRaiderSkull_Helmet_NONPLAYABLE	Armored Raider Skull Gas Mask	0	0	0.100000	0													0				0
0057D7AA	ATX_Clothes_Raider06_Culinarian_NONPLAYABLE	Raider Culinarian Outfit	0	10	0.100000	0													0				0
0057D7AB	ATX_Headwear_Raider06_Culinarian_Hat_NONPLAYABLE	Raider Culinarian Beanie	0	0	0.100000	0													0				0
0057D7AE	Clothes_Raider04_Fashion_NONPLAYABLE	Fashionable Raider Outfit	0	10	0.100000	0													0				0
0057D7AF	Headwear_Raider04_Fashion_Hat_NONPLAYABLE	Fashionable Raider Hat	0	0	0.100000	0													0				0
0058635B	ATX_Armor_BackPack_04_Shovel_Green_NONPLAYABLE	Green Shovel Backpack	0	0	1.000000	0													0				0
00586362	ATX_Clothes_SuitClean_Grey_NONPLAYABLE	Clean Grey Suit	0	0	0.100000	0													0				0
00586461	ATX_WST_Clothes_Settler05_Welder_NONPLAYABLE	Welder Outfit	0	35	0.100000	0													0				0
00586463	Clothes_Settler11_Worker_NONPLAYABLE	Worker Outfit	0	35	0.100000	0													0				0
00586465	ATX_WST_Headwear_Settler05_Welder_NONPLAYABLE	Welder Hat	0	0	0.100000	0													0				0
00586467	Headwear_Settler11_Worker_NONPLAYABLE	Worker Hat	0	15	0.100000	0													0				0
0058647D	ATX_Headwear_BunnyEars	White Bunny Ears	0	0	0.100000	0													0				0
00586482	ATX_Headwear_BunnyEars_Black	Black Bunny Ears	0	0	0.100000	0													0				0
00586483	ATX_Headwear_BunnyEars_Grey	Grey Bunny Ears	0	0	0.100000	0													0				0
0058653F	Clothes_HalloweenCostume_Pirate	Pirate Costume	0	100	0.100000	0													0				0
00586541	Headwear_HalloweenCostume_Pirate	Pirate Costume Hat	0	100	0.100000	0													0				0
00586A0C	zzzATX_Armor_BackPack_Coffin	Standard Backpack	0	0	1.000000	0													0				0
00587228	Headwear_Clothes_SecretService_Helmet	Secret Service Helmet	0	150	0.100000	0													0				0
00587381	ATX_Armor_BackPack_04_Shovel_Black_NONPLAYABLE	Black Shovel Backpack	0	0	1.000000	0													0				0
00587382	ATX_Headwear_StrawHat_NONPLAYABLE	Straw Hat	0	0	0.100000	0													0				0
00588BD0	ATX_Clothes_Raider_Scavenger_NONPLAYABLE	Raider Scavenger	0	0	0.100000	0													0				0
00588BD2	ATX_Headwear_Raider_Scavenger_Mask_NONPLAYABLE	Raider Scavenger Mask	0	19	0.100000	0													0				0
00588BD4	ATX_Headwear_Raider_Scavenger_Hat_NONPLAYABLE	Raider Scavenger Hat	0	0	0.100000	0													0				0
0058AFD4	Armor_HazmatSuitDamaged_NONPLAYABLE	Damaged Hazmat Suit	0	55	4.000000	100													0	Durability_Armor_Leather_Min	ConditionDamageScaleFactor_Armor_Leather	Durability_Armor_Leather_Max	0
0058B261	ATX_Headwear_RaiderAdvancedEyepiece_NONPLAYABLE	Raider Waster Eyepiece	0	0	0.100000	0													0				0
0058B262	ATX_Headwear_GasMaskRaiderSkull_White_UNPLAYBLE	White Raider Skull Gas Mask	0	0	0.100000	0													0				0
0058B263	ATX_Headwear_GasMaskRaiderSkull_Rusty_NONPLAYABLE	Rusty Raider Skull Gas Mask	0	0	0.100000	0													0				0
0058B264	ATX_Headwear_GasMaskRaiderSkull_NONPLAYABLE	Raider Skull Gas Mask	0	0	0.100000	0													0				0
0058B265	ATX_Armor_PowerArmor_ExcavatorRaider_ArmLeft_NONPLAYABLE	Bone Raider Left Arm	0	75	11.000000	100													0	Durability_Armor_Power_Min	ConditionDamageScaleFactor_PowerArmor_Excavator	Durability_Armor_Power_Max	0
0058B266	ATX_Armor_PowerArmor_ExcavatorRaider_ArmRight_NONPLAYABLE	Bone Raider Right Arm	0	75	11.000000	100													0	Durability_Armor_Power_Min	ConditionDamageScaleFactor_PowerArmor_Excavator	Durability_Armor_Power_Max	0
0058B267	ATX_Armor_PowerArmor_ExcavatorRaider_Helmet_NONPLAYABLE	Bone Raider Helmet	0	60	10.000000	100													0	Durability_Armor_Power_Min	ConditionDamageScaleFactor_PowerArmor_Excavator	Durability_Armor_Power_Max	0
0058B268	ATX_Armor_PowerArmor_ExcavatorRaider_LegLeft_NONPLAYABLE	Bone Raider Left Leg	0	100	12.000000	100													0	Durability_Armor_Power_Min	ConditionDamageScaleFactor_PowerArmor_Excavator	Durability_Armor_Power_Max	0
0058B269	ATX_Armor_PowerArmor_ExcavatorRaider_LegRight_NONPLAYABLE	Bone Raider Right Leg	0	100	12.000000	100													0	Durability_Armor_Power_Min	ConditionDamageScaleFactor_PowerArmor_Excavator	Durability_Armor_Power_Max	0
0058B26A	ATX_Armor_PowerArmor_ExcavatorRaider_Torso_NONPLAYABLE	Bone Raider Torso	0	140	15.000000	100													0	Durability_Armor_Power_Min	ConditionDamageScaleFactor_PowerArmor_Excavator	Durability_Armor_Power_Max	0
0058B26B	ATX_Armor_Raider_Skilanes_Headwear_NONPLAYABLE	Cutthroat Helmet	0	0	0.100000	0													0				0
0058B26C	ATX_Armor_Raider_Skilanes_Outfit_NONPLAYABLE	Cutthroat Outfit	0	0	0.100000	0													0				0
0058B26D	ATX_Armor_Underarmor_RaiderAdvanced_NONPLAYABLE	Raider Waster Underarmor	0	0	1.000000	0													0				0
0058B26E	ATX_Clothes_RaiderAdvanced_NONPLAYABLE	Raider Waster Outfit	0	0	0.100000	0													0				0
0058B273	ATX_Clothes_Settler_Laborer_NONPLAYABLE	Settler Laborer	0	10	0.100000	0													0				0
0058B275	ATX_Headwear_Settler_Laborer_NONPLAYABLE	Settler Laborer	0	15	0.100000	0													0				0
0058B3BA	ATX_Headwear_PrepperTrapper_3_Mask_NONPLAYABLE	Wasteland Trapper Mask	0	0	0.100000	0													0				0
0058B3BD	ATX_Clothes_Jumpsuit_RedRocket_NONPLAYABLE	Red Rocket Jumpsuit	0	0	0.100000	0													0				0
0058BD34	ATX_Clothes_Lumberjack_NONPLAYABLE	Lumberjack Outfit	0	0	0.100000	0													0				0
0058BD5F	ATX_Clothes_HalloweenVikingBustedHorns	Viking Costume	0	0	0.100000	0													0				0
0058BD61	ATX_Headwear_HalloweenVikingBustedHorns	Busted Horn Viking Helmet	0	0	0.100000	0													0				0
0058C582	Clothes_Duchess	Duchess's Outfit	0	10	0.100000	0													0				0
0058C67B	ATX_Clothes_Raider_Skinner_NONPLAYABLE	Raider Skinner Outfit	0	0	0.100000	0													0				0
0058C67D	ATX_Headwear_Raider_Skinner_NONPLAYABLE	Raider Skinner Hood	0	0	0.100000	0													0				0
0058CCE6	ATX_Clothes_Underarmor_TacticalOps_NONPLAYABLE	Tactical Ops Outfit	0	0	0.100000	0													0				0
0058CE82	ATX_Clothes_Raider_Sports_NONPLAYABLE	Raider Sports	0	0	0.100000	0													0				0
0058CE84	ATX_Headwear_Raider_Sports_NONPLAYABLE	Raider Sports Hat	0	0	0.100000	0													0				0
0058DEA3	ATX_Clothes_PrewarShortSleevesAndSlacks_Clean_NONPLAYABLE	Checkered Shirt and Slacks	0	0	0.100000	0													0				0
0058DEA4	ATX_Headwear_ScientistGoggles_NONPLAYABLE	Scientist's Goggles	0	0	0.100000	0													0				0
0058DEA5	ATX_Clothes_Tuxedo_NONPLAYABLE	Tuxedo	0	0	0.100000	0													0				0
0058DEA6	ATX_Clothes_PrewarShortSleevesAndSlacks_BlueAndTan_NONPLAYABLE	Blue and Tan Shirt and Slacks	0	0	0.100000	0													0				0
0058DEA7	ATX_Clothes_SuitClean_Black_NONPLAYABLE	Clean Black Suit	0	0	0.100000	0													0				0
0058DEA8	ATX_Clothes_FishermanOutfit03_NONPLAYABLE	Black Fisherman's Overalls	0	0	0.100000	0													0				0
0058DEA9	ATX_Clothes_PrewarShortSleevesAndSlacks_RedAndKhaki_NONPLAYABLE	Red And Khaki Shirt and Slacks	0	0	0.100000	0													0				0
0058DEAA	ATX_Clothes_Mobster01_NONPLAYABLE	Black Vest and Slacks	0	0	0.100000	0													0				0
0058DEAB	ATX_Clothes_PrewarShortSleeves_Clean_NONPLAYABLE	Laundered Loungewear	0	0	0.100000	0													0				0
0058DEAC	ATX_Headwear_FloppySunHat_NONPLAYABLE	Sun Hat	0	0	0.100000	0													0				0
0058DEAD	ATX_Armor_BackPack_04_Shovel_Camo_NONPLAYABLE	Camo Shovel Backpack	0	0	1.000000	0													0				0
0058DEAE	ATX_Clothes_PrewarShortSleevesAndSlacks_WhiteAndGrey_NONPLAYABLE	White And Grey Shirt and Slacks	0	0	0.100000	0													0				0
0058DEAF	ATX_Clothes_NukaWorldLogo_ShirtAndPants_05_NONPLAYABLE	Nuka-World Geyser Shirt & Jeans	0	0	0.100000	0													0				0
0058DEB0	ATX_Clothes_JeansVaultTee_NONPLAYABLE	VTU T-Shirt and Jeans	0	0	0.100000	0													0				0
0058DEB1	ATX_Headwear_TruckerHat_VTU_Clean_NONPLAYABLE	VTU Trucker Cap	0	0	0.100000	0													0				0
0058DEB2	ATX_Clothes_HunterSafetyVest2_NONPLAYABLE	Hunter Safety Vest Red Outfit	0	0	0.100000	0													0				0
0058DEB3	ATX_Headwear_HunterSafetyVest1_NONPLAYABLE	Hunter Safety Orange Hat	0	0	0.100000	0													0				0
0058DEB4	ATX_Clothes_KidsOutfit02_NONPLAYABLE	Child Tattered Clothes	0	0	0.100000	0													0				0
0058DEB5	ATX_Clothes_KidsOutfit03_NONPLAYABLE	Child Yellow Dress	0	0	0.100000	0													0				0
0058DEB6	ATX_Clothes_KidsOutfit01_NONPLAYABLE	Child Shirt and Jeans	0	0	0.100000	0													0				0
0058DEE8	Clothes_KidsHazmatSuit	Kid's Hazmat Suit	0	0	0.100000	0													0				0
0058DEED	Clothes_KidsHazmatSuit_NoHelmet	Kid's Hazmat Suit	0	0	0.100000	0													0				0
0058E9CC	ATX_Armor_BackPack_Settler_Unique_01_NONPLAYABLE	Settler Backpack	0	0	1.000000	0													0				0
0058EC04	ATX_Clothes_Settler_Laborer	Settler Laborer Outfit	0	10	0.100000	0													0				0
0058EC05	ATX_WST_DLX_Clothes_Settler_Mechanic	Settler Mechanic Outfit	0	10	0.100000	0													0				0
0058EC06	ATX_TP_Clothes_Settler_WorkChief	Settler Work Chief Outfit	0	10	0.100000	0													0				0
0058EC07	ATX_Headwear_Settler_Carpenter	Settler Carpenter Hat	0	15	0.100000	0													0				0
0058EC08	ATX_WST_DLX_Headwear_Settler_Mechanic_Hat	Settler Mechanic Hat	0	0	0.100000	0													0				0
0058EC09	ATX_TP_Headwear_Settler_WorkChief_Hat	Settler Work Chief Hat	0	0	0.100000	0													0				0
0058EC0A	ATX_WST_Clothes_Settler05_Welder	Settler Welder Outfit	0	35	0.100000	0													0				0
0058EC0B	Clothes_Settler11_Worker	Worker Outfit	0	35	0.100000	0													0				0
0058EC0C	ATX_WST_Headwear_Settler05_Welder	Settler Welder Hat	0	0	0.100000	0													0				0
0058EC0D	Headwear_Settler11_Worker	Worker Hat	0	15	0.100000	0													0				0
0058EC0E	ATX_Clothes_Raider_Scavenger	Raider Scavenger	0	0	0.100000	0													0				0
0058EC0F	ATX_Headwear_Raider_Scavenger_Hat	Raider Scavenger Hat	0	0	0.100000	0													0				0
0058EC10	ATX_Headwear_Raider_Scavenger_Mask	Raider Scavenger Mask	0	19	0.100000	0													0				0
0058EC11	Clothes_Raider04_Fashion	Fashionable Raider Outfit	0	10	0.100000	0													0				0
0058EC12	ATX_Clothes_Raider_Culinarian	Raider Culinarian Outfit	0	10	0.100000	0													0				0
0058EC13	ATX_Clothes_Raider_Skinner	Raider Skinner Outfit	0	0	0.100000	0													0				0
0058EC14	ATX_TP_Clothes_Raider_Sports	Raider Nomad	0	0	0.100000	0													0				0
0058EC15	ATX_WST_DLX_Clothes_Raider_Pathfinder	Raider Pathfinder Outfit	0	0	0.100000	0													0				0
0058EC1A	Headwear_Raider04_Fashion_Hat	Fashionable Raider Hat	0	10	0.100000	0													0				0
0058EC1B	ATX_Headwear_Raider_Culinarian	Raider Culinarian Beanie	0	0	0.100000	0													0				0
0058EC1C	ATX_Headwear_Raider_Skinner	Raider Skinner Hood	0	0	0.100000	0													0				0
0058EC1D	ATX_TP_Headwear_Raider_Sports	Raider Nomad Hat	0	0	0.100000	0													0				0
0058EC1E	ATX_WST_DLX_Headwear_Raider_Pathfinder_Hat	Raider Pathfinder Bandana	0	0	0.100000	0													0				0
0058EC1F	ATX_WST_DLX_Headwear_Raider_Pathfinder_Mask	Raider Pathfinder Mask	0	19	0.100000	0													0				0
0058F259	ATX_Clothes_Settler_Carpenter	Settler Carpenter Outfit	0	10	0.100000	0													0				0
0058F25F	ATX_Armor_PowerArmor_T51_Settler_ArmLeft_NONPLAYABLE	T-51b Left Arm	0	130	12.000000	100													0	Durability_Armor_Power_Min	ConditionDamageScaleFactor_PowerArmor_T51	Durability_Armor_Power_Max	0
0058F260	ATX_Armor_PowerArmor_T51_Settler_ArmRight_NONPLAYABLE	T-51b Right Arm	0	130	12.000000	100													0	Durability_Armor_Power_Min	ConditionDamageScaleFactor_PowerArmor_T51	Durability_Armor_Power_Max	0
0058F261	ATX_Armor_PowerArmor_T51_Settler_Helmet_NONPLAYABLE	T-51b Helm	0	80	11.000000	100													0	Durability_Armor_Power_Min	ConditionDamageScaleFactor_PowerArmor_T51	Durability_Armor_Power_Max	0
0058F262	ATX_Armor_PowerArmor_T51_Settler_LegLeft_NONPLAYABLE	T-51b Left Leg	0	130	14.000000	100													0	Durability_Armor_Power_Min	ConditionDamageScaleFactor_PowerArmor_T51	Durability_Armor_Power_Max	0
0058F263	ATX_Armor_PowerArmor_T51_Settler_LegRight_NONPLAYABLE	T-51b Right Leg	0	130	14.000000	100													0	Durability_Armor_Power_Min	ConditionDamageScaleFactor_PowerArmor_T51	Durability_Armor_Power_Max	0
0058F264	ATX_Armor_PowerArmor_T51_Torso_Settler_NONPLAYABLE	T-51b Chest Piece	0	180	17.000000	100													0	Durability_Armor_Power_Min	ConditionDamageScaleFactor_PowerArmor_T51	Durability_Armor_Power_Max	0
0058F265	ATX_Armor_PowerArmor_T51_Raider_ArmLeft_NONPLAYABLE	T-51b Left Arm	0	130	12.000000	100													0	Durability_Armor_Power_Min	ConditionDamageScaleFactor_PowerArmor_T51	Durability_Armor_Power_Max	0
0058F266	ATX_Armor_PowerArmor_T51_Raider_ArmRight_NONPLAYABLE	T-51b Right Arm	0	130	12.000000	100													0	Durability_Armor_Power_Min	ConditionDamageScaleFactor_PowerArmor_T51	Durability_Armor_Power_Max	0
0058F267	ATX_Armor_PowerArmor_T51_Raider_Helmet_NONPLAYABLE	T-51b Helm	0	80	11.000000	100													0	Durability_Armor_Power_Min	ConditionDamageScaleFactor_PowerArmor_T51	Durability_Armor_Power_Max	0
0058F268	ATX_Armor_PowerArmor_T51_Raider_LegLeft_NONPLAYABLE	T-51b Left Leg	0	130	14.000000	100													0	Durability_Armor_Power_Min	ConditionDamageScaleFactor_PowerArmor_T51	Durability_Armor_Power_Max	0
0058F269	ATX_Armor_PowerArmor_T51_Raider_LegRight_NONPLAYABLE	T-51b Right Leg	0	130	14.000000	100													0	Durability_Armor_Power_Min	ConditionDamageScaleFactor_PowerArmor_T51	Durability_Armor_Power_Max	0
0058F26A	ATX_Armor_PowerArmor_T51_Torso_Raider_NONPLAYABLE	T-51b Chest Piece	0	180	17.000000	100													0	Durability_Armor_Power_Min	ConditionDamageScaleFactor_PowerArmor_T51	Durability_Armor_Power_Max	0
0058F95F	Armor_ChineseStealthArmor	Chinese Stealth Armor	0	10000	1.910000	100													0	Durability_Armor_Metal_Min	ConditionDamageScaleFactor_Armor_Metal	Durability_Armor_Metal_Max	0
0058FA30	Headwear_ChineseStealthArmor	Chinese Stealth Helmet	0	100	0.100000	0													0				0
00590033	Armor_Casual_Underarmor_MilitaryFatigues_NONPLAYABLE	Military Fatigues	0	10	1.000000	0													0				0
00590034	Headwear_Gasmask_NONPLAYABLE	Gas Mask with Goggles	0	40	0.100000	0													0				0
00590035	Headwear_SunGlasses_NONPLAYABLE	Sunglasses	0	12	0.100000	0													0				0
00590036	Headwear_Clothes_DLC03_Marine_Helmet_NONPLAYABLE	Marine Armor Helmet	0	100	0.100000	0													0				0
00590037	Headwear_Clothes_Combat_Helmet_NONPLAYABLE	Combat Armor Helmet	0	25	0.100000	0													0				0
00590038	Headwear_Army_Helmet_postwar_NONPLAYABLE	Dirty Army Helmet	0	20	0.100000	0													0				0
00590039	Headwear_Clothes_Metal_Helmet_NONPLAYABLE	Metal Helmet	0	15	0.100000	0													0				0
00590118	W05_ATX_Clothes_CryptidEnthusiast_Wanderer_NONPLAYABLE	Cryptid Enthusiast Outfit	0	0	0.100000	0													0				0
00590159	Headwear_Radicals_Mask_A	Gas Mask with Goggles	0	40	0.100000	0													0				0
00590430	WeaselCollar	Weasel Collar	0	15	0.100000	0													0				0
00590B6D	Armor_BlueridgeGuardOutfit	Blue Ridge Caravan Outfit	0	0	0.100000	0													0				0
0059127E	SupermutantArmor_Apron	Super Mutant Apron	0	30	10.000000	100													0				0
00591282	E05_Armor_ArmoredCoat_NonPlayable	Blue Ridge Caravan Coat	0	0	0.100000	0													0				0
00591661	Clothes_FatiguesPostWar_NONPLAYABLE	Dirty Army Fatigues	0	12	0.100000	0													0				0
00591662	Clothes_SteelWorkerUniformClean_NONPLAYABLE	Clean  Steel Worker Uniform	0	150	0.100000	0													0				0
0059201B	ATX_Clothes_Raider_RaRa_NONPLAYABLE	Raider RaRa	0	0	0.100000	0													0				0
00592178	zzzArmor_Casual_Underarmor_Overalls	Overalls Underarmor	0	0	1.000000	0													0				0
00592457	zzz_ATX_DLC04_Armor_Disciples_Underarmor_01	Wrap & Ragged Pants	0	5	0.000000	0													0				0
00592458	zzz_ATX_DLC04_Armor_Disciples_Underarmor_02	Torn Shirt & Jeans	0	5	0.000000	0													0				0
00592459	zzz_ATX_DLC04_Armor_Disciples_Underarmor_03	Wrap & Ripped Jeans	0	5	0.000000	0													0				0
0059245A	zzz_ATX_DLC04_Armor_Disciples_Underarmor_04	Torn Shirt & Ragged Pants	0	5	0.000000	0													0				0
0059245B	ATX_DLC04_Armor_Disciples_Heavy_Helmet	Free Radicals Head Covering	0	65	0.000000	0													0				0
0059245C	ATX_DLC04_Armor_Disciples_Helmet_Dixie	Free Radicals Banded Helmet	0	65	0.000000	0													0				0
0059245D	ATX_DLC04_Armor_Disciples_Helmet_Male	Free Radicals Spiked Helmet	0	65	0.000000	0													0				0
0059245E	ATX_DLC04_Armor_Disciples_Helmet_Nisha	Free Radicals Bladed Helmet	0	65	0.000000	0													0				0
0059245F	ATX_DLC04_Armor_Disciples_Light_Helmet_01	Free Radicals Cowl	0	20	0.000000	0													0				0
00592460	ATX_DLC04_Armor_Disciples_Light_Helmet_02	Free Radicals Hood	0	20	0.000000	0													0				0
00592461	ATX_DLC04_Armor_Disciples_Heavy_Helmet_NONPLAYABLE	Free Radicals Head Covering	0	65	0.000000	0													0				0
00592462	ATX_DLC04_Armor_Disciples_Helmet_Dixie_NONPLAYABLE	Free Radicals Banded Helmet	0	65	0.000000	0													0				0
00592463	ATX_DLC04_Armor_Disciples_Helmet_Male_NONPLAYABLE	Free Radicals Spiked Helmet	0	65	0.000000	0													0				0
00592464	ATX_DLC04_Armor_Disciples_Helmet_Nisha_NONPLAYABLE	Free Radicals Bladed Helmet	0	65	0.000000	0													0				0
00592465	ATX_DLC04_Armor_Disciples_Light_Helmet_01_NONPLAYABLE	Free Radicals Cowl	0	20	0.000000	0													0				0
00592466	ATX_DLC04_Armor_Disciples_Light_Helmet_02_NONPLAYABLE	Free Radicals Hood	0	20	0.000000	0													0				0
00592467	ATX_DLC04_Armor_Disciples_Underarmor_01_NONPLAYABLE	Wrap & Ragged Pants	0	5	0.000000	0													0				0
00592468	ATX_DLC04_Armor_Disciples_Underarmor_02_NONPLAYABLE	Torn Shirt & Jeans	0	5	0.000000	0													0				0
00592469	ATX_DLC04_Armor_Disciples_Underarmor_03_NONPLAYABLE	Wrap & Ripped Jeans	0	5	0.000000	0													0				0
0059246A	ATX_DLC04_Armor_Disciples_Underarmor_04_NONPLAYABLE	Torn Shirt & Ragged Pants	0	5	0.000000	0													0				0
00592DAA	ATX_Clothes_FortuneTeller	Fortune Teller Outfit	0	0	0.100000	0													0				0
00592DAC	ATX_Headwear_FortuneTellerHat	Fortune Teller Hat	0	0	0.100000	0													0				0
005943FB	ATX_Clothes_Settler_Carpenter_NONPLAYABLE	Settler Carpenter	0	10	0.100000	0													0				0
005943FC	zzzATX_Clothes_Settler_Mechanic	Settler Mechanic Outfit	0	10	0.100000	0													0				0
00594A45	zzzArmor_HazmatSuit_E05_Radition	Emmett Mountain Hazmat Suit	0	85	2.000000	100													0	Durability_Armor_Leather_Min	ConditionDamageScaleFactor_Armor_Leather	Durability_Armor_Leather_Max	0
00594A46	Headwear_E05_Caravan_Gasmask	Blue Ridge Caravan Gas Mask	0	40	0.100000	0													0				0
00595914	Armor_HazmatSuit_E05_Radition	Emmett Mountain Hazmat Suit	0	85	2.000000	100													0	Durability_Armor_Leather_Min	ConditionDamageScaleFactor_Armor_Leather	Durability_Armor_Leather_Max	0
005959F2	ATX_Headwear_ThanksgivingScarecrowHat	Scarecrow Hat	0	0	0.100000	0													0				0
00595A0F	Headwear_DLC04_Western_Hat_01a_NotPlayable	Prospector's Hat	0	15	0.100000	0													0				0
00595AFF	SkinEyeBot_NoDust		0	0	0.000000	0													0				0
00595BC9	Headwear_RaiderMod_Hood3_NONPLAYABLE	Sack Hood with Straps	0	5	0.100000	0													0				0
00595BCA	Headwear_Clothes_Wood_Helmet_NONPLAYABLE	Wood Helmet	0	15	0.100000	0													0				0
00595BCB	Headwear_RaiderMod_Hood1_NONPLAYABLE	Sack Hood	0	5	0.100000	0													0				0
00595BCC	Headwear_RaiderMod_Hood2_NONPLAYABLE	Sack Hood with Hoses	0	5	0.100000	0													0				0
00595BCD	Clothes_SteelWorkerUniform_NONPLAYABLE	Steel Worker Uniform	0	35	0.100000	0													0				0
00595BCE	Clothes_Jumpsuit_Generic_NONPLAYABLE	Mechanic Jumpsuit	0	10	0.100000	0													0				0
00595BCF	Headwear_BlackRimGlasses_NONPLAYABLE	Black-Rim Glasses	0	15	0.100000	0													0				0
00595BD0	Headwear_DLC04_RoundSunglasses_NONPLAYABLE	Bottlecap Sunglasses	0	27	0.100000	0													0				0
00595BD1	Headwear_EyeGlasses_NONPLAYABLE	Eyeglasses	0	12	0.100000	0													0				0
00595BD2	Headwear_PoliceGlasses_NONPLAYABLE	Patrolman Sunglasses	0	17	0.100000	0													0				0
00595BD3	Headwear_BaseballHat_NONPLAYABLE	Baseball Cap	0	15	0.100000	0													0				0
00595BD4	Headwear_BowlerHat_NONPLAYABLE	Bowler Hat	0	15	0.100000	0													0				0
00595BD5	Headwear_HardHat_Default_NONPLAYABLE	Hard Hat	0	15	0.100000	0													0				0
00595BD6	Headwear_HardHat_Black_NONPLAYABLE	Black Hard Hat	0	15	0.100000	0													0				0
00595BD7	Headwear_HardHat_Blue_NONPLAYABLE	Blue Hard Hat	0	15	0.100000	0													0				0
00595BD8	Headwear_HardHat_Grey_NONPLAYABLE	Grey Hard Hat	0	15	0.100000	0													0				0
00595BD9	Headwear_HardHat_Orange_NONPLAYABLE	Orange Hard Hat	0	15	0.100000	0													0				0
00595BDA	Headwear_HardHat_Red_NONPLAYABLE	Red Hard Hat	0	15	0.100000	0													0				0
00595BDB	Headwear_HardHat_White_NONPLAYABLE	White Hard Hat	0	15	0.100000	0													0				0
00595BDC	Headwear_MinerHat_NONPLAYABLE	Miner Hat	0	15	0.100000	0													0				0
00595BDD	Headwear_Mobsterhat_NONPLAYABLE	Bowler	0	15	0.100000	0													0				0
00595BDE	Headwear_SteelWorkerHat_NONPLAYABLE	Steel Worker Hat	0	15	0.100000	0													0				0
00595C9B	ATX_Clothes_ThanksgivingPilgrim	Thanksgiving Pilgrim Outfit	0	0	0.100000	0													0				0
00595C9C	ATX_Headwear_ThanksgivingPilgrim_Hat	Thanksgiving Pilgrim Hat	0	0	0.100000	0													0				0
00595C9F	ATX_Clothes_ThanksgivingScarecrowDUPLICATE000	Thanksgiving Scarecrow Outfit	0	0	0.100000	0													0				0
00595CA0	ATX_Headwear_ThanksgivingScarecrow_Hat	Thanksgiving Scarecrow Hat	0	0	0.100000	0													0				0
00595CAE	ATX_Headwear_EyepatchDUPLICATE000	Black Eyepatch	0	0	0.100000	0													0				0
00595CAF	ATX_Headwear_Eyepatch_EnclaveDUPLICATE000	Enclave Eyepatch	0	0	0.100000	0													0				0
00595CB0	ATX_Headwear_Eyepatch_EyeballDUPLICATE000	Painted Eyeball Eyepatch	0	0	0.100000	0													0				0
00595CB1	ATX_Headwear_Eyepatch_FreeStatesDUPLICATE000	Free States Eyepatch	0	0	0.100000	0													0				0
00595CB2	ATX_Headwear_Eyepatch_PinkHeartDUPLICATE000	Pink Heart Eyepatch	0	0	0.100000	0													0				0
00595CB3	ATX_Headwear_Eyepatch_RaiderSkullDUPLICATE000	Raider Eyepatch	0	0	0.100000	0													0				0
00595CB4	ATX_Headwear_Eyepatch_RespondersDUPLICATE000	Responder Eyepatch	0	0	0.100000	0													0				0
00595D25	Clothes_SpaceSuitClean_NoNameTag	Clean Spacesuit	0	400	0.100000	0													0				0
0059672F	Armor_Casual_Underarmor_Overalls_NONPLAYABLE	Overalls Underarmor	0	0	1.000000	0													0				0
0059674B	ATX_Armor_HazmatSuit_Orange_NONPLAYABLE	Hazmat Suit	0	85	5.000000	100													0	Durability_Armor_Leather_Min	ConditionDamageScaleFactor_Armor_Leather	Durability_Armor_Leather_Max	0
0059674C	Armor_HazmatSuit_Black_NONPLAYABLE	Hazmat Suit	0	85	5.000000	100													0	Durability_Armor_Leather_Min	ConditionDamageScaleFactor_Armor_Leather	Durability_Armor_Leather_Max	0
0059674D	ATX_Armor_HazmatSuit_SwampCamo_NONPLAYABLE	Hazmat Suit	0	85	5.000000	100													0	Durability_Armor_Leather_Min	ConditionDamageScaleFactor_Armor_Leather	Durability_Armor_Leather_Max	0
00596E9C	Armor_HazmatSuit_E05_Radition_No_Helmet	Emmett Mountain Hazmat Suit No Helmet	0	85	2.000000	100													0	Durability_Armor_Leather_Min	ConditionDamageScaleFactor_Armor_Leather	Durability_Armor_Leather_Max	0
00597669	Armor_SecretService_ArmLeft	Secret Service Left Arm	0	60	1.160000	100													0	Durability_Armor_Combat_Min	ConditionDamageScaleFactor_Armor_Combat	Durability_Armor_Combat_Max	0
0059766A	Armor_SecretService_ArmRight	Secret Service Right Arm	0	60	1.160000	100													0	Durability_Armor_Combat_Min	ConditionDamageScaleFactor_Armor_Combat	Durability_Armor_Combat_Max	0
0059766B	Armor_SecretService_LegLeft	Secret Service Left Leg	0	25	1.160000	100													0	Durability_Armor_Combat_Min	ConditionDamageScaleFactor_Armor_Combat	Durability_Armor_Combat_Max	0
0059766C	Armor_SecretService_LegRight	Secret Service Right Leg	0	25	1.160000	100													0	Durability_Armor_Combat_Min	ConditionDamageScaleFactor_Armor_Combat	Durability_Armor_Combat_Max	0
0059766D	Armor_Underarmor_SecretService_Uniform	Secret Service Underarmor	0	150	0.500000	0													0				0
0059780B	E05_Armor_MerchantBackpack03_NONPLAYABLE	Keep Out Backpack	0	0	1.000000	0													0				0
00597A6E	Babylon_Apparel_Outfit_FurJacketandJeans_Christmas2019	Fur-Lined Jacket and Jeans	0	80	0.100000	0													0				0
00598569	Babylon_Armor_Apparel_Headwear_Beanie_Christmas2019	Nuclear Winter Beanie	0	0	0.100000	0													0				0
0059878A	Armor_Leather_ArmLeft_NONPLAYABLE	Leather Left Arm	0	24	2.000000	100													0	Durability_Armor_Leather_Min	ConditionDamageScaleFactor_Armor_Leather	Durability_Armor_Leather_Max	0
0059878B	Armor_Metal_ArmLeft_NONPLAYABLE	Metal Left Arm	0	45	2.500000	100													0	Durability_Armor_Metal_Min	ConditionDamageScaleFactor_Armor_Metal	Durability_Armor_Metal_Max	0
0059878C	Armor_Combat_ArmLeft_NONPLAYABLE	Combat Armor Left Arm	0	60	2.750000	100													0	Durability_Armor_Combat_Min	ConditionDamageScaleFactor_Armor_Combat	Durability_Armor_Combat_Max	0
0059878D	Armor_DLC03_Marine_ArmLeft_NONPLAYABLE	Marine Armor Left Arm	0	75	3.500000	100													0	Durability_Armor_Marine_Min	ConditionDamageScaleFactor_Armor_Marine	Durability_Armor_Marine_Max	0
0059878E	Armor_Leather_ArmRight_NONPLAYABLE	Leather Right Arm	0	24	2.000000	100													0	Durability_Armor_Leather_Min	ConditionDamageScaleFactor_Armor_Leather	Durability_Armor_Leather_Max	0
0059878F	Armor_Metal_ArmRight_NONPLAYABLE	Metal Right Arm	0	45	2.500000	100													0	Durability_Armor_Metal_Min	ConditionDamageScaleFactor_Armor_Metal	Durability_Armor_Metal_Max	0
00598790	Armor_Combat_ArmRight_NONPLAYABLE	Combat Armor Right Arm	0	60	2.750000	100													0	Durability_Armor_Combat_Min	ConditionDamageScaleFactor_Armor_Combat	Durability_Armor_Combat_Max	0
00598791	Armor_DLC03_Marine_ArmRight_NONPLAYABLE	Marine Armor Right Arm	0	75	3.500000	100													0	Durability_Armor_Marine_Min	ConditionDamageScaleFactor_Armor_Marine	Durability_Armor_Marine_Max	0
00598792	Armor_Leather_LegLeft_NONPLAYABLE	Leather Left Leg	0	26	2.250000	100													0	Durability_Armor_Leather_Min	ConditionDamageScaleFactor_Armor_Leather	Durability_Armor_Leather_Max	0
00598793	Armor_Metal_LegLeft_NONPLAYABLE	Metal Left Leg	0	15	2.500000	100													0	Durability_Armor_Metal_Min	ConditionDamageScaleFactor_Armor_Metal	Durability_Armor_Metal_Max	0
00598794	Armor_Combat_LegLeft_NONPLAYABLE	Combat Armor Left Leg	0	25	3.000000	100													0	Durability_Armor_Combat_Min	ConditionDamageScaleFactor_Armor_Combat	Durability_Armor_Combat_Max	0
00598795	Armor_DLC03_Marine_LegLeft_NONPLAYABLE	Marine Armor Left Leg	0	120	4.000000	100													0	Durability_Armor_Marine_Min	ConditionDamageScaleFactor_Armor_Marine	Durability_Armor_Marine_Max	0
00598796	Armor_Leather_LegRight_NONPLAYABLE	Leather Right Leg	0	26	2.250000	100													0	Durability_Armor_Leather_Min	ConditionDamageScaleFactor_Armor_Leather	Durability_Armor_Leather_Max	0
00598797	Armor_Metal_LegRight_NONPLAYABLE	Metal Right Leg	0	15	2.500000	100													0	Durability_Armor_Metal_Min	ConditionDamageScaleFactor_Armor_Metal	Durability_Armor_Metal_Max	0
00598798	Armor_Combat_LegRight_NONPLAYABLE	Combat Armor Right Leg	0	25	3.000000	100													0	Durability_Armor_Combat_Min	ConditionDamageScaleFactor_Armor_Combat	Durability_Armor_Combat_Max	0
00598799	Armor_DLC03_Marine_LegRight_NONPLAYABLE	Marine Armor Right Leg	0	120	4.000000	100													0	Durability_Armor_Marine_Min	ConditionDamageScaleFactor_Armor_Marine	Durability_Armor_Marine_Max	0
0059879A	Armor_Leather_Torso_NONPLAYABLE	Leather Chest Piece	0	40	4.000000	100													0	Durability_Armor_Leather_Min	ConditionDamageScaleFactor_Armor_Leather	Durability_Armor_Leather_Max	0
0059879B	Armor_Metal_Torso_NONPLAYABLE	Metal Chest Piece	0	40	5.500000	100													0	Durability_Armor_Metal_Min	ConditionDamageScaleFactor_Armor_Metal	Durability_Armor_Metal_Max	0
0059879C	Armor_Combat_Torso_NONPLAYABLE	Combat Armor Chest Piece	0	60	7.000000	100													0	Durability_Armor_Combat_Min	ConditionDamageScaleFactor_Armor_Combat	Durability_Armor_Combat_Max	0
0059879D	Armor_DLC03_Marine_Torso_NONPLAYABLE	Marine Armor Chest Piece	0	125	8.000000	100													0	Durability_Armor_Marine_Min	ConditionDamageScaleFactor_Armor_Marine	Durability_Armor_Marine_Max	0
005987DF	Armor_Wood_LegRight_NONPLAYABLE	Wood Right Leg	0	10	1.800000	100													0	Durability_Armor_Wood_Min	ConditionDamageScaleFactor_Armor_Wood	Durability_Armor_Wood_Max	0
005987E0	Armor_Wood_ArmLeft_NONPLAYABLE	Wood Left Arm	0	15	1.800000	100													0	Durability_Armor_Wood_Min	ConditionDamageScaleFactor_Armor_Wood	Durability_Armor_Wood_Max	0
005987E1	Armor_RaiderMod_ArmLeft_NONPLAYABLE	Raider Left Arm	0	30	2.250000	100													0	Durability_Armor_Raider_Min	ConditionDamageScaleFactor_Armor_Raider	Durability_Armor_Raider_Max	0
005987E2	Armor_DLC03_Trapper_ArmLeft_NONPLAYABLE	Trapper Left Arm	0	50	3.000000	100													0	Durability_Armor_Trapper_Min	ConditionDamageScaleFactor_Armor_Trapper	Durability_Armor_Trapper_Max	0
005987E3	Armor_Wood_LegLeft_NONPLAYABLE	Wood Left Leg	0	10	1.800000	100													0	Durability_Armor_Wood_Min	ConditionDamageScaleFactor_Armor_Wood	Durability_Armor_Wood_Max	0
005987E4	Armor_Wood_Torso_NONPLAYABLE	Wood Chest Piece	0	25	3.500000	100													0	Durability_Armor_Wood_Min	ConditionDamageScaleFactor_Armor_Wood	Durability_Armor_Wood_Max	0
005987E5	Armor_Wood_ArmRight_NONPLAYABLE	Wood Right Arm	0	15	1.800000	100													0	Durability_Armor_Wood_Min	ConditionDamageScaleFactor_Armor_Wood	Durability_Armor_Wood_Max	0
005987E6	Armor_RaiderMod_ArmRight_NONPLAYABLE	Raider Right Arm	0	30	2.250000	100													0	Durability_Armor_Raider_Min	ConditionDamageScaleFactor_Armor_Raider	Durability_Armor_Raider_Max	0
005987E7	Armor_DLC03_Trapper_ArmRight_NONPLAYABLE	Trapper Right Arm	0	50	3.000000	100													0	Durability_Armor_Trapper_Min	ConditionDamageScaleFactor_Armor_Trapper	Durability_Armor_Trapper_Max	0
005987E8	Armor_RaiderMod_LegLeft_NONPLAYABLE	Raider Left Leg	0	34	2.500000	100													0	Durability_Armor_Raider_Min	ConditionDamageScaleFactor_Armor_Raider	Durability_Armor_Raider_Max	0
005987E9	Armor_DLC03_Trapper_LegLeft_NONPLAYABLE	Trapper Left Leg	0	80	3.500000	100													0	Durability_Armor_Trapper_Min	ConditionDamageScaleFactor_Armor_Trapper	Durability_Armor_Trapper_Max	0
005987EA	Armor_RaiderMod_LegRight_NONPLAYABLE	Raider Right Leg	0	34	2.500000	100													0	Durability_Armor_Raider_Min	ConditionDamageScaleFactor_Armor_Raider	Durability_Armor_Raider_Max	0
005987EB	Armor_DLC03_Trapper_LegRight_NONPLAYABLE	Trapper Right Leg	0	80	3.500000	100													0	Durability_Armor_Trapper_Min	ConditionDamageScaleFactor_Armor_Trapper	Durability_Armor_Trapper_Max	0
005987EC	Armor_RaiderMod_Torso_NONPLAYABLE	Raider Chest Piece	0	50	4.500000	100													0	Durability_Armor_Raider_Min	ConditionDamageScaleFactor_Armor_Raider	Durability_Armor_Raider_Max	0
005987ED	Armor_DLC03_Trapper_Torso_NONPLAYABLE	Trapper Chest Piece	0	65	5.000000	100													0	Durability_Armor_Trapper_Min	ConditionDamageScaleFactor_Armor_Trapper	Durability_Armor_Trapper_Max	0
00598BA3	Armor_BackPack_05_Cooler_HazMat_NONPLAYABLE	HazMat Cooler Backpack	0	0	1.000000	0													0				0
00598BB0	Clothes_Headwear_RaiderAdvancedEyepiece_NONPLAYABLE	Raider Waster Eyepiece	0	0	0.100000	0													0				0
005993CF	Headwear_PoodleSkirtGlasses_NONPLAYABLE	Hip Glasses	0	0	0.100000	0													0				0
0059A80D	Clothes_GreaserJacketLeather_BloodEagle	Blood Eagle Leather Jacket and Jeans	0	0	0.100000	0													0				0
0059A80E	Armor_Underarmor_RaiderAdvanced_BloodEagle	Blood Eagle Underarmor	0	0	0.500000	0													0				0
0059AA5E	Clothes_GreaserJacketLeather_BloodEagle_NONPLAYABLE	Blood Eagle Leather Jacket and Jeans	0	0	0.100000	0													0				0
0059AA5F	Armor_Underarmor_RaiderAdvanced_BloodEagle_NONPLAYABLE	Blood Eagle Underarmor	0	0	1.000000	0													0				0
0059B118	ATX_Headwear_LionMascot	Lion Dancer Mask	0	5	0.100000	0													0				0
0059B11A	ATX_Clothes_LionMascot	Lion Dancer Outfit	0	10	0.100000	0													0				0
0059B11D	Armor_DLC03_Trapper_Torso_BloodEagle_NONPLAYABLE	Trapper Chest Piece	0	65	5.000000	100													0	Durability_Armor_Trapper_Min	ConditionDamageScaleFactor_Armor_Trapper	Durability_Armor_Trapper_Max	0
0059B546	ATX_Clothes_LionMascotDUPLICATE000DUPLICATE000	Lion Mascot	0	10	0.100000	0													0				0
0059B548	zzz_ATX_Headwear_LionMascot	Lion Mascot Mask	0	15	0.100000	0													0				0
0059B54B	Creature_Holiday_Outfit_MrClausfWithSantaHat	Festive Elf Outfit	0	0	0.100000	0													0				0
0059B54C	Creature_Holiday_Outfit_ChristmasElfWithHat	Festive Elf Outfit	0	0	0.100000	0													0				0
0059B54D	Creature_Holiday_Outfit_MrClaus	Mr. Claus' Suit	0	0	0.100000	0													0				0
0059B54E	Creature_Holiday_Outfit_WayTooFestiveChristmas	Festive Winter Pant Suit	0	0	0.100000	0													0				0
0059C214	ATX_Clothes_Suit_Mobster	Mobster Suit	0	0	0.100000	0													0				0
0059C215	ATX_Headwear_Mobster_Hat	Mobster Fedora	0	0	0.100000	0													0				0
0059C96A	ATX_Clothes_Thanksgiving_Turkey_MascotDUPLICATE000	Thanksgiving Turkey Mascot	0	0	0.100000	0													0				0
0059C96B	ATX_Headwear_Thanksgiving_Turkey_Mascot	Thanksgiving Turkey Mascot Head	0	0	0.100000	0													0				0
0059C97C	ATX_Headwear_CommunistAdvanced_NONPLAYABLE	Communist Militant Hat	0	0	0.100000	0													0				0
0059C97D	ATX_Clothes_CommunistOutfit_Basic_NONPLAYABLE	Communist Spy Outfit	0	0	0.100000	0													0				0
0059C97E	ATX_Headwear_CommunistOutfit_Basic_Hat_NONPLAYABLE	Communist Spy Ski Hat	0	0	0.100000	0													0				0
0059C97F	ATX_Clothes_CommunistAdvanced_NONPLAYABLE	Communist Militant Outfit	0	0	0.100000	0													0				0
0059D06F	zzzATX_Armor_BackPack_Thanksgiving_Cornucopia	Standard Backpack	0	0	1.000000	0													0				0
0059DB7E	E05_Caravan_Headwear_TruckerHat_AmericanFlag_Clean_NONPLAYABLE	American Trucker Cap	0	0	0.100000	0													0				0
0059E851	Armor_NPC_SecretService_Jetpack	Secret Service Jetpack	0	60	7.000000	100													0	Durability_Armor_Combat_Min	ConditionDamageScaleFactor_Armor_Combat	Durability_Armor_Combat_Max	0
0059EA38	Armor_PowerArmor_BloodEagle_ArmLeft_NONPLAYABLE	Raider Power Left Arm	0	75	10.000000	100													0	Durability_Armor_Power_Min	ConditionDamageScaleFactor_PowerArmor_Raider	Durability_Armor_Power_Max	0
0059EA39	Armor_PowerArmor_BloodEagle_ArmRight_NONPLAYABLE	Raider Power Right Arm	0	75	10.000000	100													0	Durability_Armor_Power_Min	ConditionDamageScaleFactor_PowerArmor_Raider	Durability_Armor_Power_Max	0
0059EA3A	Armor_PowerArmor_BloodEagle_Helmet_NONPLAYABLE	Raider Power Helm	0	50	10.000000	100													0	Durability_Armor_Power_Min	ConditionDamageScaleFactor_PowerArmor_Raider	Durability_Armor_Power_Max	0
0059EA3B	Armor_PowerArmor_BloodEagle_LegLeft_NONPLAYABLE	Raider Power Left Leg	0	75	12.000000	100													0	Durability_Armor_Power_Min	ConditionDamageScaleFactor_PowerArmor_Raider	Durability_Armor_Power_Max	0
0059EA3C	Armor_PowerArmor_BloodEagle_LegRight_NONPLAYABLE	Raider Power Right Leg	0	75	12.000000	100													0	Durability_Armor_Power_Min	ConditionDamageScaleFactor_PowerArmor_Raider	Durability_Armor_Power_Max	0
0059EA3D	Armor_PowerArmor_BloodEagle_Torso_NONPLAYABLE	Raider Power Chest Piece	0	100	14.000000	100													0	Durability_Armor_Power_Min	ConditionDamageScaleFactor_PowerArmor_Raider	Durability_Armor_Power_Max	0
0059EEA1	Creature_Holiday_Outfit_MrsClaus	Mrs. Claus' Dress	0	0	0.100000	0													0				0
0059EFBE	zzzArmor_PowerArmor_T51_SteelMill_Helmet	Invalid Item	0	80	11.000000	100													0	Durability_Armor_Power_Min	ConditionDamageScaleFactor_PowerArmor_T51	Durability_Armor_Power_Max	0
0059F1B8	Headwear_DLC03_Fisherman_Hat01_NONPLAYABLE	Fisherman's Hat	0	5	0.100000	0													0				0
0059F1B9	Headwear_DLC03_OldFisherman_Hat_NONPLAYABLE	Old Fisherman's Hat	0	5	0.100000	0													0				0
0059F1BA	Headwear_DLC04_Western_Hat_01_NONPLAYABLE	Black Prospector's Hat	0	15	0.100000	0													0				0
0059F1BB	Headwear_VaultTecSalesmanHatPW_NONPLAYABLE	Dirty Fedora	0	8	0.100000	0													0				0
0059F21C	Clothes_Chef_1_Outfit_NONPLAYABLE	Bloody Chef Outfit	0	10	0.100000	0													0				0
0059F21D	Headwear_SkiingOutfitHat_NONPLAYABLE	Skiing Outfit Hat	0	15	0.100000	0													0				0
0059F21E	Headwear_Batting_HelmetBlue_NONPLAYABLE	Blue Batting Helmet	0	5	0.100000	0													0				0
0059F21F	Headwear_Visor_NONPLAYABLE	Faded Visor	0	10	0.100000	0													0				0
0059F220	Clothes_Mobster02_NONPLAYABLE	Suspenders and Slacks	0	10	0.100000	0													0				0
0059F221	Headwear_MilitaryCap_NONPLAYABLE	Military Cap	0	15	0.100000	0													0				0
0059F222	Clothes_StraightJacket_NONPLAYABLE	Straight Jacket	0	200	0.100000	0													0				0
0059F223	Headwear_FancyGlasses_NONPLAYABLE	Fashionable Glasses	0	27	0.100000	0													0				0
0059F224	Clothes_PrewarWomensCasual_Clean_NONPLAYABLE	Casual Outfit	0	16	0.100000	0													0				0
0059F225	Headwear_DrillSergeantHat_NONPLAYABLE	Campaign Hat	0	15	0.100000	0													0				0
0059F226	Headwear_ClownHat_NONPLAYABLE	Clown Hat	0	10	0.100000	0													0				0
0059F227	Clothes_Wastelander_02_NoHood_GlovesB_NONPLAYABLE	Scavenger Outfit	0	13	0.100000	0													0				0
0059F228	Headwear_ChefsHat_NONPLAYABLE	Chef Hat	0	15	0.100000	0													0				0
0059F229	Headwear_MayorHat_NONPLAYABLE	Crumpled Fedora	0	15	0.100000	0													0				0
0059F22A	Clothes_Tattered_NONPLAYABLE	Tattered Rags	0	1	0.100000	0													0				0
0059F22B	Clothes_Highschool_JacketRed_NONPLAYABLE	Letterman's Jacket and Jeans	0	50	0.100000	0													0				0
0059F22C	Clothes_SkiingNavyAndOrangeOutfit_NONPLAYABLE	Skiing Navy And Orange Outfit	0	30	0.100000	0													0				0
0059F22D	Headwear_WinterHat_NONPLAYABLE	Ushanka Hat	0	15	0.100000	0													0				0
0059F22E	Headwear_CopHat_NONPLAYABLE	Cop Cap	0	15	0.100000	0													0				0
0059F22F	Headwear_GrayKnitCap_NONPLAYABLE	Gray Knit Cap	0	15	0.100000	0													0				0
0059F230	Headwear_MiningHelmet_NONPLAYABLE	Mining Helmet	0	50	0.100000	0													0				0
0059F7B5	Armor_Underarmor_SecretService_Uniform_NONPLAYABLE	Secret Service Underarmor	0	30	1.000000	0													0				0
0059F7B6	Armor_SecretService_ArmLeft_NONPLAYABLE	Secret Service Left Arm	0	60	2.750000	100													0				0
0059F7B7	Armor_SecretService_ArmRight_NONPLAYABLE	Secret Service Right Arm	0	60	2.750000	100													0	Durability_Armor_Combat_Min	ConditionDamageScaleFactor_Armor_Combat	Durability_Armor_Combat_Max	0
0059F7B8	Armor_SecretService_LegLeft_NONPLAYABLE	Secret Service Left Leg	0	25	3.000000	100													0	Durability_Armor_Combat_Min	ConditionDamageScaleFactor_Armor_Combat	Durability_Armor_Combat_Max	0
0059F7B9	Armor_SecretService_LegRight_NONPLAYABLE	Secret Service Right Leg	0	25	3.000000	100													0	Durability_Armor_Combat_Min	ConditionDamageScaleFactor_Armor_Combat	Durability_Armor_Combat_Max	0
0059F7BA	Armor_SecretService_Torso_NONPLAYABLE	Secret Service Chest Piece	0	60	7.000000	100													0	Durability_Armor_Combat_Min	ConditionDamageScaleFactor_Armor_Combat	Durability_Armor_Combat_Max	0
0059F7BB	Headwear_SecretService_Helmet_NONPLAYABLE	Secret Service Helmet	0	150	0.100000	0													0				0
005A0180	Clothes_SpaceSuitClean_NoNameTag_NoHelm	Clean Spacesuit	0	400	0.100000	0													0				0
005A032F	zzzATX_Armor_BackPack_Winter_Wrapped_Present_01	Standard Backpack	0	0	1.000000	0													0				0
005A0331	zzzATX_Armor_BackPack_Santas_Bag_01	Standard Backpack	0	0	1.000000	0													0				0
005A17E3	ATX_Clothes_Gala_Tuxedo	Gala Tuxedo	0	0	0.100000	0													0				0
005A17E6	ATX_Headwear_Gala_TuxedoHat	Gala Tuxedo Hat	0	0	0.100000	0													0				0
005A1C11	ATX_Armor_Casual_Underarmor_Responders_Chief	Responders Fire Chief Underarmor	0	0	0.500000	0													0				0
005A1C12	ATX_Headwear_Responders_Chief_Hat	Responders Fire Chief Hat	0	0	0.100000	0													0				0
005A1F0F	E05_Armor_MerchantBackpack04_NONPLAYABLE	Keep Out Backpack	0	0	1.000000	0													0				0
005A20D8	ATX_Clothes_HumanCannonball	Human Cannonball Outfit	0	0	0.100000	0													0				0
005A20D9	ATX_Headwear_HumanCannonballHelmet	Human Cannonball Helmet	0	0	0.100000	0													0				0
005A227C	zzzATX_Armor_Backpack_FirstResponders	Standard Backpack	0	0	1.000000	0													0				0
005A2591	zzzATX_Armor_Backpack_Hardcase_Valentine	Standard Backpack	0	0	1.000000	0													0				0
005A2621	ATX_Clothes_Responders_Chief	Responders Fire Chief Outfit	0	0	1.000000	0													0				0
005A2831	ATX_Clothes_Jumpsuit_NukaCola	Nuka-Cola Jumpsuit	0	0	0.100000	0													0				0
005A2832	ATX_Clothes_Jumpsuit_NukaColaCherry	Nuka-Cola Cherry Jumpsuit	0	0	0.100000	0													0				0
005A2833	ATX_Clothes_Jumpsuit_NukaColaDark	Nuka-Cola Dark Jumpsuit	0	0	0.100000	0													0				0
005A2834	ATX_Clothes_Jumpsuit_NukaColaQuantum	Nuka-Cola Quantum Jumpsuit	0	0	0.100000	0													0				0
005A286D	ATX_Armor_BackPack_BlueRidge_NONPLAYABLE	Medic Backpack	0	0	1.000000	0													0				0
005A288A	ATX_Clothes_GalaDress	Gala Dress	0	0	0.100000	0													0				0
005A2B67	E05_Caravan_Clothes_Suit_Mobster_NONPLAYABLE	Mobster Suit	0	0	0.100000	0													0				0
005A2B68	E05_Caravan_Clothes_CaravanTrader_NONPLAYABLE	Caravan Trader Outfit	0	0	0.100000	0													0				0
005A2C90	zzzATX_Armor_Backpack_SecretService	Standard Backpack	0	0	1.000000	0													0				0
005A2D15	Armor_RaiderMod_Underarmor_RaiderLeathers_AldridgeScorched_Gloves_NotPlayable		0	0	99.900002	0													0				0
005A3B3F	ATX_Clothes_GraftonMonster	Grafton Monster Mascot Outfit	0	10	0.100000	0													0				0
005A3B41	ATX_Headwear_GraftonMonster	Grafton Monster Mascot Mask	0	0	0.100000	0													0				0
005A3BB1	ATX_Headwear_VaultBoyLeprechaun	Vault Boy Leprechaun Head	0	0	0.100000	0													0				0
005A3BB4	ATX_Clothes_VaultBoy_Leprechaun	Vault Boy Leprechaun Outfit	0	0	0.100000	0													0				0
005A3BB6	ATX_Clothes_TheKeeper	The Keeper Outfit	0	0	0.100000	0													0				0
005A3BB7	ATX_Headwear_TheKeeper_Helmet	The Keeper Helmet	0	0	0.100000	0													0				0
005A3BBA	ATX_Headwear_LeprechaunHat	Leprechaun Hat	0	0	0.100000	0													0				0
005A3BBD	ATX_Headwear_TruckerHat_GraftonHigh	Red Grafton High Hat	0	0	0.100000	0													0				0
005A3C5E	Armor_HazmatSuit_E05_Radition_NONPLAYABLE	Emmett Mountain Hazmat Suit	0	85	5.000000	100													0	Durability_Armor_Leather_Min	ConditionDamageScaleFactor_Armor_Leather	Durability_Armor_Leather_Max	0
005A3C5F	Armor_HazmatSuit_E05_Radition_No_Helmet_NONPLAYABLE	Emmett Mountain Hazmat Suit No Helmet	0	85	5.000000	100													0	Durability_Armor_Leather_Min	ConditionDamageScaleFactor_Armor_Leather	Durability_Armor_Leather_Max	0
005A3C62	ATX_Clothes_KIngGrognak	King Grognak Outfit	0	0	0.100000	0													0				0
005A3C63	ATX_Headwear_KingGrognak_Headband	King Grognak Headband	0	0	0.100000	0													0				0
005A3C7F	ATX_Headwear_Fasnacht_Mask_Deathclaw	Fasnacht Deathclaw Mask	0	10	0.100000	0													0				0
005A3C81	ATX_ApocalypseUmpire	Umpire of the Apocalypse Outfit	0	0	0.100000	0													0				0
005A3C83	ATX_ApocalypseUmpire_Helmet	Umpire of the Apocalypse Mask	0	0	0.100000	0													0				0
005A3C88	zzz_DEBUG_ATX_WST_DLX_Armor_PowerArmor_T45_ArmLeft_Settler_Vigilante	T-45 Left Arm	0	100	12.000000	100													0	Durability_Armor_Power_Min	ConditionDamageScaleFactor_PowerArmor_T45	Durability_Armor_Power_Max	0
005A3C89	zzz_DEBUG_ATX_WST_DLX_Armor_PowerArmor_T45_ArmRight_Settler_Vigilante	T-45 Right Arm	0	100	12.000000	100													0	Durability_Armor_Power_Min	ConditionDamageScaleFactor_PowerArmor_T45	Durability_Armor_Power_Max	0
005A3C8A	zzz_DEBUG_ATX_WST_DLX_Armor_PowerArmor_T45_Helmet_Settler_Vigilante	T-45 Helm	0	60	11.000000	100													0	Durability_Armor_Power_Min	ConditionDamageScaleFactor_PowerArmor_T45	Durability_Armor_Power_Max	0
005A3C8B	zzz_DEBUG_ATX_WST_DLX_Armor_PowerArmor_T45_LegLeft_Settler_Vigilante	T-45 Left Leg	0	100	14.000000	100													0	Durability_Armor_Power_Min	ConditionDamageScaleFactor_PowerArmor_T45	Durability_Armor_Power_Max	0
005A3C8C	zzz_DEBUG_ATX_WST_DLX_Armor_PowerArmor_T45_LegRight_Settler_Vigilante	T-45 Right Leg	0	100	14.000000	100													0	Durability_Armor_Power_Min	ConditionDamageScaleFactor_PowerArmor_T45	Durability_Armor_Power_Max	0
005A3C8D	zzz_DEBUG_ATX_WST_DLX_Armor_PowerArmor_T45_Torso_Settler_Vigilante	T-45 Chest Piece	0	140	16.000000	100													0	Durability_Armor_Power_Min	ConditionDamageScaleFactor_PowerArmor_T45	Durability_Armor_Power_Max	0
005A3C8E	zzz_DEBUG_ATX_WST_DLX_Armor_PowerArmor_T45_ArmLeft_Raider_Marauder	T-45 Left Arm	0	100	12.000000	100													0	Durability_Armor_Power_Min	ConditionDamageScaleFactor_PowerArmor_T45	Durability_Armor_Power_Max	0
005A3C8F	zzz_DEBUG_ATX_WST_DLX_Armor_PowerArmor_T45_ArmRight_Raider_Marauder	T-45 Right Arm	0	100	12.000000	100													0	Durability_Armor_Power_Min	ConditionDamageScaleFactor_PowerArmor_T45	Durability_Armor_Power_Max	0
005A3C90	zzz_DEBUG_ATX_WST_DLX_Armor_PowerArmor_T45_Helmet_Raider_Marauder	T-45 Helm	0	60	11.000000	100													0	Durability_Armor_Power_Min	ConditionDamageScaleFactor_PowerArmor_T45	Durability_Armor_Power_Max	0
005A3C91	zzz_DEBUG_ATX_WST_DLX_Armor_PowerArmor_T45_LegLeft_Raider_Marauder	T-45 Left Leg	0	100	14.000000	100													0	Durability_Armor_Power_Min	ConditionDamageScaleFactor_PowerArmor_T45	Durability_Armor_Power_Max	0
005A3C92	zzz_DEBUG_ATX_WST_DLX_Armor_PowerArmor_T45_LegRight_Raider_Marauder	T-45 Right Leg	0	100	14.000000	100													0	Durability_Armor_Power_Min	ConditionDamageScaleFactor_PowerArmor_T45	Durability_Armor_Power_Max	0
005A3C93	zzz_DEBUG_ATX_WST_DLX_Armor_PowerArmor_T45_Torso_Raider_Marauder	T-45 Chest Piece	0	140	16.000000	100													0	Durability_Armor_Power_Min	ConditionDamageScaleFactor_PowerArmor_T45	Durability_Armor_Power_Max	0
005A3C9A	Headwear_Fasnacht_Mask_Raven	Fasnacht Raven Mask	0	10	0.100000	0													0				0
005A3C9C	ATX_Headwear_Mothman_Gasmask	Mothman Gas Mask	0	40	0.100000	0													0				0
005A4015	ATX_Clothes_VaultBoy_RaiderLeperchaun	Vault Boy Leper'chaun Outfit	0	0	0.100000	0													0				0
005A4017	ATX_Headwear_VaultBoy_RaiderLeperchaun	Vault Boy Leper'chaun Head	0	0	0.100000	0													0				0
005A52F7	zzzATX_Headwear_ResponderFireChiefHat	Responder Fire Chief Hat	0	0	0.100000	0													0				0
005A52FA	zzzATX_Armor_Underarmor_ResponderFireChief	Responder Fire Chief Outfit	0	0	1.000000	0													0				0
005A5DC5	Headwear_Fasnacht_Mask_Deathclaw	Fasnacht Deathclaw Mask	0	10	0.100000	0													0				0
005A5E2D	ATX_Headwear_Fasnacht_Mask_Frog	Fasnacht Frog Mask	0	0	0.100000	0													0				0
005A6429	ATX_Veteran_Mask	Mountain Scout Mask	0	0	0.100000	0													0				0
005A642A	ATX_Veteran	Mountain Scout Uniform	0	0	0.100000	0													0				0
005A6469	Armor_PowerArmor_Fasnacht_FatherWinter_Helmet	Father Winter Helmet	0	50	0.930000	100													0	Durability_Armor_Power_Min	ConditionDamageScaleFactor_PowerArmor_Raider	Durability_Armor_Power_Max	0
005A646A	Headwear_Fasnacht_Mask_CrazyGuy	Fasnacht Crazy Guy Mask	0	10	0.100000	0													0				0
005A6E5E	E06_Colossus_Headwear_DeepMine_GasMask	Reclaimed Deep Mining Gas Mask	0	40	0.100000	0													0				0
005A6ECD	SkinWendigoColossus_Nuked		0	0	0.000000	0													0				0
005A755C	zzzATX_Armor_Backpack_ShellShocked	Standard Backpack	0	0	1.000000	0													0				0
005A7ACE	ATX_WST_Headwear_Settler_Laborer_Red	Settler Laborer Hat	0	15	0.100000	0													0				0
005AC801	ATX_Headwear_Fasnacht_Mask_Deathclaw_red	Fasnacht Red Deathclaw Mask	0	10	0.100000	0													0				0
005AC805	ATX_Headwear_Fasnacht_Mask_Raven_Red	Fasnacht Red Raven Mask	0	10	0.100000	0													0				0
005AC810	ATX_Headwear_Fasnacht_Mask_01_Nap_V2	Fasnacht Yellow Soldier Mask	0	10	0.100000	0													0				0
005AC811	ATX_Headwear_Fasnacht_Mask_02_Man_V2	Fasnacht Blue Man Mask	0	10	0.100000	0													0				0
005AC812	ATX_Headwear_Fasnacht_Mask_03_Man2_V2	Fasnacht Green Toothy Man Mask	0	10	0.100000	0													0				0
005AC813	ATX_Headwear_Fasnacht_Mask_04_Witch_V2	Fasnacht Yellow Witch Mask	0	10	0.100000	0													0				0
005AC814	ATX_Headwear_Fasnacht_Mask_05_Harlequin_V2	Fasnacht Blue Jester Mask	0	10	0.100000	0													0				0
005AC815	ATX_Headwear_Fasnacht_Mask_07_DeathSkull_V2	Fasnacht Green Skull Mask	0	10	0.100000	0													0				0
005AC816	ATX_Headwear_Fasnacht_Mask_08_Merman_V2	Fasnacht Red Giant Mask	0	10	0.100000	0													0				0
005AC817	ATX_Headwear_Fasnacht_Mask_09_Owl_V2	Fasnacht Blue Owl Mask	0	10	0.100000	0													0				0
005AC818	ATX_Headwear_Fasnacht_Mask_10_Devil_V2	Fasnacht Red Goblin Mask	0	10	0.100000	0													0				0
005AC825	zzzATX_Armor_BackPack_Safari_Gorilla	Standard Backpack	0	0	1.000000	0													0				0
005AC827	ATX_Headwear_RedRocketHelmet	Red Rocket Robot Helmet	0	0	0.100000	0													0				0
005AC8D9	zzzATX_Armor_BackPack_Mothman_Plushie_01	Standard Backpack	0	0	1.000000	0													0				0
005ACA5A	ATX_Headwear_Fasnacht_Mask_CrazyGuy_Blue	Fasnacht Blue Crazy Guy Mask	0	10	0.100000	0													0				0
005ACA5B	ATX_Headwear_Fasnacht_Mask_CrazyGuy_Green	Fasnacht Green Crazy Guy Mask	0	10	0.100000	0													0				0
005ACA5E	zzz_Armor_BackPack_Safari_Crocodile		0	0	1.000000	0													0				0
005ACA67	Clothes_InsurgentOutfit	Insurgent Outfit	0	100	0.100000	0													0				0
005ACA68	Headwear_Insurgent	Insurgent Hat	0	100	0.100000	0													0				0
005ACC53	Headwear_CommunistCommander	Communist Commander Hat	0	0	0.100000	0													0				0
005ACC54	Clothes_CommunistCommander	Communist Commander Outfit	0	0	0.100000	0													0				0
005ACFB3	SkinMoleMinerTreasure		0	0	0.000000	0													0				0
005AD08F	Clothes_TreasureHunterOutfit	Treasure Hunter Outfit	0	114	0.100000	0													0				0
005AD090	Headwear_TreasureHunter	Treasure Hunter Outfit Hat	0	114	0.100000	0													0				0
005AD136	ATX_Clothes_DeepCaveHunter	Deep Cave Hunter Outfit	0	65	0.100000	0													0				0
005AD137	ATX_Headwear_DeepCaveHunterHelmet	Deep Cave Hunter Helmet	0	0	0.100000	0													0				0
005AD138	ATX_Headwear_Fasnacht_DevilHorns	Devil Horns	0	0	0.100000	0													0				0
005AD139	ATX_Headwear_Fasnacht_Halo	Halo	0	0	0.100000	0													0				0
005AE90D	Armor_Combat_ArmRight_RusselDorsey_NONPLAYABLE	Russel Armor Right Arm	0	60	2.750000	100													0	Durability_Armor_Combat_Min	ConditionDamageScaleFactor_Armor_Combat	Durability_Armor_Combat_Max	0
005B048C	Babylon_Headwear_GhillieSuit_Helmet_Survivors2020	Ghillie Suit Hood	0	0	0.100000	0													0				0
005B048D	Babylon_Clothes_GhillieSuit_Outfit_Survivors2020	Ghillie Suit	0	0	0.100000	0													0				0
005B3001	zzzATX_Armor_Backpack_DeepCaveHunter	Deep Cave Hunter Backpack	0	0	1.000000	0													0				0
005B6669	ATX_F1_Headwear_BogWandererMask	Bog Wanderer Mask	0	10	0.100000	0													0				0
005B672D	ATX_Armor_Casual_Underarmor_CamoSecretService_Uniform	Camo Secret Service Underarmor	0	30	0.500000	0													0				0
005B672E	ATX_Armor_Casual_Underarmor_BlackSecretService_Uniform	Black Secret Service Underarmor	0	30	0.500000	0													0				0
005B67C0	Armor_PowerArmor_Vertibird_Helmet	T-51b Helm	0	80	1.140000	100													0	Durability_Armor_Power_Min	ConditionDamageScaleFactor_PowerArmor_T51	Durability_Armor_Power_Max	0
005B67C1	Armor_PowerArmor_Vertibird_ArmRight	T-51b Right Arm	0	130	1.140000	100													0	Durability_Armor_Power_Min	ConditionDamageScaleFactor_PowerArmor_T51	Durability_Armor_Power_Max	0
005B67C2	Armor_PowerArmor_Vertibird_ArmLeft	T-51b Left Arm	0	130	1.140000	100													0	Durability_Armor_Power_Min	ConditionDamageScaleFactor_PowerArmor_T51	Durability_Armor_Power_Max	0
005B67C3	Armor_PowerArmor_Vertibird_LegRight	T-51b Right Leg	0	130	1.140000	100													0	Durability_Armor_Power_Min	ConditionDamageScaleFactor_PowerArmor_T51	Durability_Armor_Power_Max	0
005B67C4	Armor_PowerArmor_Vertibird_Torso	Vertibird Chest Piece	0	180	2.070000	100													0	Durability_Armor_Power_Min	ConditionDamageScaleFactor_PowerArmor_T51	Durability_Armor_Power_Max	0
005B67C5	Armor_PowerArmor_Vertibird_LegLeft	T-51b Left Leg	0	130	1.140000	100													0	Durability_Armor_Power_Min	ConditionDamageScaleFactor_PowerArmor_T51	Durability_Armor_Power_Max	0
005B6D6F	Babylon_Armor_Casual_Underarmor_Denim_Survivors2020	Survivor's Denim	0	0	0.500000	0													0				0
005B73E4	ATX_F1_Clothes_BogWanderer	Bog Wanderer Outfit	0	0	0.100000	0													0				0
005B7519	ATX_Clothes_Flyboy	Flyboy Outfit	0	65	0.100000	0													0				0
005B751A	ATX_Headwear_FlyboyHelmet	Flyboy Helmet	0	0	0.100000	0													0				0
005B7650	Clothes_Strongman	Strongman Outfit	0	10	0.100000	0													0				0
005B767A	ATX_Headwear_Beret_BlackSkull	Black Skull Military Beret	0	0	0.100000	0													0				0
005B767B	ATX_Headwear_Beret_Green	Green Military Beret	0	0	0.100000	0													0				0
005B767C	ATX_Headwear_Beret_Maroon	Maroon Military Beret	0	0	0.100000	0													0				0
005B767D	ATX_Headwear_Beret_Pink	Pink Military Beret	0	0	0.100000	0													0				0
005B767E	ATX_Headwear_Beret_Tan	Tan Military Beret	0	0	0.100000	0													0				0
005B767F	BS00_Headwear_Beret_BOS	Brotherhood Of Steel Beret	0	0	0.100000	0													0				0
005B7680	ATX_Headwear_Beret_BlackEagle	Black Eagle Military Beret	0	0	0.100000	0													0				0
005B7681	ATX_Headwear_Beret_76	Vault 76 Military Beret	0	0	0.100000	0													0				0
005B7682	ATX_Headwear_Beret_Enclave	Enclave Military Beret	0	0	0.100000	0													0				0
005B7683	ATX_Headwear_Beret_Enclave_Gold	Gold Enclave Military Beret	0	0	0.100000	0													0				0
005B7977	ATX_Headwear_GasMaskRaiderSkull_Cap	Officer's Raider Skull Gas Mask	0	0	0.100000	0													0				0
005B7D6A	BS00_Clothes_BOSFatigues_SteelDawn	Steel Dawn Fatigues	0	10	0.100000	0													0				0
005C0E45	Headwear_Beret_BOS_SteelDawn	Steel Dawn Beret	0	0	0.100000	0													0				0
005C4F35	ATX_Clothes_CaptainCosmos_Pink	Pink Captain Cosmos	0	0	0.100000	0													0				0
005C4F36	ATX_Clothes_CaptainCosmos_Blue	Blue Captain Cosmos	0	0	0.100000	0													0				0
005C4F37	ATX_Clothes_CaptainCosmos_Green	Green Captain Cosmos	0	0	0.100000	0													0				0
005C5D77	ATX_Headwear_WVDrifter_Helmet	West Virginia Drifter Helmet	0	0	0.100000	0													0				0
005C5D78	ATX_Clothes_WVDrifter	West Virginia Drifter Outfit	0	65	0.100000	0													0				0
005C5F57	ATX_Clothes_TheQuack	The Quack Outfit	0	0	0.100000	0													0				0
005C5FCD	ATX_Headwear_TheQuackMask	The Quack Mask	0	0	0.100000	0													0				0
005C6602	SkinShieldedSuperMutant		0	0	0.000000	0													0				0
005C7660	ATX_Clothes_Grelok	Grelok Outfit	0	0	0.100000	0													0				0
005C7661	ATX_Headwear_Grelok_Hood	Grelok Hood	0	0	0.100000	0													0				0
005CB3E4	ATX_Clothes_KidsOutfit01_redshirt_NONPLAYABLE	Child Shirt and Jeans	0	0	0.100000	0													0				0
005CB9DD	ATX_Clothes_MothmanHunter	Mothman Hunter Outfit	0	65	0.100000	0													0				0
005CB9DE	ATX_Headwear_MothmanHunter_Goggles	Mothman Hunter Goggles	0	0	0.100000	0													0				0
005CB9DF	ATX_Headwear_MothmanHunter_Hat	Mothman Hunter Hat	0	0	0.100000	0													0				0
005CB9ED	ATX_Clothes_PrewarShortSleevesAndSlacks_BlueAndTan_NOTPLAYABLE		0	0	1.000000	0													0				0
005CBA0B	Headwear_ChallyMascot	Chally the Moo-Moo Mask	0	5	0.100000	0													0				0
005CBA0C	Clothes_ChallyMascot	Chally the Moo-Moo Outfit	0	10	0.100000	0													0				0
005CBE51	ATX_Headwear_GasMaskRaiderSkull_Cap_Commie	Communist Officer's Raider Skull Gas Mask	0	0	0.100000	0													0				0
005CBE5A	ATX_Clothes_ChallyMascot_Clean	Chally Outfit Clean	0	10	0.100000	0													0				0
005CBE5B	ATX_Headwear_ChallyMascot_Clean	Chally Mask Clean	0	5	0.100000	0													0				0
005CC205	BS01_DailyOps_Clothes_GhillieSuit_Outfit_NONPLAYABLE	Ghillie Suit	0	0	0.100000	0													0				0
005CC206	BS01_Headwear_Eyepatch_VernonDodge_NONPLAYABLE	Black Eyepatch	0	0	0.100000	0													0				0
005D000F	SCORE_S2_Clothes_RedViper	Red Viper Fatigues	0	0	0.100000	0													0				0
005D0010	SCORE_S2_Headwear_Redviper_Hat	Red Viper Hat	0	0	0.100000	0													0				0
005D004C	ATX_Headwear_TankerHelmet	Tanker Helmet	0	0	0.100000	0													0				0
005D004D	F1_SCORE_S3_Headwear_TankerHelmet_ArmorAce	American Tank Helmet	0	0	0.100000	0													0				0
005D0072	ATX_Clothes_TheQuack_NONPLAYABLE	The Quack Outfit	0	0	0.100000	0													0				0
005D0073	ATX_Headwear_TheQuackMask_NONPLAYABLE	The Quack Mask	0	0	0.100000	0													0				0
005D032E	ATX_QC20_Headwear_SheepsquatchMascotHead_Demonic	Beelzebilly Head	0	0	0.100000	0													0				0
005D032F	ATX_QC20_Clothes_SheepsquatchMascotOutfit_Demonic	Beelzebilly Suit	0	0	0.100000	0													0				0
005D052C	Headwear_GraftonMonsterHead	Grafton Monster Mask	0	5	0.100000	0													0				0
005D2A0E	Clothes_DeathclawHunter	Deathclaw Hunter Outfit	0	65	0.100000	0													0				0
005D2A0F	Headwear_DeathclawHunter_Hat	Deathclaw Hunter Hat	0	0	0.100000	0													0				0
005D2C65	ATX_WST_DLX_Clothes_Settler_Mechanic_NONPLAYABLE	Settler Mechanic Outfit	0	10	0.100000	0													0				0
005D7F4D	SCORE_S2_Headwear_Beret_PowerPatrol	Power Patrol Red Beret	0	0	0.100000	0													0				0
005D7F4E	SCORE_S2_Clothes_PowerPatrol	Power Patrol Fatigues	0	0	0.100000	0													0				0
005D86EC	ATX_F1_Headwear_SpecOps_Grey	Brotherhood Tactical Ops Mask	0	0	0.100000	0													0				0
005D86ED	Headwear_SpecOps_BOS	Brotherhood Special Ops Mask	0	0	0.100000	0													0				0
005D86EE	Clothes_SpecOps_BOS	Brotherhood Special Ops Suit	0	65	0.100000	0													0				0
005D86EF	ATX_F1_Clothes_SpecOps_Grey	Brotherhood Tactical Ops Suit	0	0	0.100000	0													0				0
005D87CD	BS01_Armor_Combat_Torso_Shin_NONPLAYABLE	Combat Armor Chest Piece	0	60	7.000000	100													0	Durability_Armor_Combat_Min	ConditionDamageScaleFactor_Armor_Combat	Durability_Armor_Combat_Max	0
005D898C	BS01_Armor_Combat_Arms_Rahmani_NONPLAYABLE	Combat Armor Right Arm	0	60	2.750000	0													0				0
005D949E	ATX_Clothes_Subjugator	The Subjugator Outfit	0	0	0.100000	0													0				0
005D949F	ATX_Headwear_Subjugator_Mask	The Subjugator Mask	0	0	0.100000	0													0				0
005DC5AC	Clothes_SpecOps_BOS_NONPLAYABLE	Brotherhood Special Ops Suit	0	65	0.100000	0													0				0
005DC6E5	ATX_Headwear_MilitaryUtilityCap_Green	Green Military Utility Cap	0	0	0.100000	0													0				0
005DC6E6	ATX_Headwear_MilitaryUtilityCap_Tan	Tan Military Utility Cap	0	0	0.100000	0													0				0
005DC6EA	ATX_Headwear_MilitaryUtilityCap_Camo	Camo Military Utility Cap	0	0	0.100000	0													0				0
005DC820	DELETED_SkinSuperMutantBoss_DailyOps		0	0	0.000000	0													0				0
005DC92A	ATX_DLC05_SkinArmorRackSkin_Clean		0	0	0.000000	0													0				0
005DCA95	ATX_Headwear_GhoulMask	Feral Ghoul Mask	0	0	0.100000	0													0				0
005DD0B7	ATX_F1_Armor_Casual_Underarmor_MummyCostume	Mummy Underarmor	0	0	0.500000	0													0				0
005DD0B8	ATX_F1_Headwear_MummyMask	Mummy Mask	0	0	0.100000	0													0				0
005DD136	ATX_Headwear_RobberHat	Wasteland Bandit Cap	0	0	0.100000	0													0				0
005DD137	ATX_Armor_Casual_Underarmor_RobberCostume	Wasteland Bandit Underarmor	0	0	0.500000	0													0				0
005DD138	ATX_Headwear_RobberMask	Wasteland Bandit Mask	0	0	0.100000	0													0				0
005DD335	Armor_BOSInfantry_ArmLeft	Brotherhood Recon Left Arm	0	60	1.270000	100													0	Durability_Armor_Combat_Min	ConditionDamageScaleFactor_Armor_Combat	Durability_Armor_Combat_Max	0
005DD336	Armor_BOSInfantry_ArmRight	Brotherhood Recon Right Arm	0	60	1.270000	100													0	Durability_Armor_Combat_Min	ConditionDamageScaleFactor_Armor_Combat	Durability_Armor_Combat_Max	0
005DD337	Armor_BOSInfantry_LegRight	Brotherhood Recon Right Leg	0	25	1.270000	100													0	Durability_Armor_Combat_Min	ConditionDamageScaleFactor_Armor_Combat	Durability_Armor_Combat_Max	0
005DD338	Armor_BOSInfantry_LegLeft	Brotherhood Recon Left Leg	0	25	1.270000	100													0	Durability_Armor_Combat_Min	ConditionDamageScaleFactor_Armor_Combat	Durability_Armor_Combat_Max	0
005DD339	Armor_BOSInfantry_Torso	Brotherhood Recon Chest Piece	0	60	2.600000	100													0	Durability_Armor_Combat_Min	ConditionDamageScaleFactor_Armor_Combat	Durability_Armor_Combat_Max	0
005DD698	Headwear_Clothes_BOSInfantry_Helmet	Brotherhood Recon Helmet	0	150	0.100000	0													0				0
005E4141	Clothes_FieldSurgeon_NONPLAYABLE	FieldSurgeon Outfit	0	35	0.100000	0													0				0
005E4142	BS01_Armor_Combat_FieldSurgeon_NONPLAYABLE	Combat Armor Chest Piece	0	60	7.000000	100													0	Durability_Armor_Combat_Min	ConditionDamageScaleFactor_Armor_Combat	Durability_Armor_Combat_Max	0
005E41E0	ATX_Clothes_Psycho	Cuddles the Clown Outfit	0	0	0.100000	0													0				0
005E41E1	ATX_Headwear_Psycho	Cuddles the Clown Mask	0	0	0.100000	0													0				0
005E489B	ATX_Clothes_RobberCostume	Wasteland Bandit Costume	0	0	0.100000	0													0				0
005E489C	ATX_F1_Clothes_MummyCostume	Mummy Costume	0	0	0.100000	0													0				0
005E4986	ATX_Clothes_FeralGhoulCostume	Feral Ghoul Costume	0	0	0.100000	0													0				0
005E8B3A	ATX_Headwear_Veteran_BalaclavaGoggles	Mountain Scout Goggles	0	0	0.100000	0													0				0
005E9465	CreatureClothes_ScientistScorched	Scientist Scorched	0	0	0.100000	0													0				0
005EA054	CreatureClothes_EnclaveScorched	Enclave Scorched	0	0	0.100000	0													0				0
005EAC65	ATX_Mannequin_DrBones		0	0	0.000000	0													0				0
005EC2AD	Clothes_PantSuit_Tulip	Tulip Sky Blue Pant Suit	0	0	0.100000	0													0				0
005EC39A	MQ06_Armor_CaveDivingSuit	Cave Diving Suit	0	35	2.000000	100													0	Durability_Armor_Leather_Min	ConditionDamageScaleFactor_Armor_Leather	Durability_Armor_Leather_Max	0
005ECBD2	Armor_HazmatSuit_SwampCamo	Swamp Camo Hazmat Suit	0	85	2.000000	100													0	Durability_Armor_Leather_Min	ConditionDamageScaleFactor_Armor_Leather	Durability_Armor_Leather_Max	0
005ECBDE	ATX_Clothes_Chef_2_Outfit_NONPLAYABLE	Grillmaster's Outfit	0	0	0.100000	0													0				0
005ED046	BS01_Armor_PowerArmor_BOSPaladinRahmani_ArmLeft_NONPLAYABLE	BoS Arm Left	0	0	99.000000	0													0				0
005ED047	BS01_Armor_PowerArmor_BOSPaladinRahmani_ArmRight_NONPLAYABLE	BoS Arm Right	0	0	99.000000	0													0				0
005ED048	BS01_Armor_PowerArmor_BOSPaladinRahmani_Helmet_NONPLAYABLE	BoS Helm	0	0	99.000000	0													0				0
005ED049	BS01_Armor_PowerArmor_BOSPaladinRahmani_LegLeft_NONPLAYABLE	BoS Left Leg	0	0	99.000000	0													0				0
005ED04A	BS01_Armor_PowerArmor_BOSPaladinRahmani_LegRight_NONPLAYABLE	BoS Right Leg	0	0	99.000000	0													0				0
005ED04B	BS01_Armor_PowerArmor_BOSPaladinRahmani_Torso_NONPLAYABLE	BoS Chest Piece	0	0	99.000000	0													0				0
005ED04C	BS01_Armor_PowerArmor_BOSKnightShin_ArmLeft_NONPLAYABLE	BoS Left Arm	0	0	99.000000	0													0				0
005ED04D	BS01_Armor_PowerArmor_BOSKnightShin_ArmRight_NONPLAYABLE	BoS Right Arm	0	0	99.000000	0													0				0
005ED04E	BS01_Armor_PowerArmor_BOSKnightShin_Helmet_NONPLAYABLE	BoS Helm	0	0	99.000000	0													0				0
005ED04F	BS01_Armor_PowerArmor_BOSKnightShin_LegLeft_NONPLAYABLE	BoS Left Leg	0	0	99.000000	0													0				0
005ED050	BS01_Armor_PowerArmor_BOSKnightShin_LegRight_NONPLAYABLE	BoS Right leg	0	0	99.000000	0													0				0
005ED051	BS01_Armor_PowerArmor_BOSKnightShin_Torso_NONPLAYABLE	BoS Chest Piece	0	0	99.000000	0													0				0
005ED79C	BS01_MQ07_Armor_PowerArmor_X01_ArmLeft_UNPLAYABLE	Scorched X-01 Left Arm	0	200	13.000000	0													0				0
005ED79D	BS01_MQ07_Armor_PowerArmor_X01_ArmRight_UNPLAYABLE	Scorched X-01 Right Arm	0	200	13.000000	0													0				0
005ED79E	BS01_MQ07_Armor_PowerArmor_X01_Helmet_UNPLAYABLE	Scorched X-01 Helm	0	140	12.000000	0													0				0
005ED79F	BS01_MQ07_Armor_PowerArmor_X01_LegLeft_UNPLAYABLE	Scorched X-01 Left Leg	0	200	15.000000	0													0				0
005ED7A0	BS01_MQ07_Armor_PowerArmor_X01_LegRight_UNPLAYABLE	Scorched X-01 Right Leg	0	200	15.000000	0													0				0
005EDFDE	BS01_MQ07_Armor_PowerArmor_X01_Torso_UNPLAYABLE	Scorched X-01 Torso	0	280	19.000000	0													0				0
005EED5B	Armor_BOSInfantry_ArmLeft_NONPLAYABLE	Brotherhood Recon Left Arm	0	60	2.750000	0													0				0
005EED5C	Armor_BOSInfantry_ArmRight_NONPLAYABLE	Brotherhood Recon Right Arm	0	60	2.750000	0													0				0
005EED5D	Armor_BOSInfantry_LegLeft_NONPLAYABLE	Brotherhood Recon Left Leg	0	25	3.000000	0													0				0
005EED5E	Armor_BOSInfantry_LegRight_NONPLAYABLE	Brotherhood Recon Right Leg	0	25	3.000000	0													0				0
005EED5F	Armor_BOSInfantry_Torso_NONPLAYABLE	Brotherhood Recon Chest Piece	0	60	7.000000	0													0				0
005EED60	Headwear_Clothes_BOSInfantry_Helmet_NONPLAYABLE	Brotherhood Recon Helmet	0	150	0.100000	0													0				0
005EF2A4	SCORE_S3_Clothes_KDInkwell	K.D. Inkwell Outfit	0	0	0.100000	0													0				0
005EFA68	Underarmor_BOS_Infantry	Brotherhood of Steel Infantry Uniform	0	10	0.500000	0													0				0
005EFA69	Headwear_BOS_InfantryHood	Brotherhood of Steel Infantry Hood	0	0	0.100000	0													0				0
005EFC5A	BS01_Armor_PowerArmor_BOSKnightShin_ArmLeft	BoS Left Arm	0	0	99.000000	0													0				0
005EFC5B	BS01_Armor_PowerArmor_BOSKnightShin_ArmRight	BoS Right Arm	0	0	99.000000	0													0				0
005EFC5C	BS01_Armor_PowerArmor_BOSKnightShin_LegLeft	BoS Left Leg	0	0	99.000000	0													0				0
005EFC5D	BS01_Armor_PowerArmor_BOSKnightShin_LegRight	BoS Right Leg	0	0	99.000000	0													0				0
005EFC5E	BS01_Armor_PowerArmor_BOSKnightShin_Torso	BoS Chest Piece	0	0	99.000000	0													0				0
005EFEB6	ATX_F1_Underarmor_BOS_Infantry_Camo	BOS Camouflage Infantry Uniform	0	0	0.500000	0													0				0
005EFEB7	ATX_F1_Headwear_BOS_InfantryHood_Camo	BOS Camouflage Infantry Hood	0	0	0.100000	0													0				0
005EFF97	ATX_Headwear_GasMask_Bone	Bone Gas Mask	0	0	0.100000	0													0				0
005F0BB8	ATX_Clothes_Enclave_IntelOfficer	Enclave Intel Officer Uniform	0	50	0.100000	0													0				0
005F0BB9	ATX_Headwear_Enclave_IntelOfficer_Hat	Enclave Intel Officer Hat	0	15	0.100000	0													0				0
005F0CE1	ATX_Headwear_TallTopHat_Ribbon	Ribbon Tall Top Hat	0	0	0.100000	0													0				0
005F0CE2	ATX_Headwear_TallTopHat	Tall Top Hat	0	0	0.100000	0													0				0
005F0FB7	ATX_Headwear_TreetopDaredevil_Lumberjack	Treetop Daredevils Hat	0	0	0.100000	0													0				0
005F0FB8	ATX_Clothes_TreetopDaredevil_Lumberjack	Treetop Daredevils Outfit	0	0	0.100000	0													0				0
005F5E14	BS02_MQ03_Clothes_BrotherhoodCivvies_NONPLAYABLE	Brotherhood Civvies	0	65	0.100000	0													0				0
005F5F9E	Headwear_Fasnacht_Mask_Brahmin	Fasnacht Brahmin Mask	0	10	0.100000	0													0				0
005F5F9F	ATX_Headwear_Fasnacht_Mask_Buffoon	Fasnacht Blissful Buffoon Mask	0	0	0.100000	0													0				0
005F5FA0	ATX_Headwear_Fasnacht_Mask_Demon_v2	Fasnacht Blue Demon Mask	0	0	0.100000	0													0				0
005F5FA1	Headwear_Fasnacht_Mask_Jester	Fasnacht Buffoon Mask	0	10	0.100000	0													0				0
005F5FA2	ATX_Headwear_Fasnacht_Mask_Brahmin_v2	Fasnacht Bucking Brahmin Mask	0	0	0.100000	0													0				0
005F5FA3	Headwear_Fasnacht_Mask_Demon	Fasnacht Demon Mask	0	10	0.100000	0													0				0
005F6C24	ATX_Clothes_SuperMutantOutfit	Super Mutant Outfit	0	0	0.100000	0													0				0
005F6C25	ATX_Headwear_SuperMutant_Helm	Super Mutant Helm	0	0	0.100000	0													0				0
005F86CF	Armor_VaultSuit96_Underarmor_NotPlayable		0	20	1.000000	0													0				0
005F9959	ATX_Headwear_MothmanMaskAlien_NONPLAYABLE	Alien Mothman Mask	0	0	0.100000	0													0				0
005F995A	ATX_Headwear_MothmanGlasses_NONPLAYABLE	Mothman Glasses	0	0	0.100000	0													0				0
005F995B	Babylon_Headwear_GhillieSuit_Helmet_Survivors2020_NONPLAYABLE	Ghillie Suit Hood	0	0	0.100000	0													0				0
005FA272	zzz_deprecated_13		0	0	0.100000	0													0				0
005FA3F6	zzz_deprecated_19		0	65	0.100000	0													0				0
005FA3F8	zzz_deprecated_07		0	0	0.100000	0													0				0
005FA3F9	zzz_deprecated_20		0	0	0.100000	0													0				0
005FA455	zzz_deprecated_15		0	0	0.100000	0													0				0
005FC033	ATX_Headwear_Cowboy_July4th	Rootin' Tootin' Cowboy Hat	0	0	0.100000	0													0				0
005FC034	ATX_Clothes_Cowboy_July4th	Rootin' Tootin' Cowboy Outfit	0	0	0.100000	0													0				0
005FC9A6	Armor_EnclaveScoutUniform_LegRight_Covert	Covert Scout Armor Right Leg	0	90	0.850000	100													0	Durability_Armor_Combat_Min	ConditionDamageScaleFactor_Armor_Combat	Durability_Armor_Combat_Max	0
005FC9A7	Armor_EnclaveScoutUniform_LegLeft_Covert	Covert Scout Armor Left Leg	0	90	0.850000	100													0	Durability_Armor_Combat_Min	ConditionDamageScaleFactor_Armor_Combat	Durability_Armor_Combat_Max	0
005FC9A8	Armor_EnclaveScoutUniform_ArmRight_Covert	Covert Scout Armor Right Arm	0	60	0.850000	100													0	Durability_Armor_Combat_Min	ConditionDamageScaleFactor_Armor_Combat	Durability_Armor_Combat_Max	0
005FC9A9	Armor_EnclaveScoutUniform_ArmLeft_Covert	Covert Scout Armor Left Arm	0	60	0.850000	100													0	Durability_Armor_Combat_Min	ConditionDamageScaleFactor_Armor_Combat	Durability_Armor_Combat_Max	0
005FC9AA	Headwear_EnclaveScoutUniform_Mask_Covert	Covert Scout Armor Mask	0	50	0.100000	0													0				0
005FC9AB	Armor_EnclaveScoutUniform_Torso_Covert	Covert Scout Armor Chest Piece	0	60	1.720000	100													0	Durability_Armor_Combat_Min	ConditionDamageScaleFactor_Armor_Combat	Durability_Armor_Combat_Max	0
005FE792	ATX_Headwear_Beret_ArmorAce	Armor Ace Beret	0	0	0.100000	0													0				0
005FFDE2	ATX_Clothes_RaiderWarlord_Outfit	Raider Warlord Outfit	0	0	0.100000	0													0				0
005FFDE3	ATX_RaiderWarlord_Helmet	Raider Warlord Helmet	0	0	0.100000	0													0				0
005FFF84	ATX_Clothes_Beekeeper	Beekeeper Outfit	0	0	0.100000	0													0				0
005FFF85	ATX_Headwear_BeekeeperHat	Beekeeper Hat	0	0	0.100000	0													0				0
006013EF	ATX_Headwear_MatchstickHat	Matchstick Hat	0	0	0.100000	0													0				0
00602D6B	ATX_Clothes_Icebreaker	Icebreaker Outfit	0	0	0.100000	0													0				0
00602FD7	SkinMoleMinerBossTreasure		0	0	0.000000	0													0				0
006032C1	SCORE_S4_Headwear_Beret_PowerPatrolBlue	Power Patrol Blue Beret	0	0	0.100000	0													0				0
00603AA4	SkinRedRocketRobot		0	0	0.000000	0													0				0
00604159	ATX_Clothes_Garrahan_Employee	Garrahan Employee Outfit	0	0	0.100000	0													0				0
0060415B	ATX_Headwear_Garrahan_Employee_Helmet	Garrahan Employee Helmet	0	0	0.100000	0													0				0
0060502F	SkinRedRocketRobotDUPLICATE000		0	0	0.000000	0													0				0
00605854	zzz_deprecated_10		0	0	0.100000	0													0				0
006058BE	ATX_Headwear_Mobster_Hat_NONPLAYABLE	Mobster Fedora	0	0	0.100000	0													0				0
00606389	zzz_ATX_Armor_BackPack_OreBasket	Standard Backpack	0	0	1.000000	0													0				0
00606402	BS02_Armor_Combat_Torso_Kit_NONPLAYABLE	Combat Armor Chest Piece	0	60	7.000000	100													0	Durability_Armor_Combat_Min	ConditionDamageScaleFactor_Armor_Combat	Durability_Armor_Combat_Max	0
006069F5	Armor_Combat_ArmLeft_SteelDawn_NONPLAYABLE	Steel Dawn Combat Armor Left Arm	0	60	2.750000	100													0	Durability_Armor_Combat_Min	ConditionDamageScaleFactor_Armor_Combat	Durability_Armor_Combat_Max	0
00606B43	ATX_Headwear_Beret_Green_NONPLAYABLE	Green Military Beret	0	0	0.100000	0													0				0
00606B44	Armor_Marine_Underarmor_Wetsuit_NONPLAYABLE	Marine Wetsuit	0	100	2.000000	0													0				0
00606B5A	Armor_RaiderMod_Torso_TallyLang_NONPLAYABLE	Raider Chest Piece	0	50	4.500000	100													0	Durability_Armor_Raider_Min	ConditionDamageScaleFactor_Armor_Raider	Durability_Armor_Raider_Max	0
00606B5B	Armor_RaiderMod_ArmRight_TallyLang_NONPLAYABLE	Raider Right Arm	0	30	2.250000	100													0	Durability_Armor_Raider_Min	ConditionDamageScaleFactor_Armor_Raider	Durability_Armor_Raider_Max	0
00606C91	BS02_MQ03_Clothes_BrotherhoodCivvies	Brotherhood Civvies	0	65	0.100000	0													0				0
00606C92	Clothes_MercenaryOutfit	Mercenary Outfit	0	10	0.100000	0													0				0
00606C93	Clothes_MercenaryOutfit_NONPLAYABLE	Mercenary Outfit	0	10	0.100000	0													0				0
00608CEA	ATX_Clothes_SkullLord	Skull Lord War Suit	0	0	0.100000	0													0				0
00608CEB	ATX_Headwear_SkullLord_Helmet	Skull Lord Helmet	0	0	0.100000	0													0				0
00608CFA	ATX_Headwear_BOSHeadwrap	Brotherhood Headwrap	0	0	0.100000	0													0				0
00608CFB	ATX_Headwear_BOSHeadwrap_Camo	Brotherhood Camo Headwrap	0	0	0.100000	0													0				0
00609C29	Armor_RaiderMod_Torso_TallyBEM01_NONPLAYABLE	Raider Chest Piece	0	50	4.500000	100													0	Durability_Armor_Raider_Min	ConditionDamageScaleFactor_Armor_Raider	Durability_Armor_Raider_Max	0
00609C2A	Armor_RaiderMod_ArmRight_TallyBEM01_NONPLAYABLE	Raider Right Arm	0	30	2.250000	100													0	Durability_Armor_Raider_Min	ConditionDamageScaleFactor_Armor_Raider	Durability_Armor_Raider_Max	0
00609C2B	Armor_RaiderMod_ArmLeft_TallyBEM01_NONPLAYABLE	Raider Left Arm	0	30	2.250000	100													0	Durability_Armor_Raider_Min	ConditionDamageScaleFactor_Armor_Raider	Durability_Armor_Raider_Max	0
00609C2C	Armor_RaiderMod_LegRight_TallyBEM01_NONPLAYABLE	Raider Right Leg	0	34	2.500000	100													0	Durability_Armor_Raider_Min	ConditionDamageScaleFactor_Armor_Raider	Durability_Armor_Raider_Max	0
00609C2D	Armor_PowerArmor_TallyBEM02_Torso_NONPLAYABLE	Raider Power Chest Piece	0	100	14.000000	100													0	Durability_Armor_Power_Min	ConditionDamageScaleFactor_PowerArmor_Raider	Durability_Armor_Power_Max	0
00609C56	Armor_RaiderMod_Torso_TallyBEF01_NONPLAYABLE	Raider Chest Piece	0	50	4.500000	100													0	Durability_Armor_Raider_Min	ConditionDamageScaleFactor_Armor_Raider	Durability_Armor_Raider_Max	0
00609C57	Armor_RaiderMod_LegRight_TallyBEF01_NONPLAYABLE	Raider Right Leg	0	34	2.500000	100													0	Durability_Armor_Raider_Min	ConditionDamageScaleFactor_Armor_Raider	Durability_Armor_Raider_Max	0
00609C58	Armor_RaiderMod_ArmLeft_TallyBEF01_NONPLAYABLE	Raider Left Arm	0	30	2.250000	100													0	Durability_Armor_Raider_Min	ConditionDamageScaleFactor_Armor_Raider	Durability_Armor_Raider_Max	0
00609C59	Armor_RaiderMod_LegLeft_TallyBEF01_NONPLAYABLE	Raider Left Leg	0	34	2.500000	100													0	Durability_Armor_Raider_Min	ConditionDamageScaleFactor_Armor_Raider	Durability_Armor_Raider_Max	0
00609C5A	Armor_RaiderMod_ArmRight_TallyBEF01_NONPLAYABLE	Raider Right Arm	0	30	2.250000	100													0	Durability_Armor_Raider_Min	ConditionDamageScaleFactor_Armor_Raider	Durability_Armor_Raider_Max	0
00609DC8	zzzClothes_Mercenary02_Outfit	Mercenary 02 Outfit	0	10	0.100000	0													0				0
0060D597	ATX_Clothes_FourthJulyParade_Shorts	Fourth of July Parade Shorts	0	0	0.100000	0													0				0
0060D598	ATX_Clothes_FourthJulyParade_Pants	Fourth of July Parade Pants	0	0	0.100000	0													0				0
0060D599	ATX_Headwear_FourthJulyParade_Hat	Fourth of July Parade Hat	0	0	0.100000	0													0				0
0060D5B5	Armor_PowerArmor_Hellcat_Helmet	Hellcat Helm	0	80	1.090000	100													0	Durability_Armor_Power_Min	ConditionDamageScaleFactor_PowerArmor_T51	Durability_Armor_Power_Max	0
0060D5B6	Armor_PowerArmor_Hellcat_LegRight	Hellcat Right Leg	0	130	1.090000	100													0	Durability_Armor_Power_Min	ConditionDamageScaleFactor_PowerArmor_T51	Durability_Armor_Power_Max	0
0060D5B7	Armor_PowerArmor_Hellcat_LegLeft	Hellcat Left Leg	0	130	1.090000	100													0	Durability_Armor_Power_Min	ConditionDamageScaleFactor_PowerArmor_T51	Durability_Armor_Power_Max	0
0060D5B8	Armor_PowerArmor_Hellcat_Torso	Hellcat Chest Piece	0	180	1.960000	100													0	Durability_Armor_Power_Min	ConditionDamageScaleFactor_PowerArmor_T51	Durability_Armor_Power_Max	0
0060D5B9	Armor_PowerArmor_Hellcat_ArmLeft	Hellcat Left Arm	0	130	1.090000	100													0	Durability_Armor_Power_Min	ConditionDamageScaleFactor_PowerArmor_T51	Durability_Armor_Power_Max	0
0060D5BA	Armor_PowerArmor_Hellcat_ArmRight	Hellcat Right Arm	0	130	1.090000	100													0	Durability_Armor_Power_Min	ConditionDamageScaleFactor_PowerArmor_T51	Durability_Armor_Power_Max	0
0060DBDC	Armor_PowerArmor_Hellcat_Torso_NONPLAYABLE	Hellcat Chest Piece	0	180	17.000000	0													0	Durability_Armor_Power_Min	ConditionDamageScaleFactor_PowerArmor_T51	Durability_Armor_Power_Max	0
0060DBDD	Armor_PowerArmor_Hellcat_LegLeft_NONPLAYABLE	Hellcat Left Leg	0	130	14.000000	0													0	Durability_Armor_Power_Min	ConditionDamageScaleFactor_PowerArmor_T51	Durability_Armor_Power_Max	0
0060DBDE	Armor_PowerArmor_Hellcat_ArmLeft_NONPLAYABLE	Hellcat Left Arm	0	130	12.000000	0													0	Durability_Armor_Power_Min	ConditionDamageScaleFactor_PowerArmor_T51	Durability_Armor_Power_Max	0
0060DBDF	Armor_PowerArmor_Hellcat_LegRight_NONPLAYABLE	Hellcat Right Leg	0	130	14.000000	0													0	Durability_Armor_Power_Min	ConditionDamageScaleFactor_PowerArmor_T51	Durability_Armor_Power_Max	0
0060DBE0	Armor_PowerArmor_Hellcat_Helmet_NONPLAYABLE	Hellcat Helm	0	80	11.000000	0													0	Durability_Armor_Power_Min	ConditionDamageScaleFactor_PowerArmor_T51	Durability_Armor_Power_Max	0
0060DBE1	Armor_PowerArmor_Hellcat_ArmRight_NONPLAYABLE	Hellcat Right Arm	0	130	12.000000	0													0	Durability_Armor_Power_Min	ConditionDamageScaleFactor_PowerArmor_T51	Durability_Armor_Power_Max	0
0060DC03	ATX_Headwear_BOS_Recon_Helmet	BOS Recon Helmet	0	0	0.100000	0													0				0
0060DC57	ATX_Clothes_ValorousAlistair	Valorous Alistair Suit	0	0	0.100000	0													0				0
0060DC58	ATX_Headwear_ValorousAlistair_Helmet	Valorous Alistair Helmet	0	0	0.100000	0													0				0
0060DC59	SH003_V51_Armor_PowerArmor_X01_ArmLeft_HellFireUNPLAYABLE	Scorched Hellfire Left Arm	0	200	13.000000	0													0				0
0060DC5A	SH003_V51_Armor_PowerArmor_X01_ArmRight_HellFireUNPLAYABLE	Scorched Hellfire Right Arm	0	200	13.000000	0													0				0
0060DC5B	SH003_V51_Armor_PowerArmor_X01_Helmet_HellFireUNPLAYABLE	Scorched Hellfire Helm	0	140	12.000000	0													0				0
0060DC5C	SH003_V51_Armor_PowerArmor_X01_LegLeft_HellfireUNPLAYABLE	Scorched Hellfire Left Leg	0	200	15.000000	0													0				0
0060DC5D	SH003_V51_Armor_PowerArmor_X01_LegRight_HellFireUNPLAYABLE	Scorched Hellfire Right Leg	0	200	15.000000	0													0				0
0060DC5E	SH003_V51_Armor_PowerArmor_X01_Torso_HellfireUNPLAYABLE	Scorched Hellfire Torso	0	280	19.000000	0													0				0
0060DCB2	zzz_deprecated_08		0	0	1.000000	0													0				0
0060DCB3	zzz_deprecated_09		0	0	1.000000	0													0				0
0060DCBD	zzz_deprecated_11		0	0	0.100000	0													0				0
0060DCBE	zzz_deprecated_12		0	0	0.100000	0													0				0
0060DCBF	zzz_deprecated_14		0	0	0.100000	0													0				0
0060DCC0	zzz_deprecated_16		0	0	0.100000	0													0				0
0060DCC1	zzz_deprecated_17		0	0	0.100000	0													0				0
0060DCC2	zzz_deprecated_18		0	0	0.100000	0													0				0
0060DF49	SkinSuperMutantBerserker		0	0	0.000000	0													0				0
0060DF4C	ATX_Clothes_Raider_Goon	Raider Goon	0	0	0.100000	0													0				0
0060DF4D	ATX_Headwear_Raider_Goon_Helmet	Raider Goon Helmet	0	0	0.100000	0													0				0
0060E0F0	ATX_Clothes_SkullLord_DailyOps_NONPLAYABLE	Skull Lord War Suit	0	0	0.100000	0													0				0
0060E0F1	ATX_Headwear_SkullLord_Helmet_DailyOps_NONPLAYABLE	Skull Lord Helmet	0	0	0.100000	0													0				0
0060EC29	SkinSupermutantBehemothBoss		0	0	0.000000	0													0				0
0060EC72	CreatureClothes_FeralGhoulCommunistOutfit		0	0	0.100000	0													0				0
0060EDD3	ATX_Headwear_BloodEagleMerc_Charmer1	Blood Eagle Charmer Hat	0	0	0.100000	0													0				0
0060EDD4	ATX_Clothes_BloodEagleMerc_Charmer2	Blood Eagle Charmer Blouse Outfit	0	114	0.100000	0													0				0
0060EDD5	ATX_Headwear_BloodEagleMerc_Charmer2	Blood Eagle Charmer Helmet	0	0	0.100000	0													0				0
0060EDD6	ATX_Clothes_BloodEagleMerc_Charmer1	Blood Eagle Charmer Leather Outfit	0	114	0.100000	0													0				0
00612380	SH003_V51_Armor_EnclaveScoutUniform_ArmorSetUNPLAYABLE	Scout Armor	0	60	20.000000	350													0	Durability_Armor_Leather_Min	zzz_ConditionDamageScaleFactor_Armor_Enclave_Babylon	Durability_Armor_Leather_Max	0
00612381	SH003_V51_Armor_DLC03_Marine_ArmorSetUNPLAYABLE	Marine Armor	0	75	30.000000	400													0	Durability_Armor_Marine_Min	zzz_ConditionDamageScaleFactor_Armor_Marine_Babylon	Durability_Armor_Marine_Max	0
00612382	SH003_V51_Armor_Wood_ArmorSetUNPLAYABLE	Wood Armor	0	15	15.000000	300													0	Durability_Armor_Wood_Min	zzz_ConditionDamageScaleFactor_Armor_Wood_Babylon	Durability_Armor_Wood_Max	0
00612383	Armor_VaultSuit51_Underarmor_NotPlayable		0	20	1.000000	0													0				0
006128B2	Clothes_SkullLord_BloodEagle	Skull Lord Blood Eagle Suit	0	20	0.100000	0													0				0
006128B3	Headwear_SkullLord_Helmet_BloodEagle	Skull Lord Blood Eagle Helmet	0	10	0.100000	0													0				0
006143BB	Headwear_Garrahan_Employee_Helmet_Variant	Garrahan Foreman Helmet	0	0	0.100000	0													0				0
006143BC	Clothes_Garrahan_Employee_Variant	Garrahan Foreman Outfit	0	0	0.100000	0													0				0
0061954C	ATX_Clothes_WavyWillard_Swimsuit	Wavy Willard's Swimsuit	0	10	0.100000	0													0				0
00619619	ATX_Clothes_WavyWillard_SwimTrunks	Wavy Willard's Swim Trunks	0	10	0.100000	0													0				0
0061D8E7	ATX_Clothes_BlueridgeTrader	Blue Ridge Trader Outfit	0	0	0.100000	0													0				0
0061D8E8	ATX_Headwear_BlueridgeTrader_Hat	Blue Ridge Trader Hat	0	0	0.100000	0													0				0
0061D92F	ATX_Clothes_FloorWalker	Floor Walker Outfit	0	0	0.100000	0													0				0
0061D930	ATX_Headwear_FloorWalker_Bandana	Floor Walker Bandana	0	0	0.100000	0													0				0
0061D931	ATX_Headwear_FloorWalker_Eyepatch	Floor Walker Eyepatch	0	0	0.100000	0													0				0
0061D932	ZZZ_ATX_Headwear_FloorWalker_Teeth	Floor Walker Teeth	0	0	0.100000	0													0				0
0061DADD	Clothes_CommunistCommander_NONPLAYABLE	Communist Commander Outfit	0	0	0.100000	0													0				0
0061DBB1	SkinEyeBomb		0	0	0.000000	0													0				0
0061DD76	TurretEnclave		0	0	0.000000	0													0				0
0061E031	Armor_PowerArmor_Communist_ArmLeft_DailyOps	Communist Left Arm	0	160	12.000000	100													0	Durability_Armor_Power_Min	ConditionDamageScaleFactor_PowerArmor_T60	Durability_Armor_Power_Max	0
0061E032	Armor_PowerArmor_Communist_ArmRight_DailyOps	Communist Right Arm	0	160	12.000000	100													0	Durability_Armor_Power_Min	ConditionDamageScaleFactor_PowerArmor_T60	Durability_Armor_Power_Max	0
0061E033	Armor_PowerArmor_Communist_LegLeft_DailyOps	Communist Left Leg	0	160	14.000000	100													0	Durability_Armor_Power_Min	ConditionDamageScaleFactor_PowerArmor_T60	Durability_Armor_Power_Max	0
0061E034	Armor_PowerArmor_Communist_LegRight_DailyOps	Communist Right Leg	0	160	14.000000	100													0	Durability_Armor_Power_Min	ConditionDamageScaleFactor_PowerArmor_T60	Durability_Armor_Power_Max	0
0061E035	Armor_PowerArmor_Communist_Torso_DailyOps	Communist Chest Piece	0	200	18.000000	100													0	Durability_Armor_Power_Min	ConditionDamageScaleFactor_PowerArmor_T60	Durability_Armor_Power_Max	0
0061E1CF	SkinEyeBomb_Siren		0	0	0.000000	0													0				0
0061E1E0	Headwear_Clothes_DLC03_Marine_Arctic	Arctic Marine Armor Helmet	0	100	0.100000	0													0				0
0061E1E1	Armor_DLC03_Marine_Torso_Arctic	Arctic Marine Armor Chest Piece	0	125	1.840000	100													0	Durability_Armor_Marine_Min	ConditionDamageScaleFactor_Armor_Marine	Durability_Armor_Marine_Max	0
0061E1E2	Armor_DLC03_Marine_ArmRight_Arctic	Arctic Marine Armor Right Arm	0	75	0.910000	100													0	Durability_Armor_Marine_Min	ConditionDamageScaleFactor_Armor_Marine	Durability_Armor_Marine_Max	0
0061E1E3	Armor_DLC03_Marine_LegRight_Arctic	Arctic Marine Armor Right Leg	0	120	0.910000	100													0	Durability_Armor_Marine_Min	ConditionDamageScaleFactor_Armor_Marine	Durability_Armor_Marine_Max	0
0061E1E4	Armor_DLC03_Marine_LegLeft_Arctic	Arctic Marine Armor Left Leg	0	120	0.910000	100													0	Durability_Armor_Marine_Min	ConditionDamageScaleFactor_Armor_Marine	Durability_Armor_Marine_Max	0
0061E1E5	Armor_DLC03_Marine_ArmLeft_Arctic	Arctic Marine Armor Left Arm	0	75	0.910000	100													0	Durability_Armor_Marine_Min	ConditionDamageScaleFactor_Armor_Marine	Durability_Armor_Marine_Max	0
0061E211	Armor_HazmatSuit_Black	Black Hazmat Suit	0	85	2.000000	100													0	Durability_Armor_Leather_Min	ConditionDamageScaleFactor_Armor_Leather	Durability_Armor_Leather_Max	0
0061E21F	Headwear_TinFoilHatNONPLAYABLE	Tin Foil Hat	0	10	0.100000	0													0				0
0061F4BB	RE_Scene_Zetan_01_Headwear_FedoraNONPLAYABLE	Silver Shroud's Fedora	0	0	0.100000	0													0				0
0061F6E1	SCORE_S5_COMP_Inspector_Costume_NONPLAYABLE	The Inspector's Top Hat	0	0	0.100000	0													0				0
0061F6E2	SCORE_S5_COMP_Inspector_Clothes_NONPLAYABLE	Child Tattered Clothes	0	0	0.100000	0													0				0
00620386	Creature_Spooky_Outfit_SkeletonCostume		0	0	99.900002	0													0				0
00620387	Creature_Spooky_Outfit_MummyCostume	Mummy Costume	0	0	0.100000	0													0				0
00620388	Creature_Spooky_Outfit_VampireCostume		0	0	99.900002	0													0				0
00620389	Creature_Spooky_Outfit_BlackJackolantern	Jack O'Lantern Pant Suit	0	100	0.100000	0													0				0
006208B6	BS02_Armor_Combat_LegRight_Pappas_NONPLAYABLE	Combat Armor Right Leg	0	25	3.000000	100													0	Durability_Armor_Combat_Min	ConditionDamageScaleFactor_Armor_Combat	Durability_Armor_Combat_Max	0
00620940	Headwear_CultistElder_Helmet	Cultist Elder Helmet	0	10	0.100000	0													0				0
00620941	Clothes_CultistElder	Cultist Elder Robe	0	65	0.100000	0													0				0
00620A31	SkinFETCH_Collectron		0	0	0.000000	0													0				0
00621142	CreatureClothes_FeralGhoulCommunistHat		0	0	0.100000	0													0				0
0062146C	SCORE_S6_Clothes_Raider_Demolisher	Demolisher Outfit	0	0	0.100000	0													0				0
0062146D	SCORE_S6_Headwear_Raider_Demolisher_Mask	Raider Demolisher Mask	0	0	0.100000	0													0				0
0062152A	TEMPLATE_Legendary_Armor	Test Armor	0	0	44.000000	100													0	Durability_Armor_Wood_Min	ConditionDamageScaleFactor_Armor_Wood	Durability_Armor_Wood_Max	0
0062152B	TEMPLATE_Legendary_PowerArmor	Test Power Armor	0	0	16.000000	100													0	Durability_Armor_Power_Min	ConditionDamageScaleFactor_PowerArmor_T45	Durability_Armor_Power_Max	0
006216B4	SCORE_S5_Headwear_Kids_TheInspector_Tophat	The Inspector's Top Hat	0	0	0.100000	0													0				0
006216F0	SCORE_S6_Clothes_TrustySidekick_SilverShroud	Silver Shroud Sidekick Costume	0	0	0.100000	0													0				0
006216F1	SCORE_S6_Clothes_TrustySidekick_Grognak	Grognak Sidekick Costume	0	0	0.100000	0													0				0
006216F2	SCORE_S6_Clothes_TrustySidekick_Inspector	Inspector Sidekick Costume	0	0	0.100000	0													0				0
006216F3	SCORE_S6_Headwear_TrustySidekick_Inspector_Mask	Inspector Sidekick Glasses	0	0	0.100000	0													0				0
006216F4	SCORE_S6_Armor_Casual_Underarmor_TrustySidekick_Mantaman	Manta Man Sidekick Underarmor	0	0	0.500000	0													0				0
006216F5	SCORE_S6_Armor_Casual_Underarmor_TrustySidekick_Inspector	Inspector Sidekick Underarmor	0	0	0.500000	0													0				0
006216F6	SCORE_S6_Clothes_TrustySidekick_MistressMystery	Mistress Sidekick Costume	0	0	0.100000	0													0				0
006216F7	SCORE_S6_Headwear_TrustySidekick_SilverShroud_Mask	Silver Shroud Sidekick Mask	0	0	0.100000	0													0				0
006216F8	SCORE_S6_Armor_Casual_Underarmor_TrustySidekick_MistressMystery	Mistress Sidekick Underarmor	0	0	0.500000	0													0				0
006216F9	SCORE_S6_Headwear_TrustySidekick_Mantaman_Mask	Manta Man Sidekick Mask	0	0	0.100000	0													0				0
006216FA	SCORE_S6_Headwear_TrustySidekick_MistressMystery_Mask	Mistress Sidekick Mask	0	0	0.100000	0													0				0
006216FB	SCORE_S6_Armor_Casual_Underarmor_TrustySidekick_Grognak	Grognak Sidekick Underarmor	0	0	0.500000	0													0				0
006216FC	SCORE_S6_Armor_Casual_Underarmor_TrustySidekick_SilverShroud	Silver Shroud Sidekick Underarmor	0	0	0.500000	0													0				0
006216FD	SCORE_S6_Clothes_TrustySidekick_MantaMan	Manta Man Sidekick Costume	0	0	0.100000	0													0				0
006216FE	SCORE_S6_Headwear_TrustySidekick_Grognak_Mask	Grognak Sidekick Mask	0	0	0.100000	0													0				0
006218C9	ATX_Headwear_PumpkinHeavy	Jack-O-Lantern Helmet	0	0	0.100000	0													0				0
006218CA	ATX_Clothes_PumpkinHeavy	Jack Gourdon Outfit	0	0	0.100000	0													0				0
006218CB	ATX_Clothes_PumpkinHeavy_Black	Jack Gourdon Black Outfit	0	0	0.100000	0													0				0
006218CC	ATX_Headwear_PumpkinHeavy_Black	Black Jack-O-Lantern Helmet	0	0	0.100000	0													0				0
00621940	Supermutant_KingGrognak_Headband	King Grognak Headband	0	0	0.100000	0													0				0
00621941	Supermutant_BlackRimGlasses	Black-Rim Glasses	0	15	0.100000	0													0				0
00621FB6	CreatureClothes_FeralGhoulSpecialForcesHat		0	0	0.100000	0													0				0
00629498	SkinMothman_Equinox		0	0	0.000000	0													0				0
006295DD	DEL_Clothes_CultistHighPriest_NonPlayable		0	0	1.000000	0													0				0
006295DE	Headwear_CultistHighPriest_NONPLAYABLE	Cultist Hood	0	0	0.100000	0													0				0
006295DF	Headwear_CultistHighPriest	Cultist High Priest Hood	0	0	0.100000	0													0				0
006295E0	DEL_Clothes_CultistHighPriest	Cultist High Priest Robe	0	0	1.000000	0													0				0
0062977B	SkinTurretEnclaveMinigun		0	0	0.000000	0													0				0
0062A5FB	Clothes_CultistEnlightened_Robe	Cultist Enlightened Robe	0	65	0.100000	0													0				0
0062A5FC	Headwear_CultistEnlightened_Hood	Cultist Enlightened Hood	0	10	0.100000	0													0				0
0062AF92	Headwear_CultistElder_Helmet_NONPLAYABLE	Cultist Elder Helmet	0	10	0.100000	0													0				0
0062AF93	Clothes_CultistElder_NONPLAYABLE	Cultist Elder Robe	0	65	0.100000	0													0				0
0062AFE0	Creature_Spooky_Headwear_CaptainCosmos	Captain Cosmos Helmet	0	0	0.100000	0													0				0
0062AFE1	Creature_Spooky_Outfit_CaptainCosmos	Captain Cosmos	0	0	0.100000	0													0				0
0062AFE2	Creature_Spooky_Headwear_Mummy	Mummy Mask	0	0	0.100000	0													0				0
0062AFE3	Creature_Spooky_Headwear_PumpkinHeavy	Jack-O-Lantern Helmet	0	0	0.100000	0													0				0
0062AFE4	Creature_Spooky_Outfit_PumpkinHeavy	Jack Gourdon Outfit	0	0	0.100000	0													0				0
0062C3A2	Clothes_CultistAdept	Cultist Adept Robe	0	65	0.100000	0													0				0
0062C3A3	Headwear_CultistAdept_Hood	Cultist Adept Hood	0	10	0.100000	0													0				0
0062C3A6	Clothes_CultistNeophyte_Robe	Cultist Neophyte Robe	0	65	0.100000	0													0				0
0062C3A7	Headwear_CultistNeophyte_Hood	Cultist Neophyte Hood	0	10	0.100000	0													0				0
0062CB98	Headwear_CultistEnlightened_Hood_NONPLAYABLE	Cultist Enlightened Hood	0	10	0.100000	0													0				0
0062CB99	Clothes_CultistEnlightened_Robe_NONPLAYABLE	Cultist Enlightened Robe	0	65	0.100000	0													0				0
0062E80C	ATX_Clothes_CryptCrook	Crypt Crook Outfit	0	0	0.100000	0													0				0
0062E80F	ATX_Headwear_CryptCrookMask	Crypt Crook Mask	0	0	0.100000	0													0				0
0062F3CB	Headwear_CultistIncarnateHelmet	Cultist Incarnate Helmet	0	50	0.100000	0													0				0
0062FAE3	Headwear_CommunistCommander_NONPLAYABLEDUPLICATE000	Communist Commander Hat	0	0	0.100000	0													0				0
0063095E	SkinTurretEnclaveShotgun		0	0	0.000000	0													0				0
0063095F	SkinTurretEnclaveMissleLauncher		0	0	0.000000	0													0				0
00630960	SkinTurretEnclaveLaser		0	0	0.000000	0													0				0
00630C8A	SkinMothmanWise_Equinox		0	0	0.000000	0													0				0
00630EF9	ATX_Clothes_Hellcat_Outfit	Hellcat Field Gear	0	0	0.100000	0													0				0
00630EFA	ATX_Headwear_Beret_Hellcat	Hellcat Mercenary Beret	0	0	0.100000	0													0				0
00631687	SCORE_S7_Clothes_Zorbo	Dr. Zorbo Robes	0	0	0.100000	0													0				0
00631688	SCORE_S7_Headwear_ZorboHelmet	Dr. Zorbo Helmet	0	0	0.100000	0													0				0
00632F52	Headwear_FiremanHat_NotPlayable	Fireman Helmet	0	15	0.100000	0													0				0
00633455	ATX_Clothes_LiteAlly_Ghoul_SpaceSuit	Xerxo's Spacesuit	0	400	0.100000	0													0				0
00634F8C	Headwear_Fasnacht_Mask_Loon	Fasnacht Loon Mask	0	10	0.100000	0													0				0
00634F8D	Headwear_Fasnacht_Mask_Fiend	Fasnacht Fiend Mask	0	10	0.100000	0													0				0
00634F8E	Headwear_Fasnacht_Mask_Hag	Fasnacht Hag Mask	0	10	0.100000	0													0				0
006356D6	SkinZetanDrone		0	0	0.000000	0													0				0
006361BF	Armor_Botsmith_LegLeft	Botsmith Left Leg	0	25	0.870000	100													0	Durability_Armor_Robot_Min	ConditionDamageScaleFactor_Armor_Robot	Durability_Armor_Robot_Max	0
006361C0	Armor_Botsmith_ArmLeft	Botsmith Left Arm	0	60	0.870000	100													0	Durability_Armor_Robot_Min	ConditionDamageScaleFactor_Armor_Robot	Durability_Armor_Robot_Max	0
006361C1	Armor_Botsmith_ArmRight	Botsmith Right Arm	0	60	0.870000	100													0	Durability_Armor_Robot_Min	ConditionDamageScaleFactor_Armor_Robot	Durability_Armor_Robot_Max	0
006361C2	Armor_Botsmith_Torso	Botsmith Chest Piece	0	60	1.760000	100													0	Durability_Armor_Robot_Min	ConditionDamageScaleFactor_Armor_Robot	Durability_Armor_Robot_Max	0
006361C3	Armor_Botsmith_LegRight	Botsmith Right Leg	0	25	0.870000	100													0	Durability_Armor_Robot_Min	ConditionDamageScaleFactor_Armor_Robot	Durability_Armor_Robot_Max	0
006366E1	SkinZetanInvader		0	200	0.000000	0													0				0
00636DD6	ZZZ_SkinBossChicken		0	0	0.000000	0													0				0
0063C6D1	Armor_EnclaveScoutUniform_ArmRight_Covert_NONPLAYABLE	Covert Scout Armor Right Arm	0	60	2.750000	100													0	Durability_Armor_Combat_Min	ConditionDamageScaleFactor_Armor_Combat	Durability_Armor_Combat_Max	0
0063C6D2	Armor_EnclaveScoutUniform_ArmLeft_Covert_NONPLAYABLE	Covert Scout Armor Left Arm	0	60	2.750000	100													0	Durability_Armor_Combat_Min	ConditionDamageScaleFactor_Armor_Combat	Durability_Armor_Combat_Max	0
0063C6D3	Armor_EnclaveScoutUniform_Torso_Covert_NONPLAYABLE	Covert Scout Armor Chest Piece	0	60	7.000000	100													0	Durability_Armor_Combat_Min	ConditionDamageScaleFactor_Armor_Combat	Durability_Armor_Combat_Max	0
0063C6D4	Armor_EnclaveScoutUniform_LegLeft_Covert_NONPLAYABLE	Covert Scout Armor Left Leg	0	90	2.500000	100													0	Durability_Armor_Combat_Min	ConditionDamageScaleFactor_Armor_Combat	Durability_Armor_Combat_Max	0
0063C6D5	ATX_F1_Headwear_BogWandererMask_NONPLAYABLE	Bog Wanderer Mask	0	10	0.100000	0													0				0
0063C6D6	Armor_EnclaveScoutUniform_LegRight_Covert_NONPLAYABLE	Covert Scout Armor Right Leg	0	90	2.500000	100													0	Durability_Armor_Combat_Min	ConditionDamageScaleFactor_Armor_Combat	Durability_Armor_Combat_Max	0
0063CB37	SkinZetanDrone_Elite		0	0	0.000000	0													0				0
0063CB38	SkinZetanDrone_Suicider		0	0	0.000000	0													0				0
0063CC1E	SkinTrog		0	0	0.000000	0													0				0
0063CC1F	SkinTrogSuperior		0	0	0.000000	0													0				0
0063CC20	SkinTrogFledgling		0	0	0.000000	0													0				0
0063D6C5	XPD_Fuel_Recipe_ChefOutfit_NONPLAYABLE	Chef's Outfit	0	0	0.100000	0													0				0
0063EB69	ATX_Clothes_E08A_GulperShirtAndPants	Gulper Shirt and Pants	0	80	0.100000	0													0				0
0063EB7C	SkinAlien_Cryo		0	0	0.000000	0													0				0
0063EB7D	SkinAlien_Poison		0	0	0.000000	0													0				0
0063EE48	ATX_Headwear_Raider_Goon_Helmet_NONPLAYABLE	Raider Goon Helmet	0	0	0.100000	0													0				0
0063EE49	ATX_Clothes_RaiderWarlord_Outfit_NONPLAYABLE	Raider Warlord Outfit	0	0	0.100000	0													0				0
0063EE4A	ATX_ApocalypseUmpire_NONPLAYABLE	Umpire of the Apocalypse Outfit	0	0	0.100000	0													0				0
0063EE4B	ATX_ApocalypseUmpire_Helmet_NONPLAYABLE	Umpire of the Apocalypse Mask	0	0	0.100000	0													0				0
0064033B	ATX_Clothes_FireWall	Firewall Outfit	0	0	0.100000	0													0				0
0064033C	ATX_Headwear_FireWallHelmet	Firewall Helmet	0	0	0.100000	0													0				0
00641AE6	SkinUltraciteAbomination		0	0	0.000000	0													0				0
00644CF0	Armor_DLC01_Robot_ArmLeft_Shadowed_NONPLAYABLE	Robot Left Arm	0	40	2.500000	100													0	Durability_Armor_Robot_Min	ConditionDamageScaleFactor_Armor_Robot	Durability_Armor_Robot_Max	0
00644CF1	Armor_DLC01_Robot_LegRight_Shadowed_NONPLAYABLE	Robot Right Leg	0	10	2.750000	100													0	Durability_Armor_Robot_Min	ConditionDamageScaleFactor_Armor_Robot	Durability_Armor_Robot_Max	0
00644CF2	Armor_DLC01_Robot_ArmRight_Shadowed_NONPLAYABLE	Robot Right Arm	0	40	2.500000	100													0	Durability_Armor_Robot_Min	ConditionDamageScaleFactor_Armor_Robot	Durability_Armor_Robot_Max	0
00644CF3	Armor_DLC01_Robot_Torso_Shadowed_NONPLAYABLE	Robot Chest Piece	0	25	6.000000	100													0	Durability_Armor_Robot_Min	ConditionDamageScaleFactor_Armor_Robot	Durability_Armor_Robot_Max	0
00644CF4	Armor_DLC01_Robot_LegLeft_Shadowed_NONPLAYABLE	Robot Left Leg	0	16	2.750000	100													0	Durability_Armor_Robot_Min	ConditionDamageScaleFactor_Armor_Robot	Durability_Armor_Robot_Max	0
00644CF5	Headwear_Clothes_DLC01_Robot_Helmet_SentryBot_Shadowed_NONPLAYABLE	Sentry Bot Helmet	0	20	0.100000	0													0				0
00644EAB	SCORE_S8_Headwear_VaultSurvivorHood	Vault Survivor Hood	0	0	0.100000	0													0				0
00644EAC	SCORE_S8_Clothes_VaultSurvivor	Vault Survivor Outfit	0	0	0.100000	0													0				0
00646500	Clothes_SkippysOutfit	Tinkerer's Overalls	0	65	0.100000	0													0				0
00646501	Headwear_SkippysOutfit	Tinkerer's Goggles	0	10	0.100000	0													0				0
00647C92	Clothes_RuckersOutfit	Responders' Padded Jacket	0	65	0.100000	0													0				0
00648F94	SCORE_S9_Clothes_Patrioteer	Patrioteer Outfit	0	0	0.100000	0													0				0
00648F95	SCORE_S9_Headwear_Patrioteer	Patrioteer Hat	0	0	0.100000	0													0				0
00649349	Clothes_DanilosOutfit	Trench Runner's Coat	0	65	0.100000	0													0				0
0064934A	Headwear_DanilosOutfit	Trench Runner's Hood	0	65	0.100000	0													0				0
00649F69	SCORE_S6_Headwear_TrustySidekick_Mantaman_Mask_NONPLAYABLE	Manta Man Sidekick Mask	0	0	0.100000	0													0				0
0064A57A	ATX_Clothes_EnclaveSignalman	Enclave Signalman Outfit	0	0	0.100000	0													0				0
0064A57B	ATX_Headwear_EnclaveSignalmanAlternateHat	Enclave Signalman Alternate Hat	0	0	0.100000	0													0				0
0064A57C	ATX_Headwear_EnclaveSignalmanHat	Enclave Signalman Hat	0	0	0.100000	0													0				0
0064B91B	XPD_Armor_PowerArmor_Union_Torso	Union Chest Piece	0	100	2.090000	100													0	Durability_Armor_Power_Min	ConditionDamageScaleFactor_PowerArmor_T51	Durability_Armor_Power_Max	0
0064B91C	XPD_Armor_PowerArmor_Union_Helmet	Union Helm	0	100	1.160000	100													0	Durability_Armor_Power_Min	ConditionDamageScaleFactor_PowerArmor_T51	Durability_Armor_Power_Max	0
0064B91D	XPD_Armor_PowerArmor_Union_LegRight	Union Right Leg	0	100	1.160000	100													0	Durability_Armor_Power_Min	ConditionDamageScaleFactor_PowerArmor_T51	Durability_Armor_Power_Max	0
0064B91E	XPD_Armor_PowerArmor_Union_ArmRight	Union Right Arm	0	100	1.160000	100													0	Durability_Armor_Power_Min	ConditionDamageScaleFactor_PowerArmor_T51	Durability_Armor_Power_Max	0
0064B91F	XPD_Armor_PowerArmor_Union_ArmLeft	Union Left Arm	0	100	1.160000	100													0	Durability_Armor_Power_Min	ConditionDamageScaleFactor_PowerArmor_T51	Durability_Armor_Power_Max	0
0064B920	XPD_Armor_PowerArmor_Union_LegLeft	Union Left Leg	0	100	1.160000	100													0	Durability_Armor_Power_Min	ConditionDamageScaleFactor_PowerArmor_T51	Durability_Armor_Power_Max	0
0064B921	XPD_Armor_PowerArmor_Union_ArmLeft_NONPLAYABLE	Union Left Arm	0	100	12.000000	0													0	Durability_Armor_Power_Min	ConditionDamageScaleFactor_PowerArmor_T51	Durability_Armor_Power_Max	0
0064B922	XPD_Armor_PowerArmor_Union_ArmRight_NONPLAYABLE	Union Right Arm	0	100	12.000000	0													0	Durability_Armor_Power_Min	ConditionDamageScaleFactor_PowerArmor_T51	Durability_Armor_Power_Max	0
0064B923	XPD_Armor_PowerArmor_Union_Helmet_NONPLAYABLE	Union Helm	0	100	11.000000	0													0	Durability_Armor_Power_Min	ConditionDamageScaleFactor_PowerArmor_T51	Durability_Armor_Power_Max	0
0064B924	XPD_Armor_PowerArmor_Union_LegLeft_NONPLAYABLE	Union Left Leg	0	100	14.000000	0													0	Durability_Armor_Power_Min	ConditionDamageScaleFactor_PowerArmor_T51	Durability_Armor_Power_Max	0
0064B925	XPD_Armor_PowerArmor_Union_LegRight_NONPLAYABLE	Union Right Leg	0	100	14.000000	0													0	Durability_Armor_Power_Min	ConditionDamageScaleFactor_PowerArmor_T51	Durability_Armor_Power_Max	0
0064B926	XPD_Armor_PowerArmor_Union_Torso_NONPLAYABLE	Union Chest Piece	0	100	17.000000	0													0	Durability_Armor_Power_Min	ConditionDamageScaleFactor_PowerArmor_T51	Durability_Armor_Power_Max	0
0064BCD3	ATX_Clothes_HawaiianOutfit	Hawaiian Outfit	0	0	0.100000	0													0				0
0064BCD4	ATX_Clothes_HawaiianPantsOutfit	Hawaiian Pants Outfit	0	0	0.100000	0													0				0
0064E586	ATX_Headwear_Psycho_NONPLAYABLE	Cuddles the Clown Mask	0	0	0.100000	0													0				0
0064FB87	SCORE_S9_Clothes_Cultist_Junkyard_Outfit	Junkyard Cultist Outfit	0	0	0.100000	0													0				0
0064FB88	SCORE_S9_Headwear_Cultist_Junkyard_Helmet	Junkyard Cultist Helmet	0	0	0.100000	0													0				0
0064FB8B	ATX_Cultist01Dungeon_Outfits	Cultist Dungeon Outfit	0	0	0.100000	0													0				0
0064FB8C	ATX_Cultist01Dungeon_Helmet	Cultist Dungeon Helmet	0	0	0.100000	0													0				0
00650F21	ATX_Clothes_Suit_Capper	Commemorative 76 Suit	0	0	0.100000	0													0				0
00650F22	ATX_Headwear_Capper_Hat	Commemorative 76 Fedora	0	0	0.100000	0													0				0
00651B25	Armor_Leather_LegRight_Atomic_NONPLAYABLE	Leather Right Leg	0	0	2.250000	100													0	Durability_Armor_Leather_Min	ConditionDamageScaleFactor_Armor_Leather	Durability_Armor_Leather_Max	0
00651B26	Armor_Metal_LegLeft_Atomic_NONPLAYABLE	Metal Left Leg	0	0	2.500000	100													0	Durability_Armor_Metal_Min	ConditionDamageScaleFactor_Armor_Metal	Durability_Armor_Metal_Max	0
00651B27	Armor_Metal_LegRight_Atomic_NONPLAYABLE	Metal Right Leg	0	0	2.500000	100													0	Durability_Armor_Metal_Min	ConditionDamageScaleFactor_Armor_Metal	Durability_Armor_Metal_Max	0
00651B28	Armor_Leather_Torso_Atomic_NONPLAYABLE	Leather Chest Piece	0	0	4.000000	100													0	Durability_Armor_Leather_Min	ConditionDamageScaleFactor_Armor_Leather	Durability_Armor_Leather_Max	0
00651B29	Armor_Metal_ArmRight_Atomic_NONPLAYABLE	Metal Right Arm	0	0	2.500000	100													0	Durability_Armor_Metal_Min	ConditionDamageScaleFactor_Armor_Metal	Durability_Armor_Metal_Max	0
00651B2A	Headwear_Clothes_Metal_Helmet_Atomic_NONPLAYABLE	Metal Helmet	0	0	0.100000	0													0				0
00651B2B	Armor_Metal_ArmLeft_Atomic_NONPLAYABLE	Metal Left Arm	0	0	2.500000	100													0	Durability_Armor_Metal_Min	ConditionDamageScaleFactor_Armor_Metal	Durability_Armor_Metal_Max	0
00651B2C	Armor_Leather_ArmRight_Atomic_NONPLAYABLE	Leather Right Arm	0	0	2.000000	100													0	Durability_Armor_Leather_Min	ConditionDamageScaleFactor_Armor_Leather	Durability_Armor_Leather_Max	0
00651B2D	Armor_Leather_ArmLeft_Atomic_NONPLAYABLE	Leather Left Arm	0	0	2.000000	100													0	Durability_Armor_Leather_Min	ConditionDamageScaleFactor_Armor_Leather	Durability_Armor_Leather_Max	0
00651B2E	Armor_Leather_LegLeft_Atomic_NONPLAYABLE	Leather Left Leg	0	0	2.250000	100													0	Durability_Armor_Leather_Min	ConditionDamageScaleFactor_Armor_Leather	Durability_Armor_Leather_Max	0
00651B2F	Armor_Metal_Torso_Atomic_NONPLAYABLE	Metal Chest Piece	0	0	5.500000	100													0	Durability_Armor_Metal_Min	ConditionDamageScaleFactor_Armor_Metal	Durability_Armor_Metal_Max	0
006529B8	SkinTrogGlowing		0	0	0.000000	0													0				0
00652BD0	ATX_Clothes_AnubisOutfit	Anubis Outfit	0	0	0.100000	0													0				0
00652BD1	ATX_Headwear_AnubisMask	Anubis Mask	0	0	0.100000	0													0				0
00652BD2	ATX_Headwear_AnubisHood	Anubis Hood	0	0	0.100000	0													0				0
00652EB0	ATX_Headwear_Headband_BunnyEars	Bunny Ears	0	0	0.100000	0													0				0
00653027	ATX_Headwear_BoonieHat	Boonie Hat	0	0	0.100000	0													0				0
006536B2	ATX_Headwear_PrisonerHat	Prisoner Hat	0	0	0.100000	0													0				0
006536B3	ATX_Clothes_PrisonerOutfit	Prisoner Outfit	0	0	0.100000	0													0				0
006536B5	ATX_Headwear_VikingHelmet	Viking Helmet	0	0	0.100000	0													0				0
00653DD3	ATX_Veteran_UNPLAYABLE	Mountain Scout Uniform	0	0	0.100000	0													0				0
00653DD4	Headwear_TrenchMask_NONPLAYABLE	Trench Mask	0	0	99.900002	0													0				0
00653DD5	SCORE_S6_Clothes_Raider_Demolisher_NONPLAYABLE	Raider Demolisher	0	0	0.100000	0													0				0
0065454E	ATX_Headwear_UrbanOpGasmask	Urban Operative Gas Mask	0	40	0.100000	0													0				0
00654CEA	ATX_Headwear_BoaterHat	Starlet Sniper Hat	0	0	0.100000	0													0				0
00658F11	XPD_Headwear_Fanatic03Helmet_NONPLAYABLE	Fanatic Helmet	0	0	0.100000	0													0				0
00658F12	zzz_ATX_Headwear_FanaticMask	Fanatic Mask	0	0	0.100000	0													0				0
00658F13	XPD_Clothes_Fanatic03_Outfit_NONPLAYABLE	Fanatic Outfit	0	0	0.100000	0													0				0
0065BF34	ATX_Clothes_FourthJulyParade_Shorts_NONPLAYABLE	Fourth of July Parade Shorts	0	0	0.100000	0													0				0
0065BF35	ATX_Headwear_FourthJulyParade_Hat_NONPLAYABLE	Fourth of July Parade Hat	0	0	0.100000	0													0				0
0065C0DF	ATX_Clothes_Raider_Scabber_NONPLAYABLE	Raider Scabber Outfit	0	0	0.100000	0													0				0
0065E289	XPD_Headwear_Fanatic01Helmet_NONPLAYABLE	Fanatic Helmet V2	0	0	0.100000	0													0				0
0065E28A	XPD_Clothes_Fanatic02_Outfit_NONPLAYABLE	Fanatic Outfit V2	0	0	0.100000	0													0				0
0065F746	Headwear_SkippysOutfitATX	Skippy's Headwear	0	10	0.100000	0													0				0
0065F76D	Clothes_SkippysOutfit_NONPLAYABLE		0	0	0.100000	0													0				0
0065F76E	Headwear_SkippysOutfit_NONPLAYABLE		0	0	0.100000	0													0				0
00660889	ATX_Clothes_Fanatic01_Scrapper	Fanatic Scrapper Outfit	0	0	0.100000	0													0				0
00660B77	Clothes_RuckersOutfit_NONPLAYABLE		0	0	0.100000	0													0				0
00661C02	ATX_Headwear_FanaticHelmet01_Scrapper	Fanatic Scrapper Helmet	0	0	0.100000	0													0				0
00662784	ATX_Headwear_BearMask	Bear Mask	0	0	0.100000	0													0				0
00662946	ATX_Headwear_CappyHat	Cappy Hat	0	0	0.100000	0													0				0
0066300A	Headwear_DanilosOutfit_Bandana	Danilo's Headwear	0	65	0.100000	0													0				0
0066300B	Headwear_DanilosOutfit_Trenchmask	Danilo's Headwear	0	65	0.100000	0													0				0
006638D6	ATX_Clothes_SwimSuitOutfit	Swim Suit Outfit	0	10	0.100000	0													0				0
00663D40	ATX_Clothes_Brawler	Brawler's Outfit	0	65	0.100000	0													0				0
00663D41	XPD_Clothes_Fanatic01_Outfit_NONPLAYABLE	Fanatic Outfit 01	0	0	0.100000	0													0				0
00663D42	XPD_Headwear_Fanatic02Helmet_NONPLAYABLE	Fanatic Helmet	0	0	0.100000	0													0				0
00663D43	Armor_PowerArmor_Fanatic_ArmLeft_NONPLAYABLE	Fanatic Power Left Arm	0	75	10.000000	100													0	Durability_Armor_Power_Min	ConditionDamageScaleFactor_PowerArmor_Raider	Durability_Armor_Power_Max	0
00663D44	Armor_PowerArmor_Fanatic_ArmRight_NONPLAYABLE	Fanatic Power Right Arm	0	75	10.000000	100													0	Durability_Armor_Power_Min	ConditionDamageScaleFactor_PowerArmor_Raider	Durability_Armor_Power_Max	0
00663D45	Armor_PowerArmor_Fanatic_Helmet_NONPLAYABLE	Fanatic Power Helm	0	50	10.000000	100													0	Durability_Armor_Power_Min	ConditionDamageScaleFactor_PowerArmor_Raider	Durability_Armor_Power_Max	0
00663D46	Armor_PowerArmor_Fanatic_LegLeft_NONPLAYABLE	Fanatic Power Left Leg	0	75	12.000000	100													0	Durability_Armor_Power_Min	ConditionDamageScaleFactor_PowerArmor_Raider	Durability_Armor_Power_Max	0
00663D47	Armor_PowerArmor_Fanatic_LegRight_NONPLAYABLE	Fanatic Power Right Leg	0	75	12.000000	100													0	Durability_Armor_Power_Min	ConditionDamageScaleFactor_PowerArmor_Raider	Durability_Armor_Power_Max	0
00663D48	Armor_PowerArmor_Fanatic_Torso_NONPLAYABLE	Fanatic Power Chest Piece	0	100	14.000000	100													0	Durability_Armor_Power_Min	ConditionDamageScaleFactor_PowerArmor_Raider	Durability_Armor_Power_Max	0
006647FC	E09D_SkinLiberator		0	0	0.000000	0													0				0
00664997	ATX_Headwear_UrbanOpSunglasses	Urban Op Sunglasses	0	0	0.100000	0													0				0
00664A1C	SkinMolerat_ultracite		0	0	0.000000	0													0				0
00664AD6	ATX_Headwear_RoosterMask	Rooster Mask	0	10	0.100000	0													0				0
00664E31	ATX_ARMO_Outfit_Union	Union Outfit	0	0	0.100000	0													0				0
00664E32	ATX_ARMO_Headwear_Union	Union Helmet	0	0	0.100000	0													0				0
00664E33	ATX_ARMO_Outfit_ElansDress	Red Polka Dot Dress	0	0	0.100000	0													0				0
00664E34	ATX_ARMO_Outfit_Executioner	Executioner Outfit	0	0	0.100000	0													0				0
00664E35	ATX_ARMO_Headwear_Executioner	Executioner Mask	0	0	0.100000	0													0				0
0066545C	ATX_Headwear_GazelleMask	Gazelle Mask	0	0	0.100000	0													0				0
006667CD	zzzClothes_NukaCowboyChaps	Nuka-World Cowboy Chaps	0	30	0.100000	0													0				0
0066709B	Armor_Combat_LegLeft_Union_NONPLAYABLE	Combat Armor Left Leg	0	0	3.000000	100													0	Durability_Armor_Combat_Min	ConditionDamageScaleFactor_Armor_Combat	Durability_Armor_Combat_Max	0
0066709C	Armor_Combat_ArmLeft_Union_NONPLAYABLE	Combat Armor Left Arm	0	0	2.750000	100													0	Durability_Armor_Combat_Min	ConditionDamageScaleFactor_Armor_Combat	Durability_Armor_Combat_Max	0
0066709D	Armor_Leather_Torso_Union_NONPLAYABLE	Leather Chest Piece	0	0	4.000000	100													0	Durability_Armor_Leather_Min	ConditionDamageScaleFactor_Armor_Leather	Durability_Armor_Leather_Max	0
0066709E	Armor_Metal_Torso_Union_NONPLAYABLE	Metal Chest Piece	0	0	5.500000	100													0	Durability_Armor_Metal_Min	ConditionDamageScaleFactor_Armor_Metal	Durability_Armor_Metal_Max	0
0066709F	Armor_Leather_LegRight_Union_NONPLAYABLE	Leather Right Leg	0	0	2.250000	100													0	Durability_Armor_Leather_Min	ConditionDamageScaleFactor_Armor_Leather	Durability_Armor_Leather_Max	0
006670A0	Armor_Combat_Torso_Union_NONPLAYABLE	Combat Armor Chest Piece	0	0	7.000000	100													0	Durability_Armor_Combat_Min	ConditionDamageScaleFactor_Armor_Combat	Durability_Armor_Combat_Max	0
006670A1	Armor_Combat_ArmRight_Union_NONPLAYABLE	Combat Armor Right Arm	0	0	2.750000	100													0	Durability_Armor_Combat_Min	ConditionDamageScaleFactor_Armor_Combat	Durability_Armor_Combat_Max	0
006670A2	Armor_Leather_ArmLeft_Union_NONPLAYABLE	Leather Left Arm	0	0	2.000000	100													0	Durability_Armor_Leather_Min	ConditionDamageScaleFactor_Armor_Leather	Durability_Armor_Leather_Max	0
006670A3	Armor_DLC03_Marine_LegLeft_Union_NONPLAYABLE	Marine Armor Left Leg	0	0	4.000000	100													0	Durability_Armor_Marine_Min	ConditionDamageScaleFactor_Armor_Marine	Durability_Armor_Marine_Max	0
006670A4	Armor_Leather_LegLeft_Union_NONPLAYABLE	Leather Left Leg	0	0	2.250000	100													0	Durability_Armor_Leather_Min	ConditionDamageScaleFactor_Armor_Leather	Durability_Armor_Leather_Max	0
006670A5	Armor_Metal_LegLeft_Union_NONPLAYABLE	Metal Left Leg	0	0	2.500000	100													0	Durability_Armor_Metal_Min	ConditionDamageScaleFactor_Armor_Metal	Durability_Armor_Metal_Max	0
006670A6	Armor_DLC03_Marine_LegRight_Union_NONPLAYABLE	Marine Armor Right Leg	0	0	4.000000	100													0	Durability_Armor_Marine_Min	ConditionDamageScaleFactor_Armor_Marine	Durability_Armor_Marine_Max	0
006670A7	Armor_Combat_LegRight_Union_NONPLAYABLE	Combat Armor Right Leg	0	25	3.000000	100													0	Durability_Armor_Combat_Min	ConditionDamageScaleFactor_Armor_Combat	Durability_Armor_Combat_Max	0
006670A8	Armor_DLC03_Marine_ArmLeft_Union_NONPLAYABLE	Marine Armor Left Arm	0	0	3.500000	100													0	Durability_Armor_Marine_Min	ConditionDamageScaleFactor_Armor_Marine	Durability_Armor_Marine_Max	0
006670A9	Armor_Metal_ArmLeft_Union_NONPLAYABLE	Metal Left Arm	0	0	2.500000	100													0	Durability_Armor_Metal_Min	ConditionDamageScaleFactor_Armor_Metal	Durability_Armor_Metal_Max	0
006670AA	Armor_Metal_ArmRight_Union_NONPLAYABLE	Metal Right Arm	0	0	2.500000	100													0	Durability_Armor_Metal_Min	ConditionDamageScaleFactor_Armor_Metal	Durability_Armor_Metal_Max	0
006670AB	Armor_Metal_LegRight_Union_NONPLAYABLE	Metal Right Leg	0	0	2.500000	100													0	Durability_Armor_Metal_Min	ConditionDamageScaleFactor_Armor_Metal	Durability_Armor_Metal_Max	0
006670AC	Armor_DLC03_Marine_Torso_Union_NONPLAYABLE	Marine Armor Chest Piece	0	0	8.000000	100													0	Durability_Armor_Marine_Min	ConditionDamageScaleFactor_Armor_Marine	Durability_Armor_Marine_Max	0
006670AD	Armor_Leather_ArmRight_Union_NONPLAYABLE	Leather Right Arm	0	0	2.000000	100													0	Durability_Armor_Leather_Min	ConditionDamageScaleFactor_Armor_Leather	Durability_Armor_Leather_Max	0
006670AE	Armor_DLC03_Marine_ArmRight_Union_NONPLAYABLE	Marine Armor Right Arm	0	0	3.500000	100													0	Durability_Armor_Marine_Min	ConditionDamageScaleFactor_Armor_Marine	Durability_Armor_Marine_Max	0
006677D3	ATX_Armor_Casual_Underarmor_SecretService_Uniform_Union	Union Secret Service Underarmor	0	30	0.500000	0													0				0
006677E3	ATX_Clothes_NukaTshirt_LauncherBlack	Black Nuka Launcher Tshirt	0	80	0.100000	0													0				0
006677E4	ATX_Clothes_NukaTshirt_Cola1	Nuka Cola Tshirt	0	80	0.100000	0													0				0
006677E5	Clothes_NukaTshirt_NWOT	Nuka-World On Tour Shirt	0	25	0.100000	0													0				0
006677E6	ATX_Clothes_NukaTshirt_LauncherOrange	Orange Nuka Launcher Tshirt	0	80	0.100000	0													0				0
006677E7	ATX_Clothes_NukaTshirt_STWRed	Red Spin The Wheel Tshirt	0	80	0.100000	0													0				0
006677E8	ATX_Clothes_NukaTshirt_Cola2	Nuka Cola Tshirt	0	80	0.100000	0													0				0
006677E9	ATX_Clothes_NukaTshirt_STWBlue	Blue Spin The Wheel Tshirt	0	80	0.100000	0													0				0
00668441	Clothes_NukaCowboyDuster	Nuka-World Cowboy Duster	0	30	0.100000	0													0				0
00669177	ATX_Clothes_Fanatic02_Striker	Fanatic Striker Outfit	0	0	0.100000	0													0				0
00669178	ATX_Headwear_FanaticHelmet02_Striker	Fanatic Striker Helmet	0	0	0.100000	0													0				0
00669183	ATX_Clothes_Fanatic03_Outfit_Stalker	Fanatic Stalker Outfit	0	0	0.100000	0													0				0
00669184	ATX_Headwear_Fanatic03_Helmet_Stalker	Fanatic Stalker Helmet	0	0	0.100000	0													0				0
0066937A	Clothes_NWOT_NukaJacket_Orange	Nuka-World Jacket and Jeans	0	20	0.100000	0													0				0
0066937B	Clothes_NWOT_NukaJacket	Nuka-World Jacket and Jeans	0	20	0.100000	0													0				0
0066937C	Clothes_NukaJacket_Cola	Nuka-Cola Jacket and Jeans	0	20	0.100000	0													0				0
0066937D	Clothes_NukaJacket_BottleAndCappy	Bottle and Cappy Jacket and Jeans	0	20	0.100000	0													0				0
00669385	Headwear_SheriffsHat_NWOT	Sheriff's Hat	0	15	0.100000	0													0				0
00669386	Headwear_DeputysHat_NWOT	Deputy's Hat	0	15	0.100000	0													0				0
0066C12B	Headwear_Headwrap	Avas Headwrap	0	0	0.100000	0													0				0
0066CC1C	Creature_Spooky_Headwear_SilverShroud	Silver Shroud's Fedora	0	0	99.989998	0													0				0
0066CC1D	Creature_Spooky_Headwear_SheepsquatchMascotHead_Demonic	Beelzebilly Head	0	0	99.989998	0													0				0
0066CC1E	Creature_Spooky_Outfit_HalloweenCostume_Pirate	Pirate Costume	0	0	99.989998	0													0				0
0066CC1F	Creature_Spooky_Outfit_SilverShroud	Silver Shroud Costume	0	0	99.989998	0													0				0
0066CC20	Creature_Spooky_Outfit_SheepsquatchMascotOutfit_Demonic	Beelzebilly Suit	0	0	99.989998	0													0				0
0066CC21	Creature_Spooky_Outfit_HalloweenVikingBustedHorns	Viking Costume	0	0	99.989998	0													0				0
0066CC22	Creature_Spooky_Headwear_HalloweenVikingBustedHorns	Busted Horn Viking Helmet	0	0	99.989998	0													0				0
0066CC23	Creature_Spooky_Headwear_HalloweenCostume_Pirate	Pirate Costume Hat	0	0	99.989998	0													0				0
0066CCA1	ATX_Armor_Casual_Underarmor_Communist_Red_SecretService_Uniform	Communist Red Secret Service Underarmor	0	30	0.500000	0													0				0
0066D419	ATX_Armor_Casual_Underarmor_Raiderish_SecretService_Uniform	Raiderish Secret Service Underarmor	0	30	0.500000	0													0				0
0066DD2C	Clothes_Jumpsuit_NWOT	Nuka-Cade Jumpsuit	0	15	0.100000	0													0				0
0066F1A6	ATX_ARMO_Outfit_WastelandWerewolf	Wasteland Werewolf Outfit	0	0	0.100000	0													0				0
0066F1A7	ATX_ARMO_Headwear_DeathclawMascot	Deathclaw Mascot Helmet	0	0	0.100000	0													0				0
0066F1A8	ATX_ARMO_Outfit_FortuneTeller	Fortune Teller Outfit	0	0	0.100000	0													0				0
0066F1A9	ATX_ARMO_Headwear_WastelandWerewolf	Wasteland Werewolf Mask	0	0	0.100000	0													0				0
0066F1AA	ATX_ARMO_Headwear_FortuneTeller	Fortune Teller Headwear	0	0	0.100000	0													0				0
0066F1AB	ATX_ARMO_Outfit_EscapedPatient	Escaped Patient Outfit	0	0	0.100000	0													0				0
0066F1AC	ATX_Anniversary_ARMO_Outfit_WastelandWanderer	Wasteland Wanderer Outfit	0	0	0.100000	0													0				0
0066F1AD	ATX_Anniversary_ARMO_Headwear_WastelandWanderer	Wasteland Wanderer Headwear	0	0	0.100000	0													0				0
0066F1AE	ATX_Anniversary_ARMO_Headwear_WastelandWanderer2	Wasteland Wanderer Headwear with Cap	0	0	0.100000	0													0				0
00674995	Headwear_STWTopHat	Cappy Hat	0	0	0.100000	0													0				0
00677365	ATX_ARMO_Headwear_EscapedPatient	Escaped Patient Mask	0	0	0.100000	0													0				0
00677B1F	SCORE_S12_ARMO_Headwear_WhirlyBirdHat	Whirly Bird Hat Headwear	0	0	0.100000	0													0				0
00677B20	SCORE_S11_ARMO_Outfit_SodaJerkUniform	Soda Jerk Uniform Outfit	0	0	0.100000	0													0				0
00677B21	SCORE_S11_ARMO_Outfit_SodaJerkDress	Soda Jerk Dress Outfit	0	0	0.100000	0													0				0
00677B22	SCORE_S11_ARMO_Headwear_SodaJerkCap	Soda Jerk Cap Headwear	0	0	0.100000	0													0				0
00677B23	SCORE_S11_ARMO_Headwear_SodaJerkHat	Soda Jerk Hat Headwear	0	0	0.100000	0													0				0
00677B24	ATX_Headwear_TheMechanicMask_GreaseGoblin	Grease Goblin Mask	0	0	0.100000	0													0				0
00677B25	ATX_Outfit_TheMechanicOutfit_GreaseGoblin	Grease Goblin Outfit	0	0	0.100000	0													0				0
00677B26	SCORE_S11_ARMO_Outfit_PipeIsLifeT-shirtJeans	Pipe Is Life T-shirt & Jeans Outfit	0	0	0.100000	0													0				0
00678767	SCORE_S11_Armor_Casual_Underarmor_SecretService_Uniform_NukaTwist	Nuka-Twist Secret Service Underarmor	0	30	0.500000	0													0				0
0067B55F	Headwear_NukaCowboyHat	Nuka-World Cowboy Hat	0	15	0.100000	0													0				0
0067B5D0	Clothes_LeoPetrovOutfit_NotPlayable		0	0	99.900002	0													0				0
0067E710	ATX_ARMO_Headwear_Lookout	Lookout Hood	0	0	0.100000	0													0				0
0067E711	ATX_ARMO_Outfit_Lookout	Lookout Outfit	0	0	0.100000	0													0				0
0067FA46	SCORE_S11_ARMO_Outfit_NukaCowboyChaps	Nuka-World Cowboy Chaps	0	0	0.100000	0													0				0
00680293	SCORE_S11_ARMO_Headwear_CappyHat	Cappy Hat	0	0	0.100000	0													0				0
006820A4	SkinMechTest		0	0	0.000000	0													0				0
00683139	ATX_Headwear_Fasnacht_Mask_PlayingCard_Jack	Fasnacht Jack Mask	0	0	0.100000	0													0				0
0068313A	ATX_Headwear_Fasnacht_Mask_PlayingCard_Queen	Fasnacht Queen Mask	0	0	0.100000	0													0				0
0068313B	ATX_Headwear_Fasnacht_Mask_PlayingCard_King	Fasnacht King Mask	0	0	0.100000	0													0				0
00684EC5	SCORE_S12_ARMO_Headwear_CoonskinCap	CoonskinCap Headwear	0	0	0.100000	0													0				0
00684EC6	SCORE_S12_ARMO_Headwear_PithHelmet	Pith Helmet	0	0	0.100000	0													0				0
00684EC7	SCORE_S12_ARMO_Outfit_PrestineDaringOutfit	PrestineDaringOutfit Outfit	0	0	0.100000	0													0				0
00684EC8	SCORE_S12_ARMO_Outfit_RippedDaringOutfit	RippedDaringOutfit Outfit	0	0	0.100000	0													0				0
00684EE1	SCORE_S12_ARMO_Underarmor_DaringAdventure	Daring Adventure Underarmor	0	30	0.500000	0													0				0
00685974	Headwear_Resident6Hood	Wasteland Rags Hood	0	6	0.100000	0													0				0
00686798	MOON_DO_Workshop_Headwear_UmbrellaHat	Umbrella Hat	0	15	0.100000	0													0				0
00687397	ATX_ARMO_Outfit_DriveInDolly	Drive-In Dolly Outfit	0	0	0.100000	0													0				0
00687398	ATX_ARMO_Outfit_RockaBilly	Rockabilly Outfit	0	0	0.100000	0													0				0
00687399	zzz_ATX_ARMO_Headwear_DriveInDolly	Drive-In Dolly Headband	0	0	0.100000	0													0				0
0068739A	ATX_F1_ARMO_Outfit_Fasnachtler	Fasnachtler Outfit	0	0	0.100000	0													0				0
0068739B	ATX_F1_ARMO_Headwear_Mask_Fasnachtler	Fasnachtler Mask	0	0	0.100000	0													0				0
0068ADE7	MOON_DO_Workshop_Headwear_CowboyHat	Cowboy Hat	0	15	0.100000	0													0				0
0068ADE8	MOON_DO_Workshop_Clothes_CowboyChaps	Cowboy Chaps	0	30	0.100000	0													0				0
0068ADE9	MOON_DO_Workshop_Clothes_CowboyDuster	Cowboy Duster	0	30	0.100000	0													0				0
0068BCAB	MOON_General_Workshop_Headwear_BlueRidgeScoutHelmet	Blue Ridge Scout Helmet	0	15	0.100000	0													0				0
0068CC5F	ATX_ARMO_Outfit_TanTulipSuit	Tan Tulip Suit	0	0	0.100000	0													0				0
0068EB18	ATX_Armo_Outfit_RoseSuit	Rose Suit	0	0	0.100000	0													0				0
0068EC51	SkinOgua		0	0	0.000000	0													0				0
006916A5	SCORE_S12_ARMO_Headwear_Mask_SmileBandana	Smile Bandana Mask	0	0	0.100000	0													0				0
006916A6	SCORE_S12_ARMO_Outfit_PioneerScoutsSquirrelShorts	Pioneer Scouts Squirrel Uniform	0	0	0.100000	0													0				0
006916A7	SCORE_S12_ARMO_Outfit_HuntersPelts	Hunter's Pelts Outfit	0	0	0.100000	0													0				0
00691D58	ATX_Headwear_BlueRidgeTruckerHat	Blue Ridge Trucker Cap	0	0	0.100000	0													0				0
0069224D	MOON_Herd_Workshop_Headwear_MilkmanHat	Milkman Hat	0	15	0.100000	0													0				0
0069224E	MOON_Herd_Workshop_Clothes_Milkman	Milkman Outfit	0	15	0.100000	0													0				0
006923AC	MOON_Ambush_Workshop_Headwear_CryptidHunterBoonieHat	Cryptid Hunter Boonie Hat	0	15	0.100000	0													0				0
00692A27	MOON_General_Workshop_Clothes_Farmhand	Vera's Outfit	0	15	0.100000	0													0				0
00692A31	ATX_ARMO_Headwear_MothmanCultistWingClipper	Mothman Wing Clipper Headwear	0	0	0.100000	0													0				0
00692A32	ATX_ARMO_Outfit_MothmanCultistWingClipper	Mothman Wing Clipper Outfit	0	0	0.100000	0													0				0
00692A33	ATX_ARMO_Outfit_AlleyCatsBowlingTeam	Alley Cats Bowling Team Outfit	0	0	0.100000	0													0				0
006939CC	Clothes_ScarberryOutfit_NotPlayable		0	0	99.900002	0													0				0
006939CD	Headwear_CultistAdept_Helmet_NONPLAYABLE	Cultist Adept Helmet	0	10	0.100000	0													0				0
00695846	Skin_HeavyCryoTurret_StandingMounted		0	0	0.000000	0													0				0
00696878	Moon_Brahmin_Beret		0	0	0.000000	0													0				0
00696879	Moon_Brahmin_BaseballCap		0	0	0.000000	0													0				0
0069687A	Moon_Brahmin_Fedora		0	0	0.000000	0													0				0
0069687B	Moon_Brahmin_FezWitch		0	0	0.000000	0													0				0
0069687C	Moon_Brahmin_TinFoilChef		0	0	0.000000	0													0				0
0069CD4B	Moon_ATX_Armor_PowerArmor_ExcavatorRaider_ArmLeft_NONPLAYABLE	Bone Raider Left Arm Skull	0	75	11.000000	100													0	Durability_Armor_Power_Min	ConditionDamageScaleFactor_PowerArmor_Excavator	Durability_Armor_Power_Max	0
0069CD4C	Moon_ATX_Armor_PowerArmor_ExcavatorRaider_ArmRight_NONPLAYABLE	Bone Raider Right Arm Skull	0	75	11.000000	100													0	Durability_Armor_Power_Min	ConditionDamageScaleFactor_PowerArmor_Excavator	Durability_Armor_Power_Max	0
0069CD4D	Moon_ATX_Armor_PowerArmor_ExcavatorRaider_Helmet_NONPLAYABLE	Bone Raider Helmet Skull	0	60	10.000000	100													0	Durability_Armor_Power_Min	ConditionDamageScaleFactor_PowerArmor_Excavator	Durability_Armor_Power_Max	0
0069CD4E	Moon_ATX_Armor_PowerArmor_ExcavatorRaider_LegLeft_NONPLAYABLE	Bone Raider Left Leg Skull	0	100	12.000000	100													0	Durability_Armor_Power_Min	ConditionDamageScaleFactor_PowerArmor_Excavator	Durability_Armor_Power_Max	0
0069CD4F	Moon_ATX_Armor_PowerArmor_ExcavatorRaider_LegRight_NONPLAYABLE	Bone Raider Right Leg Skull	0	100	12.000000	100													0	Durability_Armor_Power_Min	ConditionDamageScaleFactor_PowerArmor_Excavator	Durability_Armor_Power_Max	0
0069CD50	Moon_ATX_Armor_PowerArmor_ExcavatorRaider_Torso_NONPLAYABLE	Bone Raider Torso Skull	0	140	15.000000	100													0	Durability_Armor_Power_Min	ConditionDamageScaleFactor_PowerArmor_Excavator	Durability_Armor_Power_Max	0
0069ED55	MOON_General_Workshop_Clothes_TruckerUniform	Trucker Uniform	0	15	0.100000	0													0				0
006A0645	SkinBlueDevil		0	0	0.000000	0													0				0
006A260B	SCORE_S13_Underarmor_Luchador	Luchador Underarmor	0	0	0.500000	0													0				0
006A260C	SCORE_S13_Headwear_Luchador	Luchador Mask	0	0	0.100000	0													0				0
006A260D	SCORE_S13_Headwear_CrystalGazer	Crystal-Gazer Hat	0	0	0.100000	0													0				0
006A260E	SCORE_S13_Clothes_CrystalGazer	Crystal-Gazer Outfit	0	0	0.100000	0													0				0
006A3C56	SCORE_S13_ARMO_Outfit_RubberMonster	Rubber Monster Outfit	0	10	0.100000	0													0				0
006A3C57	SCORE_S13_ARMO_Headwear_RubberMonster	Rubber Monster Headwear	0	10	0.100000	0													0				0
006A590B	Clothes_JoeyBelloOutfit_NotPlayable		0	0	99.900002	0													0				0
006A908C	ATX_ARMO_Underarmor_FreeStatesResistance	Free States Resistance Underarmor	0	0	0.500000	0													0				0
006B3A1B	XPD_OvergrownDroneSkin		0	0	0.000000	0													0				0
006B94BF	zzzSCORE_S13_Clothes_Outfit_BlueRidgeScout	Blue Ridge Scout Outfit	0	0	1.000000	0													0				0
006BC62E	MOON_Workshop_Clothes_BlueRidgeScoutOutfit	Blue Ridge Scout Outfit	0	15	0.100000	0													0				0
006BCA16	XPD_SkinOvergrownElder		0	0	0.000000	0													0				0
006BE8D3	Armor_BoS_Knight_Underarmor	Brotherhood Knight Suit	0	30	0.500000	0													0				0
006C1F24	SCORE_S14_ARMO_Outfit_CommunistSpaceSuit	Communist Space Suit	0	0	0.100000	0													0				0
006C1F25	SCORE_S14_ARMO_Headwear_CommunistSpaceSuit	Communist Space Suit Helmet	0	0	0.100000	0													0				0
006C3187	SCORE_S14_ARMO_Outfit_EnclaveCommanderLongcoat	Enclave Commander Longcoat Outfit	0	0	0.100000	0													0				0
006C3320	SkinOvergrownThorn		0	0	0.000000	0													0				0
006C5057	ATX_ARMO_Outfit_AntiquatedWeddingDress	Antiquated Wedding Dress Outfit	0	0	0.100000	0													0				0
006C5058	ATX_ARMO_Headwear_AntiquatedTiara	Antiquated Tiara	0	0	0.100000	0													0				0
006C5059	ATX_ARMO_Outfit_BBQPitBoss	BBQ Pit Boss Outfit	0	0	0.100000	0													0				0
006C505A	ATX_ARMO_Headwear_Mask_RubberPig	Rubber Pig Mask	0	0	0.100000	0													0				0
006C505B	ATX_ARMO_Headwear_BBQPitBoss	BBQ Pit Boss Headwear	0	0	0.100000	0													0				0
006C5D3F	XPD_SkinLesserDevil		0	0	0.000000	0													0				0
006C5D41	XPD_SkinJerseyDevil		0	0	0.000000	0													0				0
006C73F8	Storm_Clothes_VaultHazmatSuit	Vault 63 Hazmat Suit	0	85	2.000000	100													0	Durability_Armor_Leather_Min	ConditionDamageScaleFactor_Armor_Leather	Durability_Armor_Leather_Max	0
006C74C3	XPD_OvergrownElderArmor_Vine		0	15	8.000000	0													0				0
006C74C4	XPD_OvergrownElderArmor_Corpse		0	8	1.000000	0													0				0
006C74C5	XPD_OvergrownElderArmor_MeleeSpikes		0	10	5.000000	0													0				0
006C74C6	XPD_OvergrownElderArmor_Spikes		0	10	5.000000	0													0				0
006C74C7	XPD_OvergrownElderArmor_ArmL		0	0	4.000000	0													0				0
006C74C8	XPD_OvergrownElderArmor_Cordycep		0	0	4.000000	0													0				0
006C7506	XPD_SkinLesserDevil_Horns1		0	0	0.000000	0													0				0
006C7507	XPD_SkinLesserDevil_Horns2		0	0	0.000000	0													0				0
006C7508	XPD_SkinLesserDevil_Horns3		0	0	0.000000	0													0				0
006C8646	zzz_MOON_ScoutHat	Blue Ridge Scout Hat	0	15	0.100000	0													0				0
006CBFEB	ATX_Clothes_AmericanDaredevilSuit_NONPLAYABLE	Daredevil Suit	0	0	0.100000	0													0				0
006CBFEC	ATX_Clothes_BlueridgeTrader_NONPLAYABLE	Blue Ridge Trader Outfit	0	0	0.100000	0													0				0
006CBFED	ATX_Clothes_CaravanTrader_NONPLAYABLE	Caravan Trader Outfit	0	0	0.100000	0													0				0
006CBFEE	ATX_Clothes_DenimSuit_NONPLAYABLE	Denim Suit	0	0	0.100000	0													0				0
006CBFEF	ATX_Clothes_DoctorsScrubs_NONPLAYABLE	Medical Scrubs	0	0	0.100000	0													0				0
006CBFF0	ATX_Clothes_SheepsquatchMascotOutfit_Black_NONPLAYABLE	Baaaad News Billy Suit	0	0	0.100000	0													0				0
006CBFF1	ATX_Clothes_ShortSuit_Jaguar_NONPLAYABLE	Jaguar Short Suit	0	0	0.100000	0													0				0
006CBFF2	ATX_Clothes_SwimSuitOutfit_NONPLAYABLE	Swim Suit Outfit	0	10	0.100000	0													0				0
006CBFF3	ATX_Clothes_VaultTecScientist_NONPLAYABLE	Vault-Tec Lab Coat	0	0	0.100000	0													0				0
006CBFF4	ATX_Clothes_WavyWillard_Swimsuit_NONPLAYABLE	Wavy Willard's Swimsuit	0	10	0.100000	0													0				0
006CBFF5	ATX_Headwear_BlueridgeTrader_Hat_NONPLAYABLE	Blue Ridge Trader Hat	0	0	0.100000	0													0				0
006CBFF6	ATX_Headwear_CaravanTrader_Hat_NONPLAYABLE	Caravan Trader Hat	0	0	0.100000	0													0				0
006CBFF7	ATX_Headwear_DoctorsScrubsHat_NONPLAYABLE	Medical Scrubs Cap	0	0	0.100000	0													0				0
006CBFF8	ATX_Headwear_Fasnacht_Mask_02_Man_V2_NONPLAYABLE	Fasnacht Blue Man Mask	0	10	0.100000	0													0				0
006CBFF9	ATX_Headwear_Fasnacht_Mask_03_Man2_V2_NONPLAYABLE	Fasnacht Green Toothy Man Mask	0	10	0.100000	0													0				0
006CBFFA	ATX_Headwear_Fasnacht_Mask_05_Harlequin_V2_NONPLAYABLE	Fasnacht Blue Jester Mask	0	10	0.100000	0													0				0
006CBFFB	ATX_Headwear_Fasnacht_Mask_08_Merman_V2_NONPLAYABLE	Fasnacht Red Giant Mask	0	10	0.100000	0													0				0
006CBFFC	ATX_Headwear_Fasnacht_Mask_09_Owl_V2_NONPLAYABLE	Fasnacht Blue Owl Mask	0	10	0.100000	0													0				0
006CBFFD	ATX_Headwear_Fasnacht_Mask_10_Devil_V2_NONPLAYABLE	Fasnacht Red Goblin Mask	0	10	0.100000	0													0				0
006CBFFE	ATX_Headwear_Fasnacht_Mask_Buffoon_NONPLAYABLE	Fasnacht Blissful Buffoon Mask	0	0	0.100000	0													0				0
006CBFFF	ATX_Headwear_Fasnacht_Mask_CrazyGuy_Blue_NONPLAYABLE	Fasnacht Blue Crazy Guy Mask	0	10	0.100000	0													0				0
006CC000	ATX_Headwear_Fasnacht_Mask_CrazyGuy_Green_NONPLAYABLE	Fasnacht Green Crazy Guy Mask	0	10	0.100000	0													0				0
006CC001	ATX_Headwear_Fasnacht_Mask_Demon_v2_NONPLAYABLE	Fasnacht Blue Demon Mask	0	0	0.100000	0													0				0
006CC002	ATX_Headwear_Fasnacht_Mask_Raven_Red_NONPLAYABLE	Fasnacht Red Raven Mask	0	10	0.100000	0													0				0
006CC003	ATX_Headwear_Fasnacht_OldManSummer_NONPLAYABLE	Fasnacht Old Man Summer Mask	0	0	0.100000	0													0				0
006CC004	ATX_Headwear_MatchstickHat_NONPLAYABLE	Matchstick Hat	0	0	0.100000	0													0				0
006CC005	ATX_Headwear_MilitaryUtilityCap_Green_NONPLAYABLE	Green Military Utility Cap	0	0	0.100000	0													0				0
006CC006	ATX_Headwear_MilitaryUtilityCap_Tan_NONPLAYABLE	Tan Military Utility Cap	0	0	0.100000	0													0				0
006CC007	ATX_Headwear_SheepsquatchMascotHead_Black_NONPLAYABLE	Baaaad News Billy Head	0	0	0.100000	0													0				0
006CC008	ATX_Headwear_TallTopHat_NONPLAYABLE	Tall Top Hat	0	0	0.100000	0													0				0
006CC009	ATX_Headwear_Unstoppables_TheInspector_Tophat_NONPLAYABLE	The Inspector's Top Hat	0	0	0.100000	0													0				0
006CC00A	ATX_QC20_Clothes_SheepsquatchMascotOutfit_Demonic_NONPLAYABLE	Beelzebilly Suit	0	0	0.100000	0													0				0
006CC00B	ATX_QC20_Headwear_SheepsquatchMascotHead_Demonic_NONPLAYABLE	Beelzebilly Head	0	0	0.100000	0													0				0
006CC00C	Babylon_Clothes_GhillieSuit_Outfit_Survivors2020_NONPLAYABLE	Ghillie Suit	0	0	0.100000	0													0				0
006CC00D	Babylon_Clothes_HalloweenCostume02Glow_Skeleton_NONPLAYABLE	Glowing Skeleton Costume	0	0	0.100000	0													0				0
006CC00E	Babylon_Headwear_HalloweenCostume02Glow_Skeleton_NONPLAYABLE	Glowing Skeleton Hood	0	0	0.100000	0													0				0
006CC00F	Clothes_Arktos_Lab_Coat_NONPLAYABLE	Arktos Lab Coat	0	19	0.100000	0													0				0
006CC010	Clothes_AsylumWorkerUniformBlue_NONPLAYABLE	Asylum Worker Uniform Blue	0	50	0.100000	0													0				0
006CC011	Clothes_AsylumWorkerUniformBrown_NONPLAYABLE	Asylum Worker Uniform Brown	0	25	0.100000	0													0				0
006CC012	Clothes_AsylumWorkerUniformForest_NONPLAYABLE	Asylum Worker Uniform Forest	0	100	0.100000	0													0				0
006CC013	Clothes_AsylumWorkerUniformGreen_NONPLAYABLE	Asylum Worker Uniform Green	0	10	0.100000	0													0				0
006CC014	Clothes_AsylumWorkerUniformPink_NONPLAYABLE	Asylum Worker Uniform Pink	0	50	0.100000	0													0				0
006CC015	Clothes_AsylumWorkerUniformRed_NONPLAYABLE	Asylum Worker Uniform Red	0	300	0.100000	0													0				0
006CC016	Clothes_AsylumWorkerUniformWeathered_NONPLAYABLE	Asylum Worker Uniform Weathered	0	10	0.100000	0													0				0
006CC017	Clothes_AsylumWorkerUniformWhite_NONPLAYABLE	Asylum Worker Uniform White	0	15	0.100000	0													0				0
006CC018	Clothes_AsylumWorkerUniformWhiteDirty_NONPLAYABLE	Asylum Worker Uniform White Dirty	0	10	0.100000	0													0				0
006CC019	Clothes_AsylumWorkerUniformYellow_NONPLAYABLE	Asylum Worker Uniform Yellow	0	75	0.100000	0													0				0
006CC01A	Clothes_BOSScientistCoat_NONPLAYABLE	Brotherhood Lab Coat	0	19	0.100000	0													0				0
006CC01B	Clothes_CivilWarEraDress_NONPLAYABLE	Civil War Era Dress	0	75	0.100000	0													0				0
006CC01C	Clothes_ClownOutfit_NONPLAYABLE	Clown Outfit	0	10	0.100000	0													0				0
006CC01D	Clothes_CopUniform_NONPLAYABLE	Police Uniform	0	10	0.100000	0													0				0
006CC01E	Clothes_DLC03_OldLongfellow_Outfit_NONPLAYABLE	Hunter's Long Coat	0	400	0.100000	0													0				0
006CC01F	Clothes_HalloweenCostume_Pirate_NONPLAYABLE	Pirate Costume	0	100	0.100000	0													0				0
006CC020	Clothes_MoleCostume_Tattered_NONPLAYABLE	Tattered Mole Outfit	0	10	0.100000	0													0				0
006CC021	Clothes_NukaCowboyDuster_NONPLAYABLE	Nuka-World Cowboy Duster	0	30	0.100000	0													0				0
006CC022	Clothes_NurseUniform1_NONPLAYABLE	Nurse Uniform	0	10	0.100000	0													0				0
006CC023	Clothes_PantSuit_BlackJackolantern_NONPLAYABLE	Jack O'Lantern Pant Suit	0	100	0.100000	0													0				0
006CC024	Clothes_PantSuit_Jaguar_NONPLAYABLE	Jaguar Pant Suit	0	0	0.100000	0													0				0
006CC025	Clothes_Scientist_VariantWasteland_NONPLAYABLE	Lab Coat	0	10	0.100000	0													0				0
006CC026	Clothes_SheepsquatchMascotOutfit_NONPLAYABLE	Sheepsquatch Mascot Outfit	0	125	0.100000	0													0				0
006CC027	Clothes_ShortSuit_BlackJackolantern_NONPLAYABLE	Jack O'Lantern Short Suit	0	100	0.100000	0													0				0
006CC028	Clothes_SkiingRedAndGreenOutfit_NONPLAYABLE	Skiing Red And Green Outfit	0	10	0.100000	0													0				0
006CC029	Clothes_SuitDirty_Tan_NONPLAYABLE		0	0	99.900002	0													0				0
006CC02A	Clothes_Swimsuit_NONPLAYABLE	Swimsuit	0	10	0.100000	0													0				0
006CC02B	Clothes_Underarmor_Strongman_NONPLAYABLE	Strongman Outfit	0	10	0.100000	0													0				0
006CC02C	Headwear_AsylumWorkerHat_01_NONPLAYABLE	Asylum Worker Hat White	0	0	0.100000	0													0				0
006CC02D	Headwear_AsylumWorkerHat_02_NONPLAYABLE	Asylum Worker Hat Green	0	0	0.100000	0													0				0
006CC02E	Headwear_AsylumWorkerHat_03_NONPLAYABLE	Asylum Worker Hat Red	0	0	0.100000	0													0				0
006CC02F	Headwear_AsylumWorkerHat_04_NONPLAYABLE	Asylum Worker Hat Yellow	0	0	0.100000	0													0				0
006CC030	Headwear_AsylumWorkerHat_05_NONPLAYABLE	Asylum Worker Hat Forrest	0	0	0.100000	0													0				0
006CC031	Headwear_AsylumWorkerHat_06_NONPLAYABLE	Asylum Worker Hat Brown	0	0	0.100000	0													0				0
006CC032	Headwear_AsylumWorkerHat_07_NONPLAYABLE	Asylum Worker Hat Blue	0	0	0.100000	0													0				0
006CC033	Headwear_AsylumWorkerHat_08_NONPLAYABLE	Asylum Worker Hat Pink	0	0	0.100000	0													0				0
006CC034	Headwear_AsylumWorkerHat_09_NONPLAYABLE	Asylum Worker Hat White Dirty	0	0	0.100000	0													0				0
006CC035	Headwear_AsylumWorkerHatWeathered_NONPLAYABLE	Asylum Worker Hat Weathered	0	0	0.100000	0													0				0
006CC036	Headwear_CB02_Mask_NONPLAYABLE	Monster Mask	0	0	0.000000	0													0				0
006CC037	Headwear_DLC04_Western_Hat_02a_NONPLAYABLE	Black Cowboy Hat	0	15	0.100000	0													0				0
006CC038	Headwear_Fasnacht_Mask_CrazyGuy_NONPLAYABLE	Fasnacht Crazy Guy Mask	0	10	0.100000	0													0				0
006CC039	Headwear_Fasnacht_Mask_DeathSkull_NONPLAYABLE	Fasnacht Skull Mask	0	10	0.100000	0													0				0
006CC03A	Headwear_Fasnacht_Mask_Demon_NONPLAYABLE	Fasnacht Demon Mask	0	10	0.100000	0													0				0
006CC03B	Headwear_Fasnacht_Mask_Devil_NONPLAYABLE	Fasnacht Goblin Mask	0	10	0.100000	0													0				0
006CC03C	Headwear_Fasnacht_Mask_Fiend_NONPLAYABLE	Fasnacht Fiend Mask	0	10	0.100000	0													0				0
006CC03D	Headwear_Fasnacht_Mask_Hag_NONPLAYABLE	Fasnacht Hag Mask	0	10	0.100000	0													0				0
006CC03E	Headwear_Fasnacht_Mask_Harlequin_NONPLAYABLE	Fasnacht Jester Mask	0	10	0.100000	0													0				0
006CC03F	Headwear_Fasnacht_Mask_Jester_NONPLAYABLE	Fasnacht Buffoon Mask	0	10	0.100000	0													0				0
006CC040	Headwear_Fasnacht_Mask_Loon_NONPLAYABLE	Fasnacht Loon Mask	0	10	0.100000	0													0				0
006CC041	Headwear_Fasnacht_Mask_Merman_NONPLAYABLE	Fasnacht Giant Mask	0	10	0.100000	0													0				0
006CC042	Headwear_Fasnacht_Mask_Nap_NONPLAYABLE	Fasnacht Soldier Mask	0	10	0.100000	0													0				0
006CC043	Headwear_Fasnacht_Mask_OldManWinter_NONPLAYABLE	Fasnacht Winter Man Mask	0	10	0.100000	0													0				0
006CC044	Headwear_Fasnacht_Mask_Raven_NONPLAYABLE	Fasnacht Raven Mask	0	10	0.100000	0													0				0
006CC045	Headwear_Fasnacht_Mask_Sun_NONPLAYABLE	Fasnacht Sun Mask	0	10	0.100000	0													0				0
006CC046	Headwear_HalloweenCostume_Pirate_NONPLAYABLE	Pirate Costume Hat	0	100	0.100000	0													0				0
006CC047	Headwear_MeatWeek_ChefsHat2_NONPLAYABLE	Grillmaster's Hat	0	10	0.100000	0													0				0
006CC048	Headwear_MoleCostume_Tattered_NONPLAYABLE	Tattered Mole Head	0	5	0.100000	0													0				0
006CC049	Headwear_SheepsquatchMascotHead_NONPLAYABLE	Sheepsquatch Mascot Head	0	125	0.100000	0													0				0
006CC04A	MoM_Armor_MistressOfMysteryOutfit_NONPLAYABLE	Garb of Mysteries	0	50	1.000000	100													0	LCK_Condition_Armor_Default_Min	ConditionDamageScaleFactor_Armor_Leather	LCK_Condition_Armor_Default_Max	0
006CC04B	MoM_ClothesMistressOfMysteryOutfitCorpse_NONPLAYABLE	Tattered Dress	0	10	0.100000	0													0				0
006CC04C	MOON_DO_Workshop_Clothes_CowboyDuster_NONPLAYABLE	Cowboy Duster	0	30	0.100000	0													0				0
006CC04D	MTR04_Clothes_AmusementPark_Camden_MascotX_NONPLAYABLE	Soiled Mr. Fuzzy Mascot Suit	0	150	0.100000	0													0				0
006CC04E	MTR04_Clothes_AmusementPark_Camden_MascotXHead_NONPLAYABLE	Soiled Mr. Fuzzy Mascot Head	0	100	0.100000	0													0				0
006CCB13	MOON_Ambush_Workshop_Clothes_OguaHunterOutfit	Ogua Hunter Outfit	0	25	0.100000	0													0				0
006CCB14	MOON_Ambush_Workshop_Headwear_OguaHunterHood	Ogua Hunter Hood	0	15	0.100000	0													0				0
006CDE5D	ATX_Clothes_1950sCasualStylish_NONPLAYABLE	Roadtripper Blouse and Capris	0	0	0.100000	0													0				0
006CDE5E	ATX_Clothes_AlbinoFur_NONPLAYABLE	Albino Fur Outfit	0	0	0.100000	0													0				0
006CDE5F	ATX_Clothes_FlapperDress_NONPLAYABLE	Patterned Fringed Dress	0	0	0.100000	0													0				0
006CDE60	ATX_Clothes_HawaiianPantsOutfit_NONPLAYABLE	Hawaiian Pants Outfit	0	0	0.100000	0													0				0
006CDE61	ATX_Clothes_PantSuit_Plaid_NONPLAYABLE	Plaid Pant Suit	0	0	0.100000	0													0				0
006CDE62	ATX_Clothes_SequinDress_NONPLAYABLE	Sequin Dress	0	0	0.100000	0													0				0
006CDE63	ATX_Clothes_VintageCoat_NONPLAYABLE	Vintage Linen Coat	0	0	0.100000	0													0				0
006CDE66	Clothes_SlinkyDress_NONPLAYABLE	Red Dress	0	15	0.100000	0													0				0
006D1C2D	MOON_General_Workshop_Clothes_TruckerUniform_NONPLAYABLE	Trucker Uniform	0	14	0.100000	0													0				0
006D2FA8	ATX_ARMO_Outfit_FreeStatesResistance	Free States Resistance Outfit	0	0	0.100000	0													0				0
006D2FAD	ATX_ARMO_Outfit_MutantArmor	Super Mutant Gladiator Outfit	0	0	0.100000	0													0				0
006D2FAE	ATX_ARMO_Headwear_MutantArmor	Super Mutant Gladiator Helmet	0	0	0.100000	0													0				0
006D342B	ATX_ARMO_Headwear_FreeStatesResistance	Free States Resistance Helmet	0	0	0.100000	0													0				0
006D65AB	SkinStormBoss	Storm Goliath	0	0	0.000000	0													0				0
006DAF7E	SCORE_S14_Underarmor_AlaskanWinter	Alaskan Winter Underarmor	0	0	0.500000	0													0				0
006DAF7F	SCORE_S14_Headwear_AlaskanWinter	Alaskan Winter Helmet	0	0	0.100000	0													0				0
006DDDB2	ATX_Clothes_HawaiianPantsOutfit_NONPLAYABLE_Copy01	Hawaiian Pants Outfit	0	0	0.100000	0													0				0
006DE7D7	MOON_Herd_Workshop_Clothes_BlueDevilOutfit	Blue Devil Outfit	0	25	0.100000	0													0				0
006DE7D8	MOON_Herd_Workshop_Clothes_BlueDevilHood	Blue Devil Pelt Hood	0	15	0.100000	0													0				0
006DEBE3	XPD_OvergrownThornArmor_Cortyceps		0	0	0.000000	0													0				0
006DEBE4	XPD_OvergrownThornArmor_Pitcher		0	0	0.000000	0													0				0
006DEBE5	XPD_OvergrownThornArmor_Spikes		0	0	0.000000	0													0				0
006DEBE6	XPD_OvergrownThornArmor_Vines		0	0	0.000000	0													0				0
006DEBE7	XPD_OvergrownThornArmor_NoMods		0	0	0.000000	0													0				0
006DEBE8	ZZZ_OvergrownThornArmor_Torso		0	0	0.000000	0													0				0
006DED98	Headwear_XPD_AC_CivilianEscortHelmet_NONPLAYABLE	American Tank Helmet	0	0	0.100000	0													0				0
006DEFC3	ATX_Clothes_VintageCoat_NONPLAYABLE_Copy01	Vintage Linen Coat	0	0	0.100000	0													0				0
006E7348	Armor_XPD_AC_Muni_Underarmor	Civil Engineer Underarmor	0	30	0.500000	0													0				0
006E7349	XPD_AC_Clothes_MayorTim	Apocalyptic Farmer Outfit	0	65	0.100000	0													0				0
006E734A	XPD_AC_Headwear_MayorTim	Apocalyptic Farmer Headwear	0	65	0.100000	0													0				0
006E734B	XPD_AC_Clothes_Buttercup	Enforcer's Outfit	0	65	0.100000	0													0				0
006E734C	XPD_AC_Headwear_Buttercup	Enforcer's Cap	0	65	0.100000	0													0				0
006E734D	DEL_XPD_AC_Clothes_Muni	Muni Outfit	0	65	0.100000	0													0				0
006E734E	zzz_XPD_AC_Headwear_Muni	Muni Headwear	0	65	0.100000	0													0				0
006E8ADB	ATX_ARMO_Outfit_Nurse	Guinevere's Nurse Outfit	0	0	0.100000	0													0				0
006E8ADC	ATX_ARMO_Headwear_NurseHat	Guinevere's Nurse Hat	0	0	0.100000	0													0				0
006E8C12	ATX_ARMO_Outfit_CloseShave	Close Shave Outfit	0	0	0.100000	0													0				0
006E8C13	ATX_ARMO_Headwear_Mask_CloseShave	Close Shave Mask	0	0	0.100000	0													0				0
006EB2B5	ATX_TP_ARMO_Headwear_VTUGraduationCap	VTU Graduation Cap	0	0	0.100000	0													0				0
006EB324	ATX_ARMO_Outfit_StylishSkirtSuit	Stylish Skirt Suit Outfit	0	0	0.100000	0													0				0
006EE8FA	Storm_Clothes_CultistDisquse	Cultist Elder Clothes	0	65	0.100000	0													0				0
006EF76D	ATX_ARMO_Headwear_CardboardRobot	Cardboard Robot Helmet	0	0	0.100000	0													0				0
006EF76E	ATX_ARMO_Outfit_CardboardRobot	Cardboard Robot Costume	0	0	0.100000	0													0				0
006EF778	ATX_ARMO_Headwear_SkullRider	Skull Rider Helmet	0	0	0.100000	0													0				0
006EF779	ARMO_Headwear_SkullRider_Rad	Rad Skull Rider Helmet	0	30	0.100000	0													0				0
006EF77A	ATX_ARMO_Headwear_SkullRider_Flaming	Flaming Skull Rider Helmet	0	0	0.100000	0													0				0
006EFB81	ATX_ARMO_Outfit_FreedomForge	Freedom Forge Uniform	0	0	0.100000	0													0				0
006EFB82	ATX_ARMO_Headwear_FreedomForge	Freedom Forge Bandana	0	0	0.100000	0													0				0
006EFE57	ATX_ARMO_Outfit_SnowflakeSweater	Snowflake Sweater Outfit	0	0	0.100000	0													0				0
006EFE58	ATX_ARMO_Outfit_ReindeerSweater	Reindeer Sweater Outfit	0	0	0.100000	0													0				0
006EFE59	ATX_ARMO_Outfit_HolidayMothmanSweater	Holiday Mothman Sweater Outfit	0	0	0.100000	0													0				0
006EFFA7	ATX_ARMO_Outfit_Radioactive	Radioactive Outfit	0	0	0.100000	0													0				0
006EFFA8	ATX_ARMO_Headwear_Radioactive	Radioactive Headwear	0	0	0.100000	0													0				0
006F2366	ATX_Headwear_TinfoilSuit_NONPLAYABLE	Conspiracy Hat	0	0	0.100000	0													0				0
006F3DB2	Armor_XPD_AC_Muni_ArmLeft	Civil Engineer Armor Left Arm	0	75	1.280000	100													0	Durability_Armor_Muni_Min	ConditionDamageScaleFactor_Armor_Muni	Durability_Armor_Muni_Max	0
006F3DB3	Armor_XPD_AC_Muni_Torso	Civil Engineer Armor Chest Piece	0	125	2.600000	100													0	Durability_Armor_Muni_Min	ConditionDamageScaleFactor_Armor_Muni	Durability_Armor_Muni_Max	0
006F3DB4	Armor_XPD_AC_Muni_ArmRight	Civil Engineer Armor Right Arm	0	75	1.280000	100													0	Durability_Armor_Muni_Min	ConditionDamageScaleFactor_Armor_Muni	Durability_Armor_Muni_Max	0
006F3DB5	Armor_XPD_AC_Muni_LegLeft	Civil Engineer Armor Left Leg	0	120	1.280000	100													0	Durability_Armor_Muni_Min	ConditionDamageScaleFactor_Armor_Muni	Durability_Armor_Muni_Max	0
006F3DB6	Armor_XPD_AC_Muni_LegRight	Civil Engineer Armor Right Leg	0	120	1.280000	100													0	Durability_Armor_Muni_Min	ConditionDamageScaleFactor_Armor_Muni	Durability_Armor_Muni_Max	0
006F4586	ATX_ARMO_Outfit_HolidayMorningBathrobe	Holiday Morning Bathrobe Outfit	0	0	0.100000	0													0				0
006F4587	ATX_ARMO_Headwear_HolidayMorningCowboy	Holiday Morning Cowboy Hat	0	0	0.100000	0													0				0
006F45C1	ATX_Headwear_PintSizedSlasherMask_NONPLAYABLE	Pint-Sized Slasher Mask	0	0	0.100000	0													0				0
006F45C2	ATX_Clothes_PintSizedSlasher_NONPLAYABLE	Pint-Sized Slasher Costume	0	0	0.100000	0													0				0
006F45C3	ATX_Clothes_Psycho_NONPLAYABLE	Cuddles the Clown Outfit	0	0	0.100000	0													0				0
006F45C4	ATX_Clothes_WhiteBlackTux_NONPLAYABLE	Black and White Tuxedo	0	0	0.100000	0													0				0
006F4D4E	Headwear_Clothes_XPD_AC_Muni_Helmet	Civil Engineer Armor Helmet	0	100	0.100000	0													0				0
006F58D5	Headwear_Fasnacht_Mask_Pig	Fasnacht Pig Mask	0	10	0.100000	0													0				0
006F58D6	zzzATX_ARMO_Headwear_Mask_FasnachtBlueDevil	Fasnacht Blue Devil Mask	0	0	0.100000	0													0				0
006F58D7	ATX_ARMO_Headwear_Mask_FasnachtRobotHead	Fasnacht Robot Head Mask	0	0	0.100000	0													0				0
006F58D8	ATX_ARMO_Headwear_Mask_FasnachtOgua	Fasnacht Ogua Mask	0	0	0.100000	0													0				0
006F58D9	ATX_ARMO_Outfit_MotorUpMolly	Motor-Up Molly Outfit	0	0	0.100000	0													0				0
006F58DA	ATX_ARMO_Outfit_RailSplitter	Rail Splitter Outfit	0	0	0.100000	0													0				0
006F58DB	ATX_ARMO_Headwear_RailSplitter	Rail Splitter Hat	0	0	0.100000	0													0				0
006F64F7	ATX_ARMO_Outfit_BirthdaySuit	Birthday Suit	0	0	0.100000	0													0				0
006F64F8	ATX_ARMO_Outfit_BrahminPantSuit	Brahmin Pant Suit	0	0	0.100000	0													0				0
006F6598	ATX_ARMO_Headwear_BirthdayHat	Birthday Hat	0	0	0.100000	0													0				0
006F65A1	ZZZ_ATX_ARMO_Headwear_BirthdayHat	Birthday Hat	0	0	0.100000	0													0				0
006F7D84	ATX_Clothes_CommunistOutfit_Basic_TEST	Communist Spy Outfit	0	0	0.100000	0													0				0
006F7D85	Armor_Metal_Torso_RedViper_NONPLAYABLE	Metal Chest Piece	0	40	5.500000	100													0	Durability_Armor_Metal_Min	ConditionDamageScaleFactor_Armor_Metal	Durability_Armor_Metal_Max	0
006F7D86	Armor_Leather_Torso_RedViper_NONPLAYABLE	Leather Chest Piece	0	40	4.000000	100													0	Durability_Armor_Leather_Min	ConditionDamageScaleFactor_Armor_Leather	Durability_Armor_Leather_Max	0
006F7D87	ATX_Clothes_CommunistAdvanced_TEST	Communist Militant Outfit	0	0	0.100000	0													0				0
006F7E63	ATX_ARMO_Headwear_Mask_GhostSkullHood	Ghost Skull Hood Mask	0	0	0.100000	0													0				0
006F7E6B	ATX_ARMO_Outfit_GhostSkeletonCostume	Ghost Skeleton Costume	0	0	0.100000	0													0				0
006F7E70	ATX_ARMO_Outfit_BrahminShortSuit	Brahmin Short Suit	0	0	0.100000	0													0				0
006F7E88	ATX_Clothes_SugarBomber	Sugar Bombers Jacket and Jeans	0	0	0.100000	0													0				0
006F7E9D	SCORE_S15_ARMO_Outfit_DiamondDress	Diamond Dress Outfit	0	0	0.100000	0													0				0
006F7E9E	SCORE_S15_ARMO_Headwear_GangsterFedora	Red Gangster Fedora	0	0	0.100000	0													0				0
006F7E9F	SCORE_S15_ARMO_Outfit_GangsterPinstripeSuit	Red Gangster Suit	0	0	0.100000	0													0				0
006FB265	Armor_VaultSuit76_Underarmor_Clean_NONPLAYABLE	Vault 76 Jumpsuit	0	0	1.000000	0													0				0
006FB8AB	SkinLostNaked		0	0	0.000000	0													0				0
00709C25	NPE_Headwear_VaultBoyMaskNONPLAYABLE	Vault Boy Mascot Head	0	0	0.100000	0													0				0
00709C26	NPE_Headwear_VaultGirlMaskNONPLAYABLE	Vault Girl Mascot Head	0	0	0.100000	0													0				0
00709C27	NPE_Headwear_VaultGirl_RaiderNONPLAYABLE	Vault Girl Raider Head	0	0	0.100000	0													0				0
00709C28	NPE_Headwear_VaultBoy_RaiderNONPLAYABLE	Vault Boy Raider Head	0	0	0.100000	0													0				0
00726383	Headwear_GasMask_Gazelle	Gazelle Gas Mask	0	100	0.100000	0													0				0
00726384	Headwear_GasMask_Bear	Bear Gas Mask	0	100	0.100000	0													0				0
00726385	Headwear_GasMask_Rooster	Rooster Gas Mask	0	100	0.100000	0													0				0
00726386	Creature_Spooky_Headwear_GasMask_Bear	Bear Gas Mask	0	0	99.989998	0													0				0
00726387	Creature_Spooky_Headwear_GasMask_Rooster	Rooster Gas Mask	0	0	99.989998	0													0				0
00726388	Creature_Spooky_Headwear_GasMask_Gazelle	Gazelle Gas Mask	0	0	99.989998	0													0				0
00726810	Creature_Spooky_Outfit_RubberMonster	Rubber Monster Outfit	0	0	99.000000	0													0				0
00726811	Creature_Spooky_Headwear_RubberMonster	Rubber Monster Headwear	0	0	99.000000	0													0				0
00726812	Creature_Spooky_Outfit_Witch	Halloween Costume Witch	0	0	99.000000	0													0				0
00726813	Creature_Spooky_Headwear_Witch	Halloween Costume Witch Hat	0	0	99.000000	0													0				0
00726814	Creature_Spooky_Headwear_Executioner	Executioner Mask	0	0	99.000000	0													0				0
00726815	Creature_Spooky_Outfit_Executioner	Executioner Outfit	0	0	99.000000	0													0				0
00726816	Creature_Spooky_Headwear_Psycho	Cuddles the Clown Mask	0	0	99.000000	0													0				0
00726817	Creature_Spooky_Outfit_Psycho	Cuddles the Clown Outfit	0	0	99.000000	0													0				0
00727051	Clothes_LostHeavyArmour01_Storm	Vault 63 Riot Control Outfit	0	100	0.100000	0													0				0
00727052	Clothes_LostLightArmour01_Storm	Vault 63 Recon Outfit	0	100	0.100000	0													0				0
00727053	Clothes_LostMediumArmour01_Storm	Vault 63 Security Outfit	0	200	0.100000	0													0				0
00727054	Clothes_LostBurntVaultSuit	Vault 63 Burnt Jumpsuit	0	30	0.100000	0													0				0
00727055	CreatureClothes_FeralGhoulVaultSuitStorm		0	0	0.100000	0													0				0
00727D19	ATX_ARMO_Headwear_EscapedPatient_NONPLAYABLE	Escaped Patient Mask	0	0	0.100000	0													0				0
00727D1A	ATX_ARMO_Headwear_FortuneTeller_NONPLAYABLE	Fortune Teller Headwear	0	0	0.100000	0													0				0
00727D1B	ATX_ARMO_Outfit_EscapedPatient_NONPLAYABLE	Escaped Patient Outfit	0	0	0.100000	0													0				0
00727D1C	ATX_ARMO_Outfit_FortuneTeller_NONPLAYABLE	Fortune Teller Outfit	0	0	0.100000	0													0				0
00727D1D	ATX_Clothes_AmericanPatriotSuit_Tricentennial_NONPLAYABLE	Worn American Patriot Suit	0	0	0.100000	0													0				0
00727D1E	ATX_Clothes_FourthJulyParade_Pants_NONPLAYABLE	Fourth of July Parade Pants	0	0	0.100000	0													0				0
00727D1F	ATX_Clothes_Gala_Tuxedo_NONPLAYABLE	Gala Tuxedo	0	0	0.100000	0													0				0
00727D20	ATX_Clothes_GalaDress_NONPLAYABLE	Gala Dress	0	0	0.100000	0													0				0
00727D21	ATX_Clothes_RobberCostume_NONPLAYABLE	Wasteland Bandit Costume	0	0	0.100000	0													0				0
00727D22	ATX_Clothes_VaultBoy_Leprechaun_NONPLAYABLE	Vault Boy Leprechaun Outfit	0	0	0.100000	0													0				0
00727D23	ATX_Clothes_Western_04_Cowhide_NONPLAYABLE	Cowhide Western Outfit	0	0	0.100000	0													0				0
00727D24	ATX_Clothes_WhiteTux_NONPLAYABLE	White Tuxedo	0	0	0.100000	0													0				0
00727D25	ATX_Headwear_AmericanPatriotHat_Tricentennial_NONPLAYABLE	Worn American Patriot Hat	0	0	0.100000	0													0				0
00727D26	ATX_Headwear_DaredevilHelmet_NONPLAYABLE	Daredevil Helmet	0	0	0.100000	0													0				0
00727D27	ATX_Headwear_Gala_TuxedoHat_NONPLAYABLE	Gala Tuxedo Hat	0	0	0.100000	0													0				0
00727D28	ATX_Headwear_LeprechaunHat_NONPLAYABLE	Leprechaun Hat	0	0	0.100000	0													0				0
00727D29	ATX_Headwear_RobberHat_NONPLAYABLE	Wasteland Bandit Cap	0	0	0.100000	0													0				0
00727D2A	ATX_Headwear_RobberMask_NONPLAYABLE	Wasteland Bandit Mask	0	0	0.100000	0													0				0
00727D2B	ATX_Headwear_VaultBoyLeprechaun_NONPLAYABLE	Vault Boy Leprechaun Head	0	0	0.100000	0													0				0
00727D2D	MOON_DO_Workshop_Headwear_CowboyHat_NONPLAYABLE	Cowboy Hat	0	15	0.100000	0													0				0
00727D2E	SCORE_S15_ARMO_Outfit_DiamondDress_NONPLAYABLE	Diamond Dress Outfit	0	0	0.100000	0													0				0
0072817F	ARMO_Headwear_Executioner2	Executioner Mask	0	10	0.100000	0													0				0
007284E1	NPE_Clothes_PoodleSkirt_NONPLAYABLE	Poodle Skirt and Blouse	0	0	0.100000	0													0				0
007284E2	NPE_Clothes_Postman_NONPLAYABLE	Postman Uniform	0	0	0.100000	0													0				0
007284E3	NPE_ARMO_Outfit_ElansDress_NONPLAYABLE	Red Polka Dot Dress	0	0	0.100000	0													0				0
007284E4	NPE_Clothes_PreWarDress_Clean_NONPLAYABLE	Laundered Green Dress	0	0	0.100000	0													0				0
007284E5	NPE_Clothes_SummerShorts_NONPLAYABLE	Summer Shorts	0	0	0.100000	0													0				0
007284E6	NPE_Clothes_Underarmor_TrackSuitVTU_NONPLAYABLE	VTU Tracksuit Outfit	0	0	0.100000	0													0				0
0072A030	NPE_Clothes_PrewarShortSleeves_Clean_NONPLAYABLE	Laundered Loungewear	0	0	0.100000	0													0				0
0072A031	NPE_Clothes_PrewarShortSleevesAndSlacks_RedAndKhaki_NONPLAYABLE	Red And Khaki Shirt and Slacks	0	0	0.100000	0													0				0
0072A032	NPE_Clothes_PrewarShortSleevesAndSlacks_BlueAndTan_NONPLAYABLE	Blue and Tan Shirt and Slacks	0	0	0.100000	0													0				0
0072A033	NPE_Clothes_SuitClean_Black_NONPLAYABLE	Clean Black Suit	0	0	0.100000	0													0				0
0072A099	Headwear_LostHeavyArmourHelmet01_Storm	Vault 63 Riot Control Helmet	0	100	0.100000	0													0				0
0072A09A	Headwear_LostMediumArmourHelmet01_Storm	Vault 63 Security Helmet	0	70	0.100000	0													0				0
0072A09B	Headwear_LostLightArmourHelmet01_Storm	Vault 63 Recon Helmet	0	30	0.100000	0													0				0
0072A09C	Clothes_LostBurntLabcoat01	Burnt Vault Lab Coat	0	30	0.100000	0													0				0
0072AA71	zzz_Storm_LostHeadMirror	Head Mirror	0	0	0.100000	0													0				0
0072CAFF	ATX_Headwear_BlueRidgeTruckerHat_NONPLAYABLE	Blue Ridge Trucker Cap	0	0	0.100000	0													0				0
0072DB24	ATX_Headwear_Fasnacht_Mask_ScorchBeast	Fasnacht Scorchbeast Mask	0	10	0.100000	0													0				0
0072DB25	ATX_Headwear_Fasnacht_Mask_ScorchBeastQueen	Fasnacht Scorchbeast Queen Mask	0	10	0.100000	0													0				0
0072DB26	ATX_Headwear_Fasnacht_Mask_Giant	Fasnacht Giant Mask	0	10	0.100000	0													0				0
0072DB27	ATX_Headwear_Fasnacht_Mask_HoneyBee	Fasnacht Honey Bee Mask	0	10	0.100000	0													0				0
0072E369	Headwear_Fasnacht_Mask_ScorchBeast	Fasnacht Scorchbeast Mask	0	10	0.100000	0													0				0
0072E36A	Headwear_Fasnacht_Mask_HoneyBee	Fasnacht Honey Bee Mask	0	10	0.100000	0													0				0
0072E36B	Headwear_Fasnacht_Mask_BlueDevil	Fasnacht Blue Devil Mask	0	10	0.100000	0													0				0
0072E36C	Headwear_Fasnacht_Mask_ScorchBeastQueen	Fasnacht Scorchbeast Queen Mask	0	10	0.100000	0													0				0
0072EA9E	SkinRadPheasant		0	0	0.000000	0													0				0
0073189F	Headwear_Fasnacht_Mask_BlueDevil_Glow	Fasnacht Glowing Blue Devil Mask	0	10	0.100000	0													0				0
007318A0	Headwear_Fasnacht_Mask_HoneyBee_Glow	Fasnacht Glowing Honey Bee Mask	0	10	0.100000	0													0				0
007318A1	Headwear_Fasnacht_Mask_ScorchBeast_Glow	Fasnacht Glowing Scorchbeast Mask	0	10	0.100000	0													0				0
007318A2	Headwear_Fasnacht_Mask_ScorchBeastQueen_Glow	Fasnacht Glowing Scorchbeast Queen Mask	0	10	0.100000	0													0				0
0073294D	ATX_Armor_VaultSuit33_Underarmor_Clean	Vault 33 Jumpsuit	0	0	0.500000	0													0				0
00732E3A	XPD_AC02_Clothes_BatsuuriTwins_Outfit_NONPLAYABLE	Seasoned Survivor Outfit	0	0	0.100000	0													0				0
00732E3B	XPD_AC02_Clothes_MotherCharlotte_Dress_NONPLAYABLE	Sequin Dress	0	0	0.100000	0													0				0
00732E3C	XPD_AC02_Clothes_Veracio_Duster_NONPLAYABLE	Veracio Duster	0	30	0.100000	0													0				0
00732E54	Armor_PowerArmor_STORM_Torso	Storm Armor Chest Piece	0	180	17.000000	100													0	Durability_Armor_Power_Min	ConditionDamageScaleFactor_PowerArmor_T51	Durability_Armor_Power_Max	0
00732E55	Armor_PowerArmor_STORM_Helmet	Storm Armor Helm	0	80	11.000000	100													0	Durability_Armor_Power_Min	ConditionDamageScaleFactor_PowerArmor_T51	Durability_Armor_Power_Max	0
00732E56	Armor_PowerArmor_STORM_LegLeft	Storm Armor Left Leg	0	130	14.000000	100													0	Durability_Armor_Power_Min	ConditionDamageScaleFactor_PowerArmor_T51	Durability_Armor_Power_Max	0
00732E57	Armor_PowerArmor_STORM_ArmLeft	Storm Armor Left Arm	0	130	12.000000	100													0	Durability_Armor_Power_Min	ConditionDamageScaleFactor_PowerArmor_T51	Durability_Armor_Power_Max	0
00732E58	Armor_PowerArmor_STORM_LegRight	Storm Armor Right Leg	0	130	14.000000	100													0	Durability_Armor_Power_Min	ConditionDamageScaleFactor_PowerArmor_T51	Durability_Armor_Power_Max	0
00732E59	Armor_PowerArmor_STORM_ArmRight	Storm Armor Right Arm	0	130	12.000000	100													0	Durability_Armor_Power_Min	ConditionDamageScaleFactor_PowerArmor_T51	Durability_Armor_Power_Max	0
007330F2	XPD_AC01_BillyBeltbuckles_Clothes	Buckled Up	0	0	0.100000	0													0				0
0073989A	XPD_AC_Clothes_Veracio_Duster	Snake Wrangler Outfit	0	30	0.100000	0													0				0
0073989B	XPD_AC_Clothes_Veracio_Hat	Snake Wrangler Hat	0	30	0.100000	0													0				0
0073989C	XPD_AC_Clothes_BatsuuriTwins_Outfit	Seasoned Survivor Outfit	0	30	0.100000	0													0				0
00739A1F	ATX_ARMO_Outfit_DriveInDolly_NONPLAYABLE	Drive-In Dolly Outfit	0	0	0.100000	0													0				0
0073A9A0	XPD_OvergrownThornArmor_DefaultEmptySlot		0	0	0.000000	0													0				0
0073D7B6	Storm_MQ06_Clothes_CultistAdept	Cultist's Garments	0	65	0.100000	0													0				0
0073DA65	ATX_ARMO_Outfit_Ringmaster	Ringmaster Outfit	0	0	0.100000	0													0				0
0073DA66	ATX_ARMO_Outfit_Duster_Ghoul	West Coast Duster Outfit	0	0	0.100000	0													0				0
0073DBED	ATX_ARMO_Headwear_PreWarCowboyHat	Pre-War Cowboy Hat Headwear	0	0	0.100000	0													0				0
0073E2F0	XPD_AC_Clothes_MotherCharlotte_Dress	Sunburst Sequin Dress	0	30	0.100000	0													0				0
0073ECC4	ATX_ARMO_Headwear_Mask_FasnachtOgua_Variant	Fasnacht Glowing Ogua Mask	0	0	0.100000	0													0				0
0073ECC5	ATX_ARMO_Headwear_Mask_FasnachtRobotHead_Variant	Fasnacht Glowing Robot Head Mask	0	0	0.100000	0													0				0
00744261	SCORE_S15_Valentines_Clothes_ReinhartJumpsuit	Reinhart's Jumpsuit	0	10	0.100000	0													0				0
00744262	SCORE_S15_Valentines_Headwear_HeartGlasses	Ruby's Heart Glasses	0	0	0.100000	0													0				0
00744917	XPD_OvergrownElderArmor_DefaultEmptySlot		0	0	0.000000	0													0				0
00744D01	MILE_Clothes_DeathClaw_Outfit	Deathclaw Skin Outfit	0	65	0.100000	0													0				0
00744D02	Storm_Clothes_CultistMonarch_Outfit	Cultist Monarch Outfit	0	65	0.100000	0													0				0
00744D03	Storm_Headwear_CultistMonarch_Mask	Cultist Monarch Mask	0	10	0.100000	0													0				0
00746BA6	Armor_PowerArmor_CivicDuty_ArmLeft_NONPLAYABLE	Civic Duty Left Arm	0	0	99.000000	0													0				0
00746BA7	Armor_PowerArmor_CivicDuty_ArmRight_NONPLAYABLE	Civic Duty Right Arm	0	0	99.000000	0													0				0
00746BA8	Armor_PowerArmor_CivicDuty_Helmet_NONPLAYABLE	Civic Duty Helm	0	0	99.000000	0													0				0
00746BA9	Armor_PowerArmor_CivicDuty_LegLeft_NONPLAYABLE	Civic Duty Left Leg	0	0	99.000000	0													0				0
00746BAA	Armor_PowerArmor_CivicDuty_LegRight_NONPLAYABLE	Civic Duty Right Leg	0	0	99.000000	0													0				0
00746BAB	Armor_PowerArmor_CivicDuty_Torso_NONPLAYABLE	Civic Duty Chest Piece	0	0	99.000000	0													0				0
007478BA	Clothes_LostBurntLabcoat02_Alt	Burnt Vault Chemist Coat	0	30	0.100000	0													0				0
007484CB	ATX_Clothes_SuitClean_Blue_NONPLAYABLE	Clean Blue Suit	0	0	0.100000	0													0				0
0074873A	SkinRadTurkey	Rad Turkey	0	0	0.000000	0													0				0
00748A1F	ATX_ARMO_Headwear_Duster_Ghoul	West Coast Cowboy Hat	0	0	0.100000	0													0				0
00748E5F	XPD_OvergrownThornArmor_Moonflower		0	0	0.000000	0													0				0
0074E3CD	SCORE_S16_ARMO_Outfit_RipDaringCostume	Rip Daring Adventurer Outfit	0	0	0.100000	0													0				0
0075159C	Clothes_JusticeMartinez_NonPlayable	Justice Martinez Outfit	0	0	0.100000	0													0				0
007515A9	SCORE_S16_ARMO_Outfit_TropicalCryptidPrintOutfit	Tropical Cryptid Shirt Outfit	0	0	0.100000	0													0				0
007539F5	SkinRadPheasant02		0	0	0.000000	0													0				0
0075468B	SkinRadTurkeyGlowing	Glowing Rad Turkey	0	0	0.000000	0													0				0
00755144	zzz_Armor_Tempest_ArmLeft	Tempest Armor Left Arm	0	60	2.750000	100													0	Durability_Armor_Combat_Min	ConditionDamageScaleFactor_Armor_Combat	Durability_Armor_Combat_Max	0
00755145	zzz_Armor_Tempest_LegLeft	Tempest Armor Left Leg	0	25	3.000000	100													0	Durability_Armor_Combat_Min	ConditionDamageScaleFactor_Armor_Combat	Durability_Armor_Combat_Max	0
00755146	zzz_Armor_Tempest_LegRight	Tempest Armor Right Leg	0	25	3.000000	100													0	Durability_Armor_Combat_Min	ConditionDamageScaleFactor_Armor_Combat	Durability_Armor_Combat_Max	0
00755147	zzz_Armor_Tempest_Torso	Tempest Armor Chest Piece	0	60	7.000000	100													0	Durability_Armor_Combat_Min	ConditionDamageScaleFactor_Armor_Combat	Durability_Armor_Combat_Max	0
00755148	zzz_Armor_Tempest_ArmRight	Tempest Armor Right Arm	0	60	2.750000	100													0	Durability_Armor_Combat_Min	ConditionDamageScaleFactor_Armor_Combat	Durability_Armor_Combat_Max	0
00755149	zzz_Headwear_Clothes_Tempest	Arctic Marine Armor Helmet	0	100	0.100000	0													0				0
00755EA6	Headwear_CultistEventide_Hood	Cultist Eventide Hood	0	10	0.100000	0													0				0
00755EA7	Clothes_CultistEventide_Robe	Cultist Eventide Robe	0	65	0.100000	0													0				0
00759C54	SCORE_S17_ARMO_Outfit_RadTurkey	Thrasher Outfit	0	10	0.100000	0													0				0
00759C55	SCORE_S17_ARMO_Headwear_RadTurkey_Mask	Thrasher Mask	0	10	0.100000	0													0				0
0075C3BD	ATX_ARMO_Headwear_Ringmaster	Ringmaster Hat	0	0	0.100000	0													0				0
0075C929	ATX_ARMO_Headwear_TrainEngineer	Train Engineer Hat	0	0	0.100000	0													0				0
0075C97C	ATX_ARMO_Outfit_AntiquatedGroom	Antiquated Groom Outfit	0	0	0.100000	0													0				0
0075FC02	Invaders_Armor_HazmatSuit_Teal	Hazmat Suit - Teal	0	85	2.000000	100													0	Durability_Armor_Leather_Min	ConditionDamageScaleFactor_Armor_Leather	Durability_Armor_Leather_Max	0
007605C0	XPD_AC_Clothes_EvelynRusso_Dress	Socialite Outfit	0	30	0.100000	0													0				0
007605C1	XPD_AC_Clothes_EvelynRusso_Dress_NONPLAYABLE	Socialite Outfit	0	30	0.100000	0													0				0
007605C2	XPD_AC_Clothes_MuniWorker_Drudge_Outfit	Muni Drudger Outfit	0	35	0.100000	0													0				0
007605C3	XPD_AC_Clothes_MuniWorker_Drudge_Outfit_NONPLAYABLE	Muni Drudger Outfit	0	0	0.100000	0													0				0
007605C4	XPD_AC_Clothes_MuniWorker_Operator_Outfit	Muni Operator Outfit	0	35	0.100000	0													0				0
007605C5	XPD_AC_Clothes_MuniWorker_Operator_Outfit_NONPLAYABLE	Muni Operator Outfit	0	35	0.100000	0													0				0
007605C6	XPD_AC_Clothes_MuniWorker_Worker_Outfit	Muni Worker Outfit	0	35	0.100000	0													0				0
007605C7	XPD_AC_Clothes_MuniWorker_Worker_Outfit_NONPLAYABLE	Muni Worker Outfit	0	35	0.100000	0													0				0
007605C8	XPD_AC_Clothes_Zayde_Outfit	Spectacular Performer's Outfit	0	50	0.100000	0													0				0
007605C9	XPD_AC_Clothes_Zayde_Outfit_NONPLAYABLE	Spectacular Performer Outfit	0	50	0.100000	0													0				0
007605CA	XPD_AC_SQ03_Clothes_SaltwaterSam_Outfit	Saltwater Taffy Outfit	0	0	0.100000	0													0				0
007605CB	XPD_AC_SQ03_Clothes_SaltwaterSam_Outfit_NONPLAYABLE	Saltwater Taffy Outfit	0	0	0.100000	0													0				0
00769097	Clothes_CultistAdept_NONPLAYABLE	Cultist Adept Robe	0	65	0.100000	0													0				0
00769098	Clothes_CultistEventide_Robe_NONPLAYABLE	Cultist Eventide Robe	0	65	0.100000	0													0				0
00769099	Clothes_CultistNeophyte_Robe_NONPLAYABLE	Cultist Neophyte Robe	0	65	0.100000	0													0				0
00769B9A	SkinLostNaked_B		0	0	0.000000	0													0				0
00769B9B	SkinLostNaked_C		0	0	0.000000	0													0				0
00769D3A	MILE_SkinRaiderDog		0	0	0.000000	0													0				0
00769DA1	Headwear_Fasnacht_Mask_Pig_Glow	Fasnacht Glowing Pig Mask	0	10	0.100000	0													0				0
00769DEC	XPD_AC_Zayde_Torn_Outfit_NONPLAYABLE	Torn Spectacular Performer's outfit	0	0	0.100000	0													0				0
00769DEF	XPD_AC_Headwear_Zayde	Spectacular Performer's Headwear	0	10	0.100000	0													0				0
00769DF0	XPD_AC_Headwear_Zayde_NONPLAYABLE	Spectacular Performer's Hat	0	0	0.100000	0													0				0
0076A705	Armor_XPD_AC_Muni_ArmLeft_NONPLAYABLE	Civil Engineer Armor Left Arm	0	0	4.000000	100													0	Durability_Armor_Muni_Min	ConditionDamageScaleFactor_Armor_Muni	Durability_Armor_Muni_Max	0
0076A706	Armor_XPD_AC_Muni_ArmRight_NONPLAYABLE	Civil Engineer Armor Right Arm	0	0	4.000000	100													0	Durability_Armor_Muni_Min	ConditionDamageScaleFactor_Armor_Muni	Durability_Armor_Muni_Max	0
0076A707	Armor_XPD_AC_Muni_LegLeft_NONPLAYABLE	Civil Engineer Armor Left Leg	0	0	4.000000	100													0	Durability_Armor_Muni_Min	ConditionDamageScaleFactor_Armor_Muni	Durability_Armor_Muni_Max	0
0076A708	Armor_XPD_AC_Muni_LegRight_NONPLAYABLE	Civil Engineer Armor Right Leg	0	0	4.000000	100													0	Durability_Armor_Muni_Min	ConditionDamageScaleFactor_Armor_Muni	Durability_Armor_Muni_Max	0
0076A709	Armor_XPD_AC_Muni_Torso_NONPLAYABLE	Civil Engineer Armor Chest Piece	0	0	9.000000	100													0	Durability_Armor_Muni_Min	ConditionDamageScaleFactor_Armor_Muni	Durability_Armor_Muni_Max	0
0076A70A	Armor_XPD_AC_Muni_Underarmor_NONPLAYABLE	Civil Engineer Underarmor	0	0	1.000000	0													0				0
0076AB2F	Storm_Clothes_ShenandoahTshirtSlacks	Shenandoah T-Shirt and Jeans	0	14	0.100000	0													0				0
0076CCA5	Headwear_Fasnacht_Mask_Turkey	Fasnacht Turkey Mask	0	10	0.100000	0													0				0
0076CCA7	Headwear_Fasnacht_Mask_Robot_Glow	Fasnacht Glowing Robot Mask	0	10	0.100000	0													0				0
0076CCA8	Headwear_Fasnacht_Mask_Alien	Fasnacht Alien Mask	0	10	0.100000	0													0				0
0076CCA9	Headwear_Fasnacht_Mask_Alien_Glow	Fasnacht Glowing Alien Mask	0	10	0.100000	0													0				0
0076CCAB	Headwear_Fasnacht_Mask_Unicorn	Fasnacht Unicorn Mask	0	10	0.100000	0													0				0
0076CCAC	Headwear_Fasnacht_Mask_Minotaur_Glow	Fasnacht Glowing Minotaur Mask	0	10	0.100000	0													0				0
0076CCAD	Headwear_Fasnacht_Mask_Robot	Fasnacht Robot Mask	0	10	0.100000	0													0				0
0076CCAE	Headwear_Fasnacht_Mask_Turkey_Glow	Fasnacht Glowing Turkey Mask	0	10	0.100000	0													0				0
0076CCB0	Headwear_Fasnacht_Mask_Unicorn_Glow	Fasnacht Glowing Unicorn Mask	0	10	0.100000	0													0				0
0076CCB1	Headwear_Fasnacht_Mask_Minotaur	Fasnacht Minotaur Mask	0	10	0.100000	0													0				0
0076CE5A	SkinLostNaked_Hades		0	0	0.000000	0													0				0
0076CF28	SkinFeralGhoulLost		0	0	0.000000	0													0				0
0076CF29	SkinFeralGhoulHeadLost		0	0	0.000000	0													0				0
0076D18B	Clothes_LostHeavyArmourBurnt01_Storm	Burnt Vault 63 Riot Control Outfit	0	100	0.100000	0													0				0
0076D18C	Clothes_LostLightArmourBurnt01_Storm	Burnt Vault 63 Recon Outfit	0	100	0.100000	0													0				0
0076D18D	Clothes_LostMediumArmourBurnt01_Storm	Burnt Vault 63 Security Outfit	0	200	0.100000	0													0				0
0076D18E	Headwear_LostHeavyArmourHelmetBurnt01_Storm	Burnt Vault 63 Riot Control Helmet	0	100	0.100000	0													0				0
0076D18F	Headwear_LostLightArmourHelmetBurnt01_Storm	Burnt Vault 63 Recon Helmet	0	30	0.100000	0													0				0
0076D190	Headwear_LostMediumArmourHelmetBurnt01_Storm	Burnt Vault 63 Security Helmet	0	70	0.100000	0													0				0
0076D8C3	zzzSCORE_Seasons_David_Test6		0	0	0.100000	0													0				0
0076D8CD	SCORE_S17_Headwear_HockeyMask_Blood	Goon Mask	0	10	0.100000	0													0				0
0076D8CE	SCORE_S17_Headwear_HockeyMask_IceGang01	Icegang Mask	0	10	0.100000	0													0				0
0076D8CF	SCORE_S17_Headwear_HockeyMask_IceGang02	Icegang Mask	0	10	0.100000	0													0				0
0076D8D0	SCORE_S17_Headwear_HockeyMask_IceGang03	Icegang Mask	0	10	0.100000	0													0				0
0076DA7D	MN2_Workshop_Clothes_ScarecrowOutfit	Spooky Scarecrow Outfit	0	25	0.100000	0													0				0
0076DE1F	MILE_Workshop_Clothes_CryptidHunterOutfit	Hunter's Hanbok Outfit	0	25	0.100000	0													0				0
0076E93C	Headwear_BoneChillSkullMask	Bone Chill Skull Mask	0	50	0.100000	0													0				0
0076EF97	Headwear_HammeredSkullMask	Hammered Skull Mask	0	50	0.100000	0													0				0
0076EF98	Headwear_CrudeSkullMask	Crude Skull Mask	0	50	0.100000	0													0				0
0076F3E6	ARMO_Outfit_JitterbugJudy	Jitterbug Judy Outfit	0	10	0.100000	0													0				0
0076F46E	Temp_stub_ARMO_Outfit_Test	Test Outfit	0	0	0.100000	0													0				0
0076F46F	ATX_ARMO_Headwear_PlayerGhoul_Teaser	Ghoul Teaser Mask	0	0	0.100000	0													0				0
0076F4A1	SCORE_S17_Headwear_Clothes_LobsterTrapper_Helmet_Blue	Blue Lobster Trap Helmet	0	0	0.100000	0													0				0
007703C8	SCORE_S17_ARMO_Outfit_CampCounselor	Camp Counselor Outfit	0	0	0.100000	0													0				0
00770952	XPD_OvergrownElderArmor_Vine_DailyOps		0	15	8.000000	0													0				0
00770953	XPD_OvergrownElderArmor_Corpse_DailyOps		0	8	1.000000	0													0				0
00770954	XPD_OvergrownElderArmor_Spikes_DailyOps		0	10	5.000000	0													0				0
00770955	XPD_OvergrownElderArmor_ArmL_DailyOps		0	0	4.000000	0													0				0
00770956	XPD_OvergrownElderArmor_Cordycep_DailyOps		0	0	4.000000	0													0				0
007720C0	MILE_Workshop_Headwear_BritishRedcoatArmyHat	Redcoat Hat	0	15	0.100000	0													0				0
007720C1	MILE_Workshop_Armor_BritishRedcoatArmyOutfit	Redcoat Outfit	0	25	0.100000	0													0				0
007734EF	MILE_Workshop_Clothes_GulperOutfit	Gulper Skin Outfit	0	25	0.100000	0													0				0
007734F0	MILE_Workshop_Headwear_GulperHat	Gulper Skin Hood	0	15	0.100000	0													0				0
00773808	MILE_Workshop_Armor_LederhosenOutfit	Lederhosen Outfit	0	25	0.100000	0													0				0
00773E19	ATX_ARMO_Outfit_HeartlandHikerOutfit	Heartland Hiker Outfit	0	0	0.100000	0													0				0
00773E1A	ATX_ARMO_Headwear_HeartlandHikerHat	Heartland Hiker Hat	0	0	0.100000	0													0				0
0077456A	ATX_ARMO_Outfit_Sawtooth	Sawtooth Outfit	0	0	0.100000	0													0				0
0077456B	ATX_ARMO_Headwear_SawtoothMask	Sawtooth Mask	0	0	0.100000	0													0				0
0077468F	ATX_ARMO_Headwear_FasnachtVeggieManMask	Fasnacht Veggie Man Mask	0	0	0.100000	0													0				0
00777890	ATX_ARMO_Headwear_FasnachtRailSplitterMask	Fasnacht Rail Splitter Mask	0	0	0.100000	0													0				0
0077D81B	CAMPPets_Skin_Cat_Tabby01		0	0	0.000000	0													0				0
0077D81C	CAMPPets_Skin_Dog_GermanShepherd01		0	0	0.000000	0													0				0
0077ED4F	MN2_Workshop_Clothes_ScarecrowOutfit_Headpiece	Spooky Scarecrow Headpiece	0	15	0.100000	0													0				0
0077ED9A	zzzMILE_Workshop_Clothes_CryptidHunterOutfit_Headpiece	Cryptid Hunter Headpiece	0	15	0.100000	0													0				0
0077EE50	SkinRadTurkeyScorched	Rad Turkey Scorched	0	0	0.000000	0													0				0
0077EE51	SkinRadTurkeyToxic	Rad Turkey Toxic	0	0	0.000000	0													0				0
0077EE52	SkinRadTurkeyAlpha	Rad Turkey Alpha	0	0	0.000000	0													0				0
0077EE68	SCORE_S17_ARMO_Headwear_JokeArrow	Joke Arrow Headwear	0	0	0.100000	0													0				0
0078211D	ZZZ_Storm_Clothes_RadTurkey_Outfit	Thrasher Outfit	0	65	0.100000	0													0				0
00782121	Clothes_StormPatientGown	Patient Gown	0	15	0.100000	0													0				0
007858E4	MILE_Workshop_Clothes_LederhosenOutfit_Headpiece	Lederhosen Outfit Hat	0	15	0.100000	0													0				0
00787E1C	ATX_ARMO_Headwear_GrimReaperOutfit	Grim Reaper Mask	0	0	0.100000	0													0				0
00787E1D	ATX_ARMO_Outfit_GrimReaperOutfit	Grim Reaper Outfit	0	0	0.100000	0													0				0
00787E1E	ATX_ARMO_Outfit_RedHawaiianShirtandPants	Red Hawaiian Shirt and Shorts Outfit	0	0	0.100000	0													0				0
00787E59	RD01_Armor_Enclave_Underarmor_Uniform_03_NotPlayable		0	0	99.900002	0													0				0
00787E5A	RD01_Armor_Enclave_Underarmor_Uniform_03	Enclave Secret Operative Underarmor	0	200	0.500000	0													0				0
0078881C	SkinScorchTongueHead		0	0	0.000000	0													0				0
007889F3	SkinScorchTongueTail		0	0	0.000000	0													0				0
00788D09	RD01_Armor_PowerArmor_EnclaveVulcan_ArmLeft	Vulcan Left Arm	0	100	1.400000	100													0	Durability_Armor_Power_Min	RD01_ConditionDamageScaleFactor_PowerArmor_EnclaveVulcan	Durability_Armor_Power_Max	0
00788D0A	RD01_Armor_PowerArmor_EnclaveVulcan_ArmRight	Vulcan Right Arm	0	100	1.400000	100													0	Durability_Armor_Power_Min	RD01_ConditionDamageScaleFactor_PowerArmor_EnclaveVulcan	Durability_Armor_Power_Max	0
00788D0B	RD01_Armor_PowerArmor_EnclaveVulcan_Helmet	Vulcan Helmet	0	100	1.400000	100													0	Durability_Armor_Power_Min	RD01_ConditionDamageScaleFactor_PowerArmor_EnclaveVulcan	Durability_Armor_Power_Max	0
00788D0C	RD01_Armor_PowerArmor_EnclaveVulcan_LegLeft	Vulcan Left Leg	0	100	1.400000	100													0	Durability_Armor_Power_Min	RD01_ConditionDamageScaleFactor_PowerArmor_EnclaveVulcan	Durability_Armor_Power_Max	0
00788D0D	RD01_Armor_PowerArmor_EnclaveVulcan_LegRight	Vulcan Right Leg	0	100	1.400000	100													0	Durability_Armor_Power_Min	RD01_ConditionDamageScaleFactor_PowerArmor_EnclaveVulcan	Durability_Armor_Power_Max	0
00788D0E	RD01_Armor_PowerArmor_EnclaveVulcan_Torso	Vulcan Chest Piece	0	100	2.570000	100													0	Durability_Armor_Power_Min	RD01_ConditionDamageScaleFactor_PowerArmor_EnclaveVulcan	Durability_Armor_Power_Max	0
0078AC90	SCORE_S18_Headwear_BlueRidge_Hood_BoS	Blue Ridge Infantry Hood	0	25	0.100000	0													0				0
0078AC91	SCORE_S18_ARMO_Underarmor_BlueRidge_SecretService	Blue Ridge Secret Service Underarmor	0	30	0.500000	0													0				0
0078AC92	SCORE_S18_Armor_Underarmor_BlueRidge_BoS	Blue Ridge Infantry Uniform	0	30	0.500000	0													0				0
0078B4F6	ATX_Clothes_CAMPPets_Dog_Neckwear_CollarRedBow	Red Bow Collar (Dog)	0	0	0.100000	0													0				0
0078B4F7	ATX_Clothes_CAMPPets_Cat_Neckwear_CollarRedBow	Red Bow Collar (Cat)	0	0	0.100000	0													0				0
0078C7C0	DE2024_ScoutsUncharted_ARMO_Outfit_MallowT-shirtShorts	Marshal Mallow T-Shirt and Shorts	0	0	0.100000	0													0				0
0078DB3D	ATX_ARMO_Outfit_SlocumsSurvivor	Slocum's Survivor Outfit	0	0	0.100000	0													0				0
0078DB3E	ATX_ARMO_Headwear_SlocumsSurvivor	Slocum's Survivor Headwear	0	0	0.100000	0													0				0
00791C52	SCORE_S18_ARMO_Headwear_DesperadoHat	Desperado Cowboy Hat	0	0	0.100000	0													0				0
0079648C	Invaders_ARMO_Armor_HazmatSuit_Pink	Hazmat Suit - Pink	0	85	2.000000	100													0	Durability_Armor_Leather_Min	ConditionDamageScaleFactor_Armor_Leather	Durability_Armor_Leather_Max	0
0079663A	SCORE_S6_Headwear_TrustySidekick_Inspector_Mask_NONPLAYABLE	Inspector Sidekick Glasses	0	0	0.100000	0													0				0
00798130	zzz_SCORE_S19_Headwear_Enclave_Colonel_Hat	Enclave Colonel Hat	0	15	0.100000	0													0				0
00798131	zzz_SCORE_S19_Clothes_Enclave_Colonel	Enclave Colonel Uniform	0	50	0.100000	0													0				0
00798132	SCORE_S19_Headwear_Enclave_GoldenEnclaveOfficer_Hat	Golden Enclave Officer Hat	0	15	0.100000	0													0				0
00798133	SCORE_S19_Clothes_Enclave_GoldenEnclaveOfficer	Golden Enclave Officer Uniform	0	50	0.100000	0													0				0
00799388	SCORE_S19_Headwear_GoldenEnclave_Eyepatch	Enclave Eyepatch (Gold)	0	0	0.100000	0													0				0
00799389	SCORE_S19_Headwear_GoldenSkullMask	Golden Skull Mask	0	0	0.100000	0													0				0
0079956A	ATX_Clothes_CAMPPets_Dog_Helmet01	Dog Helmet	0	7	0.100000	0													0				0
0079956D	SCORE_S19_ARMO_Outfit_EnclaveFatigues	Enclave Military Fatigues	0	12	0.100000	0													0				0
00799767	MILE_BrahminPackLampLightArmor		0	0	0.000000	0													0				0
007999EC	ATX_ARMO_Glasses_SlocumsSurvivor	Slocum's Survivor Glasses	0	0	0.100000	0													0				0
00799A19	SCORE_S19_Clothes_EnclaveScientist	Enclave Lab Coat	0	0	0.100000	0													0				0
00799A9F	SCORE_S19_Clothes_EnclaveScientist_Bloody	Enclave Lab Coat (Bloody)	0	0	0.100000	0													0				0
00799C4A	SCORE_S19_Headwear_BandanaEnclave	Enclave Bandana	0	0	0.100000	0													0				0
00799C69	SCORE_S19_Headwear_EnclaveScientistGoggles	Enclave Scientist's Goggles	0	0	0.100000	0													0				0
00799E4D	MILE_Workshop_Clothes_NPC_CryptidHunterOutfit	NPC Cryptid Hunter Outfit	0	25	0.100000	0													0				0
00799F8B	ATX_ARMO_Headwear_CatEyeSunglasses	Cat Eye Sunglasses Headwear	0	0	0.100000	0													0				0
00799FD0	ATX_ARMO_Outfit_HolidayBelle	Holiday Belle Outfit	0	0	0.100000	0													0				0
00799FD1	ATX_ARMO_Headwear_DunceCap	Dunce Cap Headwear	0	0	0.100000	0													0				0
00799FD2	ATX_ARMO_Outfit_EnclaveTechnician	Enclave Technician Outfit	0	0	0.100000	0													0				0
0079A1B2	SCORE_S19_Headwear_EnclaveFatigues_Helmet	Enclave Military Fatigues Helmet	0	20	0.100000	0													0				0
0079AA7F	SSE_Magellan_Clothes_NONPLAYABLE	Ringmaster Outfit	0	0	0.100000	0													0				0
0079AA80	SSE_Magellan_Hat_NONPLAYABLE	Ringmaster Hat	0	0	0.100000	0													0				0
0079B4F1	Clothes_DLC04_Western_01_NONPLAYABLE	Western Outfit	0	0	0.100000	0													0				0
0079B4F2	Clothes_DLC04_Western_02_NONPLAYABLE	Western Outfit & Chaps	0	0	0.100000	0													0				0
0079B62C	SkinEyebotJES-2R		0	0	0.000000	0													0				0
0079B8AF	SkinScorchTongueBody		0	0	0.000000	0													0				0
0079BAEF	XPD_AC_Clothes_MayorTim_NONPLAYABLE	Apocalyptic Farmer Outfit	0	65	0.100000	0													0				0
0079CCD6	GHL_SkinGhoulNaked		0	0	0.000000	0													0				0
0079CD5D	DE2024_Halloween_ARMO_Clothes_JackOLanternDress	Jack O'Lantern Dress	0	75	0.100000	0													0				0
0079CD5E	DE2024_Halloween_ARMO_Clothes_JackOLanternDress_NONPLAYABLE	Jack O'Lantern Dress	0	75	0.100000	0													0				0
007A1987	Clothes_InsurgentOutfit_NONPLAYABLE	Insurgent Outfit	0	0	0.100000	0													0				0
007A1988	Headwear_Insurgent_NONPLAYABLE	Insurgent Hat	0	0	0.100000	0													0				0
007A1989	Clothes_TreasureHunterOutfit_NONPLAYABLE	Treasure Hunter Outfit	0	0	0.100000	0													0				0
007A19B3	SCORE_S19_CAMPPets_Skin_Dog_WhiteGermanShepherd01		0	0	0.000000	0													0				0
007A19C2	CAMPPets_Skin_Cat_BlackCat01		0	0	0.000000	0													0				0
007A27B9	ATX_Clothes_VaultTecBomberJacket_NONPLAYABLE	Vault-Tec Bomber Jacket	0	0	0.100000	0													0				0
007A29D7	zzzATX_Clothes_Cat_Pet_CollarBow	Cat CollarBow	0	7	0.100000	0													0				0
007A2BA0	zzzATX_Clothes_Dog_CollarBow	Dog CollarBow	0	7	0.100000	0													0				0
007A31E5	zzz_GHL_DisguiseMakeshiftRoninHelmet	[Disguise] Makeshift Ronin Helmet	0	0	0.100000	0													0				0
007A31E6	zzz_GHL_DisguiseClothes_SilverShroudCostume	[Disguise] Silver Shroud Costume	0	0	0.100000	0													0				0
007A6BE1	Creature_Spooky_Headwear_CardboardRobot	Cardboard Robot Helmet	0	0	0.100000	0													0				0
007A6BE2	Creature_Spooky_Headwear_MothmanMaskMetal	Metal Mothman Mask	0	0	0.100000	0													0				0
007A6BE3	Creature_Spooky_Outfit_CardboardRobot	Cardboard Robot Costume	0	0	0.100000	0													0				0
007A7B1D	ATX_ARMO_Headwear_GhoulBoyFasnacht	Fasnacht Ghoul Boy Mask	0	0	0.100000	0													0				0
007A7B1E	ATX_ARMO_Headwear_GhoulGirlFasnachtMask	Fasnacht Ghoul Girl Mask	0	0	0.100000	0													0				0
007A7D62	ATX_Clothes_NukaGirlOutfit_Quantum	Nuka-Girl Rocketsuit	0	0	0.100000	0													0				0
007A7D63	ATX_Clothes_NukaGirlOutfit_Twist	Nuka-Girl Rocketsuit	0	0	0.100000	0													0				0
007A7D64	ATX_Clothes_NukaGirlOutfit_Dark	Nuka-Girl Rocketsuit	0	0	0.100000	0													0				0
007A7D65	ATX_Clothes_NukaGirlHelmet_Dark	Nuka-Girl Helmet	0	0	0.100000	0													0				0
007A7D66	ATX_Clothes_NukaGirlHelmet_Twist	Nuka-Girl Helmet	0	0	0.100000	0													0				0
007A7D67	ATX_Clothes_NukaGirlHelmet_Quantum	Nuka-Girl Helmet	0	0	0.100000	0													0				0
007A83E9	Headwear_Fasnacht_Mask_VeggieMan_Glow	Fasnacht Glowing Veggie Man Mask	0	10	0.100000	0													0				0
007A83EA	Headwear_Fasnacht_Mask_Abe_Glow	Fasnacht Glowing Abe Mask	0	10	0.100000	0													0				0
007AAC06	SkinMoleMinerCultis		0	0	0.000000	0													0				0
007AAD13	crRD01_Armor_PowerArmor_EnclaveVulcan_ENC04Assassin_ArmLeft_NONPLAYABLE	Assassin Vulcan Left Arm	0	100	12.000000	100													0	Durability_Armor_Power_Min	ConditionDamageScaleFactor_PowerArmor_X01	Durability_Armor_Power_Max	0
007AAD14	crRD01_Armor_PowerArmor_EnclaveVulcan_ENC04Assassin_ArmRight_NONPLAYABLE	Assassin Vulcan Right Arm	0	100	12.000000	100													0	Durability_Armor_Power_Min	ConditionDamageScaleFactor_PowerArmor_X01	Durability_Armor_Power_Max	0
007AAD15	crRD01_Armor_PowerArmor_EnclaveVulcan_ENC04Assassin_Helmet_NONPLAYABLE	Assassin Vulcan Helmet	0	100	11.000000	100													0	Durability_Armor_Power_Min	ConditionDamageScaleFactor_PowerArmor_X01	Durability_Armor_Power_Max	0
007AAD16	crRD01_Armor_PowerArmor_EnclaveVulcan_ENC04Assassin_LegLeft_NONPLAYABLE	Assassin Vulcan Left Leg	0	100	14.000000	100													0	Durability_Armor_Power_Min	ConditionDamageScaleFactor_PowerArmor_X01	Durability_Armor_Power_Max	0
007AAD17	crRD01_Armor_PowerArmor_EnclaveVulcan_ENC04Assassin_LegRight_NONPLAYABLE	Assassin Vulcan Right Leg	0	100	14.000000	100													0	Durability_Armor_Power_Min	ConditionDamageScaleFactor_PowerArmor_X01	Durability_Armor_Power_Max	0
007AAD18	crRD01_Armor_PowerArmor_EnclaveVulcan_ENC04Assassin_Torso_NONPLAYABLE	Assassin Vulcan Chest Piece	0	100	17.000000	100													0	Durability_Armor_Power_Min	ConditionDamageScaleFactor_PowerArmor_X01	Durability_Armor_Power_Max	0
007AC0F6	Clothes_CleanWastelandDress_NONPLAYABLE	Clean Ratty Skirt	0	11	0.100000	0													0				0
007AC159	Headwear_Fasnacht_Mask_Bigfoot	Fasnacht Bigfoot Mask	0	10	0.100000	0													0				0
007AC15A	Headwear_Fasnacht_Mask_Bigfoot_Glow	Fasnacht Glowing Bigfoot Mask	0	10	0.100000	0													0				0
007AC15E	Headwear_Fasnacht_Mask_Jackalope	Fasnacht Jackalope Mask	0	10	0.100000	0													0				0
007AC15F	Headwear_Fasnacht_Mask_Jackalope_Glow	Fasnacht Glowing Jackalope Mask	0	10	0.100000	0													0				0
007AC161	GHL00_Clothes_TheGhoulQuack_NONPLAYABLE	Radiation Quack Outfit	0	0	0.100000	0													0				0
007AC28D	ATX_Clothes_GhoulBomberJacket_NONPLAYABLE	Ghoul Bomber Jacket	0	0	0.100000	0													0				0
007AC56E	Fishing_Clothes_Fisherman_NotPlayable	Longshoreman Outfit	0	80	0.100000	0													0				0
007AC56F	SkinNakedFisherman		0	0	0.000000	0													0				0
007ACE88	SSE_ARMO_Headwear_FlowerCrown_CarnalWeeper	Flower Crown - Carnal Weeper	0	25	0.100000	0													0				0
007ACE89	SSE_ARMO_Headwear_FlowerCrown_Radlily	Flower Crown - Radlily	0	25	0.100000	0													0				0
007ACE8A	SSE_ARMO_Headwear_FlowerCrown_Crystalcup	Flower Crown - Crystalcup	0	25	0.100000	0													0				0
007ACE8B	SSE_ARMO_Headwear_FlowerCrown_Embergold	Flower Crown - Embergold	0	50	0.100000	0													0				0
007ACE8C	SSE_ARMO_Headwear_FlowerCrown_Starlace	Flower Crown - Starlace	0	50	0.100000	0													0				0
007ACE8D	SSE_ARMO_Headwear_FlowerCrown_GreenInvader	Flower Crown - Green Invader	0	50	0.100000	0													0				0
007ACE8E	SSE_ARMO_Headwear_FlowerCrown_Glorybell	Flower Crown - Glorybell	0	100	0.100000	0													0				0
007ACE8F	SSE_ARMO_Headwear_FlowerCrown_Seesprout	Flower Crown - Seesprout	0	100	0.100000	0													0				0
007ACE90	SSE_ARMO_Headwear_FlowerCrown_Candykill	Flower Crown - Candykill	0	125	0.100000	0													0				0
007ACE91	SSE_ARMO_Headwear_FlowerCrown_Gigablossom	Flower Crown - Gigablossom	0	325	0.100000	0													0				0
007ACE92	SSE_ARMO_Headwear_WastelandFloristSunhat	Wasteland Florist Sunhat	0	10	0.100000	0													0				0
007AD3D3	ATX_ARMO_Headwear_EnclaveTechnician	Enclave Technician Headwear	0	0	0.100000	0													0				0
007AD412	SCORE_S20_Clothes_VaultTecYellow_HazmatSuit	Yellow Vault-Tec Hazmat Suit	0	0	2.000000	100													0	Durability_Armor_Leather_Min	ConditionDamageScaleFactor_Armor_Leather	Durability_Armor_Leather_Max	0
007AD444	SCORE_S20_Headwear_NoseyGlasses	Nosey Glasses	0	0	0.100000	0													0				0
007AD452	SSE_Clothes_PantSuit_FlowerSuit	Flower Suit	0	100	0.100000	0													0				0
007AD453	SSE_Clothes_FlowerPrintedSundress	Flower-Printed Sundress	0	100	0.100000	0													0				0
007AD4B1	SSE_Clothes_WastelandFloristApron	Wasteland Florist Apron	0	10	0.100000	0													0				0
007AD4B6	SCORE_S20_Headwear_GlowingGhoulMask	Glowing Ghoul Mask	0	0	0.100000	0													0				0
007ADC7E	DE2024_ScienceOfLove_ARMO_Headwear_DoctorHeadMirror	Doctor Head Mirror	0	0	0.100000	0													0				0
007AE51E	ATX_CAMPPets_Skin_Cat_Sphynx01		0	0	0.000000	0													0				0
007AED91	crRD01_Armor_PowerArmor_EnclaveVulcan_ENC04Brute_ArmLeft_NONPLAYABLE	Bloodhound Vulcan Left Arm	0	100	12.000000	100													0	Durability_Armor_Power_Min	ConditionDamageScaleFactor_PowerArmor_X01	Durability_Armor_Power_Max	0
007AED92	crRD01_Armor_PowerArmor_EnclaveVulcan_ENC04Brute_ArmRight_NONPLAYABLE	Bloodhound Vulcan Right Arm	0	100	12.000000	100													0	Durability_Armor_Power_Min	ConditionDamageScaleFactor_PowerArmor_X01	Durability_Armor_Power_Max	0
007AED93	crRD01_Armor_PowerArmor_EnclaveVulcan_ENC04Brute_Helmet_NONPLAYABLE	Bloodhound Vulcan Helmet	0	100	11.000000	100													0	Durability_Armor_Power_Min	ConditionDamageScaleFactor_PowerArmor_X01	Durability_Armor_Power_Max	0
007AED94	crRD01_Armor_PowerArmor_EnclaveVulcan_ENC04Brute_LegLeft_NONPLAYABLE	Bloodhound Vulcan Left Leg	0	100	14.000000	100													0	Durability_Armor_Power_Min	ConditionDamageScaleFactor_PowerArmor_X01	Durability_Armor_Power_Max	0
007AED95	crRD01_Armor_PowerArmor_EnclaveVulcan_ENC04Brute_LegRight_NONPLAYABLE	Bloodhound Vulcan Right Leg	0	100	14.000000	100													0	Durability_Armor_Power_Min	ConditionDamageScaleFactor_PowerArmor_X01	Durability_Armor_Power_Max	0
007AED98	crRD01_Armor_PowerArmor_EnclaveVulcan_ENC04Brute_Torso_NONPLAYABLE	Bloodhound Vulcan Chest Piece	0	100	17.000000	100													0	Durability_Armor_Power_Min	ConditionDamageScaleFactor_PowerArmor_X01	Durability_Armor_Power_Max	0
007AED99	crRD01_Armor_PowerArmor_EnclaveVulcan_ENC04Grenadier_ArmLeft_NONPLAYABLE	Lynx Vulcan Left Arm	0	100	12.000000	100													0	Durability_Armor_Power_Min	ConditionDamageScaleFactor_PowerArmor_X01	Durability_Armor_Power_Max	0
007AED9A	crRD01_Armor_PowerArmor_EnclaveVulcan_ENC04Grenadier_ArmRight_NONPLAYABLE	Lynx Vulcan Right Arm	0	100	12.000000	100													0	Durability_Armor_Power_Min	ConditionDamageScaleFactor_PowerArmor_X01	Durability_Armor_Power_Max	0
007AED9B	crRD01_Armor_PowerArmor_EnclaveVulcan_ENC04Grenadier_Helmet_NONPLAYABLE	Lynx Vulcan Helmet	0	100	11.000000	100													0	Durability_Armor_Power_Min	ConditionDamageScaleFactor_PowerArmor_X01	Durability_Armor_Power_Max	0
007AED9C	crRD01_Armor_PowerArmor_EnclaveVulcan_ENC04Grenadier_LegLeft_NONPLAYABLE	Lynx Vulcan Left Leg	0	100	14.000000	100													0	Durability_Armor_Power_Min	ConditionDamageScaleFactor_PowerArmor_X01	Durability_Armor_Power_Max	0
007AED9D	crRD01_Armor_PowerArmor_EnclaveVulcan_ENC04Grenadier_LegRight_NONPLAYABLE	Lynx Vulcan Right Leg	0	100	14.000000	100													0	Durability_Armor_Power_Min	ConditionDamageScaleFactor_PowerArmor_X01	Durability_Armor_Power_Max	0
007AEDA0	crRD01_Armor_PowerArmor_EnclaveVulcan_ENC04Grenadier_Torso_NONPLAYABLE	Lynx Vulcan Chest Piece	0	100	17.000000	100													0	Durability_Armor_Power_Min	ConditionDamageScaleFactor_PowerArmor_X01	Durability_Armor_Power_Max	0
007B113C	SkinEyeBot_RD01_Enc04		0	0	0.000000	0													0				0
007B2811	Armor_PowerArmor_STORM_ArmLeft_NONPLAYABLE	Storm Armor Left Arm	0	130	12.000000	100													0	Durability_Armor_Power_Min	ConditionDamageScaleFactor_PowerArmor_T51	Durability_Armor_Power_Max	0
007B2812	Armor_PowerArmor_STORM_ArmRight_NONPLAYABLE	Storm Armor Right Arm	0	130	12.000000	100													0	Durability_Armor_Power_Min	ConditionDamageScaleFactor_PowerArmor_T51	Durability_Armor_Power_Max	0
007B2813	Armor_PowerArmor_STORM_Helmet_NONPLAYABLE	Storm Armor Helm	0	80	11.000000	100													0	Durability_Armor_Power_Min	ConditionDamageScaleFactor_PowerArmor_T51	Durability_Armor_Power_Max	0
007B2814	Armor_PowerArmor_STORM_LegLeft_NONPLAYABLE	Storm Armor Left Leg	0	130	14.000000	100													0	Durability_Armor_Power_Min	ConditionDamageScaleFactor_PowerArmor_T51	Durability_Armor_Power_Max	0
007B2815	Armor_PowerArmor_STORM_LegRight_NONPLAYABLE	Storm Armor Right Leg	0	130	14.000000	100													0	Durability_Armor_Power_Min	ConditionDamageScaleFactor_PowerArmor_T51	Durability_Armor_Power_Max	0
007B2816	Armor_PowerArmor_STORM_Torso_NONPLAYABLE	Storm Armor Chest Piece	0	180	17.000000	100													0	Durability_Armor_Power_Min	ConditionDamageScaleFactor_PowerArmor_T51	Durability_Armor_Power_Max	0
007B2846	ATX_Clothes_CAMPPets_Dog_Neckwear_RustedChain	Rusted Chain Collar (Dog)	0	0	0.100000	0													0				0
007B2847	ATX_ARMO_Outfit_WastelandSheriff	Lucky Shot Outfit	0	0	0.100000	0													0				0
007B2848	ATX_ARMO_Headwear_WastelandSheriff	Lucky Shot Bowler Hat	0	0	0.100000	0													0				0
007B28F4	ATX_CAMPPets_Skin_Dog_Rottweiler01		0	0	0.000000	0													0				0
007B73BA	zzz_GHL_DisguiseDeepMineGasMask	[Disguise] Deep Mining Gas Mask	0	40	0.100000	0													0				0
007B74D0	ATX_ARMO_Headwear_GhoulBoyFasnacht_Glowing	Fasnacht Glowing Ghoul Boy Mask	0	0	0.100000	0													0				0
007B74D1	ATX_ARMO_Headwear_GhoulGirlFasnachtMask_Glowing	Fasnacht Glowing Ghoul Girl Mask	0	0	0.100000	0													0				0
007B77F4	zzz_GHL_DisguiseClothes_Raider_Suit_02A_GlovesC	[Disguise] Leather Coat	0	13	0.100000	0													0				0
007B77F5	zzz_GHL_DisguiseHeadwear_Raider_GreenHoodGasmask	[Disguise] Assault Gas Mask	0	50	0.100000	0													0				0
007B77F6	GHL_DisguiseHeadwear_RaiderMod_Hood1	[Disguise] Sack Hood	0	5	0.100000	0													0				0
007B77F7	zzz_GHL_DisguiseClothes_BoS_Engineer_Scribe	[Disguise] Engineer's Uniform	0	15	0.100000	0													0				0
007B77F8	GHL_DisguiseHeadwear_RaiderMod_Hood3	[Disguise] Sack Hood with Straps	0	5	0.100000	0													0				0
007B77F9	zzz_GHL_DisguiseClothes_EnclaveOfficerUniformClean	[Disguise] Enclave Officer Uniform	0	50	0.100000	0													0				0
007B77FA	GHL_DisguiseHeadwear_RaiderMod_Hood2	[Disguise] Sack Hood with Hoses	0	5	0.100000	0													0				0
007B77FB	zzz_GHL_DisguiseClothes_BoS_Knight_Lancer	[Disguise] Bomber Jacket	0	20	0.100000	0													0				0
007B77FC	zzz_GHL_DisguiseFasnachtMaskJester	[Disguise] Buffoon Mask	0	10	0.100000	0													0				0
007B77FD	zzz_GHL_DisguiseClothes_BoS_Field_Scribe	[Disguise] Field Scribe's Uniform	0	20	0.100000	0													0				0
007BB072	ATX_Clothes_Outfit_CountryGirl_NONPLAYABLE	Country Girl Outfit	0	0	0.100000	0													0				0
007BB345	GHL00_Clothes_TheGhoulQuack	Radiation Quack Outfit	0	0	0.100000	0													0				0
007C62C3	SSE_SkinHoneyBeast_Beezlebub		0	0	0.000000	0													0				0
007C713F	SSE_Clothes_WastelandFloristApron_NONPLAYABLE	Wasteland Florist Apron	0	10	0.100000	0													0				0
007C7140	SSE_ARMO_Headwear_WastelandFloristSunhat_NONPLAYABLE	Wasteland Florist Sunhat	0	10	0.100000	0													0				0
007C7616	Armor_PowerArmor_T45_ArmLeft_NPCONLY	T-45 Left Arm	0	100	12.000000	100													0	Durability_Armor_Power_Min	ConditionDamageScaleFactor_PowerArmor_T45	Durability_Armor_Power_Max	0
007C7617	Armor_PowerArmor_T45_ArmRight_NPCONLY	T-45 Right Arm	0	100	12.000000	100													0	Durability_Armor_Power_Min	ConditionDamageScaleFactor_PowerArmor_T45	Durability_Armor_Power_Max	0
007C7618	Armor_PowerArmor_T45_Helmet_NPCONLY	T-45 Helm	0	60	11.000000	100													0	Durability_Armor_Power_Min	ConditionDamageScaleFactor_PowerArmor_T45	Durability_Armor_Power_Max	0
007C7619	Armor_PowerArmor_T45_LegLeft_NPCONLY	T-45 Left Leg	0	100	14.000000	100													0	Durability_Armor_Power_Min	ConditionDamageScaleFactor_PowerArmor_T45	Durability_Armor_Power_Max	0
007C761A	Armor_PowerArmor_T45_LegRight_NPCONLY	T-45 Right Leg	0	100	14.000000	100													0	Durability_Armor_Power_Min	ConditionDamageScaleFactor_PowerArmor_T45	Durability_Armor_Power_Max	0
007C761B	Armor_PowerArmor_T45_Torso_NPCONLY	T-45 Chest Piece	0	140	16.000000	100													0	Durability_Armor_Power_Min	ConditionDamageScaleFactor_PowerArmor_T45	Durability_Armor_Power_Max	0
007C92C4	GHL_DisguiseClothes_Wastelander_Light	[Disguise] Drifter Outfit	0	35	0.100000	0													0				0
007CEA8A	SSE_OvergrownDroneSkin		0	0	0.000000	0													0				0
007CEA8B	SSE_OvergrownThornSkin		0	0	0.000000	0													0				0
007CEA8C	SSE_OvergrownElderSkin		0	0	0.000000	0													0				0
007CF237	SCORE_S20_Headwear_GreyMercHelmet_Hooded	Merc Charmer Helmet (Hooded)	0	0	0.100000	0													0				0
007CF238	SCORE_S20_Clothes_Outfit_GreyMerc_Blouse	Merc Charmer Blouse Outfit	0	114	0.100000	0													0				0
007CF73F	Armor_Casual_Underarmor_Dave_NotPlayable		0	0	99.900002	0													0				0
007D0E16	SCORE_S20_Clothes_Outfit_GreyMerc	Merc Charmer Outfit	0	114	0.100000	0													0				0
007D0E17	SCORE_S20_Headwear_GreyMercHelmet	Merc Charmer Helmet	0	0	0.100000	0													0				0
007DBE04	SCORE_S21_ARMO_Headwear_CompanyFishingHat	Gone Fission Hat	0	0	0.100000	0													0				0
007DBE05	SCORE_S21_ARMO_Headwear_SnorkelGoggles	Snorkel Goggles	0	0	0.100000	0													0				0
007DBE06	SCORE_S21_ARMO_Headwear_SnorkelMask	Snorkel Mask	0	0	0.100000	0													0				0
007DBEEE	ATX_Clothes_CAMPPets_Cat_Neckwear_CollarLeather	Leather Collar (Cat)	0	0	0.100000	0													0				0
007DC472	ATX_CAMPPets_Skin_Cat_Wild		0	0	0.000000	0													0				0
007DC497	ATX_ARMO_Outfit_BlackIce	Black Ice Outfit	0	0	0.100000	0													0				0
007DC498	ATX_ARMO_Headwear_BlackIce	Black Ice Headwear	0	0	0.100000	0													0				0
007EBA38	Burn_RustKingArmourBody01		0	0	0.000000	0													0				0
007EBA39	Burn_SuperMutantRustKingCrown	Rust King Crown	0	8	1.000000	0													0				0
007EBA3A	SkinSuperMutantRustKing		0	0	0.000000	0													0				0
007EF1CE	SkinOguaOhio		0	0	0.000000	0													0				0
007EF1D0	SkinRadscorpionOhio		0	0	0.000000	0													0				0
007EF1D1	SkinDeathclawOhio		0	0	0.000000	0													0				0
007EF1D2	SkinStingwingOhio		0	0	0.000000	0													0				0
007F22E8	SkinDeathclawMatriarchOhio		0	0	0.000000	0													0				0
007F52B1	Burn_SkinJackalope		0	0	0.000000	0													0				0
007F543A	ZZZBurn_Workshop_Armor_IncubatorBackpack	Incubator Backpack	0	0	1.000000	0													0				0
007F543B	Burn_Armor_Outfit_DeathclawTamer	Deathclaw Tamer Outfit	0	10	0.100000	0													0				0
007F5449	SCORE_S23_Outfit_DinoThemeTshirt02	Dino Peaks Bogey Shirt	0	0	0.100000	0													0				0
007F544D	SCORE_S23_Outfit_DinoThemeTshirt01	Ace the Tee Rex Shirt	0	0	0.100000	0													0				0
007F7605	Burn_GasMask	Burning Springs Gas Mask	0	40	0.100000	0													0				0
00802C71	Burn_CreatureDeathclawLArm01		0	0	0.000000	0													0				0
00802C72	Burn_CreatureDeathclawRLeg01		0	0	0.000000	0													0				0
00802C73	Burn_CreatureDeathclawHelmet02		0	0	0.000000	0													0				0
00802C74	Burn_CreatureDeathclawRShoulder02		0	0	0.000000	0													0				0
00802C75	Burn_CreatureDeathclawLArm02		0	0	0.000000	0													0				0
00802C76	Burn_CreatureDeathclawHelmet01		0	0	0.000000	0													0				0
00802C77	Burn_CreatureDeathclawRArm02		0	0	0.000000	0													0				0
00802C78	Burn_CreatureDeathclawLShoulder01		0	0	0.000000	0													0				0
00802C79	Burn_CreatureDeathclawChest02		0	0	0.000000	0													0				0
00802C7A	Burn_CreatureDeathclawChest01		0	0	0.000000	0													0				0
00802C7B	Burn_CreatureDeathclawRArm01		0	0	0.000000	0													0				0
00802C7C	Burn_CreatureDeathclawLLeg01		0	0	0.000000	0													0				0
00802C7D	Burn_CreatureDeathclawRShoulder01		0	0	0.000000	0													0				0
00802C7E	Burn_CreatureDeathclawLShoulder02		0	0	0.000000	0													0				0
00802C7F	Burn_CreatureDeathclawLLeg02		0	0	0.000000	0													0				0
00802C80	Burn_CreatureDeathclawRLeg02		0	0	0.000000	0													0				0
00802DBF	SkinRadscorpionOhio_Burning		0	0	0.000000	0													0				0
00802DC1	Burn_Clothes_ClownOutfitClean_NONPLAYABLE	Clean Clown Outfit	0	0	0.100000	0													0				0
008033F9	P62_SkinTheDrifter		0	0	0.000000	0													0				0
008035BE	P62_Headwear_TheDrifter_Helmet_NONPLAYABLE	Drifter Helmet	0	0	0.100000	0													0				0
008035BF	P62_Clothes_TheDrifter_Outfit_NONPLAYABLE	Drifter Outfit	0	0	0.100000	0													0				0
00804720	ZZZ_SCORE_S11_ARMO_Outfit_LiteAllyDottieT-shirtJeans	Pipe Is Life T-shirt & Jeans Outfit	0	0	0.100000	0													0				0
00804721	SCORE_S21_ARMO_Outfit_DSSBNUD_T-shirtJeans	DSSBNUD T-shirt & Jeans Outfit	0	0	0.100000	0													0				0
00804BA3	ATX_CAMPPets_Skin_Cat_Farm		0	0	0.000000	0													0				0
00804CD0	ARMO_Headwear_FasnachtCornCob	Fasnacht Corn Cob Mask	0	10	0.100000	0													0				0
0081ACB3	Burn_RE_ARMO_Outfit_RubberMonster	Rubber Monster Outfit	0	10	0.100000	0													0				0
0081ACB4	Burn_RE_ARMO_Headwear_RubberMonster	Rubber Monster Headwear	0	10	0.100000	0													0				0
0081C0CB	Burn_Headwear_BirthdayHat_NonPlayable	Birthday Hat	0	0	0.100000	0													0				0
0081CD16	Clothes_Scientist_Dottie_NONPLAYABLE	Dottie's Lab Coat	0	10	0.100000	0													0				0
0081CD17	Headwear_Dottie_Goggles_NONPLAYABLE		0	0	99.900002	0													0				0
008206D2	ATX_Armor_PowerArmor_PaleRider_Helmet_NONPLAYABLE	T-51b Helm	0	80	11.000000	100													0	Durability_Armor_Power_Min	ConditionDamageScaleFactor_PowerArmor_T51	Durability_Armor_Power_Max	0
008206D3	ATX_Armor_PowerArmor_PlagueRider_Helmet_NONPLAYABLE	PlagueRider Helm	0	140	12.000000	100													0	Durability_Armor_Power_Min	ConditionDamageScaleFactor_PowerArmor_X01	Durability_Armor_Power_Max	0
008206D4	ATX_Armor_PowerArmor_PaleRider_LegLeft_NONPLAYABLE	T-51b Left Leg	0	130	14.000000	100													0	Durability_Armor_Power_Min	ConditionDamageScaleFactor_PowerArmor_T51	Durability_Armor_Power_Max	0
008206D5	ATX_Armor_PowerArmor_PaleRider_LegRight_NONPLAYABLE	T-51b Right Leg	0	130	14.000000	100													0	Durability_Armor_Power_Min	ConditionDamageScaleFactor_PowerArmor_T51	Durability_Armor_Power_Max	0
008206D6	ATX_Armor_PowerArmor_BlackRider_LegRight_NONPLAYABLE	Black Rider Right Leg	0	200	15.000000	100													0	Durability_Armor_Power_Min	ConditionDamageScaleFactor_PowerArmor_X01	Durability_Armor_Power_Max	0
008206D7	ATX_Armor_PowerArmor_PlagueRider_LegLeft_NONPLAYABLE	PlagueRider Left Leg	0	200	15.000000	100													0	Durability_Armor_Power_Min	ConditionDamageScaleFactor_PowerArmor_X01	Durability_Armor_Power_Max	0
008206D8	ATX_Armor_PowerArmor_WarRider_Torso_NONPLAYABLE	T-51b Chest Piece	0	180	17.000000	100													0	Durability_Armor_Power_Min	ConditionDamageScaleFactor_PowerArmor_T51	Durability_Armor_Power_Max	0
008206D9	ATX_Armor_PowerArmor_WarRider_LegLeft_NONPLAYABLE	T-51b Left Leg	0	130	14.000000	100													0	Durability_Armor_Power_Min	ConditionDamageScaleFactor_PowerArmor_T51	Durability_Armor_Power_Max	0
008206DA	ATX_Armor_PowerArmor_BlackRider_ArmLeft_NONPLAYABLE	Black Rider Left Arm	0	200	13.000000	100													0	Durability_Armor_Power_Min	ConditionDamageScaleFactor_PowerArmor_X01	Durability_Armor_Power_Max	0
008206DB	ATX_Armor_PowerArmor_PlagueRider_Torso_NONPLAYABLE	PlagueRider Torso	0	280	19.000000	100													0	Durability_Armor_Power_Min	ConditionDamageScaleFactor_PowerArmor_X01	Durability_Armor_Power_Max	0
008206DC	ATX_Armor_PowerArmor_WarRider_ArmRight_NONPLAYABLE	T-51b Right Arm	0	130	12.000000	100													0	Durability_Armor_Power_Min	ConditionDamageScaleFactor_PowerArmor_T51	Durability_Armor_Power_Max	0
008206DD	ATX_Armor_PowerArmor_BlackRider_ArmRight_NONPLAYABLE	Black Rider Right Arm	0	200	13.000000	100													0	Durability_Armor_Power_Min	ConditionDamageScaleFactor_PowerArmor_X01	Durability_Armor_Power_Max	0
008206DE	ATX_Armor_PowerArmor_PlagueRider_ArmLeft_NONPLAYABLE	PlagueRider Left Arm	0	200	13.000000	100													0	Durability_Armor_Power_Min	ConditionDamageScaleFactor_PowerArmor_X01	Durability_Armor_Power_Max	0
008206DF	ATX_Armor_PowerArmor_PaleRider_WarRight_NONPLAYABLE	T-51b Right Leg	0	130	14.000000	100													0	Durability_Armor_Power_Min	ConditionDamageScaleFactor_PowerArmor_T51	Durability_Armor_Power_Max	0
008206E0	Burn_Armor_PowerArmor_WarRider_ArmLeft_NONPLAYABLE	T-51b Left Arm	0	130	12.000000	100													0	Durability_Armor_Power_Min	ConditionDamageScaleFactor_PowerArmor_T51	Durability_Armor_Power_Max	0
008206E1	ATX_Armor_PowerArmor_PaleRider_Torso_NONPLAYABLE	T-51b Chest Piece	0	180	17.000000	100													0	Durability_Armor_Power_Min	ConditionDamageScaleFactor_PowerArmor_T51	Durability_Armor_Power_Max	0
008206E2	ATX_Armor_PowerArmor_WarRider_Helmet_NONPLAYABLE	T-51b Helm	0	80	11.000000	100													0	Durability_Armor_Power_Min	ConditionDamageScaleFactor_PowerArmor_T51	Durability_Armor_Power_Max	0
008206E3	ATX_Armor_PowerArmor_BlackRider_Torso_NONPLAYABLE	Black Rider Torso	0	280	19.000000	100													0	Durability_Armor_Power_Min	ConditionDamageScaleFactor_PowerArmor_X01	Durability_Armor_Power_Max	0
008206E4	ATX_Armor_PowerArmor_PlagueRider_ArmRight_NONPLAYABLE	PlagueRider Right Arm	0	200	13.000000	100													0	Durability_Armor_Power_Min	ConditionDamageScaleFactor_PowerArmor_X01	Durability_Armor_Power_Max	0
008206E5	ATX_Armor_PowerArmor_PlagueRider_LegRight_NONPLAYABLE	PlagueRider Right Leg	0	200	15.000000	100													0	Durability_Armor_Power_Min	ConditionDamageScaleFactor_PowerArmor_X01	Durability_Armor_Power_Max	0
008206E6	ATX_Armor_PowerArmor_PaleRider_ArmRight_NONPLAYABLE	T-51b Right Arm	0	130	12.000000	100													0	Durability_Armor_Power_Min	ConditionDamageScaleFactor_PowerArmor_T51	Durability_Armor_Power_Max	0
008206E7	ATX_Armor_PowerArmor_WarRider_LegRight_NONPLAYABLE	T-51b Right Leg	0	130	14.000000	100													0	Durability_Armor_Power_Min	ConditionDamageScaleFactor_PowerArmor_T51	Durability_Armor_Power_Max	0
008206E8	ATX_Armor_PowerArmor_BlackRider_Helmet_NONPLAYABLE	Black Rider Helm	0	140	12.000000	100													0	Durability_Armor_Power_Min	ConditionDamageScaleFactor_PowerArmor_X01	Durability_Armor_Power_Max	0
008206E9	ATX_Armor_PowerArmor_BlackRider_LegLeft_NONPLAYABLE	Black Rider Left Leg	0	200	15.000000	100													0	Durability_Armor_Power_Min	ConditionDamageScaleFactor_PowerArmor_X01	Durability_Armor_Power_Max	0
008206EA	ATX_Armor_PowerArmor_PaleRider_ArmLeft_NONPLAYABLE	T-51b Left Arm	0	130	12.000000	100													0	Durability_Armor_Power_Min	ConditionDamageScaleFactor_PowerArmor_T51	Durability_Armor_Power_Max	0
008206EB	ATX_Armor_PowerArmor_WarRider_ArmLeft_NONPLAYABLE	WarRider Left Arm	0	160	15.000000	100													0	Durability_Armor_Power_Min	ConditionDamageScaleFactor_PowerArmor_T60	Durability_Armor_Power_Max	0
00822A4B	SkinRadHog		0	0	0.000000	0													0				0
0082522D	ARMO_Headwear_FasnachtMask_Sun_Glow	Fasnacht Glowing Sun Mask	0	10	0.100000	0													0				0
00825230	ARMO_Headwear_FasnachtMask_Buffoon_Glow	Fasnacht Glowing Buffoon Mask	0	10	0.100000	0													0				0
00825233	ARMO_Headwear_FasnachtMask_Owl_Glow	Fasnacht Glowing Owl Mask	0	10	0.100000	0													0				0
00825236	ARMO_Headwear_FasnachtMask_Skull_Glow	Fasnacht Glowing Skull Mask	0	10	0.100000	0													0				0
008279F6	SkinRadHog_Alpha		0	0	0.000000	0													0				0
008279F7	SkinRadHog_Scorched		0	0	0.000000	0													0				0
008279F8	SkinRadHog_Glowing		0	0	0.000000	0													0				0
0082A740	ATX_ARMO_Outfit_EnclaveMechanic	Enclave Mechanic Outfit	0	0	0.000000	0													0				0
0082A741	ATX_ARMO_Headwear_EnclaveMechanic	Enclave Mechanic Cap	0	0	0.100000	0													0				0
0082A99B	ATX_CAMPPets_Skin_Dog_RoboPaw		0	0	0.000000	0													0				0
0082BB80	SCORE_MiniSeason_2025_MMMFE_Headwear_MarshalMallowFishingHat	Marshal Mallow Fishing Hat	0	0	0.100000	0													0				0
0082BCB1	ATX_CAMPPets_Skin_Cat_RoboPaw		0	0	0.000000	0													0				0
0082BCC3	ARMO_Headwear_FasnachtCornCob_Glowing	Fasnacht Glowing Corn Cob Mask	0	10	0.100000	0													0				0
0082E153	SCORE_S22_ARMO_Outfit_MothmanMuseum_T-shirtJeans	Mothman Museum T-shirt & Jeans Outfit	0	0	0.100000	0													0				0
00830015	SCORE_S22_Clothes_Jumpsuit_Abraxo	Abraxo Jumpsuit	0	0	0.100000	0													0				0
008335D8	SCORE_S22_CAMPPets_Skin_Dog_Sable		0	0	0.000000	0													0				0
00834813	Headwear_FezHatClean_TakenFromAtx	Fez	0	0	0.100000	0													0				0
00834D43	SCORE_S22_ARMO_Headwear_TVGlasses_B&W	TV Glasses (B&W Vision)	0	0	0.100000	0													0				0
0083C252	Burn_Bloody_SpaceSuit_UNPLAYABLE	Bloody Space Suit	0	300	0.100000	0													0				0
0083E76A	ATX_ARMO_Outfit_ScorchedResponder	Scorched Responder Outfit	0	0	0.100000	0													0				0
0083FF1E	SCORE_S22_CAMPPets_Skin_Cat_Ragdol01		0	0	0.000000	0													0				0
00840E06	ATX_Clothes_CAMPPets_Dog_Neckwear_RespondersBandana	Responders Bandana (Dog)	0	0	0.100000	0													0				0
00840E67	ATX_ARMO_Outfit_MadScientist	Mad Scientist Suit	0	0	0.100000	0													0				0
00841322	ATX_Clothes_ARMO_Outfit_RustedCoatofArmsOutfit	Rusted Coat of Arms Outfit	0	0	0.100000	0													0				0
00841323	ATX_ARMO_Headwear_RustedCoatofArmsHelmet	Rusted Coat of Arms Helmet	0	0	0.100000	0													0				0
00841328	ATX_CAMPPets_Skin_Dog_Mongrel	Mongrel	0	0	0.000000	0													0				0
00844018	Burn_Bloody_SpaceSuit_Helmet_UNPLAYABLE	Bloody Space Helmet	0	300	0.100000	0													0				0
00844583	Burn_Armor_Headwear_DeathclawTamer	Deathclaw Tamer Hat	0	10	0.100000	0													0				0
00844584	Burn_Clothes_Outfit_BountyHunter	Head Hunter Outfit	0	10	0.100000	0													0				0
00844911	zzzBurn_Clothes_BountyHunterOutfit	Bounty Hunter Outfit	0	30	0.100000	0													0				0
0084761A	SkinDustDevil		0	0	0.000000	0													0				0
00847820	ARMO_Headwear_Fasnacht_Captain	Fasnacht Captain Mask	0	10	0.100000	0													0				0
00847821	ARMO_Headwear_GlowingFasnacht_Captain	Fasnacht Glowing Captain Mask	0	10	0.100000	0													0				0
00847826	ARMO_Headwear_Fasnacht_BoneHead	Fasnacht Bone Head Mask	0	10	0.100000	0													0				0
00847827	ARMO_Headwear_GlowingFasnacht_BoneHead	Fasnacht Glowing Bone Head Mask	0	10	0.100000	0													0				0
008494A1	SCORE_S22_ARMO_Headwear_TVGlasses_Copy01	TV Glasses	0	0	0.100000	0													0				0
0084A358	ZZZ_SCORE_S23_WastelandRoyalty_Headband	Wasteland Royalty Headband	0	0	0.100000	0													0				0
0084A36E	ZZZ_SCORE_S23_Headwear_VaultBoy_RaiderDamaged	Damaged Vault Boy Head	0	0	0.100000	0													0				0
0084A36F	ZZZ_SCORE_S23_Headwear_VaultGirl_RaiderDamaged	Damaged Vault Girl Head	0	0	0.100000	0													0				0
0084CAF5	BURN_BountyGiver_Clothes_NONPLAYABLE	Cowboy Duster	0	30	0.100000	0													0				0
0084CAF6	BURN_BountyGiver_Hat_NONPLAYABLE	Cowboy Hat	0	15	0.100000	0													0				0
0084E915	ATX_ARMO_Headwear_ScorchedResponder	Scorched Responder Helmet	0	0	0.100000	0													0				0
0084E919	ATX_ARMO_Headwear_Mask_MadScientist	Mad Scientist Mask	0	0	0.100000	0													0				0
0084E98A	zzzBurn_RustKingdomRaiders03	Rust Kingdom Raider Armour 3	0	20	1.000000	0													0				0
0084E98B	zzzBurn_RustKingdomRaiders05	Rust Kingdom Raider Armour 5	0	20	1.000000	0													0				0
0084E98C	zzzBurn_RustKingdomRaiders06	Rust Kingdom Raider Armour 6	0	20	1.000000	0													0				0
0084E98D	zzzBurn_RustKingdomRaiders04	Rust Kingdom Raider Armour 4	0	20	1.000000	0													0				0
0084E98E	zzzBurn_RustKingdomRaiders01	Rust Kingdom Raider Armour 1	0	20	1.000000	0													0				0
0084E98F	zzzBurn_RustKingdomRaiders02	Rust Kingdom Raider Armour 2	0	20	1.000000	0													0				0
0084F1AC	SkinWorkShopLiberator		0	0	0.000000	0													0				0
0084FB88	CAMPPets_Skin_RadHog_Standard		0	0	0.000000	0													0				0
0084FD87	Burn_Clothes_RustKingdomRaider_C_NONPLAYABLE	Rust Raider C	0	25	0.100000	0													0				0
0084FD88	Burn_Clothes_RustKingdomRaider_A_NONPLAYABLE	Rust Raider A	0	25	0.100000	0													0				0
0084FD89	Burn_Clothes_RustKingdomRaider_B_NONPLAYABLE	Rust Raider B	0	25	0.100000	0													0				0
0084FEF3	BURN_RustKingdomRaider_Helmet_B_NONPLAYABLE	Rust Kingdom Raider Helmet B	0	10	0.100000	0													0				0
0084FEF4	BURN_RustKingdomRaider_Helmet_A_NONPLAYABLE	Rust Kingdom Raider Helmet A	0	10	0.100000	0													0				0
0085037D	zzzBurn_RustRaiderArmor_Heavy1	Rust Kingdom Raider Heavy Armour 1	0	20	1.000000	0													0				0
0085037E	zzzBurn_RustRaiderArmor_Heavy2	Rust Kingdom Raider Heavy Armour 2	0	20	1.000000	0													0				0
0085037F	zzzBurn_RustRaiderArmor_Heavy3	Rust Kingdom Raider Heavy Armour 3	0	20	1.000000	0													0				0
00850380	zzzBurn_RustRaiderArmor_DeathclawHandler	Deathclaw Tamer Outfit	0	20	1.000000	0													0				0
00850381	Burn_RustRaiderArmor_Light1_NONPLAYABLE	Rust Kingdom Raider Light Armour 1	0	20	1.000000	0													0				0
00850382	zzzBurn_RustRaiderArmor_Light2	Rust Kingdom Raider Light Armour 2	0	20	1.000000	0													0				0
00850383	zzzBurn_RustRaiderArmor_Light3	Rust Kingdom Raider Light Armour 3	0	20	1.000000	0													0				0
00850384	zzzBurn_RustRaiderArmor_Light4	Rust Kingdom Raider Light Armour 4	0	20	1.000000	0													0				0
00850385	zzzBurn_RustRaiderArmor_Medium1	Rust Kingdom Raider Medium Armor 1	0	20	1.000000	0													0				0
00850386	zzzBurn_RustRaiderArmor_Medium2	Rust Kingdom Raider Medium Armor 2	0	20	1.000000	0													0				0
00850387	zzzBurn_RustRaiderArmor_Medium3	Rust Kingdom Raider Medium Armor 3	0	20	1.000000	0													0				0
00850388	zzzBurn_RustRaiderArmor_Medium4	Rust Kingdom Raider Medium Armor 4	0	20	1.000000	0													0				0
00850389	BURN_RustKingdomRaider_Helmet_DeathclawHandler_NONPLAYABLE	Deathclaw Tamer Outfit	0	10	0.100000	0													0				0
0085058E	Burn_RustRaiderArmor_Light2_NONPLAYABLE	Rust Kingdom Raider Light Armour 2	0	20	1.000000	0													0				0
0085058F	Burn_RustRaiderArmor_Light3_NONPLAYABLE	Rust Kingdom Raider Light Armour 3	0	20	1.000000	0													0				0
00850590	Burn_RustRaiderArmor_Light4_NONPLAYABLE	Rust Kingdom Raider Light Armour 4	0	20	1.000000	0													0				0
00850591	zzzBurn_RustRaiderArmor_Light1	Rust Kingdom Raider Light Armour 1	0	20	1.000000	0													0				0
00850592	Burn_RustRaiderArmor_Medium1_NONPLAYABLE	Rust Kingdom Raider Medium Armor 1	0	20	1.000000	0													0				0
00850593	Burn_RustRaiderArmor_Medium2_NONPLAYABLE	Rust Kingdom Raider Medium Armor 2	0	20	1.000000	0													0				0
00850594	Burn_RustRaiderArmor_Medium3_NONPLAYABLE	Rust Kingdom Raider Medium Armor 3	0	20	1.000000	0													0				0
00850595	Burn_RustRaiderArmor_Medium4_NONPLAYABLE	Rust Kingdom Raider Medium Armor 4	0	20	1.000000	0													0				0
00850596	Burn_RustRaiderArmor_Heavy1_NONPLAYABLE	Rust Kingdom Raider Heavy Armour 1	0	20	1.000000	0													0				0
00850597	Burn_RustRaiderArmor_Heavy2_NONPLAYABLE	Rust Kingdom Raider Heavy Armour 2	0	20	1.000000	0													0				0
00850598	Burn_RustRaiderArmor_Heavy3_NONPLAYABLE	Rust Kingdom Raider Heavy Armour 3	0	20	1.000000	0													0				0
00850599	Burn_RustRaiderArmor_DeathclawHandler_NONPLAYABLE	Rust Kingdom Deathclaw Handler Armor	0	20	1.000000	0													0				0
00852175	ATX_Clothes_CAMPPets_RadHog_Headwear_NoseRing	Nose Ring (Radhog)	0	0	0.100000	0													0				0
00853931	SCORE_S23_ARMO_Headwear_WhiteMask	White Mask	0	0	0.100000	0													0				0
00853B78	SCORE_S23_CAMPPets_Skin_Cat_Lykoi	Lykoi Cat	0	0	0.000000	0													0				0
00853B79	SCORE_S23_Clothes_CAMPPets_Cat_Neckwear_CollarNailsCat	Rusty Nails Collar (Cat)	0	0	0.100000	0													0				0
00853B7A	SCORE_S23_Clothes_CAMPPets_Dog_Neckwear_CollarNailsDog	Rusty Nails Collar (Dog)	0	0	0.100000	0													0				0
00854524	SkinDeathclawMatriarchGlowing		0	0	0.000000	0													0				0
00854A3A	SkinOguaGlowing		0	0	0.000000	0													0				0
00854F1C	ATX_Clothes_Underarmor_TacticalOps_Camo_NONPLAYABLE	Camo Ops Outfit	0	0	0.100000	0													0				0
00854F1D	ATX_Clothes_HeartlandHiker_NONPLAYABLE	Heartland Hiker Outfit	0	0	0.100000	0													0				0
00854F1E	ATX_Clothes_BrahminPantSuit_NONPLAYABLE	Brahmin Pant Suit	0	0	0.100000	0													0				0
00854F52	ATX_ARMO_Outfit_Razorback	Razorback Outfit	0	0	0.100000	0													0				0
00854F53	ATX_ARMO_Headwear_Razorback	Razorback Helmet	0	0	0.100000	0													0				0
00855408	Burn_RustRaiderArmor_Medium_Reward	Rust Raider Medium Outfit	0	20	1.000000	0													0				0
00855409	Burn_RustRaiderArmor_Heavy_Reward	Rust Raider Heavy Outfit	0	20	1.000000	0													0				0
0085540A	Burn_RustRaiderArmor_Light_Reward	Rust Raider Light Outfit	0	20	1.000000	0													0				0
00856AE9	Burn_Clothes_Overalls_Abraxodyne	Abraxodyne Overalls Outfit	0	10	0.100000	0													0				0
00857120	ATX_ARMO_Headwear_VaultBoy_PPromotion	Mr. Vault Boy Mascot Head	0	0	0.100000	0													0				0
0085713D	BURN_ATX_ARMO_Headwear_Duster_Ghoul_NONPLAYABLE	West Coast Cowboy Hat	0	0	0.100000	0													0				0
0085713E	BURN_ATX_ARMO_Outfit_Duster_Ghoul_NONPLAYABLE	West Coast Duster Outfit	0	0	0.100000	0													0				0
008571E7	ATX_ARMO_Outfit_MedicalRescuePants	Medical Rescue Pants	0	0	0.100000	0													0				0
008571E8	ATX_ARMO_Outfit_MedicalRescueDress	Medical Rescue Dress	0	0	0.100000	0													0				0
008571E9	ATX_ARMO_Headwear_MedicalRescueMask	Medical Rescue Mask	0	0	0.100000	0													0				0
008586BB	ATX_ARMO_Outfit_Ulysses	Ulysses Outfit	0	0	0.100000	0													0				0
008586BC	ATX_ARMO_Headwear_Mask_Ulysses	Ulysses Mask	0	0	0.100000	0													0				0
00858DDA	BURN_RustKingdomRaider_Helmet_C_NONPLAYABLE	Rust Kingdom Raider Helmet C	0	10	0.100000	0													0				0
0085934C	RadHog_FurPattern1		0	0	0.000000	0													0				0
0085934D	RadHog_FurPattern2		0	0	0.000000	0													0				0
0085934E	RadHog_AlphaMohawk		0	0	0.000000	0													0				0
0085934F	RadHog_AlphaNoseRing		0	0	0.000000	0													0				0
0085B0C7	ATX_CAMPPets_Skin_Dog_RoboPawPS	RoboPaw Blue	0	0	0.000000	0													0				0
0085B62E	ATX_ARMO_Outfit_NCRTrooper	NCR Trooper Outfit	0	0	0.100000	0													0				0
0085B62F	ATX_ARMO_Headwear_NCRTrooper	NCR Trooper Helmet	0	0	0.100000	0													0				0
0085B697	SCORE_S23_ARMO_Outfit_CheckeredSuit	Checkered Suit	0	0	0.100000	0													0				0
0085B698	SCORE_S23_ARMO_Clothes_Cowboy_VaultTecCB	Vault-Tec Cowboy Outfit	0	0	0.100000	0													0				0
0085B699	SCORE_S23_ARMO_Headwear_Cowboy_VaultTecCBHat	Vault-Tec Cowboy Hat	0	0	0.100000	0													0				0
0085D73D	ATX_ARMO_Underarmor_21Vaultsuit	Vault 21 Jumpsuit	0	0	0.500000	0													0				0
00863261	SCORE_MiniSeason_2025_SunsetStranger_Headwear_SarsaparillaDeputyHat	Sunset Sarsaparilla Deputy Hat	0	0	0.100000	0													0				0
00866D30	ATX_Headwear_CenturionRecruit	Centurion Recruit Helmet	0	0	0.100000	0													0				0
0086721B	SkinDustDevilMarker		0	0	0.000000	0													0				0
00868BA8	BigfootShield		0	0	0.000000	0													0				0
00868BA9	SkinBigfoot		0	0	0.000000	0													0				0
00868F6F	ATX_Clothes_CAMPPets_RadHog_Headwear_SooleHeartRing	Sooie-Heart Ring (Radhog)	0	0	0.100000	0													0				0
00869911	BURN_ARMO_AvaOutfit	Lookout Outfit	0	0	0.100000	0													0				0
0086C981	ATX_ARMO_Clothes_VaultBoy_PPromotion	Mr. Vault Boy Outfit	0	0	0.100000	0													0				0
0086DBCF	ATX_Clothes_Western_03_NONPLAYABLE	Orange Shirt Western Outfit	0	0	0.100000	0													0				0
0086DBD0	SCORE_S9_Headwear_Patrioteer_NONPLAYABLE	Patrioteer Hat	0	0	0.100000	0													0				0
0086EFAE	Clothes_DanilosOutfit_NONPLAYABLE	Trench Runner's Coat	0	65	0.100000	0													0				0
0086EFAF	XPD_AC_Clothes_Buttercup_NONPLAYABLE	Enforcer's Outfit	0	65	0.100000	0													0				0
0086EFB0	ATX_Headwear_Eyepatch_Eyeball_NONPLAYABLE	Painted Eyeball Eyepatch	0	0	0.100000	0													0				0
0086F1E9	Burn_RustRaiderArmor_Medium_RNG_NONPLAYABLE	Rust Kingdom Raider Armor	0	20	1.000000	0													0				0
0086F1EA	Burn_RustRaiderArmor_Heavy_RNG_NONPLAYABLE	Rust Kingdom Raider Armor	0	20	1.000000	0													0				0
0086F1EB	Burn_RustRaiderArmor_Light_RNG_NONPLAYABLE	Rust Kingdom Raider Armor	0	20	1.000000	0													0				0
00871E08	Burn_Clothes_Overalls_Abraxodyne_NONPLAYABLE	Abraxodyne Overalls Outfit	0	0	0.100000	0													0				0
00872E75	ATX_ARMO_Outfit_LegionLegate	Legion Legate Outfit	0	0	0.100000	0													0				0
00872E76	ATX_ARMO_Headwear_LegionLegate	Legion Legate Helmet	0	0	0.100000	0													0				0
00883687	Burn_RustRaiderArmor_EggIncubatorBackpack_DeathclawHandler_NONPLAYABLE	Backpack	0	60	1.000000	0													0				0
0088D9E6	SCORE_MiniSeason_LoveHurts_ARMO_Headwear_ToughLove	Tough Love Helmet	0	0	0.100000	0													0				0
00890E5A	zzzATX_CAMPPets_Skin_Radhog_Rooter		0	0	0.000000	0													0				0
008975C0	zzz_SkinTest01	Test01	0	0	0.000000	0													0				0
0089A8C3	ATX_CAMPPets_Skin_Radhog_Rooter_Copy01	Rooter Radhog	0	0	0.000000	0													0				0
0089ECDE	SCORE_S24_ARMO_Headwear_SpaceAgeGlasses_GreenSight	Space Glasses (Green Vision)	0	0	0.100000	0													0				0
0089ECDF	SCORE_S24_ARMO_Headwear_SpaceAgeGlasses	Space Glasses	0	0	0.100000	0													0				0
008A415D	SCORE_S24_Clothes_Jumpsuit_SpaceSuitBloody	Bloody Spacesuit	0	0	0.100000	0													0				0
008A415E	SCORE_S24_Headwear_SpaceSuitBloody	Bloody Spacesuit Helmet	0	0	0.100000	0													0				0
008A5DF3	SCORE_S24_CAMPPets_Skin_Cat_GlowingCat	Glowing Cat	0	0	0.000000	0													0				0
008A7F2B	SCORE_S24_PipboyReplica	Replica Pip-Boy 2000	0	0	0.000000	0													0				0
