BOOK_FormID	BOOK_EDID	LocationName	LocationSource	QuestName
00000871	recipe_mod_AssaultRifle_Receiver_FastTrigger-CritDMG			
00000872	recipe_mod_AssaultRifle_Receiver_FastTrigger-Damage			
00000873	recipe_mod_AssaultRifle_Receiver_FastTrigger-HipAccuracy			
00000D8D	POST_recipe_mod_AlienBlaster_Scope_ScopeShort_NV			
00000D8E	recipe_mod_AlienBlaster_AlienMag_AmmoConversion			
00001487	BMO_BunkerNote05_SparekeyNote	Quick Test Cell	NameParse	
00002A2A	EN01_PowerSurgeWarning			Bunker Buster
0000425C	FS_JeremiahPart01	Ransacked Bunker	NameParse	
000055F5	FS_JeremiahPart02	Ransacked Bunker	NameParse	
000089A0	CUT_SF08BarnesBook			
0000FFEE	FF09ReaperDirectiveNote			Activity  Fertile Soil
0001ABB3	LC204_GarrahanHQ_BoardRoomNote			
0001BF30	recipe_mod_armor_Robot_Lining_Torso_Lighter2			
0001BF31	recipe_mod_armor_Robot_Lining_Torso_Mesh_BioComm			
0001BF32	recipe_mod_armor_Robot_Torso_Material_Shadowed			
0001BF34	recipe_mod_armor_Robot_Lining_Limb_ResistanceLimbDamage			
0001BF35	recipe_mod_armor_Robot_Lining_LimbLeg_ReducedFallingDamage			
0001BF36	recipe_mod_armor_Robot_Lining_Torso_ImprovedCarryCapacity2			
0001BF48	recipe_mod_armor_Robot_Leg_Material_Shadowed			
0001BF49	recipe_mod_armor_Robot_Lining_Limb_ImprovedCarryCapacity2			
0001BF4A	recipe_mod_armor_Robot_Lining_Limb_Lighter2			
000218B3	recipe_DLC03_mod_armor_Marine_Lining_Torso_Lighter2			
000218B4	recipe_DLC03_mod_armor_Marine_Lining_Torso_ResistanceRadiation			
000218B5	recipe_mod_armor_Robot_Arm_Material_Shadowed			
000218C4	recipe_DLC03_mod_armor_Marine_Lining_Limb_ResistanceLimbDamage			
000218C5	recipe_DLC03_mod_armor_Marine_Lining_LimbLeg_ReducedFallingDamage			
000218C6	recipe_DLC03_mod_armor_Marine_Lining_Torso_ImprovedCarryCapacity2			
0002190F	recipe_mod_armor_Combat_Torso_Material_Shadowed			
00021910	recipe_DLC03_mod_armor_Marine_Lining_Limb_ImprovedCarryCapacity2			
00021911	recipe_DLC03_mod_armor_Marine_Lining_Limb_Lighter2			
00022276	BoS_GraveNote			
000224FB	recipe_mod_armor_Combat_Lining_Torso_Mesh_BioComm			
000224FC	recipe_mod_armor_Combat_Lining_Torso_ResistanceRadiation			
000224FD	recipe_mod_armor_Combat_Torso_Material_BOS			
00022E98	recipe_mod_armor_Combat_Lining_LimbLeg_ReducedFallingDamage			
00022E99	recipe_mod_armor_Combat_Lining_Torso_ImprovedCarryCapacity			
00022E9A	recipe_mod_armor_Combat_Lining_Torso_ImprovedCarryCapacity2			
0002321D	recipe_mod_armor_Combat_Lining_Limb_ImprovedCarryCapacity2			
0002321E	recipe_mod_armor_Combat_Lining_Limb_Lighter2			
0002321F	recipe_mod_armor_Combat_Lining_Limb_ResistanceLimbDamage			
00026887	recipe_mod_armor_Combat_Leg_Material_BOS			
00026888	recipe_mod_armor_Combat_Leg_Material_Shadowed			
00026889	recipe_mod_armor_Combat_Lining_Limb_ImprovedCarryCapacity			
000268A2	recipe_mod_armor_Trapper_Lining_Torso_ResistanceRadiation			
000268A3	recipe_mod_armor_Combat_Arm_Material_BOS			
000268A4	recipe_mod_armor_Combat_Arm_Material_Shadowed			
000268B9	recipe_mod_armor_Trapper_Lining_Torso_ImprovedCarryCapacity2			
000268BA	recipe_mod_armor_Trapper_Lining_Torso_Lighter2			
000268BB	recipe_mod_armor_Trapper_Lining_Torso_Mesh_BioComm			
000268E4	recipe_mod_armor_Trapper_Lining_Limb_ResistanceLimbDamage			
000268E5	recipe_mod_armor_Trapper_Lining_LimbLeg_ReducedFallingDamage			
000268E6	recipe_mod_armor_Trapper_Lining_Torso_ImprovedCarryCapacity			
00026943	recipe_mod_armor_Trapper_Lining_Limb_ImprovedCarryCapacity			
00026944	recipe_mod_armor_Trapper_Lining_Limb_ImprovedCarryCapacity2			
00026945	recipe_mod_armor_Trapper_Lining_Limb_Lighter2			
000269BE	recipe_mod_armor_RaiderMod_Lining_Torso_Mesh_BioComm			
000269BF	recipe_mod_armor_Robot_Lining_Limb_ImprovedCarryCapacity			
000269C0	recipe_mod_armor_Robot_Lining_Torso_ImprovedCarryCapacity			
000269D1	recipe_mod_armor_RaiderMod_Lining_Limb_Lighter2			
000269D2	recipe_mod_armor_RaiderMod_Lining_Torso_ImprovedCarryCapacity2			
000269D3	recipe_mod_armor_RaiderMod_Lining_Torso_Lighter2			
00026A1E	recipe_mod_armor_Metal_Lining_Torso_ResistanceRadiation			
00026A1F	recipe_mod_armor_Metal_Torso_Material_Shadowed			
00026A20	recipe_mod_armor_RaiderMod_Lining_Limb_ImprovedCarryCapacity2			
00027DC3	recipe_mod_armor_Metal_Lining_Torso_ImprovedCarryCapacity2			
00027DC4	recipe_mod_armor_Metal_Lining_Torso_Lighter2			
00027DC5	recipe_mod_armor_Metal_Lining_Torso_Mesh_BioComm			
0002B973	recipe_mod_armor_Metal_Lining_Limb_ResistanceLimbDamage			
0002B974	recipe_mod_armor_Metal_Lining_LimbLeg_ReducedFallingDamage			
0002B975	recipe_mod_armor_Metal_Lining_Torso_ImprovedCarryCapacity			
0002E8D6	recipe_mod_armor_Metal_Lining_Limb_ImprovedCarryCapacity			
0002E8D7	recipe_mod_armor_Metal_Lining_Limb_ImprovedCarryCapacity2			
0002E8D8	recipe_mod_armor_Metal_Lining_Limb_Lighter2			
0002E8E6	LC016_ElevatorNote	[CELL:00050B2C]	ExtCell	Wolf in Sheep's Clothing
0002F5EA	recipe_mod_armor_RaiderMod_Lining_Torso_ResistanceRadiation			
0002F5EB	recipe_mod_armor_Metal_Arm_Material_Shadowed			
0002F5EC	recipe_mod_armor_Metal_Leg_Material_Shadowed			
0002FC68	recipe_mod_armor_RaiderMod_Lining_Limb_ResistanceLimbDamage			
0002FC69	recipe_mod_armor_RaiderMod_Lining_LimbLeg_ReducedFallingDamage			
0002FC6A	recipe_mod_armor_RaiderMod_Lining_Torso_ImprovedCarryCapacity			
00030552	recipe_mod_armor_Leather_Lining_Torso_ResistanceRadiation			
00030553	recipe_mod_armor_Leather_Torso_Material_Shadowed			
00030554	recipe_mod_armor_RaiderMod_Lining_Limb_ImprovedCarryCapacity			
000337B6	recipe_mod_armor_Leather_Lining_Torso_ImprovedCarryCapacity2			
000337B7	recipe_mod_armor_Leather_Lining_Torso_Lighter2			
000337B8	recipe_mod_armor_Leather_Lining_Torso_Mesh_BioComm			
00033AFD	LC101Guestbook	AlpineRiverCabinsExt	ExtCell	
00035364	recipe_mod_armor_Leather_Lining_Limb_Lighter2			
00035365	recipe_mod_armor_Leather_Lining_Limb_ResistanceLimbDamage			
00035366	recipe_mod_armor_Leather_Lining_Torso_ImprovedCarryCapacity			
0003546A	recipe_mod_armor_Leather_Lining_LimbLeg_ReducedFallingDamage			
0003546B	recipe_mod_armor_Leather_Lining_Limb_ImprovedCarryCapacity			
0003546C	recipe_mod_armor_Leather_Lining_Limb_ImprovedCarryCapacity2			
00035690	recipe_mod_armor_Leather_Arm_Material_Shadowed			
00035691	recipe_mod_armor_Leather_Leg_Material_Shadowed			
00042E1D	FSZ01_BerkleySprings			
00042E34	zzzFSZ01_HarpersFerry			A Mark in the Past - Harpers Ferry
00044A17	FSZ01_FreddysScares			
00044A6D	FSZ01_RedRocket			
000450BF	FSZ01_PumpkinHouse			
000450C9	FSZ01_ValleyGalleria			
00045182	FSZ01_DollySods			
00047188	RE_SceneKMK01Note02			
00047189	RE_SceneKMK01Note03			
0004718A	RE_SceneKMK01Note04			
0004718B	RE_SceneKMK01Note05			
000487DF	RS06_Manual_Stims_Formula			
0004D8E7	AgCenterMacFaddernBook01	Vault-Tec Ag Research Center	NameParse	
0004D8EC	AgCenterMacFaddernBook02	Vault-Tec Ag Research Center	NameParse	
000524A7	BoS01MorseBook	[CELL:0010D89B]	ExtCell	
00052D22	DotMatrixPrinterNote01	[CELL:0004DEDF]	ExtCell	
00054F91	test_Wendigo_TestBook	Test Combat	NameParse	
00055F02	BMO_BunkerNote06_GuardNote02	Quick Test Cell	NameParse	
00055F2D	BMO_BunkerNote06_GuardNote01	Quick Test Cell	NameParse	
0005F4A5	TW007_IncriminatingSafetyReport			Cold Case
000617A2	POI_TransmissionTowerNote			
00068509	MTR05_Resume01	Quick Test Cell	NameParse	The Motherlode
0006926C	MTR05_CheatSheet	Hornwright Industrial HQ	NameParse	The Motherlode
0006F7D0	Magazine_Holotape_NukatapperBook			
00073782	MTR06_CheatSheet	CharlestonFireDeptExt02	ExtCell	Into the Fire
00088AE5	TWZ07_Permit	[CELL:0004DEDF]	ExtCell	
00088AE6	TWZ07_PermitSigned			
0008E737	BACKUP_Magazine_USCovertOps01Book			
0008E738	BACKUP_Magazine_USCovertOps02Book			
0008E739	BACKUP_Magazine_USCovertOps03Book			
0008E73A	BACKUP_Magazine_USCovertOps04Book			
0008E73B	BACKUP_Magazine_USCovertOps05Book			
0008E73C	BACKUP_Magazine_USCovertOps06Book			
0008E73D	BACKUP_Magazine_USCovertOps07Book			
0008E73E	BACKUP_Magazine_USCovertOps08Book			
0008E73F	BACKUP_Magazine_USCovertOps09Book			
0008E740	BACKUP_Magazine_USCovertOps10Book			
0008E741	BACKUP_Magazine_GrognakTheBarbarian01Book			
0008E742	BACKUP_Magazine_GrognakTheBarbarian02Book			
0008E743	BACKUP_Magazine_GrognakTheBarbarian03Book			
0008E744	BACKUP_Magazine_GrognakTheBarbarian04Book			
0008E745	BACKUP_Magazine_GrognakTheBarbarian05Book			
0008E746	BACKUP_Magazine_GrognakTheBarbarian06Book			
0008E747	BACKUP_Magazine_GrognakTheBarbarian07Book			
0008E748	BACKUP_Magazine_GrognakTheBarbarian08Book			
0008E749	BACKUP_Magazine_GrognakTheBarbarian09Book			
0008E74A	BACKUP_Magazine_GrognakTheBarbarian10Book			
0008E74B	PerkMagMassSurgicalJournal01			
0008E74C	PerkMagMassSurgicalJournal02			
0008E74D	PerkMagMassSurgicalJournal03			
0008E74E	PerkMagMassSurgicalJournal04			
0008E74F	PerkMagMassSurgicalJournal05			
0008E750	PerkMagMassSurgicalJournal06			
0008E751	PerkMagMassSurgicalJournal07			
00092A63	PerkMagJunktownJerkyVendor01			
00092A64	PerkMagJunktownJerkyVendor02			
00092A65	PerkMagJunktownJerkyVendor03			
00092A66	PerkMagJunktownJerkyVendor04			
00092A67	PerkMagJunktownJerkyVendor05			
00092A68	PerkMagJunktownJerkyVendor06			
00092A69	PerkMagJunktownJerkyVendor07			
00092A6A	PerkMagJunktownJerkyVendor08			
00092A6D	BACKUP_Magazine_TumblersToday01Book			
00092A6F	BACKUP_Magazine_TumblersToday02Book			
00092A70	BACKUP_Magazine_TumblersToday03Book			
00092A71	BACKUP_Magazine_TumblersToday04Book			
00092A72	BACKUP_Magazine_TumblersToday05Book			
00092A78	BACKUP_Magazine_TeslaScience01Book			
00092A79	BACKUP_Magazine_TeslaScience02Book			
00092A7A	BACKUP_Magazine_TeslaScience03Book			
00092A7B	BACKUP_Magazine_TeslaScience04Book			
00092A7C	BACKUP_Magazine_TeslaScience05Book			
00092A7D	BACKUP_Magazine_TeslaScience06Book			
00092A7E	BACKUP_Magazine_TeslaScience07Book			
00092A7F	BACKUP_Magazine_TeslaScience08Book			
00092A80	BACKUP_Magazine_TeslaScience09Book			
00092A83	BACKUP_Magazine_GunsAndBullets01Book			
00092A87	BACKUP_Magazine_GunsAndBullets02Book			
00092A88	BACKUP_Magazine_GunsAndBullets03Book			
00092A89	BACKUP_Magazine_GunsAndBullets04Book			
00092A8A	BACKUP_Magazine_GunsAndBullets05Book			
00092A8B	BACKUP_Magazine_GunsAndBullets06Book			
00092A8C	BACKUP_Magazine_GunsAndBullets07Book			
00092A8D	BACKUP_Magazine_GunsAndBullets08Book			
00092A8E	BACKUP_Magazine_GunsAndBullets09Book			
00092A8F	BACKUP_Magazine_GunsAndBullets10Book			
00094734	PerkMagTotalHack01			
00094735	PerkMagTotalHack02			
00094736	PerkMagTotalHack03			
0009473E	PerkMagLaCoiffe01			
00094FE8	BMO_BunkerNote03_Lockernote	Quick Test Cell	NameParse	
00096A06	BMO_BunkerNote03_MomGoodbyeNoteSutton	SuttonExt09	ExtCell	
0009ADA1	ENz09_RequestList			Room Service
000B03D3	AMSHQ_CBLore_Note02	AMS Headquarters	NameParse	
000B104B	AMSHQ_CBLore_Note01	AMS Headquarters	NameParse	
001091E7	SURV_Tutorial_HolotapeOLD			
00110B84	ADV012SkeletonsNote			
00118546	CBZ04_Note			Operation  Give that back!
0011CED0	RE_SceneKMK01Note01			
001203BA	WatogaMunicipalNote_02	Watoga Municipal Center	NameParse	
001203E3	WatogaMunicipalNote_01	[CELL:0010D89B]	ExtCell	
0012BC0F	BMO_BunkerNote05_LuggageNote	Quick Test Cell	NameParse	
00135F03	BACKUP_Magazine_Unstoppables01Book			
00135F04	BACKUP_Magazine_Unstoppables02Book			
00135F05	BACKUP_Magazine_Unstoppables03Book			
00135F06	BACKUP_Magazine_Unstoppables04Book			
00135F07	BACKUP_Magazine_Unstoppables05Book			
0014453F	SurvivalTrainingCenter_Pamphlet01	SurvivalTrainingCenterExt	ExtCell	
00145890	MTR_HornwrightWinsArticle	Garrahan Mining HQ	NameParse	
00145894	MTR_ManVsMachineArticle	CharlestonFireDeptExt02	ExtCell	
0014E5FD	CultistCave_LoreNote06	Lucky Hole Mine	NameParse	
0014E602	CultistCave_LoreNote05	Lucky Hole Mine	NameParse	
0014E627	CultistCave_LoreNote04	Lucky Hole Mine	NameParse	
0014E652	CultistCave_LoreNote03	Lucky Hole Mine	NameParse	
0014E67B	CultistCave_LoreNote02	Lucky Hole Mine	NameParse	
0014E6B1	CultistCave_LoreNote01	Lucky Hole Mine	NameParse	
00151439	TestGuidestonesNote			
0016969A	BACKUP_Magazine_AwesomeTales06Book			
0016969B	BACKUP_Magazine_AwesomeTales11Book			
0016969C	BACKUP_Magazine_AwesomeTales08Book			
0016969D	BACKUP_Magazine_AwesomeTales04Book			
0016969E	BACKUP_Magazine_AwesomeTales10Book			
0016969F	BACKUP_Magazine_AwesomeTales01Book			
001696A0	BACKUP_Magazine_AwesomeTales03Book			
001696A1	BACKUP_Magazine_AwesomeTales07Book			
001696A2	BACKUP_Magazine_AwesomeTales05Book			
001696A3	BACKUP_Magazine_AwesomeTales13Book			
001696A5	BACKUP_Magazine_AwesomeTales09Book			
001696A6	BACKUP_Magazine_AwesomeTales12Book			
001696A7	BACKUP_Magazine_AwesomeTales02Book			
0016F832	TestAlyssa_Quest01_Book	Quick Test Cell	NameParse	
00180A24	PerkMagHotRod01			
00180A2A	PerkMagTattoo04			
00180A36	PerkMagPicketFences03			
00181BF8	BMO_BunkerNote03_CrazyLadyWatoga	BlackMountainWildernessExt02	ExtCell	
0018208C	EN05_Patriotism_TophersDiary	CampMcClintockExt04	ExtCell	Patriotism Training
0018212E	EN05_Patriotism_JimmyDiary	CampMcClintockExt04	ExtCell	Patriotism Training
0018212F	EN05_Patriotism_JimmyPassword			
00182142	EN05_Patriotism_JimmyEvidence			Patriotism Training
00182F4D	recipe_mod_Chainsaw_Bar_Bow_Long			
00182F4E	recipe_mod_Chainsaw_Flamer			
0018325A	recipe_mod_melee_ChineseOfficerSword_ShockAndSerrated			
001832DB	recipe_mod_melee_ChineseOfficerSword_Shock			
0018331B	recipe_mod_melee_BoxingGlove_ExtraHeavyHead			
00184D8B	PerkMagPicketFences01			
00184D9B	PerkMagTattoo01			
00184DA1	PerkMagRobcoFun01			
00184DA5	PerkMagTattoo02			
00184DA7	BACKUP_Magazine_LiveAndLove01Book			
00184DB2	PerkMagRobcoFun02			
00184DB7	PerkMagPicketFences02			
00184DB9	BACKUP_Magazine_LiveAndLove02Book			
00184DC0	PerkMagTattoo03			
00184DC4	PerkMagRobcoFun04			
00184DC6	BACKUP_Magazine_LiveAndLove03Book			
00185CBF	PerkMagHotRod02			
00185CC2	BACKUP_Magazine_LiveAndLove04Book			
00185CCD	BACKUP_Magazine_LiveAndLove05Book			
00185CD1	PerkMagHotRod03			
00185CDD	PerkMagPicketFences04			
00185CE2	PerkMagTattoo05			
00185CEE	PerkMagPicketFences05			
0018C8D4	FFZ10_Light_ResponderNote	LandviewLighthouseExt06	ExtCell	
001A10B7	recipe_DLC04_mod_melee_BaseballBat_Rocket			
001A10B8	recipe_DLC04_mod_melee_BaseballBat_Rocket_SpikesLarge_Heated			
001A1385	recipe_DLC04_mod_melee_BaseballBat_Heated			
001A1983	LC174_WatogaHigh_CBLore_Note01	Watoga High School	NameParse	
001A1AC2	LC178_WatogaPlaza_CBLore_Note01	WatogaShoppingPlazaExt	ExtCell	
001A1B24	LC178_WatogaPlaza_CBLore_Note02	WatogaShoppingPlazaExt	ExtCell	
001A1CD0	RSVP00_Book_LORE_Database_Intro	FlatwoodsExt	ExtCell	
001C1418	PerkMagRobcoFun05			
001C2E24	BACKUP_Magazine_LiveAndLove06Book			
001C2E26	BACKUP_Magazine_LiveAndLove07Book			
001C2E28	BACKUP_Magazine_LiveAndLove08Book			
001C63ED	PerkMagLaCoiffe05			
001D1CD6	BACKUP_Magazine_LiveAndLove09Book			
001D1F53	PerkMagMassSurgicalJournal08			
001D1F55	PerkMagMassSurgicalJournal09			
001E59F1	BoS02_SecurityNote	Fort Defiance	NameParse	Recruitment Blues
001EB2C3	LC117_CultLeaderManuscript01	PointPleasantExt	ExtCell	
001F398C	NukaColaPlant_FeedbackFormBlank	Kanawha Nuka-Cola Plant	NameParse	
0020C2B0	BoS01_BreadCrumbNote_Morgantown	Morgantown Airport Terminal	NameParse	
0020C2B1	BoS01_TrainingCamp_Note	SurvivalTrainingCenterExt02	ExtCell	Defiance Has Fallen
00228385	TW007_OtisPikeDiaryEnd			Cold Case
0023D33A	TW007_MediaLetter			Cold Case
002430DD	TW007_IncriminatingHRLetter	GraftonSteelExt	ExtCell	Cold Case
00256966	NukaColaPlant_FeedbackForm01	Kanawha Nuka-Cola Plant	NameParse	
0027563D	NukaColaPlant_FeedbackForm02	Kanawha Nuka-Cola Plant	NameParse	
0027E2CB	BoS02_ApplicationForm			Recruitment Blues
0027E2D6	BoS02_JunkMail			Recruitment Blues
0027E55A	BoS02_DMV_Number_01	Charleston Capitol Building	NameParse	Recruitment Blues
0027E586	BoS02_ApplicationFormV			Recruitment Blues
00283ECC	EN01_IntelNote	Quick Test Cell	NameParse	Bunker Buster
00283ED0	EN01_JudysGone			Bunker Buster
00290FDA	FS_CalebNote	Carson Family Bunker	NameParse	
0029D65C	SurvivalTrainingCenter_Pamphlet02	SurvivalTrainingCenterExt04	ExtCell	
002A14F2	BoSTrainingCamp_SecurityReprimandNote	SurvivalTrainingCenterExt02	ExtCell	
002A6DDC	BoS02_DMV_Number_02	Charleston Capitol Building	NameParse	Recruitment Blues
002A6DE1	BoS02_ApplicationFormStamped			Recruitment Blues
002A6DE4	BoS02GovernmentIDCard	[CELL:0000DD46]	ExtCell	Recruitment Blues
002A8FBD	FS_LydiaPart01	HarpersFerryExt	ExtCell	
002A8FBF	FS_LydiaPart02	HarpersFerryExt02	ExtCell	
002A8FC5	FS_LydiaPart03	HarpersFerryExt03	ExtCell	
002A8FC7	FS_LydiaPart04	HarpersFerryExt02	ExtCell	
002A8FC9	FS_LydiaPart05	HarpersFerryExt03	ExtCell	
002B4255	recipe_mod_melee_Ripper_BladesLarge			
002B42A1	recipe_mod_melee_Switchblade_Serrated			
002B42A2	recipe_mod_melee_WalkingCane_Spikes			
002B42A3	recipe_mod_melee_WalkingCane_SpikesSmall			
002B42A4	recipe_DLC04_mod_melee_DLC04_CommieWhacker_BladesLarge			
002B42A6	recipe_mod_melee_SkiSword_SkateBlade			
002B42A7	recipe_DLC04_mod_melee_Sledgehammer_ExtraHeavyHead_Rocket_Spikes			
002B42A8	recipe_DLC04_mod_melee_Sledgehammer_ExtraHeavyHead_Rocket_Blades			
002B42A9	recipe_DLC04_mod_melee_Sledgehammer_ExtraHeavyHead_Rocket_Blades_Heated			
002B42AC	recipe_mod_melee_Machete_Sacrificial			
002B42AD	recipe_mod_melee_Pitchfork_Flamer			
002B42AE	recipe_mod_melee_Powerfist_Heated			
002B42AF	recipe_mod_melee_Shishkebab_ExtraFlameJets			
002B42B9	recipe_DLC03_mod_melee_polehook_Multihook			
002B42BA	recipe_mod_melee_Hatchet_ElectroFusion			
002B42BB	recipe_DLC01_mod_melee_MrHandyBuzzBlade_Shock			
002B42C6	recipe_mod_melee_DeathclawGauntlet_Hook			
002B42C7	recipe_dlc01_mod_melee_assaultronblade_Shock			
002B8BBA	Recipe_Chems_BerryMentats	76 QA Smoke	NameParse	
002B8BBB	Recipe_Cooking_BrainBombsGourmet	76 QA Smoke	NameParse	
002B8BBC	Recipe_Chems_Bufftats	76 QA Smoke	NameParse	
002B8BBD	Recipe_Chems_Fury	76 QA Smoke	NameParse	
002B8BBE	Recipe_Chems_GrapeMentats	76 QA Smoke	NameParse	
002B8BBF	Recipe_Chems_HealingSalveAshHeap			
002B8BC0	Recipe_Chems_HealingSalveCranberryBog			
002B8BC1	Recipe_Chems_HealingSalveForest			
002B8BC2	Recipe_Chems_HealingSalveMire			
002B8BC3	Recipe_Chems_HealingSalveSavageDivide			
002B8BC4	Recipe_Chems_HealingSalveToxicValley	76 QA Smoke	NameParse	
002B8BC5	Recipe_Chems_Jet	76 QA Smoke	NameParse	
002B8BC6	Recipe_Chems_Mentats	76 QA Smoke	NameParse	
002B8BC7	Recipe_Chems_OrangeMentats	76 QA Smoke	NameParse	
002B8BC8	Recipe_Chems_Overdrive	76 QA Smoke	NameParse	
002B8BC9	Recipe_Chems_Psycho	76 QA Smoke	NameParse	
002B8BCA	Recipe_Chems_Psychobuff	76 QA Smoke	NameParse	
002B8BCB	Recipe_Chems_RadAway	76 QA Smoke	NameParse	
002B8BCC	CUT_Recipe_Chems_RefreshingBeverage			
002B8BCD	Recipe_Chems_SkeetoSpit	76 QA Smoke	NameParse	
002B8BCE	Recipe_Chems_Stimpak	76 QA Smoke	NameParse	
002B8BCF	Recipe_Chems_SuperStimpak	76 QA Smoke	NameParse	
002B8DCF	CharGen_Magazine_Holotape_NukatapperBook_NoName	Vault 76	NameParse	
002B9FD1	Recipe_Armor_Raider_Arms_Medium			
002B9FD3	Recipe_Armor_Raider_Legs_Medium			
002B9FD5	Recipe_Armor_Raider_Torso_Medium			
002BA293	SRMPOI_TrailerNote	[CELL:00261DE1]	ExtCell	
002BA565	BACKUP_Magazine_AstonishingTales01Book			
002BA567	BACKUP_Magazine_AstonishingTales02Book	[CELL:0010D89B]	ExtCell	
002BA569	BACKUP_Magazine_AstonishingTales03Book	[CELL:0010D89B]	ExtCell	
002BA56B	BACKUP_Magazine_AstonishingTales04Book			
002BA56D	BACKUP_Magazine_AstonishingTales05Book	[CELL:0010D89B]	ExtCell	
002C4622	TW007_TerminationPaperwork	GraftonExt16	ExtCell	
002C4624	TW007_CampPostcard	GraftonExt16	ExtCell	
002C543E	BoSz04MissionNote	DevCoryWorld05	ExtCell	Daily  Heart of the Enemy
002D658A	BoS01_EndNote	Fort Defiance	NameParse	Defiance Has Fallen
002DE659	BACKUP_Magazine_ScoutsLife03Book			
002DE677	BACKUP_Magazine_ScoutsLife04Book			
002E9C21	BMO_BunkerNote03_MarketingMemo	Kanawha Nuka-Cola Plant	NameParse	
002ECCF7	MTNL01_TrappersNote	TrappersCampExt	ExtCell	Key To the Past
002ECD0E	MTNL01_GourmandsNote	BoltonGreensCountryClubExt	ExtCell	Key To the Past
002FC47D	LC036_AccessCode			
00300F16	BACKUP_Magazine_ScoutsLife05Book			
00300F2E	BACKUP_Magazine_ScoutsLife06Book			
003072F8	LC149_Jesse_White_Set_List	TheRustyPickExt	ExtCell	
0030F57C	BACKUP_Magazine_Backwoodsman01Book	Vault 76	NameParse	
0030F580	BACKUP_Magazine_Backwoodsman02Book	Vault 76	NameParse	
0030F586	BACKUP_Magazine_Backwoodsman03Book			
0030F58B	BACKUP_Magazine_Backwoodsman04Book			
0030F58F	BACKUP_Magazine_Backwoodsman05Book			
0030F594	BACKUP_Magazine_Backwoodsman06Book			
0030F599	BACKUP_Magazine_Backwoodsman07Book			
0030F59E	BACKUP_Magazine_Backwoodsman08Book			
0030F5A4	BACKUP_Magazine_Backwoodsman09Book			
0030F5A7	BACKUP_Magazine_Backwoodsman10Book			
0030F5AB	BACKUP_Magazine_ScoutsLife01Book			
0030F5B0	BACKUP_Magazine_ScoutsLife02Book			
003113DF	EN01_RecordofDivorce	[CELL:00004B42]	ExtCell	Bunker Buster
003113E0	EN01_WelcomeToTheSenate	Quick Test Cell	NameParse	Bunker Buster
00311416	EN01_ArrestQuinnCarter	CharlestonHeraldExt	ExtCell	
0031141F	EN01_WeSupportQuinnCarter	CampMcClintockExt04	ExtCell	
00312B43	BACKUP_Magazine_ScoutsLife07Book			
00312B46	BACKUP_Magazine_ScoutsLife08Book			
00312B49	BACKUP_Magazine_ScoutsLife09Book			
00312B4C	BACKUP_Magazine_ScoutsLife10Book			
003132CB	recipe_Armor_Casual_Underarmor_FlannelJeans			
003132CC	recipe_Armor_Marine_Underarmor_Wetsuit			
003132F8	recipe_Armor_BoS_Soldier_Underarmor			
003132F9	recipe_Armor_Casual_Underarmor_ShirtJeans			
0031338F	recipe_Armor_VaultSuit96_Underarmor			
00313390	POST_recipe_Armor_VaultSuit63_Underarmor			
003133C2	PioneerScoutGuidePage01_Forward	PioneerScoutCampExt04	ExtCell	
003133CA	PioneerScoutGuidePage02_Fundraising	PioneerScoutCampExt05	ExtCell	
00313493	POST_recipe_Armor_VaultSuit94_Underarmor_Clean			
00313494	recipe_Armor_VaultSuitVT_Underarmor			
00313516	recipe_Armor_BoS_Officer_Underarmor			
00313517	recipe_Armor_BoS_Knight_Underarmor			
0031352A	recipe_Armor_VaultSuit76_Underarmor_Clean			
003196C9	LC150_TOTW_MatterhornChophouse_StaffMemo	Mezzanine Level	NameParse	
003196CA	LC150_TOTW_IceSculptureArtGallery_HenryNote	Mezzanine Level	NameParse	
003196CB	LC150_TOTW_IceSculptureArtGallery_LouisNote	Mezzanine Level	NameParse	
0031975A	LC150_TOTW_DreamboatYachts_MarketingNote	Mezzanine Level	NameParse	
0031975B	LC150_TOTW_DreamboatYachts_OwnersNote	Mezzanine Level	NameParse	
0031975C	LC150_TOTW_DreamboatYachts_AngryLetter	Mezzanine Level	NameParse	
00319B8F	LC182_WendigoCave_EdieNote	Wendigo Cave	NameParse	
00319B92	LC193_ConvertedMunitionsFactory_HoraceNote	MunitionsFactoryExt04	ExtCell	
00319B93	LC193_ConvertedMunitionsFactory_FloydNote	MunitionsFactoryExt03	ExtCell	
0031A0EB	LC144_SunnytopSkiLanes_MarketingMemo	SunnyTopSkiLanesExt04	ExtCell	
0031A0EC	LC144_SunnytopSkiLanes_DirectorMemo	SunnyTopSkiLanesBaseLodgeExt	ExtCell	
0031A0ED	LC144_SunnytopSkiLanes_MaintenanceMemo	SunnyTopSkiLanesExt03	ExtCell	
0031A35A	LC103_NACentralTrainyard_BankNote	NewAppalachianCentralTrainyardExt04	ExtCell	
0031A4F9	LC093_MonongahTownship_MarthaNote	MonongahExt08	ExtCell	
0031BA8A	CP_Booklist_Note	CamdenParkExt08	ExtCell	
0031BA8B	ABT_ShoppingList_Note	AbandonedBogTownExt	ExtCell	
0031BC1B	LC081_MiddleMountainCabins_BragNote	MiddleMountainCabinsExt	ExtCell	
0031BC1D	LC091_MonongahPowerPlant_HallseyNote	Monongah Power Plant	NameParse	
0031BC26	LC067_Huntersville_NinaNote	HuntersvilleExt06	ExtCell	
0031C177	LC020_PleasantValleySkiResort_ChaunceyNote	PleasantValleyCabinsExt02	ExtCell	
0031C178	LC020_PleasantValleySkiResort_PhyllisNote	PleasantValleyCabinsExt06	ExtCell	
0031C179	LC020_PleasantValleySkiResort_StanleyNote	PleasantValleySkiResortExt03	ExtCell	
0031C8AA	POI275_ActionReport	BrimQuarryExt	ExtCell	
0031EA53	recipe_mod_CombatRifle_SCOPE_LongScope_Recon			
0031EA54	recipe_DLC03_mod_LeverGun_SCOPE_Longscope_NV_Base			
0031EA55	recipe_mod_HuntingRifle_Receiver_ScorchedKiller			
0031EA68	recipe_mod_AssaultRifle_Receiver_ScorchedKiller			
0031EA69	recipe_mod_CombatRifle_Receiver_ScorchedKiller			
003202BA	PioneerScoutGuidePage03_Cooking	[CELL:00264613]	ExtCell	
00322189	PioneerScoutGuidePage04_Camping	CampAdamsExt02	ExtCell	
0032CE09	NuclearLaunchCode01	[CELL:00004B8E]	ExtCell	
0032E503	BoS01_BreadCrumbNote_IsolatedCabin	WixonHomesteadExt	ExtCell	
0032E504	BoS01_BreadCrumbNote_GeneralSteakhouse	GeneralsSteakhouseExt03	ExtCell	
00330B99	SFL02_Track_CourtneyBook	Quick Test Cell	NameParse	
00331CB7	MTR05_ResumesInArchives	Hornwright Industrial HQ	NameParse	The Motherlode
0033361D	Trailer_TempTales01			
0033410D	ToxicDriedLakebedNote01	ToxicDriedLakebedExt	ExtCell	
0033595A	LC046_KeyNote	Kerwood Mine	NameParse	
0033A515	CUT_v96_LastStandNote			
0033A7EC	TestSmoke20Note	76 Quest Smoke Test	NameParse	
0033B86E	TestDrewBook01Takeable	Quick Test Cell	NameParse	
0033B870	TestDrewBook01NonTakeable	Quick Test Cell	NameParse	
0033C775	BoS02SoldierCertificate	TestOutSourceExt01	ExtCell	Recruitment Blues
0033CE91	CB04_Manifesto	GeneralsSteakhouseExt03	ExtCell	
0033CE92	CB04_LetterToMayor	Watoga Municipal Center	NameParse	
0033CE93	CB04_LetterToMom			
0033CE95	CB04_LetterToSandy			
0033F7D1	FF05_Balance_TerminalPassword			Daily  Ecological Balance
00341B35	EN05_UniformVoucherPage01	CampMcClintockExt02	ExtCell	
00342E7F	LC149_Clara_Webber_Diary			
00342E80	LC129_Pumpkin_House	PumpkinHouseExt	ExtCell	
003453AF	LC015_BasementNote	BootleggersShackExt	ExtCell	
00345D8D	MoM01RaiderNote			Initiate of Mysteries
0034736C	LC147_Hawkes_Refuge_Diary	Dagger's Den	NameParse	
0034785E	LC015_BootleggersShack_Note	BootleggersShackExt	ExtCell	
0034CEA8	LC149_Rusty_Pick_Diary			
00354E3F	SF06_JuliansNote			
00354E42	SF06_PatriciasNote			
00354E44	SF06_GeorgesNote			
00357EA2	MoM02ARaiderNote			Chasing Shadows
00357FFB	MoM03RaiderSysadminNote			Seeker of Mysteries
0035EC1C	RE_ObjectMP11Note03			
0035EC1D	RE_ObjectMP11Note04			
0035EC1E	RE_ObjectMP11Note05			
0035EC1F	RE_ObjectMP11Note06			
0035EC20	RE_SceneMP03_Note02			
0035EC21	RE_SceneMP03_Note03			
0035EC22	RE_SceneMP03_Note04			
0035EC23	RE_SceneMP03_Note05			
0035EC25	RE_SceneMP03_Note01			
0035EC26	RE_ObjectMP11Note01			
0035EC27	RE_ObjectMP11Note02			
0035F0C2	TreasureMap01_01			
0035F12B	Template_ClassifiedNote	[CELL:0000DD46]	ExtCell	
0035F12D	TestSecretNote	[CELL:0000DD46]	ExtCell	
0035F132	Template_GovernorNote	[CELL:0000DD46]	ExtCell	
00364533	BBSmallMountainPOI010Note	[CELL:00261FA5]	ExtCell	
0036C8D3	TW007_FreddyNote1			Cold Case
0036C8D4	TW007_FreddyNote2			Cold Case
0036C8D5	TW007_FreddyNote3			Cold Case
00370672	76CharGenDinerNote	[CELL:00008008]	ExtCell	
0037744B	LC174_WatogaHigh_CBLore_Note02	Watoga High School	NameParse	
003787C6	Recipe_Cooking_FirecapVegetableTastySouffle	76 QA Smoke	NameParse	
003792AB	Magazine_Holotape_ZetaInvadersBook			
0037954F	Magazine_Holotape_WasteladBook	TestOutSourceExt01	ExtCell	
00379ABC	Magazine_Holotape_PipfallBook			
00379ABF	Magazine_Holotape_RedMenaceBook	TestOutSourceExt01	ExtCell	
00379E14	Magazine_Holotape_GrognakBook			
0037A45B	TW010Pointer	Gauley Mine	NameParse	
0037A69E	Magazine_Holotape_AutomatronBook	TestOutSourceExt01	ExtCell	
0037AB42	Magazine_Holotape_AtomicCommandBook			
0037FEE8	FS01_MQ_Warn_MiscSSLBook	SunnyTopSkiLanesExt04	ExtCell	
00380B04	SFM04_Organic_MiscAPBook	Quick Test Cell	NameParse	
00380B07	LC039_MiscHavenBook	HavenChurchExt02	ExtCell	
00382262	SFS02_Play_MiscHavenBook	Quick Test Cell	NameParse	
00387012	TEST_Recipe_Photomode_Frame_Vault76Badge			
00387991	LookoutTower06Note	LookoutTower06Ext	ExtCell	
00389A86	SFZ03_Queen_MiscFreddyBook	Quick Test Cell	NameParse	
00389CC1	SFZ03_Queen_MiscCabinBook	InvestigatorsCabinExt02	ExtCell	
00389CD9	LookoutTower07Note01	LookoutTower07Ext	ExtCell	
00389D34	LookoutTower05Letter_01	LookoutTower05Ext	ExtCell	
00389D35	LookoutTower05Letter_02	LookoutTower05Ext	ExtCell	
00389D3A	LookoutTower05Letter_03	LookoutTower05Ext	ExtCell	
0038ABC7	Template_Note	76 QA Smoke	NameParse	
0038ABC9	Template_TopSecretNote	Quick Test Cell	NameParse	
0038ABCC	Template_Classified01Note	Quick Test Cell	NameParse	
0038ABCD	Template_Classified02Note	Quick Test Cell	NameParse	
0038ABCE	Template_Classified03Note	Quick Test Cell	NameParse	
0038ABCF	Template_Classified04Note	Quick Test Cell	NameParse	
0038ABD4	Template_TopSecret01Note	Quick Test Cell	NameParse	
0038ABD5	Template_TopSecret02Note	Quick Test Cell	NameParse	
0038ABD6	Template_TopSecret03Note	Quick Test Cell	NameParse	
0038ABD7	Template_TopSecret04Note	Quick Test Cell	NameParse	
0038ABDE	Template_RippedNote	[CELL:0000DD46]	ExtCell	
0038ABE0	TestFontMAIN_FONT	Quick Test Cell	NameParse	
0038ABE2	TestFontTerminal_Font	Quick Test Cell	NameParse	
0038ABE4	TestFontDebugTextFont	Quick Test Cell	NameParse	
0038ABE5	TestFontBrody	Quick Test Cell	NameParse	
0038ABE6	TestFontHandwritten	Quick Test Cell	NameParse	
0038ABEA	TestFontDefault	Quick Test Cell	NameParse	
0038C032	LookoutTower07Note02	GraftonSteelExt08	ExtCell	
0038CD6D	MTR02_Misc_ExcavatorFinalSteps	Hornwright Industrial HQ	NameParse	
0038DCDF	LookoutTower02Note	LookoutTower02Ext	ExtCell	
0038E4B8	POI203_LookoutTower08Note	LookoutTower08Ext	ExtCell	
0038EEB2	SFZ04_Waste_MiscPOTWPBook	PalaceOfTheWindingPathExt02	ExtCell	
0038F1AE	FS01_MQ_Warn_MiscSundayBrosBook	SundayBrothersCabinExt05	ExtCell	
0038F1B2	FS01_MQ_Warn_MiscResponderBook	Quick Test Cell	NameParse	
0038F1B9	FS01_MQ_Warn_MiscWatogaBook			
0038FAA8	BMO_BunkerNote02_CabinNote_01	[CELL:00261F8B]	ExtCell	
00390EB5	BMO_BunkerNote02_BunkerNote	[CELL:002646BC]	ExtCell	
00390EBA	BMO_BunkerNote02_HackerNote	FreddyFearsHouseOfScaresExt	ExtCell	
00391988	CB04_WatogaObjective_Note_BigBendTunnel	BigBendTunnelEastExt02	ExtCell	
0039198A	CB04_WatogaObjective_Note_GeneralsSteakHouse	GeneralsSteakhouseExt03	ExtCell	
0039198C	CB04_WatogaObjective_Note_AbbiesBunker	Abbie's Bunker	NameParse	
00391990	CB04_WatogaObjective_Note_AlleghenyAsylum	Fort Defiance	NameParse	
00391992	CB04_WatogaObjective_Note_MorgantownHighschool	Morgantown High School	NameParse	
0039FC6F	FFZ13_GiantTeapotAd	Vault-Tec Ag Research Center	NameParse	
003A01B5	Template_CharlestonNote	[CELL:0000DD46]	ExtCell	
003A01B6	Template_CharlestonHeraldNote	[CELL:0000DD46]	ExtCell	
003A01B7	TestDoDNote			
003A01B8	Template_EnvelopeNote02	[CELL:0000DD46]	ExtCell	
003A01B9	Template_FreeStatesNote	[CELL:0000DD46]	ExtCell	
003A01BA	Template_GarahanNote	[CELL:0000DD46]	ExtCell	
003A01BB	Template_HornwrightNote	[CELL:0000DD46]	ExtCell	
003A01BC	Template_JournalNote	[CELL:0000DD46]	ExtCell	
003A01BD	Template_LinedPaper01Note	[CELL:0000DD46]	ExtCell	
003A01BE	Template_LinedPaperLowNote	Quick Test Cell	NameParse	
003A01BF	Template_Notebook01	[CELL:0000DD46]	ExtCell	
003A01C0	Template_Notebook02	[CELL:0000DD46]	ExtCell	
003A01C1	Template_NotePlain01	Quick Test Cell	NameParse	
003A01C2	Template_NotePlain02	Quick Test Cell	NameParse	
003A01C3	Template_NotePlain03	[CELL:0000DD46]	ExtCell	
003A01C4	Template_NotePlain04	[CELL:0000DD46]	ExtCell	
003A01C5	Template_EnclaveNote	[CELL:0000DD46]	ExtCell	
003A01C6	Template_PostCard02	[CELL:0000DD46]	ExtCell	
003A01C7	Template_PostCard03	[CELL:0000DD46]	ExtCell	
003A01C8	Template_PostCardUncannyNote	[CELL:0000DD46]	ExtCell	
003A01C9	Template_PresidentNote	[CELL:0000DD46]	ExtCell	
003A01CA	Template_PropagandaNote	[CELL:0000DD46]	ExtCell	
003A01CB	Template_WhiteSpringNote	[CELL:0000DD46]	ExtCell	
003A080D	LC110_ComplaintNote	PalaceOfTheWindingPathExt03	ExtCell	
003A0816	Recipe_Workshop_Walls_Warehouse_GarageDoor	RGProcessingServicesExt	ExtCell	
003A0819	POST_Recipe_Workshop_PowerConnectors_FiringTargets			
003A081B	Recipe_Workshop_Lights_MarqueeArrows			
003A081D	Recipe_Workshop_Lights_Lightboxes			
003A0820	Recipe_Workshop_Chairs_Chairs_Kitchen			
003A0822	Recipe_Workshop_PowerConnectors_Terminal			
003A0B9F	LC188_WadeAirport_GuardNote	WadeAirportExt06	ExtCell	
003A0BA3	LC177_LoreNote_Groves	GrovesFamilyCabinsExt	ExtCell	
003A0BAD	LC145_LoreNote_Quartermaster			
003A100F	TWlore_Clarksburg_CooperLu			
003A1010	TWlore_GraftonSteel			
003A10BC	Charleston_Lore_ResponderThankYouNote			
003A10BD	Charleston_Lore_ResponderRecruitingFlyer			
003A10BE	Charleston_Lore_ResponderLetter			
003A10BF	Charleston_Lore_KatelynReplyLetter			
003A13A8	LC127_RedRocketMegaStopReview	RedRocketMegaStopExt08	ExtCell	
003A13A9	LC049_GeneralsSteakhouseReview	GeneralsSteakhouseExt03	ExtCell	
003A13AA	POI175_LadyJanetSoftServeReview	LadyJanetSoftServeExt	ExtCell	
003A13B9	POI231_DWDSpruceKnobLakeNote01	SpruceKnobCampgroundExt09	ExtCell	
003A13BA	POI232_DWDSpruceKnobChannelsNote01	[CELL:0026239F]	ExtCell	
003A13BB	POI143_DWDPostCardMonorailElevatorNote01	MonorailElevatorExt	ExtCell	
003A13BC	POI108_DWDMountainNukeCrater02Note01	[CELL:00261967]	ExtCell	
003A13BD	POI107_DWDMountainNukeCrater01Note01	FoundationOutpostExt07	ExtCell	
003A13BE	POI085_DWDMonongahOverlookNote01	MonongahOverlookExt	ExtCell	
003A13BF	POI233_DWDLakeEloiseNote01	[CELL:00261E27]	ExtCell	
003A13C0	POI268_DWDHighlandMarshNote01	HighlandMarshExt	ExtCell	
003A1774	FS_Abbie_ReturnScenarios	Abbie's Bunker	NameParse	
003A177F	recipe_Clothes_CivilWarEraDress			
003A1780	recipe_Clothes_CivilWarEraSuit			
003A1781	zzz_recipe_Clothes_CivilWarOutfit02			
003A1782	recipe_Clothes_CivilWarUniformConfederate			
003A1783	recipe_Clothes_CivilWarUniformUnion			
003A1788	recipe_Clothes_HalloweenCostume01_Witch			
003A1789	recipe_Clothes_HalloweenCostume02_Skeleton			
003A178D	recipe_Clothes_SkiingPurpleAndWhiteOutfit			
003A17BF	AmmoDump_Note01	AmmoDumpExt	ExtCell	
003A17C2	OrwellOrchards_Note01	OrwellOrchardsExt	ExtCell	
003A17D3	NewRiverGorgeResort_Note01	NewRiverGorgeResortExt08	ExtCell	
003A17D4	NewRiverGorgeResort_Note02	NewRiverGorgeResortExt08	ExtCell	
003A1B07	LC110_MeditationNoiseNote	PalaceOfTheWindingPathExt03	ExtCell	
003A1B1C	LC110_ChildsNote	PalaceOfTheWindingPathExt07	ExtCell	
003A1B1E	LC117_CultLeaderManuscript02	PointPleasantExt	ExtCell	
003A1FF5	RSVP03_Book_Schematics			
003A1FF6	RSVP03_Book_LORE_FlatwoodsSupplyDelivery	MorgantownAirportExt10	ExtCell	
003A1FF8	RSVP03_Book_GotoTerminal			
003A2002	RSVP03_Book_LORE_Sweetbean	MorgantownAirportExt10	ExtCell	
003A2004	RSVP03_Book_LORE_DontTouch	MorgantownAirportExt10	ExtCell	
003A2006	RSVP03_Book_LORE_Tasks	MorgantownAirportExt10	ExtCell	
003A2008	RSVP03_Book_LORE_FlatwoodsKiosks	MorgantownAirportExt10	ExtCell	
003A201C	RSVP00_Book_Recipe11_LabradorTea	Raleigh Clay's Bunker	NameParse	
003A2021	RSVP00_Book_Recipe12_CompanyTea	SuperiorSunsetFarmExt	ExtCell	
003A2025	RSVP00_Book_Recipe13_GrannysTea	MacsFarmExt	ExtCell	
003A202D	RSVP00_Book_LORE_Guestbook	FlatwoodsExt06	ExtCell	
003A2030	RSVP00_Book_LORE_Colonel_Kid	FlatwoodsExt06	ExtCell	
003A2032	RSVP00_Book_LORE_Imissyoudad_Colonelkid	FlatwoodsExt06	ExtCell	
003A2034	RSVP00_Book_LORE_Sorry	FlatwoodsExt06	ExtCell	
003A2036	RSVP00_Book_LORE_NothingHelps	FlatwoodsExt06	ExtCell	
003A2038	RSVP00_Book_LORE_Prayer	HavenChurchExt02	ExtCell	
003A203A	RSVP00_Book_LORE_Iforgiveyou_Colonelkid	FlatwoodsExt06	ExtCell	
003A203C	RSVP00_Book_LORE_Greg			
003A204A	RSVP00_Book_LORE_IrememberYouMom	[CELL:00262D9A]	ExtCell	
003A204D	RSVP00_Book_LORE_Sweetheart	MorgantownAirportExt03	ExtCell	
003A5611	EN07_LaunchCodeAlpha01			Nuke Master Quest
003A5612	EN07_AccessCodeAlpha			Nuke Master Quest
003A5613	EN07_LaunchCodeBeta01			Nuke Master Quest
003A5614	EN07_AccessCodeBeta			Nuke Master Quest
003A5615	EN07_LaunchCodeGamma01			Nuke Master Quest
003A5616	EN07_AccessCodeGamma			Nuke Master Quest
003A9094	KnifeEdge_Note_Salvage	KnifeEdgeExt	ExtCell	
003AB078	Template_EnvelopeNote01	[CELL:0000DD46]	ExtCell	
003AB07A	Template_DepartmentofDefenseNote	[CELL:0000DD46]	ExtCell	
003AC529	AutumnAcreCabin_Note_01	AutumnAcreCabinExt	ExtCell	
003AEF9F	MTNS01_RespondersNote01			Signal Strength
003B32E8	RSVP01_Book_LORE_EquipmentCheckOutSheet	FlatwoodsExt	ExtCell	
003B7D31	RE_ObjectJM02_BoSNote			Brotherhood Caravan
003B7F2D	RS03_Recipe_Chem_RadawayDiluted			
003B7F2E	RS03_Recipe_Chem_RadXDiluted			
003B9806	The_Domestics_02	[CELL:00263664]	ExtCell	
003B9807	The_Domestics_03	[CELL:0026267D]	ExtCell	
003B9808	The_Domestics_01	[CELL:002629A8]	ExtCell	
003BAC8F	Template_DotMatrixPrinterNote01	DevCoryWorld02	ExtCell	
003BD55E	CUT_RSVP02_Book_QT_Password			
003BD55F	RSVP02_Book_LORE_Concerns	Morgantown Airport Terminal	NameParse	
003BDB6D	LC117_BathroomKeyNote	PointPleasantExt07	ExtCell	
003C5B82	RSVP01_Book_LORE_Report_WaterJuly	FlatwoodsTavernExt	ExtCell	[RSVP Master]
003C5B85	RSVP00_Book_LORE_SurvivorsGuilt	FlatwoodsExt06	ExtCell	
003C614F	RSVP02_Book_LORE_Certificate_Completion	Morgantown Airport Terminal	NameParse	
003C7AF7	LC188_WadeAirport_LandonsNote	WadeAirportExt08	ExtCell	
003C7AF8	POI158_BaileyFamilyCabin_Note	BaileyFamilyCabinExt	ExtCell	
003C7AFA	POI208_YellowSandysStill_Note	YellowSandysStillExt04	ExtCell	
003C7AFB	POI207_SafenCleanDisposal_Note	SafeNCleanDisposalExt	ExtCell	
003C7B03	LC175_MunicipalCenter_Note	Watoga Municipal Center	NameParse	
003C7B20	POI282_LoreNote_SkeletonMaking	BraxsonsQualityMedicalSuppliesExt02	ExtCell	
003C7BE5	Recipe_Workshop_Tables_AsylumEndTables			
003C7BE6	Recipe_Workshop_Tables_CafeTables			
003C7BE7	Recipe_Workshop_Tables_ChargenWoodSet			
003C7BE8	Recipe_Workshop_Tables_Desks_Wooden			
003C7BE9	Recipe_Workshop_Tables_Fancy01			
003C7BEA	Recipe_Workshop_Tables_Federalist01			
003C7BEB	Recipe_Workshop_Tables_HighTechRoundTable01_Dirty			
003C7BEC	Recipe_Workshop_Tables_MetalTables			
003C7BED	Recipe_Workshop_Tables_ModernDomestic_Ruin_Kitchen			
003C7BEE	Recipe_Workshop_Tables_ModernDomestic_Ruin_LivingRoom			
003C7BEF	Recipe_Workshop_Tables_NpcTableVaultSit02			
003C7BF0	Recipe_Workshop_Tables_OfficeDesk01			
003C7BF1	Recipe_Workshop_Tables_TablePatio01			
003C7BF2	Recipe_Workshop_Tables_NpcTablePicnicSit01			
003C7BF3	Recipe_Workshop_Tables_PlayerHouse_Ruin_Kitchen			
003C7BF4	Recipe_Workshop_Tables_PlayerHouse_Ruin_LivingRoom			
003C7BF5	Recipe_Workshop_Tables_PoolTable01			
003C7BF6	Recipe_Workshop_Tables_Primitive_LivingRoom			
003C7C00	Recipe_Workshop_Lights_MirrorBall01			
003C7C04	Recipe_Workshop_Lights_TableLamps_NixieTubeLight			
003C946C	POI080_BigFredsBBQReview	BigFredsBBQShackExt	ExtCell	
003C946D	POI236_SlocumJoesReview	SlocumsJoeExt	ExtCell	
003C946E	POI275_Prayer			
003C94C6	Recipe_Workshop_Lights_AntiqueLights			
003C94DC	Recipe_Workshop_Chairs_Chairs_Metal_Lounge			
003C94DE	Recipe_Workshop_Chairs_Chairs_Metal_Office			
003C94E0	Recipe_Workshop_Chairs_Chairs_Metal_Whitespring			
003C94E6	Recipe_Workshop_Chairs_Chairs_Padded_ElectricChair			
003C94E8	Recipe_Workshop_Chairs_Chairs_Padded_Fancy			
003C94EA	Recipe_Workshop_Chairs_Chairs_Padded_Modern			
003C94EC	Recipe_Workshop_Chairs_Chairs_Padded_Whitespring			
003C94F1	Recipe_Workshop_WallDecor_WallPaintings_Whitespring			
003C94F6	Recipe_Workshop_WallDecor_PoweredPoster_Adverts			
003C94F8	Recipe_Workshop_WallDecor_PoweredPoster_Communism			
003C94FA	Recipe_Workshop_WallDecor_PoweredPoster_Unstoppables			
003CC136	Recipe_Cooking_SweetRollGourmet	76 QA Smoke	NameParse	
003CD099	Nuke_FullCode			Nuke_Codes
003CD0E8	RSVP00_Book_Recipe03_CornPone	TylerCountyFairgroundsExt03	ExtCell	
003CD66C	LC174_PoemNote_CBLore_Note	Watoga High School	NameParse	
003CDA31	RE_TravelMD02_Note			Scorched Patrol
003CDB33	LC060_WhitespringTerminationNotice	Whitespring Mall	NameParse	
003CE670	MTR05_BlackwellNoOn6	Hornwright Industrial HQ	NameParse	
003CE67D	MTR06_StudyMaterial_Breathing	CharlestonFireDeptExt03	ExtCell	Into the Fire
003CE682	MTR06_StudyMaterial_FirstAid	CharlestonFireDeptExt02	ExtCell	Into the Fire
003CE684	MTR06_StudyMaterial_MineSignals	CharlestonFireDeptExt02	ExtCell	Into the Fire
003CE686	MTR06_StudyMaterials_FirstAid_OLD			
003CE688	MTR06_StudyMaterial_FightingScorched	CharlestonFireDeptExt03	ExtCell	Into the Fire
003CE68D	EN01_BackOffSam	Sam Blackwell's Bunker	NameParse	
003CE690	EN01_DeptAgProjects	Sam Blackwell's Bunker	NameParse	
003CE69C	LC004_AlleghenyAsylum_CBLore_DuransNotes04	Fort Defiance	NameParse	
003CE69E	LC004_AlleghenyAsylum_CBLore_CharlestonHerald_AsylumEditorial	AbandonedBogTownExt	ExtCell	
003CE6A1	LC178_WatogaPlaza_CBLore_AsylumArticleDraft	WatogaTransitHubExt	ExtCell	
003CE6A3	LC148_Sutton_CultChurch_LeadersJournal01	SuttonExt	ExtCell	
003CE6A5	LC148_Sutton_BodyShop_Note01	SuttonExt03	ExtCell	
003CE6A7	LC148_Sutton_HorseshoeHouse_ShoppingList	[CELL:002633F5]	ExtCell	
003CE6A9	LC148_Sutton_PartyHouse_EndoftheWorldParty01	SuttonExt	ExtCell	
003CE6AB	LC148_Sutton_DIYAirplane_RippedNote	SuttonExt	ExtCell	
003CE6B3	CharlestonHerald_AMSArticle	CharlestonHeraldExt	ExtCell	
003CEA82	LC058_EvacuationNote	Radio Astronomy Research Center	NameParse	
003CEA8C	LC058_EvacuationNote02	Radio Astronomy Research Center	NameParse	
003CF389	Morgantown_Lore_MartialLawNotice			
003CF38A	Morgantown_Lore_RallyNotice			
003CF38B	Summersville_Lore_PotatoContest1			
003CF38C	Summersville_Lore_PotatoContest2			
003CF38D	Summersville_Lore_PotatoContest3			
003CF38E	Morgantown_Lore_RallyFlyer			
003CF44B	POI235_DWDAnchorFarmNote01	Quick Test Cell	NameParse	
003CF44C	LC010_DWDBeckleyNote01	BeckleyExt03	ExtCell	
003CF44D	LC100_DWDMountBlairTranyardNote01	MountBlairTrainyardExt07	ExtCell	
003CF483	LC075_LewisburgVisitorsCenterNote	LewisburgExt02	ExtCell	
003CF486	LC075_LewisburgRaidersNote	LewisburgExt04	ExtCell	
003CF48D	CampMcClintock_LoreNote01	CampMcClintockExt02	ExtCell	
003CF556	LC191_MessagesNote	FederalDisposalFieldExt04	ExtCell	
003CF79E	LC139_Summersville_VotingFlier	SummersvilleExt03	ExtCell	
003CF7A0	LC139_Summersville_LakeHouse_Note01	LakesideCabinsExt02	ExtCell	
003CF7A2	LC148_Sutton_PartyHouse_EndoftheWorldParty02	Quick Test Cell	NameParse	
003CF7A3	LC143_SummersvilleMansions_PestsNote01	HornwrightSummerVillaExt	ExtCell	
003CF7A5	LC143_SummersvilleMansions_NoiseComplaint	TorranceHouseExt	ExtCell	
003CF802	LC013_BigBendNote1	Big Bend Tunnels	NameParse	
003CF803	LC013_BigBendNote2	Big Bend Tunnels	NameParse	
003CF804	LC013_BigBendNote3	Big Bend Tunnels	NameParse	
003CF805	LC013_BigBendNote4	Big Bend Tunnels	NameParse	
003CF806	LC013_BigBendNote5	Big Bend Tunnels	NameParse	
003CF807	LC013_BigBendNote6	Big Bend Tunnels	NameParse	
003CFB3A	ENB_NukedFloraGuide_Blue	Whitespring Bunker	NameParse	
003CFB3B	ENB_NukedFloraGuide_Yellow	Whitespring Bunker	NameParse	
003CFB3C	ENB_NukedFloraGuide_Red	Whitespring Bunker	NameParse	
003CFB3D	ENB_NukedFloraGuide_Purple	Whitespring Bunker	NameParse	
003CFB3E	ENB_NukedFloraGuide_Orange	Whitespring Bunker	NameParse	
003CFB4B	ENB_MireLab_WhatHaveIDone	[CELL:0026034B]	ExtCell	
003CFB57	MTR_AMSTestSite_Transcript	AMSTestSiteExt02	ExtCell	
003CFB62	FS_RaleighChores	Raleigh Clay's Bunker	NameParse	
003CFB68	FS_CharlieIOUWhiskey	Ella Ames' Bunker	NameParse	
003CFB6C	FS_CharlieIOUSmokes	Ella Ames' Bunker	NameParse	
003CFB6E	FS_CharlieIOUBeer	Ella Ames' Bunker	NameParse	
003CFB70	FS_CharlieIOUToiletPaper	Ella Ames' Bunker	NameParse	
003CFB72	FS_StephanieNote	Ella Ames' Bunker	NameParse	
003CFB75	POI162_Dreams	Quick Test Cell	NameParse	
003CFB76	LC195_LetterToTucker	DabneyHomesteadExt02	ExtCell	
003CFB79	POI242_ModelHome	ExcelsiorModelHomeExt	ExtCell	
003CFB7B	POI276_TanagraTown	TanagraTownExt	ExtCell	
003CFB7C	LC161_LucyJournal	Valley Galleria	NameParse	
003CFB7D	FS_AbbieHarpersFerry	HarpersFerryExt03	ExtCell	
003D036C	MTR11_WantedKobolds			
003D0D40	Recipe_Serum_AdrenalReaction			
003D0D41	Recipe_Serum_BirdBones			
003D0D42	Recipe_Serum_Carnivore			
003D0D43	Recipe_Serum_Chameleon			
003D0D44	Recipe_Serum_EagleEyes			
003D0D56	Recipe_Serum_EggHead			
003D0D57	Recipe_Serum_ElectricallyCharged			
003D0D58	Recipe_Serum_Empath			
003D0D59	Recipe_Serum_Grounded			
003D0D5A	Recipe_Serum_HealingFactor			
003D0D5B	Recipe_Serum_Herbivore			
003D0D5C	Recipe_Serum_HerdMentality			
003D0D5D	Recipe_Serum_Marsupial			
003D0D5E	Recipe_Serum_PlagueWalker			
003D0D5F	Recipe_Serum_ScalySkin			
003D0D60	Recipe_Serum_SpeedDemon			
003D0D61	Recipe_Serum_Talons			
003D0D62	Recipe_Serum_TwistedMuscles			
003D0D63	Recipe_Serum_UnstableIsotope			
003D0EF0	BoS01CommandCenterPassword	[CELL:00050B2C]	ExtCell	Defiance Has Fallen
003D0EF2	BoS01SecureRoomNote	[CELL:00050B2C]	ExtCell	Defiance Has Fallen
003D1343	LC024_HornwrightNote	Charleston Capitol Building	NameParse	
003D142C	LC024_PresidentLetterToGovEvans	Charleston Capitol Building	NameParse	
003D142D	LC024_XmasNotice	Charleston Capitol Building	NameParse	
003D1480	LC024_GovProclaimationSamBlackwell	Charleston Capitol Building	NameParse	
003D153C	LC024_RuinedServerNote	Charleston Capitol Building	NameParse	
003D1588	LC023_CharlestonNoteEmergency	Quick Test Cell	NameParse	
003D1589	LC167_CEONoteOLD			
003D15CF	LC167_Ceo_Note	Quick Test Cell	NameParse	
003D226F	POI_BirdwatchersNote	[CELL:00263ECA]	ExtCell	
003D57C4	LC095_BirthdayToastNote	MorgantownExt08	ExtCell	
003D57C5	LC095_BarbershopOwnerNote	MorgantownExt10	ExtCell	
003D57C6	LC095_VTUPostcardNote03	VaultTecUExt05	ExtCell	
003D57C7	LC095_VTUPostcardNote04	MorgantownExt43	ExtCell	
003D57C8	LC095_StudentBookCoverNote01	MorgantownExt03	ExtCell	
003D57D1	LC095_ApartmentRenterNote	Shadowbreeze Apartments	NameParse	
003D57D3	LC095_VTUPostcardNote05	Shadowbreeze Apartments	NameParse	
003D57D5	LC095_VTUPostcardNote06	MorgantownExt02	ExtCell	
003D57D7	LC095_VTUPostcardNote07	MorgantownExt19	ExtCell	
003D57D9	LC095_VTUPostcardNote08	MorgantownExt20	ExtCell	
003D5B46	Helvetia_LoreNote_Freyja	HelvetiaExt02	ExtCell	
003D5B4A	Helvetia_LoreNote_ChseeseHaus	HelvetiaExt02	ExtCell	
003D5B4D	Helvetia_LoreNote_BookStore	HelvetiaExt04	ExtCell	
003D5B4F	Helvetia_LoreNote_Blackpowder			
003D5B52	CUT_SFS09_Habitat_LoreJournal			
003D5B5D	LC051_Grafton_DariusAngler01	GraftonExt08	ExtCell	
003D5B5E	LC051_RemoteCabin_DariusAngler05	[CELL:00262BF4]	ExtCell	
003D5DC1	AMSHQ_CBLore_SueThem	AMS Headquarters	NameParse	
003D5F14	PortsidePub_LoreNote01	PortsidePubExt	ExtCell	
003D5F2E	Recipe_Cooking_CranberryMeatballGrinderGourmet	76 QA Smoke	NameParse	
003D5F31	Recipe_Cooking_CranberryTastyJam	76 QA Smoke	NameParse	
003D5F34	Recipe_Cooking_CranberryTastyRelish	76 QA Smoke	NameParse	
003D5F38	Recipe_Cooking_SwampPlantTastyTofuSoup	76 QA Smoke	NameParse	
003D5F3A	Recipe_Cooking_VenisonWithStarlightBerriesGourmet	76 QA Smoke	NameParse	
003D5F3D	Recipe_Cooking_MirelurkAndBloodleafGourmet	76 QA Smoke	NameParse	
003D5F40	Recipe_Cooking_BlackberryHoneyCrispGourmet	76 QA Smoke	NameParse	
003D5F43	Recipe_Cooking_SmokedMirelurkGourmet	76 QA Smoke	NameParse	
003D6152	LC019_BrandonNote	CamdenParkExt09	ExtCell	
003D6153	LC039_KarringtonNote	DollySodsWildernessExt04	ExtCell	
003D6154	LC098_ElliotLetter	MorgantownTrainyardExt	ExtCell	
003D6174	Recipe_mod_armor_Wood_Shrouded			Early Warnings
003D61C4	LC060_WhitespringGolfCourseArchitectNote	WhitespringGolfCourse46	ExtCell	
003D64BF	LC096_GardenNote	[CELL:00262D9A]	ExtCell	
003D64C5	LC096_MiguelBRBNote	Morgantown Airport Terminal	NameParse	
003D64CE	Recipe_Workshop_Benches_Metal_HighTechMetal			
003D64D0	Recipe_Workshop_Benches_Metal_VaultMetal			
003D64DA	Recipe_Workshop_Benches_Wood_Simple_Long			
003D64DC	Recipe_Workshop_Benches_Wood_Simple_Short			
003D64DE	Recipe_Workshop_Benches_Wood_ChurchPew_Long			
003D64E0	Recipe_Workshop_Benches_Wood_ChurchPew_Short			
003D64E2	Recipe_Workshop_Benches_Wood_Park			
003D64E4	Recipe_Workshop_Benches_Wood_Primitive_Long			
003D64E6	Recipe_Workshop_Benches_Wood_Primitive_Short			
003D64E8	Recipe_Workshop_Benches_Wood_Whitesprings			
003D64F1	Recipe_Workshop_WallDecor_WallClocks_Cuckoo			
003D64F3	Recipe_Workshop_WallDecor_WallClocks_NukaCola			
003D64F5	Recipe_Workshop_WallDecor_WallClocks_Starburst			
003D64F7	Recipe_Workshop_WallDecor_WallClocks_Whitesprings			
003D64F9	Recipe_Workshop_WallDecor_WallClocks_Whitesprings_02			
003D64FC	Recipe_Workshop_Shelves_CharGen_Shelf03			
003D64FD	Recipe_Workshop_Shelves_GroceryStore_OneSided			
003D64FE	Recipe_Workshop_Shelves_GroceryStore_TwoSided			
003D64FF	zzz_Recipe_Workshop_Shelves_MagazineRackContainer01			
003D6500	Recipe_Workshop_Shelves_MagazineRackContainer02			
003D6501	Recipe_Workshop_Shelves_WksDisplayCaseWood			
003D6502	Recipe_Workshop_Shelves_Metal01			
003D6504	Recipe_Workshop_WallDecor_SignsMetal_Whitespring			
003D6506	Recipe_Workshop_WallDecor_SignsMetal			
003D6508	Recipe_Workshop_WallDecor_Posters_VaultSafety			
003D650B	Recipe_Workshop_Couches_Whitespring			
003D650D	Recipe_Workshop_Couches_Modern			
003D650F	Recipe_Workshop_Couches_Office			
003D6511	Recipe_Workshop_Couches_Elegant			
003D6517	Recipe_Workshop_Container_Fancy01			
003D6518	Recipe_Workshop_Container_ToolboxLarge			
003D6519	Recipe_Workshop_Container_Vault_Locker_01			
003D651A	Recipe_Workshop_Container_Vault_Dresser_01			
003D651B	Recipe_Workshop_Container_Vault_Desk_01			
003D651C	Recipe_Workshop_Container_BearProof_Trashcan			
003D651E	Recipe_Workshop_Container_Prewar_TrashCan			
003D651F	Recipe_Workshop_Container_Prewar_NewsStand			
003D6520	Recipe_Workshop_Container_Prewar_Locker_01			
003D6521	Recipe_Workshop_Container_Prewar_Safe			
003D6522	Recipe_Workshop_Container_MetalBox			
003D6523	Recipe_Workshop_Container_FootLocker			
003D6524	Recipe_Workshop_Container_Prewar_Fancy_Bureau01			
003D6525	Recipe_Workshop_Container_Prewar_WoodCrate			
003D6526	Recipe_Workshop_Container_Dumpster01			
003D6527	Recipe_Workshop_Container_ToolChest			
003D6528	Recipe_Workshop_Container_PlayerHouse_Dressers			
003D6529	Recipe_Workshop_Container_OfficeFileCabinets			
003D652A	Recipe_Workshop_Container_Toolbox			
003D652B	Recipe_Workshop_Container_Prewar_Suitcase_Clothes_Clean			
003D652C	Recipe_Workshop_Container_Cooler			
003D652D	Recipe_Workshop_Container_Prewar_Cabinet_Garage			
003D652E	Recipe_Workshop_Container_WorkshopSafeFloor01			
003D6532	Recipe_Workshop_Instruments_Pianos			
003D6533	Recipe_Workshop_Instruments_Wind			
003D6534	Recipe_Workshop_Instruments_Wood			
003D6535	Recipe_Workshop_WallDecor_FlagWallUSA			
003D6536	Recipe_Workshop_DefensiveStructures_Siren			
003D6546	recipe_mod_armor_UnderArmor_BOS_Mk4			
003D6547	recipe_mod_armor_UnderArmor_BOS_Mk5			
003D6548	recipe_mod_armor_UnderArmor_Casual_Mk4			
003D6549	recipe_mod_armor_UnderArmor_Casual_Mk5			
003D654A	recipe_mod_armor_UnderArmor_Marine_Mk4			
003D654B	recipe_mod_armor_UnderArmor_Marine_Mk5			
003D654C	recipe_mod_armor_UnderArmor_Raider_Mk4			
003D654D	recipe_mod_armor_UnderArmor_Raider_Mk5			
003D654E	Recipe_Workshop_Trap_ElectricalArc			
003D6550	Recipe_Workshop_Trap_Flamethrower			
003D6618	POI264_ScoutReportNote	TreetopsExt	ExtCell	
003D6619	POI182_TradeDealNote	TheSludgeHoleExt	ExtCell	
003D661A	POI182_AnotherSpringNote	TheSludgeHoleExt	ExtCell	
003D661B	POI162_DoctorsNote	MossTownExt	ExtCell	
003D661C	POI162_LoungeRulesNote	MossTownExt	ExtCell	
003D69C0	POI163_TheMawNote	BigMawExt02	ExtCell	
003D74A1	Recipe_Cooking_StingwingMeatTastyStew	76 QA Smoke	NameParse	
003D74A3	Recipe_Cooking_RadscorpionMeatTasty	76 QA Smoke	NameParse	
003D74A5	Recipe_Cooking_RadToadLegTasty	76 QA Smoke	NameParse	
003D74A7	Recipe_Cooking_MegaslothMeatTasty	76 QA Smoke	NameParse	
003D74A9	Recipe_Cooking_MirelurkQueenMeatTasty	76 QA Smoke	NameParse	
003D74AB	Recipe_Cooking_ScorchBeastTastyStew	76 QA Smoke	NameParse	
003D74AC	Recipe_Cooking_FriedDeerskinsTasty	76 QA Smoke	NameParse	
003D75B3	FS_Abbie_ToDoList	Abbie's Bunker	NameParse	
003D7776	DarlingSisters_LoreNote01			
003D7779	DarlingSisters_LoreNote02			
003D78A5	Charleston_LoreNote_Church	CharlestonCenter	ExtCell	
003D78A7	Charleston_LoreNote_BombedHouse01	CharlestonExtNorth05	ExtCell	
003D78A9	Charleston_LoreNote_BombedHouse02	CharlestonExtNorth05	ExtCell	
003D78AB	Charleston_LoreNote_DoctorOffice02	CharlestonExtNorth03	ExtCell	
003D78AD	Charleston_LoreNote_Safe	CharlestonExtNorth03	ExtCell	
003D78AF	Charleston_LoreNote_TattooParlor	CharlestonExtNorth02	ExtCell	
003D78B2	Charleston_LoreNote_DoctorOffice01	CharlestonExtNorth05	ExtCell	
003D78B4	Charleston_LoreNote_RiverfrontHouse	CharlestonOrbitalSiteExt	ExtCell	
003D78B6	Charleston_LoreNote_Slocums	CharlestonExtSouth05	ExtCell	
003D78B8	Charleston_LoreNote_TherapyOffice	CharlestonExtNorth05	ExtCell	
003D7A06	Charleston_LoreNote_Summersville01	SummersvilleDamExt	ExtCell	
003D7A08	Charleston_LoreNote_Summersville02	SummersvilleDamExt	ExtCell	
003D7A0A	Charleston_LoreNote_Summersville03	SummersvilleDamExt03	ExtCell	
003D7A0C	Charleston_LoreNote_Summersville04	SummersvilleDamExt02	ExtCell	
003D7A0E	Charleston_LoreNote_Trainyard01	CharlestonTrainyardExt03	ExtCell	
003D7A0F	Charleston_LoreNote_Trainyard02	CharlestonTrainyardExt03	ExtCell	
003D7A3D	LC067_Graveyard_Note01	[CELL:00261BBD]	ExtCell	
003D7A3E	LC067_Graveyard_Note02	[CELL:00261BBD]	ExtCell	
003D7A7D	LC182_WendigoCave_RaiderNote	Wendigo Cave	NameParse	
003D7EFB	LC044_JeremiahWardNote01DUPLICATE000	FlatwoodsTavernExt02	ExtCell	
003D7F05	LC095_RoofGangNote01	VaultTecUExt05	ExtCell	
003D7F07	LC095_StreetGangNote01	MorgantownExt05	ExtCell	
003D7F0E	LC096_OHolyNightNote	Quick Test Cell	NameParse	
003D7F97	recipe_mod_armor_UnderArmor_BOS_Mk2			
003D7F98	recipe_mod_armor_UnderArmor_BOS_Mk3			
003D7F99	recipe_mod_armor_UnderArmor_Casual_Mk2			
003D7F9A	recipe_mod_armor_UnderArmor_Casual_Mk3			
003D7F9B	recipe_mod_armor_UnderArmor_Enclave_Mk2			
003D7F9C	recipe_mod_armor_UnderArmor_Enclave_Mk3			
003D7F9D	recipe_mod_armor_UnderArmor_Enclave_Mk4			
003D7F9E	recipe_mod_armor_UnderArmor_Enclave_Mk5	[CELL:0026034B]	ExtCell	
003D7FA0	recipe_mod_armor_UnderArmor_Marine_Mk2			
003D7FA1	recipe_mod_armor_UnderArmor_Marine_Mk3			
003D7FA2	recipe_mod_armor_UnderArmor_Raider_Mk2			
003D7FA3	recipe_mod_armor_UnderArmor_Raider_Mk3			
003D8005	TW007_OpinionLore	GraftonExt16	ExtCell	
003D8006	TW007_ClosedLore	GraftonDamExt06	ExtCell	
003DA648	Nuke_CodePageSilo00_00			Nuke_Master
003DA649	Nuke_CodePageSilo00_01			Nuke_Master
003DA64A	Nuke_CodePageSilo00_02			Nuke_Master
003DA64B	Nuke_CodePageSilo00_03			Nuke_Master
003DA64C	Nuke_CodePageSilo00_04			Nuke_Master
003DA64D	Nuke_CodePageSilo00_05			Nuke_Master
003DA64E	Nuke_CodePageSilo00_06			Nuke_Master
003DA64F	Nuke_CodePageSilo00_07			Nuke_Master
003DB3E6	RSVP00_Book_Recipe01_Appalachili	FlatwoodsTavernExt	ExtCell	
003DB454	TestRecipe_Notetype			
003DC3B6	LC007_HopewellCave_ReggiesNote	HopewellCaveExt04	ExtCell	
003DC3BA	LC011_BerkeleySprings_AppalachianAssassinNewspaper	BerkeleySpringsExt10	ExtCell	
003DC3BD	LC030_HavenChurch_PamelasNote	HavenChurchExt02	ExtCell	
003DC3C2	LC062_HarpersFerry_AngryNote	HarpersFerryExt05	ExtCell	
003DC3C3	LC062_HarpersFerry_LeonardsJournal	HarpersFerryExt02	ExtCell	
003DC3C4	LC062_HarpersFerry_JedsLetter	HarpersFerryArmory	ExtCell	
003DC3C8	LC145_CampVenture_HenrysLetter	SurvivalTrainingCenterExt02	ExtCell	
003DC3C9	LC145_CampVenture_ShelleysLetter	SurvivalTrainingCenterExt05	ExtCell	
003DC3CB	LC161_ValleyGalleria_LucysNote	BerkeleySpringsExt09	ExtCell	
003E036B	Nuke_SolutionSilo00			Nuke_Master
003E1360	EN01_QuinnCarterBlackwellNotes	CharlestonHeraldExt	ExtCell	Uncle Sam
003E156B	RE_ObjectCT02_KoraNote			
003E1B55	RE_ScenePS03_RewardCarNote			
003E1B56	RE_ScenePS03_RewardCramNote			
003E1B57	RE_ScenePS03_RewardCheckNote			
003E1F89	Template_FormatNote	Quick Test Cell	NameParse	
003E3CBD	Recipe_Cooking_PumpkinPieTasty	76 QA Smoke	NameParse	
003E5D37	Template_PostCardValleyGalleria01	[CELL:0000DD46]	ExtCell	
003E5D3A	Template_PostCardPumpkinHouse01	[CELL:0000DD46]	ExtCell	
003E5D3B	Template_PostcardRedRocketMegaStop01	[CELL:0000DD46]	ExtCell	
003E5D3D	Template_PostCardHarpersFerry02	[CELL:0000DD46]	ExtCell	
003E5D3E	Template_PostCardFreddyFears01	[CELL:0000DD46]	ExtCell	
003E5D40	Template_PostCardDollySods02	[CELL:0000DD46]	ExtCell	
003E5D41	Template_PostCardHarpersFerry01	[CELL:0000DD46]	ExtCell	
003E5D44	Template_PostCardDollySods01	[CELL:0000DD46]	ExtCell	
003E5D52	Template_PostCardBerkeleySprings01Note	[CELL:0000DD46]	ExtCell	
003E5D53	Template_PostCardBerkeleySprings02Note	[CELL:0000DD46]	ExtCell	
003E61DA	LC064_ShoppingListNote01	HillfolkHotDogsExt	ExtCell	
003E84BE	EN01_OutsideChecklist	Sam Blackwell's Bunker	NameParse	
003E84C2	EN01_LowOnFood	Sam Blackwell's Bunker	NameParse	
003E84C4	EN01_LockedOut	Sam Blackwell's Bunker	NameParse	
003E84CA	EN01_HeadFuzzy	Sam Blackwell's Bunker	NameParse	
003E84CD	EN01_Judy	Sam Blackwell's Bunker	NameParse	
003E84D2	EN01_TheBlackwellInterview	Whitespring Bunker	NameParse	
003E84E1	LC044_TavernOrderNote01	Quick Test Cell	NameParse	
003E84E2	LC044_TavernOrderNote02	FlatwoodsTavernExt	ExtCell	
003E84E3	LC044_TavernOrderNote03	FlatwoodsTavernExt	ExtCell	
003E84E4	LC044_TavernOrderNote04	Quick Test Cell	NameParse	
003E8517	LC095_LoveNote01	MorgantownExt09	ExtCell	
003E858F	SurvivialTrainingCenter_armoryNote			
003E98C8	RSVP03_Book_Syllabus			Tentative Plans
003E9FA7	RSVP00_Book_Recipe05_Deerskins	WavyWillardsWaterParkExt	ExtCell	
003E9FA8	RSVP00_Book_Recipe06_MountainHocks	BeckwithFarmExt02	ExtCell	
003E9FA9	RSVP00_Book_Recipe04_Cramburger	GeneralsSteakhouseExt03	ExtCell	
003EA83A	LC044_CookingLessonsNote01	FlatwoodsTavernExt	ExtCell	
003EA9B9	UntitledPoem04	POICranberryBog02Ext	ExtCell	
003EA9EB	UntitledPoem03	IsolatedCabinExt	ExtCell	
003EA9F2	UntitledPoem02	HillfolkHotDogsExt	ExtCell	
003EAA0D	UntitledPoem01	[CELL:00262351]	ExtCell	
003EAA29	LC044_FlatwoodsCasualtyReportNote01	Quick Test Cell	NameParse	
003EAA35	RSVP00_Book_Recipe08_PotholePotpie	TreehouseVillageExt03	ExtCell	
003EB31E	MTRZ05_LuckyMap001			
003EB3D4	Nuke_Solution_ALPHABET			
003EB3D6	TransceiverObjectSugarGrove01			
003EB6A0	NewRiverGorgeBridgeNote0			
003EBF6C	V94_3_PumpAlphaShutdownCode			Vault Mission  Washout<Alias=DifficultyModeLoc><Alias=RespiteZoneStateLoc>
003EBF6D	V94_3_PumpGammaShutdownCode			Vault Mission  Washout<Alias=DifficultyModeLoc><Alias=RespiteZoneStateLoc>
003EBF6E	V94_3_PumpDeltaShutdownCode			Vault Mission  Washout<Alias=DifficultyModeLoc><Alias=RespiteZoneStateLoc>
003EBF6F	V94_3_PumpBetaShutdownCode			Vault Mission  Washout<Alias=DifficultyModeLoc><Alias=RespiteZoneStateLoc>
003EC2AF	P01T_MarshallTest_BombDefusalManual	Quick Test Cell	NameParse	
003EC396	zzz_P01B_Lying_PrintOut			
003EE868	CUT_v96_tempnote			
003EEA19	P02T_MarshallFetchQuest_ErnestoBook	Quick Test Cell	NameParse	
003EEA3C	P02T_MarshallFetchQuest_Manuscript1			Green Hills of Appalachia
003EEA3D	P02T_MarshallFetchQuest_Manuscript2			Green Hills of Appalachia
003EEA3E	P02T_MarshallFetchQuest_Manuscript3			Green Hills of Appalachia
003EEA42	Recipe_Cooking_Donut_Fasnacht			
003EEA43	zzzRecipe_Cooking_Razorgrain_Flour			
003EEA44	Recipe_Cooking_Sausage_Fasnacht			
003EECDD	UD001_DoorCodeNote_A	Arktos Pharma Biome Lab	NameParse	
003EECDE	UD001_DoorCodeNote_B	Arktos Pharma Biome Lab	NameParse	
003EECDF	UD001_DoorCodeNote_C	Arktos Pharma Biome Lab	NameParse	
003EFB4C	P01B_Mini_Random02_Forensics	[CELL:00050B2C]	ExtCell	
003EFB4D	P01B_Mini_Random02_Animal	[CELL:00050B2C]	ExtCell	
003EFB4E	P01B_Mini_Random02_Jackson	[CELL:00050B2C]	ExtCell	
003EFB64	P01b_Mini_Random02_Journal	[CELL:00050B2C]	ExtCell	Unsolved  Tracking Terror
003EFC5F	Recipe_Chems_SFS09_FormulaP			
003F050F	E01F_Fasnacht_Analysis_Final	[CELL:00050B2C]	ExtCell	
003F0736	P01B_Lying02_WolfCheckin			The Lowe-Down
003F0737	P01B_Lying_02_Deed	Van Lowe Taxidermy	NameParse	The Lowe-Down
003F0738	P01B_Lying02_LaundryNote	Van Lowe Taxidermy	NameParse	The Lowe-Down
003F0739	P01B_Lying_02_BoPeepClue			The Lowe-Down
003F073A	zzz_P01B_Lying_02_WolfPrintOut			The Lowe-Down
003F073B	P01B_Lying_02_CryptidArticle	Van Lowe Taxidermy	NameParse	The Lowe-Down
003F0B2D	Recipe_Brewing_BeerBlackwaterBrew	Quick Test Cell	NameParse	
003F0B2E	Recipe_Brewing_BeerNewRiverRedAle			
003F0B2F	Recipe_Brewing_BeerOakHollerLager			
003F0B30	Recipe_Brewing_BeerOldPossum			
003F0B31	Recipe_Brewing_BeerPickAxePilsner			
003F0B32	Recipe_Brewing_CranberryMoonshine			
003F0B33	Recipe_Brewing_MountainHoneyMoonshine			
003F0B34	Recipe_Brewing_DLC04_NukaCola_Dark			
003F1212	Recipe_Mod_Camera_SnapMatic_Lens_105mm			
003F1213	Recipe_Mod_Camera_SnapMatic_Lens_200mm			
003F1214	P01C_Tadpole_Recipe_Mod_Camera_SnapMatic_Lens_NightVision			
003F1215	Recipe_Mod_Camera_SnapMatic_Lens_Targeting			
003F143E	E01F_Fasnacht_Analysis_Good			Event  Fasnacht Day
003F143F	E01F_Fasnacht_Analysis_Bad			Event  Fasnacht Day
003F1B6B	BMO_BunkerNote07_TastingAreaNote	Kanawha Nuka-Cola Plant	NameParse	
003F1BDA	BMO_BunkerNote07_CrashedPlaneNote	SFS08VineHeartCell01	ExtCell	
003F1BE0	BMO_BunkerNote07_SecretDoorsNote	OverlookCabinExt	ExtCell	
003F21AE	CUT_P01B_Mini_Squatch01_MichaelsJournal			
003F25F0	P01b_Mini_Random01_LetterToL	[CELL:00050B2C]	ExtCell	That Sinking Feeling
003F25F1	P01B_Mini_Random01_CryptidArticle2	[CELL:00050B2C]	ExtCell	That Sinking Feeling
003F25F2	zzz_P01B_Mini_Random01_PrintoutMeetingNotes			That Sinking Feeling
003F25F3	zzz_P01B_Mini_Random01_PrintoutCatBdays			That Sinking Feeling
003F25F4	P01B_Mini_Random01_Journal3	[CELL:00050B2C]	ExtCell	M01C_Athletics_Master
003F25F5	P01B_Mini_Random01_Journal2	[CELL:00050B2C]	ExtCell	M01C_Athletics_Master
003F25F6	P01B_Mini_Random01_Journal1	[CELL:00050B2C]	ExtCell	M01C_Athletics_Master
003F2694	P01b_Mini_Robot01_WolfLetterToPeep			Baa Baa Black Sheep
003F269F	ZZZP01b_Mini_Robot01_BlacksheepCode			
003F26A1	ZZZP01B_Mini_Robot01_Complaint			
003F3830	P01B_Mini_Random03_Book_Catalog	[CELL:00050B2C]	ExtCell	Unsolved  Death and Taxidermy
003F3831	P01B_Mini_Random03_Book_Note	[CELL:00050B2C]	ExtCell	Unsolved  Death and Taxidermy
003F446B	Recipe_Brewing_FirecrackerWhiskey_Manhattan			
003F446C	Recipe_Brewing_FirecrackerWhiskey_OldFashioned			
003F446D	Recipe_Brewing_LeadChampagne_Bellini			
003F446E	Recipe_Brewing_LeadChampagne_Mimosa			
003F446F	Recipe_Brewing_TickbloodTequila_Margarita			
003F4470	Recipe_Brewing_TickbloodTequila_Sunrise			
003F4600	Recipe_Workshop_Crafting_Brewing_Fermenter			
003F4747	zzz_DoNotUse			
003F4749	Recipe_Workshop_Crafting_Brewing_BeerKeg			
003F4769	Recipe_Workshop_FloorDecor_Fasnacht_AlpineHorn			
003F476C	Recipe_Workshop_WallDecor_Signs_GreekLetters			
003F4B1C	Recipe_Workshop_FloorDecor_Misc_Fasnacht_LanternPole_01			
003F4B1D	Recipe_Workshop_FloorDecor_Misc_Fasnacht_FlagPole_01			
003F4B1E	Recipe_Workshop_FloorDecor_Misc_Fasnacht_RibbonsPole_01			
003F4B1F	Recipe_Workshop_WallDecor_Misc_Fasnacht_WallFlag_01			
003F4B20	Recipe_Workshop_WallDecor_Misc_Fasnacht_MountedRibbons_01			
003F4B21	Recipe_Workshop_WallDecor_Misc_Fasnacht_BranchGarland_01			
003F4B22	Recipe_Workshop_WallDecor_Misc_Fasnacht_Garland_01			
003F4B23	Recipe_Workshop_WallDecor_Misc_Fasnacht_Streamers_01			
003F4B24	Recipe_Workshop_CeilingDecor_Misc_Fasnacht_Snowflakes_01			
003F4B25	Recipe_Workshop_CeilingDecor_Misc_Fasnacht_HangingRibbons_01			
003F4B26	Recipe_Workshop_FloorDecor_Rugs_Fasnacht_ConfettiPile_01			
003F4B2C	zzzRecipe_Headwear_Fasnacht_Beret			
003F5103	P01b_Mini_Random02_Journal01	[CELL:00050B2C]	ExtCell	
003F5105	P01b_Mini_Random02_Journal02	[CELL:00050B2C]	ExtCell	
003F514F	W05_MQS_201P_KeycardClue2_RSVP	[CELL:00050B2C]	ExtCell	Trade Secrets
003F5150	Template_CharlestonHeraldNewspaper	Quick Test Cell	NameParse	
003F5C51	Recipe_Brewing_WhiteRussian			
003F5CA0	P01B_Lying_01_Recipe_Workshop_WallDecor_Taxidermy_Wolf			
003F5E97	P01B_Mini_Squatch01_Recipe_Cooking_MeatPie			
003F5E98	P01B_Mini_Random04_Recipe_Workshop_FloorDecor_Rugs_PicnicBlanket			
003F5E9C	Recipe_Chem_StimGas			
003F6A24	zzz_P01B_Mini_Random01_PrintoutGhostNotes			That Sinking Feeling
003F6B59	Recipe_Workshop_FloorDecor_Misc_Fasnacht_Balloons_01			
003F6B5A	Recipe_Workshop_FloorDecor_Statues_Fasnacht_OldManWinter			
003F7F9F	CUT_Recipe_Workshop_FloorDecor_Misc_Fasnacht_Effigy			
003F8808	V94_2_Utility_PumpCodePage			Vault Mission  Meltdown<Alias=DifficultyModeLoc><Alias=RespiteZoneStateLoc>
003FB9E4	recipe_mod_PowerArmor_X01_Material_Paint_NukaQuantum			
003FBB9C	ZZZRecipe_Brewing_ToxicGin			
003FBB9D	recipe_mod_BowieKnife_Material_Paint_Scout			
003FBCA9	W05_MQS_201P_KeycardClue3_Newspaper	[CELL:00050B2C]	ExtCell	Trade Secrets
003FBCAA	W05_MQS_201P_KeycardClue4_HornwrightNote	[CELL:00050B2C]	ExtCell	Trade Secrets
003FBF37	ZZZP01B_Wolf_RecallKey_Recipe			Wolf in Sheep's Clothing
003FBF4E	NukaColaPlant_FeedbackForm03_Lewis	Kanawha Nuka-Cola Plant	NameParse	
003FC7E0	P01C_Tadpole_Recipe_Workshop_WallDecor_FlagsUSA_Clean			
003FC7E1	P01C_Tadpole_Recipe_Workshop_FloorDecor_Misc_PioneerScout_Tadpole			
003FC7E2	P01C_Tadpole_Recipe_Workshop_FloorDecor_Misc_PioneerScout_Squirrel			
003FC7E3	P01C_Tadpole_Recipe_Workshop_FloorDecor_Misc_PioneerScout_Possum			
003FC7E4	P01C_Tadpole_Recipe_Workshop_WallDecor_Posters_PioneerScout_Plants			
003FFAE0	Recipe_Weapon_Melee_BearArm			
003FFAE1	recipe_mod_melee_BearArm_Heavy			
003FFAE2	recipe_mod_melee_BearArm_Puncturing			
004005E0	TestVanLowePoster			
004026DE	WU_OswaldNote			
0040326E	P01B_Lying_NoteToWolf02	Van Lowe Taxidermy	NameParse	Lying Lowe
00403273	P01B_Mini_Random03_Book_Letter	[CELL:00050B2C]	ExtCell	Unsolved  Death and Taxidermy
0040329E	P01B_Mini_Random03_Book_Directions	[CELL:00050B2C]	ExtCell	Unsolved  Death and Taxidermy
004032A6	P01B_Mini_Random03_Book_Start	Van Lowe Taxidermy	NameParse	
00403342	P01B_Mini_Squatch01_CryptidArticle3	[CELL:00050B2C]	ExtCell	[Misc - A Perfect Getaway]
0040347F	P01B_Mini_Albino_StartingNote	Van Lowe Taxidermy	NameParse	
004036EC	P01B_Mini_Robot01_BoPeepNote	[CELL:00050B2C]	ExtCell	Baa Baa Black Sheep
004041CE	P01b_Mini_Random01_FromRay	POIMire09Ext	ExtCell	
004044D3	P01B_Mini_Random04_BoardNote	Van Lowe Taxidermy	NameParse	
004044D4	P01B_Mini_Random02_BoardNote	Van Lowe Taxidermy	NameParse	
00404AAB	P01B_Mini_Random03_Book_Start_Generic	POITrainStationLewisburgExt	ExtCell	
00407F54	W05_MQS_203P_BrainPrepNote01	RobCo Research Center	NameParse	
00407F55	W05_MQS_203P_BrainPrepNote02	RobCo Research Center	NameParse	
00407F56	W05_MQS_203P_BrainPrepNote03	RobCo Research Center	NameParse	
0040D486	W05_MQR_201P_LouGoodbyeNote			Cheating Death
0040D829	WU_HolotapePlaceholder01			
0040D82B	WU_HolotapePlaceholder02			
0040DF43	Recipe_Workshop_WallDecor_76Taxidermy_Gorilla			
0040DF45	Recipe_Workshop_WallDecor_Taxidermy_MountedDeerSkull			
0040F66A	W05_MQ_002P_Radical_Recipe_Workshop_CraneRadioTransmitter			Hunter for Hire
0040F66B	W05_MQ_002P_GangerNote			Hunter for Hire
00412274	P01B_Mini_Random02_TrainNote	POITrainStationLewisburgExt	ExtCell	
00412275	P01B_Mini_Random04_TrainNote	POITrainStationGraftonExt	ExtCell	
00415563	Recipe_Workshop_WallDecor_Posters_Bucketlist_Postcards			
0041A334	W05_MQ_003P_GauleyMineProdBook			Strength in Numbers
0041B8D2	P01L_McCreary_DoorCode	Quick Test Cell	NameParse	
0041CB5D	W05_MQR_202P_VentNote			Fun and Games
0042101C	Recipe_Weapon_Thrown_SheepsquatchShard			
00421217	CUT_Recipe_Chems_SFS09_FormulaQ			
00424546	LC095_ToMillsNote01	MorgantownExt32	ExtCell	
00424547	LC095_ToStevieNote01	MorgantownExt32	ExtCell	
00424548	LC095_Envelope01	MorgantownExt32	ExtCell	
0042454E	LC010_VaultTecNote01	BeckleyWorkshopExt05	ExtCell	
0042455E	zzz_Babylon_Intro_Checklist			
00424726	P01C_Tadpole_Recipe_Workshop_Bed_PioneerScout_SleepingBag			
00424728	P01C_Recipe_Workshop_Container_PioneerScout_StashBox			
00424883	P02L_McCreary_TaskList	Quick Test Cell	NameParse	
004249A2	ZZZM01C_Roboticist_ManagementNote_old			
00424C59	V96_2_AnalysisEvent_4_KeypadCodePage			Vault Mission  Gone Viral<Alias=DifficultyModeLoc><Alias=RespiteZoneStateLoc>
004265FB	P01C_Tadpole_Recipe_Chems_InsectRepellent			
004266B5	M01C_Roboticist_ManagementNote	RobCo Research Center	NameParse	
00428BC4	P01C_Tadpole_Recipe_Backpack_Standard_Material_Scout_Possum			
00428C49	Recipe_Workshop_FloorDecor_FrogHabitat			
004299C3	LC096_ClosetNote	Morgantown Airport Terminal	NameParse	
004299C6	LC096_BattlePlan	Morgantown Airport Terminal	NameParse	
00429A7E	LC096_Explanation	Morgantown Airport Terminal	NameParse	
0042AE35	DebugDobertNote01	Quick Test Cell	NameParse	
0042C119	BMO_BunkerNote03_MarketingMemoCOPY0000			
0042C11A	WL035_EarlNote			
0042C11B	WL035_FloydNote			
0042C25F	WL036_RippedNote	[CELL:00050B2C]	ExtCell	
0042C549	zzz_Recipe_Backpack_Standard_Material_BlackCloth			
0042C54B	zzz_Recipe_Backpack_Standard_Material_BlackLeather			
0042C54D	zzz_Recipe_Backpack_Standard_Material_BrownLeather			
0042C55E	P01C_Tadpole_Recipe_Backpack_Effect_LeadLined			
0042E728	P01C_Tadpole_Recipe_Workshop_WallDecor_Posters_PioneerScout			
0042FC98	MTRZ05_LuckyMap002			
0042FC99	MTRZ05_LuckyMap003			
0042FFB6	POI281_DavisNote			
0042FFB7	LC052_MillRoofNote			
0042FFB8	LC052_FeederRoofNote			
0042FFB9	LC052_ConveyorNote			
0042FFBA	LC203_GarrahanNote			
0042FFBB	LC203_ReminderNote			
0042FFBC	LC203_LabKeyNote			
0043037E	Magazine_AstonishingTales02_Book	76 QA Smoke	NameParse	
00430380	Magazine_AstonishingTales03_Book	76 QA Smoke	NameParse	
00430383	Magazine_AstonishingTales04_Book	76 QA Smoke	NameParse	
00430386	Magazine_AstonishingTales05_Book	76 QA Smoke	NameParse	
00430389	Magazine_AwesomeTales01_Book	76 QA Smoke	NameParse	
0043038C	Magazine_AwesomeTales02_Book	76 QA Smoke	NameParse	
0043038F	Magazine_AwesomeTales03_Book	76 QA Smoke	NameParse	
00430392	Magazine_AwesomeTales04_Book	76 QA Smoke	NameParse	
00430395	Magazine_AwesomeTales05_Book	76 QA Smoke	NameParse	
00430398	Magazine_AwesomeTales06_Book	76 QA Smoke	NameParse	
0043039B	Magazine_AwesomeTales07_Book	76 QA Smoke	NameParse	
0043039E	Magazine_AwesomeTales08_Book	76 QA Smoke	NameParse	
004303A1	Magazine_AwesomeTales09_Book	76 QA Smoke	NameParse	
004303A4	Magazine_AwesomeTales10_Book	Vault 76	NameParse	
004303A7	Magazine_AwesomeTales11_Book	76 QA Smoke	NameParse	
004303AA	Magazine_AwesomeTales12_Book	76 QA Smoke	NameParse	
004303AD	Magazine_AwesomeTales13_Book	76 QA Smoke	NameParse	
004303B1	Magazine_Backwoodsman01_Book	76 QA Smoke	NameParse	
004303B4	Magazine_Backwoodsman02_Book	76 QA Smoke	NameParse	
004303B7	Magazine_Backwoodsman03_Book	76 QA Smoke	NameParse	
004303BA	Magazine_Backwoodsman04_Book	76 QA Smoke	NameParse	
004303BD	Magazine_Backwoodsman05_Book	76 QA Smoke	NameParse	
004303C0	Magazine_Backwoodsman06_Book	76 QA Smoke	NameParse	
004303C3	Magazine_Backwoodsman07_Book	76 QA Smoke	NameParse	
004303C6	Magazine_Backwoodsman08_Book	76 QA Smoke	NameParse	
004303C9	Magazine_Backwoodsman09_Book	76 QA Smoke	NameParse	
004303CC	Magazine_Backwoodsman10_Book	76 QA Smoke	NameParse	
004303CF	Magazine_GrognakTheBarbarian01_Book	76 QA Smoke	NameParse	
004303D1	Magazine_GrognakTheBarbarian02_Book	76 QA Smoke	NameParse	
004303D3	Magazine_GrognakTheBarbarian03_Book	76 QA Smoke	NameParse	
004303D5	Magazine_GrognakTheBarbarian04_Book	76 QA Smoke	NameParse	
004303D7	Magazine_GrognakTheBarbarian05_Book	76 QA Smoke	NameParse	
004303DA	Magazine_GrognakTheBarbarian06_Book	76 QA Smoke	NameParse	
004303DD	Magazine_GrognakTheBarbarian07_Book	76 QA Smoke	NameParse	
004303E0	Magazine_GrognakTheBarbarian08_Book	76 QA Smoke	NameParse	
004303E3	Magazine_GrognakTheBarbarian09_Book	76 QA Smoke	NameParse	
004303E6	Magazine_GrognakTheBarbarian10_Book			
004303F3	Magazine_GunsAndBullets01_Book			
004303F6	Magazine_GunsAndBullets02_Book			
004303F9	Magazine_GunsAndBullets03_Book			
004303FC	Magazine_GunsAndBullets04_Book			
004303FF	Magazine_GunsAndBullets05_Book			
00430402	Magazine_GunsAndBullets06_Book			
00430405	Magazine_GunsAndBullets07_Book			
00430408	Magazine_GunsAndBullets08_Book			
0043040B	Magazine_GunsAndBullets09_Book			
0043040E	Magazine_GunsAndBullets10_Book			
00430479	POI205_WixonHomestead_Note	LookoutTower09Ext	ExtCell	
004304E0	Recipe_RSVP00_Cramburger			
00432CBF	Magazine_LiveAndLove01_Book			
00432CC2	Magazine_LiveAndLove02_Book			
00432CC5	Magazine_LiveAndLove03_Book			
00432CC8	Magazine_LiveAndLove04_Book			
00432CCB	Magazine_LiveAndLove05_Book			
00432CCE	Magazine_LiveAndLove06_Book			
00432CD1	Magazine_LiveAndLove07_Book			
00432CD4	Magazine_LiveAndLove08_Book			
00432CD7	Magazine_LiveAndLove09_Book			
00432CDA	Magazine_ScoutsLife01_Book	Vault 76	NameParse	
00432CDD	Magazine_ScoutsLife02_Book			
00432CE0	Magazine_ScoutsLife03_Book			
00432CE3	Magazine_ScoutsLife04_Book			
00432CE6	Magazine_ScoutsLife05_Book			
00432CE9	Magazine_ScoutsLife06_Book			
00432CEC	Magazine_ScoutsLife07_Book			
00432CEF	Magazine_ScoutsLife08_Book			
00432CF2	Magazine_ScoutsLife09_Book			
00432CF6	Magazine_ScoutsLife10_Book			
00432CF9	Magazine_TeslaScience01_Book			
00432CFC	Magazine_TeslaScience02_Book			
00432CFF	Magazine_TeslaScience03_Book			
00432D02	Magazine_TeslaScience04_Book			
00432D05	Magazine_TeslaScience05_Book			
00432D08	Magazine_TeslaScience06_Book			
00432D0B	Magazine_TeslaScience07_Book			
00432D0E	Magazine_TeslaScience08_Book			
00432D11	Magazine_TeslaScience09_Book			
00432D14	Magazine_TumblersToday01_Book			
00432D17	Magazine_TumblersToday02_Book			
00432D1A	Magazine_TumblersToday03_Book			
00432D1D	Magazine_TumblersToday04_Book			
00432D20	Magazine_TumblersToday05_Book			
00432D23	Magazine_Unstoppables01_Book			
00432D26	Magazine_Unstoppables02_Book			
00432D29	Magazine_Unstoppables03_Book			
00432D2C	Magazine_Unstoppables04_Book			
00432D2F	Magazine_Unstoppables05_Book			
00432D37	Magazine_USCovertOps01_Book			
00432D3A	Magazine_USCovertOps02_Book			
00432D3D	Magazine_USCovertOps03_Book			
00432D40	Magazine_USCovertOps04_Book			
00432D43	Magazine_USCovertOps05_Book			
00432D46	Magazine_USCovertOps06_Book			
00432D49	Magazine_USCovertOps07_Book			
00432D4C	Magazine_USCovertOps08_Book			
00432D4F	Magazine_USCovertOps09_Book			
00432D52	Magazine_USCovertOps10_Book			
00432D60	Magazine_AstonishingTales01_Book	76 QA Smoke	NameParse	
00432F31	EN01_NuclearCommMinutes	Sam Blackwell's Bunker	NameParse	
00432F32	MTR10_RobotNote			
004333F0	POST_Recipe_Chems_DetoxingSalveAshHeap			
004333F1	POST_Recipe_Chems_DetoxingSalveCranberryBog			
004333F2	POST_Recipe_Chems_DetoxingSalveForest			
004333F3	POST_Recipe_Chems_DetoxingSalveMire			
004333F4	POST_Recipe_Chems_DetoxingSalveSavageDivide			
004333F5	POST_Recipe_Chems_DetoxingSalveToxicValley			
00433427	LC052_IgnitionReactorNote			
0043348A	LC052_BlastFurnaceNote2	GraftonSteelExt07	ExtCell	
0043348B	LC052_BlastFurnaceNote	GraftonSteelExt03	ExtCell	
00434DC6	Recipe_Workshop_Trap_Radiation			
00435856	Recipe_Workshop_WallDecor_Taxidermy_MountedAntlers			
00435857	Recipe_Workshop_WallDecor_Taxidermy_MountedDeerHead			
00435858	Recipe_Workshop_WallDecor_76Taxidermy_FireflyOn			
00435859	Recipe_Workshop_WallDecor_76Taxidermy_Fox			
0043585A	Recipe_Workshop_WallDecor_76Taxidermy_HoneyBeast			
0043585B	Recipe_Workshop_WallDecor_76Taxidermy_Megasloth			
0043585C	Recipe_Workshop_WallDecor_76Taxidermy_Mothman			
0043585D	Recipe_Workshop_WallDecor_76Taxidermy_Opossum			
0043585E	P01B_Mini_Random03_Recipe_Workshop_WallDecor_76Taxidermy_Owlet			
0043585F	Recipe_Workshop_WallDecor_76Taxidermy_RadBeaver			
00435860	Recipe_Workshop_WallDecor_76Taxidermy_RadFrogBlue			
00435861	Recipe_Workshop_WallDecor_76Taxidermy_RadSquirrel			
00435862	Recipe_Workshop_WallDecor_76Taxidermy_RadToad			
00435863	Recipe_Workshop_WallDecor_76Taxidermy_ScorchedBeast			
00435864	Recipe_Workshop_WallDecor_76Taxidermy_ScorchedBeastQueen			
00435865	Recipe_Workshop_WallDecor_76Taxidermy_Snallygaster			
00435866	Recipe_Workshop_WallDecor_Taxidermy_Tick			
00435867	P01B_Mini_Random01_Recipe_Workshop_WallDecor_76Taxidermy_Wendigo			
00436FEE	Recipe_Weapon_Melee_BaseballBat			
00436FEF	Recipe_Weapon_Melee_Baton			
00436FF0	Recipe_Weapon_Melee_BowieKnife			
00436FF1	Recipe_Weapon_Melee_BoxingGlove			
00436FF2	Recipe_Weapon_Melee_DeathclawGauntlet			
00436FF3	Recipe_Weapon_Melee_AssaultronBlade			
00436FF4	Recipe_Weapon_Melee_PoleHook			
00436FF5	Recipe_Weapon_Melee_GolfClub			
00436FF6	Recipe_Weapon_Melee_GuitarSword			
00436FF7	Recipe_Weapon_Melee_Knuckles			
00436FF8	Recipe_Weapon_Melee_LeadPipe			
00436FF9	Recipe_Weapon_Melee_MoleMinerGauntlet			
00436FFA	Recipe_Weapon_Melee_PipeWrench			
00436FFB	Recipe_Weapon_Melee_Pitchfork			
00436FFC	Recipe_Weapon_Melee_RollingPin			
00436FFD	Recipe_Weapon_Melee_Sickle			
00436FFE	Recipe_Weapon_Melee_SkiSword			
00436FFF	Recipe_Weapon_Melee_Sledgehammer			
00437000	Recipe_Weapon_Melee_SuperSledge			
00437001	Recipe_Weapon_Melee_Switchblade			
00437002	Recipe_Weapon_Melee_TireIron			
00437003	Recipe_Weapon_Melee_WarDrum			
00437004	Recipe_Weapon_Melee_PoolCue			
00437005	Recipe_Weapon_Ranged_HuntingRifle			
00437006	Recipe_Weapon_Thrown_Tomahawk			
00437007	Recipe_Weapon_Ranged_44			
00437008	Recipe_Weapon_Ranged_LaserGun			
00437009	Recipe_Weapon_Ranged_GammaGun			
0043700A	Recipe_Weapon_Ranged_PlasmaGun			
0043700B	Recipe_Weapon_Ranged_SubmachineGun			
0043700C	Recipe_Weapon_Ranged_AlienBlaster			
0043700D	Recipe_Weapon_Ranged_CombatRifle_MQ			
0043700E	Recipe_Weapon_Ranged_50CalMachineGun			
0043700F	Recipe_Weapon_Ranged_Broadsider			
00437010	Recipe_Weapon_Ranged_AssaultronHead			
00437011	Recipe_Weapon_Ranged_Fatman			
00437012	Recipe_Weapon_Ranged_HarpoonGun			
00437013	Recipe_Weapon_Ranged_RailwayRifle			
00437014	Recipe_Weapon_Ranged_MiniGun_MQ			
00437015	Recipe_Weapon_Ranged_LightningGun			
00437016	recipe_Armor_Raider_Underarmor_Harness			
00437017	recipe_Armor_Raider_Underarmor_LongJohns			
00437018	recipe_Armor_Raider_Underarmor_RaiderLeathers			
00437019	recipe_Armor_Raider_Underarmor_RoadLeathers			
0043701A	recipe_Armor_Marine_Underarmor_Helmet			
0043701B	Recipe_Armor_Raider_Arms_Light			
0043701C	Recipe_Armor_Raider_Legs_Light			
0043701D	Recipe_Armor_Raider_Torso_Light			
00437029	recipe_DLC03_miscmod_mod_armor_Marine_Lining_Torso_Explosion2			
0043702C	recipe_DLC03_mod_armor_Trapper_Lining_Torso_Explosion2			
00437035	recipe_mod_armor_Combat_Lining_Torso_Explosion2			
00437036	recipe_mod_armor_Leather_Lining_Torso_Explosion2			
00437037	recipe_mod_armor_Metal_Lining_Torso_Explosion2			
0043703A	recipe_mod_armor_RaiderMod_Lining_Torso_Explosion2			
0043703B	recipe_mod_armor_Robot_Lining_Torso_Explosion2			
0043703C	CUT_recipe_mod_PaddleBall_Bladed			
0043703D	CUT_recipe_mod_PaddleBall_Electric			
0043703E	CUT_recipe_mod_PaddleBall_ExplosiveCherry			
0043703F	CUT_recipe_mod_PaddleBall_ExplosiveNuka			
00437040	CUT_recipe_mod_PaddleBall_ExplosiveQuantum			
00437041	CUT_recipe_mod_PaddleBall_Fire			
00437042	CUT_recipe_mod_PaddleBall_Spikes			
004385F7	Recipe_Armor_Robot_Torso_Medium			
004385FB	Recipe_Armor_Robot_Arms_Medium			
004385FC	Recipe_Armor_Robot_Legs_Medium			
004385FD	Recipe_Armor_Robot_Arms_Heavy			
004385FE	Recipe_Armor_Robot_Legs_Heavy			
004385FF	Recipe_Armor_Robot_Torso_Heavy			
00438600	Recipe_Armor_Raider_Arms_Heavy			
00438601	Recipe_Armor_Raider_Legs_Heavy			
00438602	Recipe_Armor_Raider_Torso_Heavy			
00438603	Recipe_Armor_Metal_Arms_Heavy			
00438604	Recipe_Armor_Metal_Legs_Heavy			
00438605	Recipe_Armor_Metal_Torso_Heavy			
00438606	Recipe_Armor_Leather_Arms_Heavy			
00438607	Recipe_Armor_Leather_Legs_Heavy			
00438608	Recipe_Armor_Leather_Torso_Heavy			
00438609	Recipe_Armor_Combat_Arms_Heavy			
0043860A	Recipe_Armor_Combat_Legs_Heavy			
0043860B	Recipe_Armor_Combat_Torso_Heavy			
0043860C	Recipe_Armor_Metal_Arms_Medium			
0043860D	Recipe_Armor_Metal_Legs_Medium			
0043860E	Recipe_Armor_Metal_Torso_Medium			
0043860F	Recipe_Armor_Leather_Arms_Medium			
00438610	Recipe_Armor_Leather_Legs_Medium			
00438611	Recipe_Armor_Leather_Torso_Medium			
00438612	Recipe_Armor_Combat_Arms_Medium			
00438613	Recipe_Armor_Combat_Legs_Medium			
00438614	Recipe_Armor_Combat_Torso_Medium			
0043CD89	MTNS04_BeerHallNote	SonsOfDaneCompoundExt04	ExtCell	Event  One Violent Night
0043E1AE	Template_EnvelopeWavyWillards02	[CELL:0000DD46]	ExtCell	
0044D404	recipe_Clothes_Jumpsuit_VaultTec			
0045140F	JustinColeNote	SlocumsJoeExt	ExtCell	
00453AAA	UD002RightMonitoringNote	The Burrows	NameParse	
00453AAC	UD002CentralShantytownNote	The Burrows	NameParse	
00454115	RE_ObjectCMB09_Note			
0045463A	RE_SceneSM04_InsultBot_Note	Quick Test Cell	NameParse	Insult Bot
00454C1E	BrewingDummyRecipe_DONOTPLACE			
00454E1C	RE_ObjectCMB07_Note			
0045581F	UD002PointerNote	The Burrows	NameParse	
0045C492	CUT_Recipe_Weapon_Melee_P01E_HeartBouquet	[CELL:00260D53]	ExtCell	
0045C49C	CUT_Recipe_Weapon_P01E_HeartPerfume	[CELL:00260D53]	ExtCell	
0045C4A3	zzzRecipe_Brew_P01E_HeartBubbly	[CELL:00260D53]	ExtCell	
0045C4B1	P01E_Heart_RomanceNotes			
0045EC39	recipe_mod_melee_ShepherdsCrook_GlassCovered			
0045EC3A	recipe_mod_melee_ShepherdsCrook_SheepSquatchHorn			
0045EC3B	recipe_mod_melee_ShepherdsCrook_Shock			
0045EC3C	recipe_mod_melee_ShepherdsCrook_Spiked			
0045EC3D	recipe_mod_melee_ShepherdsCrook_Toothed			
0045EC3E	Recipe_Weapon_Melee_ShepherdsCrook			
0045EC51	recipe_mod_melee_SheepsquatchStaff_Barbwire			
0045EC52	recipe_mod_melee_SheepsquatchStaff_Burning			
0045EC53	recipe_mod_melee_SheepsquatchStaff_BurningBarbwire			
0045EC54	recipe_mod_melee_SheepsquatchStaff_Heavy			
0045EC55	recipe_mod_melee_SheepsquatchStaff_Poison			
0045EC56	recipe_mod_melee_SheepsquatchStaff_Shock			
0045EC57	recipe_mod_melee_SheepsquatchClub_Barbwire			
0045EC58	recipe_mod_melee_SheepsquatchClub_Burning			
0045EC59	recipe_mod_melee_SheepsquatchClub_BurningBarbwire			
0045EC5A	recipe_mod_melee_SheepsquatchClub_Heavy			
0045EC5B	recipe_mod_melee_SheepsquatchClub_Poison			
0045EC5C	recipe_mod_melee_SheepsquatchClub_Shock			
0045EC5D	Recipe_Weapon_Melee_SheepsquatchClub			
0045EC5E	Recipe_Weapon_Melee_SheepsquatchStaff			
0046005B	P01B_Mini_Random04_ChelseaNote	[CELL:00050B2C]	ExtCell	Unsolved  Picnic Panic
0046005D	P01B_Mini_Random04_MaryNote			Unsolved  Picnic Panic
00464858	P01B_Mini_Squatch01_Diary			[Misc - A Perfect Getaway]
00465485	V94_1_ReactorEvent_2_KeypadCodePage			Vault Mission  Dead in the Water<Alias=DifficultyModeLoc><Alias=RespiteZoneStateLoc>
00467FC0	Recipe_Weapon_Thrown_SmokeGrenade			
00468301	E01B_Herd_FarmhandNoteBeckwith			Event  Free Range
00469598	E01B_Herd_FarmhandNoteDelano			Event  Free Range
00469599	E01B_Herd_FarmhandNoteAaronholt			Event  Free Range
00469D1F	zzzrecipe_AssaultronHead_Sheepsquatch			
0046A36C	Recipe_Armor_Backpack_Standard			
0046A36D	P01C_Tadpole_Recipe_Backpack_Standard_Material_Scout_Tadpole			
0046A36F	Recipe_Workshop_Crafting_Brewing_Bench			
0046A394	P01B_Lying_NoiseComplaint	Van Lowe Taxidermy	NameParse	
0046A395	P01B_Lying_LocationList	Van Lowe Taxidermy	NameParse	Lying Lowe
0046A396	P01B_Lying_RobCoCustomerSupport	Van Lowe Taxidermy	NameParse	
0046A397	P01B_Lying_NoteToWolf	Van Lowe Taxidermy	NameParse	Lying Lowe
0046A3A4	NOTINUSE_Recipe_Armor_Backpack_Frame			
0046A3A5	P01C_Tadpole_Recipe_Backpack_Effect_ArmorPlated			
0046A3A6	P01C_Tadpole_Recipe_Backpack_Effect_HighCapacity			
0046A3A7	P01C_Tadpole_Recipe_Backpack_Effect_Insulated			
0046A3A8	P01C_Tadpole_Recipe_Backpack_Effect_Refrigerated			
0046A3A9	zzz_Recipe_Backpack_Material_Aqua			
0046A3AA	zzz_Recipe_Backpack_Material_Blue			
0046A3AB	zzz_Recipe_Backpack_Material_Green			
0046A3AC	zzz_Recipe_Backpack_Material_Pink			
0046A3AD	zzz_Recipe_Backpack_Material_Red			
0046A3AE	zzz_Recipe_Backpack_Material_VaultTec			
0046A3AF	zzz_Recipe_Backpack_Material_White			
0046A3B0	zzz_Recipe_Backpack_Material_Yellow			
0046A5D3	P01B_Mini_Random03_Book_Map			Unsolved  Death and Taxidermy
0046A5D4	P01B_Mini_Random03_Book_Invoice			Unsolved  Death and Taxidermy
0046AAB0	V94_1_PumpRestartCodePage			Vault Mission  Dead in the Water<Alias=DifficultyModeLoc><Alias=RespiteZoneStateLoc>
0046CF1B	Recipe_Cooking_Lemonade			
0046CF1C	Recipe_Brewing_HardLemonade			
0046D290	Recipe_Workshop_MiscStructures_Tent_CampfireTales			
0046D291	Recipe_Cooking_Smores			
0046D298	zzzrecipe_mod_AssaultronHead_Sheepsquatch			
0046D299	Recipe_Weapon_Ranged_TheFixer			
0046D2A4	recipe_Clothes_SpyOutfit			
0046D624	P01B_Mini_Albino01_Relocation	[CELL:00050B2C]	ExtCell	
0046D625	P01B_Mini_Albino01_Confession			Unsolved  Best of Intentions
0046D626	TestTrevorNote			
0046DBDB	P01B_Mini_Albino01_VetNote	[CELL:00050B2C]	ExtCell	
0046DC75	P01B_Mini_Robot01_CalPsychEval	[CELL:00050B2C]	ExtCell	Baa Baa Black Sheep
0046DC7A	ZZZP01B_Mini_Robot01_BurntNote			
0046EBCA	P01B_Mini_Robot01_CrimeSceneNotes	[CELL:00050B2C]	ExtCell	Baa Baa Black Sheep
0046ECB4	Recipe_Cooking_SheepsquatchMeatTasty			
0046F0BC	P01B_Lying_CalvinSecurityPhrase			Lying Lowe
00470A2B	recipe_mod_10mm_receiver_Auto_AntiScorchBeast			
00470A2C	recipe_mod_10mm_receiver_SemiAuto_AntiScorchBeast			
00470A2D	recipe_mod_10mmsmg_receiver_AntiScorchBeast			
00470A2E	recipe_mod_44_receiver_AntiScorchBeast			
00470A2F	recipe_mod_50CalMachineGun_Receiver_AntiScorchBeast			
00470A30	recipe_mod_assaultrifle_receiver_Auto_AntiScorchBeast			
00470A31	recipe_mod_assaultrifle_receiver_SemiAuto_AntiScorchBeast			
00470A32	recipe_mod_CombatRifle_Receiver_Auto_AntiScorchBeast			
00470A33	recipe_mod_CombatRifle_Receiver_SemiAuto_AntiScorchBeast			
00470A34	recipe_mod_CombatShotgun_Receiver_AntiScorchBeast			
00470A35	recipe_mod_Crossbow_receiver_AntiScorchBeast			
00470A36	recipe_mod_DLC04_Revolver_receiver_AntiScorchBeast			
00470A37	recipe_mod_DoubleBarrelShotgun_receiver_AntiScorchBeast			
00470A38	recipe_mod_Enclave_PlasmaGun_receiver_AntiScorchBeast			
00470A39	recipe_mod_GatlingGun_receiver_AntiScorchBeast			
00470A3A	recipe_mod_GatlingLaser_receiver_AntiScorchBeast			
00470A3B	recipe_mod_GatlingPlasma_Receiver_AntiScorchBeast			
00470A3C	recipe_mod_GaussRifle_Magazine_AntiScorchBeast			
00470A3D	recipe_mod_HandMadeGun_receiver_AntiScorchBeast			
00470A3E	recipe_mod_HandMadeGun_receiver_Auto_AntiScorchBeast			
00470A3F	recipe_mod_HuntingRifle_receiver_AntiScorchBeast			
00470A40	recipe_mod_LaserGun_receiver_AntiScorchBeast			
00470A41	recipe_mod_LeverGun_Receiver_AntiScorchBeast			
00470A42	recipe_mod_MG42_receiver_AmmoConv308_AntiScorchBeast			
00470A43	recipe_mod_Minigun_Barrel_AntiScorchBeast			
00470A44	recipe_mod_PipeBoltAction_Receiver_AntiScorchBeast			
00470A45	recipe_mod_PipeGun_receiver_AntiScorchBeast			
00470A46	recipe_mod_PipeGun_receiver_Auto_AntiScorchBeast			
00470A47	recipe_mod_PipeRevolver_Receiver_AntiScorchBeast			
00470A48	recipe_mod_PlasmaGun_receiver_AntiScorchBeast			
00470A49	recipe_mod_PumpActionShotgun_receiver_AntiScorchBeast			
00470A4A	recipe_mod_RadiumRifle_receiver_AntiScorchBeast			
00470A4B	recipe_mod_RadiumRifle_receiver_Auto_AntiScorchBeast			
00470A4C	recipe_mod_RailwayRifle_receiver_AntiScorchBeast			
00470A4D	recipe_mod_SingleActionRevolver_Receiver_AntiScorchBeast			
00470A4E	recipe_mod_SubMachineGun_receiver_AntiScorchBeast			
00470A4F	recipe_mod_Ultracite_GatlingLaser_receiver_AntiScorchBeast			
00470A50	recipe_mod_UltraciteLaserGun_receiver_AntiScorchBeast			
00477950	zzz_Babylon_Magazine_AwesomeTales03_Book			
00477952	zzz_Babylon_Magazine_AwesomeTales05_Book			
00477954	zzz_Babylon_Magazine_AwesomeTales06_Book			
00477956	zzz_Babylon_Magazine_AwesomeTales07_Book			
00477958	zzz_Babylon_Magazine_AwesomeTales10_Book			
0047795A	zzz_Babylon_Magazine_Backwoodsman02_Book			
0047795E	zzz_Babylon_Magazine_GrognakTheBarbarian01_Book			
0047795F	zzz_Babylon_Magazine_GrognakTheBarbarian08_Book			
00477961	zzz_Babylon_Magazine_GrognakTheBarbarian09_Book			
00477963	zzz_Babylon_Magazine_GunsAndBullets04_Book			
00477965	zzz_Babylon_Magazine_GunsAndBullets07_Book			
00477967	zzz_Babylon_Magazine_LiveAndLove01_Book			
00477969	zzz_Babylon_Magazine_LiveAndLove02_Book			
0047796B	zzz_Babylon_Magazine_LiveAndLove04_Book			
0047796D	zzz_Babylon_Magazine_LiveAndLove06_Book			
0047796F	zzz_Babylon_Magazine_LiveAndLove07_Book			
00477971	zzz_Babylon_Magazine_ScoutsLife01_Book			
00477973	zzz_Babylon_Magazine_ScoutsLife03_Book			
00477975	zzz_Babylon_Magazine_ScoutsLife08_Book			
00477977	zzz_Babylon_Magazine_TeslaScience03_Book			
00477979	zzz_Babylon_Magazine_TeslaScience05_Book			
0047797B	zzz_Babylon_Magazine_TumblersToday01_Book			
0047797D	zzz_Babylon_Magazine_TumblersToday05_Book			
0047797F	zzz_Babylon_Magazine_Unstoppables01_Book			
00477981	zzz_Babylon_Magazine_Unstoppables03_Book			
00477983	zzz_Babylon_Magazine_Unstoppables04_Book			
00477985	zzz_Babylon_Magazine_Unstoppables05_Book			
00477987	zzz_Babylon_Magazine_USCovertOps03_Book			
00477989	zzz_Babylon_Magazine_USCovertOps04_Book			
0047798D	zzz_Babylon_Magazine_USCovertOps08_Book			
0047798F	zzz_Babylon_Magazine_USCovertOps09_Book			
00478DD4	zzz_P01B_WrittenClue05			
00478DD6	zzz_P01B_Lying_Flier			
00478DDC	zzz_P01B_WrittenClue01			
00478DDF	zzz_P01B_WrittenClue02			
00478DE3	zzz_P01B_WrittenClue03			
00478DE5	zzz_P01B_WrittenClue04			
00478DEF	zzz_E01F_Fasnacht_Book_A			
00478DF0	E01F_Fasnacht_Analysis_Mixed			Event  Fasnacht Day
0047A44A	CUT_P01A_Nukashine_PartyNote			
0047A44B	P01A_Nukashine_Label			Wasted on Nukashine
0047B7F2	_DELETE_Note			
0047BBFD	P01A_Nukashine_IngredientsList1			Wasted on Nukashine
0047BBFE	P01A_Nukashine_IngredientsList2	The Nukashine	NameParse	Wasted on Nukashine
0047C954	UD005_EvictionNotice_Note	Pi House	NameParse	
0047C957	UD005_Mannequin_Note	Pi House	NameParse	
0047CFF7	P01A_Nukashine_FlashFermenterNote	The Nukashine	NameParse	Wasted on Nukashine
0047F321	UD006_NukaRoom_Note	Eta Psi House	NameParse	
0047F44F	zzz_P01B_Random01_PrimaryClue01			
0047F451	zzz_P01B_Random01_PrimaryClue02			
0047F459	P01B_Mini_Random02_Memo			
0047F45A	P01B_Mini_Random02_Report	[CELL:00050B2C]	ExtCell	
0047F462	zzz_P01B_Lying02_PoliceHolo01_TEMP			
0047F463	zzz_P01B_Lying02_PoliceHolo02_TEMP			
0047F464	zzz_P01B_Lying02_HaleReport			
0047F465	zzz_P01B_Lying02_CalvinLastWords			
004845B8	P01C_Bucket_List			Bucket List
00485026	TW007_FreddyHomeNote			Cold Case
00485031	TransceiverObjectMonongah01			
00485032	TransceiverObjectSpruceKnob01			
00485035	recipe_DiseaseCure_HerbalMedicine_AshHeap			
00485036	recipe_DiseaseCure_HerbalMedicine_CranberryBog			
00485038	recipe_DiseaseCure_HerbalMedicine_SavageDivide			
00485039	recipe_DiseaseCure_HerbalMedicine_TheMire			
0048503A	recipe_DiseaseCure_HerbalMedicine_ToxicValley			
0048503B	recipe_DiseaseCure_Antibiotics			
004875B6	Liberator_PropagandaNote	StormPioneerRangersSummerCampExt05	ExtCell	
004969C6	recipe_mod_PowerArmor_T51_Material_Paint_NukaCola			
004DE233	Nuke_CodePageSilo01_00			Nuke_Master
004DE234	Nuke_CodePageSilo01_01			Nuke_Master
004DE235	Nuke_CodePageSilo01_02			Nuke_Master
004DE236	Nuke_CodePageSilo01_03			Nuke_Master
004DE237	Nuke_CodePageSilo01_04			Nuke_Master
004DE238	Nuke_CodePageSilo01_05			Nuke_Master
004DE239	Nuke_CodePageSilo01_06			Nuke_Master
004DE23A	Nuke_CodePageSilo01_07			Nuke_Master
004DE23B	Nuke_CodePageSilo02_00			Nuke_Master
004DE23C	Nuke_CodePageSilo02_01			Nuke_Master
004DE23D	Nuke_CodePageSilo02_02			Nuke_Master
004DE23E	Nuke_CodePageSilo02_03			Nuke_Master
004DE23F	Nuke_CodePageSilo02_04			Nuke_Master
004DE240	Nuke_CodePageSilo02_05			Nuke_Master
004DE241	Nuke_CodePageSilo02_06			Nuke_Master
004DE242	Nuke_CodePageSilo02_07			Nuke_Master
004E10BF	RE_TravelCT01_Note			Free Roaming Gutsy
004E1FCE	LC095_ConcernedNeighborNote01	MorgantownExt23	ExtCell	
004E2101	LC095_RoofClimberNote01	MorgantownExt05	ExtCell	
004E2B4B	FFZ13_GiantTeapotManual	GiantTeapotExt03	ExtCell	
004E33AB	LC095_VTUPostcardNote01	MorgantownExt15	ExtCell	
004E33AC	LC095_VTUPostcardNote02	MorgantownExt19	ExtCell	
004E417D	NuclearLaunchCodeCipherPageSugarGrove01			
004E417E	NuclearLaunchCodeCipherPageSpruceKnob01			
004E417F	NuclearLaunchCodeCipherPageMonongah01			
004E484B	Recipe_Workshop_Bed_BedHospital			
004E484D	zzz_Recipe_Workshop_Bed_BedMattress			
004E484F	Recipe_Workshop_Doors_DoorsWood_Painted			
004E4850	Recipe_Workshop_Bed_NpcBunkBedLay01			
004E4852	zzz_Recipe_Workshop_Bed_BedMetal			
004E4854	Recipe_Workshop_Bed_BedMilitaryCot			
004E4856	Recipe_Workshop_Bed_BedVault			
004E4858	Recipe_Workshop_Bed_BedVault02			
004E485B	Recipe_Workshop_Bed_CharGen_Bed01			
004E485D	Recipe_Workshop_Bed_NpcFancyBed_Full			
004E4869	Recipe_Workshop_Doors_DoorsWood_Barn			
004E486B	Recipe_Workshop_Doors_DoorsWood_Shack			
004E486D	Recipe_Workshop_Doors_DoorsMetal_Industrial			
004E486F	Recipe_Workshop_Doors_DoorsMetal_Security			
004E4871	Recipe_Workshop_Doors_DoorsMetal_Diner			
004E487B	Recipe_Workshop_Crafting_CraftingChems			
004E487D	Recipe_Workshop_Crafting_CraftingCooking_Spit			
004E487F	Recipe_Workshop_Crafting_CraftingPowerArmor			
004E4881	Recipe_Workshop_Crafting_CraftingTinkers			
004E4885	Recipe_Workshop_Crafting_CraftingCooking_Stove			
004E4B3D	MTNL01_AdminPasswordNote			Key To the Past
004E4B3E	MTNL01_MargieNote			
004E5BB6	CB04_LetterFromJennica			
004E5BB7	CB04_LetterToJennica			
004E5BBA	CB04_Password_Note			Mayor for a Day
004E6CE7	Recipe_Workshop_Benches_Metal_Asylum			
004E6CE8	Recipe_Workshop_Benches_Stone			
004E6CEB	Recipe_Workshop_Chairs_Stools_Metal			
004E6CEF	Recipe_Workshop_Chairs_Chairs_Wood_Rockers			
004E6CF0	Recipe_Workshop_Chairs_Chairs_Wood_Antique			
004E6CF1	Recipe_Workshop_Chairs_Chairs_Wood_Garden			
004E6CF2	Recipe_Workshop_Chairs_Chairs_Wood_Stool			
004E6CF3	Recipe_Workshop_Walls_Barn_Set			
004E6CF4	Recipe_Workshop_Walls_Warehouse_Set			
004E6CF5	Recipe_Workshop_Walls_Brick_Set			
004E6CF6	Recipe_Workshop_Walls_Metal_Set			
004E7A53	Recipe_Workshop_Power_Generator_Fusion			
004E7A55	Recipe_Workshop_Power_Generator_Windmill			
004E7A57	zzz_Recipe_Workshop_Power_Generator_Medium			
004E7A59	Recipe_Workshop_Power_Generator_Large			
004E84E9	Recipe_Tinkers_GrenadeCryo			
004E84EA	Recipe_Tinkers_MineCryo			
004E84EB	POST_Recipe_Tinkers_GrenadeNukaCherry			
004E84EC	POST_Recipe_Tinkers_GrenadeFragSmart			
004E84ED	Recipe_Tinkers_GrenadeFragMIRV			
004E84EE	Recipe_Tinkers_GrenadeNukaQuantum			
004E84EF	Recipe_Tinkers_GrenadeNuka			
004E84F0	Recipe_Tinkers_MineNuke			
004E84F1	Recipe_Tinkers_MinePlasma			
004E84F2	Recipe_Tinkers_GrenadePlasma			
004E84F3	Recipe_Tinkers_MinePulse			
004E84F4	Recipe_Tinkers_GrenadePulse			
004E84F5	POST_Recipe_Tinkers_GrenadeThrowingBearTrap			
004E84F6	POST_Recipe_Tinkers_GrenadeThrowingBearTrapBleeding			
004E84FC	Recipe_Workshop_Water_WaterPumpPowered			
004E84FE	Recipe_Workshop_Water_WaterPurifierLarge			
004E8500	Recipe_Workshop_Water_WaterPurifier			
004E8502	Recipe_Workshop_Water_WaterPump01			
004E8507	Recipe_Workshop_Walls_PoweredGates			
004E850B	Recipe_Workshop_WallDecor_Whitespring_Mirror			
004E850D	Recipe_Workshop_WallDecor_Signs_LetterLabels			
004E8519	POST_Recipe_Workshop_Vendors_Stores			
004E851C	Recipe_Workshop_Tables_Whitespring_Tables			
004E851E	Recipe_Workshop_FloorDecor_Whitespring_Planters			
004E8520	Recipe_Workshop_Container_Whitespring_Trashcan			
004E8522	Recipe_Workshop_FloorDecor_Whitespring_Busts			
004E8524	Recipe_Workshop_Lights_Whitespring_Lamps			
004E8526	Recipe_Workshop_FloorDecor_Whitespring_Vases			
004E852C	Recipe_Workshop_FloorDecor_Whitespring_Dome_Sculpture			
004E852D	Recipe_Workshop_FloorDecor_Misc_PottedPlants			
004E852F	Recipe_Workshop_FloorDecor_Misc_LawnFlamingos			
004E8531	Recipe_Workshop_FloorDecor_Misc_Primitive_Furniture_Spindle			
004E8533	Recipe_Workshop_FloorDecor_Misc_RedRocketGasSign01			
004E8535	Recipe_Workshop_FloorDecor_Rugs_Bearskin_Rug			
004E8537	Recipe_Workshop_FloorDecor_Rugs_DaisyRug			
004E8539	Recipe_Workshop_FloorDecor_Rugs_Rug01			
004E853B	Recipe_Workshop_FloorDecor_Rugs_Rugs02			
004E853D	Recipe_Workshop_FloorDecor_Rugs_WelcomeMats			
004E853F	Recipe_Workshop_FloorDecor_Statues_Baseball01			
004E8541	Recipe_Workshop_FloorDecor_Statues_Fountain01			
004E8543	Recipe_Workshop_FloorDecor_Statues_Lions			
004E8545	Recipe_Workshop_FloorDecor_Statues_Scarecrows			
004E8547	Recipe_Workshop_FloorDecor_Statues_VaultBoy			
004E8549	Recipe_Workshop_FloorDecor_Statues_VaultGirl			
004E854B	Recipe_Workshop_FloorDecor_Statues_VaultBoyUniversityStatue01			
004E854D	Recipe_Workshop_FloorDecor_Statues_VaultCardboardCutouts			
004E854F	Recipe_Workshop_Appliances_PicnicGrill			
004E8811	LC005_Aaronholt_Shawn_Journal_Note			
004E8812	LC005_Aaronholt_Lowell_Will_Note			
004E8813	LC005_Aaronholt_John_LastWords_Note			
004E896E	Recipe_Workshop_Appliances_WoodStove			
004E8971	Recipe_Workshop_Appliances_Eatotronic			
004E8973	Recipe_Workshop_Appliances_Jukebox			
004E8975	Recipe_Workshop_Appliances_HighTechTV_Dirty			
004E8977	Recipe_Workshop_Appliances_HighTechAshtray_Dirty			
004E8979	Recipe_Workshop_Appliances_Television			
004E897B	Recipe_Workshop_Appliances_CigaretteMachine			
004E897D	Recipe_Workshop_Appliances_IceMachine			
004E897F	Recipe_Workshop_Appliances_MilkMachine			
004E8981	Recipe_Workshop_Appliances_NukaColaMachine			
004E8983	Recipe_Workshop_Appliances_Grill01			
004E8987	Recipe_Workshop_Appliances_BathroomToilet_Broken			
004E8989	Recipe_Workshop_Appliances_BathroomBathtub_Broken			
004E898B	Recipe_Workshop_Appliances_Stove			
004E898D	Recipe_Workshop_Appliances_TelevisionTable			
004E899B	Recipe_Workshop_DefensiveStructures_Artillery	Fort Defiance	NameParse	
004E899D	Recipe_Workshop_MiscStructures_BasketballHoop			
004E899F	Recipe_Workshop_MiscStructures_BasketballHoop02			
004E89A1	Recipe_Workshop_MiscStructures_Tent_Medium			
004E89A3	Recipe_Workshop_MiscStructures_Tent_Large			
004E89A5	Recipe_Workshop_MiscStructures_PortaPotty			
004E9FB7	Recipe_Workshop_Lights_TrackLights			
004E9FB9	Recipe_Workshop_Lights_HighTechLights			
004E9FBB	Recipe_Workshop_Lights_MiscLights			
004E9FBD	Recipe_Workshop_Lights_StreetLamps			
004E9FBF	Recipe_Workshop_Lights_SignsAndLetters			
004E9FC1	Recipe_Workshop_Lights_FancyLights			
004E9FC3	Recipe_Workshop_Lights_TableLamps			
004E9FC5	Recipe_Workshop_WallDecor_WallPaintings_Modern			
004E9FC7	Recipe_Workshop_WallDecor_Signs_SmallLetters			
004E9FCD	Recipe_Workshop_Resources_ScavengingStation			
004E9FCF	Recipe_Workshop_Resources_Collector_Fertilizer			
004E9FD1	Recipe_Workshop_PowerConnectors_AdvancedItems			
004E9FD4	Recipe_Workshop_WallDecor_Taxidermy_Dog			
004E9FD9	Recipe_Workshop_WallDecor_Taxidermy_Bloodbug			
004E9FDB	Recipe_Workshop_WallDecor_Taxidermy_MirelurkKing			
004E9FDD	Recipe_Workshop_WallDecor_Taxidermy_MirelurkQueen			
004E9FDF	Recipe_Workshop_WallDecor_Taxidermy_Raddog			
004E9FE1	Recipe_Workshop_WallDecor_Taxidermy_Radroach			
004E9FE3	Recipe_Workshop_WallDecor_Taxidermy_Radscorpion			
004E9FE5	Recipe_Workshop_WallDecor_Taxidermy_Stingwing			
004E9FE7	P01B_Mini_Random02_Recipe_Workshop_WallDecor_Taxidermy_YaoGuai			
004E9FE9	Recipe_Workshop_WallDecor_Taxidermy_Cat			
004E9FEB	Recipe_Workshop_WallDecor_Taxidermy_Molerat			
004E9FED	Recipe_Workshop_WallDecor_Taxidermy_Radstag			
004E9FEF	Recipe_Workshop_WallDecor_Taxidermy_Bloatfly			
004E9FF1	Recipe_Workshop_WallDecor_Taxidermy_Brahmin			
004E9FF3	Recipe_Workshop_WallDecor_Taxidermy_FeralGhoul			
004E9FF5	Recipe_Workshop_WallDecor_Taxidermy_FEVHound			
004E9FF7	Recipe_Workshop_WallDecor_Taxidermy_FeralGlowingOne			
004E9FF9	Recipe_Workshop_WallDecor_Taxidermy_MirelurkHunter			
004E9FFB	Recipe_Workshop_WallDecor_Taxidermy_Deathclaw			
004E9FFD	Recipe_Workshop_WallDecor_Taxidermy_Mirelurk			
004EAEEB	Recipe_Weapon_Melee_WalkingCane	76 QA Smoke	NameParse	
004EAEEC	Recipe_Weapon_Melee_MeatHook	76 QA Smoke	NameParse	
004EAEED	Recipe_Weapon_Melee_Spear	76 QA Smoke	NameParse	
004EAEEE	Recipe_Weapon_Melee_WoodCuttingAxe	76 QA Smoke	NameParse	
004EB73C	Recipe_Weapon_Melee_ChineseOfficerSword	76 QA Smoke	NameParse	
004EB73D	Recipe_Weapon_Melee_CultistBlade	76 QA Smoke	NameParse	
004EB73E	Recipe_Weapon_Melee_CultistDagger	76 QA Smoke	NameParse	
004EB73F	Recipe_Weapon_Melee_FireAxe	76 QA Smoke	NameParse	
004EB740	Recipe_Weapon_Melee_PickAxe	76 QA Smoke	NameParse	
004EB741	Recipe_Weapon_Melee_RevolutionarySword	76 QA Smoke	NameParse	
004EC713	LC042_FreyjasHausNote01	HelvetiaExt02	ExtCell	
004ECF41	MoM03ClueNote01			Seeker of Mysteries
004ECF42	MoM03ClueNote02			Seeker of Mysteries
004ECF43	MoM03ClueNote03			Seeker of Mysteries
004ECF44	MoM03ClueNote04			Seeker of Mysteries
004ECF45	MoM03ClueNote05			Seeker of Mysteries
004ED18A	LC042_HotelNote_01	HelvetiaExt01	ExtCell	
004ED190	LC042_ReaversNote_01	[CELL:00262F3D]	ExtCell	
004ED191	LC042_Responders_01	HelvetiaExt03	ExtCell	
004ED4EB	LC042_Church_01	HelvetiaExt07	ExtCell	
004ED98D	LC117_SearchTeams_Note	PointPleasantExt06	ExtCell	
004ED990	LC117_MorningShift_Note	PointPleasantExt04	ExtCell	
004ED991	LC117_LeavingAtDawn_Note	PointPleasantExt06	ExtCell	
004EE7A1	LC172_MaintenanceRequestNote_CBLore_Note	WatogaEmergencyServicesExt	ExtCell	
004F42E0	Recipe_Weapon_Melee_DeathTambo	76 QA Smoke	NameParse	
004F42E1	Recipe_Weapon_Melee_GrognaksAxe	76 QA Smoke	NameParse	
004F42E2	Recipe_Weapon_Melee_Powerfist	76 QA Smoke	NameParse	
004F42E3	Recipe_Weapon_Melee_Ripper	76 QA Smoke	NameParse	
004F42E4	Recipe_Weapon_Melee_Shishkebab	76 QA Smoke	NameParse	
004F42E5	Recipe_Weapon_Melee_MrHandyBuzzBlade	76 QA Smoke	NameParse	
004F4768	Recipe_Weapon_Ranged_FlareGun	76 QA Smoke	NameParse	
004F4769	Recipe_Weapon_Ranged_PumpActionShotgun			
004F476A	Recipe_Weapon_Ranged_10mmSMG	76 QA Smoke	NameParse	
004F476B	Recipe_Weapon_Ranged_Blackpowder_Pistol	76 QA Smoke	NameParse	
004F476C	Recipe_Weapon_Ranged_SingleActionRevolver			
004F476D	Recipe_Weapon_Mod_Ranged_LaserGun_SCOPE_MediumScope_Base			
004F476E	Recipe_Weapon_Mod_Ranged_PipeGun_receiver_automatic_base			
004F476F	Recipe_Weapon_Ranged_Blackpowder_Rifle	76 QA Smoke	NameParse	
004F4770	Recipe_Weapon_Ranged_AssaultRifle_MQ	76 QA Smoke	NameParse	
004F477E	Recipe_Weapon_Ranged_AutoGrenadeLauncher	76 QA Smoke	NameParse	
004F477F	Recipe_Weapon_Ranged_Combatshotgun	76 QA Smoke	NameParse	
004F4780	Recipe_Weapon_Ranged_Crossbow	[CELL:002629A6]	ExtCell	
004F4781	Recipe_Weapon_Ranged_Cryolater	76 QA Smoke	NameParse	
004F4782	Recipe_Weapon_Ranged_LeverGun			
004F4783	Recipe_Weapon_Ranged_RadiumRifle			
004F4784	Recipe_Weapon_Ranged_HandmadeGun			
004F4785	Recipe_Weapon_Ranged_Revolver			
004F4786	Recipe_Weapon_Ranged_DoubleBarrelShotgun_MQ	76 QA Smoke	NameParse	
004F4787	Recipe_Weapon_Ranged_Flamer	76 QA Smoke	NameParse	
004F4788	Recipe_Weapon_Ranged_GatlingLaser			
004F4789	Recipe_Weapon_Ranged_GatlingPlasma			
004F478A	Recipe_Weapon_Ranged_GaussRifle			
004F478B	CUT_Recipe_Weapon_Ranged_LaserMusket			
004F478C	Recipe_Weapon_Ranged_M79			
004F478D	Recipe_Weapon_Ranged_MG42			
004F478E	Recipe_Weapon_Ranged_MissileLauncher_MQ			
004F478F	Recipe_Weapon_Ranged_GatlingGun	76 QA Smoke	NameParse	
004F4790	Recipe_Weapon_Ranged_Ultracite_LaserGun			
004F4791	Recipe_Weapon_Ranged_Ultracite_GatlingLaser			
004F5709	Recipe_Armor_Metal_Torso_Light			
004F570C	Recipe_Armor_Metal_Legs_Light			
004F570D	Recipe_Armor_Metal_Arms_Light			
004F570F	Recipe_Armor_Combat_Arms_Light			
004F5710	Recipe_Armor_Combat_Legs_Light			
004F5711	Recipe_Armor_Combat_Torso_Light			
004F5712	Recipe_Armor_Robot_Arms_Light			
004F5713	Recipe_Armor_Robot_Legs_Light			
004F5714	Recipe_Armor_Robot_Torso_Light			
004F5715	Recipe_Armor_Marine_Arms			
004F5716	Recipe_Armor_Marine_Legs			
004F5717	Recipe_Armor_Marine_Torso			
004F5718	Recipe_Armor_Trapper_Arms			
004F5719	Recipe_Armor_Trapper_Legs			
004F571A	Recipe_Armor_Trapper_Torso			
004F7BE7	CUT_MTR15_ButchsNote			
004F852C	LC090_MonongahMineMiscNote	MonongahMineExt02	ExtCell	
004F8E09	LC154_RoofGuy_Note	TylerCountyFairgroundsExt03	ExtCell	
004FA79E	NRGPOI_CourseEndNote	NewRiverGorgeRopesCourseExt03	ExtCell	
004FC028	RE_ObjectMP01_Book_RSVP_Start			
004FCC86	MothmanNote01	PointPleasantExt02	ExtCell	
004FD2E6	POI151_HorizonsRestNote	HorizonsRestExt	ExtCell	
004FD2E7	LC037_CultistCaveNote	[CELL:002617DA]	ExtCell	
004FD2E8	LC158_LumberMillNote	LumberMillExt	ExtCell	
004FD2E9	LC026_MorgantownHSNote	Morgantown High School	NameParse	
004FD2EA	LC169_WavyWillardsWaterParkNote	WavyWillardsWaterParkExt02	ExtCell	
004FD2EB	LC018_AVRMedicalCenterNote	AVR Medical Center	NameParse	
004FD2EC	LC106_NationalIsolatedRadioArrayNote	RadioArrayExt03	ExtCell	
004FD2ED	LC171_WatogaCivicCenterNote	Watoga Civic Center	NameParse	
004FD2EE	POI004_CrashedPlaneNote	CrashedPlaneExt	ExtCell	
004FDC5A	LC081_GraveNote	MiddleMountainCabinsExt05	ExtCell	
004FE049	LC108_TruckNote			
004FE04A	LC142_SafeNote	NewGadExt06	ExtCell	
004FE04B	LC028_KeyNote	CharlestonTrainyardExt03	ExtCell	
004FE04C	POI287_DeliveryNote			
004FE04D	POI286_ForemanNote	[BOOK 004FE04D] in GauleyMine01	NameParse	
004FE04E	POI286_CodeNote	Gauley Mine	NameParse	
004FE1AA	GauleyMine_BreadCrumbNote_Flatwoods	FlatwoodsTavernExt	ExtCell	
00501885	recipe_Armor_PowerArmor_Excavator_ArmLeft			
00501886	recipe_Armor_PowerArmor_Excavator_ArmRight			
00501887	recipe_Armor_PowerArmor_Excavator_Helmet			
00501888	recipe_Armor_PowerArmor_Excavator_LegLeft			
00501889	recipe_Armor_PowerArmor_Excavator_LegRight			
0050188A	recipe_Armor_PowerArmor_Excavator_Torso			
0050188B	recipe_Armor_PowerArmor_Raider_ArmLeft			
0050188C	recipe_Armor_PowerArmor_Raider_ArmRight			
0050188D	recipe_Armor_PowerArmor_Raider_Helmet			
0050188E	recipe_Armor_PowerArmor_Raider_LegLeft			
0050188F	recipe_Armor_PowerArmor_Raider_LegRight			
00501890	recipe_Armor_PowerArmor_Raider_Torso			
00501891	recipe_Armor_PowerArmor_T45_ArmLeft			
00501892	recipe_Armor_PowerArmor_T45_ArmRight			
00501893	recipe_Armor_PowerArmor_T45_Helmet			
00501894	recipe_Armor_PowerArmor_T45_LegLeft			
00501895	recipe_Armor_PowerArmor_T45_LegRight			
00501896	recipe_Armor_PowerArmor_T45_Torso			
00501897	recipe_Armor_PowerArmor_T51_ArmLeft			
00501898	recipe_Armor_PowerArmor_T51_ArmRight			
00501899	recipe_Armor_PowerArmor_T51_Helmet			
0050189A	recipe_Armor_PowerArmor_T51_LegLeft			
0050189B	recipe_Armor_PowerArmor_T51_LegRight			
0050189C	recipe_Armor_PowerArmor_T51_Torso			
0050189D	recipe_Armor_PowerArmor_T60_ArmLeft			
0050189E	recipe_Armor_PowerArmor_T60_ArmRight			
0050189F	recipe_Armor_PowerArmor_T60_Helmet			
005018A0	recipe_Armor_PowerArmor_T60_LegLeft			
005018A1	recipe_Armor_PowerArmor_T60_LegRight			
005018A2	recipe_Armor_PowerArmor_T60_Torso			
005018A3	recipe_Armor_PowerArmor_Ultracite_ArmLeft			
005018A4	recipe_Armor_PowerArmor_Ultracite_ArmRight			
005018A5	recipe_Armor_PowerArmor_Ultracite_Helmet			
005018A6	recipe_Armor_PowerArmor_Ultracite_LegLeft			
005018A7	recipe_Armor_PowerArmor_Ultracite_LegRight			
005018A8	recipe_Armor_PowerArmor_Ultracite_Torso			
005018A9	recipe_mod_PowerArmor_Excavator_Arm_Misc_Bleed			
005018AA	recipe_mod_PowerArmor_Excavator_Arm_Misc_Optimized			
005018AB	recipe_mod_PowerArmor_Excavator_Arm_Misc_Unarmed			
005018AC	POST_recipe_mod_PowerArmor_Excavator_Helmet_Headlamp			
005018AD	recipe_mod_PowerArmor_Excavator_Helmet_Misc_DetectLife			
005018AE	recipe_mod_PowerArmor_Excavator_Helmet_Misc_Int			
005018AF	recipe_mod_PowerArmor_Excavator_Helmet_Misc_Sensor			
005018B0	recipe_mod_PowerArmor_Excavator_Leg_Misc_APRegen			
005018B1	recipe_mod_PowerArmor_Excavator_Leg_Misc_Carry			
005018B2	recipe_mod_PowerArmor_Excavator_Leg_Misc_ExplVent			
005018B3	recipe_mod_PowerArmor_Excavator_Leg_Misc_OptimizedServos			
005018B4	recipe_mod_PowerArmor_Excavator_Leg_Misc_SprintBoost			
005018B5	recipe_mod_PowerArmor_Excavator_Torso_Misc_BatRegen			
005018B6	recipe_mod_PowerArmor_Excavator_Torso_Misc_Cleanser			
005018B7	recipe_mod_PowerArmor_Excavator_Torso_Misc_DMGShield			
005018B8	recipe_mod_PowerArmor_Excavator_Torso_Misc_Emergency			
005018B9	recipe_mod_PowerArmor_Excavator_Torso_Misc_Kinetic			
005018BA	recipe_mod_PowerArmor_Excavator_Torso_Misc_MedicPump			
005018BB	recipe_mod_PowerArmor_Excavator_Torso_Misc_Reactive			
005018BC	recipe_mod_PowerArmor_Excavator_Torso_Misc_Str			
005018BD	recipe_mod_PowerArmor_Excavator_Torso_Misc_Tesla			
005018BE	POST_recipe_mod_PowerArmor_Material_Paint_HotRod01_Shark			
005018BF	POST_recipe_mod_PowerArmor_Material_Paint_HotRod02_Pink			
005018C0	POST_recipe_mod_PowerArmor_Material_Paint_HotRod03_Flames			
005018C1	recipe_mod_PowerArmor_Raider_Arm_Misc_Bleed			
005018C2	recipe_mod_PowerArmor_Raider_Arm_Misc_Optimized			
005018C3	recipe_mod_PowerArmor_Raider_Arm_Misc_Unarmed			
005018C4	POST_recipe_mod_PowerArmor_Raider_Helmet_Headlamp			
005018C5	Recipe_mod_PowerArmor_Raider_Helmet_Headlamp_Blue			
005018C6	Recipe_mod_PowerArmor_Raider_Helmet_Headlamp_Bright			
005018C7	Recipe_mod_PowerArmor_Raider_Helmet_Headlamp_Purple			
005018C8	Recipe_mod_PowerArmor_Raider_Helmet_Headlamp_RedTactical			
005018C9	Recipe_mod_PowerArmor_Raider_Helmet_Headlamp_VaultBoy			
005018CA	recipe_mod_PowerArmor_Raider_Helmet_Misc_DetectLife			
005018CB	recipe_mod_PowerArmor_Raider_Helmet_Misc_Int			
005018CC	recipe_mod_PowerArmor_Raider_Helmet_Misc_Sensor			
005018CD	recipe_mod_PowerArmor_Raider_Leg_Misc_APRegen			
005018CE	recipe_mod_PowerArmor_Raider_Leg_Misc_Carry			
005018CF	recipe_mod_PowerArmor_Raider_Leg_Misc_ExplVent			
005018D0	recipe_mod_PowerArmor_Raider_Leg_Misc_OptimizedServos			
005018D1	recipe_mod_PowerArmor_Raider_Leg_Misc_SprintBoost			
005018D2	recipe_mod_PowerArmor_Raider_Torso_Misc_BatRegen			
005018D3	recipe_mod_PowerArmor_Raider_Torso_Misc_Cleanser			
005018D4	recipe_mod_PowerArmor_Raider_Torso_Misc_DMGShield			
005018D5	recipe_mod_PowerArmor_Raider_Torso_Misc_Emergency			
005018D6	recipe_mod_PowerArmor_Raider_Torso_Misc_Kinetic			
005018D7	recipe_mod_PowerArmor_Raider_Torso_Misc_MedicPump			
005018D8	recipe_mod_PowerArmor_Raider_Torso_Misc_Reactive			
005018D9	recipe_mod_PowerArmor_Raider_Torso_Misc_Str			
005018DA	recipe_mod_PowerArmor_Raider_Torso_Misc_Tesla			
005018DB	recipe_mod_PowerArmor_T45_Arm_Misc_Bleed			
005018DC	recipe_mod_PowerArmor_T45_Arm_Misc_Optimized			
005018DD	recipe_mod_PowerArmor_T45_Arm_Misc_ShockDmg			
005018DE	recipe_mod_PowerArmor_T45_Arm_Misc_Unarmed			
005018DF	POST_recipe_mod_PowerArmor_T45_Helmet_Headlamp			
005018E0	Recipe_mod_PowerArmor_T45_Helmet_Headlamp_Blue			
005018E1	Recipe_mod_PowerArmor_T45_Helmet_Headlamp_Bright			
005018E2	Recipe_mod_PowerArmor_T45_Helmet_Headlamp_Purple			
005018E3	Recipe_mod_PowerArmor_T45_Helmet_Headlamp_RedTactical			
005018E4	Recipe_mod_PowerArmor_T45_Helmet_Headlamp_VaultBoy			
005018E5	recipe_mod_PowerArmor_T45_Helmet_Misc_DetectLife			
005018E6	recipe_mod_PowerArmor_T45_Helmet_Misc_Int			
005018E7	zzz_recipe_mod_PowerArmor_T45_Helmet_Misc_Recon			
005018E8	recipe_mod_PowerArmor_T45_Helmet_Misc_Sensor			
005018E9	zzz_recipe_mod_PowerArmor_T45_Helmet_Misc_VATSChance			
005018EA	recipe_mod_PowerArmor_T45_Leg_Misc_APRegen			
005018EB	recipe_mod_PowerArmor_T45_Leg_Misc_Carry			
005018EC	recipe_mod_PowerArmor_T45_Leg_Misc_ExplVent			
005018ED	recipe_mod_PowerArmor_T45_Leg_Misc_OptimizedServos			
005018EE	recipe_mod_PowerArmor_T45_Leg_Misc_SprintBoost			
005018EF	zzz_recipe_mod_PowerArmor_T45_Material_Paint_Military			
005018F0	zzz_recipe_mod_PowerArmor_T45_Material_Paint_Winterized			
005018F1	recipe_mod_PowerArmor_T45_Torso_Misc_BatRegen			
005018F2	recipe_mod_PowerArmor_T45_Torso_Misc_Cleanser			
005018F3	recipe_mod_PowerArmor_T45_Torso_Misc_Emergency			
005018F4	recipe_mod_PowerArmor_T45_Torso_Misc_JetPack			
005018F5	recipe_mod_PowerArmor_T45_Torso_Misc_Kinetic			
005018F6	recipe_mod_PowerArmor_T45_Torso_Misc_MedicPump			
005018F7	recipe_mod_PowerArmor_T45_Torso_Misc_Reactive			
005018F8	recipe_mod_PowerArmor_T45_Torso_Misc_StealthBoy			
005018F9	recipe_mod_PowerArmor_T45_Torso_Misc_Str			
005018FA	recipe_mod_PowerArmor_T45_Torso_Misc_Tesla			
005018FB	recipe_mod_PowerArmor_T51_Arm_Misc_Bleed			
005018FC	recipe_mod_PowerArmor_T51_Arm_Misc_Optimized			
005018FD	recipe_mod_PowerArmor_T51_Arm_Misc_ShockDmg			
005018FE	recipe_mod_PowerArmor_T51_Arm_Misc_Unarmed			
005018FF	POST_recipe_mod_PowerArmor_T51_Helmet_Headlamp			
00501900	Recipe_mod_PowerArmor_T51_Helmet_Headlamp_Blue			
00501901	Recipe_mod_PowerArmor_T51_Helmet_Headlamp_Bright			
00501902	Recipe_mod_PowerArmor_T51_Helmet_Headlamp_Purple			
00501903	Recipe_mod_PowerArmor_T51_Helmet_Headlamp_RedTactical			
00501904	Recipe_mod_PowerArmor_T51_Helmet_Headlamp_VaultBoy			
00501905	recipe_mod_PowerArmor_T51_Helmet_Misc_DetectLife			
00501906	recipe_mod_PowerArmor_T51_Helmet_Misc_Int			
00501907	zzz_recipe_mod_PowerArmor_T51_Helmet_Misc_Recon			
00501908	recipe_mod_PowerArmor_T51_Helmet_Misc_Sensor			
00501909	zzz_recipe_mod_PowerArmor_T51_Helmet_Misc_VATSChance			
0050190A	recipe_mod_PowerArmor_T51_Leg_Misc_APRegen			
0050190B	recipe_mod_PowerArmor_T51_Leg_Misc_Carry			
0050190C	recipe_mod_PowerArmor_T51_Leg_Misc_ExplVent			
0050190D	recipe_mod_PowerArmor_T51_Leg_Misc_OptimizedServos			
0050190E	recipe_mod_PowerArmor_T51_Leg_Misc_SprintBoost			
0050190F	zzz_recipe_mod_PowerArmor_T51_Material_Paint_Military			
00501910	POST_recipe_mod_PowerArmor_T51_Material_Paint_VimRed			
00501911	recipe_mod_PowerArmor_T51_Material_Paint_Winterized			
00501912	recipe_mod_PowerArmor_T51_Torso_Misc_BatRegen			
00501913	recipe_mod_PowerArmor_T51_Torso_Misc_Cleanser			
00501914	recipe_mod_PowerArmor_T51_Torso_Misc_Emergency			
00501915	recipe_mod_PowerArmor_T51_Torso_Misc_JetPack			
00501916	recipe_mod_PowerArmor_T51_Torso_Misc_Kinetic			
00501917	recipe_mod_PowerArmor_T51_Torso_Misc_MedicPump			
00501918	recipe_mod_PowerArmor_T51_Torso_Misc_Reactive			
00501919	recipe_mod_PowerArmor_T51_Torso_Misc_StealthBoy			
0050191A	recipe_mod_PowerArmor_T51_Torso_Misc_Str			
0050191B	recipe_mod_PowerArmor_T51_Torso_Misc_Tesla			
0050191C	recipe_mod_PowerArmor_T60_Arm_Misc_Bleed			
0050191D	recipe_mod_PowerArmor_T60_Arm_Misc_Optimized			
0050191E	recipe_mod_PowerArmor_T60_Arm_Misc_ShockDmg			
0050191F	recipe_mod_PowerArmor_T60_Arm_Misc_Unarmed			
00501920	POST_recipe_mod_PowerArmor_T60_Helmet_Headlamp			
00501921	Recipe_mod_PowerArmor_T60_Helmet_Headlamp_Blue			
00501922	Recipe_mod_PowerArmor_T60_Helmet_Headlamp_Bright			
00501923	Recipe_mod_PowerArmor_T60_Helmet_Headlamp_Purple			
00501924	Recipe_mod_PowerArmor_T60_Helmet_Headlamp_RedTactical			
00501925	Recipe_mod_PowerArmor_T60_Helmet_Headlamp_VaultBoy			
00501926	recipe_mod_PowerArmor_T60_Helmet_Misc_DetectLife			
00501927	recipe_mod_PowerArmor_T60_Helmet_Misc_Int			
00501928	zzz_recipe_mod_PowerArmor_T60_Helmet_Misc_Recon			
00501929	recipe_mod_PowerArmor_T60_Helmet_Misc_Sensor			
0050192A	zzz_recipe_mod_PowerArmor_T60_Helmet_Misc_VATSChance			
0050192B	recipe_mod_PowerArmor_T60_Leg_Misc_APRegen			
0050192C	recipe_mod_PowerArmor_T60_Leg_Misc_Carry			
0050192D	recipe_mod_PowerArmor_T60_Leg_Misc_ExplVent			
0050192E	recipe_mod_PowerArmor_T60_Leg_Misc_OptimizedServos			
0050192F	recipe_mod_PowerArmor_T60_Leg_Misc_SprintBoost			
00501930	zzz_recipe_mod_PowerArmor_T60_Material_Paint_AtomCat			
00501931	recipe_mod_PowerArmor_T60_Material_Paint_BOSElder			
00501932	zzz_DEPRECATED_recipe_mod_PowerArmor_T60_Material_Paint_BOSInitiate			
00501933	recipe_mod_PowerArmor_T60_Material_Paint_BOSKnight			
00501934	recipe_mod_PowerArmor_T60_Material_Paint_BOSKnightCaptain			
00501935	recipe_mod_PowerArmor_T60_Material_Paint_BOSKnightSgt			
00501936	recipe_mod_PowerArmor_T60_Material_Paint_BOSOfficer			
00501937	recipe_mod_PowerArmor_T60_Material_Paint_BOSPaladin			
00501938	zzz_DEPRECATED_recipe_mod_PowerArmor_T60_Material_Paint_BOSSentinel			
00501939	zzzrecipe_mod_PowerArmor_T60_Material_Paint_BOSStandard			
0050193A	zzz_recipe_mod_PowerArmor_T60_Material_Paint_Military			
0050193B	zzz_recipe_mod_PowerArmor_T60_Material_Paint_Winterized			
0050193C	recipe_mod_PowerArmor_T60_Torso_Misc_BatRegen			
0050193D	recipe_mod_PowerArmor_T60_Torso_Misc_Cleanser			
0050193E	recipe_mod_PowerArmor_T60_Torso_Misc_Emergency			
0050193F	recipe_mod_PowerArmor_T60_Torso_Misc_Jetpack			
00501940	recipe_mod_PowerArmor_T60_Torso_Misc_Kinetic			
00501941	recipe_mod_PowerArmor_T60_Torso_Misc_MedicPump			
00501942	recipe_mod_PowerArmor_T60_Torso_Misc_Reactive			
00501943	recipe_mod_PowerArmor_T60_Torso_Misc_StealthBoy			
00501944	recipe_mod_PowerArmor_T60_Torso_Misc_Str			
00501945	recipe_mod_PowerArmor_T60_Torso_Misc_Tesla			
00501946	recipe_mod_PowerArmor_Ultracite_Arm_Misc_Bleed			
00501947	recipe_mod_PowerArmor_Ultracite_Arm_Misc_Optimized			
00501948	recipe_mod_PowerArmor_Ultracite_Arm_Misc_Unarmed			
00501949	recipe_mod_PowerArmor_Ultracite_Helmet_Misc_DetectLife			
0050194A	recipe_mod_PowerArmor_Ultracite_Helmet_Misc_Int			
0050194B	recipe_mod_PowerArmor_Ultracite_Helmet_Misc_Sensor			
0050194C	recipe_mod_PowerArmor_Ultracite_Leg_Misc_APRegen			
0050194D	recipe_mod_PowerArmor_Ultracite_Leg_Misc_Carry			
0050194E	recipe_mod_PowerArmor_Ultracite_Leg_Misc_ExplVent			
0050194F	recipe_mod_PowerArmor_Ultracite_Leg_Misc_OptimizedServos			
00501950	recipe_mod_PowerArmor_Ultracite_Leg_Misc_SprintBoost			
00501951	recipe_mod_PowerArmor_Ultracite_Torso_Misc_BatRegen			
00501952	recipe_mod_PowerArmor_Ultracite_Torso_Misc_Cleanser			
00501953	recipe_mod_PowerArmor_Ultracite_Torso_Misc_DMGShield			
00501954	recipe_mod_PowerArmor_Ultracite_Torso_Misc_Emergency			
00501955	recipe_mod_PowerArmor_Ultracite_Torso_Misc_Kinetic			
00501956	recipe_mod_PowerArmor_Ultracite_Torso_Misc_MedicPump			
00501957	recipe_mod_PowerArmor_Ultracite_Torso_Misc_Reactive			
00501958	recipe_mod_PowerArmor_Ultracite_Torso_Misc_Str			
00501959	recipe_mod_PowerArmor_Ultracite_Torso_Misc_Tesla			
0050195A	recipe_mod_PowerArmor_X01_Arm_Misc_Bleed			
0050195B	recipe_mod_PowerArmor_X01_Arm_Misc_Optimized			
0050195C	recipe_mod_PowerArmor_X01_Arm_Misc_ShockDmg			
0050195D	recipe_mod_PowerArmor_X01_Arm_Misc_Unarmed			
0050195E	recipe_mod_PowerArmor_X01_Helmet_Headlamp			
0050195F	recipe_mod_PowerArmor_X01_Helmet_Headlamp_Blue			
00501960	recipe_mod_PowerArmor_X01_Helmet_Headlamp_Bright			
00501961	recipe_mod_PowerArmor_X01_Helmet_Headlamp_Purple			
00501962	recipe_mod_PowerArmor_X01_Helmet_Headlamp_RedTactical			
00501963	recipe_mod_PowerArmor_X01_Helmet_Headlamp_VaultBoy			
00501964	recipe_mod_PowerArmor_X01_Helmet_Misc_DetectLife			
00501965	recipe_mod_PowerArmor_X01_Helmet_Misc_Int			
00501966	recipe_mod_PowerArmor_X01_Helmet_Misc_Recon			
00501967	recipe_mod_PowerArmor_X01_Helmet_Misc_Sensor			
00501968	recipe_mod_PowerArmor_X01_Helmet_Misc_VATSChance			
00501969	recipe_mod_PowerArmor_X01_Leg_Misc_APRegen			
0050196A	recipe_mod_PowerArmor_X01_Leg_Misc_Carry			
0050196B	recipe_mod_PowerArmor_X01_Leg_Misc_ExplVent			
0050196C	recipe_mod_PowerArmor_X01_Leg_Misc_OptimizedServos			
0050196D	recipe_mod_PowerArmor_X01_Leg_Misc_SprintBoost			
0050196E	recipe_mod_PowerArmor_X01_Material_Paint_Military			
0050196F	recipe_mod_PowerArmor_X01_Torso_Misc_BatRegen			
00501970	recipe_mod_PowerArmor_X01_Torso_Misc_Cleanser			
00501971	recipe_mod_PowerArmor_X01_Torso_Misc_Emergency			
00501972	recipe_mod_PowerArmor_X01_Torso_Misc_JetPack			
00501973	recipe_mod_PowerArmor_X01_Torso_Misc_Kinetic			
00501974	recipe_mod_PowerArmor_X01_Torso_Misc_MedicPump			
00501975	recipe_mod_PowerArmor_X01_Torso_Misc_Reactive			
00501976	recipe_mod_PowerArmor_X01_Torso_Misc_StealthBoy			
00501977	recipe_mod_PowerArmor_X01_Torso_Misc_Str			
00501978	recipe_mod_PowerArmor_X01_Torso_Misc_Tesla			
00501993	RelayTower_Note	[CELL:002628F7]	ExtCell	
00501998	RelayTower01_Note			
00501AA4	FS_Ella_Observations	Quick Test Cell	NameParse	
00501B0E	LC138_LunchThiefNote	Sugar Grove	NameParse	
00501B11	LC196_SonsOfDaneBeerNote	SonsOfDaneCompoundExt04	ExtCell	
00501D85	LC174_WatogaHigh_CBLore_MorningAnnouncements	Watoga High School	NameParse	
00501D93	LC004_AlleghenyAsylum_CBLore_GateGuardPrimer	AlleghenyAsylumExt	ExtCell	
00501D95	LC004_AlleghenyAsylum_CBLore_DuransNotes01	Fort Defiance	NameParse	
00501D97	LC004_AlleghenyAsylum_CBLore_DuransNotes02	Fort Defiance	NameParse	
00501D99	LC004_AlleghenyAsylum_CBLore_DuransNotes03	Fort Defiance	NameParse	
00509C68	HuntersRidgeNote01	HuntersRidgeExt02	ExtCell	
00509C6A	HuntersRidgeNote02	HuntersRidgeExt02	ExtCell	
00509C73	HuntersRidgeNote03	HuntersRidgeExt02	ExtCell	
0050CBBC	Vault76_ResponderNote			
0050DCBB	Recipe_Cooking_AshRoseHerbTastyTea			
0050DCBC	Recipe_Cooking_AsterHerbTastyTea			
0050DCBD	Recipe_Cooking_BlackberryFruitTastyTea			
0050DCBE	POST_Recipe_Cooking_BloodbloomHerbTastyTea			
0050DCBF	Recipe_Cooking_CarrotFlowerHerbTastyTea			
0050DCC0	Recipe_Cooking_FernFlowerHerbTastyTea			
0050DCC1	Recipe_Cooking_FeverBlossomHerbTastyTea			
0050DCC2	Recipe_Cooking_GourdFlowerHerbTastyTea			
0050DCC3	Recipe_Cooking_MelonBloomHerbTastyTea			
0050DCC4	Recipe_Cooking_MelonFlowerHerbTastyTea			
0050DCC5	Recipe_Cooking_StranglerBloomHerbTastyTea			
0050DCC6	Recipe_Cooking_StranglerPodHerbTastyTea			
0050DCC7	Recipe_Cooking_TatoFlowerHerbTastyTea			
0050DCC8	Recipe_Cooking_ThistleHerbTastyTea			
0050E3EF	recipe_Headwear_CivilWarEraHat			
0050E3F0	recipe_Headwear_CivilWarHatConfederate			
0050E3F1	recipe_Headwear_CivilWarHatUnion			
0050E3F2	recipe_Headwear_HalloweenCostume01Hat_Witch			
0050E3F3	recipe_Headwear_HalloweenCostume02Hat_Skeleton			
0050EFFC	FF20_RippedNote			
0050F879	LC013_BigBendMiscNote			
0050F87A	recipe_mod_LeverGun_Receiver_ScorchedKiller			
0050F87B	recipe_mod_DoubleBarrelShotgun_Receiver_ScorchedKiller			
0050F87C	recipe_mod_SubmachineGun_Receiver_ScorchedKiller			
0050F982	LC013_BigBend_AllemaneCode	Quick Test Cell	NameParse	Search Big Bend Tunnel
0050F983	LC013_BigBend_CominskyCode	Quick Test Cell	NameParse	Search Big Bend Tunnel
0050F984	LC013_BigBend_HolsteinCode	Quick Test Cell	NameParse	Search Big Bend Tunnel
0050FDBF	MTR15_DuchessCaseNote	WelchExt03	ExtCell	
00510B77	Recipe_Chems_CuttingFluid	76 QA Smoke	NameParse	
00510B78	BoSR02_Recipe_ScanningModule			
00510B79	BoSZ03_Recipe_ReconRifleRecipe			
005187CC	Recipe_SURV_WaterFilter			
005189C1	The_Domestics_04	[CELL:00261A2F]	ExtCell	
0051B7A2	TreasureMap01	[CELL:0000DD46]	ExtCell	[Badge Handler Quest]
0051B8A6	TreasureMap02			[Badge Handler Quest]
0051B8A7	TreasureMap03			[Badge Handler Quest]
0051B8A8	TreasureMap04			[Badge Handler Quest]
0051B8A9	TreasureMap05			[Badge Handler Quest]
0051B8AA	TreasureMap06			[Badge Handler Quest]
0051B8AC	TreasureMap07			[Badge Handler Quest]
0051B8AE	TreasureMap08			[Badge Handler Quest]
0051B8B0	TreasureMap09			[Badge Handler Quest]
0051B8B1	TreasureMap10			[Badge Handler Quest]
0051B8B2	TreasureMap11			[Badge Handler Quest]
0051B8B6	TreasureMap12			[Badge Handler Quest]
0051B8B8	TreasureMap13			[Badge Handler Quest]
0051B8B9	TreasureMap14			[Badge Handler Quest]
0051B8BA	TreasureMap15			[Badge Handler Quest]
0051B8BC	TreasureMap16			[Badge Handler Quest]
0051B8C0	TreasureMap17			[Badge Handler Quest]
0051B8C1	TreasureMap18			[Badge Handler Quest]
0051B8C2	TreasureMap19			[Badge Handler Quest]
0051B8C4	TreasureMap20			[Badge Handler Quest]
0051B8C6	TreasureMap21			[Badge Handler Quest]
0051B8C7	TreasureMap22			[Badge Handler Quest]
0051B8C8	TreasureMap23			[Badge Handler Quest]
0051B8CA	TreasureMap24			[Badge Handler Quest]
0051B8CC	TreasureMap25			[Badge Handler Quest]
0051B8CD	TreasureMap26			[Badge Handler Quest]
0051B8CE	TreasureMap27			[Badge Handler Quest]
0051B8D2	TreasureMap28			[Badge Handler Quest]
0051B8D4	TreasureMap29			[Badge Handler Quest]
0051B8D6	TreasureMap30			[Badge Handler Quest]
0051B8D7	TreasureMap31			[Badge Handler Quest]
0051B8D8	TreasureMap32			[Badge Handler Quest]
0051B8D9	TreasureMap33			[Badge Handler Quest]
0051B8DB	TreasureMap34			[Badge Handler Quest]
0051B8DE	TreasureMap35			[Badge Handler Quest]
0051E20E	OBMountainPOI07Ext_Note01	POISavageDivide36Ext	ExtCell	
0051E215	WilliamKellerNote_IsolatedCabin01	IsolatedCabinExt	ExtCell	
0051E216	WilliamKellerNote_IsolatedCabin02	IsolatedCabinExt	ExtCell	
0051E21D	WilliamKellerNote_Grafton01	GraftonExt07	ExtCell	
0051E22E	BoS_SpruceKnob_WarGamesNote	SpruceKnobCampgroundExt05	ExtCell	
0051E22F	BoS_SpruceKnob_TaggerdyJournal01Note	SpruceKnobCampgroundExt05	ExtCell	
0051E230	BoS_SpruceKnob_TaggerdyJournal02Note	SpruceKnobCampgroundExt08	ExtCell	
0051E231	BoS_Venture_AnonymousNote	SurvivalTrainingCenterExt02	ExtCell	
0051E232	BoS_Venture_StoreRoomNote	SurvivalTrainingCenterExt	ExtCell	
0051E233	BoS_Venture_GoodbyeNote	SurvivalTrainingCenterExt	ExtCell	
0051E234	BoS_GraftonDam_FinalOrdersNote	GraftonDamExt05	ExtCell	
0051E235	BoS_GraftonDam_EspositoNote	GraftonDamExt05	ExtCell	
0051E236	BoS_Defiance_PoolTableNote	Fort Defiance	NameParse	
0051E237	BoS_Defiance_LastThunderNote	Fort Defiance	NameParse	
0051E238	BoS_Defiance_IAmKnightNote	Fort Defiance	NameParse	
0051E239	BoS_Venture_DeSilvaEulogyNote	SurvivalTrainingCenterExt	ExtCell	
0051E23A	BoS_Defiance_NoWayOutNote	Fort Defiance	NameParse	
0051E23B	BoS_Defiance_NoSatellitesNotes	Fort Defiance	NameParse	
0051E518	LC001_ExplodingLabsNote	AbandonedBogTownExt02	ExtCell	
0051E519	LC001_VillaAvailableNote	AbandonedBogTownExt	ExtCell	
0051E51A	LC001_WhereToGoNote	AbandonedBogTownExt11	ExtCell	
0051E51B	LC001_NewCrewNote	AbandonedBogTownExt02	ExtCell	
0051E9C7	LC004_AlleghenyAsylum_CBLore_NoticeOfExpulsion	[CELL:002614B7]	ExtCell	
00521F4D	Recipe_Workshop_MiscStructures_DeconArch			
00523DA5	Nuke_SolutionSilo01			Nuke_Master
00523DA6	Nuke_SolutionSilo02			Nuke_Master
00527554	RE_SceneDWD06Note01	Quick Test Cell	NameParse	
00528623	Template_MultiPageNote	Quick Test Cell	NameParse	
00529A68	RE_SceneTS01_Note1			Dead Responder
00529D4E	recipe_mod_UltraciteLaserGun_Receiver_Burning-FastTrigger			
00529D4F	recipe_mod_UltraciteLaserGun_Receiver_Burning-HipAccuracy			
00529DB8	recipe_mod_Ultracite_GatlingLaser_Receiver_Burning-CritDMG			
00529DB9	recipe_mod_Ultracite_GatlingLaser_Receiver_Burning-HipAccuracy			
00529DBA	recipe_mod_UltraciteLaserGun_Barrel_Spinning_Recoil-HipAccuracy			
00529DBB	recipe_mod_UltraciteLaserGun_Receiver_Burning-CritDMG			
00529DE1	RSVP01_Book_LORE_Newsletter	[CELL:00050B2C]	ExtCell	
00529DE2	RSVP01_Book_LORE_PatientChart	FlatwoodsExt	ExtCell	
00529DE3	RSVP00_Book_Recipe10_TatoSalad	SilvaHomesteadExt	ExtCell	
00529DE4	RSVP00_Book_Recipe02_Chitlins	SpruceKnobCampgroundExt09	ExtCell	
00529DE5	RSVP00_Book_Recipe07_MudCookie	AaronholtHomesteadExt04	ExtCell	
00529DE6	RSVP00_Book_Recipe09_SunshineOil	WelchExt04	ExtCell	
00529E21	LC149_Jesse_White_Set_List_old			
0052A698	recipe_mod_RailwayRifle_Scope_ScopeShort_NV			
0052A699	recipe_mod_SingleActionRevolver_Grip_Better1			
0052A69A	recipe_mod_SubmachineGun_Receiver_Automatic1_and_ArmorPiercing			
0052A69B	recipe_mod_SubmachineGun_Receiver_Automatic1_and_MoreDamage1			
0052A840	recipe_mod_RadiumRifle_SCOPE_shortscope_NV_Base			
0052A841	recipe_mod_RailwayRifle_Receiver_Automatic1			
0052A842	recipe_mod_RailwayRifle_Scope_ScopeLong_NV			
0052A843	recipe_mod_RailwayRifle_Scope_ScopeMedium_NV			
0052A88C	recipe_mod_PlasmaGun_Receiver_Burning-CritDMG			
0052A88D	recipe_mod_PlasmaGun_Receiver_Burning-HipAccuracy			
0052A88E	recipe_mod_RadiumRifle_SCOPE_Longscope_NV_Base			
0052A88F	recipe_mod_RadiumRifle_SCOPE_MediumScope_NV_Base			
0052AEBF	recipe_mod_PlasmaGun_Barrel_Flamer_Recoil			
0052AEC0	recipe_mod_PlasmaGun_Barrel_Shotgun_HipAccuracy			
0052AEC1	recipe_mod_PlasmaGun_Barrel_Shotgun_Recoil			
0052AEC2	recipe_mod_PlasmaGun_Barrel_Spin_Recoil-HipAccuracy			
0052AF9A	zzzrecipe_mod_Enclave_PlasmaGun_SCOPE_Longscope_NV_Base			
0052AF9B	zzzrecipe_mod_Enclave_PlasmaGun_SCOPE_MediumScope_NV_Base			
0052AF9C	zzzrecipe_mod_Enclave_PlasmaGun_SCOPE_shortscope_NV_Base			
0052AF9D	recipe_mod_PlasmaGun_Barrel_Flamer_HipAccuracy			
0052B035	recipe_mod_PipeRevolver_SCOPE_shortscope_NV_Base			
0052B036	recipe_mod_PipeSyringer_Scope_ScopeLong_NV			
0052B037	recipe_mod_PipeSyringer_Scope_ScopeMedium_NV			
0052B038	recipe_mod_PipeSyringer_Scope_ScopeShort_NV			
0052B584	FF12_AutomatedBells	CharlestonCenter	ExtCell	
0052B8E3	RE_SceneTS01_Note2			
0052B8E5	RE_SceneTS02_Note1			Revenge For a Settler
0052BAE2	recipe_mod_PipeRevolver_Receiver_AmmoConv38-HipAccuracy			
0052BAE3	recipe_mod_PipeRevolver_Receiver_FastTrigger-AmmoConversion			
0052BAE4	recipe_mod_PipeRevolver_SCOPE_longscope_NV_Base			
0052BAE5	recipe_mod_PipeRevolver_SCOPE_mediumscope_NV_Base			
0052BBE5	recipe_mod_PipeGun_SCOPE_shortscope_NV_Base			
0052BBE6	recipe_mod_PipeRevolver_Receiver_AmmoConv38			
0052BBE7	recipe_mod_PipeRevolver_Receiver_AmmoConv38-CritDMG			
0052BBE8	recipe_mod_PipeRevolver_Receiver_AmmoConv38-Damage			
0052BBEA	recipe_mod_PipeGun_Receiver_Automatic-AmmoConversion			
0052BBEB	recipe_mod_PipeGun_Receiver_FastTrigger-AmmoConversion			
0052BBEC	recipe_mod_PipeGun_SCOPE_longscope_NV_Base			
0052BBED	recipe_mod_PipeGun_SCOPE_mediumscope_NV_Base			
0052C2B8	recipe_mod_PipeGun_Receiver_AmmoConv45			
0052C2B9	recipe_mod_PipeGun_Receiver_AmmoConv45-CritDMG			
0052C2BA	recipe_mod_PipeGun_Receiver_AmmoConv45-Damage			
0052C2BB	recipe_mod_PipeGun_Receiver_AmmoConv45-HipAccuracy			
0052C2E5	recipe_mod_PipeBoltAction_Receiver_fasttrigger-AmmoConversion			
0052C2E6	recipe_mod_PipeBoltAction_SCOPE_longscope_NV_Base			
0052C2E7	recipe_mod_PipeBoltAction_SCOPE_mediumscope_NV_Base			
0052C2E8	recipe_mod_PipeBoltAction_SCOPE_shortscope_NV_Base			
0052C417	recipe_mod_PipeBoltAction_Receiver_AmmoConv38			
0052C418	recipe_mod_PipeBoltAction_Receiver_AmmoConv38-CritDMG			
0052C419	recipe_mod_PipeBoltAction_Receiver_AmmoConv38-Damage			
0052C41A	recipe_mod_PipeBoltAction_Receiver_AmmoConv38-HipAccuracy			
0052C42D	recipe_mod_MissileLauncher_Scope_ScopeLong_NV			
0052C42E	recipe_mod_MissileLauncher_Scope_TargetingBox			
0052C42F	recipe_mod_MissileLauncher_TubeBarrel_Quad			
0052C430	recipe_mod_MissileLauncher_TubeBarrel_Triple			
0052CAAA	DWDMountainPOI01Note01	[BOOK 0052CAAA] in DebugDobert	NameParse	
0052CAAB	DWDMountainPOI01Note02	Quick Test Cell	NameParse	
0052CAAF	CUT_recipe_mod_LaserMusket_Scope_ScopeLong_NV			
0052CAB0	CUT_recipe_mod_LaserMusket_Scope_ScopeMedium_NV			
0052CAB1	CUT_recipe_mod_LaserMusket_Scope_ScopeShort_NV			
0052CAB2	recipe_mod_Minigun_BarrelMinigun_TriBarrel			
0052DA4F	recipe_mod_LaserGun_Barrel_Spinning_Recoil-HipAccuracy			
0052DA50	recipe_mod_LaserGun_Receiver_Burning-CritDMG			
0052DA51	recipe_mod_LaserGun_Receiver_Burning-FastTrigger			
0052DA52	recipe_mod_LaserGun_Receiver_Burning-HipAccuracy			
0052DB7B	recipe_mod_HuntingRifle_SCOPE_MediumScope_NV_Base			
0052DB7C	recipe_mod_LaserGun_SCOPE_longscope_NV_Base			
0052DB7D	recipe_mod_LaserGun_SCOPE_MediumScope_NV_Base			
0052DB7E	recipe_mod_LaserGun_SCOPE_shortscope_NV_Base			
0052DC55	recipe_mod_HuntingRifle_Receiver_FastTrigger-AmmoConv38			
0052DC56	recipe_mod_HuntingRifle_Receiver_FastTrigger-AmmoConv50			
0052DC57	recipe_mod_HuntingRifle_SCOPE_ShortScope_NV_Base			
0052DC58	recipe_mod_HuntingRifle_SCOPE_LongScope_NV_Base			
0052E46F	RE_SceneMD01_CultistNoteInvitation			Dead Cultists
0052E470	RE_SceneMD01_CultistNoteReply			Dead Cultists
0052E485	Recipe_Weapon_Ranged_10mm	76 QA Smoke	NameParse	
0052ECA8	RSVP00_Book_LORE_Everyone	VaultTecUExt05	ExtCell	
0052ECB1	RSVP00_Book_LORE_ScottStash			[RSVP Master]
0052EDD4	RE_ObjectCMB05_Note			
0052EEDE	RE_ObjectCMB02_Concert_Flyer			
0052F533	recipe_mod_HuntingRifle_Receiver_AmmoConv50			
0052F534	recipe_mod_HuntingRifle_Receiver_AmmoConv50-CritDMG			
0052F535	recipe_mod_HuntingRifle_Receiver_AmmoConv50-Damage			
0052F536	recipe_mod_HuntingRifle_Receiver_AmmoConv50-HipAccuracy			
0052F539	recipe_mod_HuntingRifle_Receiver_AmmoConv38			
0052F53A	recipe_mod_HuntingRifle_Receiver_AmmoConv38-CritDMG			
0052F53B	recipe_mod_HuntingRifle_Receiver_AmmoConv38-Damage			
0052F53C	recipe_mod_HuntingRifle_Receiver_AmmoConv38-HipAccuracy			
0052FDF4	Recipe_Cooking_BloatFlyMeatTasty	76 QA Smoke	NameParse	
0052FDF5	Recipe_Cooking_BloodbugMeatTasty	76 QA Smoke	NameParse	
0052FDF6	Recipe_Cooking_BloodLeafHerbTastyTea	76 QA Smoke	NameParse	
0052FDF7	Recipe_Cooking_YaoGuaiMeatTasty	76 QA Smoke	NameParse	
0052FDF8	Recipe_Cooking_TatoVegetableTastyStew	76 QA Smoke	NameParse	
0052FDF9	Recipe_Cooking_DeathclawMeatTasty	76 QA Smoke	NameParse	
0052FDFA	Recipe_Cooking_DogMeatTasty	76 QA Smoke	NameParse	
0052FDFB	Recipe_Cooking_GlowingFungusVegetableTastySoup	76 QA Smoke	NameParse	
0052FDFC	Recipe_Cooking_IguanaMeatTastySoup	76 QA Smoke	NameParse	
0052FDFD	Recipe_Cooking_MirelurkMeatTastyCake	76 QA Smoke	NameParse	
0052FDFE	Recipe_Cooking_MirelurkMeatTastyJerky	76 QA Smoke	NameParse	
0052FDFF	Recipe_Cooking_MirelurkSoftshellMeatTasty	76 QA Smoke	NameParse	
0052FE00	Recipe_Cooking_MoleratMeatTasty	76 QA Smoke	NameParse	
0052FE01	Recipe_Cooking_MutantHoundMeatTastyStew	76 QA Smoke	NameParse	
0052FE02	Recipe_Cooking_SquirrelMeatTastyStew	76 QA Smoke	NameParse	
0052FE03	Recipe_Cooking_SquirrelMeatTasty	76 QA Smoke	NameParse	
0052FE04	Recipe_Cooking_SootFlowerHerbTastyTea	76 QA Smoke	NameParse	
0052FE06	Recipe_Cooking_MutfruitFruitTastyTea	76 QA Smoke	NameParse	
0052FE07	Recipe_Cooking_RadscorpionEggTasty	76 QA Smoke	NameParse	
0052FE08	Recipe_Cooking_RadStagMeatTastyStew	76 QA Smoke	NameParse	
0052FE09	Recipe_Cooking_SiltBeanVegetableTastySoup	76 QA Smoke	NameParse	
0052FF02	recipe_DLC04_mod_HandMadeGun_SCOPE_shortscope_NV_Base			
0052FF03	recipe_mod_GaussRifle_SCOPE_longscope_NV_Base			
0052FF04	recipe_mod_GaussRifle_SCOPE_MediumScope_NV_Base			
0052FF05	recipe_mod_GaussRifle_SCOPE_shortscope_NV_Base			
00530816	DWDForestPOI01Note01	[CELL:00262DA0]	ExtCell	
00530817	DWDForestPOI01Note02	[CELL:00262DA0]	ExtCell	
00530890	recipe_mod_GatlingLaser_Receiver_Burning-CritDMG			
00530891	recipe_mod_GatlingLaser_Receiver_Burning-HipAccuracy			
00530892	recipe_DLC04_mod_HandMadeGun_SCOPE_Longscope_NV_Base			
00530893	recipe_DLC04_mod_HandMadeGun_SCOPE_MediumScope_NV_Base			
00530994	recipe_mod_PlasmaGun_SCOPE_shortscope_NV_Base			
00530995	recipe_mod_Fatman_Barrel_MIRV			
00530996	recipe_mod_Flamer_Receiver_TankNapalm			
00530997	recipe_mod_GammaGun_SpecialMuzzle_Charger			
005309FC	recipe_DLC03_mod_LeverGun_SCOPE_MediumScope_NV_Base			
005309FD	recipe_DLC03_mod_LeverGun_SCOPE_shortscope_NV_Base			
005309FE	recipe_mod_PlasmaGun_SCOPE_Longscope_NV_Base			
005309FF	recipe_mod_PlasmaGun_SCOPE_MediumScope_NV_Base			
00530A2C	recipe_mod_CombatShotgun_SCOPE_shortscope_NV_Base			
00530A2D	recipe_DLC01_mod_LightningGun_Barrel_ChargeShotgun			
00530A2E	recipe_DLC03_mod_HarpoonGun_Magazine_Barbed			
00530A2F	recipe_DLC03_mod_HarpoonGun_Magazine_Flechette			
00534C76	recipe_mod_CombatRifle_SCOPE_MediumScope_NV_Base			
00534C77	recipe_mod_CombatRifle_SCOPE_ShortScope_NV_Base			
00534C78	recipe_mod_CombatShotgun_SCOPE_longscope_NV_Base			
00534C79	recipe_mod_CombatShotgun_SCOPE_mediumscope_NV_Base			
00534C7E	recipe_mod_CombatRifle_Receiver_CritDMG-FastTrigger			
00534C7F	recipe_mod_CombatRifle_Receiver_Damage-AmmoConv			
00534C80	recipe_mod_CombatRifle_Receiver_FastTrigger-AmmoConv			
00534C81	recipe_mod_CombatRifle_SCOPE_LongScope_NV_Base			
00534FD1	recipe_mod_CombatRifle_Receiver_AmmoConv38			
00534FD2	recipe_mod_CombatRifle_Receiver_AmmoConv38-HipAccuracy			
00534FD3	recipe_mod_CombatRifle_Receiver_Auto-AmmoConv			
00534FD4	recipe_mod_CombatRifle_Receiver_CritDMG-AmmoConv			
00535C33	recipe_mod_AssaultRifle_SCOPE_longscope_NV_Base			
00535C34	recipe_mod_AssaultRifle_SCOPE_mediumscope_NV_Base			
00535C35	recipe_mod_AssaultRifle_SCOPE_shortscope_NV_Base			
00535C36	recipe_mod_Broadsider_Magazine_Multi			
0053ADBF	WL036_Notebook01	POICranberryBog01Ext	ExtCell	
00543E1A	W05_SettlersDaily_Clinic_Recipe	Quick Test Cell	NameParse	
00543E1D	W05_SettlersDaily_Restock_Recipe	Quick Test Cell	NameParse	
00543E1F	W05_SettlersDaily_Stew_Recipe	Quick Test Cell	NameParse	
00544D5F	W05_MQ_102P_LorisNote			Overseer, Overseen
00546275	W05_MQ_101P_A_MemorialPhoto			Strange Bedfellows
0054791A	V96_1_Engineering_DecontaminationCodePage			Vault Mission  Creature Feature<Alias=DifficultyModeLoc><Alias=RespiteZoneStateLoc>
0054DCC8	VTU_FoodNotice	Vault-Tec University	NameParse	
005527BF	Recipe_Cooking_E02A_Meat_ChallysFeed			
005527C0	Recipe_Cooking_MeatWeek_TatoSalad			
005527DB	Recipe_Armor_EnclaveScoutUniform_ArmLeft_Set_V94_Bleed_GoldVendor			
005527DC	Recipe_Armor_EnclaveScoutUniform_ArmLeft_Set_V94_Solar_GoldVendor			
005527DD	Recipe_Armor_EnclaveScoutUniform_LegLeft_Set_V94_Bleed_GoldVendor			
005527DE	Recipe_Armor_EnclaveScoutUniform_LegLeft_Set_V94_Solar_GoldVendor			
005527DF	Recipe_Armor_EnclaveScoutUniform_Torso_Set_V94_Bleed_GoldVendor			
005527E0	Recipe_Armor_EnclaveScoutUniform_Torso_Set_V94_Solar_GoldVendor			
005528D6	Recipe_Weapon_Melee_MeatTenderizer			
005528D7	recipe_mod_melee_MeatTenderizer_Heated			
005528D8	recipe_mod_melee_MeatTenderizer_Peppered			
005528D9	recipe_mod_melee_MeatTenderizer_Salted			
005532B1	Recipe_Weapon_Thrown_MeatCleaver			
005535F9	Recipe_Armor_PowerArmor_Ultracite_Set_V94_ArmLeft_GoldVendor			
005535FA	Recipe_Armor_PowerArmor_Ultracite_Set_V94_LegLeft_GoldVendor			
005535FB	Recipe_Armor_PowerArmor_Ultracite_Set_V94_Torso_GoldVendor			
00553848	W05_MQ_003P_Muscle_ReadBetweenTheLinesJames	Duncan & Duncan Robotics	NameParse	
00553849	W05_MQ_003P_Muscle_DuncanLegalNote	Duncan & Duncan Robotics	NameParse	
005538A2	SludgeWorks_Note01	SludgeWorksExt	ExtCell	
00553B3D	SludgeWorks_Note02	SludgeWorksExt	ExtCell	
00553BEA	Recipe_Armor_PowerArmor_Ultracite_Set_V94_Helmet_GoldVendor			
00553BEB	Recipe_Armor_PowerArmor_Ultracite_Set_V94_ArmRight_GoldVendor			
00553BEC	Recipe_Armor_PowerArmor_Ultracite_Set_V94_LegRight_GoldVendor			
00553ED6	Recipe_Workshop_FloorDecor_Misc_MeatWeek_PoleFlag1			
00553ED7	Recipe_Workshop_FloorDecor_Misc_MeatWeek_PoleFlag2			
00553ED8	Recipe_Workshop_FloorDecor_Misc_MeatWeek_PoleFlag3			
005543AA	WL046_Note_MirelurkBoil	BerkeleySpringsRaiderCampExt	ExtCell	
005543AE	WL046_Note_HeadhuntersHeadcheese	BerkeleySpringsRaiderCampExt	ExtCell	
005543AF	WL046_Note_RadstagRedemption	BerkeleySpringsRaiderCampExt	ExtCell	
005543B3	WL046_DishwashersNote	BerkeleySpringsRaiderCampExt	ExtCell	
00554651	Recipe_Armor_EnclaveScoutUniform_ArmRight_Set_V94_Bleed_GoldVendor			
00554652	Recipe_Armor_EnclaveScoutUniform_ArmRight_Set_V94_Solar_GoldVendor			
00554653	Recipe_Armor_EnclaveScoutUniform_LegRight_Set_V94_Bleed_GoldVendor			
00554654	Recipe_Armor_EnclaveScoutUniform_LegRight_Set_V94_Solar_GoldVendor			
005547B7	recipe_mod_10mmSMG_Magazine_Ammo			
0055549A	Recipe_Workshop_FloorDecor_Misc_MeatWeek_BBQGrill			
00556F1D	Recipe_Workshop_Appliances_Grill_SuperMutant			
00558EA9	WL048_CultistNote01	KanawhaCountyCemeteryExt05	ExtCell	
00558EAB	WL048_CultistNote02	KanawhaCountyCemeteryExt05	ExtCell	
00558EAD	WL048_CultistNote03			
0055920C	WL005_TurretRepairNote01	Carleton Mine	NameParse	
0055923A	WL005_EngineRoomNote01	Carleton Mine	NameParse	
0055923B	WL005_EngineRoomNote02	Carleton Mine	NameParse	
0055923F	WL005_CrusherRoomNote01	Carleton Mine	NameParse	
00559246	WL005_PillarRoomNote01	Carleton Mine	NameParse	
00559EE5	RodneysPoem	ClancyManorExt	ExtCell	
0055A7A6	LC024_RaiderCourthouseNote01	Charleston Capitol Courthouse	NameParse	
0055AEB5	POI155_Note			
0055AEB7	POI155_Note02			
0055AEDB	LC024_RaiderCourthouseNote02	Charleston Capitol Courthouse	NameParse	
0055AF01	recipe_mod_PowerArmor_Raider_Torso_Misc_JetPack			
0055AF02	recipe_mod_PowerArmor_Ultracite_Torso_Misc_JetPack			
0055CBDA	LC024_RosalynnNote01	Quick Test Cell	NameParse	
0055D89D	W05_MQR_203P_SargentoNote	Watoga Civic Center	NameParse	
0055D8D6	W05_MQ_004P_Crane_CacheNote_ImagineYourMemoriesHere	RobCo Auto-Cache #001	NameParse	
0055D8D7	W05_MQ_004P_Crane_CacheNote_AsSmartAsYou	RobCo Auto-Cache #001	NameParse	
0055D8D8	W05_MQ_004P_Crane_CacheNote_RobCoStock	RobCo Auto-Cache #001	NameParse	
0055D8D9	W05_MQ_004P_Crane_CacheNote_PlaceYourOrder	RobCo Auto-Cache #001	NameParse	
0055D8DA	W05_MQ_004P_Crane_CacheNote_TreasuryBonds	RobCo Auto-Cache #001	NameParse	
0055FD02	W05_MQ_004P_Crane_CacheNote_AddCratesHere	RobCo Auto-Cache #001	NameParse	
0055FD03	W05_MQ_004P_Crane_CacheNote_AddLuxuryGoodHere	RobCo Auto-Cache #001	NameParse	
0055FD04	W05_MQ_004P_Crane_CacheNote_AddWeaponHere	RobCo Auto-Cache #001	NameParse	
0055FD05	W05_MQ_004P_Crane_CacheNote_AddFoodstuffsHere	RobCo Auto-Cache #001	NameParse	
00564078	Recipe_Armor_Backpack_Small			
005640B0	RE_ObjectZW02_SoldierNote			
005640B1	RE_ObjectZW02_TomNote			
00564970	W05_MQA_206P_JensNote			Secrets Revealed
00566AF8	W05_MQ_101P_A_DavidLetter			Strange Bedfellows
00568635	RE_ObjectZW04_PipeNote			
005693D8	W05_RE_TempClueNote01			
005693D9	W05_RE_TempClueNote02			
005698D6	Recipe_Armor_HazmatSuit			
005698E2	W05_Clue1_CoverLetter	Grafton Pawn Shop	NameParse	Treasure Unknown
005698E3	W05_Clue2_CoverLetter	Grafton Pawn Shop	NameParse	Treasure Unknown
005698E7	W05_Clue1_Invoice01	Grafton Pawn Shop	NameParse	Treasure Unknown
005698E8	W05_Clue1_Invoice02	Grafton Pawn Shop	NameParse	Treasure Unknown
005698F4	W05_Clue2_WeighStation	Grafton Pawn Shop	NameParse	Treasure Unknown
005698F5	W05_Clue3_CoverLetter	Grafton Pawn Shop	NameParse	Treasure Unknown
005698F6	W05_Clue4_CoverLetter	Grafton Pawn Shop	NameParse	Treasure Unknown
005698F7	W05_Clue5_CoverLetter	Grafton Pawn Shop	NameParse	Treasure Unknown
005698F8	W05_Clue3_Death1	Grafton Pawn Shop	NameParse	Treasure Unknown
005698F9	W05_Clue3_Death2	Grafton Pawn Shop	NameParse	Treasure Unknown
005698FA	W05_Clue3_Death3	Grafton Pawn Shop	NameParse	Treasure Unknown
005698FB	W05_Clue3_DeathOverview	Grafton Pawn Shop	NameParse	Treasure Unknown
00569C93	W05_Clue4_FenceReport	Grafton Pawn Shop	NameParse	Treasure Unknown
00569C94	W05_Clue5_Newspaper02	Grafton Pawn Shop	NameParse	Treasure Unknown
00569C95	W05_Clue5_Newspaper01	Grafton Pawn Shop	NameParse	Treasure Unknown
00569C96	W05_Clue5_PoliceReport	Grafton Pawn Shop	NameParse	Treasure Unknown
00569C97	W05_Clue5_Overview	Grafton Pawn Shop	NameParse	Treasure Unknown
0056AB81	W05_Lore_FS_Eviction	Grafton Pawn Shop	NameParse	
0056AB82	W05_Lore_FS_ConcernedFriend	Grafton Pawn Shop	NameParse	
0056AB83	W05_Lore_FS_AutomatedSwitch	Grafton Pawn Shop	NameParse	Treasure Unknown
0056AB84	W05_Lore_FS_FlaviaNote	ClarksburgExt05	ExtCell	
0056F1BC	W05_RE_ObjectBB02_Note			Object - Sniper Game
00571F60	COMP_Astronaut_009_Book_Contract			COMP_RQ_Fetch_SpecificAliases_Astronaut_009_ContractuallyObfuscated
005772BE	Recipe_Workshop_FloorDecor_PumpkinCarved01			
005772BF	Recipe_Workshop_FloorDecor_PumpkinCarved02			
005772C0	Recipe_Workshop_FloorDecor_PumpkinCarved03			
005772C1	Recipe_Workshop_FloorDecor_PumpkinCarved04			
005772C2	Recipe_Workshop_FloorDecor_PumpkinCarved05			
005772C3	Recipe_Workshop_FloorDecor_PumpkinCarved06			
005772C4	Recipe_Workshop_FloorDecor_PumpkinCarved07			
005772C5	Recipe_Workshop_FloorDecor_PumpkinCarved08			
005772C6	Recipe_Workshop_FloorDecor_PumpkinCarved09			
005772C7	Recipe_Workshop_FloorDecor_PumpkinCarved10			
005772C8	Recipe_Workshop_FloorDecor_PumpkinRack01			
005772C9	Recipe_Workshop_FloorDecor_PumpkinRack02			
005772CA	Recipe_Workshop_FloorDecor_PumpkinRack03			
005772CB	Recipe_Workshop_FloorDecor_PumpkinRack04			
005772CC	Recipe_Workshop_FloorDecor_PumpkinRackEmpty01			
00577BBD	Recipe_Workshop_FloorDecor_Statues_GrimReaperCardboardCutouts			
00581F22	Wl058_LoreNote01	BlakesOfferingExt	ExtCell	
00581F24	WL054_LoreNote01	ThePigstyExt	ExtCell	
00583708	W05_LoreNote01	WVLumberCoExt06	ExtCell	
0058370A	W05_LoreNote02	WV Lumber Co. Office	NameParse	
0058370C	WL052_LoreNote01	TwinPineCabinsExt02	ExtCell	
0058370D	WL060_LoreNote01	JohnsonsAcreExt02	ExtCell	
00589353	W05_Recipe_Armor_PowerArmor_T65_ArmLeft_GoldVendor			
00589354	W05_Recipe_Armor_PowerArmor_T65_ArmRight_GoldVendor			
00589355	W05_Recipe_Armor_PowerArmor_T65_Helmet_GoldVendor			
00589356	W05_Recipe_Armor_PowerArmor_T65_LegLeft_GoldVendor			
00589357	W05_Recipe_Armor_PowerArmor_T65_LegRight_GoldVendor			
00589358	W05_Recipe_Armor_PowerArmor_T65_Torso_GoldVendor			
0058935B	W05_Recipe_Armor_SecretService_Torso_GoldVendor			
0058935C	SCORE_S10_Recipe_AutoAxe_StampVendor			
0058935D	W05_Recipe_Weapon_Ranged_CompoundBow			
0058935E	W05_Recipe_Weapon_Ranged_GaussMinigun_GoldVendor_29			
0058935F	W05_Recipe_Weapon_Ranged_GaussPistol_GoldVendor			
00589360	W05_Recipe_Weapon_Ranged_GaussShotgun_GoldVendor			
00589361	W05_Recipe_Weapon_Ranged_PlasmaCaster_GoldVendor			
00589362	W05_Recipe_Weapon_Ranged_RegularBow			
0058961B	W05_Recipe_Armor_SecretService_Helmet_GoldVendor			
0058961C	W05_Recipe_Tinkers_GrenadeDynamite_GoldVendor			
0058961D	W05_Recipe_Tinkers_GrenadeDynamiteBundle_GoldVendor			
0058961E	W05_Recipe_Tinkers_FlareGrenade_GoldVendor			
0058961F	zzz_Recipe_Tinkers_GrenadeFlashbang			
00589620	zzz_Recipe_Tinkers_SoundmakerGrenade			
00589621	W05_Recipe_Weapon_Melee_Cattleprod_GoldVendor			
00589622	zzz_W05_Recipe_Weapon_Melee_DynamiteSpear			
00589623	W05_Recipe_Weapon_Melee_Gauntlet_GoldVendor			
0058B9CA	WL057_CottageBunker_GeorgiaNote01	[CELL:00260344]	ExtCell	
0058B9CB	WL057_CottageBunker_MadisonNote1	[CELL:00260344]	ExtCell	
0058B9CC	WL057_CottageBunker_GeorgiaNote02	SettlerCottageAndBunkerExt02	ExtCell	
0058CC8C	Recipe_Workshop_FloorDecor_E05_RadioactiveBarrel			
0058CCE7	W05_WL024_MazeSurveyNote01	The Cave	NameParse	
0058CEAA	W05_RE_Camp_DeadCultistsNote_01			
0058CEAC	W05_RE_Camp_DeadCultistsNote_02			
0058CEAD	W05_RE_Camp_DeadCultistsNote_03			
0058CEAE	W05_RE_Camp_DeadCultistsNote_04			
0058CEB1	W05_RE_Camp_CultistsNote_GreatOffering_01			
0058CEB2	W05_RE_Camp_CultistsNote_GreatOffering_02			
0058CEB3	W05_RE_Camp_CultistsNote_GreatOffering_03			
0058CEB7	W05_RE_Camp_BullyNote_01			Former Bullies
0058D3B5	W05_RE_Camp_BackSoonNote_01			
0058D3B7	W05_RE_Camp_BackSoonNote_02			
0058D3B8	W05_RE_Camp_BackSoonNote_03			
0058D3B9	W05_RE_Camp_BackSoonNote_04			
0058D3CD	Recipe_Workshop_WallDecor_BRCCFlag01			
0058DBB2	E05_Caravan_LetterToUncleK	BigBendTunnelEastExt02	ExtCell	
0058DD21	WL046_Note_BrahminNoodleSoup	BerkeleySpringsRaiderCampExt	ExtCell	
0058DEDE	W05_Elsie_Journal	FoundationExt03	ExtCell	
0058DEE0	W05_Aubrie_Journal	Foundation Interior	NameParse	
0058DEE2	W05_Ward_Journal	FoundationExt02	ExtCell	
0058E9D3	WL028_ScottLetter			
0058E9D7	W05_Raider_Munch_TheGreatWar	TheCraterExt08	ExtCell	
0058E9D8	W05_Raider_Munch_NovaOrbitalStation	TheCraterExt08	ExtCell	
0058E9D9	W05_Raider_Munch_WhaleTale	TheCraterExt09	ExtCell	
0058E9DA	W05_MQS_203P_RadcliffsNotebook	Foundation Interior	NameParse	
0058EAC5	W05_Raider_WastelandICallHome			
0058EAC6	W05_Raider_TheSolution			
0058EAC7	W05_Raider_Creed_Notes			
0058EAC8	W05_Raider_Lev_Plans			
0058EACB	W05_Raider_Surge_Letter			
0058F279	W05_MQ_004P_CacheCraneMap			The Elusive Crane
0058F9E2	Recipe_Cooking_PepperoniRoll			
00590FC4	W05_recipe_mod_PlasmaCaster_Receiver_Pulse_GoldVendor			
00590FC5	recipe_mod_PlasmaCaster_SCOPE_ShortScope			
00591215	E06_PocketWatch_NukeClueNote	[CELL:00050B2C]	ExtCell	
00591420	W05_recipe_mod_GaussPistol_Barrel_Short_Recoil-HipAccuracy_GoldVendor			
00591421	W05_recipe_mod_GaussPistol_Magazine_Ammo_GoldVendor			
00591422	W05_recipe_mod_GaussPistol_Barrel_Suppressed_GoldVendor			
00591423	W05_recipe_mod_GaussPistol_SCOPE_GlowSight_Base_GoldVendor			
00591424	W05_recipe_mod_GaussPistol_SCOPE_reflex_Base_GoldVendor			
00591903	Recipe_mod_AutoAxe_Burning			
00591904	Recipe_mod_AutoAxe_Electrified			
00591905	Recipe_mod_AutoAxe_Poisoned			
00591906	Recipe_mod_AutoAxe_Turbo			
00592EB5	Recipe_Tinkers_GrenadeFloaterFlamer_GoldVendor			
00592EB6	Recipe_Tinkers_GrenadeFloaterFreezer_GoldVendor			
00592EB7	Recipe_Tinkers_GrenadeFloaterGnasher_GoldVendor			
00592F7B	W05_Recipe_Workshop_Chem_TurboFertFertilizer_GoldVendor			
00594A47	Recipe_Backpack_Standard_Material_Blueridge			
0059560D	W05_recipe_mod_GaussShotgun_Barrel_Extended_GoldVendor			
0059560E	W05_recipe_mod_GaussShotgun_Barrel_Shielded_GoldVendor			
0059560F	W05_recipe_mod_GaussShotgun_receiver_AntiScorchBeast_GoldVendor			
00595610	W05_recipe_mod_GaussShotgun_Receiver_Damage_GoldVendor			
00595611	W05_recipe_mod_GaussShotgun_receiver_CritDMG-HipAccuracy_GoldVendor			
00595612	W05_recipe_mod_GaussShotgun_Receiver_Damage-HipAccuracy_GoldVendor			
00595613	W05_recipe_mod_GaussShotgun_Grip_Recoil-SecondaryDMG_GoldVendor			
00595614	W05_recipe_mod_GaussShotgun_Grip_Recoil-HipAccuracy_GoldVendor			
00595615	W05_recipe_mod_GaussShotgun_Grip_HipAccuracy-SecondaryDMG_GoldVendor			
00595616	W05_recipe_mod_GaussShotgun_Magazine_Extended_GoldVendor			
00595617	W05_recipe_mod_GaussShotgun_Magazine_ArmorPen_GoldVendor			
00595618	W05_recipe_mod_GaussShotgun_Scope_Short_GoldVendor			
00595857	W05_Recipe_Headwear_ChineseStealthArmor_GoldVendor			
00595858	W05_Recipe_Armor_ChineseStealthArmor_GoldVendor			
00596E9A	Recipe_Brewing_LiquidCourage			
00597928	W05_MQR_Vault79CodeNote	Vault79EntranceExt	ExtCell	From Russia With Lev
00597929	W05_MQR_Vault79CodeBackupNote	Vault79EntranceExt	ExtCell	From Russia With Lev
00599BD5	W05_recipe_mod_GaussMiniGun_SCOPE_SightReflex_GoldVendor			
00599BD6	W05_recipe_mod_GaussMiniGun_Barrel_Triple_GoldVendor			
00599BD7	POST_recipe_mod_GaussMiniGun_Barrel_Hex			
00599BD8	W05_recipe_mod_GaussMiniGun_Barrel_Penta_GoldVendor			
00599BD9	W05_recipe_mod_GaussMiniGun_Tesla_Capacitor_GoldVendor			
00599BDA	W05_recipe_mod_GaussMiniGun_Tesla_Dynamo_GoldVendor			
0059A133	W05_recipe_mod_Gauntlet_Shock_GoldVendor			
0059B765	recipe_mod_Crossbow_receiver_Plasma			
0059B766	recipe_mod_Crossbow_receiver_Flaming			
0059B767	POST_recipe_mod_Crossbow_receiver_Firework			
0059B768	recipe_mod_Crossbow_receiver_Poison			
0059B769	recipe_mod_Crossbow_receiver_Explosive			
0059B76A	recipe_mod_Crossbow_receiver_Cryo			
0059BC6E	W05_recipe_mod_CompoundBow_Arrow_Cryo			
0059BC6F	W05_recipe_mod_CompoundBow_Arrow_Explosive			
0059BC70	POST_recipe_mod_CompoundBow_Arrow_Firework			
0059BC71	W05_recipe_mod_CompoundBow_Arrow_Flaming			
0059BC72	W05_recipe_mod_CompoundBow_Arrow_Plasma			
0059BC73	W05_recipe_mod_CompoundBow_Arrow_Poison			
0059BF5A	W05_recipe_mod_RegularBow_Arrow_Cryo			
0059BF5B	W05_recipe_mod_RegularBow_Arrow_Explosive			
0059BF5C	POST_recipe_mod_RegularBow_Arrow_Firework			
0059BF5D	W05_recipe_mod_RegularBow_Arrow_Flaming			
0059BF5E	W05_recipe_mod_RegularBow_Arrow_Plasma			
0059BF5F	W05_recipe_mod_RegularBow_Arrow_Poison			
0059CAF1	Recipe_Workshop_Lights_WinterIcicle			
0059CAF2	Recipe_Workshop_WallDecor_SantaCrash			
0059D542	W05_Recipe_Armor_Underarmor_SecretService_Uniform_GoldVendor			
0059D543	W05_Recipe_Armor_SecretService_ArmLeft_GoldVendor			
0059D544	W05_Recipe_Armor_SecretService_ArmRight_GoldVendor			
0059D545	W05_Recipe_Armor_SecretService_LegLeft_GoldVendor			
0059D546	W05_Recipe_Armor_SecretService_LegRight_GoldVendor			
0059F457	W05_recipe_mod_PlasmaCaster_Barrel_Sniper_GoldVendor			
0059F458	W05_recipe_mod_PlasmaCaster_Barrel_Dish_GoldVendor			
0059F459	W05_recipe_mod_CompoundBow_Scope_IronSights_Glow			
0059F45A	W05_recipe_mod_RegularBow_Scope_IronSights_Glow			
0059F5FE	POITrainStationBerkeleySprings_RustyPick_Note	POITrainStationBerkeleySpringsExt	ExtCell	
005A02BB	W05_MQS_202P_RewardNote			
005A02BC	W05_MQS_201P_SaferoomChecklist	Hornwright Estate Safe Room	NameParse	
005A0ED1	W05_Recipe_mod_BackPack_Effect_Relief_GoldVendor			
005A0ED2	W05_Recipe_workshop_AmmoConstructionMachine_GoldVendor			
005A0ED3	W05_Recipe_workshop_CAMP_Utility_WaterWell_GoldVendor			
005A0ED4	W05_Recipe_mod_BackPack_Effect_Pillager_GoldVendor			
005A1007	W05_Recipe_workshop_CAMP_Floor_DirtTile_GoldVendor			
005A1577	W05_Recipe_mod_armor_SecretService_Arm_Material_1_GoldVendor			
005A1578	W05_Recipe_mod_armor_SecretService_Arm_Material_2_GoldVendor			
005A1579	W05_Recipe_mod_armor_SecretService_Arm_Material_3_GoldVendor			
005A157A	W05_Recipe_mod_armor_SecretService_Arm_Material_4_GoldVendor			
005A157B	W05_Recipe_mod_armor_SecretService_Leg_Material_1_GoldVendor			
005A157C	W05_Recipe_mod_armor_SecretService_Leg_Material_2_GoldVendor			
005A157D	W05_Recipe_mod_armor_SecretService_Leg_Material_3_GoldVendor			
005A157E	W05_Recipe_mod_armor_SecretService_Leg_Material_4_GoldVendor			
005A157F	W05_Recipe_mod_armor_SecretService_Lining_LimbArm_BetterBlocking_GoldVendor			
005A1580	W05_Recipe_mod_armor_SecretService_Lining_LimbArm_IgnoreArmor_GoldVendor			
005A1581	W05_Recipe_mod_armor_SecretService_Lining_LimbArm_ReducedPowerAttack_GoldVendor			
005A1582	W05_Recipe_mod_armor_SecretService_Lining_LimbArm_Stabilized_GoldVendor			
005A1583	W05_Recipe_mod_armor_SecretService_Lining_LimbArm_Brawler_GoldVendor			
005A1584	W05_Recipe_mod_armor_SecretService_Lining_LimbLeg_ReducedFallingDamage_GoldVendor			
005A1585	W05_Recipe_mod_armor_SecretService_Lining_LimbLeg_ReducedSprint_GoldVendor			
005A1586	W05_Recipe_mod_armor_SecretService_Lining_LimbLeg_StealthMove_GoldVendor			
005A1587	W05_Recipe_mod_armor_SecretService_Lining_Torso_Explosion1_GoldVendor			
005A1588	W05_Recipe_mod_armor_SecretService_Lining_Torso_Explosion2_GoldVendor			
005A1589	W05_Recipe_mod_armor_SecretService_Lining_Torso_FlameResistance_GoldVendor			
005A158A	W05_Recipe_mod_armor_SecretService_Lining_Torso_ImprovedCarryCapacity2_GoldVendor			
005A158B	W05_Recipe_mod_armor_SecretService_Lining_Torso_ImprovedCarryCapacity_GoldVendor			
005A158C	W05_Recipe_mod_armor_SecretService_Lining_Torso_LessStagger_GoldVendor			
005A158D	W05_Recipe_mod_armor_SecretService_Lining_Torso_Lighter_GoldVendor			
005A158E	W05_Recipe_mod_armor_SecretService_Lining_Torso_Lighter2_GoldVendor			
005A158F	W05_Recipe_mod_armor_SecretService_Lining_Torso_Mesh_BioComm_GoldVendor			
005A1590	W05_Recipe_mod_armor_SecretService_Lining_Torso_Mesh_ResistanceRadiation_GoldVendor			
005A1591	W05_Recipe_mod_armor_SecretService_Torso_Material_1_GoldVendor			
005A1592	W05_Recipe_mod_armor_SecretService_Torso_Material_2_GoldVendor			
005A1593	W05_Recipe_mod_armor_SecretService_Torso_Material_3_GoldVendor			
005A1594	W05_Recipe_mod_armor_SecretService_Torso_Material_4_GoldVendor			
005A1595	W05_Recipe_mod_armor_SecretService_Torso_Jetpack_GoldVendor			
005A16B9	W05_Recipe_mod_Armor_PowerArmor_T65_Arm_Misc_Optimized_GoldVendor			
005A16BA	W05_Recipe_mod_Armor_PowerArmor_T65_Arm_Misc_Bleed_GoldVendor			
005A16BB	W05_Recipe_mod_Armor_PowerArmor_T65_Arm_Misc_ShockDmg_GoldVendor			
005A16BC	W05_Recipe_mod_Armor_PowerArmor_T65_Arm_Misc_Unarmed_GoldVendor			
005A16BD	W05_Recipe_mod_Armor_PowerArmor_T65_Leg_Misc_APRegen_GoldVendor			
005A16BE	W05_Recipe_mod_Armor_PowerArmor_T65_Leg_Misc_Carry_GoldVendor			
005A16BF	W05_Recipe_mod_Armor_PowerArmor_T65_Leg_Misc_ExplVent_GoldVendor			
005A16C0	W05_Recipe_mod_Armor_PowerArmor_T65_Leg_Misc_OptimizedServos_GoldVendor			
005A16C1	W05_Recipe_mod_Armor_PowerArmor_T65_Leg_Misc_SprintBoost_GoldVendor			
005A16C2	W05_Recipe_mod_Armor_PowerArmor_T65_Torso_Misc_BatRegen_GoldVendor			
005A16C3	W05_Recipe_mod_Armor_PowerArmor_T65_Torso_Misc_Cleanser_GoldVendor			
005A16C4	W05_Recipe_mod_Armor_PowerArmor_T65_Torso_Misc_Emergency_GoldVendor			
005A16C5	W05_Recipe_mod_Armor_PowerArmor_T65_Torso_Misc_Jetpack_GoldVendor			
005A16C6	W05_Recipe_mod_Armor_PowerArmor_T65_Torso_Misc_Kinetic_GoldVendor			
005A16C7	W05_Recipe_mod_Armor_PowerArmor_T65_Torso_Misc_MedicPump_GoldVendor			
005A16C8	W05_Recipe_mod_Armor_PowerArmor_T65_Torso_Misc_Reactive_GoldVendor			
005A16C9	W05_Recipe_mod_Armor_PowerArmor_T65_Torso_Misc_StealthBoy_GoldVendor			
005A16CA	W05_Recipe_mod_Armor_PowerArmor_T65_Torso_Misc_Str_GoldVendor			
005A16CB	W05_Recipe_mod_Armor_PowerArmor_T65_Torso_Misc_Tesla_GoldVendor			
005A1A8D	TestJoshMoretto_Note	Quick Test Cell	NameParse	
005A1FEB	TestJoshMoretto_BookFanfiction	Quick Test Cell	NameParse	
005A21D1	E06_PocketWatch_SuicideNote	Monongah Mine	NameParse	
005A21D3	E06_PocketWatch_GhostNote	Monongah Mine	NameParse	
005A21D4	E06_PocketWatch_EarlesJournal	Monongah Mine	NameParse	
005A21D5	E06_PocketWatch_EarlesJournal02	Monongah Mine	NameParse	
005A226B	W05_Aubrie_SuicideNote	Secluded Cave	NameParse	
005A2440	W05_recipe_mod_GaussPistol_receiver_AntiScorchBeast_GoldVendor			
005A2441	W05_recipe_mod_GaussPistol_receiver_CritDMG-HipAccuracy_GoldVendor			
005A2442	W05_recipe_mod_GaussPistol_Receiver_Damage_GoldVendor			
005A2443	W05_recipe_mod_GaussPistol_Receiver_Damage-HipAccuracy_GoldVendor			
005A24A1	W05_MQS_203P_RobobrainTranscript	RobCo Research Center	NameParse	
005A255E	W05_recipe_mod_PlasmaCaster_Receiver_CritDMG_GoldVendor			
005A255F	W05_recipe_mod_PlasmaCaster_Receiver_AntiScorchBeast_GoldVendor			
005A2560	W05_recipe_mod_PlasmaCaster_Receiver_HipAccuracy_GoldVendor			
005A25FA	E06_Colossus_Recipe_Workshop_FloorDecor_WendigoColossusMeatPile			
005A3329	Recipe_Headwear_EnclaveScoutUniform_Mask_V94_GoldVendor			
005A35BA	W05_recipe_mod_GaussMiniGun_Tesla_AntiScorchBeast_GoldVendor			
005A35BB	W05_recipe_mod_RegularBow_Arrow_AntiScorchBeast			
005A35BC	W05_recipe_mod_CompoundBow_Arrow_AntiScorchBeast			
005A3603	W05_Vault79_GarrisonJournal	Vault 79	NameParse	
005A3604	W05_Vault79_CarverJournal	Vault 79	NameParse	
005A3605	W05_Vault79_StoneJournal	Vault 79	NameParse	
005A3606	W05_Vault79_SternJournal	Vault 79	NameParse	
005A3607	W05_Vault79_ChaseJournal	Vault 79	NameParse	
005A38EB	W05_Recipe_mod_Pipboy_MKVII_W05_MQS_201P			
005A407B	DebugJustinN_TestNote01	Quick Test Cell	NameParse	
005A407C	DebugJustinN_TestNote03	Quick Test Cell	NameParse	
005A407D	DebugJustinN_TestNote02	Quick Test Cell	NameParse	
005A5E08	Recipe_Workshop_Displays_BeerSteins			
005A5E09	Recipe_Tinkers_Souvenir_Stein_Fasnacht			
005A646B	Recipe_Workshop_CeilingDecor_Misc_Fasnacht_HangingRibbons_02			
005A646C	Recipe_Workshop_CeilingDecor_Misc_Fasnacht_Snowflakes_02			
005A646D	Recipe_Workshop_FloorDecor_Misc_Fasnacht_Balloons_02			
005A646E	Recipe_Workshop_FloorDecor_Misc_Fasnacht_FlagPole_02			
005A646F	Recipe_Workshop_FloorDecor_Misc_Fasnacht_LanternPole_02			
005A6470	Recipe_Workshop_FloorDecor_Misc_Fasnacht_RibbonsPole_02			
005A6471	Recipe_Workshop_FloorDecor_Rugs_Fasnacht_ConfettiPile_02			
005A6472	Recipe_Workshop_WallDecor_Misc_Fasnacht_BranchGarland_02			
005A6473	Recipe_Workshop_WallDecor_Misc_Fasnacht_Garland_02			
005A6474	Recipe_Workshop_WallDecor_Misc_Fasnacht_MountedRibbons_02			
005A6475	Recipe_Workshop_WallDecor_Misc_Fasnacht_Streamers_02			
005A6476	Recipe_Workshop_WallDecor_Misc_Fasnacht_WallFlag_02			
005A6D0D	zzz_Note_DollarBill			
005A6E5F	E06_Colossus_Recipe_Workshop_FloorDecor_Rugs_Colossus_Rug			
005A6E67	E06_Colossus_Recipe_Workshop_FloorDecor_Taxidermy_WendigoColossus			
005A6E6B	E06_Colossus_Recipe_Workshop_FloorDecor_WendigoColossus_Plushie			
005A728E	Recipe_Workshop_FloorDecor_Rugs_MegaSloth			
005ACF9F	Recipe_Backpack_Standard_Material_Safari_Crocolossus			
005ACFA0	Recipe_Backpack_Standard_Material_Safari_Gorilla			
005AD3F8	Recipe_Headwear_TreasureHunter			
005AD3F9	Recipe_Clothes_InsurgentOutfit			
005AD3FA	Recipe_Headwear_Insurgent			
005AD3FB	Recipe_Clothes_TreasureHunterOutfit			
005AD986	Recipe_Workshop_FloorDecor_Taxidermy_Gorilla_Standing			
005ADD94	Recipe_Workshop_FloorDecor_Circus_Trailer			
005AFDEE	Recipe_Workshop_FloorDecor_Taxidermy_Gorilla_Sitting			
005B2540	recipe_mod_melee_Knife_Dagger_Radstag			
005B2AED	zzz_BS00_Recipe_Workshop_FloorDecor_BoS_StandingBanner			
005B4CB8	BS007_BoSNote01	Makeshift Vault	NameParse	
005B4CB9	BS007_WorkersNote01	Makeshift Vault	NameParse	
005B4CBA	BS007_WorkersNote02	Makeshift Vault	NameParse	
005B6FF1	Recipe_Headwear_Marine_Helmet			
005B7368	BS006_RaiderNote01	Mire's Eye	NameParse	
005B7369	BS005_RaiderNote01	Quick Test Cell	NameParse	
005B736A	BS005_RaiderNote02	Quick Test Cell	NameParse	
005B736B	BS006_RaiderNote02	Mire's Eye	NameParse	
005B77C2	BS00_Dorsey_Diary	FortAtlasExt03	ExtCell	
005B79DD	BS00_Dorsey_Note_01	FortAtlasExt05	ExtCell	
005B79DE	BS00_Dorsey_Note_02	FortAtlasExt03	ExtCell	
005B79DF	BS00_Dorsey_Note_03	FortAtlasExt03	ExtCell	
005B79E0	BS00_Dorsey_Note_04	FortAtlasExt03	ExtCell	
005B79E1	BS00_Dorsey_Note_05	FortAtlasExt05	ExtCell	
005B79E2	BS00_Dorsey_Note_06	FortAtlasExt04	ExtCell	
005C2F41	BS01_MQ02_Invention_Documentation01	Atlas Substructure	NameParse	Mother of Invention
005C2F42	BS01_MQ02_Invention_Documentation02	Atlas Substructure	NameParse	Mother of Invention
005C2FA1	BS008_DaggersJournal_Note	Dagger's Throne Room	NameParse	
005C2FA2	BS008_BloodEagleCode_Note	DaggersDenExt	ExtCell	
005C2FEF	BS01_MQ02_Invention_Documentation03	Atlas Substructure	NameParse	Mother of Invention
005C4E4A	BS009_Retreat_Dagger_Dilemma	TreehouseVillageExt03	ExtCell	
005C4E4B	BS009_Retreat_Village_Brewing_Grocery_List	TreehouseVillageExt	ExtCell	
005C54DB	LC062_VendorBotWallace_Note	HarpersFerryExt06	ExtCell	
005C5D7D	SHELS01_PasswordHint			
005C5D7E	SHELS01_ReubenDiary			SHELS01_ReubenKeyMiscObjective
005C5D7F	SHELS01_BuildingSupplies			
005C5D80	SHELS01_LetterToHarold			
005C5DD5	BS00_Dorsey_Note_07	[BOOK 005C5DD5] in FortAtlasExt03 [CELL 00261A02] (in APPALACHIA	NameParse	
005C5E1E	recipe_mod_armor_UnderArmor_SecretService_Mk4			
005C5E1F	recipe_mod_armor_UnderArmor_SecretService_Mk5			
005C5E20	recipe_mod_armor_UnderArmor_SecretService_Mk3			
005C5E21	recipe_mod_armor_UnderArmor_SecretService_Mk2			
005C767D	BS011_Trapped_Note	Orwell Bomb Shelter	NameParse	
005C767E	BS011_LotteryTicket_Note	Orwell Bomb Shelter	NameParse	
005C91CA	BS009_Retreat_Sara_Matthews			
005C91DD	BS01_MQ02_Invention_RecLetter_Good	Quick Test Cell	NameParse	Mother of Invention
005C91DE	BS01_MQ02_Invention_RecLetter_Bad	Quick Test Cell	NameParse	Mother of Invention
005CB9F1	TMP_DailyOps_Rewards_BurningMine			
005CB9F2	TMP_DailyOps_Rewards_Vault94			
005CB9F3	TMP_DailyOps_Rewards_Rare			
005CB9F4	TMP_DailyOps_Rewards_WestTek			
005CB9F5	TMP_DailyOps_Rewards_WendigoCave			
005CB9F6	TMP_DailyOps_Rewards_ValleyGalleria			
005CB9F7	TMP_DailyOps_Rewards_MorganTownHighSchool			
005CB9F8	TMP_DailyOps_Rewards_Burrows			
005CBEC6	W05_Recipe_mod_armor_SecretService_Lining_Limb_ImprovedCarryCapacity_GoldVendor			
005CBEC7	W05_Recipe_mod_armor_SecretService_Lining_Limb_ImprovedCarryCapacity2_GoldVendor			
005CFDD4	TMP_DailyOps_Rewards_LowTier			
005CFDD5	TMP_DailyOps_Rewards_HighTier			
005CFDD6	TMP_DailyOps_Rewards_MidTier			
005D0095	Recipe_Workshop_Crafting_CraftingCooking_Animalistic_Grill			
005D0096	zzzz_deprecated0431			
005D0097	zzzz_deprecated0407			
005D0098	Recipe_Backpack_Standard_Material_Chally			
005D0099	Recipe_Tinkers_Souvenir_Stein_Chally			
005D0F02	Recipe_Armor_VaultSuit94_Underarmor			
005D0F03	zzzz_deprecated12512			
005D0F04	Recipe_Weapon_Melee_AssaultronBlade_TheGutter			
005D0F05	Recipe_Weapon_Melee_WarGlaive			
005D0F06	Recipe_Weapon_Ranged_AssaultRifle_WhistleInTheDark			
005D0F07	Recipe_Workshop_Container_StashBox_Vault94			
005D0F08	Recipe_Workshop_DefensiveStructures_BubbleTurret			
005D0F09	zzz_deprecated05124			
005D0F0A	Recipe_Workshop_Lights_CagedBulbLights			
005D0F0B	POST_Recipe_Workshop_MiscStructures_PulowskiShelter			
005D0F0C	Recipe_Workshop_MiscStructures_SymptoMatic			
005D0F0D	Recipe_Workshop_Power_Generator_SolarPanels			
005D0F0E	Recipe_Workshop_Power_Generator_SuperReactor			
005D0F0F	Recipe_Workshop_WallDecor_BurrowsSigns			
005D0F10	Recipe_Workshop_WallDecor_ValleyGalleriaSigns			
005D1EDE	BS01_VernonDodge_MiscQuest_Note	WatogaExt03	ExtCell	
005D2A10	BS01_MQ03_FieldTesting_PutnamNote_0	LewisAndSonsFarmingSupplyExt	ExtCell	
005D2B4C	Recipe_Workshop_Bed_BedofNails			
005D2BAC	BS00_Dorsey_Note_08	FortAtlasExt03	ExtCell	
005D7E5A	Recipe_Workshop_Lights_Grafton_Monster_Lamp			
005D7E5C	Recipe_Workshop_FloorDecor_Animatronic_Clown			
005D7E6A	Recipe_Workshop_FloorDecor_Plushie_Wannamango			
005D86E0	Recipe_mod_Melee_WarGlaive_Cryo_GoldVendor			
005D86E1	Recipe_mod_Melee_WarGlaive_Fire_GoldVendor			
005D86E2	Recipe_mod_Melee_WarGlaive_Shock_GoldVendor			
005D86E3	Recipe_mod_Melee_WarGlaive_Plasma_GoldVendor			
005D988C	Recipe_mod_SuperSledge_Melee_Paint_StrongmanHammer			
005D99B0	BS01_MQ06_Settlers_DiveSuitNote	Kerwood Mine	NameParse	Supplying Demands
005DB32D	deprecated_40128823			
005DBD95	recipe_mod_armor_SecretService_Lining_Limb_Lighter2_GoldVendor			
005DBD96	recipe_mod_armor_SecretService_Lining_Limb_Lighter_GoldVendor			
005DCA4E	SCORE_Recipe_workshop_CAMP_Utility_ChickenCoop_GoldVendor			
005DCA4F	SCORE_Recipe_workshop_CAMP_Utility_AmmoConverter_GoldVendor			
005DD68A	Recipe_Workshop_FloorDecor_Musket_Stack_Monument			
005DD6D5	Recipe_Workshop_FloorDecor_Plushie_Brahmin			
005DF029	Recipe_Armor_BOSInfantry_ArmLeft			
005DF02A	Recipe_Armor_BOSInfantry_ArmRight			
005DF02B	Recipe_Armor_BOSInfantry_Helmet			
005DF02C	Recipe_Armor_BOSInfantry_LegLeft			
005DF02D	Recipe_Armor_BOSInfantry_LegRight			
005DF02E	Recipe_Armor_BOSInfantry_Torso			
005DF02F	Recipe_mod_armor_BOSInfantry_Arm_Material_1			
005DF030	Recipe_mod_armor_BOSInfantry_Arm_Material_2			
005DF031	Recipe_mod_armor_BOSInfantry_Arm_Material_3			
005DF032	Recipe_mod_armor_BOSInfantry_Arm_Material_4			
005DF033	Recipe_mod_armor_BOSInfantry_Leg_Material_1			
005DF034	Recipe_mod_armor_BOSInfantry_Leg_Material_2			
005DF035	Recipe_mod_armor_BOSInfantry_Leg_Material_3			
005DF036	Recipe_mod_armor_BOSInfantry_Leg_Material_4			
005DF037	Recipe_mod_armor_BOSInfantry_Lining_Limb_ImprovedCarryCapacity2			
005DF038	Recipe_mod_armor_BOSInfantry_Lining_Limb_ImprovedCarryCapacity			
005DF039	Recipe_mod_armor_BOSInfantry_Lining_LimbArm_BetterBlocking			
005DF03A	Recipe_mod_armor_BOSInfantry_Lining_LimbArm_Brawler			
005DF03B	Recipe_mod_armor_BOSInfantry_Lining_LimbArm_IgnoreArmor			
005DF03C	Recipe_mod_armor_BOSInfantry_Lining_LimbArm_ReducedPowerAttack			
005DF03D	Recipe_mod_armor_BOSInfantry_Lining_LimbArm_Stabilized			
005DF03E	Recipe_mod_armor_BOSInfantry_Lining_LimbLeg_ReducedFallingDamage			
005DF03F	Recipe_mod_armor_BOSInfantry_Lining_LimbLeg_ReducedSprint			
005DF040	Recipe_mod_armor_BOSInfantry_Lining_LimbLeg_StealthMove			
005DF041	Recipe_mod_armor_BOSInfantry_Lining_Torso_Explosion1			
005DF042	Recipe_mod_armor_BOSInfantry_Lining_Torso_Explosion2			
005DF043	Recipe_mod_armor_BOSInfantry_Lining_Torso_FlameResistance			
005DF044	Recipe_mod_armor_BOSInfantry_Lining_Torso_ImprovedCarryCapacity2			
005DF045	Recipe_mod_armor_BOSInfantry_Lining_Torso_ImprovedCarryCapacity			
005DF046	Recipe_mod_armor_BOSInfantry_Lining_Torso_LessStagger			
005DF047	Recipe_mod_armor_BOSInfantry_Lining_Torso_Lighter2			
005DF048	Recipe_mod_armor_BOSInfantry_Lining_Torso_Lighter			
005DF049	Recipe_mod_armor_BOSInfantry_Lining_Torso_Mesh_BioComm			
005DF04A	Recipe_mod_armor_BOSInfantry_Lining_Torso_Mesh_ResistanceRadiation			
005DF04B	Recipe_mod_armor_BOSInfantry_Torso_Jetpack_GoldVendor			
005DF04C	Recipe_mod_armor_BOSInfantry_Torso_Material_1			
005DF04D	Recipe_mod_armor_BOSInfantry_Torso_Material_2			
005DF04E	Recipe_mod_armor_BOSInfantry_Torso_Material_3			
005DF04F	Recipe_mod_armor_BOSInfantry_Torso_Material_4			
005E47CA	recipe_mod_BOSRocketLauncher_TubeBarrel_Napalm_GoldVendor			
005E47CB	recipe_mod_BOSRocketLauncher_TubeBarrel_Cryo_GoldVendor			
005E47CC	Recipe_Weapon_Ranged_BOSRocketLauncher			
005E47CD	recipe_mod_BOSRocketLauncher_Scope_ScopeLong_NV_GoldVendor			
005E47CE	zzz_recipe_mod_asdf2			
005E47CF	recipe_mod_BOSRocketLauncher_TubeBarrel_Plasma_GoldVendor			
005E47D0	recipe_mod_BOSRocketLauncher_TubeBarrel_Hex_GoldVendor			
005E47D1	recipe_mod_BOSRocketLauncher_SCOPE_shortscope_Recon_Base_GoldVendor			
005E4817	BS01_MQ07_Over_LobbyNote01	Enclave Research Facility	NameParse	
005E4818	BS01_MQ07_Over_LabJournalNote01	Enclave Research Facility	NameParse	
005E4819	BS01_MQ07_Over_SnallygasterNote01	Enclave Research Facility	NameParse	
005E481A	BS01_MQ07_Over_MoleMinerNote01	Enclave Research Facility	NameParse	
005E481B	BS01_MQ07_Over_LivingQuartersNote01	Enclave Research Facility	NameParse	
005E481C	BS01_MQ07_Over_LivingQuartersNote02	Enclave Research Facility	NameParse	
005E481D	BS01_MQ07_Over_LostDataNote01	Enclave Research Facility	NameParse	
005E481E	BS01_MQ07_Over_ScoutNote01	Quick Test Cell	NameParse	
005E48A4	Recipe_Workshop_WallDecor_WindChime_Molerat			
005E65F5	Recipe_Weapon_Ranged_BoSPistol_29			
005E65F6	Recipe_mod_BoSPistol_muzzle_Suppressor_GoldVendor			
005E65F7	Recipe_mod_BoSPistol_Scope_Reflex_GoldVendor			
005E65F8	Recipe_mod_BoSPistol_Scope_ShortScope_GoldVendor			
005E65F9	Recipe_mod_BoSPistol_Barrel_Long_GoldVendor			
005E65FA	Recipe_mod_BoSPistol_Receiver_Fusion_GoldVendor			
005E65FB	Recipe_mod_BoSPistol_Receiver_Pyro_GoldVendor			
005E65FC	Recipe_mod_BoSPistol_Receiver_Cryo_GoldVendor			
005E65FD	Recipe_mod_BoSPistol_Receiver_AmmoConv556_GoldVendor			
005E65FE	Recipe_mod_BoSPistol_Magazine_Extended_GoldVendor			
005E7028	BS01_MQ07_Over_ChuteNote01	Quick Test Cell	NameParse	
005E79B3	recipe_mod_armor_BOSInfantry_Lining_Limb_Lighter			
005E79B4	recipe_mod_armor_BOSInfantry_Lining_Limb_Lighter2			
005E8049	BS01_MQ07_Over_RadioTowerNote			Over and Out
005E8057	CUT_BS01_MQ07_Over_RadioTowerNoteDUPLICATE000			
005E8134	Recipe_Workshop_WallDecor_CondemnedNotificationSigns			
005E8968	Recipe_Workshop_Bed_PrincessCastlePink_SleepingBag			
005E8979	Recipe_Workshop_BOSRoundTable			
005E8B46	BS01_MQ07_Over_LabNote01	Enclave Research Facility	NameParse	
005E90FA	Recipe_Workshop_Ceiling_Light_Truck			
005EC6E2	zzzATX_Recipe_Workshop_Bed_PrincessCastlePink_SleepingBag_Clean			
005ECB83	Recipe_Weapon_Melee_PlasmaSword			
005ECB84	Recipe_mod_Melee_PlasmaSword_Cryo_GoldVendor			
005ECB85	Recipe_mod_Melee_PlasmaSword_Fire_GoldVendor			
005ECB86	Recipe_mod_Melee_PlasmaSword_Shock_GoldVendor			
005ECB87	zzz_Recipe_mod_Melee_Plasma_Improved_GoldVendor001			
005ECBD3	Recipe_Workshop_Lights_AsylumLight			
005ECBD4	Recipe_Workshop_Benches_CrowdBench			
005ECBD8	BS01_MQ06_Settlers_GloriaNote	Foundation Supply Room	NameParse	
005ECBD9	BS01_MQ06_Settlers_TadNote	Foundation Supply Room	NameParse	
005EDA6D	Recipe_Workshop_Lights_NeonSignOpen			
005EDA6E	Recipe_Workshop_Container_StashBox_MeatBag_Floor			
005EDA6F	Recipe_Workshop_Lights_NeonSignHello			
005EDA70	Recipe_Workshop_WallDecor_EmmetMountainSigns			
005EDDE7	Recipe_Workshop_Bed_Poodle_SleepingBag			
005EE14F	Recipe_Workshop_SuperMutantTube			
005EE6B3	recipe_mod_PowerArmor_X01_Material_Paint_Scorched			
005EF1E2	zzz_Recipe_mod_Melee_Plasma_Improved_GoldVendor			
005EFF8D	recipe_mod_armor_BOSInfantry_Lining_Limb_ReducedDetection			
005EFF8E	recipe_mod_armor_BOSInfantry_Lining_Limb_ResistanceLimbDamage			
005EFF8F	Recipe_mod_armor_BOSInfantry_Lining_Limb_ResistanceRadiation			
005F56C8	SCORE_Recipe_workshop_CAMP_Utility_WeightBench_GoldVendor			
005FAC46	BS02_MQ02_Missing_SheenasNote	AMS Headquarters	NameParse	
005FACF0	BS02_MQ02_Missing_BlackburnsLetter			Missing Persons
005FB4E8	BS02_MQ03_Blue_Note_Clue_Password	Harpers Ferry Tunnel	NameParse	Out of the Blue
005FB4E9	BS02_MQ03_Blue_Note_Instructions	Harpers Ferry Tunnel	NameParse	Out of the Blue
005FB4EA	BS02_MQ03_Blue_ITSupportTicket	Harpers Ferry Tunnel	NameParse	Out of the Blue
005FB4EB	BS02_MQ03_Blue_Note_Camp_Manifest	Harpers Ferry Tunnel	NameParse	Out of the Blue
005FB4EC	BS02_MQ03_Blue_Note_Camp_Manifest_CannotTake	Harpers Ferry Tunnel	NameParse	
005FB4ED	BS02_MQ03_Blue_Note_Camp_Radstorm	Harpers Ferry Tunnel	NameParse	Out of the Blue
005FB4EE	BS02_MQ03_Blue_Note_Camp_Radstorm_CannotTake	Harpers Ferry Tunnel	NameParse	
005FB4EF	BS02_MQ03_Blue_Note_Camp_Journal	Harpers Ferry Tunnel	NameParse	Out of the Blue
005FB4F0	BS02_MQ03_Blue_Note_Camp_Journal_CannotTake	Harpers Ferry Tunnel	NameParse	
005FBF7F	Recipe_Workshop_WallDecor_BOSMedallion			
005FBF80	Recipe_Workshop_FloorDecor_CarnivalBalloons			
005FBF81	Recipe_Workshop_FloorDecor_EnclaveMedallion			
005FBF82	Recipe_Workshop_ScorchedTube			
005FBF83	Recipe_Workshop_WendigoTube_31			
005FC9AC	Recipe_Armor_EnclaveScoutUniform_Torso_Covert			
005FC9AD	Recipe_Headwear_EnclaveScoutUniform_Mask_Covert			
005FC9AE	Recipe_Armor_EnclaveScoutUniform_LegLeft_Covert			
005FC9AF	Recipe_Armor_EnclaveScoutUniform_LegRight_Covert			
005FC9B0	Recipe_Armor_EnclaveScoutUniform_ArmRight_Covert			
005FC9B1	Recipe_Armor_EnclaveScoutUniform_ArmLeft_Covert			
005FD08C	Recipe_Workshop_FloorDecor_BalloonArch			
005FD08D	Recipe_Workshop_WallDecor_ScienceChalkboards			
005FD08E	Recipe_Workshop_WallDecor_WallClocks_NeonLightDiner			
005FD186	Recipe_Weapon_Melee_DeathclawGauntlet_UnstoppableMonster			
005FE493	Recipe_Weapon_Ranged_44_MedicalMalpractice			
005FEB25	zzz_Recipe_Workshop_Food_PumpkinCrop			
00600256	Recipe_Workshop_WallDecor_RustEagleBanner			
0060146A	Recipe_Workshop_FloorDecor_AreaRug_Vault76			
0060595D	ATX_Book_Fortunes01			
0060595E	ATX_Book_Fortunes02			
0060595F	ATX_Book_Fortunes03			
00605960	ATX_Book_Fortunes04			
00605961	ATX_Book_Fortunes05			
00605962	ATX_Book_Fortunes06			
00605963	ATX_Book_Fortunes07			
00605964	ATX_Book_Fortunes08			
00605965	ATX_Book_Fortunes09			
00605966	ATX_Book_Fortunes10			
00605967	ATX_Book_Fortunes11			
00605968	ATX_Book_Fortunes12			
00605969	ATX_Book_Fortunes13			
0060596A	ATX_Book_Fortunes14			
0060596B	ATX_Book_Fortunes15			
0060596C	ATX_Book_Fortunes16			
0060596D	ATX_Book_Fortunes17			
0060596E	ATX_Book_Fortunes18			
0060596F	ATX_Book_Fortunes19			
00605970	ATX_Book_Fortunes20			
00605971	ATX_Book_Fortunes21			
00605972	ATX_Book_Fortunes22			
00605973	ATX_Book_Fortunes23			
00605974	ATX_Book_Fortunes24			
00605975	ATX_Book_Fortunes25			
00605976	ATX_Book_Fortunes26			
00605977	ATX_Book_Fortunes27			
00605978	ATX_Book_Fortunes28			
00605979	ATX_Book_Fortunes29			
0060597A	ATX_Book_Fortunes30			
0060597B	ATX_Book_Fortunes31			
0060597C	ATX_Book_Fortunes32			
0060597D	ATX_Book_Fortunes33			
0060597E	ATX_Book_Fortunes34			
0060597F	ATX_Book_Fortunes35			
00605980	ATX_Book_Fortunes36			
00605981	ATX_Book_Fortunes37			
00605982	ATX_Book_Fortunes38			
00605983	ATX_Book_Fortunes39			
00605984	ATX_Book_Fortunes40			
00605985	ATX_Book_Fortunes41			
00605986	ATX_Book_Fortunes42			
00605987	ATX_Book_Fortunes43			
00605988	ATX_Book_Fortunes44			
00605989	ATX_Book_Fortunes45			
0060598A	ATX_Book_Fortunes46			
0060598B	ATX_Book_Fortunes47			
0060598C	ATX_Book_Fortunes48			
0060598D	ATX_Book_Fortunes49			
0060598E	ATX_Book_Fortunes50			
0060598F	ATX_Book_Fortunes51			
00605990	ATX_Book_Fortunes52			
00605991	ATX_Book_Fortunes53			
00605992	ATX_Book_Fortunes54			
00605993	ATX_Book_Fortunes55			
00605EEE	Recipe_Workshop_Bed_CryogenicBed			
0060602B	HFD_GuardNote02	Harpers Ferry Tunnel	NameParse	
0060602C	HFD_Guard_Notebook01	Harpers Ferry Tunnel	NameParse	
0060602D	HFD_DotMatrixPrinterNote01	Harpers Ferry Tunnel	NameParse	
00606049	BS02_MQ03_Blue_Note_Admission	Harpers Ferry Tunnel	NameParse	
006060B3	HFD_Storage_Note01	Harpers Ferry Tunnel	NameParse	
006060B4	AMS02_Cage_Note01	AMS Headquarters Basement Lab	NameParse	
00606218	BS02_MQ03_Blue_Note_JoannaOffice	Blue Ridge Office	NameParse	
0060623E	BS02_MQ04_Conscience_BlackburnNotes_CorpseDisposal	Vault 96	NameParse	
0060623F	BS02_MQ04_Conscience_BlackburnNotes_Vault96	Vault 96	NameParse	
00606240	BS02_MQ04_Conscience_BlackburnNotes_Reminder	Vault 96	NameParse	
00606241	BS02_MQ04_Conscience_BlackburnNotes_Snallygaster	Vault 96	NameParse	
00606242	BS02_MQ04_Conscience_BlackburnNotes_Breakthrough	Vault 96	NameParse	
0060635D	BS024_Care_To_Test_Your_Metal	MetalDomeExt02	ExtCell	
0060635F	BS024_Killbot_Inventory_List_Note	MetalDomeExt02	ExtCell	
00606C0E	BS02_MQ02_Missing_MarciasDiary			
00606C94	Recipe_Clothes_BrotherhoodCivvies			
00606C95	Recipe_Clothes_MercenaryOutfit			
00608AEB	SCORE_Recipe_workshop_CAMP_Ally_SolomonHardy_GoldVendor			
00608AEC	SCORE_Recipe_workshop_CAMP_Ally_YasminChowdhury_GoldVendor			
00609E06	SCORE_Recipe_workshop_CAMP_Utility_SpeedBag_GoldVendor			
0060A29A	Recipe_Weapon_Melee_FaceBreaker			
0060CB38	Recipe_Workshop_Crafting_CraftingCooking_GroceryCartGrill			
0060CB39	Recipe_Workshop_WallDecor_PlasticFruitWreath			
0060CB3A	Recipe_Workshop_FloorDecor_PlasticFruitBowl			
0060D5BB	recipe_Armor_PowerArmor_Hellcat_LegLeft			
0060D5BC	recipe_Armor_PowerArmor_Hellcat_Torso			
0060D5BD	recipe_Armor_PowerArmor_Hellcat_LegRight			
0060D5BE	recipe_Armor_PowerArmor_Hellcat_Helmet			
0060D5BF	recipe_Armor_PowerArmor_Hellcat_ArmRight			
0060D5C0	recipe_Armor_PowerArmor_Hellcat_ArmLeft			
0060DAE4	recipe_mod_PowerArmor_Hellcat_Arm_Misc_Optimized			
0060DAE5	recipe_mod_PowerArmor_Hellcat_Arm_Misc_Bleed			
0060DAE6	recipe_mod_PowerArmor_Hellcat_Torso_Misc_Tesla			
0060DAE7	recipe_mod_PowerArmor_Hellcat_Leg_Misc_OptimizedServos			
0060DAE8	recipe_mod_PowerArmor_Hellcat_Leg_Misc_ExplVent			
0060DAE9	recipe_mod_PowerArmor_Hellcat_Leg_Misc_APRegen			
0060DAEA	recipe_mod_PowerArmor_Hellcat_Arm_Misc_ShockDmg			
0060DAEB	recipe_mod_PowerArmor_Hellcat_Leg_Misc_Carry			
0060DAEC	recipe_mod_PowerArmor_Hellcat_Helmet_Misc_VATSChance			
0060DAED	recipe_mod_PowerArmor_Hellcat_Torso_Misc_Cleanser			
0060DAEE	recipe_mod_PowerArmor_Hellcat_Helmet_Misc_Sensor			
0060DAEF	recipe_mod_PowerArmor_Hellcat_Leg_Misc_SprintBoost			
0060DAF0	recipe_mod_PowerArmor_Hellcat_Torso_Misc_BatRegen			
0060DAF1	recipe_mod_PowerArmor_Hellcat_Torso_Misc_Str			
0060DAF2	recipe_mod_PowerArmor_Hellcat_Helmet_Misc_Int			
0060DAF3	recipe_mod_PowerArmor_Hellcat_Torso_Misc_Reactive			
0060DAF4	recipe_mod_PowerArmor_Hellcat_Torso_Misc_Kinetic			
0060DAF5	recipe_mod_PowerArmor_Hellcat_Helmet_Misc_DetectLife			
0060DAF6	recipe_mod_PowerArmor_Hellcat_Torso_Misc_MedicPump			
0060DAF7	recipe_mod_PowerArmor_Hellcat_Torso_Misc_StealthBoy			
0060DAF8	recipe_mod_PowerArmor_Hellcat_Helmet_Misc_Recon			
0060DAF9	recipe_mod_PowerArmor_Hellcat_Torso_Misc_JetPack			
0060DAFA	recipe_mod_PowerArmor_Hellcat_Arm_Misc_Unarmed			
0060DAFB	recipe_mod_PowerArmor_Hellcat_Torso_Misc_Emergency			
0060DBE4	Recipe_Workshop_FloorDecor_DecoyDuckSet			
00611A5E	Recipe_Weapon_Ranged_PepperShaker			
00611A5F	recipe_mod_PepperShaker_Barrel_Dual_GoldVendor			
00611A60	recipe_mod_PepperShaker_Barrel_Hex_GoldVendor			
00611A61	recipe_mod_PepperShaker_Barrel_Single_GoldVendor			
00611A62	recipe_mod_PepperShaker_Magazine_Laser_GoldVendor			
00611A63	recipe_mod_PepperShaker_Magazine_Plasma_GoldVendor			
00611A64	recipe_mod_PepperShaker_Scope_ReflexSight_GoldVendor			
00613845	Recipe_Weapon_Melee_PipeWrench_MechanicsBestFriend_30			
00613846	Recipe_Weapon_Ranged_LeverGun_SoleSurvivor_30			
00614393	SCORE_Recipe_workshop_CAMP_Utility_Beehive_GoldVendor			
00614394	SCORE_Recipe_workshop_CAMP_Utility_Collectron_NukaCola_GoldVendor			
00614395	SCORE_Recipe_workshop_CAMP_Utility_Collectron_Gold_GoldVendor			
006170EB	Recipe_Workshop_FloorDecor_Plushie_ScorchbeastQueen			
006170EC	Recipe_Workshop_FloorDecor_Plushie_Snallygaster			
00617A56	Recipe_Workshop_FloorDecor_Statue_Small_Posed_VaultGirl			
00617A57	Recipe_Workshop_FloorDecor_AreaRug_WVStateBird			
00618989	Recipe_Workshop_YaoGuaiTube			
00618B2D	Recipe_Workshop_FloorDecor_Junkyard_Fountain			
0061D923	Recipe_Workshop_MirelurkKingTube_30			
0061DA56	Recipe_Backpack_Standard_Material_Responders_Camo			
0061DAB5	Recipe_Workshop_Structure_BackwoodsBungalow_Black			
0061DAEF	RE_Camp_Zetan_01_Note			
0061E1E6	Recipe_Headwear_Marine_Arctic_Helmet_30			
0061E1E7	Recipe_Armor_Marine_Arctic_Torso_30			
0061E1E8	Recipe_Armor_Marine_Arctic_LegLeft_30			
0061E1E9	Recipe_Armor_Marine_Arctic_ArmLeft_30			
0061E1EA	Recipe_Armor_Marine_Arctic_LegRight_30			
0061E1EB	Recipe_Armor_Marine_Arctic_ArmRight_30			
0062042A	recipe_Armor_VaultSuit51_Underarmor			
0062042B	recipe_Headwear_CenturionHelmet			
0062042C	recipe_Headwear_GladiatorMask			
0062042D	recipe_Headwear_MakeshiftRoninHelmet			
0062042E	recipe_mod_PowerArmor_Material_Paint_CamoBlue			
0062042F	recipe_mod_PowerArmor_Material_Paint_Inferno_Mk_1			
00620430	recipe_mod_PowerArmor_Material_Paint_Inferno_Mk_2			
00620431	recipe_mod_PowerArmor_Material_Paint_Inferno_Mk_3			
00620432	recipe_mod_PowerArmor_Material_Paint_Outcast			
00620433	recipe_mod_PowerArmor_Material_Paint_PinkSprinkles			
00620434	recipe_mod_weapon_10mm_material_HotRodShark			
00620435	recipe_mod_weapon_44_material_CamoBlue			
00620436	recipe_mod_weapon_LaserGun_material_CamoBlue			
00620437	recipe_mod_weapon_LaserGun_material_HotRodFlames			
00620438	recipe_mod_weapon_Minigun_material_HotRodShark			
00620439	recipe_mod_weapon_Minigun_material_VaultTec			
0062043A	recipe_mod_weapon_MissileLauncher_material_AtomCats			
0062043B	recipe_mod_weapon_MissileLauncher_material_Shi			
0062043C	Recipe_Workshop_Container_StashBox_Supply_Crate_Large			
0062043D	Recipe_Workshop_Container_StashBox_Supply_Crate_Small			
006209C6	recipe_mod_PowerArmor_Material_Paint_Hellfire			
006209C7	recipe_mod_PowerArmor_Material_Paint_SlocumsJoe_NW			
006209C8	zzz_recipe_mod_Minigun_Material_Paint_BoS			
006209C9	Recipe_Workshop_MediumNWStashBox			
00620A51	Recipe_mod_PowerArmor_Paint_Hellfire_NW			
00620A52	Recipe_zzz_mod_PowerArmor_Paint_SlocumsJoe_30			
00620A53	Recipe_mod_Minigun_Paint_BOS_NW			
00620A54	Recipe_Workshop_MediumNWStash_NW			
006214DB	recipe_mod_weapon_AutoGrenadeLauncher_material_BloodEagle			
006216C1	SCORE_Recipe_workshop_CAMP_Utility_Collectron_RedRocket_GoldVendor			
006216C2	SCORE_Recipe_workshop_CAMP_Utility_FortuneTeller_GoldVendor			
00621734	Recipe_Workshop_CaveCricketTube			
006218F4	Recipe_Workshop_FireStationBell			
00621F57	Recipe_Workshop_TV_Aquarium			
00622014	Recipe_Workshop_RawCement_Barricade_Spikes			
00623C3C	Recipe_Workshop_FloorDecor_AreaRug_NukaGirl			
0062A5F1	E07A_Mothman_Book_2_Sayings	[CELL:00050B2C]	ExtCell	
0062A5F2	E07A_Mothman_Book_4_Observations	[CELL:00050B2C]	ExtCell	
0062A5F3	E07A_Mothman_Book_1_Catechism	[CELL:00050B2C]	ExtCell	
0062A5F4	Test_Notebook_Formatting			
0062C3A8	zzzXPD_Pitt01_LQ00_Test_MedicalLogs			Test Loc Quest
0062C3A9	zzzXPD_Pitt01_LQ00_Test_BenjiJournal			Test Loc Quest
0062CB9A	E07A_Mothman_WiseMothman_Throne			
0062DBA8	Test_VHarbison_Quest_Bedtime_Note	Veronica's Test Cell	NameParse	
0062E227	Test_Stephanie_Book	Quick Test Cell	NameParse	
0062E812	E07A_Mothman_Book_6_FalseGods	[CELL:00050B2C]	ExtCell	
0062E813	E07A_Mothman_Book_5_Wallace	[CELL:00050B2C]	ExtCell	
0062E814	E07A_Mothman_Book_3_Exodus	[CELL:00050B2C]	ExtCell	
0062E8A6	zzzXPD_Pitt01_AlarmKeypadCodeNote			
0062EAFB	recipe_mod_AlienBlaster_AlienMag_DTCryo			
0062EAFC	recipe_mod_AlienBlaster_AlienMag_DTPoison			
0062F761	Recipe_Tinkers_Souvenir_Stein_MothmanEquinox			
0062F775	TestJeremyDiary	Quick Test Cell	NameParse	
0062FA2C	Test_VHarbison_Quest_Escape_Room_Note01			
0062FADB	E07A_Recipe_Backpack_Standard_Material_Cultist			
0062FE7A	recipe_mod_AlienRifle_Receiver_Sniper			
0062FE7B	recipe_mod_AlienRifle_Receiver_DTCryo			
0062FE7C	recipe_mod_AlienRifle_Receiver_Auto			
0062FE7D	recipe_mod_AlienRifle_Receiver_DTPoison			
0062FE7E	Recipe_Weapon_Ranged_AlienRifle			
0062FE8F	XPD_Hub_Debbie_ToDoList			
00630C68	Recipe_mod_melee_ElectroEnforcer_Overcharged			
00630C69	Recipe_mod_melee_ElectroEnforcer_Poisoned			
00630C6A	Recipe_mod_melee_ElectroEnforcer_Freezing			
00630C6B	Recipe_Weapon_Melee_ElectroEnforcer			
00630C6C	Recipe_mod_melee_ElectroEnforcer_Spiked			
00631D13	zzz_Recipe_Workshop_FloorDecor_Plushie_FlatwoodsMonster			
00631F38	SCORE_Recipe_workshop_CAMP_Ally_Maul_GoldVendor			
00631F39	SCORE_Recipe_workshop_CAMP_Utility_Collectron_FETCH_GoldVendor			
00631F3A	SCORE_Recipe_workshop_CAMP_Ally_Daphne_GoldVendor			
0063220E	Recipe_Workshop_ZetanTube			
0063220F	Recipe_Workshop_HumanFemaleTube			
00632210	zzz_Recipe_Workshop_FlatwoodsMonsterTube			
00632211	Recipe_Workshop_HumanMaleTube			
0063222B	Recipe_Workshop_AlienOperatingBed			
00632411	zzz_Recipe_Workshop_WallDecor_TatteredCurtainsDUPLICATE000_Copy01			
00632F53	zzzXPD_Pitt01_KeycodeNote			
00633365	Recipe_Workshop_WallDecor_WallMountedFan			
00633366	Recipe_Workshop_WallDecor_TatteredCurtains			
00633367	Recipe_Workshop_DefensiveStructures_BarbedWireFence			
0063338B	Recipe_Workshop_FloorDecor_Plushie_BehemothBoss			
0063338C	Recipe_Workshop_Lights_RedRocketGasPumpWallLight			
0063338D	Recipe_Workshop_Lights_RedRocketGasStationLamp			
00633643	Recipe_Workshop_FloorDecor_Globe_Mars			
006337D2	Recipe_Workshop_FloorDecor_VintageWaterCooler			
0063383D	Recipe_Tinkers_Souvenir_Stein_AlienCollectable			
006342E9	Recipe_Workshop_Container_StashBox_Zetan			
006342EA	Recipe_Workshop_FloorDecor_Asteroid			
00634B17	Recipe_Workshop_FloorDecor_VintageWaterCooler_2			
006361C4	Recipe_Armor_Botsmith_Torso			
006361C5	Recipe_Armor_Botsmith_LegRight			
006361C6	Recipe_Armor_Botsmith_ArmLeft			
006361C7	Recipe_Armor_Botsmith_ArmRight			
006361C8	Recipe_Armor_Botsmith_LegLeft			
00636652	Recipe_Workshop_Displays_BeerSteins_Robot			
006366FC	Recipe_Workshop_FloorDecor_WrappedPresents_Christmas2019_NW			
006366FD	Recipe_Workshop_FloorDecor_ChristmasTree_Christmas2019_NW			
006366FE	Recipe_mod_CombatRifle_Paint_Jack-OLantern_NW			
006366FF	Recipe_Workshop_WallDecor_Decoration_VTU_Diploma_NW			
00636700	Recipe_mod_MetalArmor_Paint_Snowflakes_Christmas2019_NW			
00636701	Recipe_mod_AssaultRifle_Paint_Bats_NW			
00636702	Recipe_Workshop_WallDecor_ChristmasWreath_Christmas2019_NW			
00636703	Recipe_mod_Combat_Paint_Jack-OLantern_NW			
00636704	Recipe_mod_Rifle_Paint_WrappingPaper_Christmas2019_NW			
00636705	Recipe_Headwear_Beanie_Christmas2019_NW			
00636706	Recipe_Workshop_WallDecor_Decoration_VTU_Pennant_NW			
00636707	Recipe_mod_Minigun_Paint_Bats_NW			
00636708	Recipe_Headwear_HalloweenCostume02Glow_Skeleton_Helmet_NW			
00636709	Recipe_Clothes_HalloweenCostume02Glow_Skeleton_NW			
0063670A	Recipe_mod_10mm_Paint_HalloweenPaint_NW			
0063670B	Recipe_Clothes_FurJacketandJeans_Christmas2019_NW			
0063670C	Recipe_Workshop_WallDecor_Decoration_VTU_Poster_NW			
006369B6	Recipe_Headwear_GhillieSuit_Helmet_Survivors2020_NW			
006369B7	Recipe_Armor_TrackSuitNW_Underarmor_NW			
006369B8	Recipe_mod_armor_Leather_Material_Paint_AtomCats_NW			
006369B9	Recipe_Clothes_LetterJacket_NW			
006369BA	Recipe_mod_GatlingLaser_Material_Paint_CamoBlue_NW			
006369BB	Recipe_mod_GaussShotgun_Material_Paint_SurvivorsPaint_Survivors2020_NW			
006369BC	Recipe_mod_CattleProd_Material_Paint_SurvivorsPaint_Survivors2020_NW			
006369BD	Recipe_mod_armor_Leather_Material_Paint_BOS_NW			
006369BE	Recipe_mod_armor_Leather_Material_Paint_CamoBlue_NW			
006369BF	Recipe_Workshop_FloorDecor_RingOfFirePit_Survivors2020_NW			
006369C0	Recipe_Clothes_GhillieSuit_Survivors2020_NW			
006369C1	Recipe_Armor_SurvivorsDenim_Underarmor_Survivors2020_NW			
006369C2	Recipe_mod_GatlingLaser_Material_Paint_HotRodFlames_NW			
006369C3	Recipe_mod_armor_Combat_Material_Paint_BOS_NW			
006369C4	Recipe_mod_RegularBow_Material_Paint_SurvivorsPaint_Survivors2020_NW			
006369C5	Recipe_mod_armor_Leather_Material_Paint_Shi_NW			
006369C6	Recipe_Workshop_Benches_LogTrophies_Survivors2020_NW			
006369C7	Recipe_Workshop_Lights_AntlerChandelier_Survivors2020_NW			
0063E33C	XPD_Pitt01_ShoppingListNote	The Pitt - Industrial	NameParse	
0063E33D	XPD_Pitt01_UnionMissiveNote	The Foundry	NameParse	
0063E33E	XPD_Pitt01_SweetBabyBoyNote	The Pitt - Industrial	NameParse	
0063E33F	XPD_Pitt01_ChemistsOrdersNote	The Foundry	NameParse	
0063E340	XPD_Pitt01_WardensNote	The Foundry	NameParse	
0063E341	XPD_Pitt01_CorrespondenceChessNote	The Pitt - Industrial	NameParse	
0063E342	XPD_Pitt01_GettingOutNote	The Pitt - Industrial	NameParse	
0063E378	E08A_Recipe_Weapon_Melee_GulperSmacker			
0063EE46	zzz_Recipe_Chems_StimpakExtra			
0064015B	zzzE08A_Recipe_Workshop_WallDecor_Posters_Moonshine			
0064015C	E08A_Recipe_Mod_Melee_GulperSmacker_Nails			
0064015D	E08A_Recipe_Mod_Melee_GulperSmacker_Chains			
0064015E	E08A_Recipe_Mod_Melee_GulperSmacker_Blades			
00644675	SCORE_Recipe_workshop_CAMP_Utility_Collectron_Silver_GoldVendor			
00644A5D	XPD_Pitt01_HiddenCrate_FanaticThiefNote	The Foundry	NameParse	
00644A5E	XPD_Pitt01_HiddenCrate_NewShipmentNote	The Foundry	NameParse	
00644A5F	XPD_Pitt01_HiddenCrate_ScavengersJournal	The Foundry	NameParse	
00644A60	XPD_Pitt01_HiddenCrate_DoubleDealingsNote	The Foundry	NameParse	
00644A61	XPD_Pitt01_HiddenCrate_ManhuntersNote	The Foundry	NameParse	
00644A62	XPD_Pitt01_HiddenCrate_ScrapbotRecoveryLog	The Foundry	NameParse	
00646983	SCORE_Recipe_workshop_CAMP_Ally_Katherine_GoldVendor			
00646984	SCORE_Recipe_workshop_CAMP_Utility_SlotMachine_GoldVendor			
00646985	SCORE_Recipe_workshop_CAMP_Ally_Xerxo_GoldVendor			
00646A2D	SCORE_Recipe_workshop_CAMP_Ally_Sam_GoldVendor			
00646A2E	SCORE_Recipe_workshop_CAMP_Utility_ExerciseBike_GoldVendor			
00646E69	Recipe_mod_HuntingRifle_Material_Paint_XPD_Union			
0064774A	Recipe_XPD_Workshop_FanaticBarricade_Pitt			
0064774B	Recipe_XPD_Workshop_StreetKit_Pitt			
00647B24	E08B_Note_Kenneth			
00647BDA	Recipe_XPD_Headwear_SkippysOutfit			
00647BDE	Recipe_XPD_Clothes_SkippysOutfit			
00647C93	Recipe_XPD_Workshop_TrogTube			
00647C94	Recipe_XPD_Clothes_RuckersOutfit			
00647FB2	E08A_Note_Raider01			
00648327	Recipe_XPD_Workshop_PittCityLimitSigns			
00648D28	Recipe_XPD_mod_PumpActionShotgun_Material_Paint_Fanatics			
0064934B	Recipe_XPD_Headwear_DanilosOutfit			
0064934C	Recipe_XPD_Clothes_DanilosOutfit			
0064A067	Recipe_XPD_Workshop_Floodlight_Pitt			
0064B927	Recipe_XPD_mod_PowerArmor_Union_Arm_Misc_Bleed			
0064B928	zzz_Recipe_XPD_mod_PowerArmor_Union_Torso_Misc_JetPack			
0064B929	Recipe_XPD_mod_PowerArmor_Union_Torso_Misc_Emergency			
0064B92A	Recipe_XPD_mod_PowerArmor_Union_Leg_Misc_APRegen			
0064B92B	Recipe_XPD_mod_PowerArmor_Union_Helmet_Misc_Int			
0064B92C	Recipe_XPD_mod_PowerArmor_Union_Arm_Misc_Unarmed			
0064B92D	Recipe_XPD_mod_PowerArmor_Union_Torso_Misc_Tesla			
0064B92E	SCORE_S10_Recipe_PowerArmor_Union_LegRight_StampsVendor			
0064B92F	Recipe_XPD_mod_PowerArmor_Union_Arm_Misc_Optimized			
0064B930	SCORE_S10_Recipe_PowerArmor_Union_ArmLeft_StampsVendor			
0064B931	Recipe_XPD_mod_PowerArmor_Union_Helmet_Misc_Recon			
0064B932	SCORE_S10_Recipe_PowerArmor_Union_Torso_StampsVendor			
0064B933	Recipe_XPD_mod_PowerArmor_Union_Leg_Misc_Carry			
0064B934	SCORE_S10_Recipe_PowerArmor_Union_LegLeft_StampsVendor			
0064B935	Recipe_XPD_mod_PowerArmor_Union_Leg_Misc_OptimizedServos			
0064B936	Recipe_XPD_mod_PowerArmor_Union_Helmet_Misc_VATSChance			
0064B937	Recipe_XPD_mod_PowerArmor_Union_Torso_Misc_BatRegen			
0064B938	Recipe_XPD_mod_PowerArmor_Union_Torso_Misc_MedicPump			
0064B939	Recipe_XPD_mod_PowerArmor_Union_Arm_Misc_ShockDmg			
0064B93A	Recipe_XPD_mod_PowerArmor_Union_Leg_Misc_SprintBoost			
0064B93B	SCORE_S10_Recipe_PowerArmor_Union_ArmRight_StampsVendor			
0064B93C	Recipe_XPD_mod_PowerArmor_Union_Torso_Misc_Kinetic			
0064B93D	SCORE_S10_Recipe_PowerArmor_Union_Helmet_StampsVendor			
0064B93E	Recipe_XPD_mod_PowerArmor_Union_Torso_Misc_Reactive			
0064B93F	Recipe_XPD_mod_PowerArmor_Union_Torso_Misc_Str			
0064B940	Recipe_XPD_mod_PowerArmor_Union_Helmet_Misc_Sensor			
0064B941	Recipe_XPD_mod_PowerArmor_Union_Torso_Misc_StealthBoy			
0064B942	Recipe_XPD_mod_PowerArmor_Union_Leg_Misc_ExplVent			
0064B943	Recipe_XPD_mod_PowerArmor_Union_Helmet_Misc_DetectLife			
0064B944	Recipe_XPD_mod_PowerArmor_Union_Torso_Misc_Cleanser			
0064BD34	E08B_Note_Rads_2DUPLICATE000	FoundationOutpostext02	ExtCell	
0064BD35	E08B_Note_Rads_1			
0064BD36	E08A_Note_Raider02	SundayBrothersCabinExt02	ExtCell	
0064BD37	E08A_Note_Raider03	SundayBrothersCabinExt02	ExtCell	
0064BD38	E08A_Note_Raider04	SundayBrothersCabinExt05	ExtCell	
0064BD39	E08A_Note_Raider05	SundayBrothersCabinExt05	ExtCell	
0064BD3A	E08A_Note_Raider06	SundayBrothersCabinExt05	ExtCell	
0064C39E	Recipe_XPD_Workshop_WallDecor_Union42Banners			
0064C666	XPD_Pitt01_HiddenCrate_ObjectiveNote			
0064FAE2	E08A_Recipe_Workshop_GulperHead			
00650151	E08A_Note_Raider07	SundayBrothersCabinExt04	ExtCell	
00653789	XPD_Pitt02_Notebook01	Sanctum	NameParse	
0065378A	XPD_Pitt02_LaborerNote01	Sanctum	NameParse	
0065378B	XPD_Pitt02_LaborerNote02	Sanctum	NameParse	
0065378C	XPD_Pitt02_LaborerNote03	Sanctum	NameParse	
0065378D	XPD_Pitt02_LaborerNote04	Sanctum	NameParse	
00653FE0	XPD_Pitt02_MemoNote01	Sanctum	NameParse	
00653FE1	XPD_Pitt02_DonorListNote_01	Sanctum	NameParse	
00653FE2	XPD_Pitt02_HopefulNote01	Sanctum	NameParse	
0065450D	XPD_Pitt02_FanaticNote01	Sanctum	NameParse	
0065450E	XPD_Pitt02_FanaticNote02	Sanctum	NameParse	
0065450F	XPD_Pitt02_FanaticNote03	Sanctum	NameParse	
00654510	XPD_Pitt02_FanaticNote04	Sanctum	NameParse	
006547F8	XPD_Pitt02_PriestLetter01	Sanctum	NameParse	
006547F9	XPD_Pitt02_FanaticNote05	Sanctum	NameParse	
00658073	E08A_Recipe_Workshop_GulperRug			
006589D9	Recipe_NWOT_Workshop_Arcade_BanditRoundup			
006589DA	Recipe_NWOT_Workshop_Arcade_WhackACommie			
006589DB	Recipe_NWOT_Workshop_Arcade_NukaZapperRace			
006589DC	Recipe_NWOT_Workshop_Arcade_TokenDispenser			
0065C0CF	XPD_Pitt02_Note_MyNoose	Quick Test Cell	NameParse	
0065C0D0	XPD_Pitt02_Note_AvasJournal01	The Pitt - Trench	NameParse	
0065C0D1	XPD_Pitt02_Note_SafeHaven	The Pitt - Trench	NameParse	
0065C0D2	XPD_Pitt02_Note_BadOmens	Sanctum	NameParse	
0065C0D3	XPD_Pitt02_Note_Trogs	Sanctum	NameParse	
0065C0D4	XPD_Pitt02_Note_AvasJournal02	The Pitt - Trench	NameParse	
0065C0D5	XPD_Pitt02_Note_AvasJournal03	The Pitt - Trench	NameParse	
0065C0E0	zzz_recipe_mod_PowerArmor_T51_Material_Paint_NewBOS_Knight			
0065C0E1	zzz_recipe_mod_PowerArmor_T51_Material_Paint_NewBOS_Paladin			
0065D138	recipe_mod_PowerArmor_T51_Material_Paint_NewBOS_Knight			
0065D139	recipe_mod_PowerArmor_T51_Material_Paint_NewBOS_Paladin			
0065DD0A	E09C_Recipe_Workshop_CupidCappy			
0065DFB7	XPD_Pitt02_JanitorNote2	The Pitt - Trench	NameParse	
0065DFB8	XPD_Pitt02_JanitorNote1	The Pitt - Trench	NameParse	
0065DFB9	XPD_Pitt02_ChemistNote1	The Pitt - Trench	NameParse	
0065DFBA	XPD_Pitt02_RailroadWorkerNote	The Pitt - Trench	NameParse	
0065DFBB	XPD_Pitt02_ChemistNote2	The Pitt - Trench	NameParse	
0065DFBC	XPD_Pitt02_JanitorNote3	The Pitt - Trench	NameParse	
00660865	zzzE09C_Recipe_Workshop_CappyBottleCouple			
00663BC6	NWOT_Note_Pat_01	NukaWorldOnTourExt19	ExtCell	
00663BC7	NWOT_Journal_Pete_Poems	NukaWorldOnTourExt19	ExtCell	
006644DF	NWOT_Journal_Dead_Bloodeagle	[CELL:00263B2D]	ExtCell	
0066528F	SCORE_Recipe_workshop_CAMP_Utility_Glovebox_GoldVendor			
00666863	E09D_GunthersComplaints01	NukaWorldOnTourExt10	ExtCell	
006669EA	E09D_GunthersComplaint02	NukaWorldOnTourExt10	ExtCell	
00667876	XPD_Pitt01_UnionNote01	The Pitt - Industrial	NameParse	
00667877	XPD_Pitt01_SurvivorNote01	The Pitt - Industrial	NameParse	
00667878	XPD_Pitt01_UnionNote02	The Pitt - Industrial	NameParse	
00667EF0	XPD_Pitt01_FanaticNote01	The Foundry	NameParse	
00667EF1	XPD_Pitt01_PreWarNote01	The Foundry	NameParse	
00668359	XPD_Pitt02_Note_LaborYardOpenings	The Pitt - Trench	NameParse	
0066835A	XPD_Pitt02_Note_GetWellSoonMargaret	The Pitt - Trench	NameParse	
0066835B	XPD_Pitt02_Note_MemoRegardingOfficePranks	The Pitt - Trench	NameParse	
0066835C	XPD_Pitt02_Note_ProductIdCheatSheet	The Pitt - Trench	NameParse	
006686DC	XPD_Pitt02_Note_HellcatsNewAssignment	The Pitt - Trench	NameParse	
00668992	SCORE_Recipe_workshop_CAMP_Utility_ArmWrestleMachine_GoldVendor			
00668993	SCORE_Recipe_workshop_CAMP_WorkbenchCookingStove_Chuckwagon_GoldVendor			
00668994	SCORE_Recipe_workshop_CAMP_Utility_HorseRacingGame_GoldVendor			
00668995	SCORE_Recipe_workshop_CAMP_Utility_PopcornMachine_GoldVendor			
006689B0	XPD_Pitt01_UnionNote03	The Pitt - Industrial	NameParse	
006689B1	XPD_Pitt01_PreWarNote02	The Pitt - Industrial	NameParse	
00668D00	XPD_Pitt01_TimeEnoughAtLast	The Pitt - Industrial	NameParse	
006692B7	Recipe_NWOT_mod_WeaponizedNukaCola			
006697EF	XPD_Pitt01_HellcatContractNote	The Foundry	NameParse	
006697F0	XPD_Pitt01_AFarewellToPittsburghNote	The Pitt - Industrial	NameParse	
0066AFAD	NWOT_Journal_Del_01	NukaWorldOnTourExt19	ExtCell	
0066AFAE	NWOT_Journal_Betty_01	NukaWorldOnTourExt19	ExtCell	
0066AFAF	NWOT_Journal_Gunther_01	NukaWorldOnTourExt19	ExtCell	
0066AFB0	NWOT_Journal_Pat_01	NukaWorldOnTourExt19	ExtCell	
0066C702	zzz_NWOT_Recipe_Soda_NukaSunrise			
0066C703	zzz_NWOT_Recipe_Soda_NukaBombdrop			
0066C704	zzz_NWOT_Recipe_Soda_NukaVoid			
0066C705	zzz_NWOT_Recipe_Soda_NukaLove			
0066C706	zzz_NWOT_Recipe_Soda_NukaPunch			
0066D139	NWOT_FortuneMajor_Temperance_Negative			
0066D13A	NWOT_FortuneMajor_TheChariot_Positive			
0066D13B	NWOT_FortuneMajor_Magician_Positive			
0066D13C	NWOT_FortuneMajor_Justice_Positive			
0066D13D	NWOT_FortuneMajor_TheChariot_Negative			
0066D13E	NWOT_FortuneMajor_TheTower_Positive			
0066D13F	NWOT_FortuneMajor_Death_Positive			
0066D140	NWOT_FortuneMajor_TheEmperor_Positive			
0066D141	NWOT_FortuneMajor_HighPriestess_Negative			
0066D142	NWOT_FortuneMajor_Death_Negative			
0066D143	NWOT_FortuneMajor_Temperance_Positive			
0066D144	NWOT_FortuneMajor_TheWorld_Negative			
0066D145	NWOT_FortuneMajor_Fool_Negative			
0066D146	NWOT_FortuneMajor_TheEmpress_Positive			
0066D147	NWOT_FortuneMajor_TheDevil_Positive			
0066D148	NWOT_FortuneMajor_Strength_Negative			
0066D149	NWOT_FortuneMajor_TheHermit_Positive			
0066D14A	NWOT_FortuneMajor_HighPriestess_Positive			
0066D14B	zzz_NWOT_Fortune_TEST_Neutral			
0066D14C	NWOT_FortuneMajor_TheMoon_Positive			
0066D14D	NWOT_FortuneMajor_TheHangedMan_Negative			
0066D14E	NWOT_FortuneMajor_TheHermit_Negative			
0066D14F	NWOT_FortuneMajor_TheDevil_Negative			
0066D150	NWOT_FortuneMajor_TheTower_Negative			
0066D151	NWOT_FortuneMajor_TheStar_Positive			
0066D152	NWOT_FortuneMajor_TheHierophant_Negative			
0066D153	NWOT_FortuneMajor_Strength_Positive			
0066D154	NWOT_FortuneMajor_TheStar_Negative			
0066D155	NWOT_FortuneMajor_TheMoon_Negative			
0066D156	NWOT_FortuneMajor_TheHangedMan_Positive			
0066D157	NWOT_FortuneMajor_TheSun_Positive			
0066D158	zzz_NWOT_FortuneMinor_AceOfWands_Negative			
0066D159	NWOT_FortuneMajor_TheSun_Negative			
0066D15A	NWOT_FortuneMajor_Judgement_Negative			
0066D15B	NWOT_FortuneMajor_Justice_Negative			
0066D15C	NWOT_FortuneMajor_TheLovers_Positive			
0066D15D	NWOT_FortuneMajor_WheelOfFortune_Negative			
0066D15E	NWOT_FortuneMajor_Judgement_Positive			
0066D15F	zzz_NWOT_FortuneMinor_AceOfWands_Positive			
0066D160	NWOT_FortuneMajor_TheHierophant_Positive			
0066D161	NWOT_FortuneMajor_TheEmpress_Negative			
0066D162	NWOT_FortuneMajor_Magician_Negative			
0066D163	NWOT_FortuneMajor_WheelOfFortune_Positive			
0066D164	NWOT_FortuneMajor_Fool_Positive			
0066D165	NWOT_FortuneMajor_TheWorld_Positive			
0066D166	NWOT_FortuneMajor_TheLovers_Negative			
0066D167	NWOT_FortuneMajor_TheEmperor_Negative			
0066DE2D	BS00_Dorsey_Note_01_Copy01			
0066DE2E	W09A_PointerNote	MTR01MineFire02POIExt	ExtCell	
0066E176	XPD_Pitt02_ConcernedEmployeeNote	The Pitt - Trench	NameParse	
0066E177	XPD_Pitt02_Note_WasteStorageInstructions	The Pitt - Trench	NameParse	
0066E50F	Recipe_NWOT_Workshop_NukaWorldSpeakers			
0066E510	Recipe_Workshop_Instruments_Nukelele			
0066EFC7	76Chargen_ExitSuppliesNote	Vault 76	NameParse	
0066F3DD	zzzRecipe_Workshop_NWOTSignposter			
0066F3DE	zzzRecipe_Workshop_NWOTPoster			
0066F3DF	E09A_Recipe_Workshop_NWOTCoaster_Toy			
006751A2	Recipe_NWOT_Workshop_Arcade_BottleBlaster			
00675279	Recipe_Workshop_NWOTBalloon			
006772E5	zzzE09C_Recipe_Workshop_HeartArch			
00679A72	SCORE_Recipe_workshop_CAMP_Utility_Collectron_NukaQuantum_GoldVendor			
0067A536	E09B_Workshop_Recipe_CappyPlush			
0067A929	E09B_Workshop_Recipe_Ball			
0067A92A	zzzE09B_Workshop_Recipe_Bin			
0067A92B	E09B_Workshop_Recipe_BottlePlush			
0067A92C	E09B_Workshop_Recipe_CircusStool			
0067A92D	E09B_Workshop_Recipe_CubeToy			
0067A92E	E09B_Workshop_Recipe_HulaHoop			
0067A92F	E09B_Workshop_Recipe_Ornament			
0067A930	E09B_Workshop_Recipe_Poster			
0067A931	E09B_Workshop_Recipe_SeeSaw			
0067A932	E09B_Workshop_Recipe_StageTrim			
0067A933	E09B_Workshop_Recipe_Stairs			
0067A934	E09B_Workshop_Recipe_Stilts			
0067AEC6	E09D_Recipe_Workshop_Cappy&BottleCowboys			
0067AEC7	E09D_Recipe_Workshop_TownsFolk			
0067AEC8	E09D_Recipe_Workshop_WantedPoster			
0067AEC9	E09D_Recipe_Workshop_StandalonePoster			
0067AECA	zzzE09D_Recipe_Workshop_SignPost			
0067AECB	E09D_Recipe_Workshop_WesternMural			
0067AECC	E09D_Recipe_Workshop_Tumbleweed			
0067AECD	E09D_Recipe_Workshop_EntranceSign			
0067AECE	E09D_Recipe_Workshop_PokerSet			
0067AECF	E09D_Recipe_Workshop_Tombstone			
0067AED0	E09D_Recipe_Workshop_Wagon			
0067AED1	E09D_Recipe_Workshop_OuthouseFabricator			
0067AED2	E09D_Recipe_Workshop_SafeFloor			
0067AED3	E09D_Recipe_Workshop_SafeWall			
0067BC89	NWOT_Beneath_RaiderJournal	MTR01MineFire02POIExt	ExtCell	
0067C25A	XPD_Hub_TrainingDay_WaterEnding			Refuge Daily  Training Day
0067C25B	XPD_Hub_TrainingDay_CounselEnding			Refuge Daily  Training Day
0067C25C	XPD_Hub_TrainingDay_RoommateEnding			Refuge Daily  Training Day
0067C25D	XPD_Hub_TrainingDay_SleepEnding			Refuge Daily  Training Day
0067C25E	XPD_Hub_TrainingDay_VacuumEnding			Refuge Daily  Training Day
0067C25F	XPD_Hub_TrainingDay_VacuumGoodEnding			Refuge Daily  Training Day
0067C260	XPD_Hub_TrainingDay_EscapeEnding			Refuge Daily  Training Day
0067C261	XPD_Hub_TrainingDay_ImOutEnding			Refuge Daily  Training Day
0067C262	XPD_Hub_TrainingDay_BurnEnding			Refuge Daily  Training Day
0067C263	XPD_Hub_TrainingDay_BreathEnding			Refuge Daily  Training Day
0067E716	SCORE_S10_Recipe_PowerArmor_Union_Jetpack_StampsVendor			
0067F0E8	Recipe_NWOT_Workshop_FishInABag			
0067F167	E09B_Recipe_Workshop_FloorDecor_Snowglobe_STW			
0067F168	Recipe_Workshop_FloorDecor_NWOT_Snowglobe_NukaCade			
0067F169	E09C_Recipe_Workshop_FloorDecor_Snowglobe_ToL			
0067F16A	E09D_Recipe_Workshop_FloorDecor_Snowglobe_MostWanted			
0067F16B	E09A_Recipe_Workshop_FloorDecor_Snowglobe_NukaLauncher			
0067F16C	E09A_Recipe_UltraciteTitanFlair			
0067F16D	NWOT_Recipe_BottleFlair			
0067F16E	NWOT_Recipe_CappyFlair			
0067F16F	E09D_Recipe_NukaCowboyHat			
0067F170	E09D_Recipe_NukaCowboyDuster			
0067F171	zzzE09D_Recipe_NukaCowboyChaps			
0067F172	NWOT_Recipe_mod_SuperSledge_Melee_Paint_CappySmasher			
0067F3F8	E09A_Recipe_Workshop_Abomination_Plushie			
00682041	SCORE_S11_Recipe_NukaLauncher_GoldVendor			
0068210B	NWOT_Recipe_CappyBalloon			
0068210F	NWOT_Recipe_BottleBalloon			
00682116	NWOT_Recipe_Workshop_FloorDecor_AdBarriers			
00682117	NWOT_Recipe_Workshop_Structure_NukaStallCrates			
00682118	E09C_Recipe_Workshop_StandalonePoster			
00682119	E09A_Recipe_Workshop_FloorDecor_LargeUltraciteShard			
0068211A	E09A_Recipe_Workshop_StandalonePoster			
0068211B	NWOT_Recipe_Workshop_FloorDecor_LargeUltraciteShard			
0068211C	NWOT_Recipe_Workshop_StandalonePoster			
0068211D	NWOT_Recipe_Workshop_Structure_NukaBottleKiosk			
006828E5	Recipe_Workshop_NWOT_CappyClapper			
006828E6	Recipe_Workshop_FloorDecor_NWOT_Carnival_Statue_01			
006828E7	E09A_Recipe_Workshop_NWOT_NukaLauncher_Ornament			
006828E8	Recipe_Workshop_FloorDecor_NWOT_Carnival_Statue_04			
006828E9	Recipe_Workshop_FloorDecor_NWOT_Carnival_Statue_03			
006828EA	Recipe_Workshop_FloorDecor_NWOT_Carnival_Statue_02			
006828EB	E09A_Recipe_Workshop_NWOT_DesktopNukaLauncher			
006828EC	Recipe_Workshop_NWOT_BottleBot			
006828ED	E09D_Recipe_Headwear_DeputysHat			
006828EE	E09D_Recipe_Headwear_SheriffsHat			
00683119	MOON_Herd_Workshop_Recipe_BrahminBackpack			
00683DEF	CUT_MutatedEvents_Recipe_PoisonCloudInfusion_Tier1			
00683E4F	NWOT_Note_Pete_01			
00683E50	NWOT_Note_Betty_01	NukaWorldOnTourExt19	ExtCell	
00684B7E	zzz_Moon_Recipe_Workshop_CommunalCampfire			
00685504	MOON_Herd_Workshop_Recipe_BlueDevilPlushie			
0068ADEA	MOON_Ambush_Workshop_Recipe_OguaPlushie			
0068ADEB	MOON_DO_Workshop_Recipe_CowboyDuster			
0068ADEC	MOON_DO_Workshop_Recipe_CowboyChaps			
0068ADED	MOON_DO_Workshop_Recipe_CowboyHat			
0068B8EB	NWOT_Recipe_Food_NukaDog			
0068B8EC	NWOT_Recipe_Food_YaoGuaiPastry			
0068B8ED	NWOT_Recipe_Food_GulperStuffedFoot			
0068B8EE	NWOT_Recipe_Food_RadroachSkewer2			
0068B8EF	NWOT_Recipe_Food_RadscorpionSkewer			
0068B8F0	NWOT_Recipe_Food_BrahminBurgers			
0068B8F1	NWOT_Recipe_Food_CaramelMutfruit			
0068B8F2	NWOT_Recipe_Food_CarnivalPie			
0068B8F3	NWOT_Recipe_Food_RadscorpionKebab			
0068C4C0	XPD_Hub_TrainingDay_AAVeganEnding			Refuge Daily  Training Day
0068C4C1	XPD_Hub_TrainingDay_AAPoisonEnding			Refuge Daily  Training Day
0068C4C2	XPD_Hub_TrainingDay_AARubberBandGoodEnding			Refuge Daily  Training Day
0068C4C3	XPD_Hub_TrainingDay_AARubberBandBadEnding			Refuge Daily  Training Day
0068C4C4	XPD_Hub_TrainingDay_AADamSabotageGoodEnding			Refuge Daily  Training Day
0068C4C5	XPD_Hub_TrainingDay_AADamSabotageBadEnding			Refuge Daily  Training Day
0068C4C6	XPD_Hub_TrainingDay_AAPlayerEscapeBadEnding			Refuge Daily  Training Day
0068C4C7	XPD_Hub_TrainingDay_AAPlayerEscapeGoodEnding			Refuge Daily  Training Day
0068C4C8	XPD_Hub_TrainingDay_AAFlowerGoodEnding			Refuge Daily  Training Day
0068C4C9	XPD_Hub_TrainingDay_AAFlowerBadEnding			Refuge Daily  Training Day
0068C4CA	XPD_Hub_TrainingDay_TGDEarlyKillEnding			Refuge Daily  Training Day
0068C4CB	XPD_Hub_TrainingDay_TGDAmputationEnding			Refuge Daily  Training Day
0068C4CC	XPD_Hub_TrainingDay_TGDMedicationBadEnding			Refuge Daily  Training Day
0068C4CD	XPD_Hub_TrainingDay_TGDMedicationGoodEnding			Refuge Daily  Training Day
0068C4CE	XPD_Hub_TrainingDay_TGDPlaceboBadEnding			Refuge Daily  Training Day
0068C4CF	XPD_Hub_TrainingDay_TGDPlaceboGoodEnding			Refuge Daily  Training Day
0068C4D0	XPD_Hub_TrainingDay_TGDAntibioticsGoodEnding			Refuge Daily  Training Day
0068C4D1	XPD_Hub_TrainingDay_TGDAntibioticsBadEnding			Refuge Daily  Training Day
0068C4D2	XPD_Hub_TrainingDay_TGDStageDeathGoodEnding			Refuge Daily  Training Day
0068C4D3	XPD_Hub_TrainingDay_TGDStageDeathBadEnding			Refuge Daily  Training Day
0068C4D4	XPD_Hub_TrainingDay_MDVaultEscapeEnding			Refuge Daily  Training Day
0068C4D5	XPD_Hub_TrainingDay_MDFixedReactorEnding			Refuge Daily  Training Day
0068C4D6	XPD_Hub_TrainingDay_MDFixReactorGoodEnding			Refuge Daily  Training Day
0068C4D7	XPD_Hub_TrainingDay_MDFixReactorBadEnding			Refuge Daily  Training Day
0068C4D8	XPD_Hub_TrainingDay_MDManualFixGoodEnding			Refuge Daily  Training Day
0068C4D9	XPD_Hub_TrainingDay_MDManualFixBadEnding			Refuge Daily  Training Day
0068C4DA	XPD_Hub_TrainingDay_MDGumGoodEnding			Refuge Daily  Training Day
0068C4DB	XPD_Hub_TrainingDay_MDGumBadEnding			Refuge Daily  Training Day
0068C4DC	XPD_Hub_TrainingDay_MDSacrificeGoodEnding			Refuge Daily  Training Day
0068C4DD	XPD_Hub_TrainingDay_MDSacrificeBadEnding			Refuge Daily  Training Day
0068C4DE	XPD_Hub_TrainingDay_SCKillPasserbyEnding			Refuge Daily  Training Day
0068C4DF	XPD_Hub_TrainingDay_SCSockPuppetEnding			Refuge Daily  Training Day
0068C4E0	XPD_Hub_TrainingDay_SCLootSuccessEnding			Refuge Daily  Training Day
0068C4E1	XPD_Hub_TrainingDay_SCLootFailEnding			Refuge Daily  Training Day
0068C4E2	XPD_Hub_TrainingDay_SCDistractionGoodEnding			Refuge Daily  Training Day
0068C4E3	XPD_Hub_TrainingDay_SCDistractionBadEnding			Refuge Daily  Training Day
0068C4E4	XPD_Hub_TrainingDay_SCShootSuccesstEnding			Refuge Daily  Training Day
0068C4E5	XPD_Hub_TrainingDay_SCShootFailEnding			Refuge Daily  Training Day
0068C4E6	XPD_Hub_TrainingDay_SCLeaveGoodEnding			Refuge Daily  Training Day
0068C4E7	XPD_Hub_TrainingDay_SCLeaveBadEnding			Refuge Daily  Training Day
0068E27F	V63_Lab_WhatLiesBelow			
0069067C	MOON_Herd_VeraLetter	MiddleMountainCabinsExt	ExtCell	
00691578	CUT_MutatedEvents_Recipe_FieryInfusion			
00691694	zzz_Recipe_Cooking_MatzohBallSoup			
00691882	zzzMOON_Herd_Workshop_Recipe_TruckBlueRidge			
006918B6	MOON_Herd_Workshop_Recipe_Rug			
00691B66	zzz_Moon_Recipe_weapon_melee_Lucaswitchblade			
00691C04	SCORE_Recipe_workshop_CAMP_Ally_Leo_Petrov_GoldVendor			
00691C05	SCORE_Recipe_workshop_CAMP_Utility_NukaCola_MysteryMachine_GoldVendor			
00691D04	zzz_MOON_Ambush_Workshop_Recipe_ShippingContainer			
00691D05	MOON_General_Workshop_Recipe_BlueRidgeScoutHelmet			
00691D06	MOON_DO_Workshop_Recipe_KidsTruckBed			
00691D07	MOON_Herd_Workshop_Recipe_KidsCowClock	Vault 63 Engineering Sector	NameParse	
00691D08	MOON_Ambush_Workshop_Recipe_CurtainOgua			
00691D09	MOON_DO_Workshop_Recipe_UmbrellaHat			
00691D0A	zzz_E09B_Recipe_Weapon_Ranged_CrowdControl_Paint			
00691D0B	MOON_General_Workshop_Recipe_BlueRidgeStashBox			
00691D0C	MOON_General_Workshop_Recipe_ToyTruck			
00691D0D	MOON_Herd_Workshop_Recipe_CartographyTable			
00691D0E	zzz_MOON_Herd_Workshop_Recipe_BrahminCheese			
00691D0F	zzz_MOON_Herd_Workshop_Recipe_TrailerCar			
00691D10	MOON_Ambush_Workshop_Recipe_SleepingBagFur			
00691D11	MOON_Ambush_Workshop_Recipe_SleepingBag			
00691D12	zzz_Moon_Recipe_Weapon_Ranged_Paint_Tornado			
00691D13	MOON_Herd_Workshop_Recipe_TrailerTruckGear			
00691D14	MOON_Herd_Workshop_Recipe_CurtainBlueDevil			
00691D44	Moon_Recipe_Workshop_FloorDecor_Rugs_BrahminRug			
00691D45	MOON_Ambush_Workshop_Recipe_OguaFlair			
00691D46	zzz_Moon_Recipe_mod_Shishkebab_Melee_Paint_BrandingIron			
00691D59	zzz_MOON_Ambush_Workshop_Recipe_OguaEggs			
00691D5A	zzz_MOON_Herd_Workshop_Recipe_BlueDevilClaws			
00691D5B	zzz_MOON_Ambush_Workshop_Recipe_TruckerHat			
00692243	MOON_Herd_Workshop_Recipe_BlueDevilFlair			
00692244	MOON_General_Workshop_Recipe_BlueRidgeGuardsmanArmorPaint			
0069224F	MOON_Herd_Workshop_Recipe_MilkmanHat			
00692250	MOON_Herd_Workshop_Recipe_Milkman			
00692253	zzz_Moon_Recipe_mod_WarGlave_Melee_Paint_CultistGlaive			
00692254	zzz_Recipe_MutatedEvents_Backpack_Flair_Infusion			
00692255	CUT_MutatedEvents_Recipe_SteelSkinInfusion_Tier1			
00692278	MOON_Herd_Workshop_Recipe_BrahminPlushie			
00692279	zzz_Moon_Ambush_Recipe_Weapon_Ranged_Paint_EldersMark			
0069227A	MOON_Ambush_Workshop_Recipe_Tent			
00692292	MOON_Herd_Workshop_Recipe_PaddockGate			
00692293	MOON_Herd_Workshop_Recipe_PaddockFence			
006923AD	MOON_Ambush_Workshop_Recipe_CryptidHunterBoonieHat			
00692562	zzz_Moon_Recipe_Weapon_Ranged_Tornado			
00692A1B	MOON_DO_Workshop_Recipe_BrahminSofa			
00692A1C	MOON_DO_Workshop_Recipe_FeralGhoulChair			
00692A28	MOON_General_Workshop_Recipe_Farmhand			
00693D3B	zzz_Moon_Recipe_Weapon_Ranged_BlueFlamer			
00694C1B	MILE_Recipe_VaultGirl_Backpack			
00694C1C	MILE_Recipe_VaultBoy_Backpack			
0069583A	CUT_MutatedEvents_Recipe_SteelSkinInfusion_Tier3			
0069583B	CUT_MutatedEvents_Recipe_SteelSkinInfusion_Tier2			
0069583C	CUT_MutatedEvents_Recipe_PoisonCloudInfusion_Tier3			
0069583D	CUT_MutatedEvents_Recipe_PoisonCloudInfusion_Tier2			
00696247	Recipe_Workshop_FlatwoodsMonsterTube			
00696248	zzz_Recipe_Workshop_FloaterFreezer			
00696249	zzz_Recipe_Workshop_FloaterGnasher			
0069624A	Recipe_mod_Handmade_Material_Paint_HotRod			
0069624B	Recipe_Workshop_FloaterTubes			
0069624C	recipe_Armor_PowerArmor_AlienInvaderV2_Helmet			
0069624D	zzz_recipe_Armor_PowerArmor_AlienInvaderV2_ArmRight			
0069624E	recipe_Armor_PowerArmor_AlienInvaderV2_Torso			
0069624F	recipe_Armor_PowerArmor_AlienInvaderV2_Arms			
00696250	zzz_recipe_Armor_PowerArmor_AlienInvaderV2_LegRight			
00696251	Recipe_Backpack_Standard_Material_Alien			
00696252	Recipe_mod_Handmade_Material_Paint_Intergalactic			
00696253	recipe_mod_PowerArmor_AlienInvaderV2_Torso_Misc_JetPack			
00696254	recipe_Armor_PowerArmor_AlienInvaderV2_Legs			
0069687D	MOON_DO_Workshop_Recipe_GorillaChair			
0069759E	MOON_General_Workshop_Recipe_CardFrame			
0069ED56	MOON_General_Workshop_Recipe_TruckerUniform			
0069F0F8	zzzMILE_Recipe_Workshop_Walls_PrefabHome_Set			
0069F67A	MOON_Ambush_Workshop_Recipe_Mobile			
0069F67D	MOON_Ambush_Workshop_Recipe_OguaEgg			
006A008C	MOON_Herd_Workshop_Recipe_TravellersWagon			
006A044F	Storm_Recipe_Workshop_FloorDecor_Turkey_Plushie			
006A4255	Moon_SQ05_Page1	[CELL:00050B2C]	ExtCell	Costa Business  Herschel
006A4256	Moon_SQ05_Page2	[CELL:00050B2C]	ExtCell	Costa Business  Herschel
006A4257	Moon_SQ05_Page3	[CELL:00050B2C]	ExtCell	Costa Business  Herschel
006A4258	Moon_SQ05_Page4	[CELL:00050B2C]	ExtCell	Costa Business  Herschel
006A4259	Moon_SQ05_Page5	[CELL:00050B2C]	ExtCell	Costa Business  Herschel
006A9838	MOON_SQ02_Eugenie_Note			Costa Business  Eugenie
006A9961	MOON_SQ07_Carver_Note_01	LewisburgExt04	ExtCell	Costa Business  Carver
006A9962	MOON_SQ07_Carver_Note_02	The Burning Mine	NameParse	Costa Business  Carver
006AC411	Moon_Ambush_Cultist_Note	CranberryGladeExt05	ExtCell	
006ACE99	MOON_SQ04_Rudy_ShoppingList			Costa Business  Rudy
006B2E78	Moon_Recipe_Workshop_StandalonePoster_BlueDevil			
006B2E79	Moon_Recipe_Workshop_StandalonePoster_Beast			
006B2E7A	Moon_Recipe_Workshop_StandalonePoster_Flatwoods			
006B2E7B	Moon_Recipe_Workshop_StandalonePoster_Grafton			
006B2E7C	Moon_Recipe_Workshop_StandalonePoster_Jersey			
006B2E7D	Moon_Recipe_Workshop_StandalonePoster_Mothman			
006B2E7E	Moon_Recipe_Workshop_StandalonePoster_Ogua			
006B2E7F	Moon_General_Workshop_Recipe_SheepsquatchPoster			
006BE8D4	SCORE_Recipe_workshop_CAMP_Utility_Firewood_pile_GoldVendor			
006BE8D5	SCORE_Recipe_workshop_CAMP_Utility_Ragstag_FieldDressingStation_GoldVendor			
006BE8D6	SCORE_Recipe_workshop_CAMP_Ally_Steven_Scarberry_GoldVendor			
006BE8D7	SCORE_S12_Recipe_Coldshoulder_StampVendor			
006BEC98	MOON_General_Workshop_Recipe_SleepingBagClean			
006BEE3B	MOON_Herd_ClydeNote	MiddleMountainCabinsExt	ExtCell	
006C20BA	AC_MQ_IngramMansionRenovations_Note			
006C503C	Recipe_XPD_mod_PowerArmor_Union_Helmet_Headlamp_Blue			
006C503D	Recipe_XPD_mod_PowerArmor_Union_Helmet_Headlamp_Bright			
006C503E	Recipe_XPD_mod_PowerArmor_Union_Helmet_Headlamp_Purple			
006C503F	Recipe_XPD_mod_PowerArmor_Union_Helmet_Headlamp_RedTactical			
006C5040	Recipe_XPD_mod_PowerArmor_Union_Helmet_Headlamp_VaultBoy			
006C5633	Moon_Herd_Workshop_Recipe_BlueDevilTrophy			
006C5634	MOON_Herd_Workshop_Recipe_TaxidermyBlueDevil			
006CA794	S13_JoeyBello_Note01			
006CA795	SCORE_Recipe_workshop_CAMP_Utility_HollywoodVanity_GoldVendor			
006CAC83	MOON_SQ08_Aries_Lore_RaiderNote	UncannyCavernsExt02	ExtCell	
006CACA2	Moon_Ambush_Cultist_Note2	CranberryGladeExt06	ExtCell	
006CADBA	Storm_HCave_note	Shining Creek Cavern	NameParse	
006CCB5C	Moon_Ambush_Workshop_Recipe_OguaTrophy			
006CDC2B	XPD_AC03_DrunkNote01	Flooded City Center	NameParse	
006CDC2C	XPD_AC03_Note02			
006CDC2D	XPD_AC03_Note03			
006CDC2E	XPD_AC03_Note04			
006CDC2F	XPD_AC03_CraigsBagNote	City Hall	NameParse	
006D00A1	XPD_AC01_FromConcertaToSal	Quentino's Night Club	NameParse	
006D00A2	XPD_AC01_ApologyNote	Quentino's Night Club	NameParse	
006D00A3	XPD_AC01_OutofOrder			Atlantic City  Tax Evasion
006D00A4	XPD_AC01_NecessaryRepairs	The Neapolitan Casino	NameParse	
006D00A5	XPD_AC01_TimsLetter	Quentino's Night Club	NameParse	
006D00A6	XPD_AC01_LetterToBilly	The Neapolitan Casino	NameParse	
006D00A7	XPD_AC01_LetterToCharlotte	The Neapolitan Casino	NameParse	
006D00A8	XPD_AC01_GeneInvoice	The Neapolitan Casino	NameParse	
006D1C33	zzz_MOON_SQ08_Aries_Lore_6Y22YE			
006D1DC6	XPD_AC03_DevilsBloodNote01	Flooded City Center	NameParse	
006D3A52	DEL_Recipe_XPD_AC_Workshop_AquariumWallsAndFloors			
006D3A53	Recipe_XPD_AC_Workshop_Tables_DiceTable			
006D3A54	Recipe_XPD_AC_Workshop_Tables_RouletteTable			
006D3A55	Recipe_XPD_AC_Workshop_FloorDecor_WorldsBiggestSlotMachine			
006D3A56	Recipe_XPD_AC_Workshop_FloorDecor_GameShowSigns			
006D3A57	Recipe_XPD_AC_Workshop_FloorDecor_SlotMachines			
006D3A58	Recipe_XPD_AC_Workshop_FloorDecor_AquariumPillar			
006D3A59	Recipe_XPD_AC_Workshop_FloorDecor_HorseRacingMachine			
006D7467	MOON_Herd_Workshop_Recipe_OguaHunterHood			
006D7468	MOON_Herd_Workshop_Recipe_OguaHunterOutfit			
006D7987	MOON_Herd_Lore_Note_01	MiddleMountainCabinsExt05	ExtCell	
006D7A0E	MOON_Ambush_Recipe_OguaShellBackpack			
006D8720	SCORE_Recipe_workshop_CAMP_Ally_Joey_Bello_GoldVendor			
006D8721	SCORE_Recipe_workshop_CAMP_Display_Cryptid_card_Display_GoldVendor			
006D8722	SCORE_Recipe_workshop_CAMP_Display_Flair_Display_GoldVendor			
006DDBF7	Storm_HKFT_ChefsNote	StormHighKnobFireTowerExt02	ExtCell	
006DE1D8	XPDAC02_JellyNote01	The Boardwalk	NameParse	
006DE1D9	XPDAC02_CastVote01	The Boardwalk	NameParse	
006DE684	XPDAC02_AquariumNote03	Aquarium of the Atlantic	NameParse	
006DE685	XPDAC02_AquariumNote02	Aquarium of the Atlantic	NameParse	
006DE686	XPDAC02_AquariumNote01	Aquarium of the Atlantic	NameParse	
006DE687	XPDAC02_AquariumNote04	Aquarium of the Atlantic	NameParse	
006DE688	XPDAC02_AquariumNote05	Aquarium of the Atlantic	NameParse	
006DEE63	MOON_SQ08_Aries_Lore_6Y22YE_1	MiddleMountainCabinsExt	ExtCell	
006DF050	Storm_BirthdayLetterFromMom_Bus	StormCrashedScoutsBusExt02	ExtCell	
006DF051	Storm_BirthdayLetterFromDad_Bus	StormCrashedScoutsBusExt02	ExtCell	
006DF052	Storm_Scout_Diary_Bus	StormCrashedScoutsBusExt02	ExtCell	
006DF575	Recipe_Workshop_FloorDecor_Plushie_Peppino			
006DF576	Recipe_Workshop_FloorDecor_Plushie_WilberMcPigg			
006DF577	Recipe_Workshop_FloorDecor_Plushie_Punty			
006DF578	Recipe_Workshop_FloorDecor_StuffedMutantHound			
006DF579	Recipe_Workshop_Lights_Wall_MutantHoundDiagram			
006DF57A	Recipe_Workshop_Lights_Wall_SuperMutantDiagram			
006E177D	MOON_Herd_Workshop_Recipe_BlueDevilHood			
006E177E	MOON_Herd_Workshop_Recipe_BlueDevilOutfit			
006E1C43	XPDAC02_SniperNote01	The Boardwalk	NameParse	
006E227A	MOON_Ambush_Workshop_Recipe_BlueRidgeScoutOutfit			
006E22E8	Recipe_Workshop_FloorDecor_Rugs_Bloody			
006E22EB	Recipe_Workshop_CurtainDoor_Bloody			
006E2393	Recipe_Workshop_Benches_Wood_CleanPark			
006E2395	Recipe_Workshop_Tables_DomesticKitchen_White			
006E2396	Recipe_Workshop_Tables_DomesticKitchen_Brown			
006E2397	Recipe_Workshop_Tables_DomesticKitchen_Black			
006E23C2	Recipe_Workshop_Lights_MirrorBall_Pink			
006E23C3	Recipe_Workshop_Container_Prewar_Suitcase_Clothes_Clean_Orange			
006E23C4	Recipe_Workshop_Container_Prewar_Suitcase_Clothes_Clean_Blue			
006E23C5	Recipe_Workshop_Container_Prewar_Suitcase_Clothes_Clean_Green			
006E23C6	Recipe_Workshop_Container_Prewar_Suitcase_Clothes_Clean_Pink			
006E23C7	Recipe_Workshop_Container_Prewar_Suitcase_Clothes_Clean_Red			
006E23C8	Recipe_Workshop_Container_Prewar_Suitcase_Clothes_Clean_Purple			
006E23C9	Recipe_Workshop_Tables_MetalPicnic_Red			
006E23CA	Recipe_Workshop_Tables_MetalPicnic_Green			
006E23CB	Recipe_Workshop_Lights_MirrorBall_Green			
006E23CC	Recipe_Workshop_Container_Prewar_Suitcase_Clothes_Clean_Black			
006E23CD	Recipe_Workshop_Container_Prewar_Suitcase_Clothes_Clean_Yellow			
006E23CE	Recipe_Workshop_Tables_MetalPicnic_Pink			
006E23CF	Recipe_Workshop_Lights_MirrorBall_Red			
006E23D0	Recipe_Workshop_Lights_MirrorBall_Blue			
006E23D1	Recipe_Workshop_Tables_MetalPicnic_White			
006E23D2	Recipe_Workshop_Tables_MetalPicnic_Blue			
006E2D6A	Storm_BettysDiner_RedRocket	StormRedRocketMotelExt07	ExtCell	
006E2D6B	Storm_PokerTournament_Motel	StormRedRocketMotelExt02	ExtCell	
006E2D6C	Storm_DebtCollection_Motel	StormRedRocketMotelExt02	ExtCell	
006E31B9	Storm_PresidentalNote			
006E31FE	MILE_Recipe_Workshop_Telescope			
006E3902	76StormCDB_TestNote			
006E3903	Template_Note_Copy01			
006E58ED	Recipe_XPD_AC_Workshop_Tables_CardTables			
006E5CE0	Recipe_XPD_AC_RouletteRevolverPaint			
006E5FFC	Recipe_XPD_AC_Workshop_OvergrownVehicle			
006E6ED9	Storm_SkylineDriveEntrance_Note01	StormSkylineDriveExt02	ExtCell	
006E6F1E	Recipe_XPD_AC_ShowstopperShotgunPaint			
006E6F1F	Recipe_XPD_AC_Workshop_LesserDevilPlushie			
006E734F	Recipe_XPD_AC_Workshop_OvergrownPollinatorTube			
006E7350	Recipe_XPD_AC_Workshop_OvergrownElderTube			
006E7351	Recipe_XPD_AC_Workshop_OvergrownRusherTube			
006E7352	Recipe_XPD_AC_Workshop_AquariumWhaleDisplay			
006E7353	Recipe_XPD_AC_Workshop_SeaAnimalPillars			
006E7354	ZZZ_Recipe_XPD_AC_Workshop_WoodPlankEscalator			
006E7355	Recipe_XPD_AC_Workshop_JerseyDevilPlushie			
006E7356	Recipe_XPD_AC_Armor_Muni_Underarmor			
006E7357	Recipe_XPD_AC_Outfit_MayorTimOutfit			
006E7358	Recipe_XPD_AC_Headwear_MayorTimOutfit			
006E7359	Recipe_XPD_AC_Outfit_ButtercupOutfit			
006E735A	zzz_Recipe_XPD_AC_Headwear_ButtercupOutfit			
006E735B	DEL_Recipe_XPD_AC_Outfit_MuniOutfit			
006E735C	zzz_Recipe_XPD_AC_Plan_Headwear_MuniOutfit			
006E8435	XPDAC02_RooftopNote01	The Boardwalk	NameParse	
006E8F5F	Storm_SkyboundTower_Peace	StormSkyboundTowerExt	ExtCell	
006E8F60	Storm_SkyboundTower_Accusations	StormSkyboundTowerExt	ExtCell	
006E8F61	Storm_SkyboundTower_DiaryEntry	StormSkyboundTowerExt	ExtCell	
006E9223	NPE_Recipe_mod_Loadouts_Material_Paint_Rusted			
006E9224	NPE_Recipe_mod_Loadouts_Material_Paint_Gunmetal			
006E9225	NPE_Recipe_mod_Loadouts_Material_Paint_VaultTec			
006EB2AE	Storm_Recipe_Turkey_Backpack			
006EB42F	XPD_AC03_Note_Nothing	City Hall	NameParse	
006EB430	XPD_AC03_Note_Perimeter	Community Center	NameParse	
006EB431	XPD_AC03_Note_Rot	Community Center	NameParse	
006EB432	XPD_AC03_Note_Q	City Hall	NameParse	
006EB433	XPD_AC03_Note_WildChild	Community Center	NameParse	
006EB434	XPD_AC03_Note_UnnecessaryQuestions	Community Center	NameParse	
006EB435	XPD_AC03_Note_RespectfullyNo	City Hall	NameParse	
006EB436	XPD_AC03_Note_Home	City Hall	NameParse	
006EB437	XPD_AC03_Note_Donations	Community Center	NameParse	
006EC20D	NPE_Recipe_Backpack_Standard_Material_VaultTecStarter			76CharGenQuest
006EC5F7	AC_MQ_VinsToDoList	The Rose Room	NameParse	
006EDEDB	Storm_V63Organics_Traincart	Vault 63 Organics Sector	NameParse	
006EDEDC	Storm_V63Organics_Freezer	Vault 63 Organics Sector	NameParse	
006EFF1D	NPE_DonationBox_V76_Note	Vault76Ext	ExtCell	
006F03A6	Storm_WoodstockTower_Note01	StormWoodStockTowerExt02	ExtCell	
006F2735	zzz_Recipe_XPD_AC_Workshop_FloorDecor_DevilsBloodVials			
006F2845	Recipe_XPD_AC_OvergrownMissileLauncher			
006F2846	Recipe_XPD_AC_OvergrownAssaultRifle			
006F2847	Recipe_XPD_AC_OvergrownDeathclawGauntlet			
006F4D7F	Recipe_XPD_AC_Armor_Muni_Arm_Material_1			
006F4D80	Recipe_XPD_AC_Armor_Muni_Arm_Material_2			
006F4D81	Recipe_XPD_AC_Armor_Muni_Arm_Material_3			
006F4D82	Recipe_XPD_AC_Armor_Muni_Arm_Material_4			
006F4D83	Recipe_XPD_AC_Armor_Muni_Helmet			
006F4D84	Recipe_XPD_AC_Armor_Muni_LeftArm			
006F4D85	Recipe_XPD_AC_Armor_Muni_LeftLeg			
006F4D86	Recipe_XPD_AC_Armor_Muni_Leg_Material_1			
006F4D87	Recipe_XPD_AC_Armor_Muni_Leg_Material_2			
006F4D88	Recipe_XPD_AC_Armor_Muni_Leg_Material_3			
006F4D89	Recipe_XPD_AC_Armor_Muni_Leg_Material_4			
006F4D8A	Recipe_XPD_AC_Armor_Muni_RightArm			
006F4D8B	Recipe_XPD_AC_Armor_Muni_RightLeg			
006F4D8C	Recipe_XPD_AC_Armor_Muni_Torso			
006F4D8D	Recipe_XPD_AC_Armor_Muni_Torso_Material_1			
006F4D8E	Recipe_XPD_AC_Armor_Muni_Torso_Material_2			
006F4D8F	Recipe_XPD_AC_Armor_Muni_Torso_Material_3			
006F4D90	Recipe_XPD_AC_Armor_Muni_Torso_Material_4			
006F4D91	Recipe_XPD_AC_mod_armor_Muni_Lining_Limb_ImprovedCarryCapacity1			
006F4D92	Recipe_XPD_AC_mod_armor_Muni_Lining_Limb_ImprovedCarryCapacity2			
006F4D93	Recipe_XPD_AC_mod_armor_Muni_Lining_Limb_Lighter1			
006F4D94	Recipe_XPD_AC_mod_armor_Muni_Lining_Limb_Lighter2			
006F4D95	Recipe_XPD_AC_mod_armor_Muni_Lining_Limb_ResistanceLimbDamage			
006F4D96	Recipe_XPD_AC_mod_armor_Muni_Lining_Limb_ResistanceRadiation			
006F4D97	Recipe_XPD_AC_mod_armor_Muni_Lining_LimbArm_BetterBlocking			
006F4D98	Recipe_XPD_AC_mod_armor_Muni_Lining_LimbArm_Brawler			
006F4D99	Recipe_XPD_AC_mod_armor_Muni_Lining_LimbArm_IgnoreArmor			
006F4D9A	Recipe_XPD_AC_mod_armor_Muni_Lining_LimbArm_ReducedPowerAttack			
006F4D9B	Recipe_XPD_AC_mod_armor_Muni_Lining_LimbArm_Stabilized			
006F4D9C	Recipe_XPD_AC_mod_armor_Muni_Lining_LimbLeg_ReducedFallingDamage			
006F4D9D	Recipe_XPD_AC_mod_armor_Muni_Lining_LimbLeg_ReducedSprint			
006F4D9E	Recipe_XPD_AC_mod_armor_Muni_Lining_LimbLeg_StealthMove			
006F4D9F	Recipe_XPD_AC_mod_armor_Muni_Lining_Torso_Explosion1			
006F4DA0	Recipe_XPD_AC_mod_armor_Muni_Lining_Torso_Explosion2			
006F4DA1	Recipe_XPD_AC_mod_armor_Muni_Lining_Torso_FlameResistance			
006F4DA2	Recipe_XPD_AC_mod_armor_Muni_Lining_Torso_ImprovedCarryCapacity1			
006F4DA3	Recipe_XPD_AC_mod_armor_Muni_Lining_Torso_ImprovedCarryCapacity2			
006F4DA4	Recipe_XPD_AC_mod_armor_Muni_Lining_Torso_LessStagger			
006F4DA5	Recipe_XPD_AC_mod_armor_Muni_Lining_Torso_Lighter1			
006F4DA6	Recipe_XPD_AC_mod_armor_Muni_Lining_Torso_Lighter2			
006F4DA7	Recipe_XPD_AC_mod_armor_Muni_Lining_Torso_Mesh_BioComm			
006F4DA8	Recipe_XPD_AC_mod_armor_Muni_Lining_Torso_Mesh_ResistanceRadiation			
006F4DA9	Recipe_XPD_AC_mod_armor_Muni_Torso_Jetpack			
006F4DAA	Recipe_XPD_AC_mod_armor_UnderArmor_Muni_Mk2			
006F4DAB	Recipe_XPD_AC_mod_armor_UnderArmor_Muni_Mk3			
006F4DAC	Recipe_XPD_AC_mod_armor_UnderArmor_Muni_Mk4			
006F4DAD	Recipe_XPD_AC_mod_armor_UnderArmor_Muni_Mk5			
006F4EB7	Recipe_XPD_AC_mod_armor_Muni_Lining_Limb_ReducedDetection			
006F5791	Storm_SleepingGiant_Camp	StormPioneerRangersSummerCampExt04	ExtCell	
006F5792	Storm_Scout_Diary_Camp01	StormPioneerRangersSummerCampExt05	ExtCell	
006F7A2C	Storm_MakeoutPoint_CommunistPropaganda	StormMakeoutPointExt	ExtCell	
006F7A2E	Storm_MakeoutPoint_FatherlyLove	StormMakeoutPointExt	ExtCell	
006F8E4A	Storm_TradingPost_JamesNote01	StormTradingPostExt	ExtCell	
006F8E4B	Storm_TradingPost_JewelsNote01	StormTradingPostExt	ExtCell	
006F9B9E	Storm_CultistTunnels_Note_AlexJournal01	Old Crimora Mines	NameParse	
006FA0B3	zzz_Storm_E_SecretM_N	Vault 63 Engineering Sector	NameParse	
006FA2E1	Storm_Toilet_Motel	StormRedRocketMotelExt06	ExtCell	
006FB2B2	Storm_NaturalGas_TerminalRepairNote	StormFederalNaturalGasWellNG17Ext02	ExtCell	
006FBA57	ZZZNPE_MQ01_Enjoy_Recipe_Workshop_DisrupterDevice			Enjoy Your Stay
006FBA80	ZZZ_NPE_MQ01_Enjoy_Recipe_Workshop_DisrupterDevice_Copy01			
006FC221	Storm_TradingPost_WesleyNote	StormTradingPostExt	ExtCell	
006FCFBA	AC_SQ05_Flyer	Whitespring Refuge	NameParse	
006FCFBB	AC_SQ05_BillyNoteToConcerta	The Neapolitan Casino	NameParse	
006FCFBC	AC_SQ05_PianoNote			Regent of the Dead
00713F93	Storm_TradingPost_JamesNote02			
00713F94	Storm_TradingPost_JewelsNote02			
00726DD5	AC_SQ05_QuentinoNote			
00726DD6	AC_SQ05_Code	The Neapolitan Casino	NameParse	
00726E5A	Storm_Atrium_SecurityIncidentWriteup	Atrium Upper Level	NameParse	
00726E6E	Storm_Atrium_LongDayAtWork	Atrium Upper Level	NameParse	
00726FA0	Storm_Garden_QuizNight	Atrium Upper Level	NameParse	
007272FD	Recipe_XPD_AC_Workshop_FloorDecor_SlotMachinePodiums			
00727316	DEL_Recipe_XPD_AC_Workshop_FloorDecor_SlotMachinePodiumss_Copy01			
00727C99	AC_MQ04_GoodbyeSon	The Rose Room	NameParse	
00727C9A	AC_MQ04_LastConfession	Flooded City Center	NameParse	
00727C9B	AC_MQ04_Losing	The Rose Room	NameParse	
00727C9C	AC_MQ04_EvelynLetter	The Rose Room	NameParse	
00727C9D	AC_MQ04_Review	The Rose Room	NameParse	
00727C9E	AC_MQ04_ToAntonio	The Rose Room	NameParse	
00727FFF	Recipe_XPD_AC_Workshop_QuentinosSign			
00728181	Recipe_Headwear_SkullRider_Rad			
00728182	Recipe_Headwear_Executioner2			
00728183	Recipe_workshop_FloorDecor_Skeleton_DrBones			
00728184	Recipe_Backpack_Standard_Material_Princess			
00728185	Recipe_mod_Chainsaw_Paint_GhostlyGrinder			
00728186	Recipe_mod_AssaultRifle_Paint_WraithsWrath			
00728187	zzzRecipe_Headwear_SkullRider_Flaming			
00728188	Recipe_Workshop_CeilingDecor_Honeycomb_Paper_Ghost1			
00728189	Recipe_Workshop_CeilingDecor_Honeycomb_Paper_Spider			
0072818A	zzzRecipe_Headwear_SkullRider			
0072818B	Recipe_Workshop_CeilingDecor_Honeycomb_Paper_Jackolantern2			
0072818C	Recipe_Workshop_CeilingDecor_Honeycomb_Paper_Ghost2			
0072818D	Recipe_Workshop_FloorDecor_GiantDinosaur_Red			
0072818E	Recipe_Workshop_CeilingDecor_Honeycomb_Paper_Jackolantern1			
0072818F	recipe_mod_PowerArmor_Material_Paint_Hellfire_Variant_Arms			
00728190	recipe_mod_PowerArmor_Material_Paint_Hellfire_Variant_Helmet			
00728191	recipe_mod_PowerArmor_Material_Paint_Hellfire_Variant_Torso			
00728192	recipe_mod_PowerArmor_Material_Paint_Hellfire_Variant_Legs			
007284E7	recipe_DLC01_mod_LightningGun_Barrel_Lobber			
007299FA	Storm_Test_EasyReadStressTest			
00729C0C	AC_MQ02_Stage_NotEnough	Showman's Pier	NameParse	
00729C0D	AC_MQ02_Stage_NoteToDimples	Showman's Pier	NameParse	
00729C0E	AC_MQ02_Stage_Imposter	Showman's Pier	NameParse	
0072A142	Storm_MQ09_TheNote	High Knob Fire Tower	NameParse	
0072B570	NPE_BoSNote	ForwardStationTangoExt	ExtCell	
0072BC1A	NPE_Recipe_Workshop_CAMPCertification			
0072BC30	zzz_NPE_NoteNathanRedSox			
0072D477	Recipe_XPD_AC_Workshop_FloorDecor_AtlanticCitySign			
0072D478	Recipe_XPD_AC_Workshop_FloorDecor_NightclubExtSign			
0072D479	Recipe_XPD_AC_Workshop_NeapolitanExtSign			
0072D47A	Recipe_XPD_AC_Workshop_Lights_MezzanineLights			
0072DB28	DEL_Recipe_Workshop_CeilingDecor_Honeycomb_Paper_WinterHolidayRewards			
0072DB29	DEL_Recipe_Workshop_FloorDecor_PlastiformNutcracker			
0072DB2A	DEL_Recipe_Workshop_FloorDecor_PlastiformGingerBread			
0072DB2B	DEL_Recipe_Workshop_Lights_PlastiformCandle			
0072DB2C	DEL_Recipe_Workshop_FloorDecor_PlastiformSanta			
0072DB2D	zzz_Recipe_Workshop_FloorDecor_StrawGoat			
0072DB2E	DEL_Recipe_Workshop_FloorDecor_PlastiformSantaSleigh			
0072DB2F	zzz_Recipe_Workshop_Lights_StarLight			
0072E1A8	Recipe_Workshop_FloorDecor_Fasnacht_BeerStein_VeggieMan			
0072E1A9	Recipe_Workshop_FloorDecor_HerdsmansBell_Basic			
0072E30E	NPE_NoteNathanRedSoxCORRECTED	FoundationForestOutpostExt02	ExtCell	
0072E36D	Recipe_Workshop_Lights_PlastiformCandle_Copy01			
0072E36E	Recipe_Workshop_Lights_StarLight			
0072E36F	Recipe_Workshop_Lights_PlastiformGingerBread			
0072E370	Recipe_Workshop_Lights_PlastiformNutcracker			
0072E371	zzz_Recipe_Workshop_FloorDecor_StrawGoat_OLD			
0072E372	Recipe_Workshop_Lights_PlastiformSanta			
0072E373	Recipe_Workshop_FloorDecor_Fasnacht_BeerStein_ScorchbeastQueen			
0072E374	Recipe_Workshop_Lights_PlastiformSantaSleigh			
0072E375	Recipe_Workshop_DisplayCase_HerdsmansBellRack_Basic			
0072E376	Recipe_Workshop_CeilingDecor_Honeycomb_Paper_HolidayTree_01			
0072EA9F	zzzMILE_Workshop_Recipe_RadPheasantTaxidermy			
0072EC2D	Recipe_Workshop_CeilingDecor_Honeycomb_Paper_HolidayTree_02			
0072EC2E	Recipe_Workshop_CeilingDecor_Honeycomb_Paper_RibbonBell			
0072EC2F	Recipe_Workshop_CeilingDecor_Honeycomb_Paper_Santa_01			
0072EC30	Recipe_Workshop_CeilingDecor_Honeycomb_Paper_Snowflake_01			
0072EC31	Recipe_Workshop_CeilingDecor_Honeycomb_Paper_Target			
0072EC32	Recipe_Workshop_CeilingDecor_Honeycomb_Paper_Snowman			
0072EE1F	Storm_MQ04_Optional3	Atrium Upper Level	NameParse	
0072EE20	Storm_MQ04_Optional1	Atrium Upper Level	NameParse	
0072EE21	Storm_MQ04_Optional5	Atrium Upper Level	NameParse	
0072EE22	Storm_MQ04_Optional4	Atrium Upper Level	NameParse	
0072EE23	Storm_MQ04_Optional2	Atrium Upper Level	NameParse	
0072EE24	Storm_MQ04_CassidyJournal	Atrium Upper Level	NameParse	
0072FA49	Storm_HighKnobFireTowerInterior_Painting	High Knob Fire Tower	NameParse	
00732740	XPD_AC03_Note_FloodedCityDunwichandNate	Flooded City Center	NameParse	
00732A8F	SCORE_Recipe_workshop_CAMP_Ally_GrandmaJunko_GoldVendor			
00732A90	SCORE_Recipe_workshop_CAMP_Utility_Collectron_Autominer_GoldVendor			
00732A91	SCORE_Recipe_workshop_CAMP_Utility_MilitaryCryofreezer_GoldVendor			
00732E5A	W05_Recipe_Armor_PowerArmor_STORM_Torso			
00732E5B	W05_Recipe_Armor_PowerArmor_STORM_LegLeft			
00732E5C	W05_Recipe_Armor_PowerArmor_STORM_ArmLeft			
00732E5D	W05_Recipe_Armor_PowerArmor_STORM_ArmRight			
00732E5E	W05_Recipe_Armor_PowerArmor_STORM_Helmet			
00732E5F	W05_Recipe_Armor_PowerArmor_STORM_LegRight			
00733850	zzz_Storm_VC_MN			
007345E4	AC_MQ03_HonorBound_WarehouseNote	Flooded City Center	NameParse	
0073989D	Recipe_XPD_AC_Headwear_Veracio			
0073989E	DEL_Recipe_XPD_AC_Headwear_Veracio_Copy01			
0073989F	Recipe_XPD_AC_Clothes_Veracio			
007398A0	Recipe_XPD_AC_Headwear_			
007398A1	Recipe_XPD_AC_Clothes_BatsuuriTwins			
00739AEC	NPE_POIRaider_KeithDeath1	CraterForestWatchstationExt	ExtCell	
00739AED	NPE_POIRaider_KeithDeath2	CraterForestWatchstationExt	ExtCell	
0073A9A6	XPD_AC01_Note_MissingFunds	The Neapolitan Casino	NameParse	
0073A9A7	XPD_AC01_Note_Haberdashery	The Neapolitan Casino	NameParse	
0073BE6D	Recipe_Workshop_GolfCarts_TreasureHunter			
0073BE79	AC_SQ01_HellsEagles_SurlysNote			Hells Eagles
0073BF8C	Recipe_mod_Handmade_Material_Paint_Corrupted			
0073C3B4	XPD_AC01_Note_AnOffer	The Neapolitan Casino	NameParse	
0073C3B5	XPD_AC01_Note_RyderJournalPage	The Neapolitan Casino	NameParse	
0073C3B6	XPD_AC01_Note_HeistNoteADistraction	The Neapolitan Casino	NameParse	
0073C3B7	XPD_AC01_Note_HeistNoteBloodCase	The Neapolitan Casino	NameParse	
0073C3B8	XPD_AC01_Note_HeistNoteDeanCarlsen	The Neapolitan Casino	NameParse	
0073C3B9	XPD_AC01_Note_DeanCarlsenAdvancePayment	The Neapolitan Casino	NameParse	
0073C3BA	XPD_AC01_Note_UnaccountedBlood	The Neapolitan Casino	NameParse	
0073C3BB	XPD_AC01_Note_Names	The Neapolitan Casino	NameParse	
0073C3BC	XPD_AC01_Note_FrontDeskNote	The Neapolitan Casino	NameParse	
0073C3BD	XPD_AC01_Note_HeistNoteConcerta	The Neapolitan Casino	NameParse	
0073C3BE	XPD_AC01_Note_HeistNoteKitRyder	The Neapolitan Casino	NameParse	
0073C3BF	XPDAC01_Note_ApprovedActs	The Neapolitan Casino	NameParse	
0073C3C0	XPDAC01_Note_PowerConsumptionReport	The Neapolitan Casino	NameParse	
0073DBE2	NPE_ToAddie_Note	LumberMillExt	ExtCell	
0073DBE3	NPE_QuartermastersReport_Note	LumberMillExt02	ExtCell	
0073DBE4	NPE_TheStrategy_Note	BlueRidgeEncampmentExt	ExtCell	
0073DBE5	NPE_ComradesInArms_Note	[BOOK 0073DBE5] in FoundationForestOutpostExt [CELL 00263E17] (in APPALACHIA	NameParse	
0073DBE6	NPE_YourMission_Note	ForwardStationTangoExt	ExtCell	
0073E2F1	Recipe_XPD_AC_Outfit_MotherCharlotte			
0073E3C7	NPE_OrganCave_Note_GeologistNote	Organ Cave	NameParse	
0073E787	Storm_LostChild_POI	[CELL:002623BC]	ExtCell	
0073E8BE	Storm_MQ06_CultistTunnelsPassword	Old Crimora Mines	NameParse	
0073E93D	SCORE_Recipe_workshop_CAMP_Ally_Adelaide_GoldVendor			
00743FCA	zzzStorm_Recipe_Vault_PowerArmour			
00744CCD	Storm_CultistTunnels_Note_Prisoner			
00744F51	AC_SQ03_Custodial_MethodActingMandate_Note	Showman's Pier	NameParse	Custodial Compulsions
00744F52	AC_SQ03_Custodial_BigDumbNuisance_Note	Showman's Pier	NameParse	Custodial Compulsions
00744F53	AC_SQ03_Custodial_CurtainCall_Note	Showman's Pier	NameParse	Custodial Compulsions
0074508E	Storm_Clothes_Workshop_Recipe_CultistMonarch			
0074508F	Storm_Headwear_Workshop_Recipe_CultistMonarch_Mask			
00745090	MILE_Clothes_Workshop_Recipe_DeathClaw			
007454ED	Storm_BlueRidgeCamp_FinalNote	StormBlueRidgeCampExt02	ExtCell	
007454EE	Storm_BlueRidgeCamp_Note3	StormBlueRidgeCampExt	ExtCell	
007454EF	Storm_BlueRidgeCamp_Note1	StormBlueRidgeCampExt	ExtCell	
007454F0	Storm_BlueRidgeCamp_Note2	StormBlueRidgeCampExt	ExtCell	
00745735	AC_MQ03_HonorBound_GetMeOuttaHere_Note	Flooded City Center	NameParse	
00745C69	Storm_CultistTunnels_Note_OldMiner			
00746233	Storm_SteelJackNote_01			
00746234	Storm_SteelJackNote_06			
00746235	Storm_SteelJackNote_02			
00746236	Storm_SteelJackNote_05			
00746237	Storm_SteelJackNote_03			
00746238	Storm_Bees_finalNote	[CELL:00262164]	ExtCell	
00746239	Storm_SteelJackNote_04			
007464E3	Storm_WoodstockTower_Orders	StormWoodStockTowerExt	ExtCell	
007464E4	Storm_WoodstockTower_Supermutant	StormWoodStockTowerExt02	ExtCell	
007468D3	Storm_Music_Motel	StormRedRocketMotelExt06	ExtCell	
00746FC2	zzz_MILE_Recipe_TurkeyFlair			
00748755	Storm_Recipe_Workshop_FloorDecor_MoetheMole_Plushie			
00748756	Storm_Clothes_Recipe_LostHeavyArmour			
00748757	Storm_Clothes_Recipe_LostMediumArmour			
00748758	Storm_Clothes_Recipe_LostLightArmour			
00748759	Storm_Clothes_Recipe_LostHeavyHelmet			
0074875A	Storm_Clothes_Recipe_LostMediumHelmet			
0074875B	Storm_Clothes_Recipe_LostLightHelmet			
0074875C	Storm_Clothes_Recipe_BurntLabCoat01			
0074875D	Storm_Clothes_Recipe_BurntLabCoat02			
0074875E	zzz_Storm_Clothes_Recipe_HeadMirror			
0074875F	Storm_Clothes_Recipe_BurntVaultSuit			
00748760	Storm_Recipe_Armor_Vault63HazmatSuit			
00748F49	XPD_AC02_Note_FeelAlive	The Boardwalk	NameParse	
00748F4A	XPD_AC02_Note_OneLastBet	The Boardwalk	NameParse	
00748F4B	XPD_AC02_Note_UltimateChallenge	Quick Test Cell	NameParse	
00748F4C	XPD_AC02_Note_LoneVulture	Aquarium of the Atlantic	NameParse	
00748F4D	XPD_AC02_Note_MouseAndBull	The Boardwalk	NameParse	
00749CD2	Storm_Recipe_Workshop_FloorDecor_Vault63Door			
00749CD3	Storm_Recipe_Workshop_FloorDecor_ShenandoahSign01			
0074E68F	Storm_Note_ManorGroundsCarPark	StormDarkwoodManorExt04	ExtCell	
0074E690	zzz_Storm_E1_MJ			
0074E691	Storm_E01_Harvester_Breakdown	StormSubThunderMtnTM03Ext	ExtCell	
0074E692	Storm_E01_Harvester_Concerns	StormSubThunderMtnTM03Ext	ExtCell	
0074E693	zzz_Storm_E1_MV1			
0074E694	zzz_Storm_E01_MV2			
0074F51F	XPD_AC_SQ05_Note_ToTony	The Neapolitan Casino	NameParse	
0074F520	XPD_AC_SQ05_Note_PhysiciansNote	The Neapolitan Casino	NameParse	
0074F521	AC_SQ05_Note_SupplyRequest	The Neapolitan Casino	NameParse	
0074F553	S16_Adelaide_Note01	The Neapolitan Casino	NameParse	
0074F997	Storm_RansomNote			
0074F999	Storm_Ransom	[CELL:00262939]	ExtCell	
007504DD	Storm_NaturalGas_AssassinNote	StormFederalNaturalGasWellNG17Ext02	ExtCell	
00750C9D	E07A_recipe_Workshop_Incense_MothmanCultist			
00751196	zzzStorm_Recipe_Workshop_FloorDecor_RoastTurkey01			
00752071	MILE_Recipe_Workshop_Lights_Wall_LightningPodLamp			
007521DC	S16_Adelaide_Note_Autograph			
007525E8	MILE_Recipe_PheasantFootFlair			
0075379D	Storm_GhostStory01_Camp	StormPioneerRangersSummerCampExt08	ExtCell	
0075379E	Storm_Notice01_Camp	StormPioneerRangersSummerCampExt08	ExtCell	
0075379F	Storm_Notice02_Camp	StormPioneerRangersSummerCampExt08	ExtCell	
007539D2	Storm_PrisonReport_Camp	StormPioneerRangersSummerCampExt08	ExtCell	
007539D3	Storm_Scout_Diary_Camp02	StormPioneerRangersSummerCampExt05	ExtCell	
007539F6	zzz_ATX_Recipe_Workshop_FloorDecor_Radpheasant_Plushie			
00754385	Storm_Recipe_CassidysFavoritePainting			
00754B27	Storm_SupplyOrder_VaultTechConvoy	[CELL:00261D6D]	ExtCell	
00754D16	Storm_Note_ManorGroundsSecurity	[CELL:00262543]	ExtCell	
00754D17	Storm_Note_ManorGroundsGardens	[CELL:002622EA]	ExtCell	
00754FBA	Storm_Recipe_Workshop_FloorDecor_RobotBossLegDisplay			
00754FBB	Storm_Recipe_Workshop_FloorDecor_RobotBossArmDisplay			
00754FD2	Recipe_Workshop_CeilingDecor_Honeycomb_Paper_GreenMothman			
0075592C	Storm_Recipe_Workshop_Chair_BossArmChair01			
00755951	Recipe_Workshop_CeilingDecor_Honeycomb_Paper_RedMothman			
00755952	Recipe_Workshop_CeilingDecor_Honeycomb_Paper_MothmanGlobe			
00755953	Recipe_Workshop_CeilingDecor_Honeycomb_Paper_BrownMothman			
00755954	Recipe_Workshop_CeilingDecor_Honeycomb_Paper_BlueMothman			
0075595B	E07A_Recipe_Plushie_FuzzyEnlightened			
0075595E	E07A_Recipe_Plushie_FuzzyMothman			
00755971	Recipe_Workshop_FloorDecor_AtlanticEmblem			
00755972	Recipe_Workshop_WallDecor_LongAquariumSigns			
00755973	Recipe_Workshop_WallDecor_SteelBust			
00755974	Recipe_Workshop_FloorDecor_FoundrySmelter			
00755EA9	Recipe_Workshop_FloorDecor_Mothman_EnlightenedLantern			
00755EAC	E07A_Mothman_Bugzapper_Mothman			
00755EAF	E07A_Recipe_Furniture_SacredMothmanTome			
0075761A	Recipe_mod_Chainsaw_Paint_Skeptikill			
007586A8	Storm_Recipe_Workshop_FloorDecor_RobotBossCockpit			
007586A9	Storm_Recipe_Workshop_FloorDecor_MiniBossFigure			
007589ED	Storm_TreasureHunt_Camp_End			
007589EE	zzzStorm_Recipe_Workshop_TotemPole			
007589EF	Storm_TreasureHunt_Camp_Start	StormPioneerRangersSummerCampExt05	ExtCell	
00759B42	Storm_Recipe_Pipboy_Burnt			
00759C56	ZZZ_Storm_Clothes_Recipe_RadTurkeyOutfit			
00759C57	ZZZStorm_Headwear_Recipe_RadTurkey_Mask			
0075C202	Storm_Recipe_Workshop_WallDecor_V63ZweihaenderBlueprint			
0075C203	Storm_Recipe_Workshop_WallDecor_WeatherMachineBlueprint			
0075C204	Storm_Recipe_Workshop_WallDecor_SecurityBatonBlueprint			
0075C8B8	AC_SQ01_HellsEagles_HotPursuit_Journal	Surly's Shack	NameParse	
0075C8B9	AC_SQ01_HellsEagles_LionsDen_Journal	Little Rob's Hideout	NameParse	
0075C8BA	AC_SQ01_HellsEagles_ToOscarNote			Hells Eagles
0075C8BB	AC_SQ01_HellsEagles_FinaleNote			
0075D34E	Recipe_Workshop_FloorDecor_HerdsmansBell_Basic_RECOVERED			
0075D5C3	Storm_WeddingProposal01	[CELL:0026336B]	ExtCell	
0075D5C4	Storm_WeddingProposal02	[CELL:0026336B]	ExtCell	
0075D5C5	Storm_WeddingProposal03	[CELL:0026336B]	ExtCell	
0075DE18	Storm_MQ04_HugoPt1_InstructionsForHitman			Between The Lines
0075DE19	Storm_MQ04_ArtLessons	Atrium Upper Level	NameParse	
0075DE1A	Storm_MQ04_ThankYouLetter	Atrium Upper Level	NameParse	
0075DE1B	Storm_MQ04_HugoPt1_LetterFromAlexToAudrey			Between The Lines
0075DE1C	Storm_MQ04_AnniversaryLetter	Atrium Upper Level	NameParse	
0075DE1D	Storm_MQ04_HugoPt1_BrailleNote			
0075DF89	AC_SQ05_ExtraHint	The Neapolitan Casino	NameParse	
0075E13A	Storm_Recipe_Workshop_LostInATube			
0075E5C2	Storm_V63Organics_DeadAnimal	Vault 63 Organics Sector	NameParse	
0075EAAA	Recipe_Workshop_FloorDecor_Plushie_Peppino_SlabofMeat_Ground			
0075EAAB	Recipe_Workshop_FloorDecor_Plushie_Peppino_SlabofMeat_Steak			
0075EBC5	Meat_Recipe_Workshop_Souvenirs_MegalonyxSkull			
0075EBC6	Meat_Recipe_Workshop_Displays_MegalonyxDisplayRack			
0075EBC7	Meat_Recipe_Workshop_Souvenirs_MegalonyxTorso			
0075EBC8	Meat_Recipe_Workshop_Souvenirs_MegalonyxLeftLeg			
0075EBC9	Meat_Recipe_Workshop_Souvenirs_MegalonyxRightLeg			
0075EBCA	Meat_Recipe_Workshop_Souvenirs_MegalonyxLeftArm			
0075EBCB	Meat_Recipe_Workshop_Souvenirs_MegalonyxRightArm			
0075EC2C	Meat_Recipe_Plushie_RottedGroundMeat			
0075F0C1	E07A_Recipe_Clothes_CultistNeophyte			
0075F0C2	E07A_Recipe_Headwear_CultistEventide			
0075F0C3	E07A_Recipe_Headwear_CultistNeophyte			
0075F0C4	E07A_Recipe_Clothes_CultistAdept			
0075F0C5	E07A_Recipe_Headwear_CultistIncarnateHelmet			
0075F0C6	E07A_Recipe_Headwear_CultistEnlightened			
0075F0C7	E07A_Recipe_Headwear_CultistAdept			
0075F0C8	E07A_Recipe_Clothes_CultistEventide			
0075F0C9	E07A_Recipe_Clothes_CultistEnlightened			
0075F0F5	E07A_Recipe_workshop_FloorDecor_MothVFX			
0075F743	E07A_Recipe_WallDecor_DriedFLowers			
0075F74D	Meat_Recipe_Plushie_GroundMeat			
0075F74E	Meat_Recipe_Plushie_Steak			
0075FB5F	Meat_Recipe_Plushie_RottedRib			
0075FBD6	Meat_Recipe_workshop_floordecor_FliesVFX			
0075FBD7	Recipe_Meat_Workshop_WallDecor_BrahminFlourBillboards			
0075FBD8	Meat_Recipe_Plushie_Rib			
0075FBD9	Meat_Recipe_Plushie_RottedSteak			
0075FBEB	Recipe_Meat_Backpack_Standard_Material_WastelandHunter			
0075FBEC	Meat_Recipe_Workshop_CAMP_Utility_WeenieWagon			
0075FC03	Recipe_Meat_NukaShank			
0075FC04	Recipe_Invaders_Workshop_Arcade_AlienWhackAMole			
0075FC05	Recipe_Invaders_Workshop_Lights_AlienHeadLamp			
0075FC06	Recipe_Invaders_Workshop_Tables_AlienTable			
0075FC07	Recipe_Invaders_Workshop_Lights_GlowingFlatwoodsMonsterLamp			
0075FC08	Recipe_Invaders_Workshop_WallDecor_AlienTargetPracticePoster			
0075FC09	Recipe_Invaders_Armor_HazmatSuitTeal			
0075FC0A	Recipe_Invaders_AlienBlaster_Refined			
0075FF93	SCORE_Recipe_workshop_CAMP_Utility_CompanyTeaMachine_GoldVendor			
0075FF94	SCORE_S15_Recipe_CircuitBreaker_StampVendor			
0075FF95	SCORE_Recipe_workshop_CAMP_Utility_WeatherMachine_ACBoardwalk_GoldVendor			
007605CC	Recipe_XPD_AC_Clothes_EvelynRussoOutfit			
007605CD	Recipe_XPD_AC_Clothes_MuniWorker_Drudge			
007605CE	Recipe_XPD_AC_Clothes_MuniWorker_Operator			
007605CF	Recipe_XPD_AC_Clothes_MuniWorker_Worker			
007605D0	Recipe_XPD_AC_Clothes_ZaydeOutfit			
007605D1	Recipe_XPD_AC_SQ03_Clothes_SaltwaterSam_Outfit			
007605D2	Recipe_XPD_AC_Workshop_Container_StashBox_SuspiciousTrunk			
0076113C	zzz_recipe_mod_Cremator_Receiver_TankNapalm			
007677B9	Storm_HiddenMoney_Motel	StormRedRocketMotelExt02	ExtCell	
00767AC7	MILE_Recipe_Backpack_Deathclaw			
00768EDB	Storm_WeatherNote_notToPlan	Vault 63 Meteorology Sector	NameParse	
00768EDC	ZZZ_Storm_WN_RB			
00768EDD	Storm_WeatherNote_DearAudrey			
00768EDE	Storm_WeatherNote_NearlyReady	Vault 63 Meteorology Sector	NameParse	
00768EDF	Storm_WeatherNote_Snacks	Vault 63 Meteorology Sector	NameParse	
00768F1E	zzz_Storm_RGSV			
00769611	Storm_RapidanGrounds_SecretaryVisit	StormCampRapidanExt03	ExtCell	
00769612	Storm_RapidanGrounds_NewYears	StormCampRapidanExt03	ExtCell	
00769613	Storm_RapidanGrounds_HalloweenSpooktacular	StormCampRapidanExt03	ExtCell	
00769739	AC_SQ05_Note_ToArbiter			Regent of the Dead
0076973A	AC_SQ05_Note_HappyCoincidence			Regent of the Dead
00769BB0	Storm_RapidanGrounds_StateVisitItinerary	StormCampRapidanExt03	ExtCell	
00769BB1	Storm_RapidanGrounds_StateVisitWelcome	StormCampRapidanExt03	ExtCell	
00769DF1	Recipe_XPD_AC_Headwear_Zayde			
0076A34A	zzzStorm_LM_BW			
0076A6A7	Recipe_Workshop_WallDecor_AquariumSigns			
0076A83B	Storm_Landmark_Birdwatcher	[CELL:00261983]	ExtCell	
0076AB30	Storm_Clothes_Workshop_Recipe_ShenandoahTShirtSlacks			
0076AC83	zzzStorm_Workshop_Recipe_Taxidermy_Opossum			
0076AC84	zzzStorm_Workshop_Recipe_Taxidermy_Fox			
0076AC85	zzzStorm_Workshop_Recipe_Taxidermy_RadRats			
0076AC86	ZZZ_Storm_Workshop_Recipe_Taxidermy_RadPheasant			
0076AC87	zzzStorm_Workshop_Recipe_Taxidermy_Owl			
0076AC88	zzzStorm_Workshop_Recipe_Taxidermy_RadBeaver			
0076AC89	zzzStorm_Workshop_Recipe_Taxidermy_Squirrel			
0076AC8A	zzzStorm_Workshop_Recipe_Taxidermy_RadBeaver_Standing			
0076B137	MILE_CaravanIntro_CargoManifest			
0076BCAD	XPD_AC03_AbandonedHomeNote	Flooded City Center	NameParse	
0076C9AC	Storm_WeatherLab_AudreyConcernsAboutOberlin_Note	Vault 63 Meteorology Sector	NameParse	
0076C9AE	Storm_MQ09_RaiderNote	StormHighKnobFireTowerExt02	ExtCell	
0076C9AF	Storm_MQ09_Leader_Journal	StormHighknobFireTowerExt03	ExtCell	
0076CD26	Recipe_Workshop_Lights_Fasnacht_BeeswaxCandle			
0076CD32	Recipe_Workshop_FloorDecor_HerdsmansBell_Fasnacht			
0076CF2D	Recipe_Workshop_FloorDecor_Fasnacht_Helvetian_FlowerDisplay			
0076D044	Recipe_Workshop_CAMP_Utility_Fasnacht_MotorizedButterChurn			
0076D091	XPD_AC_CityHall_Note_ANewWorld	City Hall	NameParse	
0076D9EF	Storm_CultistTunnels_Note_Sermon	Old Crimora Mines	NameParse	
0076DA7E	MN2_Workshop_Recipe_ScarecrowOutfit			
0076DA82	Storm_RadioactiveWasteDump_Loot	StormRadioactiveWasteDumpExt	ExtCell	
0076DAA2	Storm_MQ02_PersonalEffects02	StormMarysRockTunnelExt02	ExtCell	Gather Personal Effects from Craig's friends down Skyline Drive
0076DCA1	Storm_AFathersLament_Bus	StormCrashedScoutsBusExt02	ExtCell	
0076DCA2	Storm_OzymandiasVerse_Manor	StormDarkwoodManorExt14	ExtCell	
0076DCFF	Storm_V63Organics_MadRamblings01	Vault 63 Organics Sector	NameParse	
0076DD00	Storm_V63Organics_MadRamblings03	Vault 63 Organics Sector	NameParse	
0076DD01	Storm_V63Organics_MadRamblings02	Vault 63 Organics Sector	NameParse	
0076DD02	Storm_V63Organics_MadRamblings04	Vault 63 Organics Sector	NameParse	
0076DD03	Storm_FinalWords_Camp	StormPioneerRangersSummerCampExt08	ExtCell	
0076DD04	Storm_V63Organics_ConcernedVictor	Vault 63 Organics Sector	NameParse	
0076DD05	Storm_SupplyRun_Motel	StormRedRocketMotelExt03	ExtCell	
0076DE20	MILE_Workshop_Recipe_CryptidHunterOutfit			
0076E832	Storm_Recipe_Workshop_FloorDecor_TaxidermyRadTurkey			
0076E833	Storm_Recipe_Workshop_WallDecor_TaxidermyRadTurkeyHead			
0076E834	Storm_Recipe_Workshop_FloorDecor_ShenandoahMapTable			
0076E835	zzzStorm_Recipe_Workshop_FloorDecor_SpecimenJar			
0076E836	zzzStorm_Recipe_Workshop_FloorDecor_SlumberMillMotelSign			
0076E93D	E07A_Recipe_Headwear_BoneChillSkullMask			
0076EF99	E07A_Recipe_Headwear_CrudeSkullMask			
0076EF9A	E07A_Recipe_Headwear_HammeredSkullMask			
0076EF9F	E07A_Recipe_Workshop_Displays_MothsOfWestVirginiaCabinet			
0076F3E7	Recipe_Outfit_JitterbugJudy			
0076F41F	Recipe_Workshop_Lights_PlastiformVaultBoyElf			
0076F423	Recipe_Workshop_Lights_PlastiformSnowman			
0076F454	Recipe_PeppermintFlair			
0076F45B	Recipe_SnowmanHeadFlair			
0076F477	Recipe_Backpack_Standard_Material_AtomicSetLtdHandbag			
0076F78D	zzz_E07A_Recipe_Workshop_BoneWoodBeadCurtain			
0076F78E	zzz_E07A_Recipe_Workshop_PrismWoodBeadCurtain			
0076F78F	zzz_E07A_Recipe_Workshop_BlackWoodBeadCurtain			
0076F790	E07A_Recipe_Tinkers_Souvenir_Moths_VirginiaCreeper			
0076F791	E07A_Recipe_Tinkers_Souvenir_Moths_LunaMoth			
0076F792	E07A_Recipe_Tinkers_Souvenir_Moths_IoMoth			
0076F793	E07A_Recipe_Tinkers_Souvenir_Moths_AmericanDaggerMoth			
0076F794	E07A_Recipe_Tinkers_Souvenir_Moths_BeautifulWoodNymphMoth			
0076F795	E07A_Recipe_Tinkers_Souvenir_Moths_GiantLeopardMoth			
0076F967	E07A_Recipe_Workshop_Displays_MothsOfWestVirginiaBoard			
0076FF02	Recipe_Workshop_FloorDecor_GiantBrontosaurus_Red			
0076FFB1	Storm_MQ04_JohnnysNote	Atrium Upper Level	NameParse	
0076FFB2	Storm_MQ07_AlfiesJournal			Housekeeping for Hire
0076FFB9	Recipe_mod_Chainsaw_Paint_LaserChainsaw			
00770810	Storm_Clothes_Recipe_LostMediumHelmet_Burnt			
00770811	Storm_Clothes_Recipe_LostMediumArmour_Burnt			
00770812	Storm_Clothes_Recipe_LostHeavyHelmet_Burnt			
00770813	Storm_Recipe_Workshop_FloorDecor_WildLifeSign08			
00770814	Storm_Recipe_Workshop_FloorDecor_WildLifeSign02			
00770815	Storm_Clothes_Recipe_LostLightArmour_Burnt			
00770816	Storm_Recipe_Workshop_FloorDecor_WildLifeSign07			
00770817	Storm_Clothes_Recipe_LostLightHelmet_Burnt			
00770818	Storm_Clothes_Recipe_LostHeavyArmour_Burnt			
00770819	Storm_Recipe_Workshop_FloorDecor_WildLifeSign06			
0077081A	Storm_Recipe_Workshop_FloorDecor_WildLifeSign05			
0077081B	Storm_Recipe_Workshop_FloorDecor_WildLifeSign01			
0077081C	Storm_Recipe_Workshop_FloorDecor_WildLifeSign03			
0077081D	Storm_Recipe_Workshop_FloorDecor_WildLifeSign04			
0077082D	Storm_Recipe_Workshop_FloorDecor_MoetheMole_CutOut			
0077082F	Storm_Recipe_Workshop_FloorDecor_SteelJackStatue			
00770831	Storm_Recipe_Workshop_WallDecor_Poster_Turkey			
00770833	Storm_Recipe_Workshop_FloorDecor_LightningHarvester			
0077152B	Storm_MQ05_CultistsSermonNotes	Shenandoah Visitor Center	NameParse	
0077191B	Storm_Recipe_Workshop_MiniPrewarTotemPole			
00771F5A	MN2_Workshop_Recipe_JackInTheBox_Backpack			
007720B4	Storm_Recipe_Workshop_FloorDecor_LostHandJar			
007720C2	MILE_Workshop_Recipe_BritishRedcoatArmyHat			
007720C3	MILE_Workshop_Recipe_BritishRedcoatArmyOutfit			
00772996	Storm_Recipe_Workshop_WallDecor_Poster_MoeMole02			
00772997	Storm_Recipe_Workshop_WallDecor_Poster_MoeMole03			
00772998	zzzStorm_Recipe_Workshop_FloorDecor_TurkeyEgg			
00772999	zzzStorm_Recipe_Workshop_FloorDecor_SteelJackStatue_Ghoul			
0077299A	Storm_Recipe_Workshop_WallDecor_Poster_MoeMole01			
0077299B	ZZZ_Storm_Recipe_PipeQuiver_Backpack			
0077299C	Storm_Recipe_Workshop_FloorDecor_ShenandoahSign03			
007734F1	MILE_Workshop_Recipe_GulperHat			
007734F2	MILE_Workshop_Recipe_GulperOutfit			
007734F3	MILE_Workshop_Recipe_CryptidThrone			
00773809	MILE_Workshop_Recipe_LederhosenOutfit			
00773A2F	MN2_Workshop_Recipe_BatPlushie_Backpack			
00773A30	MN2_Workshop_Recipe_SeveredArmWeaponRack			
00773A31	MILE_Workshop_Recipe_GulperPlushie			
0077D84E	MILE_Workshop_Recipe_NorenCurtains			
0077E726	Storm_MQ09_OberlinsReport			Double-Crossed Wires
0077E740	MILE_Workshop_Recipe_PersianRug_Floor01			
0077E741	MILE_Workshop_Recipe_PersianRug_Wall01			
0077E742	MILE_Workshop_Recipe_PersianRug_Rolled01			
0077E756	MN2_Workshop_Recipe_PumpkinThrone			
0077E96A	MN2_Workshop_Recipe_CauldronHotTub			
0077ED50	MN2_Workshop_Recipe_ScarecrowOutfit_Headpiece			
0077ED9B	zzzMILE_Workshop_Recipe_CryptidHunterOutfit_Headpiece			
0077F050	Storm_Manor_GuardsNote	Dark Hollow Manor	NameParse	
007800AE	MN2_Workshop_Recipe_PlushieScorpion_Backpack			
007802E0	Recipe_Workshop_FloorDecor_HerdsmansBell_Lincoln			
0078211E	ZZZ_Storm_Clothes_Workshop_Recipe_RadTurkey			
00782CF6	zzzMN2_Workshop_Recipe_Jack-o-LanternBackpack			
0078315E	MN2_Workshop_Recipe_Jack-o-Lantern_Flair			
007832A0	MN2_Workshop_Recipe_GargoyleStatue			
00783BB6	MN2_Workshop_Recipe_SkeletonArmSconce			
00783BB7	MN2_Workshop_Recipe_BatPlushie			
00784919	MN2_Workshop_Recipe_CrookedMetalRailings			
00785028	zzzMILE_Recipe_PheasantCoop			
00785056	MILE_Recipe_Workshop_FloorDecor_Snowglobe_Shenandoah			
00785057	MILE_Recipe_Workshop_FloorDecor_Snowglobe_SlumberMill			
00785058	zzz_Storm_Recipe_MoeTheMole			
00785059	MILE_Recipe_Workshop_FloorDecor_Snowglobe_Darkwood			
0078505A	MILE_Recipe_Workshop_FloorDecor_Snowglobe_NaturalGas			
0078505B	MILE_Recipe_Workshop_FloorDecor_Snowglobe_HighKnob			
0078505C	MILE_Recipe_Workshop_FloorDecor_Snowglobe_SummerCamp			
0078505D	zzz_Storm_Recipe_Pheasant_Flair			
007858E5	MILE_Workshop_Recipe_LederhosenOutfit_Headpiece			
00786648	MILE_Workshop_Recipe_WineRack			
00786C90	Storm_MQ06_BlairsNote	Old Crimora Mines	NameParse	
00786DF2	Fasnacht_Mask_Donation_Basket_Note	HelvetiaExt06	ExtCell	
00787A91	Storm_CultistTunnels_Note_AlexJournal02	Old Crimora Mines	NameParse	
00787A92	Storm_CultistTunnels_Note_AlexJournal03	Old Crimora Mines	NameParse	
0078C6A5	MILE_Workshop_Recipe_RangerStashBox			
0078C72D	MN2_Workshop_Recipe_CultistLamp			
0078C78C	MILE_Workshop_Recipie_Saxophone			
0078DCC6	Storm_Moe_RandomEncounter_Note02			
0078DCC7	Storm_Moe_RandomEncounter_Note01			
0078DCC8	Storm_Moe_RandomEncounter_Note03			
0078EC07	MN2_Note_GumleysHalloweenOrders	StormCampRapidanExt03	ExtCell	
0078EC08	MN2_Note_JES-2RsMischiefPrintout	StormPOISteelJack02Ext	ExtCell	
007902FD	Storm_HugoNote	Atrium Upper Level	NameParse	
00790FCC	SCORE_S16_Recipe_Cremator_Chemical_StampVendor			
00790FCD	SCORE_S16_Recipe_Cremator_DoubleMultiShot_StampVendor			
00790FCE	SCORE_Recipe_workshop_CAMP_Utility_WaterBoiler_GoldVendor			
00790FCF	SCORE_S16_Recipe_Cremator_StampVendor			
00790FD0	SCORE_S16_Recipe_Cremator_Napalmer_StampVendor			
00790FD1	SCORE_S16_Recipe_Cremator_Slowburner_StampVendor			
00790FD2	SCORE_S16_Recipe_Cremator_Heavy_StampVendor			
00790FD3	ATX_Recipe_mod_BackPack_Effect_ScrapRat_GoldVendor			
00791C29	RD01_Workshop_Recipe_FloorDecor_RaidTrophy_EnclaveEpsilonSquad			
00791C2A	RD01_Workshop_Recipe_FloorDecor_RaidTrophy_EN06Guardian			
00791C2B	RD01_Workshop_Recipe_FloorDecor_RaidTrophy_UltrageneticStalker			
00791C2C	RD01_Workshop_Recipe_FloorDecor_RaidTrophy_UltraciteTerror			
00791C2D	RD01_Workshop_Recipe_FloorDecor_RaidTrophy_TunnelBoringDrill			
00792EAD	RD01_Recipe_Weapon_Melee_UltraciteTerrorSword			
00793014	RD01_Recipe_Weapon_Ranged_BoilingPoint			
00793438	RD01_Recipe_Weapon_Ranged_Valkyrie			
00793502	RD01_Recipe_Weapon_Ranged_ResolveBreaker			
00793515	RD01_Recipe_Weapon_Ranged_StrikeBreaker			
00793811	RD01_Recipe_Weapon_Ranged_LicketySplit			
00793859	RD01_Recipe_Weapon_Melee_Cauterizer			
00793861	SCORE_Recipe_workshop_CAMP_Utility_Collectron_Scoutmaster_GoldVendor			
00793A43	RD01_Recipe_Weapon_Melee_DrillFist			
00793A6F	RD01_Recipe_Armor_EnclaveUnderArmorUniform_SecretOperative			
00793A71	Invaders_Recipe_Workshop_FloorDecor_FuturisticGlobe			
00793C50	Invaders_Recipe_workshop_Furniture_Couch_AlienCouch			
00793E36	RD01_Workshop_Recipe_PowerGenerator_Ultracite			
00793E6A	RD01_Recipe_Armor_PowerArmor_EnclaveVulcan_ArmLeft			
00793E6B	RD01_Recipe_Armor_PowerArmor_EnclaveVulcan_ArmRight			
00793E6C	RD01_Recipe_Armor_PowerArmor_EnclaveVulcan_Helmet			
00793E6D	RD01_Recipe_Armor_PowerArmor_EnclaveVulcan_LegLeft			
00793E6E	RD01_Recipe_Armor_PowerArmor_EnclaveVulcan_LegRight			
00793E6F	RD01_Recipe_Armor_PowerArmor_EnclaveVulcan_Torso			
00793E70	RD01_Recipe_Mod_PowerArmor_EnclaveVulcan_Arm_Misc_Bleed			
00793E71	RD01_Recipe_Mod_PowerArmor_EnclaveVulcan_Arm_Misc_Optimized			
00793E72	RD01_Recipe_Mod_PowerArmor_EnclaveVulcan_Arm_Misc_ShockDmg			
00793E73	RD01_Recipe_Mod_PowerArmor_EnclaveVulcan_Arm_Misc_StabilizedBracers			
00793E74	RD01_Recipe_Mod_PowerArmor_EnclaveVulcan_Arm_Misc_UltraciteBracers			
00793E75	RD01_Recipe_Mod_PowerArmor_EnclaveVulcan_Arm_Misc_Unarmed			
00793E76	DEL_RD01_Recipe_Mod_PowerArmor_EnclaveVulcan_Helmet_Headlamp			
00793E77	RD01_Recipe_Mod_PowerArmor_EnclaveVulcan_Helmet_Headlamp_Blue			
00793E78	RD01_Recipe_Mod_PowerArmor_EnclaveVulcan_Helmet_Headlamp_Bright			
00793E79	DEL_RD01_Recipe_Mod_PowerArmor_EnclaveVulcan_Helmet_Headlamp_Laser			
00793E7A	RD01_Recipe_Mod_PowerArmor_EnclaveVulcan_Helmet_Headlamp_Purple			
00793E7B	RD01_Recipe_Mod_PowerArmor_EnclaveVulcan_Helmet_Headlamp_RedTactical			
00793E7C	RD01_Recipe_Mod_PowerArmor_EnclaveVulcan_Helmet_Headlamp_VaultBoy			
00793E7D	RD01_Recipe_Mod_PowerArmor_EnclaveVulcan_Helmet_Misc_DetectLife			
00793E7E	RD01_Recipe_Mod_PowerArmor_EnclaveVulcan_Helmet_Misc_Int			
00793E7F	RD01_Recipe_Mod_PowerArmor_EnclaveVulcan_Helmet_Misc_Recon			
00793E80	RD01_Recipe_Mod_PowerArmor_EnclaveVulcan_Helmet_Misc_Sensor			
00793E81	RD01_Recipe_Mod_PowerArmor_EnclaveVulcan_Helmet_Misc_VATSChance			
00793E82	RD01_Recipe_Mod_PowerArmor_EnclaveVulcan_Leg_Misc_APRegen			
00793E83	RD01_Recipe_Mod_PowerArmor_EnclaveVulcan_Leg_Misc_Carry			
00793E84	RD01_Recipe_Mod_PowerArmor_EnclaveVulcan_Leg_Misc_ElasticServos			
00793E85	RD01_Recipe_Mod_PowerArmor_EnclaveVulcan_Leg_Misc_ExplVent			
00793E86	RD01_Recipe_Mod_PowerArmor_EnclaveVulcan_Leg_Misc_OptimizedServos			
00793E87	RD01_Recipe_Mod_PowerArmor_EnclaveVulcan_Leg_Misc_SprintBoost			
00793E88	RD01_Recipe_Mod_PowerArmor_EnclaveVulcan_Torso_Misc_BatRegen			
00793E89	RD01_Recipe_Mod_PowerArmor_EnclaveVulcan_Torso_Misc_Cleanser			
00793E8A	RD01_Recipe_Mod_PowerArmor_EnclaveVulcan_Torso_Misc_Emergency			
00793E8B	RD01_Recipe_Mod_PowerArmor_EnclaveVulcan_Torso_Misc_JetPack			
00793E8C	RD01_Recipe_Mod_PowerArmor_EnclaveVulcan_Torso_Misc_Kinetic			
00793E8D	RD01_Recipe_Mod_PowerArmor_EnclaveVulcan_Torso_Misc_MedicPump			
00793E8E	RD01_Recipe_Mod_PowerArmor_EnclaveVulcan_Torso_Misc_Reactive			
00793E8F	RD01_Recipe_Mod_PowerArmor_EnclaveVulcan_Torso_Misc_Reflection			
00793E90	RD01_Recipe_Mod_PowerArmor_EnclaveVulcan_Torso_Misc_StealthBoy			
00793E91	RD01_Recipe_Mod_PowerArmor_EnclaveVulcan_Torso_Misc_Str			
00793E92	RD01_Recipe_Mod_PowerArmor_EnclaveVulcan_Torso_Misc_Tesla			
007952D5	ZZZ_SCORE_Recipe_workshop_CAMP_Utility_Collectron_Scoutmaster_GoldVendor_Copy01			
007956DE	Invaders_Recipe_FloorDecor_NukaTwistRocket			
007956DF	Invaders_Recipe_FloorDecor_NukaColaRocket			
007956E0	Invaders_Recipe_FloorDecor_NukaDarkRocket			
007956E1	Invaders_Recipe_FloorDecor_NukaGrapeRocket			
007956E2	Invaders_Recipe_FloorDecor_NukaQuantumRocket			
007956E3	Invaders_Recipe_FloorDecor_NukaCherryRocket			
0079648D	Invaders_Recipe_Armor_HazmatSuit_Pink			
00796709	MILE_Recipe_Workshop_FloorDecor_Snowglobe_Axel			[Tier 1 Dialogue for Caravan Decorator and companion robot]
0079670A	MILE_Recipe_Workshop_FloorDecor_Snowglobe_Ineke			
0079670B	MILE_Recipe_Workshop_FloorDecor_Snowglobe_Josie			
0079670C	MILE_Recipe_Workshop_FloorDecor_Snowglobe_Marley			
0079670D	MILE_Recipe_Workshop_FloorDecor_Snowglobe_Theodore			
0079670E	MILE_Recipe_Workshop_FloorDecor_Snowglobe_Windy			
0079671B	MN2_Workshop_Recipe_ScorpionPlushie			
00796785	Recipe_Workshop_RustedT60JackOLite			
00796786	Recipe_Workshop_T60JackOLite			
00796787	Recipe_Workshop_RustedFlatwoodsJackOLite			
00796788	Recipe_Workshop_FlatwoodsJackOLite			
00796789	Recipe_Workshop_RustedGhoulJackOLite			
0079678A	Recipe_Workshop_GhoulJackOLite			
0079678B	Recipe_Workshop_RustedMothmanJackOLite			
0079678C	Recipe_Workshop_MothmanJackOLite			
0079678D	Recipe_Workshop_RustedSheepsquatchJackOLite			
0079678E	Recipe_Workshop_SheepsquatchJackOLite			
00797B74	zzzMILE_Recipe_Workshop_Displays_SnowglobeStand_Storm			
00797CE5	zzzRecipe_Weapon_Ranged_Meltdown_AlignedBarrel			
00797CE6	zzzRecipe_Weapon_Ranged_Meltdown_TrueBarrel			
00797CE7	zzzRecipe_Weapon_Ranged_Meltdown_StabilisedBarrel			
00797CE8	zzzRecipe_Weapon_Ranged_Meltdown_PreciseGrip			
00797CE9	Recipe_Weapon_Ranged_Meltdown_StabilisedGrip			
00797CEA	zzzRecipe_Weapon_Ranged_Meltdown_AlignedGrip			
00797CEB	Recipe_Weapon_Ranged_Meltdown_ForcefulGrip			
00797CEC	Recipe_Weapon_Ranged_Meltdown_BruisingGrip			
00797CED	Recipe_Weapon_Ranged_Meltdown_StandardGrip			
00797CEE	Recipe_Weapon_Ranged_Meltdown_Extended			
00797CEF	zzzRecipe_Weapon_Ranged_Meltdown_SevereBeta			
00797CF0	zzzRecipe_Weapon_Ranged_Meltdown_TunedBeta			
00797CF1	Recipe_Weapon_Ranged_Meltdown_Quick-Eject			
00797CF2	zzzRecipe_Weapon_Ranged_Meltdown_CalibratedCapacitor			
00797CF3	zzzRecipe_Weapon_Ranged_Meltdown_ViciousCapacitor			
00797CF4	zzzRecipe_Weapon_Ranged_Meltdown_SnappyCapacitor			
00797CF5	zzzRecipe_Weapon_Ranged_Meltdown_SpeedyCapacitor			
00797CF6	zzzRecipe_Weapon_Ranged_Meltdown_TrueCapacitor			
00797CF7	zzzRecipe_Weapon_Ranged_Meltdown_ReflexSight			
007991CE	MILE_Workshop_Recipe_NorenAwning			
007992E5	Recipe_Weapon_Ranged_Meltdown_BaseCapacitor			
007992E6	zzzRecipe_Weapon_Ranged_Meltdown_StandardBarrel			
007992E7	zzzRecipe_Weapon_Ranged_Meltdown_StandardSight_Glow			
007992E8	Recipe_Weapon_Ranged_Meltdown_OverclockedCapacitor			
007992E9	Recipe_Weapon_Ranged_Meltdown_InsulatedCapacitor			
007992EA	Recipe_Weapon_Ranged_Meltdown_CyclicCapacitor			
0079A509	RD01_Recipe_Mod_Armor_Combat_Material_Paint_EnclaveEpsilonSquad			
0079A50A	RD01_Recipe_Mod_Armor_Scout_Material_Paint_EnclaveEpsilonSquad			
0079AF0A	SSE_Extortion	SSE03	ExtCell	
0079AF0B	SSE_TrainingPlan	SSE04	ExtCell	
0079AF0C	SSE_BillofSale	SSE04	ExtCell	
0079AF0D	SSE_Resignation	Quick Test Cell	NameParse	
0079B1FB	Recipe_Workshop_Lights_PlastiformCandyCaneBlue			
0079B1FC	Recipe_Workshop_Lights_PlastiformCandyCaneRed			
0079B1FD	Recipe_Workshop_Lights_PlastiformCandyCaneYellow			
0079B207	Recipe_Workshop_Lights_PlastiformOrnamentBlue			
0079B208	Recipe_Workshop_Lights_PlastiformOrnamentRed			
0079B209	Recipe_Workshop_Lights_PlastiformOrnamentGreen			
0079B214	Recipe_Workshop_Lights_PlastiformStarYellow			
0079B215	Recipe_Workshop_Lights_PlastiformStarRed			
0079B216	Recipe_Workshop_Lights_PlastiformStarBlue			
0079B4EF	zzz_Recipe_Weapon_Ranged_Meltdown_ReflexSight			
0079B5D9	MN2_Workshop_Recipe_GargoyleStatueLarge			
0079BAE3	MILE_Note_Contract	Milepost Zero	NameParse	
0079BAE4	MILE_Note_Theo	Milepost Zero	NameParse	
0079BAE5	MILE_Note_Axel	Milepost Zero	NameParse	
0079C607	MILE_Note_Windy_Ineke_Hanbok	Milepost Zero	NameParse	
007A10FE	Recipe_Weapon_Ranged_Meltdown_NoGrip			
007A2BA1	RD01_NewManagement_Note	Gleaming Depths	NameParse	
007A2BA2	RD01_RavenLLC_Note	Gleaming Depths	NameParse	
007A2BA3	RD01_ShootOnSight_Note	Quick Test Cell	NameParse	
007A2BA4	RD01_FinalPreparations_Note	Gleaming Depths	NameParse	
007A2C44	RD01_SecurityMissive_Note	Gleaming Depths	NameParse	
007A2C45	RD01_Butch_Note	Gleaming Depths	NameParse	
007A2C46	RD01_GleamingDepths_Note	Gleaming Depths	NameParse	
007A7419	DEL_RD01_Workshop_Recipe_FloorDecor_EnclaveEpsilonSquadTank			
007A8089	GHL00_Note_EugeniesResponse	Radiant Hills	NameParse	
007A808A	GHL00_Note_LetterToJaye	Radiant Hills	NameParse	
007A808B	GHL00_Note_LeamonsDiary	Radiant Hills	NameParse	
007A808C	GHL00_Note_AshersTrainingNotes	[CELL:00260639]	ExtCell	
007A808D	GHL00_Note_ElmirasDream	GHLCampExt02	ExtCell	
007A8349	zzz_Fishing_Workshop_Recipe_MirelurkPlushie			
007A8350	zzz_Fishing_Workshop_Recipe_CrabBoatPlushie			
007A8357	zzz_Fishing_Workshop_Recipe_AnglerPlushie			
007A8775	SCORE_Recipe_workshop_CAMP_Utility_PemmicanCollector_GoldVendor			
007A8859	SCORE_S17_Recipe_HeadhunterScythe_StampVendor			
007A8A66	Fishing_StarCrossedLovers_FishRest	[CELL:00260030]	ExtCell	
007A8A67	Fishing_SleepingWithThefishes_FishRest	[CELL:0025FF65]	ExtCell	
007A96D8	PlayerTitle_Recipe_Prefix_Spooky			
007A96D9	PlayerTitle_Recipe_Suffix_Gardener			
007AA885	GHL00_Note_AshersTrainingNotes_Copy01			
007AA886	GHL00_Note_POIKill	[CELL:0026063C]	ExtCell	
007AC031	CUT_Recipe_Workshop_FloorDecor_FasnachtCommemorativeStein			
007AC036	Recipe_Workshop_WallDecor_FlowerBoxAshRose			
007AC039	Recipe_Workshop_WallDecor_FlowerBoxAster			
007AC0D3	Recipe_Workshop_WallDecor_FlowerBoxMutatedFern			
007AC0D6	CUT_Recipe_Workshop_FloorDecor_HerdsmansBell_Bigfoot			
007AC0D9	Recipe_Workshop_WallDecor_FlowerBoxRhododendron			
007AC0DF	Recipe_Workshop_WallDecor_FlowerBoxSootFlower			
007AC0E2	Recipe_Workshop_WallDecor_FloweringBoxMutatedFern			
007AC0E5	Recipe_Workshop_WallDecor_FloweringBoxSootFlower			
007AC0E8	Recipe_Workshop_WallDecor_FloweringBoxAshRose			
007AC0EB	Recipe_Workshop_WallDecor_FloweringBoxAster			
007AC0EE	Recipe_Workshop_WallDecor_FloweringBoxRhododendron			
007ACC9C	GHL00_Note_Treasure	GHLTheHoleExt01	ExtCell	
007ACDAF	GHL00_NotePoint_ReposeLastDay	GHLPointReposeExt	ExtCell	
007ACE93	SSE_Recipe_Headwear_FlowerCrown_CarnalWeeper			
007ACE94	SSE_Recipe_Headwear_FlowerCrown_Radlily			
007ACE95	SSE_Recipe_Headwear_FlowerCrown_Crystalcup			
007ACE96	SSE_Recipe_Headwear_FlowerCrown_Embergold			
007ACE97	SSE_Recipe_Headwear_FlowerCrown_Starlace			
007ACE98	SSE_Recipe_Headwear_FlowerCrown_GreenInvader			
007ACE99	SSE_Recipe_Headwear_FlowerCrown_Glorybell			
007ACE9A	SSE_Recipe_Headwear_FlowerCrown_Seesprout			
007ACE9B	SSE_Recipe_Headwear_FlowerCrown_Candykill			
007ACE9C	SSE_Recipe_Headwear_FlowerCrown_Gigablossom			
007ACE9D	SSE_Recipe_Headwear_WastelandFloristSunhat			
007ACEEC	GHL00_NotePointRepose_Welcome	GHLPointReposeExt	ExtCell	
007ACEED	GHL00_NotePointRepose_DoorRules	GHLPointReposeExt	ExtCell	
007AD0A1	GHL00_NotePointRepose_LettertoBarb	GHLPointReposeExt02	ExtCell	
007AD0B3	SSE_Recipe_Workshop_HoneyBeastTube			
007AD254	SSE_Recipe_Tinkers_HybridFlowers_01			
007AD454	SSE_Recipe_Workshop_Display_MediumGlazedPot			
007AD455	SSE_Recipe_Workshop_Display_SmallGlazedPot			
007AD456	SSE_Recipe_Clothes_FlowerPrintedSundress			
007AD457	SSE_Recipe_Workshop_Display_HoneyBeastVase			
007AD458	SSE_Recipe_Workshop_Display_LargeGlazedPot			
007AD459	SSE_Recipe_Clothes_PantSuit_FlowerSuit			
007AD4B2	SSE_Recipe_Clothes_WastelandFloristApron			
007AE100	ZZZ_Fishing_Workshop_Recipe_CreatureInAJar_Octopus			
007AE101	Fishing_Workshop_Recipe_DrownedCoffeeTable			
007AE102	ZZZ_Fishing_Workshop_Recipe_StashBox_Seaweed			
007AE26A	SSE_Recipe_Workshop_PotCrystalCup			
007AE26B	SSE_Recipe_Workshop_PotCarnalWeeper			
007AE26C	SSE_Recipe_Workshop_PotRadlily			
007AE385	Fishing_BoatNotice_FishRest	FishermansRestExt05	ExtCell	
007AE573	RD01_Recipe_Mod_Melee_DrillFist_UltraciteBits			
007AE9FC	GHL_Cabin_2Cannibal	GHLCabinExt02	ExtCell	
007AE9FD	GHL_Cabin_1OriginalOwners	GHLCabinExt02	ExtCell	
007AE9FE	GHL_Cabin_3Cannibal	GHLCabinExt01	ExtCell	
007AEC6A	GHL00_NotePointRepose_JustinUsedtheDoor	GHLPointReposeExt	ExtCell	
007AECDD	GHL00_NotePointRepose_WeAreHere	GHLPointReposeExt	ExtCell	
007AED81	Fishing_Recipe_Food_FishandTatos			
007B235A	Fishing_Recipe_Workshop_Tables_DrownedFancyDesk			
007B23BB	Recipe_Weapon_Ranged_GatlingPlasma_Mag_Ammo			
007B23BC	Recipe_Weapon_Ranged_GatlingPlasma_Mag_ArmorPen			
007B23BD	Recipe_Weapon_Ranged_GatlingPlasma_Mag_ReloadSpeed			
007B23BE	Recipe_Weapon_Ranged_GatlingPlasma_Muzzle_Fast			
007B23BF	Recipe_Weapon_Ranged_GatlingPlasma_Receiver_Burning			
007B23C0	Recipe_Weapon_Ranged_GatlingPlasma_Receiver_CritDMG			
007B2443	PlayerTitle_Recipe_Prefix_Festive			
007B2444	PlayerTitle_Recipe_Suffix_CattleRustler			
007B2445	PlayerTitle_Recipe_Prefix_Mutated			
007B2446	PlayerTitle_Recipe_Suffix_Goblin			
007B2447	PlayerTitle_Recipe_Prefix_Glowing			
007B2448	PlayerTitle_Recipe_Suffix_Rumbler			
007B2449	PlayerTitle_Recipe_Suffix_Researcher			
007B244A	PlayerTitle_Recipe_Suffix_Zookeeper			
007B244B	PlayerTitle_Recipe_Suffix_Carnivore			
007B244C	PlayerTitle_Recipe_Suffix_Surveyor			
007B244D	PlayerTitle_Recipe_Suffix_Landlord			
007B244E	PlayerTitle_Recipe_Suffix_HappyCamper			
007B244F	PlayerTitle_Recipe_Prefix_Masked			
007B2450	PlayerTitle_Recipe_Suffix_Cultist			
007B2451	PlayerTitle_Recipe_Suffix_Invader			
007B2517	Fishing_Workshop_Recipe_ChumTrough			
007B26BC	SSE_Recipe_Cooking_SusanSoothin			
007B2737	SSE_Recipe_Cooking_GammaGreenTea			
007B2B9B	Fishing_Recipe_Food_GrilledFish			
007B314D	Recipe_Weapon_Ranged_Meltdown			
007B3F10	SCORE_S19_Recipe_Teslacannon_AlternateCurrentMuzzle_StampVendor			
007B3F11	SCORE_S19_Recipe_Teslacannon_DirectCurrentMuzzle_StampVendor			
007B3F12	SCORE_S19_Recipe_Teslacannon_Barrel_StampVendor			
007B3F13	SCORE_S19_Recipe_Teslacannon_Magazine_StampVendor			
007B3F14	SCORE_S19_Recipe_Teslacannon_Receiver_StampVendor			
007B3F15	SCORE_S19_Recipe_Teslacannon_StampVendor			
007B3F16	SCORE_S19_Recipe_Teslacannon_Sights_StampVendor			
007B3F3F	zzz_SCORE_S19_Recipe_Teslacannon_AlternateCurrentMuzzle_StampVendor_Copy01			
007B3F40	zzz_SCORE_S19_Recipe_Teslacannon_Barrel_StampVendor_Copy01			
007B3F41	zzz_SCORE_S19_Recipe_Teslacannon_DirectCurrentMuzzle_StampVendor			
007B3F42	zzz_SCORE_S19_Recipe_Teslacannon_Magazine_StampVendor_Copy01			
007B3F43	zzz_SCORE_S19_Recipe_Teslacannon_Reciever_StampVendor_Copy01			
007B3F44	zzz_SCORE_S19_Recipe_Teslacannon_Sights_StampVendor_Copy01			
007B3F45	zzz_SCORE_S19_Recipe_Teslacannon_StampVendor_Copy01			
007B3FB7	Fishing_Recipe_Food_FishChowder			
007B6D88	zzz_Fishing_Workshop_Recipe_ReclaimedShipChandelier			
007B7046	Fishing_Workshop_Recipe_DrownedPresidentialDesk			
007B704B	ZZZ_Fishing_Workshop_Recipe_DrownedChaise			
007B704C	Fishing_Workshop_Recipe_DrownedLamp_01			
007B704D	Fishing_Workshop_Recipe_FishDisplay_Curved			
007B7718	GHL00_Note_Ernie_ReposeStuddies	Radiant Hills	NameParse	
007B926F	Fishing_Workshop_Recipe_DrownedChesterfieldChair			
007B9270	Fishing_Workshop_Recipe_DrownedChesterfieldSofa			
007B9271	zzz_Fishing_Workshop_Recipe_FishDisplay_Plaque			
007B9272	Fishing_Workshop_Recipe_FishDisplay_Hooks			
007B9578	zzz_Fishing_Workshop_Recipe_WallDecor_KelpCurtain			
007BB06B	RD01_Recipe_Mod_BackPack_Effect_Canteen			
007BCF55	SCORE_S18_Recipe_workshop_CAMP_Utility_Beehive_GoldVendor			
007BCF56	SCORE_S18_Recipe_workshop_CAMP_Display_SkylineValleySnowglobeDisplaycase_GoldVendor			
007BCF57	SCORE_S18_Recipe_workshop_CAMP_Collector_EspressoMachine_GoldVendor			
007BCF58	SCORE_S18_Recipe_workshop_CAMP_Collector_BrewingVat_GoldVendor			
007BD0A4	Fishing_CaptainRaymondDiary01	FishermansRestExt05	ExtCell	
007C62B2	Fishing_CaptainRaymondDiary02	FishermansRestExt06	ExtCell	
007CF671	Fishing_Workshop_Recipe_CreatureInJar_Eel			
007D0DDF	Fishing_Recipe_Food_FishBits			
007D32BB	Fishing_Recipe_Food_FishBits_Glowing			
007D34A7	zzz_Fishing_Recipe_Food_GrilledFish_Glowing			
007D34A8	zzz_Fishing_Recipe_Food_FishChowder_Glowing			
007D34A9	zzz_Fishing_Recipe_Food_FishandTatos_Glowing			
007D3AF3	Recipe_Weapon_Ranged_WarShrike			
007D6606	SSE_Recipe_mod_CombatKnife_Material_Paint_GardenTrowel			
007D70F5	zzzPlaceholdernote			
007DBDB4	zzzBURN_007_TemporarySafety			
007DBDB5	zzzBURN_007_RecentJobs			
007DBDB6	zzzBURN_007_HunkeringDown			
007F244C	Burn_Workshop_Recipe_PottedSlipperCactus			
007F2666	Burn_Workshop_Recipe_DinoEggBin			
007F2667	Burn_FrontierFort_EmployeeNotice	BurnFrontierFortExt03	ExtCell	
007F2715	zzzBurn_Workshop_Recipe_CarSofa01			
007F2716	zzzBurn_Workshop_Recipe_CarSofa02			
007F2717	Burn_Workshop_Recipe_RustKingThrone			
007F2766	zzzBurn_Workshop_Recipe_GasPumpKeg			
007F2767	zzzBurn_Workshop_Recipe_CarStashBox01			
007F2768	zzzBurn_Workshop_Recipe_CarStashBox02			
007F2769	zzzBurn_Workshop_Recipe_CarStashBox03			
007F276A	Burn_Workshop_Recipe_WallCarLamp01			
007F276B	Burn_Workshop_Recipe_WallCarLamp02			
007F276C	Burn_Workshop_Recipe_CeilingCarLamp			
007F493C	Burn_FrontierFort_InsurancePolicy			
007F493D	Burn_FrontierFort_DamagedOutfits	BurnFrontierFortExt02	ExtCell	
007F4A10	Burn_Workshop_Recipe_CarDoors			
007F4A11	zzzBurn_Workshop_Recipe_RetailFridge01			
007F4A12	Burn_Workshop_Recipe_TailgateBed02			
007F4A13	Burn_Workshop_Recipe_FrontierCannon			
007F4A14	Burn_Workshop_Recipe_TailgateBed01			
007F4A15	Burn_Workshop_Recipe_BarStool02			
007F4A16	Burn_Workshop_Recipe_BarStool01			
007F4A17	Burn_Workshop_Recipe_BarStool03			
007F4A18	zzz_Burn_Workshop_Recipe_FridgeShelves			
007F4A19	zzzBurn_Workshop_Recipe_RetailFridge02			
007F4A1A	Burn_Workshop_Recipe_JeepTable			
007F543C	Burn_Workshop_Recipe_IncubatorBackpack			
007F543D	Burn_Outfit_Recipe_DeathclawTamer			
007F543E	Burn_Workshop_Recipe_DinoGolfMarketing01			
007F543F	Burn_Workshop_Recipe_DinoTshirt01			
007F5440	Burn_Workshop_Recipe_DinoTshirt02			
007F5441	Burn_Workshop_Recipe_DeathclawTamingPhotopose			
007F555D	zzz_Fishing_Recipe_mod_FishingRod_RodBobber_FlamewoodFloat			
007F555E	zzz_Fishing_Recipe_mod_FishingRod_RodBobber_RedTideFloat			
007F555F	ZZZ_Fishing_Recipe_mod_FishingRod_RodBobber_NukaCola			
007F5560	zzz_Fishing_Workshop_Recipe_CookingStove_Fishermans			
007F5561	ZZZ_Fishing_Recipe_mod_FishingRod_RodBobber_BabyRattle			
007F5562	zzz_Fishing_Recipe_mod_FishingRod_RodBobber_CrimsonStripeFloat			
007F5563	zzz_Fishing_Recipe_mod_FishingRod_RodBobber_Rocket			
007F5564	zzz_Fishing_Recipe_mod_FishingRod_RodBobber_SkyfireFloat			
007F5565	zzz_Fishing_Recipe_mod_FishingRod_RodBobber_FestiveFloat			
007F5566	zzz_Fishing_Recipe_mod_FishingRod_RodBobber_TwinTimberFloat			
007F5567	zzz_Fishing_Recipe_mod_FishingRod_RodBobber_NukaColaQuantum			
007F5568	zzz_Fishing_Recipe_mod_FishingRod_RodBase01_Bicycle			
007F5569	zzz_Fishing_Recipe_mod_FishingRod_RodBobber_PinBobber			
007F556A	zzzFishing_Recipe_mod_FishingRod_RodBase01_ShishKebab			
007F556B	zzz_Fishing_Recipe_Backpack_ScubaTank			
007F556C	ZZZ_Fishing_Recipe_mod_FishingRod_RodBase01_RubyReel			
007F5AF2	Burn_Workshop_Recipe_DinoInfoBoard			
007F5AF3	Burn_Workshop_Recipe_DeathclawSkullEntrance			
007F5AF4	Burn_Workshop_Recipe_DinoEntranceSign			
007F5AF5	Burn_Workshop_Recipe_FakeVolcano			
007F5AF6	zzz_Burn_Workshop_Recipe_HwTownStatue			
007F5AF7	Burn_Workshop_Recipe_FortSteubenSign			
007F695B	SDM_Note_01			
007F695C	SDM_Note_02	BurnSDMExt02	ExtCell	
007F695D	SDM_Note_03	DebugCKinsey	ExtCell	
007F695E	SDM_Note_04	BurnSDMExt04	ExtCell	
007F7521	Burn_RailroadServiceYard_Positivity	BurnRailroadServiceYardExt02	ExtCell	
007F7522	Burn_RailroadServiceYard_Automation	BurnRailroadServiceYardExt03	ExtCell	
007F7523	Burn_RailroadServiceYard_Breach	BurnRailroadServiceYardExt03	ExtCell	
007F7939	Recipe_mod_Handmade_Material_Paint_ShatteredGrounds			
007FB506	zzz_Fishing_Workshop_Recipe_AshHeapBait			
007FB507	zzz_Fishing_Workshop_Recipe_CranberryBogBait			
007FB508	zzz_Fishing_Workshop_Recipe_DefaultBait			
007FB509	zzz_Fishing_Workshop_Recipe_ForestBait			
007FB50A	zzz_Fishing_Workshop_Recipe_GlowingBait			
007FB50B	zzz_Fishing_Workshop_Recipe_SavageDivideBait			
007FB50C	zzz_Fishing_Workshop_Recipe_SkylineValleyBait			
007FB50D	zzz_Fishing_Workshop_Recipe_TheMireBait			
007FB50E	zzz_Fishing_Workshop_Recipe_ToxicValleyBait			
007FB5C5	Fishing_Recipe_mod_FishingRod_Upgrade_AttractiveHook			
007FB5C6	Fishing_Recipe_mod_FishingRod_Upgrade_ImprovedBearing			
007FB5C7	Fishing_Recipe_mod_FishingRod_Upgrade_AdvancedDrag			
007FB5C8	Fishing_Recipe_mod_FishingRod_Upgrade_StabilizedGearRatio			
007FB5C9	Fishing_Recipe_mod_FishingRod_Upgrade_SteadyHandle			
007FDC15	SCORE_Recipe_workshop_CAMP_Ally_Dottie_GoldVendor			
007FDC27	Burn_Workshop_Recipe_ScrapCube			
007FDC35	Burn_Workshop_Recipe_DinoGolfFence			
007FDC36	Burn_Workshop_Recipe_DriveInSign			
007FDC37	Burn_Workshop_Recipe_DriveInStatue			
007FDC40	ZZZBurn_Workshop_Recipe_DriveinSign_Copy01			
007FDC48	Burn_StolenFeed_Note	BurnHighwayTownExt02	ExtCell	
007FDC49	Burn_HwTown_Mechanic	BurnHighwayTownExt02	ExtCell	
007FDC4A	Burn_HwTown_Illness	BurnHighwayTownExt	ExtCell	
007FDC4B	Burn_HwTown_GuardReport	BurnHighwayTownExt02	ExtCell	
007FDCE0	zzzBurn_Workshop_Recipe_AbraxodyneSign			
007FDD10	Burn_AshCave_Note_MeditationOnLight	BurnAshCaveExt02	ExtCell	
007FDD11	Burn_TrainStation_Note_ParkingLotFish	BurnTrainStationExt01	ExtCell	
007FDD12	Burn_TrainStation_Note_RightUnderOurFeet	BurnTrainStationExt04	ExtCell	
007FDD13	Burn_TrainStation_Note_HesCalledTheRustKing	BurnTrainStationExt01	ExtCell	
007FEE32	Burn_HWT_AMysticalMessage	Highway Town Interior	NameParse	
007FEE33	Burn_HWT_TheThreeMinorFactions			
007FEE34	Burn_HWT_BountyOfTheWeekLemonBoys			
007FEE35	Burn_HWT_ChopShopInvoice	Highway Town Interior	NameParse	
007FEE36	ZZZBurn_HWT_MissingSchematicDONOTUSE			
007FEE37	Burn_HWT_CodeClue	Highway Town Interior	NameParse	
007FEE38	Burn_HWT_ARatInTheBathHouse	Highway Town Interior	NameParse	
007FEE39	Burn_HWT_SurgicalNote	Highway Town Interior	NameParse	
007FEE3A	ZZZBurn_HWT_LawEnforcementNotice_DONOTUSE			
007FFEEF	P62_Recipe_Armor_SecretServiceDrifter_LegLeft			
007FFEF0	P62_Recipe_Armor_SecretServiceDrifter_Helmet			
007FFEF1	P62_Recipe_Armor_SecretServiceDrifter_LegRight			
007FFEF2	P62_Recipe_Armor_SecretServiceDrifter_ArmLeft			
007FFEF3	P62_Recipe_Armor_SecretServiceDrifter_ArmRight			
007FFEF4	P62_Recipe_Armor_SecretServiceDrifter_Torso			
007FFFDA	P62_Recipe_Tinkers_Grenade_Crackler			
00802192	P62_Recipe_Weapon_Melee_Tempest			
00802193	P62_Recipe_Weapon_Ranged_ChaosEngine			
00802194	P62_Recipe_Weapon_Ranged_Splinter			
008033EA	Fishing_Workshop_Recipe_DrownedLamp_03			
008033EB	Fishing_Workshop_Recipe_DrownedLamp_04			
00803E2E	Fishing_Workshop_Recipe_RodDisplay_RodStand			
0080448B	Burn_Cornhenge_Note_TheMound	BurnCornhengeExt03	ExtCell	
0080448C	Burn_Cornhenge_Note_HeyIdiots	BurnCornhengeExt03	ExtCell	
008046E0	Burn_Cornhenge_Note_IHateCorn	BurnCornhengeExt07	ExtCell	
00804F8C	Fishing_TheDeep_Note	FishermansRestExt06	ExtCell	
00806119	ZZZ_Fishing_Workshop_Recipe_DrownedLamp_02			
00806E07	Burn_DinoGolf_SickVisitors	BURNDinoGolfExt	ExtCell	
00806E08	Burn_DinoGolf_Scorecard	BURNDinoGolfExt04	ExtCell	
00806E09	Burn_DinoGolf_Hole9	BURNDinoGolfExt	ExtCell	
00806E0A	Burn_DinoGolf_Barrels	BURNDinoGolfExt05	ExtCell	
00807AD8	Burn_RK_HeyDusty_Note	BurnRustKingdomExt02	ExtCell	
00807AD9	Burn_RK_TreasureHunt_Note	BurnRustKingdomExt02	ExtCell	
008082B0	Burn_AshCave_DrugManufacturing			
008082B1	Burn_AshCave_Unused			
008082B3	Burn_AshCave_Note_MeditationsOnTempering	BurnAshCaveExt02	ExtCell	
008082B4	Burn_AshCave_Note_TheWindmills	BurnAshCaveExt02	ExtCell	
008082B5	Burn_AshCave_Note_TheProfessor	BurnAshCaveExt02	ExtCell	
008088F1	Template_Note_Copy02			
008088F2	zzzBurn_RK_KeepOut_Note			
008088F3	Burn_JJ_Notes_PrevOwner	BurnJacksonJunkyardExt04	ExtCell	
008088F4	Burn_JJ_Notes_Love	BurnJacksonJunkyardExt04	ExtCell	
008088F5	Burn_JJ_Notes_Incoherent	BurnJacksonJunkyardExt03	ExtCell	
00809317	zzzFishing_Recipe_mod_FishingRod_RodBase01_Charmcaster			
0080C016	BURN_POI_25_Athens	[CELL:00265347]	ExtCell	
0080F3A9	Fishing_Vault76Advert_Note	[CELL:00050B2C]	ExtCell	
00811382	Fishing_Recipe_mod_FishingRod_LineUpgrade_02			
00811383	Fishing_Recipe_mod_FishingRod_LineUpgrade_03			
00811384	Fishing_Recipe_mod_FishingRod_LineUpgrade_04			
00811385	Fishing_Recipe_mod_FishingRod_LineUpgrade_05			
008113A1	Burn_CUT_AthensWaterDistribution			
008113A2	Burn_CUT_AthensHalloweenBlockParty			
008113A3	Burn_CUT_AthensNoteFailedScavenge			
008113A4	Burn_CUT_AthensNoteUniversityEssay1			
008113A5	Burn_CUT_AthensNoteBurnPit			
00812003	Burn_Cornhenge_Note_RedWater	BurnCornhengeExt03	ExtCell	
00813070	Burn_POI64_ForDarwinsEyesOnly			
00813071	Burn_POI64_ForArchiesEyesOnly			
00813072	Burn_POI64_SnakeInTheGrass			
00813212	Burn_POI66_Manny	[CELL:00265109]	ExtCell	
00815E92	BURN_SQ02_CapsNote			Insurrection
00815E93	BURN_SQ02_CorpseNPCNote	[CELL:002651D7]	ExtCell	Insurrection
008162DB	ZZZ_Burn_CheckpointCanyon_MonsterSighting	Quick Test Cell	NameParse	
00816D0D	Burn_Cornhenge_Note_Discipline	BurnCornhengeExt03	ExtCell	
00816D0E	Burn_POI_Note_General			
008175F6	Burn_Note_POI_17_DirtyCheat	[CELL:00265BEF]	ExtCell	
008175F7	Burn_POI_16_Note_RuralChurch	BurnPOI16RuralChurch	ExtCell	
0081A75E	Burn_RK_OpenGate_Note	BurnRustKingdomExt06	ExtCell	
0081A801	zzzBurn_POI_70_Note			
0081AA36	Burn_CUT_AthensNoteSportCar			
0081ACB5	Burn_BountyHunted_BountyNote			Kill The Vault Dweller
0081C0CC	Burn_ClownNote	BurnPOI15Ext	ExtCell	
0081CAC0	Burn_HwTown_Caution	BurnHighwayTownExt02	ExtCell	
0081CD78	BURN_POI_30_Errands_Note	[CELL:00265409]	ExtCell	
0081DD74	Burn_SQ04_ScrambledIntel			
0081E300	Burn_POI64_MovingTruck	[CELL:002651D7]	ExtCell	
0081EC4B	Burn_Note_POI_2_Region10_MoonTunnel	BurnPOI02MoonvaleTunnelDweller	ExtCell	
00820AEC	Burn_CUT_AthensBestieLetter			
00821213	BURN_POI_46_note			
00824D12	S21_Dottie_Note01			
00824D13	S21_Dottie_Note02			
00824D14	ZZZ_S21_Dottie_Note03			
00825AA7	Burn_Workshop_Recipe_HWT_Generator			
00825B5B	P62_Crusade_Announcement	PointPleasantExt	ExtCell	
00825C7F	Burn_Note_POI_19_SockHop	BurnPOI19SockHop	ExtCell	
00826E19	Burn_POI_Note_KeithCooper	BurnPOI54Albany	ExtCell	
0082997D	Burn_ChopShop_Prewar_CustomerComplaints	BurnChopShopExt	ExtCell	
0082997E	Burn_ChopShop_Prewar_Goodbye	BurnChopShopExt03	ExtCell	
0082997F	Burn_ChopShop_Prewar_Ledger	BurnChopShopExt	ExtCell	
00829980	Burn_ChopShop_Prewar_BasementSmell	BurnChopShopExt04	ExtCell	
00829981	Burn_ChopShop_Prewar_Lost&Found	BurnChopShopExt	ExtCell	
0082B85A	Burn_DriveIn_WK_Invoice	BurnDriveInExt03	ExtCell	
0082B85B	Burn_DriveIn_WK_PersonalNote	BurnDriveInExt03	ExtCell	
0082BB81	Fishing_Recipe_mod_FishingRod_RodBase01_MarshalMallowRod			
0082BCBC	SCORE_S20_Recipe_workshop_CAMP_Collector_SlimeCake_GoldVendor			
0082BCBD	SCORE_S20_Recipe_workshop_CAMP_Collector_CritterCooker_GoldVendor			
0082F319	Burn_HWT_ARatInTheBathHouse_P3	Highway Town Interior	NameParse	
0082F43A	Burn_DinoGolf_Reporter	BURNDinoGolfExt	ExtCell	
0082F85F	Burn_HWT_ARatInTheBathHouse_P2	Highway Town Interior	NameParse	
00830902	ZZZ_SCORE_S22_Recipe_Workshop_CAMP_Utility_Fasnacht_MotorizedButterChurn_VaultTec			
00830E40	Burn_Paleontologist	BURNDinoGolfExt04	ExtCell	
008323E4	MN2_Recipe_Workshop_FloorDecor_MischiefNightStein			
0083261A	BURN_SQ01_RustKingdomInt_DesperatePlea	Rust Kingdom Arena	NameParse	
0083261B	BURN_SQ01_SilverBridge_NewHorizons			
00833296	Burn_CheckpointCanyon_CheckpointAnnouncement	BurnCheckpointCanyonExt02	ExtCell	
00833297	Burn_CheckpointCanyon_CollapsedRailing	BurnCheckpointCanyonExt04	ExtCell	
00833298	Burn_CheckpointCanyon_ActivityLog	BurnCheckpointCanyonExt	ExtCell	
00833B24	Burn_Workshop_Recipe_DinoDinerSign			
00833B44	Burn_Workshop_Recipe_MoviePoster			
00833F55	BURN_Workshop_Recipe_RetailParkSign			
00833F58	Burn_RE_FrogNote			
00833FB2	BURN_Workshop_Recipe_HeartlandEasternRail_Sign			
0083598E	Burn_AthensNoteHighwayTown	BurnAthensExt16	ExtCell	
00836468	SCORE_Recipe_workshop_CAMP_Utility_Collectron_RoboButler_GoldVendor			
00839471	Burn_AshCave_Note_MeditationsOnEnhancement	BurnAshCaveExt02	ExtCell	
0083E1B2	Burn_POI_101_note	[CELL:002651C3]	ExtCell	
0083E70A	BURN_Workshop_Recipe_DeathclawPlushie			
0083E70B	BURN_Workshop_Recipe_DinoGolfPlushie			
0083F2AD	Burn_Workshop_Recipe_AbraxodyneSignDamaged			
00840357	zzzBurn_Workshop_Recipe_HighwayTownStatue			
008409F7	zzzBurn_Workshop_Recipe_AbraxoCache			
008409F8	Burn_Workshop_Recipe_ScrapyardSign			
00840E60	Burn_AshCave_Note_HermanandtheProfessor	BurnAshCaveExt02	ExtCell	
00840F9B	Burn_POI06_Trainride	[CELL:002650E3]	ExtCell	
0084171A	BURN_POI_30_Costings_Note	[CELL:00265409]	ExtCell	
008430DE	BURN_SQ02_MagpieNote			
00844585	Burn_Headwear_Recipe_DeathclawTamer			
00844586	zzzBurn_Outfit_Recipe_BountyHunter			
00844912	zzzBurn_Recipe_BountyHunterOutfit			
00844A89	Burn_Workshop_Recipe_OhioWelcomeSign			
008468C8	Burn_Recipe_Food_SlipperCactusVeg_1			
008468C9	Burn_Recipe_Food_SlipperCactusVeg_2			
008468CA	zzzBurn_Recipe_Food_SlipperCactusMeat_1			
00847BAC	Burn_RustKingdomInt_MinerMusings	Rust Kingdom Arena	NameParse	
0084813C	ZZZ_SCORE_S22_Recipe_workshop_CAMP_Collector_SpiceRack_GoldVendor			
0084B0B3	zzzSCORE_S23_Recipe_workshop_CAMP_Collector_BodyinBathtub_GoldVendor			
0084B86D	BURN_Recipe_Cooking_RadhogBurntEnds			
0084CCA2	recipe_mod_MG42_receiver_AmmoConv45_AntiScorchBeast			
0084CCA3	recipe_mod_MG42_receiver_AmmoConv556_AntiScorchBeast			
0084D1D4	Burn_RK_LostKey_Note			
0084DA31	Burn_Lake_SummersGone	BurnSinkholeExt05	ExtCell	
0084DA32	Burn_Lake_StomperNote	BurnSinkholeExt	ExtCell	
0084DB70	Burn_AthensNoteFailedScavenge_Note	BurnAthensExt10	ExtCell	
0084FF1A	zzzBurn_Recipe_mod_FishingRod_RodBobber_DollHead			
00852810	SCORE_S21_Recipe_IceBreaker_StampVendor			
00852811	SCORE_S21_Recipe_DirtyPond_StampVendor			
00852812	SCORE_S21_Recipe_Cannery_StampVendor			
0085364E	Burn_Workshop_Recipe_AbraxoTruck			
008538F8	BURN_AthensNote_OnlyThingThatMatters	BurnAthensExt18	ExtCell	
008538F9	BURN_AthensNote_ClarasDiary	BurnAthensExt05	ExtCell	
008538FA	BURN_AthensNote_MarionWellsJournal	BurnAthensExt08	ExtCell	
008538FB	BURN_AthensNote_FranksJournal	BurnAthensExt08	ExtCell	
008538FC	BURN_AthensNote_MeetMeAtMidnight	BurnAthensExt09	ExtCell	
008538FD	BURN_AthensNote_StayAway	BurnAthensExt13	ExtCell	
008538FE	BURN_AthensNote_ItWillWork	BurnAthensExt16	ExtCell	
008538FF	BURN_AthensNote_ShouldntHaveLeft	[CELL:0026572F]	ExtCell	
00853900	BURN_AthensNote_HearMeOut	BurnAthensExt20	ExtCell	
00853901	BURN_AthensNote_TheMailman	BurnAthensExt10	ExtCell	
00853902	BURN_AthensNote_Dinner	BurnAthensExt10	ExtCell	
00853903	BURN_AthensNote_AtLeastSixty	BurnAthensExt11	ExtCell	
00853904	BURN_AthensNote_WhatAboutUs	BurnAthensExt15Courthouse	ExtCell	
00853905	BURN_AthensNote_OnlyProblemIGot	BurnAthensExt23University	ExtCell	
00853906	BURN_AthensNote_IBlameAbraxodyne	BurnAthensExt05	ExtCell	
00853907	BURN_AthensNote_HeadingEast	BurnAthensExt03Armory	ExtCell	
00853BC1	Burn_Workshop_Recipe_StompingDevice			
008553F4	Burn_Workshop_Recipe_HWTGunSign			
008553F5	Burn_Workshop_Recipe_TycoonLakeSign			
00855418	BURN_Workshop_Recipe_ArmoredDeathclawHead			
00855419	BURN_Workshop_Recipe_DeathclawMatriarchHead			
008554C1	Burn_Workshop_Recipe_HWTChemSign			
008554C2	Burn_Outfit_Recipe_RustRaiderHeavy			
0085556A	zzzBURN_Workshop_Recipe_AbraxoIntel			
00856854	BURN_NukeNote2_May	Highway Town Interior	NameParse	
00856855	BURN_NukeNote1_Niamh	BurnHighwayTownExt	ExtCell	
00856B5B	BURN_NukeNote_Pop	BurnHighwayTownExt02	ExtCell	
00857146	BURN_AthensNote_GoHome			
008575FA	Burn_Outfit_Recipe_RustRaiderMedium			
008575FB	Burn_Outfit_Recipe_RustRaiderLight			
0085782C	zzzBurn_Workshop_Recipe_AbraxoHQSign			
00857C69	zzzBurn_Workshop_Recipe_FlareMortar			
00857C6A	zzzBurn_Workshop_Recipe_WantedPoster			
00857C6B	zzzBurn_Workshop_Recipe_BountyBoard			
008591ED	BURN_Workshop_Recipe_LovelandFrogPlushie			
0085A4C0	zzzBurn_recipe_Outfit_AbraxodyneOveralls			
0085AA17	Burn_ChopShop_TheBoss	BurnChopShopExt02	ExtCell	
0085AD20	SFS09_PlayerTitle_Recipe_Suffix_Manager			
0085AD21	SFS09_PlayerTitle_Recipe_Suffix_Tamer			
0085AD2B	E01B_PlayerTitle_Recipe_Prefix_Suffix_Herd			
0085AD2C	E01B_PlayerTitle_Recipe_Prefix_Suffix_Shepherd			
0085AD33	E05_PlayerTitle_Recipe_Suffix_Scavenger			
0085AD5F	Storm_E01_PlayerTitle_Recipe_Prefix_Charged			
0085B0BC	SFS08_PlayerTitle_Recipe_Prefix_Green			
0085B0C2	MTNS06_PlayerTitle_Recipe_Prefix_Feverish			
0085B0C3	MTNS06_PlayerTitle_Recipe_Prefix_Suffix_Uranium			
0085B130	zzz_MTNS06_PlayerTitle_Recipe_Prefix_Feverish_Copy01			
0085B131	zzz_MTNS06_PlayerTitle_Recipe_Prefix_Suffix_Uranium_Copy01			
0085B1DE	FFZ10_PlayerTitle_Recipe_Prefix_Bright			
0085B1E1	E08A_PlayerTitle_Recipe_Suffix_Shiner			
0085B1E5	E08B_PlayerTitle_Recipe_Prefix_Evicted			
0085B1F5	MOON_PlayerTitle_Recipe_Prefix_MoonaLisa			
0085B1F6	MOON_PlayerTitle_Recipe_Suffix_Beast			
0085B1FC	TWZ05_PlayerTitle_Recipe_Suffix_Suitor			
0085B1FF	FF06_PlayerTitle_Recipe_Suffix_Mama			
0085B252	MTNM03_PlayerTitle_Recipe_Suffix_Guru			
0085B253	MTNM03_PlayerTitle_Recipe_Prefix_Zen			
0085B261	BoSr01_PlayerTitle_Recipe_Prefix_Stalwart			
0085B280	FFZ17_PlayerTitle_Recipe_Prefix_Boiled			
0085B281	FFZ17_PlayerTitle_Recipe_Prefix_WorldsLargest			
0085B282	FFZ17_PlayerTitle_Recipe_Suffix_Steeped			
0085B2AB	E09C_PlayerTitle_Recipe_Suffix_Bride			
0085B2AC	E09C_PlayerTitle_Recipe_Suffix_Groom			
0085B2B3	E09D_PlayerTitle_Recipe_Prefix_Sharpshooter			
0085B2B4	E09D_PlayerTitle_Recipe_Prefix_Wanted			
0085B591	MOON_PlayerTitle_Recipe_Suffix_Tech			
0085B592	MOON_PlayerTitle_Recipe_Prefix_Rigged			
0085B8CE	zzz_Burn_ValdsDiary_Nov_2077			
0085B8CF	zzz_Burn_ValdsDiary_Mar_2083			
0085B8D0	zzz_Burn_ValdsDiary_Jun_2090			
0085B8D1	zzz_Burn_ValdsDiary_Oct_2096			
0085B8D2	zzz_Burn_ValdsDiary_Apr_2102			
0085B8D3	zzz_Burn_ValdsDiary_Aug_2105			
0085B8D4	zzz_Burn_ValdsDiary_Sep_2105			
0085CE48	SCORE_Recipe_workshop_CAMP_Utility_Collectron_Cornbot_GoldVendor			
0085D345	Burn_RailroadServiceYard_PositivityPt2	BurnRailroadServiceYardExt02	ExtCell	
0085D820	SCORE_S23_Recipe_workshop_CAMP_Collector_CrashedCargoBot_GoldVendor			
0085D989	zzzBurn_RK_RockosLife_Note			
0085E264	Burn_Note_TheKingsWitness01	[CELL:00265029]	ExtCell	
0085E265	Burn_Note_TheKingsWitness02	[CELL:002654F4]	ExtCell	
0085E266	Burn_Note_TheKingsWitness03	[CELL:002654EC]	ExtCell	
0085E267	Burn_Note_TheKingsWitness04	[CELL:002654E4]	ExtCell	
0085E268	Burn_Note_TheKingsWitness05	[CELL:0026534E]	ExtCell	
0085E269	Burn_Note_TheKingsWitness06	[CELL:00265279]	ExtCell	
0085E26A	Burn_Note_TheKingsWitness07	[CELL:00265409]	ExtCell	
0085E26B	Burn_Note_TheKingsWitness08	BurnAthensExt17	ExtCell	
0085E26C	Burn_Note_TheKingsWitness09	[CELL:00265339]	ExtCell	
0085E26D	Burn_Note_TheKingsWitness10	[CELL:002651AC]	ExtCell	
0086219E	BURN_SQ01_CheckpointCanyonExt_Notefortheboss	BurnCheckpointCanyonExt	ExtCell	
00862204	Burn_RK_DoorStaysShut_Note	BurnRustKingdomExt12	ExtCell	
00862205	Burn_RK_DontTouch_Note	BurnRustKingdomExt08	ExtCell	
00862206	Burn_RK_HandsOff_Note	BurnRustKingdomExt04	ExtCell	
00862207	Burn_RK_DontFeedDeathclaws_Note	BurnRustKingdomExt06	ExtCell	
00862208	Burn_RK_QuitYourWhining_Note	BurnRustKingdomExt04	ExtCell	
0086259C	Burn_Note_BlueRidgeCaravan	[CELL:002654ED]	ExtCell	
0086259D	Burn_Note_HockingHogsForever	BurnAthensExt23University	ExtCell	
0086259E	Burn_Note_VisitorsWelcome	[CELL:0026534F]	ExtCell	
0086259F	Burn_Note_AbraxodyneIntercept	Abraxodyne Office	NameParse	
008625A0	Burn_Note_MusingsOnTheFlora	[CELL:002658D0]	ExtCell	
008625A1	Burn_Note_EcologicalReport	BurnAthensExt23University	ExtCell	
008682BE	SCORE_S22_Recipe_CosmicKnife_StampVendor			
008682BF	SCORE_Recipe_workshop_CAMP_Resources_SoulSoupServer_GoldVendor			
00869A76	Burn_Note_ToWindy	[CELL:00262875]	ExtCell	
00869A77	Burn_Note_BillOfSale	Highway Town Interior	NameParse	
0086C9DF	BURN_RE_Travel_KK01_hunternote			
0086DBE5	recipe_mod_PlasmaCaster_Barrel_Auto			
0086DBE6	recipe_mod_PlasmaCaster_Barrel_Splitter			
0086DBE7	recipe_mod_PlasmaCaster_Receiver_Burning			
008952DC	MTRZ05_PlayerTitle_Recipe_Prefix_Treasurer			
0089D6A9	recipe_mod_armor_UnderArmor_style_BOS			
0089D6AA	recipe_mod_armor_UnderArmor_style_Casual			
0089D6AB	recipe_mod_armor_UnderArmor_style_Enclave			
0089D6AC	recipe_mod_armor_UnderArmor_style_Marine			
0089D6AD	recipe_mod_armor_UnderArmor_style_Raider			
0089D6AE	recipe_mod_armor_UnderArmor_style_SecretService			
0089D6AF	recipe_mod_armor_UnderArmor_style_VaultSuit			
0089D6B0	Recipe_XPD_AC_mod_armor_UnderArmor_style_Muni			
0089EA6C	CampTitle_Recipe_Both_Precinct			
0089EA6D	CampTitle_Recipe_Suffix_Laboratory			
0089EA6E	CampTitle_Recipe_Both_Chapel			
0089EA6F	CampTitle_Recipe_Both_Sinkhole			
0089EA70	CampTitle_Recipe_Both_Junkyard			
0089EA71	CampTitle_Recipe_Prefix_Excavator			
0089EA72	CampTitle_Recipe_Both_Forge			
0089EA73	CampTitle_Recipe_Prefix_Electric			
0089EA74	CampTitle_Recipe_Suffix_Hideout			
0089EA75	CampTitle_Recipe_Both_Homestead			
0089ECD6	Recipe_Workshop_FloorDecor_BigBloomStein			
008A47A8	QDLBarbara_Lesson03_RoxiesNote	Test Cell  Research Facility	NameParse	
008A706B	SCORE_S24_Recipe_workshop_CAMP_Collector_SurvivalCache_GoldVendor			
008A7A56	CampTitle_Recipe_Suffix_Array			
008A7A57	CampTitle_Recipe_Suffix_Bulwark			
008A7A58	CampTitle_Recipe_Suffix_Archive			
008A7A59	CampTitle_Recipe_Suffix_Battery			
008A7A5A	CampTitle_Recipe_Suffix_CrashSite			
008A7A5B	CampTitle_Recipe_Suffix_Apiary			
008A7A5C	CampTitle_Recipe_Prefix_Fugitives			
008A7A5D	CampTitle_Recipe_Prefix_Trappers			
008A7A5E	CampTitle_Recipe_Prefix_Leaders			
008AA950	PlayerTitle_Recipe_Suffix_PartyCrasher			
008AA951	PlayerTitle_Recipe_Prefix_Uninvited			
