seasonNumber	id	page	name	cost	isFirst	kind	value	tallyCategory	imageUrl	description	storefrontEntitlement	reappearances	addedInRerun	rank	origPage	origPageRank
1	S1_R2_captain_cosmos_player_icon		Player Icon: Captain Cosmos	0		playerIcon	Captain Cosmos	player_icon	/wp-content/uploads/guide-images/atom-shop/player-icons/atx_playericon_score_01.avif	Only a true hero of the Cosmos should have the Captain Cosmos Player Icon.  - UNLOCKS A PLAYER ICON. -	SCORE_S1_ENTM_PlayerIcon_CaptainCosmos			2		
1	S1_R3_small_vault_tec_supply_package		Small Vault-Tec Supply Package	0				supply_package	/wp-content/uploads/season_images/utility/score_utility_scrapball_small.avif					3		
1	S1_R4_clean_sink		Clean Sink	0					/wp-content/uploads/season_images/score_s1_camp_utility_sink_clean.avif	Make it a clean scene with the Clean Sink. The Clean Sink will dispense water.  - C.A.M.P. ITEMS APPEAR WHILE IN C.A.M.P. MODE. -	SCORE_S1_ENTM_CAMP_Utility_Sink_Clean			4		
1	S1_R5_ammo_converter		AmmoPoints Ammo Converter	0					/wp-content/uploads/season_images/score_s1_utility_ammoconverter.avif	Turn other people's trash fire into your firepower!   A terminal where you can convert unwanted ammo types into points. Then use those points to buy the ammo you need for your adventures in the wasteland.  This item cannot be built inside of a Shelter.  - AVAILABLE FOR GOLD BULLION PER CHARACTER. C.A.M.P. ITEMS APPEAR WHILE IN C.A.M.P. MODE. -	SCORE_S1_ENTM_Utility_AmmoConverter			5		
1	S1_R6_ghillie_wood_armor_paint		Ghillie Wood Armor Paint	0					/wp-content/uploads/season_images/score_s1_skin_armorskin_wood_ghillie.avif	Keep a low profile with the Ghillie Wood Armor Paint.  - SKIN IS CRAFTABLE AT ARMOR WORKBENCHES. -	SCORE_S1_ENTM_Skin_ArmorSkin_Wood_Ghillie			6		
1	S1_R7_lunchboxes		Lunchbox x 3	0				lunchbox	/wp-content/uploads/season_images/utility/atx_store_lunchbox001.avif					7		
1	S1_R8_atomic_onslaught_pip_boy_paint		Atomic Onslaught Pip-Boy Paint	0					/wp-content/uploads/season_images/score_s1_skin_pipboyskin_atomiconslaught.avif	Wear your true colors on your sleeve with this intimidating Atomic Onslaught Paint for your Pip-Boy!  - SKIN IS CRAFTABLE AT ARMOR WORKBENCHES. -	SCORE_S1_ENTM_Skin_PipBoySkin_AtomicOnslaught			8		
1	S1_R9_medium_vault_tec_supply_package		Medium Vault-Tec Supply Package	0				supply_package	/wp-content/uploads/season_images/utility/score_utility_scrapball_medium.avif					9		
1	S1_R10_atoms		Atoms x 150	0				atoms	/wp-content/uploads/season_images/utility/score_currency_atoms.avif					10		
1	S1_R11_caps		Caps x 1000	0				caps	/wp-content/uploads/season_images/utility/score_currency_caps.avif					11		
1	S1_R12_ghillie_leather_armor_paint		Ghillie Leather Armor Paint	0					/wp-content/uploads/season_images/score_s1_skin_armorskin_leather_ghillie.avif	Keep a low profile with the Ghillie Leather Armor Paint.  - SKIN IS CRAFTABLE AT ARMOR WORKBENCHES. -	SCORE_S1_ENTM_Skin_ArmorSkin_Leather_Ghillie			12		
1	S1_R13_large_vault_tec_supply_package		Large Vault-Tec Supply Package	0				supply_package	/wp-content/uploads/season_images/utility/score_utility_scrapball_large.avif					13		
1	S1_R14_flatwoods_fletcher_paint_bow		Flatwoods Fletcher Skin (Bow)	0					/wp-content/uploads/season_images/score_s1_skin_weaponmodel_bow_flatwoodsfletcher.avif	Arm yourself to hunt down the Flatwoods monster with the Flatwoods Fletcher Skin.  - SKIN IS CRAFTABLE AT WEAPON WORKBENCHES. -	SCORE_S1_ENTM_Skin_WeaponModel_Bow_FlatwoodsFletcher			14		
1	S1_R15_perk_card_pack		Perk Card Pack x 1	0				perk_card_pack	/wp-content/uploads/season_images/utility/score_item_perkcardpack.avif					15		
1	S1_R16_legendary_scrip		Legendary Scrip x 50	0				legendary_scrip	/wp-content/uploads/season_images/utility/score_currency_scrip.avif					16		
1	S1_R17_lunchboxes		Lunchbox x 3	0				lunchbox	/wp-content/uploads/season_images/utility/atx_store_lunchbox001.avif					17		
1	S1_R18_atomic_onslaught_t_45_power_armor_paint		Atomic Onslaught T-45 Power Armor Paint	0					/wp-content/uploads/season_images/score_s1_skin_powerarmor_paint_t45_atomiconslaught.avif	Slaughter the Wasteland with the Atomic Onslaught Power Armor Paint.  Includes a unique paint for the T-45 Power Armor.   - SKIN IS CRAFTABLE AT POWER ARMOR STATIONS. -	SCORE_S1_ENTM_Skin_PowerArmor_Paint_T45_AtomicOnslaught			18		
1	S1_R19_glow_in_the_dark_stars_wallpaper		Glow in the Dark - Stars Wallpaper	0					/wp-content/uploads/season_images/score_s1_camp_wallpaper_glowinthedark_stars.avif	Bring the night sky into your C.A.M.P. with this Glow in the Dark - Stars Wallpaper.  - WALLPAPER ITEMS APPEAR WHILE IN C.A.M.P. EDIT MODE. -	SCORE_S1_ENTM_CAMP_WallPaper_GlowInTheDark_Stars			19		
1	S1_R20_atoms		Atoms x 150	0				atoms	/wp-content/uploads/season_images/utility/score_currency_atoms.avif					20		
1	S1_R21_gold_bullion		Gold Bullion x 25	0				gold_bullion	/wp-content/uploads/season_images/utility/score_currency_bullion.avif					21		
1	S1_R22_ghillie_metal_armor_paint		Ghillie Metal Armor Paint	0					/wp-content/uploads/season_images/score_s1_skin_armorskin_metal_ghillie.avif	Keep a low profile with the Ghillie Metal Armor Paint.  - SKIN IS CRAFTABLE AT ARMOR WORKBENCHES. -	SCORE_S1_ENTM_Skin_ArmorSkin_Metal_Ghillie			22		
1	S1_R23_crackle_fireworks		Crackle Fireworks x 10	0				fireworks	/wp-content/uploads/season_images/utility/score_utility_fireworks_crackle.avif					23		
1	S1_R24_wastelander_photomode_frame		Wastelander Photomode Frame	0					/wp-content/uploads/season_images/score_s1_photomode_frame_wastelander.avif	Welcome to the Wasteland!  - UNLOCKS A PHOTOMODE FRAME. -	SCORE_S1_ENTM_Photomode_Frame_Wastelander			24		
1	S1_R25_flying_saucer_playscape		Flying Saucer Playscape	0					/wp-content/uploads/season_images/score_s1_camp_structure_ufoplayscape.avif	Decorate your C.A.M.P. with the possible remains of an extraterrestrial spacecraft.  - C.A.M.P. ITEMS APPEAR WHILE IN C.A.M.P. MODE. -	SCORE_S1_ENTM_CAMP_Structure_UFOPlayscape			25		
1	S1_R26_perk_card_pack		Perk Card Pack x 1	0				perk_card_pack	/wp-content/uploads/season_images/utility/score_item_perkcardpack.avif					26		
1	S1_R27_lunchboxes		Lunchbox x 3	0				lunchbox	/wp-content/uploads/season_images/utility/atx_store_lunchbox001.avif					27		
1	S1_R28_atomic_onslaught_t_51_power_armor_paint		Atomic Onslaught T-51 Power Armor Paint	0					/wp-content/uploads/season_images/score_s1_skin_powerarmor_paint_t51_atomiconslaught.avif	Slaughter the Wasteland with the Atomic Onslaught Power Armor Paint.  Includes a unique paint for the T-51 Power Armor.   - SKIN IS CRAFTABLE AT POWER ARMOR STATIONS. -	SCORE_S1_ENTM_Skin_PowerArmor_Paint_T51_AtomicOnslaught			28		
1	S1_R29_ghillie_hunting_rifle_paint		Ghillie Hunting Rifle Paint	0					/wp-content/uploads/season_images/score_s1_skin_weaponskin_huntingrifle_ghillie.avif	Conceal your weapon from your prey with the Ghillie Hunting Rifle Paint.  - SKIN IS CRAFTABLE AT WEAPON WORKBENCHES. -	SCORE_S1_ENTM_Skin_WeaponSkin_HuntingRifle_Ghillie			29		
1	S1_R30_atoms		Atoms x 150	0				atoms	/wp-content/uploads/season_images/utility/score_currency_atoms.avif					30		
1	S1_R31_caps		Caps x 2500	0				caps	/wp-content/uploads/season_images/utility/score_currency_caps.avif					31		
1	S1_R32_ghillie_backpack		Ghillie Backpack	0					/wp-content/uploads/season_images/score_s1_skin_backpack_ghillie.avif	Blend in with your surroundings with the Ghillie Backpack.  This skin can be applied to both the Small and Standard Backpack as a mod.  - SKIN IS CRAFTABLE AT ARMOR WORKBENCHES. --	SCORE_S1_ENTM_Skin_Backpack_Ghillie			32		
1	S1_R33_scrap_kits		Scrap Kit x 3	0				scrap_kit	/wp-content/uploads/season_images/utility/atx_utility_repairkit_scraptostash.avif					33		
1	S1_R34_blood_eagle_player_icon		Player Icon: Blood Eagle	0		playerIcon	Blood Eagle	player_icon	/wp-content/uploads/guide-images/atom-shop/player-icons/atx_playericon_raider_04.avif	Represent the most ferocious faction in the Wasteland with this Blood Eagle Player Icon!  - UNLOCKS A PLAYER ICON. -	SCORE_S1_ENTM_PlayerIcon_BloodEagle			34		
1	S1_R35_perk_card_pack		Perk Card Pack x 1	0				perk_card_pack	/wp-content/uploads/season_images/utility/score_item_perkcardpack.avif					35		
1	S1_R36_legendary_scrip		Legendary Scrip x 100	0				legendary_scrip	/wp-content/uploads/season_images/utility/score_currency_scrip.avif					36		
1	S1_R37_lunchboxes		Lunchbox x 3	0				lunchbox	/wp-content/uploads/season_images/utility/atx_store_lunchbox001.avif					37		
1	S1_R38_atomic_onslaught_excavator_power_armor_paint		Atomic Onslaught Excavator Power Armor Paint	0					/wp-content/uploads/season_images/score_s1_skin_powerarmor_paint_excavator_atomiconslaught.avif	Slaughter the Wasteland with the Atomic Onslaught Power Armor Paint.  Includes a unique paint for the Excavator Power Armor.   - SKIN IS CRAFTABLE AT POWER ARMOR STATIONS. -	SCORE_S1_ENTM_Skin_PowerArmor_Paint_Excavator_AtomicOnslaught			38		
1	S1_R39_giant_sheepsquatch_plushie		Giant Sheepsquatch Plushie	0					/wp-content/uploads/season_images/score_s1_camp_floordecor_plushie_sheepsquatchgiant.avif	Bring this adorable guy into your home today!  - C.A.M.P. ITEMS APPEAR WHILE IN C.A.M.P. MODE. -	SCORE_S1_ENTM_CAMP_FloorDecor_Plushie_SheepsquatchGiant			39		
1	S1_R40_atoms		Atoms x 150	0				atoms	/wp-content/uploads/season_images/utility/score_currency_atoms.avif					40		
1	S1_R41_gold_bullion		Gold Bullion x 25	0				gold_bullion	/wp-content/uploads/season_images/utility/score_currency_bullion.avif					41		
1	S1_R42_ghillie_robot_armor_paint		Ghillie Robot Armor Paint	0					/wp-content/uploads/season_images/score_s1_skin_armorskin_robot_ghillie.avif	Keep a low profile with the Ghillie Robot Armor Paint.  - SKIN IS CRAFTABLE AT ARMOR WORKBENCHES. -	SCORE_S1_ENTM_Skin_ArmorSkin_Robot_Ghillie			42		
1	S1_R43_basic_repair_kits		Basic Repair Kit x 3	0				repair_kit	/wp-content/uploads/season_images/utility/atx_utility_repairkit_basic.avif					43		
1	S1_R44_uncle_sam_pose		Uncle Sam Pose	0					/wp-content/uploads/season_images/score_s1_photomode_pose_unclesam.avif	Uncle Sam needs you!  - UNLOCKS A PHOTOMODE POSE. -	SCORE_S1_ENTM_Photomode_Pose_UncleSam			44		
1	S1_R45_perk_card_pack		Perk Card Pack x 1	0				perk_card_pack	/wp-content/uploads/season_images/utility/score_item_perkcardpack.avif					45		
1	S1_R46_blood_eagle_paint_super_sledge		Blood Eagle Paint (Super Sledge)	0					/wp-content/uploads/season_images/score_s1_skin_weaponskin_supersledge_bloodeagle.avif	Conquer the Wasteland with this Blood Eagle Paint for the Super Sledge.  - SKIN IS CRAFTABLE AT WEAPON WORKBENCHES. -	SCORE_S1_ENTM_Skin_WeaponSkin_SuperSledge_BloodEagle			46		
1	S1_R47_lunchboxes		Lunchbox x 3	0				lunchbox	/wp-content/uploads/season_images/utility/atx_store_lunchbox001.avif					47		
1	S1_R48_atomic_onslaught_t_60_power_armor_paint		Atomic Onslaught T-60 Power Armor Paint	0					/wp-content/uploads/season_images/score_s1_skin_powerarmor_paint_t60_atomiconslaught.avif	Slaughter the Wasteland with the Atomic Onslaught Power Armor Paint.  Includes a unique paint for the T-60 Power Armor.   - SKIN IS CRAFTABLE AT POWER ARMOR STATIONS. -	SCORE_S1_ENTM_Skin_PowerArmor_Paint_T60_AtomicOnslaught			48		
1	S1_R49_atoms		Atoms x 150	0				atoms	/wp-content/uploads/season_images/utility/score_currency_atoms.avif					49		
1	S1_R50_hanging_raider_cage		Hanging Raider Cage	0					/wp-content/uploads/season_images/score_s1_camp_walldeco_hangingraidercage.avif	Show the Wasteland how you deal with trespassers.  - C.A.M.P. ITEMS APPEAR WHILE IN C.A.M.P. MODE. -	SCORE_S1_ENTM_CAMP_WallDeco_HangingRaiderCage			50		
1	S1_R51_atoms		Atoms x 150	0				atoms	/wp-content/uploads/season_images/utility/score_currency_atoms.avif					51		
1	S1_R52_gold_bullion		Gold Bullion x 50	0				gold_bullion	/wp-content/uploads/season_images/utility/score_currency_bullion.avif					52		
1	S1_R53_ghillie_combat_armor_paint		Ghillie Combat Armor Paint	0					/wp-content/uploads/season_images/score_s1_skin_armorskin_combat_ghillie.avif	Keep a low profile with the Ghillie Combat Armor Paint.  - SKIN IS CRAFTABLE AT ARMOR WORKBENCHES. -	SCORE_S1_ENTM_Skin_ArmorSkin_Combat_Ghillie			53		
1	S1_R54_crackle_fireworks		Crackle Fireworks x 10	0				fireworks	/wp-content/uploads/season_images/utility/score_utility_fireworks_crackle.avif					54		
1	S1_R55_perk_card_pack		Perk Card Pack x 1	0				perk_card_pack	/wp-content/uploads/season_images/utility/score_item_perkcardpack.avif					55		
1	S1_R56_glow_in_the_dark_stars_and_planets_wallpaper		Glow in the Dark - Stars and Planets Wallpaper	0					/wp-content/uploads/season_images/score_s1_camp_wallpaper_glowinthedark_starsandplanets.avif	Bring the night sky into your C.A.M.P. with this Glow in the Dark - Stars and Planets Wallpaper.  - WALLPAPER ITEMS APPEAR WHILE IN C.A.M.P. EDIT MODE. -	SCORE_S1_ENTM_CAMP_WallPaper_GlowInTheDark_StarsAndPlanets			56		
1	S1_R57_lunchboxes		Lunchbox x 3	0				lunchbox	/wp-content/uploads/season_images/utility/atx_store_lunchbox001.avif					57		
1	S1_R58_atomic_onslaught_x_01_power_armor_paint		Atomic Onslaught X-01 Power Armor Paint	0					/wp-content/uploads/season_images/score_s1_skin_powerarmor_paint_x01_atomiconslaught.avif	Slaughter the Wasteland with the Atomic Onslaught Power Armor Paint.  Includes a unique paint for the X-01 Power Armor.   - SKIN IS CRAFTABLE AT POWER ARMOR STATIONS. -	SCORE_S1_ENTM_Skin_PowerArmor_Paint_X01_AtomicOnslaught			58		
1	S1_R59_combat_rifle_dark_matter_paint		Dark Matter Combat Rifle Paint	0					/wp-content/uploads/season_images/score_s1_skin_weaponskin_combatrifle_black.avif	Arm yourself to explore the darkest reaches of the Cosmos with the Dark Matter Combat Rifle Paint.  - SKIN IS CRAFTABLE AT WEAPON WORKBENCHES. -	SCORE_S1_ENTM_Skin_WeaponSkin_CombatRifle_Black			59		
1	S1_R60_atoms		Atoms x 150	0				atoms	/wp-content/uploads/season_images/utility/score_currency_atoms.avif					60		
1	S1_R61_legendary_scrip		Legendary Scrip x 250	0				legendary_scrip	/wp-content/uploads/season_images/utility/score_currency_scrip.avif					61		
1	S1_R62_ghillie_scout_armor_paint		Ghillie Scout Armor Paint	0					/wp-content/uploads/season_images/score_s1_skin_armorskin_scout_ghillie.avif	Keep a low profile with the Ghillie Scout Armor Paint.  - SKIN IS CRAFTABLE AT ARMOR WORKBENCHES. -	SCORE_S1_ENTM_Skin_ArmorSkin_Scout_Ghillie			62		
1	S1_R63_scrap_kits		Scrap Kit x 6	0				scrap_kit	/wp-content/uploads/season_images/utility/atx_utility_repairkit_scraptostash.avif					63		
1	S1_R64_welcome_to_adventure_photomode_frame		Welcome to Adventure Photomode Frame	0					/wp-content/uploads/season_images/score_s1_photomode_frame_adventure.avif	Celebrate the spirit of adventure!  - UNLOCKS A PHOTOMODE FRAME. -	SCORE_S1_ENTM_Photomode_Frame_Adventure			64		
1	S1_R65_perk_card_pack		Perk Card Pack x 1	0				perk_card_pack	/wp-content/uploads/season_images/utility/score_item_perkcardpack.avif					65		
1	S1_R66_future_tec_camp		Future-Tec C.A.M.P.	0					/wp-content/uploads/season_images/score_s1_camp_deployable_futuretec.avif	Future-Tec brings you the latest in advanced C.A.M.P. technology. Build your home with the Future-Tec C.A.M.P. deployable!   - CHANGES THE LOOK OF YOUR C.A.M.P. DEPLOYABLE. APPLY IN THE ATOMIC SHOP. -	SCORE_S1_ENTM_CAMP_Deployable_FutureTec			66		
1	S1_R67_lunchboxes		Lunchbox x 3	0				lunchbox	/wp-content/uploads/season_images/utility/atx_store_lunchbox001.avif					67		
1	S1_R68_atomic_onslaught_ultracite_power_armor_paint		Atomic Onslaught Ultracite Power Armor Paint	0					/wp-content/uploads/season_images/score_s1_skin_powerarmor_paint_ultracite_atomiconslaught.avif	Slaughter the Wasteland with the Atomic Onslaught Power Armor Paint.  Includes a unique paint for the Ultracite Power Armor.   - SKIN IS CRAFTABLE AT POWER ARMOR STATIONS. -	SCORE_S1_ENTM_Skin_PowerArmor_Paint_Ultracite_AtomicOnslaught			68		
1	S1_R69_fireflies_in_a_jar_ceiling_lamp		Fireflies in a Jar Ceiling Lamp	0					/wp-content/uploads/season_images/score_s1_camp_lights_fireflies.avif	Catch some lightning in a jar and hang it in your C.A.M.P. with the Firefly Ceiling Lamp!  - C.A.M.P. ITEMS APPEAR WHILE IN C.A.M.P. MODE. -	SCORE_S1_ENTM_CAMP_Lights_Fireflies			69		
1	S1_R70_atoms		Atoms x 150	0				atoms	/wp-content/uploads/season_images/utility/score_currency_atoms.avif					70		
1	S1_R71_gold_bullion		Gold Bullion x 50	0				gold_bullion	/wp-content/uploads/season_images/utility/score_currency_bullion.avif					71		
1	S1_R72_ghillie_marine_armor_paint		Ghillie Marine Armor Paint	0					/wp-content/uploads/season_images/score_s1_skin_armorskin_marine_ghillie.avif	Keep a low profile with the Ghillie Marine Armor Paint.  - SKIN IS CRAFTABLE AT ARMOR WORKBENCHES. -	SCORE_S1_ENTM_Skin_ArmorSkin_Marine_Ghillie			72		
1	S1_R73_basic_repair_kits		Basic Repair Kit x 6	0				repair_kit	/wp-content/uploads/season_images/utility/atx_utility_repairkit_basic.avif					73		
1	S1_R74_secret_service_helmet_player_icon		Player Icon: Secret Service Helmet	0		playerIcon	Secret Service Helmet	player_icon	/wp-content/uploads/guide-images/atom-shop/player-icons/atx_playericon_secretservice_01.avif	Show the Wasteland where your true loyalties lie with the Secret Service Helmet Player Icon.  - UNLOCKS A PLAYER ICON. -	SCORE_S1_ENTM_PlayerIcon_SecretServiceHelmet			74		
1	S1_R75_perk_card_pack		Perk Card Pack x 2	0				perk_card_pack	/wp-content/uploads/season_images/utility/score_item_perkcardpack.avif					75		
1	S1_R76_atomic_onslaught_t_65_power_armor_paint		Atomic Onslaught T-65 Power Armor Paint	0					/wp-content/uploads/season_images/score_s1_skin_powerarmor_paint_t65_atomiconslaught.avif	Slaughter the Wasteland with the Atomic Onslaught Power Armor Paint.  Includes a unique paint for the Secret Service Power Armor.    - SKIN IS CRAFTABLE AT POWER ARMOR STATIONS. -	SCORE_S1_ENTM_Skin_PowerArmor_Paint_T65_AtomicOnslaught			76		
1	S1_R77_lunchboxes		Lunchbox x 3	0				lunchbox	/wp-content/uploads/season_images/utility/atx_store_lunchbox001.avif					77		
1	S1_R78_chicken_coop		Chicken Coop	0					/wp-content/uploads/season_images/score_s1_camp_collector_chickencoop.avif	Set up this Chicken Coop and generate some fertilizer for your farm!  This item cannot be built inside of a Shelter.  - AVAILABLE FOR GOLD BULLION PER CHARACTER. C.A.M.P. ITEMS APPEAR WHILE IN C.A.M.P. MODE. -	SCORE_S1_ENTM_CAMP_Collector_ChickenCoop			78		
1	S1_R79_blood_eagle_paint_handmade_rifle		Blood Eagle Paint (Handmade Rifle)	0					/wp-content/uploads/season_images/score_s1_skin_weaponskin_handmadegun_bloodeagle.avif	Conquer the Wasteland with this Blood Eagle Paint for the Handmade Rifle.  - SKIN IS CRAFTABLE AT WEAPON WORKBENCHES. -	SCORE_S1_ENTM_Skin_WeaponSkin_HandmadeGun_BloodEagle			79		
1	S1_R80_atoms		Atoms x 150	0				atoms	/wp-content/uploads/season_images/utility/score_currency_atoms.avif					80		
1	S1_R81_legendary_scrip		Legendary Scrip x 250	0				legendary_scrip	/wp-content/uploads/season_images/utility/score_currency_scrip.avif					81		
1	S1_R82_ghillie_secret_service_armor_paint		Ghillie Secret Service Armor Paint	0					/wp-content/uploads/season_images/score_s1_skin_armorskin_secretservice_ghillie.avif	Keep a low profile with the Ghillie Secret Service Armor Paint.  - SKIN IS CRAFTABLE AT ARMOR WORKBENCHES. -	SCORE_S1_ENTM_Skin_ArmorSkin_SecretService_Ghillie			82		
1	S1_R83_scrap_kits		Scrap Kit x 15	0				scrap_kit	/wp-content/uploads/season_images/utility/atx_utility_repairkit_scraptostash.avif					83		
1	S1_R84_clean_sweep_pose		Clean Sweep Pose	0					/wp-content/uploads/season_images/score_s1_photomode_pose_sweep.avif	Show the Wasteland that you are cleaning up with the Clean Sweep Pose!   - UNLOCKS A PHOTOMODE POSE. -	SCORE_S1_ENTM_Photomode_Pose_Sweep			84		
1	S1_R85_perk_card_pack		Perk Card Pack x 2	0				perk_card_pack	/wp-content/uploads/season_images/utility/score_item_perkcardpack.avif					85		
1	S1_R86_space_explorer_jangles_backpack		Space Explorer Jangles Backpack	0					/wp-content/uploads/season_images/score_s1_skin_backpack_spaceexplorerjangles.avif	Blast off with the Space Explorer Jangles Backpack!  This skin can be applied to both the Small and Standard Backpack as a mod.  - SKIN IS CRAFTABLE AT ARMOR WORKBENCHES. -	SCORE_S1_ENTM_Skin_Backpack_SpaceExplorerJangles			86		
1	S1_R87_lunchboxes		Lunchbox x 6	0				lunchbox	/wp-content/uploads/season_images/utility/atx_store_lunchbox001.avif					87		
1	S1_R88_captain_cosmos_power_armor_paint		Captain Cosmos Power Armor	0					/wp-content/uploads/season_images/score_s1_skin_powerarmor_model_captaincosmos.avif	Blast off on adventure with the Captain Cosmos Power Armor Paint!  This is a unique skin that completely alters the appearance of your Power Armor. It can be equipped on all main Power Armors.  - SKIN IS CRAFTABLE AT POWER ARMOR STATIONS. -	SCORE_S1_ENTM_Skin_PowerArmor_Model_CaptainCosmos			88		
1	S1_R89_caps		Caps x 2500	0				caps	/wp-content/uploads/season_images/utility/score_currency_caps.avif					89		
1	S1_R90_atoms		Atoms x 150	0				atoms	/wp-content/uploads/season_images/utility/score_currency_atoms.avif					90		
1	S1_R91_gold_bullion		Gold Bullion x 100	0				gold_bullion	/wp-content/uploads/season_images/utility/score_currency_bullion.avif					91		
1	S1_R92_white_raider_skull_gas_mask		White Raider Skull Gas Mask	0					/wp-content/uploads/season_images/score_s1_apparel_headwear_gasmaskraiderskull_white.avif	Terrorize the Wasteland with the White Raider Skull Gas Mask.  - APPAREL IS CRAFTABLE AT ARMOR WORKBENCHES. -	SCORE_S1_ENTM_Apparel_Headwear_GasMaskRaiderSkull_White			92		
1	S1_R93_basic_repair_kits		Basic Repair Kit x 15	0				repair_kit	/wp-content/uploads/season_images/utility/atx_utility_repairkit_basic.avif					93		
1	S1_R94_appalachian_thunder_pipe_paint		Appalachian Thunder Pipe (Gatling Gun)	0					/wp-content/uploads/season_images/score_s1_skin_weaponmodel_gatlinggun_thunderpipe.avif	Add the ol' Appalachian Thunder Pipe to your arsenal with this skin for the Gatling gun.  - SKIN IS CRAFTABLE AT WEAPON WORKBENCHES. -	SCORE_S1_ENTM_Skin_WeaponModel_GatlingGun_ThunderPipe			94		
1	S1_R95_perk_card_pack		Perk Card Pack x 3	0				perk_card_pack	/wp-content/uploads/season_images/utility/score_item_perkcardpack.avif					95		
1	S1_R96_captain_cosmos_jetpack		Captain Cosmos Jetpack	0					/wp-content/uploads/season_images/score_s1_skin_powerarmor_jetpack_captaincosmos.avif	Don't forget to turn on Inertial Dampening with this Captain Cosmos Jetpack!  Requires a known Jetpack plan to craft.  - SKIN IS CRAFTABLE AT POWER ARMOR STATIONS. -	SCORE_S1_ENTM_Skin_PowerArmor_Jetpack_CaptainCosmos			96		
1	S1_R97_lunchboxes		Lunchbox x 9	0				lunchbox	/wp-content/uploads/season_images/utility/atx_store_lunchbox001.avif					97		
1	S1_R98_blue_captain_cosmos_suit		Blue Captain Cosmos Suit	0					/wp-content/uploads/season_images/score_s1_apparel_outfit_captaincosmos_blue.avif	Gear up for a new... Cosmic Adventure with this Blue Captain Cosmos Suit!  - APPAREL IS CRAFTABLE AT ARMOR WORKBENCHES. -	SCORE_S1_ENTM_Apparel_Outfit_CaptainCosmos_Blue			98		
1	S1_R98_green_captain_cosmos_suit		Green Captain Cosmos Suit	0					/wp-content/uploads/season_images/score_s1_apparel_outfit_captaincosmos_green.avif	Gear up for a new... Cosmic Adventure with this Green Captain Cosmos Suit!  - APPAREL IS CRAFTABLE AT ARMOR WORKBENCHES. -	SCORE_S1_ENTM_Apparel_Outfit_CaptainCosmos_Green			98		
1	S1_R98_pink_captain_cosmos_suit		Pink Captain Cosmos Suit	0					/wp-content/uploads/season_images/score_s1_apparel_outfit_captaincosmos_pink.avif	Gear up for a new... Cosmic Adventure with this Pink Captain Cosmos Suit!  - APPAREL IS CRAFTABLE AT ARMOR WORKBENCHES. -	SCORE_S1_ENTM_Apparel_Outfit_CaptainCosmos_Pink			98		
1	S1_R99_fireplace_secret_door		Fireplace Secret Door	0					/wp-content/uploads/season_images/score_s1_camp_door_secret_fireplace.avif	Create a hidden room in your C.A.M.P with this Secret Door disguised as a Fireplace!  - C.A.M.P. ITEMS APPEAR WHILE IN C.A.M.P. MODE. -	SCORE_S1_ENTM_CAMP_Door_Secret_Fireplace			99		
1	S1_R100_captain_cosmos_dark_matter_power_armor		Captain Cosmos Dark Matter	0					/wp-content/uploads/season_images/score_s1_skin_powerarmor_model_black_captaincosmos.avif	Explore the furthest and darkest reaches of the Cosmos with the Captain Cosmos Dark Matter Power Armor Paint.  This is a unique skin that completely alters the appearance of your Power Armor. It can be equipped on all main Power Armors.  - SKIN IS CRAFTABLE AT POWER ARMOR STATIONS. -	SCORE_S1_ENTM_Skin_PowerArmor_Model_Black_CaptainCosmos			100		
1	S1_R100_captain_cosmos_dark_matter_jetpack		Captain Cosmos Dark Matter Jetpack	0					/wp-content/uploads/season_images/score_s1_skin_powerarmor_jetpack_captaincosmos_black.avif	Counteract any high G-force with the Dark Matter Jetpack Skin.  Requires a known Jetpack plan to craft.  - SKIN IS CRAFTABLE AT POWER ARMOR STATIONS. -	SCORE_S1_ENTM_Skin_PowerArmor_Jetpack_CaptainCosmos_Black			100		
1	S1_R100_framed_captain_cosmos_gameboard		Framed Captain Cosmos Gameboard	0					/wp-content/uploads/season_images/score_s1_camp_walldeco_captaincosmos_gameboard.avif	Reminisce about all your intergalactic adventures with the Framed Captain Cosmos Gameboard.  - C.A.M.P. ITEMS APPEAR WHILE IN C.A.M.P. MODE. -	SCORE_S1_ENTM_CAMP_WallDeco_CaptainCosmos_Gameboard			100		
1	S1_R100_jangles_the_moon_monkey_stein		Jangles Beer Stein	0					/wp-content/uploads/season_images/score_s1_camp_floordecor_stein_jangles.avif	Have a drink and monkey around more with the Jangles Beer Stein!  - C.A.M.P. ITEMS APPEAR WHILE IN C.A.M.P. MODE. -	SCORE_S1_ENTM_CAMP_FloorDecor_Stein_Jangles			100		
1	S1_R100_planetarium_lamp		Planetarium Lamp	0					/wp-content/uploads/season_images/score_s1_camp_lights_planetariumlamp.avif	Turn your favorite room into a Planetarium with the Planetarium Lamp!  - C.A.M.P. ITEMS APPEAR WHILE IN C.A.M.P. MODE. -	SCORE_S1_ENTM_CAMP_Lights_PlanetariumLamp			100		
1	S1_P5_camp_furniture_chair_armytheater		Army Base Theater Chair	0					/wp-content/uploads/season_images/score_s1_camp_furniture_chair_armytheater.avif	Turn your C.A.M.P into a stage with the Army Base Theater Chair.  - C.A.M.P. ITEMS APPEAR WHILE IN C.A.M.P. MODE. -	SCORE_S1_ENTM_CAMP_Furniture_Chair_ArmyTheater					
1	S1_P8_skin_weaponmodel_compoundbow_flatwoodsfletcher		Flatwoods Fletcher Skin (Compound Bow)	0					/wp-content/uploads/season_images/score_s1_skin_weaponmodel_compoundbow_flatwoodsfletcher.avif	Arm yourself to hunt down the Flatwoods monster with the Flatwoods Fletcher Skin.  - SKIN IS CRAFTABLE AT WEAPON WORKBENCHES. -	SCORE_S1_ENTM_Skin_WeaponModel_CompoundBow_FlatwoodsFletcher					
1	S1_P4_camp_door_vault		Vault Door	0					/wp-content/uploads/season_images/score_s1_camp_door_vault.webp	Put a piece of home in your C.A.M.P. with this Vault Door!  - C.A.M.P. ITEMS APPEAR WHILE IN C.A.M.P. MODE. -	SCORE_S1_ENTM_CAMP_Door_Vault					
2	S2_R2_armor_ace_player_icon		Player Icon: Armor Ace	0		playerIcon	Armor Ace	player_icon	/wp-content/uploads/guide-images/atom-shop/player-icons/atx_playericon_score_04.avif	Show your commitment to the Power Patrol with this Ace of an Icon!  - UNLOCKS A PLAYER ICON. -	SCORE_S2_ENTM_PlayerIcon_Ace			2		
2	S2_R3_health_kit_bundle		Health Kit Bundle	0					/wp-content/uploads/season_images/utility/score_utility_healthkit.avif					3		
2	S2_R4_military_foot_locker_stash_box		Military Foot Locker Stash Box	0					/wp-content/uploads/season_images/score_s2_camp_stashbox_militaryfootlocker.avif	Keep it neat with the Military Foot Locker Stash Box.  - C.A.M.P. ITEMS APPEAR WHILE IN C.A.M.P. MODE. -	SCORE_S2_ENTM_CAMP_StashBox_MilitaryFootLocker			4		
2	S2_R5_weight_bench		Weight Bench	0					/wp-content/uploads/season_images/score_s2_utility_weightbench.avif	Get that beefy Wastelander look with the Weight Bench!  - Using the weight bench will grant a Strength Boost -  - AVAILABLE FOR GOLD BULLION PER CHARACTER. C.A.M.P. ITEMS APPEAR WHILE IN C.A.M.P. MODE. -	SCORE_S2_ENTM_Utility_WeightBench			5		
2	S2_R6_red_viper_wood_armor_paint		Red Viper Wood Armor Paint	0					/wp-content/uploads/season_images/score_s2_skin_armorskin_wood_redviper.avif	Prepare to do battle with the Power Patrol.  - SKIN IS CRAFTABLE AT ARMOR WORKBENCHES. -	SCORE_S2_ENTM_Skin_ArmorSkin_Wood_RedViper			6		
2	S2_R7_lunchboxes		Lunchbox x 3	0				lunchbox	/wp-content/uploads/season_images/utility/atx_store_lunchbox001.avif					7		
2	S2_R8_wooden_log_door		Wooden Log Door	0					/wp-content/uploads/season_images/score_s2_camp_door_wood_log.avif	A do-it-yourself creative door solution using all your excess fire wood!  - C.A.M.P. ITEMS APPEAR WHILE IN C.A.M.P. MODE. -	SCORE_S2_ENTM_CAMP_Door_Wood_Log			8		
2	S2_R9_medium_vault_tec_supply_package		Medium Vault-Tec Supply Package	0				supply_package	/wp-content/uploads/season_images/utility/score_utility_scrapball_medium.avif					9		
2	S2_R10_atoms		Atoms x 150	0				atoms	/wp-content/uploads/season_images/utility/score_currency_atoms.avif					10		
2	S2_R11_caps		Caps x 2500	0				caps	/wp-content/uploads/season_images/utility/score_currency_caps.avif					11		
2	S2_R12_red_viper_leather_armor_paint		Red Viper Leather Armor Paint	0					/wp-content/uploads/season_images/score_s2_skin_armorskin_leather_redviper.avif	Prepare to do battle with the Power Patrol.  Skin's appearance may differ when applied to different armor tiers.  - SKIN IS CRAFTABLE AT ARMOR WORKBENCHES. -	SCORE_S2_ENTM_Skin_ArmorSkin_Leather_RedViper			12		
2	S2_R13_large_vault_tec_supply_package		Large Vault-Tec Supply Package	0				supply_package	/wp-content/uploads/season_images/utility/score_utility_scrapball_large.avif					13		
2	S2_R14_brickhouse_s_armor_ace_paint_pump_action_shotgun		Brickhouse's Armor Ace Paint (Pump Action Shotgun)	0					/wp-content/uploads/season_images/score_s2_skin_weaponskin_pumpactionshotgun_armorace.avif	Wipe out the Red Vipers with a replica paint from Brickhouse's famous Shotgun.  - SKIN IS CRAFTABLE AT WEAPON WORKBENCHES. -	SCORE_S2_ENTM_Skin_WeaponSkin_PumpActionShotgun_ArmorAce			14		
2	S2_R15_perk_card_pack		Perk Card Pack x 1	0				perk_card_pack	/wp-content/uploads/season_images/utility/score_item_perkcardpack.avif					15		
2	S2_R16_legendary_scrip		Legendary Scrip x 50	0				legendary_scrip	/wp-content/uploads/season_images/utility/score_currency_scrip.avif					16		
2	S2_R17_lunchboxes		Lunchbox x 3	0				lunchbox	/wp-content/uploads/season_images/utility/atx_store_lunchbox001.avif					17		
2	S2_R18_armor_ace_power_armor_t_45_paint		Armor Ace Power Armor T-45 Paint	0					/wp-content/uploads/season_images/score_s2_skin_powerarmor_paint_t45_armorace.avif	Show your enemies how technology is power in this unique paint for the T-45 Power Armor.  - SKIN IS CRAFTABLE AT POWER ARMOR STATIONS. -	SCORE_S2_ENTM_Skin_PowerArmor_Paint_T45_ArmorAce			18		
2	S2_R19_ship_in_a_bottle		Ship in a Bottle	0					/wp-content/uploads/season_images/score_s2_camp_floordecor_shipinabottle.avif	It seemed impossible but you were able to get the ship in the bottle.  - C.A.M.P. ITEMS APPEAR WHILE IN C.A.M.P. MODE. -	SCORE_S2_ENTM_CAMP_FloorDecor_ShipInABottle			19		
2	S2_R20_atoms		Atoms x 150	0				atoms	/wp-content/uploads/season_images/utility/score_currency_atoms.avif					20		
2	S2_R21_gold_bullion		Gold Bullion x 50	0				gold_bullion	/wp-content/uploads/season_images/utility/score_currency_bullion.avif					21		
2	S2_R22_red_viper_metal_armor_paint		Red Viper Metal Armor Paint	0					/wp-content/uploads/season_images/score_s2_skin_armorskin_metal_redviper.avif	Prepare to do battle with the Power Patrol.  Skin's appearance may differ when applied to different armor tiers.  - SKIN IS CRAFTABLE AT ARMOR WORKBENCHES. -	SCORE_S2_ENTM_Skin_ArmorSkin_Metal_RedViper			22		
2	S2_R23_rad_kit_bundle		Rad Kit Bundle	0					/wp-content/uploads/season_images/utility/score_utility_radkit.avif					23		
2	S2_R24_armor_ace_photomode_frame		Armor Ace Photomode Frame	0					/wp-content/uploads/season_images/score_s2_photomode_frame_armorace.avif	Show off best of the best accomplishments with this Armor Ace Frame!  - UNLOCKS A PHOTOMODE FRAME. -	SCORE_S2_ENTM_Photomode_Frame_ArmorAce			24		
2	S2_R25_vault_tec_foosball_table		Vault-Tec Foosball Table	0					/wp-content/uploads/season_images/score_s2_furniture_foosballtable.avif	Trying to pass the time in the vault? No worries! Play a friendly game with the Vault-Tec Foosball Table!  - C.A.M.P. ITEMS APPEAR WHILE IN C.A.M.P. MODE. -	SCORE_S2_ENTM_Furniture_FoosballTable			25		
2	S2_R26_perk_card_pack		Perk Card Pack x 1	0				perk_card_pack	/wp-content/uploads/season_images/utility/score_item_perkcardpack.avif					26		
2	S2_R27_lunchboxes		Lunchbox x 3	0				lunchbox	/wp-content/uploads/season_images/utility/atx_store_lunchbox001.avif					27		
2	S2_R28_armor_ace_power_armor_t_51_paint		Armor Ace Power Armor T-51 Paint	0					/wp-content/uploads/season_images/score_s2_skin_powerarmor_paint_t51_armorace.avif	Show your enemies how technology is power in this unique paint for the T-51 Power Armor.  - SKIN IS CRAFTABLE AT POWER ARMOR STATIONS. -	SCORE_S2_ENTM_Skin_PowerArmor_Paint_T51_ArmorAce			28		
2	S2_R29_vintage_nukashine		Vintage Nukashine x 12	0				nukashine	/wp-content/uploads/season_images/utility/score_item_nukashine_sugarfree.avif					29		
2	S2_R30_atoms		Atoms x 150	0				atoms	/wp-content/uploads/season_images/utility/score_currency_atoms.avif					30		
2	S2_R31_caps		Caps x 2500	0				caps	/wp-content/uploads/season_images/utility/score_currency_caps.avif					31		
2	S2_R32_officer_s_gas_mask		Officer's Gas Mask	0					/wp-content/uploads/season_images/score_s2_apparel_headwear_gasmaskraider_officercap.avif	Take command of the wasteland with this Officer's Gas Mask.  - APPAREL IS CRAFTABLE AT ARMOR WORKBENCHES. -	SCORE_S2_ENTM_Apparel_Headwear_GasMaskRaider_OfficerCap			32		
2	S2_R33_scrap_kit		Scrap Kit x 3	0				scrap_kit	/wp-content/uploads/season_images/utility/atx_utility_repairkit_scraptostash.avif					33		
2	S2_R34_subjugator_player_icon		Player Icon: Subjugator	0		playerIcon	Subjugator	player_icon	/wp-content/uploads/guide-images/atom-shop/player-icons/atx_playericon_score_03.avif	Fear the Subjugator!  - UNLOCKS A PLAYER ICON. -	SCORE_S2_ENTM_PlayerIcon_Subjugator			34		
2	S2_R35_perk_card_pack		Perk Card Pack x 1	0				perk_card_pack	/wp-content/uploads/season_images/utility/score_item_perkcardpack.avif					35		
2	S2_R36_legendary_scrip		Legendary Scrip x 100	0				legendary_scrip	/wp-content/uploads/season_images/utility/score_currency_scrip.avif					36		
2	S2_R37_lunchboxes		Lunchbox x 3	0				lunchbox	/wp-content/uploads/season_images/utility/atx_store_lunchbox001.avif					37		
2	S2_R38_armor_ace_excavator_power_armor_paint		Armor Ace Power Armor Excavator Paint	0					/wp-content/uploads/season_images/score_s2_skin_powerarmor_paint_excavator_armorace.avif	Show your enemies how technology is power in this unique paint for the Excavator Power Armor.  - SKIN IS CRAFTABLE AT POWER ARMOR STATIONS. -	SCORE_S2_ENTM_Skin_PowerArmor_Paint_Excavator_ArmorAce			38		
2	S2_R39_army_base_floor_and_foundations		Army Base Floor and Foundations	0					/wp-content/uploads/season_images/score_s2_camp_floor_armorace.avif	Turn your entire C.A.M.P. into a bunker with this Army Base Tile Floor and Foundations set.  - C.A.M.P. ITEMS APPEAR WHILE IN C.A.M.P. MODE. -	SCORE_S2_ENTM_CAMP_Floor_ArmorAce			39		
2	S2_R40_atoms		Atoms x 150	0				atoms	/wp-content/uploads/season_images/utility/score_currency_atoms.avif					40		
2	S2_R41_nuclear_keycards		Nuclear Keycard x 5	0				nuclear_keycard	/wp-content/uploads/season_images/utility/score_utility_nuclearkeycard.avif					41		
2	S2_R42_red_viper_robot_armor_paint		Red Viper Robot Armor Paint	0					/wp-content/uploads/season_images/score_s2_skin_armorskin_robot_redviper.avif	Prepare to do battle with the Power Patrol.  Skin's appearance may differ when applied to different armor tiers.  - SKIN IS CRAFTABLE AT ARMOR WORKBENCHES. -	SCORE_S2_ENTM_Skin_ArmorSkin_Robot_RedViper			42		
2	S2_R43_basic_repair_kits		Basic Repair Kit x 3	0				repair_kit	/wp-content/uploads/season_images/utility/atx_utility_repairkit_basic.avif					43		
2	S2_R44_i_see_no_evil_pose		I See No Evil Pose	0					/wp-content/uploads/season_images/score_s2_photomode_pose_noevilsee.avif	Here's looking at you...!  - UNLOCKS A PHOTOMODE POSE. -	SCORE_S2_ENTM_Photomode_Pose_NoEvilSee			44		
2	S2_R45_perk_card_pack		Perk Card Pack x 1	0				perk_card_pack	/wp-content/uploads/season_images/utility/score_item_perkcardpack.avif					45		
2	S2_R46_red_viper_fatigues		Red Viper Fatigues	0					/wp-content/uploads/season_images/score_s2_apparel_outfit_redviper.avif	Show why they should fear the Red Viper!  - APPAREL IS CRAFTABLE AT ARMOR WORKBENCHES. -	SCORE_S2_ENTM_Apparel_Outfit_RedViper			46		
2	S2_R47_lunchboxes		Lunchbox x 3	0				lunchbox	/wp-content/uploads/season_images/utility/atx_store_lunchbox001.avif					47		
2	S2_R48_armor_ace_power_armor_t_60_paint		Armor Ace Power Armor T-60 Paint	0					/wp-content/uploads/season_images/score_s2_skin_powerarmor_paint_t60_armorace.avif	Show your enemies how technology is power in this unique paint for the T-60 Power Armor.  - SKIN IS CRAFTABLE AT POWER ARMOR STATIONS. -	SCORE_S2_ENTM_Skin_PowerArmor_Paint_T60_ArmorAce			48		
2	S2_R49_atoms		Atoms x 150	0				atoms	/wp-content/uploads/season_images/utility/score_currency_atoms.avif					49		
2	S2_R50_west_virginia_electric_train_set		West Virginia Electric Train Set	0					/wp-content/uploads/season_images/score_s2_camp_floordecor_electrictrainset_wv.avif	Gather your five closest friends and take a miniature world with the West Virginia Electric Train Set!  - C.A.M.P. ITEMS APPEAR WHILE IN C.A.M.P. MODE. -	SCORE_S2_ENTM_CAMP_FloorDecor_ElectricTrainset_WV			50		
2	S2_R51_atoms		Atoms x 150	0				atoms	/wp-content/uploads/season_images/utility/score_currency_atoms.avif					51		
2	S2_R52_gold_bullion		Gold Bullion x 50	0				gold_bullion	/wp-content/uploads/season_images/utility/score_currency_bullion.avif					52		
2	S2_R53_red_viper_combat_armor_paint		Red Viper Combat Armor Paint	0					/wp-content/uploads/season_images/score_s2_skin_armorskin_combat_redviper.avif	Prepare to do battle with the Power Patrol.  Skin's appearance may differ when applied to different armor tiers.  - SKIN IS CRAFTABLE AT ARMOR WORKBENCHES. -	SCORE_S2_ENTM_Skin_ArmorSkin_Combat_RedViper			53		
2	S2_R54_watching_you_emote		Watching You Emote	0					/wp-content/uploads/guide-images/atom-shop/emotes/Watching You.webp	For when your fellow Wastelander is up to something...  - UNLOCKS AN EMOTE OPTION. -	SCORE_S2_ENTM_Emotes_Taunt_WatchingYou			54		
2	S2_R55_perk_card_pack		Perk Card Pack x 1	0				perk_card_pack	/wp-content/uploads/season_images/utility/score_item_perkcardpack.avif					55		
2	S2_R56_armor_ace_wallpaper		Armor Ace Wallpaper	0					/wp-content/uploads/season_images/score_s2_camp_wallpaper_armorace.avif	Secure your C.A.M.P. with the Armor Ace Wallpaper!  - WALLPAPER ITEMS APPEAR WHILE IN C.A.M.P. EDIT MODE. -	SCORE_S2_ENTM_CAMP_WallPaper_ArmorAce			56		
2	S2_R57_lunchboxes		Lunchbox x 3	0				lunchbox	/wp-content/uploads/season_images/utility/atx_store_lunchbox001.avif					57		
2	S2_R58_armor_ace_power_armor_x_01_paint		Armor Ace Power Armor X-01 Paint	0					/wp-content/uploads/season_images/score_s2_skin_powerarmor_paint_x01_armorace.avif	Show your enemies how technology is power in this unique paint for the X-01 Power Armor.  - SKIN IS CRAFTABLE AT POWER ARMOR STATIONS. -	SCORE_S2_ENTM_Skin_PowerArmor_Paint_X01_ArmorAce			58		
2	S2_R59_rust_bucket_hammer_super_sledge		Rust Bucket Hammer (Super Sledge)	0					/wp-content/uploads/season_images/score_s2_skin_weaponmodel_supersledge_rustbucket.avif	The Rust Bucket Hammer holds the keys to success... and to concussions.  - SKIN IS CRAFTABLE AT WEAPON WORKBENCHES. -	SCORE_S2_ENTM_Skin_WeaponModel_SuperSledge_RustBucket			59		
2	S2_R60_atoms		Atoms x 150	0				atoms	/wp-content/uploads/season_images/utility/score_currency_atoms.avif					60		
2	S2_R61_legendary_scrip		Legendary Scrip x 250	0				legendary_scrip	/wp-content/uploads/season_images/utility/score_currency_scrip.avif					61		
2	S2_R62_red_viper_scout_armor_paint		Red Viper Scout Armor Paint	0					/wp-content/uploads/season_images/score_s2_skin_armorskin_scout_redviper.avif	Prepare to do battle with the Power Patrol.  - SKIN IS CRAFTABLE AT ARMOR WORKBENCHES. -	SCORE_S2_ENTM_Skin_ArmorSkin_Scout_RedViper			62		
2	S2_R63_scrap_kit		Scrap Kit x 6	0				scrap_kit	/wp-content/uploads/season_images/utility/atx_utility_repairkit_scraptostash.avif					63		
2	S2_R64_i_hear_no_evil_pose		I Hear No Evil Pose	0					/wp-content/uploads/season_images/score_s2_photomode_pose_noevilhear.avif	What did you say?!  - UNLOCKS A PHOTOMODE POSE. -	SCORE_S2_ENTM_Photomode_Pose_NoEvilHear			64		
2	S2_R65_perk_card_pack		Perk Card Pack x 1	0				perk_card_pack	/wp-content/uploads/season_images/utility/score_item_perkcardpack.avif					65		
2	S2_R66_brickhouse_player_icon		Player Icon: Brickhouse	0		playerIcon	Brickhouse	player_icon	/wp-content/uploads/guide-images/atom-shop/player-icons/atx_playericon_score_07.avif	One of the best of the Power Patrol.  - UNLOCKS A PLAYER ICON. -	SCORE_S2_ENTM_PlayerIcon_Brickhouse01			66		
2	S2_R67_lunchboxes		Lunchbox x 3	0				lunchbox	/wp-content/uploads/season_images/utility/atx_store_lunchbox001.avif					67		
2	S2_R68_armor_ace_power_armor_ultracite_paint		Armor Ace Power Armor Ultracite Paint	0					/wp-content/uploads/season_images/score_s2_skin_powerarmor_paint_ultracite_armorace.avif	Show your enemies how technology is power in this unique paint for the Ultracite Power Armor.  - SKIN IS CRAFTABLE AT POWER ARMOR STATIONS. -	SCORE_S2_ENTM_Skin_PowerArmor_Paint_Ultracite_ArmorAce			68		
2	S2_R69_armor_ace_laser_shooting_gallery		Armor Ace Laser Shooting Gallery	0					/wp-content/uploads/season_images/score_s2_camp_furniture_shootinggallery_armorace.avif	Turn your C.A.M.P into a training center with the Armor Ace Laser Shooting Gallery!  - C.A.M.P. ITEMS APPEAR WHILE IN C.A.M.P. MODE. -	SCORE_S2_ENTM_CAMP_Furniture_ShootingGallery_ArmorAce			69		
2	S2_R70_atoms		Atoms x 150	0				atoms	/wp-content/uploads/season_images/utility/score_currency_atoms.avif					70		
2	S2_R71_gold_bullion		Gold Bullion x 100	0				gold_bullion	/wp-content/uploads/season_images/utility/score_currency_bullion.avif					71		
2	S2_R72_red_viper_marine_armor_paint		Red Viper Marine Armor Paint	0					/wp-content/uploads/season_images/score_s2_skin_armorskin_marine_redviper.avif	Prepare to do battle with the Power Patrol.  - SKIN IS CRAFTABLE AT ARMOR WORKBENCHES. -	SCORE_S2_ENTM_Skin_ArmorSkin_Marine_RedViper			72		
2	S2_R73_basic_repair_kits		Basic Repair Kit x 3	0				repair_kit	/wp-content/uploads/season_images/utility/atx_utility_repairkit_basic.avif					73		
2	S2_R74_power_patrol_player_icon		Player Icon: Power Patrol	0		playerIcon	Power Patrol	player_icon	/wp-content/uploads/guide-images/atom-shop/player-icons/atx_playericon_score_02.avif	Continue to fight the good fight with this Power Patrol Icon!  - UNLOCKS A PLAYER ICON. -	SCORE_S2_ENTM_PlayerIcon_PowerPatrol			74		
2	S2_R75_perk_card_pack		Perk Card Pack x 2	0				perk_card_pack	/wp-content/uploads/season_images/utility/score_item_perkcardpack.avif					75		
2	S2_R76_brotherhood_of_steel_field_station		Brotherhood of Steel Field Station	0					/wp-content/uploads/season_images/score_s2_camp_structure_bosfieldstation.avif	Keep your technology safe from the evils of the Wasteland with the Brotherhood of Steel Field Station.  Brotherhood Field Station door is included and built separately.  - C.A.M.P. ITEMS APPEAR WHILE IN C.A.M.P. MODE. -	SCORE_S2_ENTM_CAMP_Structure_BoSFieldStation			76		
2	S2_R77_lunchboxes		Lunchbox x 3	0				lunchbox	/wp-content/uploads/season_images/utility/atx_store_lunchbox001.avif					77		
2	S2_R78_armor_ace_power_armor_t_65_paint		Armor Ace Power Armor T-65 Paint	0					/wp-content/uploads/season_images/score_s2_skin_powerarmor_paint_t65_armorace.avif	Show your enemies how technology is power in this unique paint for the T-65 Power Armor.  - SKIN IS CRAFTABLE AT POWER ARMOR STATIONS. -	SCORE_S2_ENTM_Skin_PowerArmor_Paint_T65_ArmorAce			78		
2	S2_R79_tropic_lightning_camo_skin_handmade_rifle		Tropic Lightning Camo Skin (Handmade Rifle)	0					/wp-content/uploads/season_images/score_s2_skin_weaponmodel_handmadegun_tropiclightning_camo.avif	Prepare for covert battle with the Tropic Lightning Camo Skin for the Handmade Rifle.  - SKIN IS CRAFTABLE AT WEAPON WORKBENCHES. -	SCORE_S2_ENTM_Skin_WeaponModel_HandmadeGun_TropicLightning_Camo			79		
2	S2_R80_atoms		Atoms x 150	0				atoms	/wp-content/uploads/season_images/utility/score_currency_atoms.avif					80		
2	S2_R81_legendary_scrip		Legendary Scrip x 250	0				legendary_scrip	/wp-content/uploads/season_images/utility/score_currency_scrip.avif					81		
2	S2_R82_red_viper_secret_service_armor_paint		Red Viper Secret Service Armor Paint	0					/wp-content/uploads/season_images/score_s2_skin_armorskin_secretservice_redviper.avif	Prepare to do battle with the Power Patrol.  - SKIN IS CRAFTABLE AT ARMOR WORKBENCHES. -	SCORE_S2_ENTM_Skin_ArmorSkin_SecretService_RedViper			82		
2	S2_R83_scrap_kit		Scrap Kit x 15	0				scrap_kit	/wp-content/uploads/season_images/utility/atx_utility_repairkit_scraptostash.avif					83		
2	S2_R84_i_speak_no_evil_pose		I Speak No Evil Pose	0					/wp-content/uploads/season_images/score_s2_photomode_pose_noevilspeak.avif	Oh my!  - UNLOCKS A PHOTOMODE POSE. -	SCORE_S2_ENTM_Photomode_Pose_NoEvilSpeak			84		
2	S2_R85_perk_card_pack		Perk Card Pack x 2	0				perk_card_pack	/wp-content/uploads/season_images/utility/score_item_perkcardpack.avif					85		
2	S2_R86_armor_ace_backpack		Armor Ace Backpack	0					/wp-content/uploads/season_images/score_s2_skin_backpack_armorace.avif	Fly High with this Armor Ace Backpack.  This skin can be applied to both the Small and Standard Backpack as a mod.  - SKIN IS CRAFTABLE AT ARMOR WORKBENCHES. -	SCORE_S2_ENTM_Skin_Backpack_ArmorAce			86		
2	S2_R87_lunchboxes		Lunchbox x 6	0				lunchbox	/wp-content/uploads/season_images/utility/atx_store_lunchbox001.avif					87		
2	S2_R88_armor_ace_jetpack		Armor Ace Jetpack	0					/wp-content/uploads/season_images/score_s2_skin_powerarmor_jetpack_armorace.avif	Take the battle to the skies with the Armor Ace Jetpack!  Requires a known Jetpack plan to craft.  - SKIN IS CRAFTABLE AT POWER ARMOR STATIONS. -	SCORE_S2_ENTM_Skin_PowerArmor_Jetpack_ArmorAce			88		
2	S2_R89_mind_blown_emote		Mind Blown Emote	0					/wp-content/uploads/guide-images/atom-shop/emotes/Mind Blown.webp	Like a Nuke to the forehead!  - UNLOCKS AN EMOTE OPTION. -	SCORE_S2_ENTM_Emotes_Misc_MindBlown			89		
2	S2_R90_atoms		Atoms x 150	0				atoms	/wp-content/uploads/season_images/utility/score_currency_atoms.avif					90		
2	S2_R91_gold_bullion		Gold Bullion x 100	0				gold_bullion	/wp-content/uploads/season_images/utility/score_currency_bullion.avif					91		
2	S2_R92_tanker_helmet		Tank Helmet	0					/wp-content/uploads/season_images/score_s2_apparel_headwear_tank_helmet.avif	Take command of the battlefield with this Tank Helmet!  - APPAREL IS CRAFTABLE AT ARMOR WORKBENCHES. -	SCORE_S2_ENTM_Apparel_Headwear_Tank_Helmet			92		
2	S2_R93_basic_repair_kits		Basic Repair Kit x 15	0				repair_kit	/wp-content/uploads/season_images/utility/atx_utility_repairkit_basic.avif					93		
2	S2_R94_special_issue_gauss_pistol_paint		Special Issue Gauss Pistol Paint	0					/wp-content/uploads/season_images/score_s1_skin_weaponskin_gausspistol_specialissue.avif	Only a select few are worthy of the Special Issue Gauss Pistol Paint.  - SKIN IS CRAFTABLE AT WEAPON WORKBENCHES. -	SCORE_S1_ENTM_Skin_WeaponSkin_GaussPistol_SpecialIssue			94		
2	S2_R95_perk_card_pack		Perk Card Pack x 3	0				perk_card_pack	/wp-content/uploads/season_images/utility/score_item_perkcardpack.avif					95		
2	S2_R96_the_subjugator_mask		The Subjugator Mask	0					/wp-content/uploads/season_images/score_s2_apparel_headwear_subjugator.avif	All will fear the true power of the Subjugator!  - APPAREL IS CRAFTABLE AT ARMOR WORKBENCHES. -	SCORE_S2_ENTM_Apparel_Headwear_Subjugator			96		
2	S2_R97_lunchboxes		Lunchbox x 9	0				lunchbox	/wp-content/uploads/season_images/utility/atx_store_lunchbox001.avif					97		
2	S2_R98_the_subjugator_outfit		The Subjugator Outfit	0					/wp-content/uploads/season_images/score_s2_apparel_outfit_subjugator.avif	All will fear the true power of the Subjugator!  - APPAREL IS CRAFTABLE AT ARMOR WORKBENCHES. -	SCORE_S2_ENTM_Apparel_Outfit_Subjugator			98		
2	S2_R99_greenhouse_set		Greenhouse Set	0					/wp-content/uploads/season_images/score_s2_camp_kit_greenhouse.avif	Build an indoor garden with the Greenhouse Set!  - Includes a wall kit with rooftops. - - C.A.M.P. ITEMS APPEAR WHILE IN C.A.M.P. MODE. -	SCORE_S2_ENTM_CAMP_Kit_Greenhouse			99		
2	S2_R100_ace_full_assault_power_armor_paint		Ace Full Assault Power Armor Paint	0					/wp-content/uploads/season_images/score_s2_skin_powerarmor_model_acefullassault.avif	End the threat of the Subjugator and Red Vipers with the Ace Full Assault Power Armor Paint.  This is a unique skin that completely alters the appearance of your Power Armor. It can be equipped on all main Power Armors.  - SKIN IS CRAFTABLE AT POWER ARMOR STATIONS. -	SCORE_S2_ENTM_Skin_PowerArmor_Model_AceFullAssault			100		
2	S2_R100_armor_ace_eagle_stein		Armor Ace Eagle Stein	0					/wp-content/uploads/season_images/score_s2_camp_floordecor_stein_armorace.avif	Have a drink and celebrate your decisive victory with this Armor Ace Stein!  - C.A.M.P. ITEMS APPEAR WHILE IN C.A.M.P. MODE. -	SCORE_S2_ENTM_CAMP_FloorDecor_Stein_ArmorAce			100		
2	S2_R100_atoms		Atoms x 500	0				atoms	/wp-content/uploads/season_images/utility/score_currency_atoms.avif					100		
2	S2_R100_framed_armor_ace_gameboard		Framed Armor Ace Gameboard	0					/wp-content/uploads/season_images/score_s2_camp_walldeco_armorace_gameboard.avif	Reminisce about your battles against the Red Vipers with the Framed Armor Ace Gameboard.  - C.A.M.P. ITEMS APPEAR WHILE IN C.A.M.P. MODE. -	SCORE_S2_ENTM_CAMP_WallDeco_ArmorAce_Gameboard			100		
2	S2_R100_ace_full_assault_player_icon		Player Icon: Ace Full Assault	0		playerIcon	Ace Full Assault	player_icon	/wp-content/uploads/guide-images/atom-shop/player-icons/atx_playericon_score_05.avif	Show the power of the Power Patrol!  - UNLOCKS A PLAYER ICON. -	SCORE_S2_ENTM_PlayerIcon_ArmorAce01			100		
2	S2_P3_apparel_headwear_gasmaskraider_officercap_commie		Commmunist Officer's Gas Mask	0					/wp-content/uploads/season_images/score_s2_apparel_headwear_gasmaskraider_officercap_commie.avif	Take Command of the Wasteland with this Communist Officer's Gas Mask.  - APPAREL IS CRAFTABLE AT ARMOR WORKBENCHES. -	SCORE_S2_ENTM_Apparel_Headwear_GasMaskRaider_OfficerCap_Commie					
2	S2_P4_skin_weaponskin_huntingrifle_communist		Communist Hunting Rifle Paint	0					/wp-content/uploads/season_images/score_s2_skin_weaponskin_huntingrifle_communist.webp	Conceal your weapon from your prey with the Ghillie Hunting Rifle Paint.  - SKIN IS CRAFTABLE AT WEAPON WORKBENCHES. -	SCORE_S2_ENTM_Skin_WeaponSkin_HuntingRifle_Communist					
2	S2_P7_utility_planter_metaltub		Metal Tub Planter	0					/wp-content/uploads/season_images/score_s2_utility_planter_metaltub.avif	Plant your crops in style with the Metal Tub Planter.  - C.A.M.P. ITEMS APPEAR WHILE IN C.A.M.P. MODE. -	SCORE_S2_ENTM_Utility_Planter_MetalTub					
2	S2_P1_playericon_armorace02		Player Icon: Armor Ace Helmet	0		playerIcon	Armor Ace Helmet	player_icon	/wp-content/uploads/guide-images/atom-shop/player-icons/atx_playericon_score_06.avif	Armor Ace is here to battle!  - UNLOCKS A PLAYER ICON. -	SCORE_S2_ENTM_PlayerIcon_ArmorAce02					
2	S2_P1_playericon_platinum01		Player Icon: Platinum	0		playerIcon	Platinum	player_icon	/wp-content/uploads/guide-images/atom-shop/player-icons/atx_playericon_score_10.avif	A true hero of the Power Patrol.  - UNLOCKS A PLAYER ICON. -	SCORE_S2_ENTM_PlayerIcon_Platinum01					
2	S2_P2_playericon_subjugator03		Player Icon: Subjugator's Glare	0		playerIcon	Subjugator's Glare	player_icon	/wp-content/uploads/guide-images/atom-shop/player-icons/atx_playericon_score_13.avif	The Subjugator sees all!  - UNLOCKS A PLAYER ICON. -	SCORE_S2_ENTM_PlayerIcon_Subjugator03					
2	S2_P1_playericon_subjugator02		Player Icon: Subjugator's Power	0		playerIcon	Subjugator's Power	player_icon	/wp-content/uploads/guide-images/atom-shop/player-icons/atx_playericon_score_11.avif	All will know the power of the Subjugator!  - UNLOCKS A PLAYER ICON. -	SCORE_S2_ENTM_PlayerIcon_Subjugator02					
2	S2_P3_apparel_headwear_redviper		Red Viper Hat	0					/wp-content/uploads/season_images/score_s2_apparel_headwear_redviper.webp	Show why they should fear the Red Viper!   - APPAREL IS CRAFTABLE AT ARMOR WORKBENCHES. -	SCORE_S2_ENTM_Apparel_Headwear_RedViper					
3	S3_R2_kd_inkwell_player_icon		Player Icon: K.D. Inkwell	0		playerIcon	K.D. Inkwell	player_icon	/wp-content/uploads/guide-images/atom-shop/player-icons/atx_playericon_score_14.avif	The intrepid time traveling historian!  - UNLOCKS A PLAYER ICON. -	SCORE_S3_ENTM_PlayerIcon_KDInkwell			2		
3	S3_R3_turbo_fert_fertilizer		Turbo-Fert Fertilizer x 10	0					/wp-content/uploads/season_images/utility/score_item_turbofertgrenade.avif					3		
3	S3_R4_perfect_bubblegum		Perfect Bubblegum x 1	0				perfect_bubblegum	/wp-content/uploads/season_images/utility/score_utility_bubblegumperfect.avif					4		
3	S3_R5_antique_speed_bag		Antique Speed Bag	0					/wp-content/uploads/season_images/score_s3_camp_floordecor_exerciseequipment_antiquespeedbag.avif	Build up your agility with the Antique Speed Bag!  - AVAILABLE FOR GOLD BULLION PER CHARACTER. C.A.M.P. ITEMS APPEAR WHILE IN C.A.M.P. MODE. -	SCORE_S3_ENTM_CAMP_FloorDecor_ExerciseEquipment_AntiqueSpeedBag			5		
3	S3_R5_brotherhood_photomode_frame		Brotherhood Photomode Frame	0	TRUE				/wp-content/uploads/season_images/season-3/score_s3_photomode_frame_bos.avif					5		
3	S3_R6_clean_office_cabinet		Clean Office Cabinet	0					/wp-content/uploads/season_images/score_s3_camp_stashbox_babylon_officefilecabinet01.avif	Give your C.A.M.P. that modern office sheen with the Clean Office Cabinet!  - C.A.M.P. ITEMS APPEAR WHILE IN C.A.M.P. MODE. -	SCORE_S3_ENTM_CAMP_StashBox_Babylon_OfficeFileCabinet01			6		
3	S3_R7_lunchbox		Lunchbox x 3	0				lunchbox	/wp-content/uploads/season_images/utility/atx_store_lunchbox001.avif					7		
3	S3_R8_vault_bed		Vault Bed	0					/wp-content/uploads/season_images/score_s3_camp_furniture_shelters_bed.avif	Kick back and relax with this Vault Bed!  - C.A.M.P. ITEMS APPEAR WHILE IN C.A.M.P. MODE. -	SCORE_S3_ENTM_CAMP_Furniture_Shelters_Bed			8		
3	S3_R9_medium_vault_tec_supply_package		Medium Vault-Tec Supply Package	0				supply_package	/wp-content/uploads/season_images/utility/score_utility_scrapball_medium.avif					9		
3	S3_R10_atoms		Atoms x 150	0				atoms	/wp-content/uploads/season_images/utility/score_currency_atoms.avif					10		
3	S3_R11_caps		Caps x 2500	0				caps	/wp-content/uploads/season_images/utility/score_currency_caps.avif					11		
3	S3_R12_basic_repair_kit		Basic Repair Kit x 3	0				repair_kit	/wp-content/uploads/season_images/utility/atx_utility_repairkit_basic.avif					12		
3	S3_R12_brotherhood_player_icon		Brotherhood Player Icon	0	TRUE				/wp-content/uploads/guide-images/atom-shop/player-icons/atx_playericon_score_17.avif					12		
3	S3_R13_large_vault_tec_supply_package		Large Vault-Tec Supply Package	0				supply_package	/wp-content/uploads/season_images/utility/score_utility_scrapball_large.avif					13		
3	S3_R14_sportsman_paint		Sportsman Paint (Pump Action Shotgun)	0					/wp-content/uploads/season_images/score_s3_skin_weaponskin_pumpactionshotgun_sportsman.avif	Help support Appalachian wildlife conservation with the Sportsman Shotgun Paint.  - SKIN IS CRAFTABLE AT WEAPON WORKBENCHES. -	SCORE_S3_ENTM_Skin_WeaponSkin_PumpActionShotgun_Sportsman			14		
3	S3_R15_perk_card_pack		Perk Card Pack x 1	0				perk_card_pack	/wp-content/uploads/season_images/utility/score_item_perkcardpack.avif					15		
3	S3_R16_legendary_scrip		Legendary Scrip x 50	0				legendary_scrip	/wp-content/uploads/season_images/utility/score_currency_scrip.avif					16		
3	S3_R17_lunchbox		Lunchbox x 3	0				lunchbox	/wp-content/uploads/season_images/utility/atx_store_lunchbox001.avif					17		
3	S3_R18_guild_of_antiquities_t_45_power_armor_paint		Guild of Antiquities Power Armor T-45 Paint	0					/wp-content/uploads/season_images/score_s3_skin_powerarmor_paint_t45_kdinkwell.avif	What treasures you will find in this Guild of Antiquities paint for the T-45 Power Armor.  - SKIN IS CRAFTABLE AT POWER ARMOR STATIONS. -	SCORE_S3_ENTM_Skin_PowerArmor_Paint_T45_KDInkwell			18		
3	S3_R19_vault_nightstand		Vault Nightstand	0					/wp-content/uploads/season_images/score_s3_camp_furniture_shelters_nightstand.avif	This Vault Nightstand is perfect for the bedside!  - C.A.M.P. ITEMS APPEAR WHILE IN C.A.M.P. MODE. -	SCORE_S3_ENTM_CAMP_Furniture_Shelters_NightStand			19		
3	S3_R20_atoms		Atoms x 150	0				atoms	/wp-content/uploads/season_images/utility/score_currency_atoms.avif					20		
3	S3_R20_lunchbox		Lunchbox x 3	0	TRUE			lunchbox	/wp-content/uploads/season_images/utility/atx_store_lunchbox001.avif					20		
3	S3_R21_gold_bullion		Gold Bullion x 50	0				gold_bullion	/wp-content/uploads/season_images/utility/score_currency_bullion.avif					21		
3	S3_R22_daring_adventures_photomode_frame		Daring Adventures Photomode Frame	0					/wp-content/uploads/season_images/score_s3_photomode_frame_kdinkwell.avif	Go to places never before seen with K.D. Inkwell!  - UNLOCKS A PHOTOMODE FRAME. -	SCORE_S3_ENTM_Photomode_Frame_KDInkwell			22		
3	S3_R23_perfect_bubblegum		Perfect Bubblegum x 1	0				perfect_bubblegum	/wp-content/uploads/season_images/utility/score_utility_bubblegumperfect.avif					23		
3	S3_R24_clean_hospital_bed		Clean Hospital Bed	0					/wp-content/uploads/season_images/score_s3_camp_bed_babylon_hospitalbed_clean.avif	Give your patients somewhere comfortable to rest with the Clean Hospital Bed!  - C.A.M.P. ITEMS APPEAR WHILE IN C.A.M.P. MODE. -	SCORE_S3_ENTM_CAMP_Bed_Babylon_HospitalBed_Clean			24		
3	S3_R25_lite_ally_yasmin_chowdhury		Lite Ally: Yasmin Chowdhury	0					/wp-content/uploads/season_images/score_s3_camp_ally_chef_yasminchowdhury.avif	Don't be shy, try her latest creation! Yasmin is a Chef that makes your C.A.M.P. feel like home.  - ALLIES  APPEAR ONCE THEIR FURNITURE IS PLACED IN C.A.M.P. MODE. -	SCORE_S3_ENTM_CAMP_Ally_Chef_YasminChowdhury			25		
3	S3_R26_perk_card_pack		Perk Card Pack x 2	0				perk_card_pack	/wp-content/uploads/season_images/utility/score_item_perkcardpack.avif					26		
3	S3_R27_lunchbox		Lunchbox x 3	0				lunchbox	/wp-content/uploads/season_images/utility/atx_store_lunchbox001.avif					27		
3	S3_R28_guild_of_antiquities_t_51b_power_armor_paint		Guild of Antiquities Power Armor T-51 Paint	0					/wp-content/uploads/season_images/score_s3_skin_powerarmor_paint_t51_kdinkwell.avif	What treasures you will find in this Guild of Antiquities paint for the T-51 Power Armor.  - SKIN IS CRAFTABLE AT POWER ARMOR STATIONS. -	SCORE_S3_ENTM_Skin_PowerArmor_Paint_T51_KDInkwell			28		
3	S3_R29_vault_desk		Vault Desk	0					/wp-content/uploads/season_images/score_s3_camp_furniture_shelters_desk.avif	Study up with the Vault Desk!  - C.A.M.P. ITEMS APPEAR WHILE IN C.A.M.P. MODE. -	SCORE_S3_ENTM_CAMP_Furniture_Shelters_Desk			29		
3	S3_R30_atoms		Atoms x 150	0				atoms	/wp-content/uploads/season_images/utility/score_currency_atoms.avif					30		
3	S3_R31_caps		Caps x 2500	0				caps	/wp-content/uploads/season_images/utility/score_currency_caps.avif					31		
3	S3_R32_red_rocket_backpack_flair		Red Rocket Backpack Flair	0					/wp-content/uploads/season_images/score_s3_skin_backpackflair_redrocket.avif	Show your love for the best refueling service in America, Red Rocket!  Flairs can be applied to most Backpacks.  - FLAIRS ARE APPLIED AT ARMOR WORKBENCHES. -	SCORE_S3_ENTM_Skin_BackpackFlair_RedRocket			32		
3	S3_R33_scrap_kit		Scrap Kit x 3	0				scrap_kit	/wp-content/uploads/season_images/utility/atx_utility_repairkit_scraptostash.avif					33		
3	S3_R34_kd_inkwell_s_quill_player_icon		Player Icon: K.D. Inkwell's Quill	0		playerIcon	K.D. Inkwell's Quill	player_icon	/wp-content/uploads/guide-images/atom-shop/player-icons/atx_playericon_score_16.avif	K.D. Inkwell's Astoudingly Awesome Quill!  - UNLOCKS A PLAYER ICON. -	SCORE_S3_ENTM_PlayerIcon_Quill			34		
3	S3_R35_herringbone_wood_floor_and_foundations		Herringbone Wood Floor and Foundations	0	TRUE				/wp-content/uploads/season_images/season-3/score_s3_camp_floor_woodherringbone.avif					35		
3	S3_R35_perk_card_pack		Perk Card Pack x 2	0				perk_card_pack	/wp-content/uploads/season_images/utility/score_item_perkcardpack.avif					35		
3	S3_R36_legendary_scrip		Legendary Scrip x 100	0				legendary_scrip	/wp-content/uploads/season_images/utility/score_currency_scrip.avif					36		
3	S3_R37_lunchbox		Lunchbox x 3	0				lunchbox	/wp-content/uploads/season_images/utility/atx_store_lunchbox001.avif					37		
3	S3_R38_guild_of_antiquities_excavator_power_armor_paint		Guild of Antiquities Power Armor Excavator Paint	0					/wp-content/uploads/season_images/score_s3_skin_powerarmor_paint_excavator_kdinkwell.avif	What treasures you will find in this Guild of Antiquities paint for the Excavator Power Armor.  - SKIN IS CRAFTABLE AT POWER ARMOR STATIONS. -	SCORE_S3_ENTM_Skin_PowerArmor_Paint_Excavator_KDInkwell			38		
3	S3_R39_clean_industrial_fan		Clean Industrial Fan	0					/wp-content/uploads/season_images/season-3/score_s3_camp_walldeco_industrialfan_clean.avif					39		
3	S3_R40_atoms		Atoms x 150	0				atoms	/wp-content/uploads/season_images/utility/score_currency_atoms.avif					40		
3	S3_R41_gold_bullion		Gold Bullion x 50	0				gold_bullion	/wp-content/uploads/season_images/utility/score_currency_bullion.avif					41		
3	S3_R42_kd_inkwell_s_quill_paint		K.D. Inkwell's Quill Paint (Baton)	0					/wp-content/uploads/season_images/score_s3_skin_weaponmodel_quill.avif	Write the history of Avalon with this K.D. Inkwell's Quill Paint for the Baton.  - SKIN IS CRAFTABLE AT WEAPON WORKBENCHES. -	SCORE_S3_ENTM_Skin_WeaponModel_Quill			42		
3	S3_R43_perfect_bubblegum		Perfect Bubblegum x 1	0				perfect_bubblegum	/wp-content/uploads/season_images/utility/score_utility_bubblegumperfect.avif					43		
3	S3_R44_taking_off_pose		Taking Off Pose	0					/wp-content/uploads/season_images/score_s3_photomode_pose_takingoff.avif	When you are ready to take flight!  - UNLOCKS A PHOTOMODE POSE. -	SCORE_S3_ENTM_Photomode_Pose_TakingOff			44		
3	S3_R45_perk_card_pack		Perk Card Pack x 1	0				perk_card_pack	/wp-content/uploads/season_images/utility/score_item_perkcardpack.avif					45		
3	S3_R46_black_rubber_mat		Black Rubber Mat	0					/wp-content/uploads/season_images/score_s3_camp_floordecor_blackmat.avif	Add a little industrial flair with the Black Rubber Mat for your C.A.M.P. or Shelter!  - C.A.M.P. ITEMS APPEAR WHILE IN C.A.M.P. MODE. -	SCORE_S3_ENTM_CAMP_FloorDecor_BlackMat			46		
3	S3_R47_lunchbox		Lunchbox x 3	0				lunchbox	/wp-content/uploads/season_images/utility/atx_store_lunchbox001.avif					47		
3	S3_R48_guild_of_antiquities_t_60_power_armor_paint		Guild of Antiquities Power Armor T-60 Paint	0					/wp-content/uploads/season_images/score_s3_skin_powerarmor_paint_t60_kdinkwell.avif	What treasures you will find in this Guild of Antiquities paint for the T-60 Power Armor.  - SKIN IS CRAFTABLE AT POWER ARMOR STATIONS. -	SCORE_S3_ENTM_Skin_PowerArmor_Paint_T60_KDInkwell			48		
3	S3_R49_atoms		Atoms x 150	0				atoms	/wp-content/uploads/season_images/utility/score_currency_atoms.avif					49		
3	S3_R50_lite_ally_solomon_hardy		Lite Ally: Solomon Hardy	0					/wp-content/uploads/season_images/score_s3_camp_ally_medic_solomonhardy.avif	Lucky for you, the doctor is in. What can he do for you?  - ALLIES  APPEAR ONCE THEIR FURNITURE IS PLACED IN C.A.M.P. MODE. -	SCORE_S3_ENTM_CAMP_Ally_Medic_SolomonHardy			50		
3	S3_R50_lunchbox		Lunchbox x 3	0	TRUE			lunchbox	/wp-content/uploads/season_images/utility/atx_store_lunchbox001.avif					50		
3	S3_R51_atoms		Atoms x 150	0				atoms	/wp-content/uploads/season_images/utility/score_currency_atoms.avif					51		
3	S3_R52_caps		Caps x 2500	0				caps	/wp-content/uploads/season_images/utility/score_currency_caps.avif					52		
3	S3_R53_clean_toilet		Clean Toilet	0					/wp-content/uploads/season_images/score_s3_camp_floordecor_toilet_clean.avif	Impress your guests with the Clean Toilet.  - C.A.M.P. ITEMS APPEAR WHILE IN C.A.M.P. MODE. -	SCORE_S3_ENTM_CAMP_FloorDecor_Toilet_Clean			53		
3	S3_R54_perfect_bubblegum		Perfect Bubblegum x 1	0				perfect_bubblegum	/wp-content/uploads/season_images/utility/score_utility_bubblegumperfect.avif					54		
3	S3_R55_perk_card_pack		Perk Card Pack x 1	0				perk_card_pack	/wp-content/uploads/season_images/utility/score_item_perkcardpack.avif					55		
3	S3_R56_10mm_pistol_settler_paint		Settler's Special Paint (10mm)	0					/wp-content/uploads/season_images/score_s3_skin_weaponskin_10mm_settler.avif	Add some special style to your 10mm with the Settler's Special Paint.  - SKIN IS CRAFTABLE AT WEAPON WORKBENCHES. -	SCORE_S3_ENTM_Skin_WeaponSkin_10mm_Settler			56		
3	S3_R57_lunchbox		Lunchbox x 3	0				lunchbox	/wp-content/uploads/season_images/utility/atx_store_lunchbox001.avif					57		
3	S3_R58_guild_of_antiquities_x_01_power_armor_paint		Guild of Antiquities Power Armor X-01 Paint	0					/wp-content/uploads/season_images/score_s3_skin_powerarmor_paint_x01_kdinkwell.avif	What treasures you will find in this Guild of Antiquities paint for the X-01 Power Armor.  - SKIN IS CRAFTABLE AT POWER ARMOR STATIONS. -	SCORE_S3_ENTM_Skin_PowerArmor_Paint_X01_KDInkwell			58		
3	S3_R59_vault_tile_white_floors		Vault Tile White Floors	0					/wp-content/uploads/season_images/score_s3_camp_floor_shelters_vaulttile_white.avif	Decorate your C.A.M.P. or Shelters with these Vault Tile White Floors!   - C.A.M.P. ITEMS APPEAR WHILE IN C.A.M.P. MODE. -	SCORE_S3_ENTM_CAMP_Floor_Shelters_VaultTile_White			59		
3	S3_R60_atoms		Atoms x 150	0				atoms	/wp-content/uploads/season_images/utility/score_currency_atoms.avif					60		
3	S3_R61_legendary_scrip		Legendary Scrip x 250	0				legendary_scrip	/wp-content/uploads/season_images/utility/score_currency_scrip.avif					61		
3	S3_R62_scrap_kit		Scrap Kit x 6	0				scrap_kit	/wp-content/uploads/season_images/utility/atx_utility_repairkit_scraptostash.avif					62		
3	S3_R63_cynnoc_player_icon		Player Icon: Cynnoc	0		playerIcon	Cynnoc	player_icon	/wp-content/uploads/guide-images/atom-shop/player-icons/atx_playericon_score_15.avif	The Elusive Scribe...  - UNLOCKS A PLAYER ICON. -	SCORE_S3_ENTM_PlayerIcon_Cynnoc			63		
3	S3_R64_legendary_module		Legendary Module x 3	0				legendary_module	/wp-content/uploads/season_images/utility/score_game_legendarymodule.avif					64		
3	S3_R65_american_tank_helmet		American Tank Helmet	0	TRUE				/wp-content/uploads/season_images/season-3/score_s3_apparel_headwear_tank_helmet_armorace.avif					65		
3	S3_R65_perk_card_pack		Perk Card Pack x 1	0				perk_card_pack	/wp-content/uploads/season_images/utility/score_item_perkcardpack.avif					65		
3	S3_R66_vintage_tacklebox_loot_bag		Vintage Tacklebox Loot Bag	0					/wp-content/uploads/season_images/score_s3_skin_lootbag_vintage_tacklebox.avif	This Vintage Tacklebox Loot Bag is sturdy, versatile, and reliable. Never worry about your valuables again!  This item replaces the appearance of your dropped Paper Bag.  - UNLOCKS A PLAYER LOOT BAG SKIN FOR ALL CHARACTERS. -	SCORE_S3_ENTM_Skin_LootBag_Vintage_Tacklebox			66		
3	S3_R67_perfect_bubblegum		Perfect Bubblegum x 1	0				perfect_bubblegum	/wp-content/uploads/season_images/utility/score_utility_bubblegumperfect.avif					67		
3	S3_R68_guild_of_antiquities_ultracite_power_armor_paint		Guild of Antiquities Power Armor Ultracite Paint	0					/wp-content/uploads/season_images/score_s3_skin_powerarmor_paint_ultracite_kdinkwell.avif	What treasures you will find in this Guild of Antiquities paint for the Ultracite Power Armor.  - SKIN IS CRAFTABLE AT POWER ARMOR STATIONS. -	SCORE_S3_ENTM_Skin_PowerArmor_Paint_Ultracite_KDInkwell			68		
3	S3_R69_vintage_shelter_wallpaper		Vintage Shelter Wallpaper	0					/wp-content/uploads/season_images/score_s3_camp_wallpaper_shelters.avif	Add a classic look to your C.A.M.P. or Shelter with this Vintage Wallpaper.  - WALLPAPER ITEMS APPEAR WHILE IN C.A.M.P. EDIT MODE. -	SCORE_S3_ENTM_CAMP_WallPaper_Shelters			69		
3	S3_R70_atoms		Atoms x 150	0				atoms	/wp-content/uploads/season_images/utility/score_currency_atoms.avif					70		
3	S3_R71_gold_bullion		Gold Bullion x 100	0				gold_bullion	/wp-content/uploads/season_images/utility/score_currency_bullion.avif					71		
3	S3_R72_screaming_eagle_wood_skin_handmade_rifle		Screaming Eagle Wood Skin (Handmade Rifle)	0					/wp-content/uploads/season_images/score_s3_skin_weaponmodel_handmadegun_screamingeagle_wood.avif	Defend this land from its communist invaders with the Screaming Eagle Wood  Skin for the Handmade Rifle.  - SKIN IS CRAFTABLE AT WEAPON WORKBENCHES. -	SCORE_S3_ENTM_Skin_WeaponModel_HandmadeGun_ScreamingEagle_Wood			72		
3	S3_R73_legendary_module		Legendary Module x 5	0				legendary_module	/wp-content/uploads/season_images/utility/score_game_legendarymodule.avif					73		
3	S3_R74_carpeteria_vault_tec_floor_and_foundations		Carpeteria Vault-Tec Floor and Foundations	0					/wp-content/uploads/season_images/score_s3_camp_floor_carpeteria_vaulttec.avif	Furnish your C.A.M.P. and Shelters with these Carpeteria Vault-Tec Floor and Foundations!  - C.A.M.P. ITEMS APPEAR WHILE IN C.A.M.P. MODE. -	SCORE_S3_ENTM_CAMP_Floor_Carpeteria_VaultTec			74		
3	S3_R75_perk_card_pack		Perk Card Pack x 2	0				perk_card_pack	/wp-content/uploads/season_images/utility/score_item_perkcardpack.avif					75		
3	S3_R76_red_rocket_mini_mart		Red Rocket Mini Mart	0					/wp-content/uploads/season_images/score_s3_camp_vendor_playervendingmachine_redrocketminimart.avif	Bring the legendary convenience of Red Rocket to your customers. Safety and service, guaranteed!*  *Neither actually guaranteed. Red Rocket reserves the right to terminate offending parties.  This item cannot be built inside of a Shelter.  - C.A.M.P. ITEMS APPEAR WHILE IN C.A.M.P. MODE. -	SCORE_S3_ENTM_CAMP_Vendor_PlayerVendingMachine_RedRocketMiniMart			76		
3	S3_R77_lunchbox		Lunchbox x 3	0				lunchbox	/wp-content/uploads/season_images/utility/atx_store_lunchbox001.avif					77		
3	S3_R78_guild_of_antiquities_t_65_power_armor_paint		Guild of Antiquities Power Armor T-65 Paint	0					/wp-content/uploads/season_images/score_s3_skin_powerarmor_paint_t65_kdinkwell.avif	What treasures you will find in this Guild of Antiquities paint for the T-65 Power Armor.  - SKIN IS CRAFTABLE AT POWER ARMOR STATIONS. -	SCORE_S3_ENTM_Skin_PowerArmor_Paint_T65_KDInkwell			78		
3	S3_R79_gold_bullion		Gold Bullion x 250	0				gold_bullion	/wp-content/uploads/season_images/utility/score_currency_bullion.avif					79		
3	S3_R80_atoms		Atoms x 150	0				atoms	/wp-content/uploads/season_images/utility/score_currency_atoms.avif					80		
3	S3_R80_lunchbox		Lunchbox x 3	0	TRUE			lunchbox	/wp-content/uploads/season_images/utility/atx_store_lunchbox001.avif					80		
3	S3_R81_legendary_scrip		Legendary Scrip x 250	0				legendary_scrip	/wp-content/uploads/season_images/utility/score_currency_scrip.avif					81		
3	S3_R82_vault_fireplace		Vault Fireplace	0					/wp-content/uploads/season_images/score_s3_camp_furniture_shelters_fireplace.avif	Light up the night with the Vault Fireplace!  - C.A.M.P. ITEMS APPEAR WHILE IN C.A.M.P. MODE. -	SCORE_S3_ENTM_CAMP_Furniture_Shelters_Fireplace			82		
3	S3_R83_scrap_kit		Scrap Kit x 15	0				scrap_kit	/wp-content/uploads/season_images/utility/atx_utility_repairkit_scraptostash.avif					83		
3	S3_R84_jumping_pose		Jumping Pose	0					/wp-content/uploads/season_images/score_s3_photomode_pose_jumpingduplicate000.avif	Jump for Joy with this up in the air Photomode Pose!   - UNLOCKS A PHOTOMODE POSE. -	SCORE_S3_ENTM_Photomode_Pose_JumpingDUPLICATE000			84		
3	S3_R85_perk_card_pack		Perk Card Pack x 1	0				perk_card_pack	/wp-content/uploads/season_images/utility/score_item_perkcardpack.avif					85		
3	S3_R86_armor_ace_helmet_backpack_flair		Armor Ace Helmet Backpack Flair	0					/wp-content/uploads/season_images/score_s3_skin_backpackflair_armorace_helmet.avif	Display your love of Armor Ace with the Armor Ace Helmet Backpack Flair for your backpacks.   Flairs can be applied to most Backpacks.  - FLAIRS ARE APPLIED AT ARMOR WORKBENCHES. -	SCORE_S3_ENTM_Skin_BackpackFlair_ArmorAce_Helmet			86		
3	S3_R87_perfect_bubblegum		Perfect Bubblegum x 3	0				perfect_bubblegum	/wp-content/uploads/season_images/utility/score_utility_bubblegumperfect.avif					87		
3	S3_R88_vertiguard_jetpack		Vertiguard Jet Pack	0					/wp-content/uploads/season_images/score_s3_skin_powerarmor_jetpack_vertibird.avif	The Vertiguard Jet Pack is built for both offensive and defensive objectives.  Requires a known Jetpack plan to craft.  - SKIN IS CRAFTABLE AT POWER ARMOR STATIONS. -	SCORE_S3_ENTM_Skin_PowerArmor_Jetpack_Vertibird			88		
3	S3_R89_gold_bot		Scavenging Station with Gold Scavenge Bot	0					/wp-content/uploads/season_images/score_s3_camp_utility_collectron_goldbot.avif	Enhance your junk finding Scavenge Bot  with a fresh coat of paint! The Scavenging Station with Gold Scavenge Bot lets your bot find junk in style!  This item cannot be built inside of a Shelter.  - C.A.M.P. ITEMS APPEAR WHILE IN C.A.M.P. MODE. -	SCORE_S3_ENTM_CAMP_Utility_Collectron_GoldBot			89		
3	S3_R90_atoms		Atoms x 150	0				atoms	/wp-content/uploads/season_images/utility/score_currency_atoms.avif					90		
3	S3_R91_gold_bullion		Gold Bullion x 250	0				gold_bullion	/wp-content/uploads/season_images/utility/score_currency_bullion.avif					91		
3	S3_R92_kd_inkwell_s_chronotron_backpack		K.D. Inkwell's Chronotron Backpack	0					/wp-content/uploads/season_images/score_s3_skin_backpack_kdinkwell.avif	Be prepared to jump through time with K.D. Inkwell's Chronotron Backpack.  This skin can be applied to both the Small and Standard Backpack as a mod.  - SKIN IS CRAFTABLE AT ARMOR WORKBENCHES. -	SCORE_S3_ENTM_Skin_Backpack_KDInkwell			92		
3	S3_R93_basic_repair_kit		Basic Repair Kit x 15	0				repair_kit	/wp-content/uploads/season_images/utility/atx_utility_repairkit_basic.avif					93		
3	S3_R94_presidential_paint_gauss_rifle		Presidential Paint (Gauss Rifle)	0					/wp-content/uploads/season_images/score_s3_skin_weaponskin_gaussrifle_presidential.avif	Serve your nation... some hot 2mm EC with the Presidential Paint for your Gauss Rifle.  - SKIN IS CRAFTABLE AT WEAPON WORKBENCHES. -	SCORE_S3_ENTM_Skin_WeaponSkin_GaussRifle_Presidential			94		
3	S3_R95_clandestine_service_t_65_power_armor_paint		Clandestine Service T-65 Power Armor Paint	0	TRUE				/wp-content/uploads/season_images/season-3/score_s3_skin_powerarmor_paint_t65_clandestine.avif					95		
3	S3_R95_perk_coin		Perk Coin x 50	0				perk_coins	/wp-content/uploads/season_images/utility/score_currency_perkcoin.avif					95		
3	S3_R96_guild_of_antiquities_stein		Guild of Antiquities Stein	0					/wp-content/uploads/season_images/score_s3_camp_floordecor_stein_kdinkwell.avif	Drink to your time-bending adventures with the Guild of Antiquities Stein!  - C.A.M.P. ITEMS APPEAR WHILE IN C.A.M.P. MODE. -	SCORE_S3_ENTM_CAMP_FloorDecor_Stein_KDInkwell			96		
3	S3_R97_lunchbox		Lunchbox x 9	0				lunchbox	/wp-content/uploads/season_images/utility/atx_store_lunchbox001.avif					97		
3	S3_R98_kd_inkwell_outfit		K.D. Inkwell Outfit	0					/wp-content/uploads/season_images/score_s3_apparel_outfit_kdinkwell.avif	An outfit fit for some intrepid time traveling adventures!  - APPAREL IS CRAFTABLE AT ARMOR WORKBENCHES. -	SCORE_S3_ENTM_Apparel_Outfit_KDInkwell			98		
3	S3_R99_heavy_vault_door		Heavy Vault Door	0					/wp-content/uploads/season_images/score_s3_camp_door_heavyvault.avif	Secure the treasures of your  C.A.M.P. with this Heavy Vault Door!  - C.A.M.P. ITEMS APPEAR WHILE IN C.A.M.P. MODE. -	SCORE_S3_ENTM_CAMP_Door_HeavyVault			99		
3	S3_R100_atoms		Atoms x 500	0				atoms	/wp-content/uploads/season_images/utility/score_currency_atoms.avif					100		
3	S3_R100_framed_scribe_of_avalon_gameboard		Framed Scribe of Avalon Gameboard	0					/wp-content/uploads/season_images/score_s3_camp_walldeco_kdinkwell_gameboard.avif	Show off that you uncovered the mysteries of Avalon with this Framed Scribe of Avalon Gameboard.  - C.A.M.P. ITEMS APPEAR WHILE IN C.A.M.P. MODE. -	SCORE_S3_ENTM_CAMP_WallDeco_KDInkwell_Gameboard			100		
3	S3_R100_vertiguard_paint		Vertiguard Power Armor Paint	0					/wp-content/uploads/season_images/score_s3_skin_powerarmor_model_vertibird.avif	The Vertiguard Power Armor Paint is built for both offensive and defensive objectives.  This is a unique skin that completely alters the appearance of your Power Armor. It can be equipped on all main Power Armors.  - SKIN IS CRAFTABLE AT POWER ARMOR STATIONS. -	SCORE_S3_ENTM_Skin_PowerArmor_Model_Vertibird			100		
3	S3_P6_camp_floordecor_lifesizeskeleton		Dr. Bones Skeleton	0					/wp-content/uploads/season_images/score_s3_camp_floordecor_lifesizeskeleton.avif	Display your favorite hats with the Dr. Bones Skeleton!  - C.A.M.P. ITEMS APPEAR WHILE IN C.A.M.P. MODE. -	SCORE_S3_ENTM_CAMP_FloorDecor_LifeSizeSkeleton					
3	S3_P1_apparel_headwear_kdinkwell		K.D. Inkwell Headwear	0					/wp-content/uploads/season_images/score_s3_apparel_headwear_kdinkwell.webp	All will fear the true power of the Subjugator!  - APPAREL IS CRAFTABLE AT ARMOR WORKBENCHES. -	SCORE_S3_ENTM_Apparel_Headwear_KDInkwell					
3	S3_P1_apparel_outfit_solomonhardy		Solomon Hardy Outfit	0					/wp-content/uploads/season_images/score_s3_apparel_outfit_solomonhardy.webp	Gear up for a new... Cosmic Adventure with this Pink Captain Cosmos Suit!  - APPAREL IS CRAFTABLE AT ARMOR WORKBENCHES. -	SCORE_S3_ENTM_Apparel_Outfit_SolomonHardy					
3	S3_P8_photomode_frame_wastelander		Wastelander Photomode Frame	0					/wp-content/uploads/season_images/score_s3_photomode_frame_wastelander.avif	Welcome to the Wasteland!  - UNLOCKS A PHOTOMODE FRAME. -	SCORE_S3_ENTM_Photomode_Frame_Wastelander					
4	S4_R2_cold_steel_player_icon		Player Icon: Cold Steel	0		playerIcon	Cold Steel	player_icon	/wp-content/uploads/guide-images/atom-shop/player-icons/atx_playericon_score_22.avif	Stand with Armor Ace against the Yukon Five with the Cold Steel Player Icon.  - UNLOCKS A PLAYER ICON. -	SCORE_S4_ENTM_PlayerIcon_ColdSteel			2		
4	S4_R3_medium_vault_tec_supply_package		Medium Vault-Tec Supply Package x 1	0				supply_package	/wp-content/uploads/season_images/utility/score_utility_scrapball_medium.avif					3		
4	S4_R4_carry_weight_booster		Carry Weight Booster x 1	0				carry_weight_booster	/wp-content/uploads/season_images/utility/score_utility_carryweight.avif					4		
4	S4_R5_beekeeper_s_beehive		Beehive	0					/wp-content/uploads/season_images/score_s4_camp_collector_beehive.avif	How sweet it is to harvest your own Honey!  This item cannot be built inside of a Shelter.  - C.A.M.P. ITEMS APPEAR WHILE IN C.A.M.P. MODE. -	SCORE_S4_ENTM_CAMP_Collector_Beehive			5		
4	S4_R5_lunchbox		Lunchbox x 3	0	TRUE			lunchbox	/wp-content/uploads/season_images/utility/atx_store_lunchbox001.avif					5		
4	S4_R6_platinum_backpack_flair		Platinum Backpack Flair	0					/wp-content/uploads/season_images/score_s4_skin_backpackflair_platinum.avif	Show your love for Armor Ace and Erin Moses with the Platinum Backpack Flair!  Flairs can be applied to most Backpacks.  - FLAIRS ARE APPLIED AT ARMOR WORKBENCHES. -	SCORE_S4_ENTM_Skin_BackpackFlair_Platinum			6		
4	S4_R7_sugar_free_nukashine		Sugar-free Nukashine x 3	0				nukashine	/wp-content/uploads/season_images/utility/score_item_nukashine_sugarfree.avif					7		
4	S4_R8_tree_branch_chandelier		Tree Branch Chandelier	0					/wp-content/uploads/season_images/score_s4_camp_lights_treebranchchandelier.avif	Add some earthy, cozy light to your favorite nook with this Tree Branch Chandelier.  - C.A.M.P. ITEMS APPEAR WHILE IN C.A.M.P. MODE. -	SCORE_S4_ENTM_CAMP_Lights_TreeBranchChandelier			8		
4	S4_R9_tadpole_badge		Tadpole Badge x 3	0				tadpole_badge	/wp-content/uploads/season_images/utility/score_currency_tadpolebadge.avif					9		
4	S4_R10_atoms		Atoms x 150	0				atoms	/wp-content/uploads/season_images/utility/score_currency_atoms.avif					10		
4	S4_R11_caps		Caps x 1000	0				caps	/wp-content/uploads/season_images/utility/score_currency_caps.avif					11		
4	S4_R12_hunting_lever_action_rifle_paint		Hunting Lever Action Rifle Paint	0					/wp-content/uploads/season_images/score_s4_skin_weaponskin_levergun_hunting.avif	Stand out in the Wasteland with this intricately detailed Hunting Paint for the Lever Action Rifle.  - SKIN IS CRAFTABLE AT WEAPON WORKBENCHES. -	SCORE_S4_ENTM_Skin_WeaponSkin_LeverGun_Hunting			12		
4	S4_R13_large_vault_tec_supply_package		Large Vault-Tec Supply Package	0				supply_package	/wp-content/uploads/season_images/utility/score_utility_scrapball_large.avif					13		
4	S4_R14_mister_shivers_player_icon		Player Icon: Mister Shivers	0		playerIcon	Mister Shivers	player_icon	/wp-content/uploads/guide-images/atom-shop/player-icons/atx_playericon_score_23.avif	Join the fight against Armor Ace with the Mister Shivers Player Icon.  - UNLOCKS A PLAYER ICON. -	SCORE_S4_ENTM_PlayerIcon_YukonFive			14		
4	S4_R15_perk_card_pack		Perk Card Pack x 1	0				perk_card_pack	/wp-content/uploads/season_images/utility/score_item_perkcardpack.avif					15		
4	S4_R15_slalom_pose		Slalom Pose	0	TRUE				/wp-content/uploads/season_images/score_s4_photomode_pose_slalom.avif	Let your skiing experience show with the Slalom Pose.  - UNLOCKS A PHOTOMODE POSE. -	SCORE_S4_ENTM_Photomode_Pose_Slalom			15		
4	S4_R16_vault_tile_checkered_floors		Vault Tile Checkered Floors	0					/wp-content/uploads/season_images/score_s3_camp_floor_shelters_vaulttile_checkered.avif	Decorate your C.A.M.P. or Shelters with these Vault Tile Checkered Floors!  - C.A.M.P. ITEMS APPEAR WHILE IN C.A.M.P. MODE. -	SCORE_S3_ENTM_CAMP_Floor_Shelters_VaultTile_Checkered			16		
4	S4_R17_lunchbox		Lunchbox x 3	0				lunchbox	/wp-content/uploads/season_images/utility/atx_store_lunchbox001.avif					17		
4	S4_R18_yukon_five_t_45_power_armor_paint		Yukon Five Power Armor T-45 Paint	0					/wp-content/uploads/season_images/score_s4_skin_powerarmor_paint_t45_yukonfive.avif	Freeze those who stand in the way of your freedom with this Yukon Five T-45 Power Armor.  - SKIN IS CRAFTABLE AT POWER ARMOR STATIONS. -	SCORE_S4_ENTM_Skin_PowerArmor_Paint_T45_YukonFive			18		
4	S4_R19_scrap_kit		Scrap Kit x 3	0				scrap_kit	/wp-content/uploads/season_images/utility/atx_utility_repairkit_scraptostash.avif					19		
4	S4_R20_atoms		Atoms x 150	0				atoms	/wp-content/uploads/season_images/utility/score_currency_atoms.avif					20		
4	S4_R21_legendary_scrip		Legendary Scrip x 250	0				legendary_scrip	/wp-content/uploads/season_images/utility/score_currency_scrip.avif					21		
4	S4_R22_brickhouse_backpack_flair		Brickhouse Backpack Flair	0					/wp-content/uploads/season_images/score_s4_skin_backpackflair_brickhouse.avif	Show off your Armor Ace pride with the Brickhouse Backpack Flair for your backpacks!  Flairs can be applied to most Backpacks.  - FLAIRS ARE APPLIED AT ARMOR WORKBENCHES. -	SCORE_S4_ENTM_Skin_BackpackFlair_Brickhouse			22		
4	S4_R23_fireworks		Fireworks x 10	0				fireworks	/wp-content/uploads/season_images/utility/score_utility_fireworks_crackle.avif					23		
4	S4_R24_perfectly_preserved_pie		Perfectly Preserved Pie x 1	0					/wp-content/uploads/season_images/utility/score_item_preservedpie.avif					24		
4	S4_R25_female_mannequin		Female Mannequin	0					/wp-content/uploads/season_images/score_s4_camp_display_mannequin_female.avif	Display Armor, Underarmor, Outfits, and Headwear at your C.A.M.P. with this Female Mannequin!  - C.A.M.P. ITEMS APPEAR WHILE IN C.A.M.P. MODE. -	SCORE_S4_ENTM_CAMP_Display_Mannequin_Female			25		
4	S4_R25_lunchbox		Lunchbox x 3	0	TRUE			lunchbox	/wp-content/uploads/season_images/utility/atx_store_lunchbox001.avif					25		
4	S4_R25_male_mannequin		Male Mannequin	0					/wp-content/uploads/season_images/score_s4_camp_display_mannequin_male.avif	Display Armor, Underarmor, Outfits, and Headwear at your C.A.M.P. with this Male Mannequin!  - C.A.M.P. ITEMS APPEAR WHILE IN C.A.M.P. MODE. -	SCORE_S4_ENTM_CAMP_Display_Mannequin_Male			25		
4	S4_R26_perk_card_pack		Perk Card Pack x 1	0				perk_card_pack	/wp-content/uploads/season_images/utility/score_item_perkcardpack.avif					26		
4	S4_R27_basic_repair_kit		Basic Repair Kit x 3	0				repair_kit	/wp-content/uploads/season_images/utility/atx_utility_repairkit_basic.avif					27		
4	S4_R28_yukon_five_t_51b_power_armor_paint		Yukon Five Power Armor T-51 Paint	0					/wp-content/uploads/season_images/score_s4_skin_powerarmor_paint_t51_yukonfive.avif	Freeze those who stand in the way of your freedom with this Yukon T-51 Power Armor.  - SKIN IS CRAFTABLE AT POWER ARMOR STATIONS. -	SCORE_S4_ENTM_Skin_PowerArmor_Paint_T51_YukonFive			28		
4	S4_R29_starburst_brick_floor_and_foundations		Starburst Brick Floor and Foundations	0					/wp-content/uploads/season_images/score_s4_camp_floor_brick_starburst.avif	Decorate your C.A.M.P. or Shelters with the Starburst Brick Floor and Foundations set!  - C.A.M.P. ITEMS APPEAR WHILE IN C.A.M.P. MODE. -	SCORE_S4_ENTM_CAMP_Floor_Brick_Starburst			29		
4	S4_R30_atoms		Atoms x 150	0				atoms	/wp-content/uploads/season_images/utility/score_currency_atoms.avif					30		
4	S4_R31_gold_bullion		Gold Bullion x 250	0				gold_bullion	/wp-content/uploads/season_images/utility/score_currency_bullion.avif					31		
4	S4_R32_beekeeper_outfit		Beekeeper Outfit	0					/wp-content/uploads/season_images/score_s4_apparel_outfit_beekeeper.avif	This Beekeeper Outfit is the perfect attire for harvesting delicious honey.  - APPAREL IS CRAFTABLE AT ARMOR WORKBENCHES. -	SCORE_S4_ENTM_Apparel_Outfit_Beekeeper			32		
4	S4_R33_carry_weight_booster		Carry Weight Booster x 1	0				carry_weight_booster	/wp-content/uploads/season_images/utility/score_utility_carryweight.avif					33		
4	S4_R34_beekeeper_hat		Beekeeper Hat	0					/wp-content/uploads/season_images/score_s4_apparel_headwear_beekeeper.avif	This Beekeeper Hat is the perfect headwear for harvesting delicious honey.  - APPAREL IS CRAFTABLE AT ARMOR WORKBENCHES. -	SCORE_S4_ENTM_Apparel_Headwear_Beekeeper			34		
4	S4_R35_hot_dog_pose		Hot Dog Pose	0	TRUE				/wp-content/uploads/season_images/score_s4_photomode_pose_hotdog.avif	Spread your wings on the slopes with the Hot Dog Pose.  - UNLOCKS A PHOTOMODE POSE. -	SCORE_S4_ENTM_Photomode_Pose_HotDog			35		
4	S4_R35_perk_card_pack		Perk Card Pack x 1	0				perk_card_pack	/wp-content/uploads/season_images/utility/score_item_perkcardpack.avif					35		
4	S4_R36_death_s_breath_flamer_skin		Death's Breath Skin (Flamer)	0					/wp-content/uploads/season_images/score_s4_skin_weaponmodel_flamer_death.avif	Add a little fear to your flames with this Death's Breath Flamer skin.  - SKIN IS CRAFTABLE AT WEAPON WORKBENCHES. -	SCORE_S4_ENTM_Skin_WeaponModel_Flamer_Death			36		
4	S4_R37_lunchbox		Lunchbox x 3	0				lunchbox	/wp-content/uploads/season_images/utility/atx_store_lunchbox001.avif					37		
4	S4_R38_yukon_five_excavator_power_armor_paint		Yukon Five Power Armor Excavator Paint	0					/wp-content/uploads/season_images/score_s4_skin_powerarmor_paint_excavator_yukonfive.avif	Freeze those who stand in the way of your freedom with this Yukon Five Excavator Power Armor.  - SKIN IS CRAFTABLE AT POWER ARMOR STATIONS. -	SCORE_S4_ENTM_Skin_PowerArmor_Paint_Excavator_YukonFive			38		
4	S4_R39_perfect_bubblegum		Perfect Bubblegum x 1	0				perfect_bubblegum	/wp-content/uploads/season_images/utility/score_utility_bubblegumperfect.avif					39		
4	S4_R40_atoms		Atoms x 150	0				atoms	/wp-content/uploads/season_images/utility/score_currency_atoms.avif					40		
4	S4_R41_caps		Caps x 2500	0				caps	/wp-content/uploads/season_images/utility/score_currency_caps.avif					41		
4	S4_R42_power_patrol_red_beret		Power Patrol Red Beret	0					/wp-content/uploads/season_images/score_s4_apparel_headwear_beret_powerpatrol.avif	Continue to plant the seeds of liberty in this Power Patrol Red Beret!   - APPAREL IS CRAFTABLE AT ARMOR WORKBENCHES. -	SCORE_S4_ENTM_Apparel_Headwear_Beret_PowerPatrol			42		
4	S4_R43_basic_repair_kit		Basic Repair Kit x 3	0				repair_kit	/wp-content/uploads/season_images/utility/atx_utility_repairkit_basic.avif					43		
4	S4_R44_cannonball_pose		Cannonball Pose	0					/wp-content/uploads/season_images/score_s4_photomode_pose_1.avif	Make a splash with the Cannonball Pose!  - UNLOCKS A PHOTOMODE POSE. -	SCORE_S4_ENTM_Photomode_Pose_1			44		
4	S4_R45_lunchbox		Lunchbox x 3	0	TRUE			lunchbox	/wp-content/uploads/season_images/utility/atx_store_lunchbox001.avif					45		
4	S4_R45_perk_card_pack		Perk Card Pack x 1	0				perk_card_pack	/wp-content/uploads/season_images/utility/score_item_perkcardpack.avif					45		
4	S4_R46_armor_ace_paint_handmade_rifle		Armor Ace Paint (Handmade Rifle)	0					/wp-content/uploads/season_images/score_s4_skin_weaponskin_handmadegun_armorace.avif	Battle against the Red Vipers with the Armor Ace Paint for the Handmade Rifle.  - SKIN IS CRAFTABLE AT WEAPON WORKBENCHES. -	SCORE_S4_ENTM_Skin_WeaponSkin_HandmadeGun_ArmorAce			46		
4	S4_R47_sugar_free_nukashine		Sugar-free Nukashine x 3	0				nukashine	/wp-content/uploads/season_images/utility/score_item_nukashine_sugarfree.avif					47		
4	S4_R48_yukon_five_t_60_power_armor_paint		Yukon Five Power Armor T-60 Paint	0					/wp-content/uploads/season_images/score_s4_skin_powerarmor_paint_t60_yukonfive.avif	Freeze those who stand in the way of your freedom with this Yukon Five T-60 Power Armor.  - SKIN IS CRAFTABLE AT POWER ARMOR STATIONS. -	SCORE_S4_ENTM_Skin_PowerArmor_Paint_T60_YukonFive			48		
4	S4_R49_atoms		Atoms x 150	0				atoms	/wp-content/uploads/season_images/utility/score_currency_atoms.avif					49		
4	S4_R50_nuka_cola_collectron_station		Nuka-Cola Collectron Station	0					/wp-content/uploads/season_images/score_s4_camp_utility_collectron_nukacola.avif	Having a bad day? Have a Nuka-Cola! Don't have any Nuka-Cola? Let this Collectron find some for you!  This item cannot be built inside of a Shelter.  - C.A.M.P. ITEMS APPEAR WHILE IN C.A.M.P. MODE. -	SCORE_S4_ENTM_CAMP_Utility_Collectron_NukaCola			50		
4	S4_R51_atoms		Atoms x 150	0				atoms	/wp-content/uploads/season_images/utility/score_currency_atoms.avif					51		
4	S4_R52_legendary_scrip		Legendary Scrip x 250	0				legendary_scrip	/wp-content/uploads/season_images/utility/score_currency_scrip.avif					52		
4	S4_R53_carry_weight_booster		Carry Weight Booster x 1	0				carry_weight_booster	/wp-content/uploads/season_images/utility/score_utility_carryweight.avif					53		
4	S4_R54_commissioner_chaos_player_icon		Player Icon: Commissioner Chaos	0		playerIcon	Commissioner Chaos	player_icon	/wp-content/uploads/guide-images/atom-shop/player-icons/atx_playericon_score_20.avif	Lead the fight against Armor Ace with the Commissioner Chaos Player Icon.  - UNLOCKS A PLAYER ICON. -	SCORE_S4_ENTM_PlayerIcon_CommisionerChaos			54		
4	S4_R55_dungeon_wallpaper		Dungeon Wallpaper	0	TRUE				/wp-content/uploads/season_images/score_s4_camp_wallpaper_dungeon.avif					55		
4	S4_R55_perk_card_pack		Perk Card Pack x 1	0				perk_card_pack	/wp-content/uploads/season_images/utility/score_item_perkcardpack.avif					55		
4	S4_R56_armor_ace_power_armor_station		Armor Ace Power Armor Station	0					/wp-content/uploads/season_images/score_s4_camp_machinery_workbench_powerarmor_armorace.avif	Upgrade your Power Armor using this Armor Ace Power Armor Station.   - C.A.M.P. ITEMS APPEAR WHILE IN C.A.M.P. MODE. -	SCORE_S4_ENTM_CAMP_Machinery_Workbench_PowerArmor_ArmorAce			56		
4	S4_R57_lunchbox		Lunchbox x 3	0				lunchbox	/wp-content/uploads/season_images/utility/atx_store_lunchbox001.avif					57		
4	S4_R58_yukon_five_x_01_power_armor_paint		Yukon Five Power Armor X-01 Paint	0					/wp-content/uploads/season_images/score_s4_skin_powerarmor_paint_x01_yukonfive.avif	Freeze those who stand in the way of your freedom with this Yukon Five X-01 Power Armor.  - SKIN IS CRAFTABLE AT POWER ARMOR STATIONS. -	SCORE_S4_ENTM_Skin_PowerArmor_Paint_X01_YukonFive			58		
4	S4_R59_scrap_kit		Scrap Kit x 6	0				scrap_kit	/wp-content/uploads/season_images/utility/atx_utility_repairkit_scraptostash.avif					59		
4	S4_R60_atoms		Atoms x 150	0				atoms	/wp-content/uploads/season_images/utility/score_currency_atoms.avif					60		
4	S4_R61_gold_bullion		Gold Bullion x 250	0				gold_bullion	/wp-content/uploads/season_images/utility/score_currency_bullion.avif					61		
4	S4_R62_power_patrol_fatigues		Power Patrol Fatigues	0					/wp-content/uploads/season_images/score_s4_apparel_outfit_powerpatrol.avif	Continue to plant the seeds of liberty in these Power Patrol Fatigues!  - APPAREL IS CRAFTABLE AT ARMOR WORKBENCHES. -	SCORE_S4_ENTM_Apparel_Outfit_PowerPatrol			62		
4	S4_R63_nuclear_keycard		Nuclear Keycard x 5	0				nuclear_keycard	/wp-content/uploads/season_images/utility/score_utility_nuclearkeycard.avif					63		
4	S4_R64_icebreaker_player_icon		Player Icon: Icebreaker	0		playerIcon	Icebreaker	player_icon	/wp-content/uploads/guide-images/atom-shop/player-icons/atx_playericon_score_18.avif	Close in on the Yukon Five with the Icebreaker Player Icon.  - UNLOCKS A PLAYER ICON. -	SCORE_S4_ENTM_PlayerIcon_ColdSteel_2			64		
4	S4_R65_lunchbox		Lunchbox x 3	0	TRUE			lunchbox	/wp-content/uploads/season_images/utility/atx_store_lunchbox001.avif					65		
4	S4_R65_perk_card_pack		Perk Card Pack x 1	0				perk_card_pack	/wp-content/uploads/season_images/utility/score_item_perkcardpack.avif					65		
4	S4_R66_icebreaker_skin		Icebreaker (Power Fist)	0					/wp-content/uploads/season_images/score_s4_skin_weaponskin_powerfist_icebreaker.avif	Leave your foes red, white, and blue all over.  - SKIN IS CRAFTABLE AT WEAPON WORKBENCHES. -	SCORE_S4_ENTM_Skin_WeaponSkin_PowerFist_IceBreaker			66		
4	S4_R67_basic_repair_kit		Basic Repair Kit x 6	0				repair_kit	/wp-content/uploads/season_images/utility/atx_utility_repairkit_basic.avif					67		
4	S4_R68_yukon_five_ultracite_power_armor_paint		Yukon Five Power Armor Ultracite Paint	0					/wp-content/uploads/season_images/score_s4_skin_powerarmor_paint_ultracite_yukonfive.avif	Freeze those who stand in the way of your freedom with this Yukon Five Ultracite Power Armor.  - SKIN IS CRAFTABLE AT POWER ARMOR STATIONS. -	SCORE_S4_ENTM_Skin_PowerArmor_Paint_Ultracite_YukonFive			68		
4	S4_R69_gold_toilet		Gold Toilet	0					/wp-content/uploads/season_images/score_s4_camp_floordecor_toilet_gold.avif	Impress the best with the Gold Toilet.  - C.A.M.P. ITEMS APPEAR WHILE IN C.A.M.P. MODE. -	SCORE_S4_ENTM_CAMP_FloorDecor_Toilet_Gold			69		
4	S4_R70_atoms		Atoms x 150	0				atoms	/wp-content/uploads/season_images/utility/score_currency_atoms.avif					70		
4	S4_R71_caps		Caps x 2500	0				caps	/wp-content/uploads/season_images/utility/score_currency_caps.avif					71		
4	S4_R72_armor_ace_backpack_flair		Armor Ace Backpack Flair	0					/wp-content/uploads/season_images/score_s4_skin_backpackflair_armorace.avif	Stand with Armor Ace, the American hero, with this Armor Ace Backpack Flair.   Flairs can be applied to most Backpacks.  - FLAIRS ARE APPLIED AT ARMOR WORKBENCHES. -	SCORE_S4_ENTM_Skin_BackpackFlair_ArmorAce			72		
4	S4_R73_carry_weight_booster		Carry Weight Booster x 1	0				carry_weight_booster	/wp-content/uploads/season_images/utility/score_utility_carryweight.avif					73		
4	S4_R74_skiing_pose		Skiing Pose	0					/wp-content/uploads/season_images/score_s4_photomode_pose_2.avif	Hit the slopes with the Skiing Pose.  - UNLOCKS A PHOTOMODE POSE. -	SCORE_S4_ENTM_Photomode_Pose_2			74		
4	S4_R75_perk_card_pack		Perk Card Pack x 2	0				perk_card_pack	/wp-content/uploads/season_images/utility/score_item_perkcardpack.avif					75		
4	S4_R75_red_viper_paint_handmade_rifle		Red Viper Paint (Handmade Rifle)	0	TRUE				/wp-content/uploads/season_images/score_s4_skin_weaponskin_handmadegun_redviper.avif	Prepare to do battle with the Power Patrol using this Red Viper Paint for the Handmade Rifle.  - SKIN IS CRAFTABLE AT WEAPON WORKBENCHES. -	SCORE_S4_ENTM_Skin_WeaponSkin_HandmadeGun_RedViper			75		
4	S4_R76_yukon_five_t_65_power_armor_paint		Yukon Five Power Armor T-65 Paint	0					/wp-content/uploads/season_images/score_s4_skin_powerarmor_paint_t65_yukonfive.avif	Freeze those who stand in the way of your freedom with this Yukon Five T-65 Power Armor.  - SKIN IS CRAFTABLE AT POWER ARMOR STATIONS. -	SCORE_S4_ENTM_Skin_PowerArmor_Paint_T65_YukonFive			76		
4	S4_R77_lunchbox		Lunchbox x 3	0				lunchbox	/wp-content/uploads/season_images/utility/atx_store_lunchbox001.avif					77		
4	S4_R78_cold_steel_floors		Cold Steel Floors	0					/wp-content/uploads/season_images/score_s4_camp_floor_coldsteel.avif	Create your own Armor Ace base with these Cold Steel Floors!  - C.A.M.P. ITEMS APPEAR WHILE IN C.A.M.P. MODE. -	SCORE_S4_ENTM_CAMP_Floor_ColdSteel			78		
4	S4_R79_perfect_bubblegum		Perfect Bubblegum x 3	0				perfect_bubblegum	/wp-content/uploads/season_images/utility/score_utility_bubblegumperfect.avif					79		
4	S4_R80_atoms		Atoms x 150	0				atoms	/wp-content/uploads/season_images/utility/score_currency_atoms.avif					80		
4	S4_R81_legendary_scrip		Legendary Scrip x 250	0				legendary_scrip	/wp-content/uploads/season_images/utility/score_currency_scrip.avif					81		
4	S4_R82_dungeon_floor_and_foundations		Dungeon Floor and Foundations	0					/wp-content/uploads/season_images/score_s4_camp_floor_dungeon.avif					82		
4	S4_R83_basic_repair_kit		Basic Repair Kit x 9	0				repair_kit	/wp-content/uploads/season_images/utility/atx_utility_repairkit_basic.avif					83		
4	S4_R84_double_tap_player_icon		Player Icon: Doubletap	0		playerIcon	Doubletap	player_icon	/wp-content/uploads/guide-images/atom-shop/player-icons/atx_playericon_score_19.avif	Take aim at the Yukon Five with the Doubletap Player Icon.  - UNLOCKS A PLAYER ICON. -	SCORE_S4_ENTM_PlayerIcon_ColdSteel_3			84		
4	S4_R85_lunchbox		Lunchbox x 3	0	TRUE			lunchbox	/wp-content/uploads/season_images/utility/atx_store_lunchbox001.avif					85		
4	S4_R85_perk_card_pack		Perk Card Pack x 1	0				perk_card_pack	/wp-content/uploads/season_images/utility/score_item_perkcardpack.avif					85		
4	S4_R86_armor_ace_paint_gatling_plasma		Armor Ace Paint (Gatling Plasma)	0					/wp-content/uploads/season_images/score_s4_skin_weaponskin_plasmagatling_armorace.avif	The Yukon Five will not be prepared when the Power Patrol brings this level of firepower.  - SKIN IS CRAFTABLE AT WEAPON WORKBENCHES. -	SCORE_S4_ENTM_Skin_WeaponSkin_PlasmaGatling_ArmorAce			86		
4	S4_R87_sugar_free_nukashine		Sugar-free Nukashine x 3	0				nukashine	/wp-content/uploads/season_images/utility/score_item_nukashine_sugarfree.avif					87		
4	S4_R88_commissioner_chaos_power_armor_paint		Commissioner Chaos Power Armor Paint	0					/wp-content/uploads/season_images/score_s4_skin_powerarmor_model_commissionerchaos.avif	Reign in chaos as the leader of the Yukon Five with the Commissioner Chaos Power Armor Paint.  This is a unique skin that completely alters the appearance of your Power Armor. It can be equipped on all main Power Armors.	SCORE_S4_ENTM_Skin_PowerArmor_Model_CommissionerChaos			88		
4	S4_R89_cold_steel_wallpaper		Cold Steel Wallpaper	0					/wp-content/uploads/season_images/score_s4_camp_wallpaper_coldsteel.avif	Secure your perimeter with the Cold Steel Wallpaper.  - WALLPAPER ITEMS APPEAR WHILE IN C.A.M.P. EDIT MODE. -	SCORE_S4_ENTM_CAMP_WallPaper_ColdSteel			89		
4	S4_R90_atoms		Atoms x 150	0				atoms	/wp-content/uploads/season_images/utility/score_currency_atoms.avif					90		
4	S4_R91_gold_bullion		Gold Bullion x 250	0				gold_bullion	/wp-content/uploads/season_images/utility/score_currency_bullion.avif					91		
4	S4_R92_flamethrower_tanks_backpack		Flamethrower Tanks Backpack	0					/wp-content/uploads/season_images/score_s4_skin_backpack_flametanks.avif	Keep your gear hot with the Flamethrower Tanks Backpack!  This skin can be applied to both the Small and Standard Backpack as a mod.  - SKIN IS CRAFTABLE AT ARMOR WORKBENCHES. -	SCORE_S4_ENTM_Skin_Backpack_FlameTanks			92		
4	S4_R93_lunchbox		Lunchbox x 15	0				lunchbox	/wp-content/uploads/season_images/utility/atx_store_lunchbox001.avif					93		
4	S4_R94_cold_steel_beer_stein		Cold Steel Beer Stein	0					/wp-content/uploads/season_images/score_s4_camp_floordecor_stein_coldsteel.avif	The only thing better than Cold Steel is a cold ale in this Cold Steel Beer Stein!  - C.A.M.P. ITEMS APPEAR WHILE IN C.A.M.P. MODE. -	SCORE_S4_ENTM_CAMP_FloorDecor_Stein_ColdSteel			94		
4	S4_R95_atomic_ranger_power_armor_skin		Atomic Ranger Power Armor Skin	0	TRUE				/wp-content/uploads/season_images/score_s4_skin_powerarmor_paint_parkranger_atomicranger.avif					95		
4	S4_R95_perk_coin		Perk Coin x 50	0				perk_coins	/wp-content/uploads/season_images/utility/score_currency_perkcoin.avif					95		
4	S4_R96_power_patrol_blue_beret		Power Patrol Blue Beret	0					/wp-content/uploads/season_images/score_s4_apparel_headwear_beret_powerpatrolblue.avif	Continue to plant the seeds of liberty in this Power Patrol Blue Beret!   - APPAREL IS CRAFTABLE AT ARMOR WORKBENCHES. -	SCORE_S4_ENTM_Apparel_Headwear_Beret_PowerPatrolBlue			96		
4	S4_R97_carry_weight_booster		Carry Weight Booster x 3	0				carry_weight_booster	/wp-content/uploads/season_images/utility/score_utility_carryweight.avif					97		
4	S4_R98_icebreaker_outfit		Icebreaker Outfit	0					/wp-content/uploads/season_images/score_s4_apparel_outfit_icebreaker.avif	Get up close and personal with the Yukon Five in the Icebreaker Outfit.  - APPAREL IS CRAFTABLE AT ARMOR WORKBENCHES. -	SCORE_S4_ENTM_Apparel_Outfit_IceBreaker			98		
4	S4_R99_brotherhood_of_steel_infantry_statue		Brotherhood of Steel Infantry Statue	0					/wp-content/uploads/season_images/score_s4_camp_statue_bosinfantrystatue.avif	All guts, all glory. Decorate your C.A.M.P. with this life-sized Brotherhood of Steel Infantry Statue. - C.A.M.P. ITEMS APPEAR WHILE IN C.A.M.P. MODE. -	SCORE_S4_ENTM_CAMP_Statue_BoSInfantryStatue			99		
4	S4_R100_atoms		Atoms x 500	0				atoms	/wp-content/uploads/season_images/utility/score_currency_atoms.avif					100		
4	S4_R100_complete_chaos_power_armor_paint		Complete Chaos Power Armor Paint	0					/wp-content/uploads/season_images/score_s4_skin_powerarmor_model_commissionerchaos_completechaos.avif	Don't hold back in the final showdown against Armor Ace with the Complete Chaos Power Armor Paint.  This is a unique skin that completely alters the appearance of your Power Armor. It can be equipped on all main Power Armors.  - SKIN IS CRAFTABLE AT POWER ARMOR STATIONS. -	SCORE_S4_ENTM_Skin_PowerArmor_Model_CommissionerChaos_CompleteChaos			100		
4	S4_R100_framed_cold_steel_gameboard		Framed Cold Steel Gameboard	0					/wp-content/uploads/season_images/score_s4_camp_walldeco_coldsteel_gameboard.avif	Reminisce about your battles against the Yukon 5 with the Framed Cold Steel Gameboard.  - C.A.M.P. ITEMS APPEAR WHILE IN C.A.M.P. MODE. -	SCORE_S4_ENTM_CAMP_WallDeco_ColdSteel_Gameboard			100		
4	S4_R100_complete_chaos_player_icon		Player Icon: Complete Chaos	0		playerIcon	Complete Chaos	player_icon	/wp-content/uploads/guide-images/atom-shop/player-icons/atx_playericon_score_21.avif	Celebrate the final confrontation with the Complete Chaos Player Icon.  - UNLOCKS A PLAYER ICON. -	SCORE_S4_ENTM_PlayerIcon_EndOfSeason			100		
4	S4_NEW_icebreaker_s		"C.A.M.P. Title Prefix: ""Icebreaker's"""	0		campTitlePrefix	Icebreaker's	camp_player_title	/wp-content/uploads/storefront/titles-camp/score_s4_camptitles_prefix_icebreakers.avif	C.A.M.P. Title Prefix	SCORE_S4_ENTM_CAMPTitles_Prefix_Icebreakers		Sep 2026			
4	S4_NEW_yukon_five_s		"C.A.M.P. Title Prefix: ""Yukon Five's"""	0		campTitlePrefix	Yukon Five's	camp_player_title	/wp-content/uploads/storefront/titles-camp/score_s4_camptitles_prefix_yukonfives.avif	C.A.M.P. Title Prefix	SCORE_S4_ENTM_CAMPTitles_Prefix_YukonFives		Sep 2026			
4	S4_NEW_framed_cold_steel_wall_art		Framed Cold Steel Wall Art	0	TRUE				/wp-content/uploads/season_images/score_s4_camp_walldecor_endofseasonart.avif	Reminisce about your battles against the Yukon 5 with the Framed Cold Steel Wall Art.  - C.A.M.P. ITEMS APPEAR WHILE IN C.A.M.P. MODE. -	SCORE_S4_ENTM_CAMP_WallDecor_EndOfSeasonArt		Sep 2026			
4	S4_P8_camp_statue_bosinfantrystatuepatina		Patina Brotherhood of Steel Infantry Statue	0					/wp-content/uploads/season_images/score_s4_camp_statue_bosinfantrystatuepatina.avif	All guts, all glory. Decorate your C.A.M.P. with this life-sized Brotherhood of Steel Infantry Statue. - C.A.M.P. ITEMS APPEAR WHILE IN C.A.M.P. MODE. -	SCORE_S4_ENTM_CAMP_Statue_BoSInfantryStatuePatina					
4	S4_P1_playericon_coldsteel_4		Player Icon: Cold Steel Icon 4	0		playerIcon	Cold Steel Icon 4	player_icon	/wp-content/uploads/guide-images/atom-shop/player-icons/atx_playericon_score_14.avif	The intrepid time traveling historian!  - UNLOCKS A PLAYER ICON. -	SCORE_S4_ENTM_PlayerIcon_ColdSteel_4					
4	S4_NEW_power_patrol		"Player Title Prefix: ""Power Patrol"""	0		playerTitlePrefix	Power Patrol	camp_player_title	/wp-content/uploads/storefront/titles-player/score_s4_playertitles_prefix_powerpatrol.avif	Player Title Prefix	SCORE_S4_ENTM_PlayerTitles_Prefix_PowerPatrol		Sep 2026			
4	S4_NEW_icebreaker		"Player Title Suffix: ""Icebreaker"""	0		playerTitleSuffix	Icebreaker	camp_player_title	/wp-content/uploads/storefront/titles-player/score_s4_playertitles_suffix_icebreaker.avif	Player Title Suffix	SCORE_S4_ENTM_PlayerTitles_Suffix_Icebreaker		Sep 2026			
5	S5_R2_kd_inkwell_escape_player_icon		Player Icon: K.D. Inkwell Escape	0		playerIcon	K.D. Inkwell Escape	player_icon	/wp-content/uploads/guide-images/atom-shop/player-icons/atx_playericon_score_24.avif	Start your escape and help our time traveling historian move forward!  - UNLOCKS A PLAYER ICON. -	SCORE_S5_ENTM_PlayerIcon_MIND			2		
5	S5_R3_medium_vault_tec_supply_package		Medium Vault-Tec Supply Package x 1	0				supply_package	/wp-content/uploads/season_images/utility/score_utility_scrapball_medium.avif					3		
5	S5_R4_carry_weight_booster		Carry Weight Booster x 1	0				carry_weight_booster	/wp-content/uploads/season_images/utility/score_utility_carryweight.avif					4		
5	S5_R5_fortune_teller_machine		Fortune Teller Machine	0					/wp-content/uploads/season_images/score_s5_camp_floordecor_fortunetellermachine.avif	Get a glimpse of the future with the Fortune Teller Machine!  - C.A.M.P. ITEMS APPEAR WHILE IN C.A.M.P. MODE. -	SCORE_S5_ENTM_CAMP_FloorDecor_FortuneTellerMachine			5		
5	S5_R5_lunchbox		Lunchbox x 3	0	TRUE			lunchbox	/wp-content/uploads/season_images/utility/atx_store_lunchbox001.avif					5		
5	S5_R6_kd_inkwell_backpack_flair		K.D. Inkwell Backpack Flair	0					/wp-content/uploads/season_images/score_s5_skin_backpackflair_kdinkwell.avif	Show off your fandom of K.D. Inkwell and the rest of the Guild of Antiquities with these backpack flairs.  Flairs can be applied to most Backpacks.  - FLAIRS ARE APPLIED AT ARMOR WORKBENCHES. -	SCORE_S5_ENTM_Skin_BackpackFlair_KDInkwell			6		
5	S5_R7_lunchbox		Lunchbox x 3	0				lunchbox	/wp-content/uploads/season_images/utility/atx_store_lunchbox001.avif					7		
5	S5_R8_mind_propaganda_poster		M.I.N.D. Propaganda Poster	0					/wp-content/uploads/season_images/score_s5_camp_walldeco_poster_s5gameboardposter03.avif	Look forward and promote the unification with the M.I.N.D. Propaganda Poster!  - C.A.M.P. ITEMS APPEAR WHILE IN C.A.M.P. MODE. -	SCORE_S5_ENTM_CAMP_WallDeco_Poster_S5GameBoardPoster03			8		
5	S5_R9_legendary_module		Legendary Module x 3	0				legendary_module	/wp-content/uploads/season_images/utility/score_game_legendarymodule.avif					9		
5	S5_R10_atoms		Atoms x 150	0				atoms	/wp-content/uploads/season_images/utility/score_currency_atoms.avif					10		
5	S5_R11_caps		Caps x 500	0				caps	/wp-content/uploads/season_images/utility/score_currency_caps.avif					11		
5	S5_R12_blood_eagle_charmer_hat		Blood Eagle Charmer Hat	0					/wp-content/uploads/season_images/score_s5_apparel_headwear_bloodeaglemerc_charmer1.avif	Even fearless Blood Eagle Raiders understand the value of keeping their heads protected!  - APPAREL IS CRAFTABLE AT ARMOR WORKBENCHES. -	SCORE_S5_ENTM_Apparel_Headwear_BloodEagleMerc_Charmer1			12		
5	S5_R13_large_vault_tec_supply_package		Large Vault-Tec Supply Package x 1	0				supply_package	/wp-content/uploads/season_images/utility/score_utility_scrapball_large.avif					13		
5	S5_R14_green_skull_player_icon		Player Icon: Green Skull	0		playerIcon	Green Skull	player_icon	/wp-content/uploads/guide-images/atom-shop/player-icons/atx_playericon_score_27.avif	Time is a construct, pay it no M.I.N.D.  - UNLOCKS A PLAYER ICON. -	SCORE_S5_ENTM_PlayerIcon_GreenSkull			14		
5	S5_R15_cardinal_bird_cage		Cardinal Bird Cage	0	TRUE				/wp-content/uploads/season_images/score_s5_camp_floordecor_birdincage.avif	Always have a little feathered friend to come back to C.A.M.P. to with the Cardinal Bird Cage!  - C.A.M.P. ITEMS APPEAR WHILE IN C.A.M.P. MODE. -	SCORE_S5_ENTM_CAMP_FloorDecor_BirdInCage			15		
5	S5_R15_perk_card_pack		Perk Card Pack x 1	0				perk_card_pack	/wp-content/uploads/season_images/utility/score_item_perkcardpack.avif					15		
5	S5_R16_mind_recruitment_poster		M.I.N.D. Recruitment Poster	0					/wp-content/uploads/season_images/score_s5_camp_walldeco_poster_s5gameboardposter02.avif	Promote unification and help enlist new soldiers with the M.I.N.D. Recruitment Poster!  - C.A.M.P. ITEMS APPEAR WHILE IN C.A.M.P. MODE. -	SCORE_S5_ENTM_CAMP_WallDeco_Poster_S5GameBoardPoster02			16		
5	S5_R17_lunchbox		Lunchbox x 3	0				lunchbox	/wp-content/uploads/season_images/utility/atx_store_lunchbox001.avif					17		
5	S5_R18_mind_t_45_power_armor_paint		M.I.N.D. Power Armor T-45 Paint	0					/wp-content/uploads/season_images/score_s5_skin_powerarmor_paint_t45_mind.avif	Submit to the M.I.N.D.  - SKIN IS CRAFTABLE AT POWER ARMOR STATIONS. -	SCORE_S5_ENTM_Skin_PowerArmor_Paint_T45_MIND			18		
5	S5_R19_legendary_core		Legendary Core x 3	0				legendary_core	/wp-content/uploads/season_images/utility/score_game_legendary_core.avif					19		
5	S5_R20_atoms		Atoms x 150	0				atoms	/wp-content/uploads/season_images/utility/score_currency_atoms.avif					20		
5	S5_R21_caps		Caps x 1000	0				caps	/wp-content/uploads/season_images/utility/score_currency_caps.avif					21		
5	S5_R22_alistair_backpack_flair		Alistair Backpack Flair	0					/wp-content/uploads/season_images/score_s5_skin_backpackflair_alistair.avif	Show your love for the legendary Knight of Avalon with the Alistair Backpack Flair!  Flairs can be applied to most Backpacks.  - FLAIRS ARE APPLIED AT ARMOR WORKBENCHES. -	SCORE_S5_ENTM_Skin_BackpackFlair_Alistair			22		
5	S5_R23_perfect_bubblegum		Perfect Bubblegum x 3	0				perfect_bubblegum	/wp-content/uploads/season_images/utility/score_utility_bubblegumperfect.avif					23		
5	S5_R24_open_and_closed_sign		Open and Closed Sign	0					/wp-content/uploads/season_images/score_s5_camp_sign_openclose.avif	Open for business, or can't be bothered? Let everyone know which one with the Open and Closed Sign!  - C.A.M.P. ITEMS APPEAR WHILE IN C.A.M.P. MODE. -	SCORE_S5_ENTM_CAMP_Sign_OpenClose			24		
5	S5_R25_carry_weight_booster		Carry Weight Booster x 3	0	TRUE			carry_weight_booster	/wp-content/uploads/season_images/utility/score_utility_carryweight.avif					25		
5	S5_R25_chassis_display_frame		Chassis Display Frame	0					/wp-content/uploads/season_images/score_s5_camp_display_chassisdisplayframe.avif	Display your Armor at your C.A.M.P. with this Chassis Display Frame!  - C.A.M.P. ITEMS APPEAR WHILE IN C.A.M.P. MODE. -	SCORE_S5_ENTM_CAMP_Display_ChassisDisplayFrame			25		
5	S5_R26_perk_card_pack		Perk Card Pack x 1	0				perk_card_pack	/wp-content/uploads/season_images/utility/score_item_perkcardpack.avif					26		
5	S5_R27_nuclear_keycard		Nuclear Keycard x 5	0				nuclear_keycard	/wp-content/uploads/season_images/utility/score_utility_nuclearkeycard.avif					27		
5	S5_R28_mind_t_51_power_armor_paint		M.I.N.D. Power Armor T-51 Paint	0					/wp-content/uploads/season_images/score_s5_skin_powerarmor_paint_t51_mind.avif	Submit to the M.I.N.D.  - SKIN IS CRAFTABLE AT POWER ARMOR STATIONS. -	SCORE_S5_ENTM_Skin_PowerArmor_Paint_T51_MIND			28		
5	S5_R29_legendary_scrip		Legendary Scrip x 100	0				legendary_scrip	/wp-content/uploads/season_images/utility/score_currency_scrip.avif					29		
5	S5_R30_atoms		Atoms x 150	0				atoms	/wp-content/uploads/season_images/utility/score_currency_atoms.avif					30		
5	S5_R31_gold_bullion		Gold Bullion x 100	0				gold_bullion	/wp-content/uploads/season_images/utility/score_currency_bullion.avif					31		
5	S5_R32_raider_goon_outfit		Raider Goon Outfit	0					/wp-content/uploads/season_images/score_s5_apparel_outfit_raider_goon.avif	Join your fellow Raiders at the Crater with the Raider Goon Outfit.  - APPAREL IS CRAFTABLE AT ARMOR WORKBENCHES. -	SCORE_S5_ENTM_Apparel_Outfit_Raider_Goon			32		
5	S5_R33_scrap_kit		Scrap Kit x 3	0				scrap_kit	/wp-content/uploads/season_images/utility/atx_utility_repairkit_scraptostash.avif					33		
5	S5_R34_42nd_century_player_icon		Player Icon: 42nd Century	0		playerIcon	42nd Century	player_icon	/wp-content/uploads/guide-images/atom-shop/player-icons/atx_playericon_score_25.avif	Show your love for the intrepid time traveling historian!  - UNLOCKS A PLAYER ICON. -	SCORE_S5_ENTM_PlayerIcon_Inkwell_42			34		
5	S5_R35_brotherhood_of_steel_kit		Brotherhood of Steel Kit	0	TRUE				/wp-content/uploads/season_images/score_s5_camp_kit_bos.avif					35		
5	S5_R35_perk_card_pack		Perk Card Pack x 1	0				perk_card_pack	/wp-content/uploads/season_images/utility/score_item_perkcardpack.avif					35		
5	S5_R36_mind_laser_gatling_paint		M.I.N.D. Paint (Laser Gatling)	0					/wp-content/uploads/season_images/score_s5_skin_weaponskin_lasergatling_mind.avif	Fry your enemies after blowing their minds with the M.I.N.D. Paint skin!  - SKIN IS CRAFTABLE AT WEAPON WORKBENCHES. -	SCORE_S5_ENTM_Skin_WeaponSkin_LaserGatling_MIND			36		
5	S5_R37_lunchbox		Lunchbox x 3	0				lunchbox	/wp-content/uploads/season_images/utility/atx_store_lunchbox001.avif					37		
5	S5_R38_mind_excavator_power_armor_paint		M.I.N.D. Power Armor Excavator Paint	0					/wp-content/uploads/season_images/score_s5_skin_powerarmor_paint_excavator_mind.avif	Submit to the M.I.N.D.  - SKIN IS CRAFTABLE AT POWER ARMOR STATIONS. -	SCORE_S5_ENTM_Skin_PowerArmor_Paint_Excavator_MIND			38		
5	S5_R39_legendary_core		Legendary Core x 5	0				legendary_core	/wp-content/uploads/season_images/utility/score_game_legendary_core.avif					39		
5	S5_R40_atoms		Atoms x 150	0				atoms	/wp-content/uploads/season_images/utility/score_currency_atoms.avif					40		
5	S5_R41_caps		Caps x 1000	0				caps	/wp-content/uploads/season_images/utility/score_currency_caps.avif					41		
5	S5_R42_raider_goon_helmet		Raider Goon Helmet	0					/wp-content/uploads/season_images/score_s5_apparel_headwear_raider_goon.avif	Don't forget your Raider Goon Helmet when terrorizing Appalachia.  - APPAREL IS CRAFTABLE AT ARMOR WORKBENCHES. -	SCORE_S5_ENTM_Apparel_Headwear_Raider_Goon			42		
5	S5_R43_basic_repair_kit		Basic Repair Kit x 3	0				repair_kit	/wp-content/uploads/season_images/utility/atx_utility_repairkit_basic.avif					43		
5	S5_R44_jumping_the_gap_pose		Jumping the Gap Pose	0					/wp-content/uploads/season_images/score_s5_photomode_gapjump.avif	Don't mind the gap with this Jumping the Gap Pose.  - UNLOCKS A PHOTOMODE POSE. -	SCORE_S5_ENTM_Photomode_GapJump			44		
5	S5_R45_lunchbox		Lunchbox x 3	0	TRUE			lunchbox	/wp-content/uploads/season_images/utility/atx_store_lunchbox001.avif					45		
5	S5_R45_perk_card_pack		Perk Card Pack x 1	0				perk_card_pack	/wp-content/uploads/season_images/utility/score_item_perkcardpack.avif					45		
5	S5_R46_blood_eagle_paint_the_fixer		Blood Eagle Paint (The Fixer)	0					/wp-content/uploads/season_images/score_s5_skin_weaponskin_fixer_bloodeagle.avif	Who you side with is never in doubt with the Blood Eagle Paint for The Fixer.  - SKIN IS CRAFTABLE AT WEAPON WORKBENCHES. -	SCORE_S5_ENTM_Skin_WeaponSkin_Fixer_BloodEagle			46		
5	S5_R47_legendary_module		Legendary Module x 5	0				legendary_module	/wp-content/uploads/season_images/utility/score_game_legendarymodule.avif					47		
5	S5_R48_mind_t_60_power_armor_paint		M.I.N.D. Power Armor T-60 Paint	0					/wp-content/uploads/season_images/score_s5_skin_powerarmor_paint_t60_mind.avif	Submit to the M.I.N.D.  - SKIN IS CRAFTABLE AT POWER ARMOR STATIONS. -	SCORE_S5_ENTM_Skin_PowerArmor_Paint_T60_MIND			48		
5	S5_R49_atoms		Atoms x 150	0				atoms	/wp-content/uploads/season_images/utility/score_currency_atoms.avif					49		
5	S5_R50_stairs_with_posts		Stairs with Posts	0					/wp-content/uploads/season_images/score_s5_camp_structure_stairs_withposts.avif	No matter your style, take a step up with these Guild of Antiquities, Log Cabin, and Armor Ace stairs!  - C.A.M.P. ITEMS APPEAR WHILE IN C.A.M.P. MODE. -	SCORE_S5_ENTM_CAMP_Structure_Stairs_WithPosts			50		
5	S5_R51_atoms		Atoms x 150	0				atoms	/wp-content/uploads/season_images/utility/score_currency_atoms.avif					51		
5	S5_R52_caps		Caps x 2500	0				caps	/wp-content/uploads/season_images/utility/score_currency_caps.avif					52		
5	S5_R53_carry_weight_booster		Carry Weight Booster x 3	0				carry_weight_booster	/wp-content/uploads/season_images/utility/score_utility_carryweight.avif					53		
5	S5_R54_mind_overlord_player_icon		Player Icon: M.I.N.D. Overlord	0		playerIcon	M.I.N.D. Overlord	player_icon	/wp-content/uploads/guide-images/atom-shop/player-icons/atx_playericon_score_28.avif	Bow down to the M.I.N.D. Overlords!  - UNLOCKS A PLAYER ICON. -	SCORE_S5_ENTM_PlayerIcon_Overlord			54		
5	S5_R55_guild_of_antiquities_diamond_floor_and_foundations		Guild of Antiquities Diamond Floor and Foundations	0	TRUE				/wp-content/uploads/season_images/score_s5_camp_floor_guild_antiquities_01.avif	Match the timeworn aesthetic of K.D. Inkwell with the Guild of Antiquities Diamond Floor and Foundations set.  - C.A.M.P. ITEMS APPEAR WHILE IN C.A.M.P. MODE. -	SCORE_S5_ENTM_CAMP_Floor_Guild_Antiquities_01			55		
5	S5_R55_perk_card_pack		Perk Card Pack x 1	0				perk_card_pack	/wp-content/uploads/season_images/utility/score_item_perkcardpack.avif					55		
5	S5_R56_blood_eagle_charmer_blouse_outfit		Blood Eagle Charmer Blouse Outfit	0					/wp-content/uploads/season_images/score_s5_apparel_outfit_bloodeaglemerc_charmer2.avif	Look fearsome and fabulous in this Blood Eagle Charmer leather blouse outfit.  - APPAREL IS CRAFTABLE AT ARMOR WORKBENCHES. -	SCORE_S5_ENTM_Apparel_Outfit_BloodEagleMerc_Charmer2			56		
5	S5_R57_lunchbox		Lunchbox x 3	0				lunchbox	/wp-content/uploads/season_images/utility/atx_store_lunchbox001.avif					57		
5	S5_R58_mind_x_01_power_armor_paint		M.I.N.D. Power Armor X-01 Paint	0					/wp-content/uploads/season_images/score_s5_skin_powerarmor_paint_x01_mind.avif	Submit to the M.I.N.D.  - SKIN IS CRAFTABLE AT POWER ARMOR STATIONS. -	SCORE_S5_ENTM_Skin_PowerArmor_Paint_X01_MIND			58		
5	S5_R59_legendary_module		Legendary Module x 5	0				legendary_module	/wp-content/uploads/season_images/utility/score_game_legendarymodule.avif					59		
5	S5_R60_atoms		Atoms x 150	0				atoms	/wp-content/uploads/season_images/utility/score_currency_atoms.avif					60		
5	S5_R61_gold_bullion		Gold Bullion x 100	0				gold_bullion	/wp-content/uploads/season_images/utility/score_currency_bullion.avif					61		
5	S5_R62_blood_eagle_charmer_leather_outfit		Blood Eagle Charmer Leather Outfit	0					/wp-content/uploads/season_images/score_s5_apparel_outfit_bloodeaglemerc_charmer1.avif	Terrify your friends and neighbors with the Blood Eagle Charmer Leather Outfit.   - APPAREL IS CRAFTABLE AT ARMOR WORKBENCHES. -	SCORE_S5_ENTM_Apparel_Outfit_BloodEagleMerc_Charmer1			62		
5	S5_R63_scrap_kit		Scrap Kit x 3	0				scrap_kit	/wp-content/uploads/season_images/utility/atx_utility_repairkit_scraptostash.avif					63		
5	S5_R64_orange_mind_player_icon		Player Icon: Orange M.I.N.D.	0		playerIcon	Orange M.I.N.D.	player_icon	/wp-content/uploads/guide-images/atom-shop/player-icons/atx_playericon_score_26.avif	Submit to the M.I.N.D.  - UNLOCKS A PLAYER ICON. -	SCORE_S5_ENTM_PlayerIcon_Overlord_Orange			64		
5	S5_R65_carry_weight_booster		Carry Weight Booster x 3	0	TRUE			carry_weight_booster	/wp-content/uploads/season_images/utility/score_utility_carryweight.avif					65		
5	S5_R65_perk_card_pack		Perk Card Pack x 1	0				perk_card_pack	/wp-content/uploads/season_images/utility/score_item_perkcardpack.avif					65		
5	S5_R66_valorous_alistair_paint_gatling_plasma		Valorous Alistair Paint (Gatling Plasma)	0					/wp-content/uploads/season_images/score_s5_skin_weaponskin_plasmagatling_valorousalistair.avif	Take up arms as a knight of Avalon with the Valorous Alistair Paint for the Gatling Plasma.  - SKIN IS CRAFTABLE AT WEAPON WORKBENCHES. -	SCORE_S5_ENTM_Skin_WeaponSkin_PlasmaGatling_ValorousAlistair			66		
5	S5_R67_liquid_courage		Liquid Courage x 1	0				liquid_courage	/wp-content/uploads/season_images/utility/score_game_liquidcourage.avif					67		
5	S5_R68_mind_ultracite_power_armor_paint		M.I.N.D. Power Armor Ultracite Paint	0					/wp-content/uploads/season_images/score_s5_skin_powerarmor_paint_ultracite_mind.avif	Submit to the M.I.N.D.  - SKIN IS CRAFTABLE AT POWER ARMOR STATIONS. -	SCORE_S5_ENTM_Skin_PowerArmor_Paint_Ultracite_MIND			68		
5	S5_R69_legendary_scrip		Legendary Scrip x 250	0				legendary_scrip	/wp-content/uploads/season_images/utility/score_currency_scrip.avif					69		
5	S5_R70_atoms		Atoms x 150	0				atoms	/wp-content/uploads/season_images/utility/score_currency_atoms.avif					70		
5	S5_R71_gold_bullion		Gold Bullion x 250	0				gold_bullion	/wp-content/uploads/season_images/utility/score_currency_bullion.avif					71		
5	S5_R72_mind_overlord_backpack_flair		M.I.N.D. Overlord Backpack Flair	0					/wp-content/uploads/season_images/score_s5_skin_backpackflair_mind.avif	The Overlords can watch over you wherever you go with the M.I.N.D. Overlord Backpack Flair!  Flairs can be applied to most Backpacks.  - FLAIRS ARE APPLIED AT ARMOR WORKBENCHES. -	SCORE_S5_ENTM_Skin_BackpackFlair_MIND			72		
5	S5_R73_basic_repair_kit		Basic Repair Kit x 6	0				repair_kit	/wp-content/uploads/season_images/utility/atx_utility_repairkit_basic.avif					73		
5	S5_R74_battlecry_pose		Battlecry Pose	0					/wp-content/uploads/season_images/score_s5_photomode_battlecry.avif	Show your warrior spirit with this Battlecry Pose!  - UNLOCKS A PHOTOMODE POSE. -	SCORE_S5_ENTM_Photomode_Battlecry			74		
5	S5_R75_mind_nuka_cola_poster		M.I.N.D. Nuka-Cola Poster	0	TRUE				/wp-content/uploads/season_images/score_s5_camp_walldeco_poster_s5gameboardposter01.avif	Evolve your thinking and zap your thirst with the M.I.N.D. Nuka-Cola Poster!  - C.A.M.P. ITEMS APPEAR WHILE IN C.A.M.P. MODE. -	SCORE_S5_ENTM_CAMP_WallDeco_Poster_S5GameBoardPoster01			75		
5	S5_R75_perk_card_pack		Perk Card Pack x 1	0				perk_card_pack	/wp-content/uploads/season_images/utility/score_item_perkcardpack.avif					75		
5	S5_R76_mind_t_65_power_armor_paint		M.I.N.D. Power Armor T-65 Paint	0					/wp-content/uploads/season_images/score_s5_skin_powerarmor_paint_t65_mind.avif	Submit to the M.I.N.D.  - SKIN IS CRAFTABLE AT POWER ARMOR STATIONS. -	SCORE_S5_ENTM_Skin_PowerArmor_Paint_T65_MIND			76		
5	S5_R77_lunchbox		Lunchbox x 3	0				lunchbox	/wp-content/uploads/season_images/utility/atx_store_lunchbox001.avif					77		
5	S5_R78_washer_and_dryer_set		Washer and Dryer Set	0					/wp-content/uploads/season_images/score_s5_camp_floordecor_washerdryer.avif	Get out those stubborn glowing blood stains with the Washer and Dryer Set!  - C.A.M.P. ITEMS APPEAR WHILE IN C.A.M.P. MODE. -	SCORE_S5_ENTM_CAMP_FloorDecor_WasherDryer			78		
5	S5_R79_legendary_module		Legendary Module x 5	0				legendary_module	/wp-content/uploads/season_images/utility/score_game_legendarymodule.avif					79		
5	S5_R80_atoms		Atoms x 150	0				atoms	/wp-content/uploads/season_images/utility/score_currency_atoms.avif					80		
5	S5_R81_caps		Caps x 2500	0				caps	/wp-content/uploads/season_images/utility/score_currency_caps.avif					81		
5	S5_R82_legendary_module		Legendary Module x 5	0				legendary_module	/wp-content/uploads/season_images/utility/score_game_legendarymodule.avif					82		
5	S5_R83_carry_weight_booster		Carry Weight Booster x 3	0				carry_weight_booster	/wp-content/uploads/season_images/utility/score_utility_carryweight.avif					83		
5	S5_R84_kd_inkwell_dashing_player_icon		Player Icon: K.D. Inkwell Dashing	0		playerIcon	K.D. Inkwell Dashing	player_icon	/wp-content/uploads/guide-images/atom-shop/player-icons/atx_playericon_score_30.avif	The dashing time traveling historian!  - UNLOCKS A PLAYER ICON. -	SCORE_S5_ENTM_PlayerIcon_Dashing			84		
5	S5_R85_lunchbox		Lunchbox x 3	0	TRUE			lunchbox	/wp-content/uploads/season_images/utility/atx_store_lunchbox001.avif					85		
5	S5_R85_perk_card_pack		Perk Card Pack x 1	0				perk_card_pack	/wp-content/uploads/season_images/utility/score_item_perkcardpack.avif					85		
5	S5_R86_valorous_alistair_sword		Valorous Alistair Paint (Sword)	0					/wp-content/uploads/season_images/score_s5_skin_weaponskin_sword_alistair.avif	Now you too can wield Alistair's iconic blade! This sword skin can be applied to selected 1-handed blade weapons.  - SKIN IS CRAFTABLE AT WEAPON WORKBENCHES. -  - Works with most 1h melee weapons. -	SCORE_S5_ENTM_Skin_WeaponSkin_Sword_Alistair			86		
5	S5_R87_lunchbox		Lunchbox x 9	0				lunchbox	/wp-content/uploads/season_images/utility/atx_store_lunchbox001.avif					87		
5	S5_R88_mind_power_armor_paint		Enlightened M.I.N.D. Power Armor Paint	0					/wp-content/uploads/season_images/score_s5_skin_powerarmor_model_enlightenedmind.avif	We will capture you! Mankind is now obsolete!  This is a unique skin that completely alters the appearance of your Power Armor. It can be equipped on all main Power Armors.  - SKIN IS CRAFTABLE AT POWER ARMOR STATIONS. -	SCORE_S5_ENTM_Skin_PowerArmor_Model_EnlightenedMIND			88		
5	S5_R89_legendary_scrip		Legendary Scrip x 250	0				legendary_scrip	/wp-content/uploads/season_images/utility/score_currency_scrip.avif					89		
5	S5_R90_atoms		Atoms x 150	0				atoms	/wp-content/uploads/season_images/utility/score_currency_atoms.avif					90		
5	S5_R91_gold_bullion		Gold Bullion x 250	0				gold_bullion	/wp-content/uploads/season_images/utility/score_currency_bullion.avif					91		
5	S5_R92_alistair_s_chronotron_backpack		Alistair's Chronotron Backpack	0					/wp-content/uploads/season_images/score_s5_skin_backpack_alistair.avif	Do you love the Astoundingly Awesome Tales? If so, make sure to show your love with this Backpack.  This skin can be applied to both the Small and Standard Backpack as a mod.  - SKIN IS CRAFTABLE AT ARMOR WORKBENCHES. -	SCORE_S5_ENTM_Skin_Backpack_Alistair			92		
5	S5_R93_mind_overlord_beer_stein		M.I.N.D. Overlord Beer Stein	0					/wp-content/uploads/season_images/score_s5_camp_floordecor_stein_mind.avif	Drink to your time-bending adventures with the M.I.N.D. Overlord Stein!  - C.A.M.P. ITEMS APPEAR WHILE IN C.A.M.P. MODE. -	SCORE_S5_ENTM_CAMP_FloorDecor_Stein_MIND			93		
5	S5_R94_triumphant_alistair_emote		Triumphant Alistair Emote	0					/wp-content/uploads/guide-images/atom-shop/emotes/Triumphant Alistair.webp	Celebrate being Triumphant!  - UNLOCKS AN EMOTE OPTION. -	SCORE_S5_ENTM_Emotes_Yes_Triumphant			94		
5	S5_R95_armor_ace_chassis_display_frame		Armor Ace Chassis Display Frame	0	TRUE				/wp-content/uploads/season_images/score_s5_camp_display_chassisdisplayframe_armorace.avif	Display your Power Armor at your C.A.M.P. with this Armor Ace Chassis Display Frame.  - C.A.M.P. ITEMS APPEAR WHILE IN C.A.M.P. MODE. -	SCORE_S5_ENTM_CAMP_Display_ChassisDisplayFrame_ArmorAce			95		
5	S5_R95_perk_coins		Perk Coin x 50	0				perk_coins	/wp-content/uploads/season_images/utility/score_currency_perkcoin.avif					95		
5	S5_R96_valorous_alistair_headwear		Valorous Alistair Headwear	0					/wp-content/uploads/season_images/score_s5_apparel_headwear_valorousalistair.avif	Represent the Protectors of Avalon with the Valorous Alistair official helmet from his adventures with K.D. Inkwell.  - APPAREL IS CRAFTABLE AT ARMOR WORKBENCHES. -	SCORE_S5_ENTM_Apparel_Headwear_ValorousAlistair			96		
5	S5_R97_legendary_core		Legendary Core x 5	0				legendary_core	/wp-content/uploads/season_images/utility/score_game_legendary_core.avif					97		
5	S5_R98_valorous_alistair_outfit		Valorous Alistair Outfit	0					/wp-content/uploads/season_images/score_s5_apparel_outfit_valorousalistair.avif	Represent the Protectors of Avalon with the Valorous Alistair official outfit from his adventures with K.D. Inkwell.  - APPAREL IS CRAFTABLE AT ARMOR WORKBENCHES. -	SCORE_S5_ENTM_Apparel_Outfit_ValorousAlistair			98		
5	S5_R99_red_rocket_collectron_station		Red Rocket Collectron Station	0					/wp-content/uploads/season_images/score_s5_camp_utility_collectron_redrocket.avif	You're good to go, friend! The Red Rocket Collectron will dutifully collect lightly used automotive parts for your C.A.M.P..  This item cannot be built inside of a Shelter.  - C.A.M.P. ITEMS APPEAR WHILE IN C.A.M.P. MODE. -	SCORE_S5_ENTM_CAMP_Utility_Collectron_RedRocket			99		
5	S5_R100_atoms		Atoms x 500	0				atoms	/wp-content/uploads/season_images/utility/score_currency_atoms.avif					100		
5	S5_R100_framed_escape_gameboard		Framed Escape Gameboard	0					/wp-content/uploads/season_images/score_s5_camp_walldeco_kdinkwell_gameboard.avif	Commemorate your visit to the 42nd Century with the Framed Escape Gameboard.  - C.A.M.P. ITEMS APPEAR WHILE IN C.A.M.P. MODE. -	SCORE_S5_ENTM_CAMP_WallDeco_KDInkwell_Gameboard			100		
5	S5_R100_mind_velox		M.I.N.D. Velox	0					/wp-content/uploads/season_images/score_s5_skin_powerarmor_model_mindvelox.avif	Factum Evolutio Velox! You thought you could escape the M.I.N.D.  This is a unique skin that completely alters the appearance of your Power Armor. It can be equipped on all main Power Armors.  - SKIN IS CRAFTABLE AT POWER ARMOR STATIONS. -	SCORE_S5_ENTM_Skin_PowerArmor_Model_MINDVelox			100		
5	S5_R100_alistair_player_icon		Player Icon: Alistair	0		playerIcon	Alistair	player_icon	/wp-content/uploads/guide-images/atom-shop/player-icons/atx_playericon_score_29.avif	The legendary knight of Avalon, Alistair!  - UNLOCKS A PLAYER ICON. -	SCORE_S5_ENTM_PlayerIcon_Alistair			100		
5	S5_P2_apparel_headwear_bloodeaglemerc_charmer2		Blood Eagle Charmer Helmet	0	TRUE				/wp-content/uploads/season_images/score_s5_apparel_headwear_bloodeaglemerc_charmer2.webp	This Blood Eagle Charmer helmet really ties together the complete Blood Eagle Raider ensemble!  - APPAREL IS CRAFTABLE AT ARMOR WORKBENCHES. -	SCORE_S5_ENTM_Apparel_Headwear_BloodEagleMerc_Charmer2					
5	S5_P4_skin_weaponskin_doublebarrelshotgun		Double-Barrel Paint (Double-Barrel Shotgun)	0					/wp-content/uploads/season_images/score_s5_skin_weaponskin_doublebarrelshotgun.webp	- SKIN IS CRAFTABLE AT WEAPON WORKBENCHES. -	zzzSCORE_S5_ENTM_Skin_WeaponSkin_DoubleBarrelShotgun					
5	S5_P8_camp_wallpaper_guild_set		Guild Wallpaper Set	0					/wp-content/uploads/season_images/score_s5_camp_wallpaper_guild_set.webp	Secure your perimeter with the Cold Steel Wallpaper.  - WALLPAPER ITEMS APPEAR WHILE IN C.A.M.P. EDIT MODE. -	SCORE_S5_ENTM_CAMP_WallPaper_Guild_Set					
5	S5_P5_camp_floor_guild_antiquities_02		Guild of Antiquities Blue Floor and Foundations	0					/wp-content/uploads/season_images/score_s5_camp_floor_guild_antiquities_02.avif	Match the timeworn aesthetic of K.D. Inkwell with the Guild of Antiquities Blue Floor and Foundations set.  - C.A.M.P. ITEMS APPEAR WHILE IN C.A.M.P. MODE. -	SCORE_S5_ENTM_CAMP_Floor_Guild_Antiquities_02					
5	S5_P5_camp_floor_guild_antiquities_03		Guild of Antiquities Star Floor and Foundations	0					/wp-content/uploads/season_images/score_s5_camp_floor_guild_antiquities_03.avif	Match the timeworn aesthetic of K.D. Inkwell with the Guild of Antiquities Star Floor and Foundations set.  - C.A.M.P. ITEMS APPEAR WHILE IN C.A.M.P. MODE. -	SCORE_S5_ENTM_CAMP_Floor_Guild_Antiquities_03					
5	S5_P5_camp_floor_guild_antiquities_04		Guild of Antiquities White Floor and Foundations	0					/wp-content/uploads/season_images/score_s5_camp_floor_guild_antiquities_04.avif	Match the timeworn aesthetic of K.D. Inkwell with the Guild of Antiquities White Floor and Foundations set.  - C.A.M.P. ITEMS APPEAR WHILE IN C.A.M.P. MODE. -	SCORE_S5_ENTM_CAMP_Floor_Guild_Antiquities_04					
5	S5_P8_camp_walldeco_poster_set1		M.I.N.D. Propoganda Poster Set 1	0					/wp-content/uploads/season_images/score_s5_camp_walldeco_poster_set1.webp	- C.A.M.P. ITEMS APPEAR WHILE IN C.A.M.P. MODE. -	zzzSCORE_S5_ENTM_CAMP_WallDeco_Poster_Set1					
5	S5_P8_camp_walldeco_poster_set2		M.I.N.D. Propoganda Poster Set 2	0					/wp-content/uploads/season_images/score_s5_camp_walldeco_poster_set2.webp	- C.A.M.P. ITEMS APPEAR WHILE IN C.A.M.P. MODE. -	SCORE_S5_ENTM_CAMP_WallDeco_Poster_Set2					
6	S6_R2_manta_man_sidekick_mask		Manta Man Sidekick Mask	0					/wp-content/uploads/season_images/score_s6_apparel_headwear_sidekick_mantaman.avif	Show off your loyalty to Manta Man and help take down the Diabolicals with this Sidekick Mask!  - APPAREL IS CRAFTABLE AT ARMOR WORKBENCHES. -	SCORE_S6_ENTM_Apparel_Headwear_Sidekick_MantaMan			2		
6	S6_R3_medium_vault_tec_supply_package		Medium Vault-Tec Supply Package x 1	0				supply_package	/wp-content/uploads/season_images/utility/score_utility_scrapball_medium.avif					3		
6	S6_R4_manta_man_player_icon		Player Icon: Manta Man	0		playerIcon	Manta Man	player_icon	/wp-content/uploads/guide-images/atom-shop/player-icons/atx_playericon_score_35.avif	Bringing his ferocious friends to the battle, Manta Man!  - UNLOCKS A PLAYER ICON. -	SCORE_S6_ENTM_PlayerIcon_MantaMan			4		
6	S6_R5_demolisher_mask		Demolisher Mask	0					/wp-content/uploads/season_images/score_s6_apparel_headwear_demolisher.avif	Raid! Demolish! Repeat!  - APPAREL IS CRAFTABLE AT ARMOR WORKBENCHES. -	SCORE_S6_ENTM_Apparel_Headwear_Demolisher			5		
6	S6_R5_lunchbox		Lunchbox x 3	0	TRUE			lunchbox	/wp-content/uploads/season_images/utility/atx_store_lunchbox001.avif					5		
6	S6_R6_carry_weight_booster		Carry Weight Booster x 3	0				carry_weight_booster	/wp-content/uploads/season_images/utility/score_utility_carryweight.avif					6		
6	S6_R7_lunchbox		Lunchbox x 3	0				lunchbox	/wp-content/uploads/season_images/utility/atx_store_lunchbox001.avif					7		
6	S6_R8_manta_man_posters		Manta Man Posters	0					/wp-content/uploads/season_images/score_s6_camp_walldeco_poster_hubriscomics_mantaman.avif	Help Manta Man battle the dastardly Commie-Kazi with the Manta Man posters!  - C.A.M.P. ITEMS APPEAR WHILE IN C.A.M.P. MODE. -	SCORE_S6_ENTM_CAMP_WallDeco_Poster_HubrisComics_MantaMan			8		
6	S6_R9_legendary_module		Legendary Module x 3	0				legendary_module	/wp-content/uploads/season_images/utility/score_game_legendarymodule.avif					9		
6	S6_R10_atoms		Atoms x 150	0				atoms	/wp-content/uploads/season_images/utility/score_currency_atoms.avif					10		
6	S6_R11_caps		Caps x 500	0				caps	/wp-content/uploads/season_images/utility/score_currency_caps.avif					11		
6	S6_R12_manta_man_sidekick_costume_and_underarmor		Manta Man Sidekick Costume and Underarmor	0					/wp-content/uploads/season_images/score_s6_apparel_outfit_sidekick_mantaman.avif	Calling all the fish in the seas! Manta Man calls out for his trusty Sidekick!  Grants both Outfit and Underarmor versions of the Sidekick Costume.  - APPAREL IS CRAFTABLE AT ARMOR WORKBENCHES. -	SCORE_S6_ENTM_Apparel_Outfit_Sidekick_MantaMan			12		
6	S6_R13_large_vault_tec_supply_package		Large Vault-Tec Supply Package x 1	0				supply_package	/wp-content/uploads/season_images/utility/score_utility_scrapball_large.avif					13		
6	S6_R14_pyramind_player_icon		Player Icon: Pyramind	0		playerIcon	Pyramind	player_icon	/wp-content/uploads/guide-images/atom-shop/player-icons/atx_playericon_score_37.avif	By the eye of Ra. Kneel before me!  - UNLOCKS A PLAYER ICON. -	SCORE_S6_ENTM_PlayerIcon_Pyramind			14		
6	S6_R15_perk_card_pack		Perk Card Pack x 1	0				perk_card_pack	/wp-content/uploads/season_images/utility/score_item_perkcardpack.avif					15		
6	S6_R15_t51_helmet_backpack_flair		T-51 Helmet Backpack Flair	0	TRUE				/wp-content/uploads/season_images/score_s5_skin_backpackflair_t51_helmet.avif	Adorn your backpack with this T-51 Helmet Backpack Flair.   Flairs can be applied to most Backpacks.  - FLAIRS ARE APPLIED AT ARMOR WORKBENCHES. -	F1_SCORE_S6_ENTM_Skin_BackpackFlair_T51_Helmet			15		
6	S6_R16_silver_shroud_backpack_flair		Silver Shroud Backpack Flair	0					/wp-content/uploads/season_images/score_s6_skin_backpackflair_silvershroud.avif	Show off your fandom of the Silver Shroud with this unique backpack flair.  Flairs can be applied to most Backpacks.  - FLAIRS ARE APPLIED AT ARMOR WORKBENCHES. -	SCORE_S6_ENTM_Skin_BackpackFlair_SilverShroud			16		
6	S6_R17_lunchbox		Lunchbox x 3	0				lunchbox	/wp-content/uploads/season_images/utility/atx_store_lunchbox001.avif					17		
6	S6_R18_mistress_t_45_power_armor_paint		Mistress Power Armor T-45 Paint	0					/wp-content/uploads/season_images/score_s6_skin_powerarmor_paint_t45_mistress.avif	Behold the power of the Order of Mysteries against the Diabolicals!  - SKIN IS CRAFTABLE AT POWER ARMOR STATIONS. -	SCORE_S6_ENTM_Skin_PowerArmor_Paint_T45_Mistress			18		
6	S6_R19_legendary_core		Legendary Core x 3	0				legendary_core	/wp-content/uploads/season_images/utility/score_game_legendary_core.avif					19		
6	S6_R20_atoms		Atoms x 150	0				atoms	/wp-content/uploads/season_images/utility/score_currency_atoms.avif					20		
6	S6_R21_caps		Caps x 1000	0				caps	/wp-content/uploads/season_images/utility/score_currency_caps.avif					21		
6	S6_R22_inspector_sidekick_glasses		Inspector Sidekick Glasses	0					/wp-content/uploads/season_images/score_s6_apparel_headwear_sidekick_inspector.avif	Show off your loyalty to the Inspector and see what is needed to take down the Diabolicals with these Sidekick Glasses!  - APPAREL IS CRAFTABLE AT ARMOR WORKBENCHES. -	SCORE_S6_ENTM_Apparel_Headwear_Sidekick_Inspector			22		
6	S6_R23_perfect_bubblegum		Perfect Bubblegum x 3	0				perfect_bubblegum	/wp-content/uploads/season_images/utility/score_utility_bubblegumperfect.avif					23		
6	S6_R24_inspector_player_icon		Player Icon: Inspector	0		playerIcon	Inspector	player_icon	/wp-content/uploads/guide-images/atom-shop/player-icons/atx_playericon_score_31.avif	The Inspector is here with a full bag of tricks up her sleeve!  - UNLOCKS A PLAYER ICON. -	SCORE_S6_ENTM_PlayerIcon_Inspector			24		
6	S6_R25_carry_weight_booster		Carry Weight Booster x 3	0	TRUE			carry_weight_booster	/wp-content/uploads/season_images/utility/score_utility_carryweight.avif					25		
6	S6_R25_lite_ally_daphne		Lite Ally: Daphne	0					/wp-content/uploads/season_images/score_s6_camp_ally_inspector_daphne.avif	By day, she's Daphne, but by night, she's the Inspector!  - ALLIES  APPEAR ONCE THEIR FURNITURE IS PLACED IN C.A.M.P. MODE. -	SCORE_S6_ENTM_CAMP_Ally_Inspector_Daphne			25		
6	S6_R26_perk_card_pack		Perk Card Pack x 1	0				perk_card_pack	/wp-content/uploads/season_images/utility/score_item_perkcardpack.avif					26		
6	S6_R27_nuclear_keycard		Nuclear Keycard x 5	0				nuclear_keycard	/wp-content/uploads/season_images/utility/score_utility_nuclearkeycard.avif					27		
6	S6_R28_mistress_t_51_power_armor_paint		Mistress Power Armor T-51 Paint	0					/wp-content/uploads/season_images/score_s6_skin_powerarmor_paint_t51_mistress.avif	Behold the power of the Order of Mysteries against the Diabolicals!  - SKIN IS CRAFTABLE AT POWER ARMOR STATIONS. -	SCORE_S6_ENTM_Skin_PowerArmor_Paint_T51_Mistress			28		
6	S6_R29_legendary_scrip		Legendary Scrip x 100	0				legendary_scrip	/wp-content/uploads/season_images/utility/score_currency_scrip.avif					29		
6	S6_R30_atoms		Atoms x 150	0				atoms	/wp-content/uploads/season_images/utility/score_currency_atoms.avif					30		
6	S6_R31_gold_bullion		Gold Bullion x 100	0				gold_bullion	/wp-content/uploads/season_images/utility/score_currency_bullion.avif					31		
6	S6_R32_inspector_sidekick_costume_and_underarmor		Inspector Sidekick Costume and Underarmor	0					/wp-content/uploads/season_images/score_s6_apparel_outfit_sidekick_inspector.avif	Just like every magician needs an assistant, the Inspector needs her trusty Sidekick!  Grants both Outfit and Underarmor versions of the Sidekick Costume.  - APPAREL IS CRAFTABLE AT ARMOR WORKBENCHES. -	SCORE_S6_ENTM_Apparel_Outfit_Sidekick_Inspector			32		
6	S6_R33_scrap_kit		Scrap Kit x 3	0				scrap_kit	/wp-content/uploads/season_images/utility/atx_utility_repairkit_scraptostash.avif					33		
6	S6_R34_quick_draw_pose		Quick Draw Pose	0					/wp-content/uploads/season_images/score_s6_photomode_quickdraw.avif	Come out guns blazing with this Quick Draw Pose!  - UNLOCKS A PHOTOMODE POSE. -	SCORE_S6_ENTM_Photomode_Quickdraw			34		
6	S6_R35_perk_card_pack		Perk Card Pack x 1	0				perk_card_pack	/wp-content/uploads/season_images/utility/score_item_perkcardpack.avif					35		
6	S6_R35_samureye_player_icon		Player Icon: SamurEye	0	TRUE	playerIcon	SamurEye	player_icon	/wp-content/uploads/guide-images/atom-shop/player-icons/atx_playericon_score_36.avif	I am honor-bound to destroy you!  - UNLOCKS A PLAYER ICON. -	SCORE_S6_ENTM_PlayerIcon_SamurEye			35		
6	S6_R36_antique_gas_pump_brewing_workbench		Antique Gas Pump Brewing Workbench	0					/wp-content/uploads/season_images/score_s6_camp_machinery_workbench_brewing_antiquegaspump.avif	This brewing station is perfect for times when you need a fill up of your own.  Requires the Brewing Workstation to be learned.  - C.A.M.P. ITEMS APPEAR WHILE IN C.A.M.P. MODE. -	SCORE_S6_ENTM_CAMP_Machinery_Workbench_Brewing_AntiqueGasPump			36		
6	S6_R37_lunchbox		Lunchbox x 3	0				lunchbox	/wp-content/uploads/season_images/utility/atx_store_lunchbox001.avif					37		
6	S6_R38_mistress_excavator_power_armor_paint		Mistress Power Armor Excavator Paint	0					/wp-content/uploads/season_images/score_s6_skin_powerarmor_paint_excavator_mistress.avif	Behold the power of the Order of Mysteries against the Diabolicals!  - SKIN IS CRAFTABLE AT POWER ARMOR STATIONS. -	SCORE_S6_ENTM_Skin_PowerArmor_Paint_Excavator_Mistress			38		
6	S6_R39_legendary_core		Legendary Core x 5	0				legendary_core	/wp-content/uploads/season_images/utility/score_game_legendary_core.avif					39		
6	S6_R40_atoms		Atoms x 150	0				atoms	/wp-content/uploads/season_images/utility/score_currency_atoms.avif					40		
6	S6_R41_caps		Caps x 1000	0				caps	/wp-content/uploads/season_images/utility/score_currency_caps.avif					41		
6	S6_R42_silver_shroud_sidekick_mask		Silver Shroud Sidekick Mask	0					/wp-content/uploads/season_images/score_s6_apparel_headwear_sidekick_silvershroud.avif	Show off your loyalty to the Silver Shroud and help take down the Diabolicals with this Sidekick Mask!  - APPAREL IS CRAFTABLE AT ARMOR WORKBENCHES. -	SCORE_S6_ENTM_Apparel_Headwear_Sidekick_SilverShroud			42		
6	S6_R43_basic_repair_kit		Basic Repair Kit x 3	0				repair_kit	/wp-content/uploads/season_images/utility/atx_utility_repairkit_basic.avif					43		
6	S6_R44_silver_shroud_player_icon		Player Icon: Silver Shroud	0		playerIcon	Silver Shroud	player_icon	/wp-content/uploads/guide-images/atom-shop/player-icons/atx_playericon_score_34.avif	Evil-doers beware, the Silver Shroud is here!  - UNLOCKS A PLAYER ICON. -	SCORE_S6_ENTM_PlayerIcon_SilverShroud			44		
6	S6_R45_lunchbox		Lunchbox x 3	0	TRUE			lunchbox	/wp-content/uploads/season_images/utility/atx_store_lunchbox001.avif					45		
6	S6_R45_perk_card_pack		Perk Card Pack x 1	0				perk_card_pack	/wp-content/uploads/season_images/utility/score_item_perkcardpack.avif					45		
6	S6_R46_silver_shroud_paint_tesla_rifle		Silver Shroud Paint (Tesla Rifle)	0					/wp-content/uploads/season_images/score_s6_skin_weaponskin_lightninggun_silvershroud.avif	The Silver Shroud's name has always struck fear into the minds of his enemies, now he Lightning strikes it!   - SKIN IS CRAFTABLE AT WEAPON WORKBENCHES. -	SCORE_S6_ENTM_Skin_WeaponSkin_LightningGun_SilverShroud			46		
6	S6_R47_legendary_module		Legendary Module x 3	0				legendary_module	/wp-content/uploads/season_images/utility/score_game_legendarymodule.avif					47		
6	S6_R48_mistress_t_60_power_armor_paint		Mistress Power Armor T-60 Paint	0					/wp-content/uploads/season_images/score_s6_skin_powerarmor_paint_t60_mistress.avif	Behold the power of the Order of Mysteries against the Diabolicals!  - SKIN IS CRAFTABLE AT POWER ARMOR STATIONS. -	SCORE_S6_ENTM_Skin_PowerArmor_Paint_T60_Mistress			48		
6	S6_R49_atoms		Atoms x 150	0				atoms	/wp-content/uploads/season_images/utility/score_currency_atoms.avif					49		
6	S6_R50_lite_ally_maul		Lite Ally: Maul	0					/wp-content/uploads/season_images/score_s6_camp_ally_supermutant_maul.avif	Maul will serve you meat while he hunts for a fabled hero.  - ALLIES  APPEAR ONCE THEIR FURNITURE IS PLACED IN C.A.M.P. MODE. -	SCORE_S6_ENTM_CAMP_Ally_SuperMutant_Maul			50		
6	S6_R51_atoms		Atoms x 150	0				atoms	/wp-content/uploads/season_images/utility/score_currency_atoms.avif					51		
6	S6_R52_caps		Caps x 2500	0				caps	/wp-content/uploads/season_images/utility/score_currency_caps.avif					52		
6	S6_R53_carry_weight_booster		Carry Weight Booster x 3	0				carry_weight_booster	/wp-content/uploads/season_images/utility/score_utility_carryweight.avif					53		
6	S6_R54_silver_shroud_sidekick_costume_and_underarmor		Silver Shroud Sidekick Costume and Underarmor	0					/wp-content/uploads/season_images/score_s6_apparel_outfit_sidekick_silvershroud.avif	Evil takes some extra punishment! The Silver Shroud needs his trusty Sidekick!  Grants both Outfit and Underarmor versions of the Sidekick Costume.  - APPAREL IS CRAFTABLE AT ARMOR WORKBENCHES. -	SCORE_S6_ENTM_Apparel_Outfit_Sidekick_SilverShroud			54		
6	S6_R55_green_shag_carpet_floor_and_foundations		Green Shag Carpet Floor and Foundations	0	TRUE				/wp-content/uploads/season_images/score_s6_camp_floor_carpetgreen01.avif					55		
6	S6_R55_perk_card_pack		Perk Card Pack x 1	0				perk_card_pack	/wp-content/uploads/season_images/utility/score_item_perkcardpack.avif					55		
6	S6_R56_grognak_tile_floor_and_foundations		Grognak Tile Floor and Foundations	0					/wp-content/uploads/season_images/score_s6_camp_floor_grognak.avif	Show off your barbaric taste in flooring with the Grognak Tile Floor and Foundations set.  - C.A.M.P. ITEMS APPEAR WHILE IN C.A.M.P. MODE. -	SCORE_S6_ENTM_CAMP_Floor_Grognak			56		
6	S6_R57_lunchbox		Lunchbox x 3	0				lunchbox	/wp-content/uploads/season_images/utility/atx_store_lunchbox001.avif					57		
6	S6_R58_mistress_x_01_power_armor_paint		Mistress Power Armor X-01 Paint	0					/wp-content/uploads/season_images/score_s6_skin_powerarmor_paint_x01_mistress.avif	Behold the power of the Order of Mysteries against the Diabolicals!  - SKIN IS CRAFTABLE AT POWER ARMOR STATIONS. -	SCORE_S6_ENTM_Skin_PowerArmor_Paint_X01_Mistress			58		
6	S6_R59_legendary_module		Legendary Module x 5	0				legendary_module	/wp-content/uploads/season_images/utility/score_game_legendarymodule.avif					59		
6	S6_R60_atoms		Atoms x 150	0				atoms	/wp-content/uploads/season_images/utility/score_currency_atoms.avif					60		
6	S6_R61_gold_bullion		Gold Bullion x 100	0				gold_bullion	/wp-content/uploads/season_images/utility/score_currency_bullion.avif					61		
6	S6_R62_mistress_sidekick_mask		Mistress of Mystery Sidekick Mask	0					/wp-content/uploads/season_images/score_s6_apparel_headwear_sidekick_mistressmystery.avif	Show off your loyalty to the Mistress of Mystery and help take down the Diabolicals with this Sidekick Mask!  - APPAREL IS CRAFTABLE AT ARMOR WORKBENCHES. -	SCORE_S6_ENTM_Apparel_Headwear_Sidekick_MistressMystery			62		
6	S6_R63_scrap_kit		Scrap Kit x 6	0				scrap_kit	/wp-content/uploads/season_images/utility/atx_utility_repairkit_scraptostash.avif					63		
6	S6_R64_mistress_of_mystery_player_icon		Player Icon: Mistress of Mystery	0		playerIcon	Mistress of Mystery	player_icon	/wp-content/uploads/guide-images/atom-shop/player-icons/atx_playericon_score_32.avif	Judgement and Order are in store now that the Mistress has arrived on the scene!  - UNLOCKS A PLAYER ICON. -	SCORE_S6_ENTM_PlayerIcon_Mistress			64		
6	S6_R65_carry_weight_booster		Carry Weight Booster x 3	0	TRUE			carry_weight_booster	/wp-content/uploads/season_images/utility/score_utility_carryweight.avif					65		
6	S6_R65_perk_card_pack		Perk Card Pack x 1	0				perk_card_pack	/wp-content/uploads/season_images/utility/score_item_perkcardpack.avif					65		
6	S6_R66_judgement_of_set_paint		Judgement of Set Paint (The Fixer)	0					/wp-content/uploads/season_images/score_s6_skin_weaponskin_fixer_judgement.avif	Let your enemies feel your fury. Behold the Judgement of Set!  - SKIN IS CRAFTABLE AT WEAPON WORKBENCHES. -	SCORE_S6_ENTM_Skin_WeaponSkin_Fixer_Judgement			66		
6	S6_R67_liquid_courage		Liquid Courage x 1	0				liquid_courage	/wp-content/uploads/season_images/utility/score_game_liquidcourage.avif					67		
6	S6_R68_mistress_ultracite_power_armor_paint		Mistress Power Armor Ultracite Paint	0					/wp-content/uploads/season_images/score_s6_skin_powerarmor_paint_ultracite_mistress.avif	Behold the power of the Order of Mysteries!  - SKIN IS CRAFTABLE AT POWER ARMOR STATIONS. -	SCORE_S6_ENTM_Skin_PowerArmor_Paint_Ultracite_Mistress			68		
6	S6_R69_legendary_scrip		Legendary Scrip x 250	0				legendary_scrip	/wp-content/uploads/season_images/utility/score_currency_scrip.avif					69		
6	S6_R70_atoms		Atoms x 150	0				atoms	/wp-content/uploads/season_images/utility/score_currency_atoms.avif					70		
6	S6_R71_gold_bullion		Gold Bullion x 250	0				gold_bullion	/wp-content/uploads/season_images/utility/score_currency_bullion.avif					71		
6	S6_R72_mistress_sidekick_costume_and_underarmor		Mistress Sidekick Costume and Underarmor	0					/wp-content/uploads/season_images/score_s6_apparel_outfit_sidekick_mistressmystery.avif	The Order will continue on! The Mistress of Mystery needs her legion of trusty Sidekicks!  Grants both Outfit and Underarmor versions of the Sidekick Costume.  - APPAREL IS CRAFTABLE AT ARMOR WORKBENCHES. -	SCORE_S6_ENTM_Apparel_Outfit_Sidekick_MistressMystery			72		
6	S6_R73_basic_repair_kit		Basic Repair Kit x 6	0				repair_kit	/wp-content/uploads/season_images/utility/atx_utility_repairkit_basic.avif					73		
6	S6_R74_mean_green_pose		Mean Green Pose	0					/wp-content/uploads/season_images/score_s6_photomode_meangreen.avif	Be both casual and threatening with the Mean Green Pose!  - UNLOCKS A PHOTOMODE POSE. -	SCORE_S6_ENTM_Photomode_MeanGreen			74		
6	S6_R75_perk_card_pack		Perk Card Pack x 1	0				perk_card_pack	/wp-content/uploads/season_images/utility/score_item_perkcardpack.avif					75		
6	S6_R75_unstoppables_vs_dr_brainwash		Unstoppables Vs Dr. BrainWash	0	TRUE				/wp-content/uploads/season_images/score_s6_camp_walldeco_poster_hubriscomics_brainwash.avif	Square off against the insidious Dr. Brainwash with the Unstoppables Vs Dr. Brainwash Posters!   - C.A.M.P. ITEMS APPEAR WHILE IN C.A.M.P. MODE. -	SCORE_S6_ENTM_CAMP_WallDeco_Poster_HubrisComics_BrainWash			75		
6	S6_R76_mistress_t_65_power_armor_paint		Mistress Power Armor T-65 Paint	0					/wp-content/uploads/season_images/score_s6_skin_powerarmor_paint_t65_mistress.avif	Behold the power of the Order of Mysteries against the Diabolicals!  - SKIN IS CRAFTABLE AT POWER ARMOR STATIONS. -	SCORE_S6_ENTM_Skin_PowerArmor_Paint_T65_Mistress			76		
6	S6_R77_lunchbox		Lunchbox x 3	0				lunchbox	/wp-content/uploads/season_images/utility/atx_store_lunchbox001.avif					77		
6	S6_R78_wasteland_gong		Wasteland Gong	0					/wp-content/uploads/season_images/score_s6_camp_floordecor_wastelandgong.avif	Announce your presence in the wasteland with this Gong antiquity.  - C.A.M.P. ITEMS APPEAR WHILE IN C.A.M.P. MODE. -	SCORE_S6_ENTM_CAMP_FloorDecor_WastelandGong			78		
6	S6_R79_legendary_module		Legendary Module x 5	0				legendary_module	/wp-content/uploads/season_images/utility/score_game_legendarymodule.avif					79		
6	S6_R80_atoms		Atoms x 150	0				atoms	/wp-content/uploads/season_images/utility/score_currency_atoms.avif					80		
6	S6_R81_caps		Caps x 2500	0				caps	/wp-content/uploads/season_images/utility/score_currency_caps.avif					81		
6	S6_R82_grognak_wallpaper		Grognak Wallpaper	0					/wp-content/uploads/season_images/score_s6_camp_wallpaper_grognak.avif	Show your love for Grognak with this jungle themed wallpaper!  - WALLPAPER ITEMS APPEAR WHILE IN C.A.M.P. EDIT MODE. -	SCORE_S6_ENTM_CAMP_WallPaper_Grognak			82		
6	S6_R83_carry_weight_booster		Carry Weight Booster x 3	0				carry_weight_booster	/wp-content/uploads/season_images/utility/score_utility_carryweight.avif					83		
6	S6_R84_grognak_player_icon		Player Icon: Grognak	0		playerIcon	Grognak	player_icon	/wp-content/uploads/guide-images/atom-shop/player-icons/atx_playericon_score_33.avif	Who can stop the Unstoppable Grognak?  - UNLOCKS A PLAYER ICON. -	SCORE_S6_ENTM_PlayerIcon_Grognak			84		
6	S6_R85_lunchbox		Lunchbox x 3	0	TRUE			lunchbox	/wp-content/uploads/season_images/utility/atx_store_lunchbox001.avif					85		
6	S6_R85_perk_card_pack		Perk Card Pack x 1	0				perk_card_pack	/wp-content/uploads/season_images/utility/score_item_perkcardpack.avif					85		
6	S6_R86_grognak_s_other_axe		Grognak's Other Axe (Grognak's Axe)	0					/wp-content/uploads/season_images/score_s6_skin_weaponskin_grognakaxe_guitar.avif	Shred both your enemies and a power chord with this Grognak-themed electric guitar!  - SKIN IS CRAFTABLE AT WEAPON WORKBENCHES. -	SCORE_S6_ENTM_Skin_WeaponSkin_GrognakAxe_Guitar			86		
6	S6_R87_lunchbox		Lunchbox x 9	0				lunchbox	/wp-content/uploads/season_images/utility/atx_store_lunchbox001.avif					87		
6	S6_R88_samureye_power_armor		SamurEye Power Armor Paint	0					/wp-content/uploads/season_images/score_s6_skin_powerarmor_model_samureye.avif	I am honor-bound to destroy you!  This is a unique skin that completely alters the appearance of your Power Armor. It can be equipped on all main Power Armors.  - SKIN IS CRAFTABLE AT POWER ARMOR STATIONS. -	SCORE_S6_ENTM_Skin_PowerArmor_Model_SamurEye			88		
6	S6_R89_legendary_scrip		Legendary Scrip x 250	0				legendary_scrip	/wp-content/uploads/season_images/utility/score_currency_scrip.avif					89		
6	S6_R90_atoms		Atoms x 150	0				atoms	/wp-content/uploads/season_images/utility/score_currency_atoms.avif					90		
6	S6_R91_gold_bullion		Gold Bullion x 250	0				gold_bullion	/wp-content/uploads/season_images/utility/score_currency_bullion.avif					91		
6	S6_R92_grognak_backpack_flair		Grognak Backpack Flair	0					/wp-content/uploads/season_images/score_s6_skin_backpackflair_grognak.avif	Taste his steel with a little bit of flair!  Flairs can be applied to most Backpacks.  - FLAIRS ARE APPLIED AT ARMOR WORKBENCHES. -	SCORE_S6_ENTM_Skin_BackpackFlair_Grognak			92		
6	S6_R93_grognak_s_mead_grog_mug		Grognak's Mead Grog-Mug	0					/wp-content/uploads/season_images/score_s6_camp_floordecor_stein_mead_grognak.avif	Raise a glass to thwarting the Diabolicals! The Unstoppables just can't be stopped.  - C.A.M.P. ITEMS APPEAR WHILE IN C.A.M.P. MODE. -	SCORE_S6_ENTM_CAMP_FloorDecor_Stein_Mead_Grognak			93		
6	S6_R94_fighting_stance_pose		Fighting Stance Pose	0					/wp-content/uploads/season_images/score_s6_photomode_fightingstance.avif	Show you're ready for a battle with this Fighting Stance Pose!  - UNLOCKS A PHOTOMODE POSE. -	SCORE_S6_ENTM_Photomode_FightingStance			94		
6	S6_R95_demolisher_outfit		Demolisher Outfit	0	TRUE				/wp-content/uploads/season_images/score_s6_apparel_outfit_demolisher.avif	Raid! Demolish! Repeat!  - APPAREL IS CRAFTABLE AT ARMOR WORKBENCHES. -	SCORE_S6_ENTM_Apparel_Outfit_Demolisher			95		
6	S6_R95_perk_coins		Perk Coin x 50	0				perk_coins	/wp-content/uploads/season_images/utility/score_currency_perkcoin.avif					95		
6	S6_R96_grognak_sidekick_mask		Grognak Sidekick Mask	0					/wp-content/uploads/season_images/score_s6_apparel_headwear_sidekick_grognak.avif	Show off your loyalty to Grognak and help take down the Diabolicals with this Sidekick Mask!  - APPAREL IS CRAFTABLE AT ARMOR WORKBENCHES. -	SCORE_S6_ENTM_Apparel_Headwear_Sidekick_Grognak			96		
6	S6_R97_legendary_core		Legendary Core x 10	0				legendary_core	/wp-content/uploads/season_images/utility/score_game_legendary_core.avif					97		
6	S6_R98_fetch_collectron_station		F.E.T.C.H. Collectron Station	0					/wp-content/uploads/season_images/score_s6_camp_utility_collectron_fetch.avif	The RobCo Faithful Electronic Trash Collection Hound collects electronic scrap and is programmed to always be happy to see you!  This item cannot be built inside of a Shelter.  - C.A.M.P. ITEMS APPEAR WHILE IN C.A.M.P. MODE. -	SCORE_S6_ENTM_CAMP_Utility_Collectron_FETCH			98		
6	S6_R99_grognak_sidekick_costume_and_underarmor		Grognak Sidekick Costume and Underarmor	0					/wp-content/uploads/season_images/score_s6_apparel_outfit_sidekick_grognak.avif	Prepare for Side-kick-na-Rok! Grognak needs his trusty Sidekick!  Grants both Outfit and Underarmor versions of the Sidekick Costume.  - APPAREL IS CRAFTABLE AT ARMOR WORKBENCHES. -	SCORE_S6_ENTM_Apparel_Outfit_Sidekick_Grognak			99		
6	S6_R100_atoms		Atoms x 500	0				atoms	/wp-content/uploads/season_images/utility/score_currency_atoms.avif					100		
6	S6_R100_diabolical_power_armor		Diabolical Power Armor Paint	0					/wp-content/uploads/season_images/score_s6_skin_powerarmor_model_samureye_diabolical.avif	When the Diabolical's power combines they become even more dangerous!  This is a unique skin that completely alters the appearance of your Power Armor. It can be equipped on all main Power Armors.  - SKIN IS CRAFTABLE AT POWER ARMOR STATIONS. -	SCORE_S6_ENTM_Skin_PowerArmor_Model_SamurEye_Diabolical			100		
6	S6_R100_catarax_player_icon		Player Icon: Catarax	0		playerIcon	Catarax	player_icon	/wp-content/uploads/guide-images/atom-shop/player-icons/atx_playericon_score_38.avif	I'll darken your world!  - UNLOCKS A PLAYER ICON. -	SCORE_S6_ENTM_PlayerIcon_Catarax			100		
6	S6_R100_unstoppables_gameboard		Unstoppables! Gameboard	0					/wp-content/uploads/season_images/score_s6_camp_walldeco_unstoppables_gameboard.avif	You just can't be stopped! Show off your victory with this Framed Unstoppables! Gameboard.  - C.A.M.P. ITEMS APPEAR WHILE IN C.A.M.P. MODE. -	SCORE_S6_ENTM_CAMP_WallDeco_Unstoppables_Gameboard			100		
6	S6_P2_apparel_outfit_reuse		Blood Eagle Mercenary  Outfit	0					/wp-content/uploads/season_images/score_s6_apparel_outfit_reuse.webp	- APPAREL IS CRAFTABLE AT ARMOR WORKBENCHES. -	SCORE_S6_ENTM_Apparel_Outfit_REUSE					
6	S6_P2_apparel_headwear_reuse		Blood Eagle Mercenary Headwear	0					/wp-content/uploads/season_images/score_s6_apparel_headwear_reuse.webp	- APPAREL IS CRAFTABLE AT ARMOR WORKBENCHES. -	SCORE_S6_ENTM_Apparel_Headwear_REUSE					
6	S6_P8_camp_walldeco_poster_s6gameboardposter01		Framed Grognak the Barbarian Poster	0					/wp-content/uploads/season_images/score_s6_camp_walldeco_poster_s6gameboardposter01.avif	Show off your Grognak fandom with the Framed Grognak the Barbarian Poster!  - C.A.M.P. ITEMS APPEAR WHILE IN C.A.M.P. MODE. -	SCORE_S6_ENTM_CAMP_WallDeco_Poster_S6GameBoardPoster01					
6	S6_P7_camp_walldeco_poster_hubriscomics_grognak		Grognak the Barbarian Poster	0					/wp-content/uploads/season_images/score_s6_camp_walldeco_poster_hubriscomics_grognak.webp	Decorate the walls with your favorite Barbarian Hero with the Grognak the Barbarian posters!   - C.A.M.P. ITEMS APPEAR WHILE IN C.A.M.P. MODE. -	SCORE_S6_ENTM_CAMP_WallDeco_Poster_HubrisComics_Grognak					
6	S6_P5_skin_powerarmor_paint_hellcat_mistress		Mistress Power Armor HELLCAT Paint	0					/wp-content/uploads/season_images/score_s6_skin_powerarmor_paint_hellcat_mistress.webp	Behold the power of the Order of Mysteries against the Diabolicals!  - SKIN IS CRAFTABLE AT POWER ARMOR STATIONS. -	zzzSCORE_S6_ENTM_Skin_PowerArmor_Paint_Hellcat_Mistress					
6	S6_P7_camp_walldeco_poster_hubriscomics_pterror		Unstoppables Vs Pterror-Dactyls Posters	0					/wp-content/uploads/season_images/score_s6_camp_walldeco_poster_hubriscomics_pterror.webp	The Unstoppables travel dimensions and battle the ravenous Pterror-Dactyls!   - C.A.M.P. ITEMS APPEAR WHILE IN C.A.M.P. MODE. -	SCORE_S6_ENTM_CAMP_WallDeco_Poster_HubrisComics_Pterror					
6	S6_P6_camp_floordecor_unstoppables		Unstoppables! Poster	0					/wp-content/uploads/season_images/score_s6_camp_floordecor_unstoppables.webp	Turn your entire C.A.M.P. into a bunker with this Army Base Tile Floor and Foundations set.  - C.A.M.P. ITEMS APPEAR WHILE IN C.A.M.P. MODE. -	SCORE_S6_ENTM_CAMP_FloorDecor_Unstoppables					
7	S7_R2_legendary_module		Legendary Module x 10	0				legendary_module	/wp-content/uploads/season_images/utility/score_game_legendarymodule.avif					2		
7	S7_R3_carry_weight_booster		Carry Weight Booster x 3	0				carry_weight_booster	/wp-content/uploads/season_images/utility/score_utility_carryweight.avif					3		
7	S7_R4_gold_bullion		Gold Bullion x 50	0				gold_bullion	/wp-content/uploads/season_images/utility/score_currency_bullion.avif					4		
7	S7_R5_lunchbox		Lunchbox x 3	0	TRUE			lunchbox	/wp-content/uploads/season_images/utility/atx_store_lunchbox001.avif					5		
7	S7_R5_west_virginia_slot_machine		West Virginia Slot Machine	0					/wp-content/uploads/season_images/score_s7_utility_slotmachine_wv.avif	Are you lucky enough to win the jackpot? Spin the reels of the West Virginia Slot Machine and find out!  Slot machines grant rewards only to players who spend Caps to use them.  - C.A.M.P. ITEMS APPEAR WHILE IN C.A.M.P. MODE. -	SCORE_S7_ENTM_Utility_SlotMachine_WV			5		
7	S7_R6_medium_vault_tec_supply_package		Medium Vault-Tec Supply Package x 1	0				supply_package	/wp-content/uploads/season_images/utility/score_utility_scrapball_medium.avif					6		
7	S7_R7_lunchbox		Lunchbox x 3	0				lunchbox	/wp-content/uploads/season_images/utility/atx_store_lunchbox001.avif					7		
7	S7_R8_clean_blue_suit		Clean Blue Suit	0					/wp-content/uploads/season_images/score_s7_apparel_outfit_suitclean_blue.avif	A bold look for a bold person. Stand out from everyone in black suits with this classic blue look.  - APPAREL IS CRAFTABLE AT ARMOR WORKBENCHES. -	SCORE_S7_ENTM_Apparel_Outfit_SuitClean_Blue			8		
7	S7_R9_legendary_module		Legendary Module x 3	0				legendary_module	/wp-content/uploads/season_images/utility/score_game_legendarymodule.avif					9		
7	S7_R10_atoms		Atoms x 150	0				atoms	/wp-content/uploads/season_images/utility/score_currency_atoms.avif					10		
7	S7_R11_caps		Caps x 500	0				caps	/wp-content/uploads/season_images/utility/score_currency_caps.avif					11		
7	S7_R12_framed_dr_zorbo_poster		Framed Dr. Zorbo Poster	0					/wp-content/uploads/season_images/score_s7_camp_walldeco_poster_zorbo.avif	Why are bad guys' Posters always the coolest Posters? Find out for yourself with the Framed Dr. Zorbo Poster!  - C.A.M.P. ITEMS APPEAR WHILE IN C.A.M.P. MODE. -	SCORE_S7_ENTM_CAMP_WallDeco_Poster_Zorbo			12		
7	S7_R13_large_vault_tec_supply_package		Large Vault-Tec Supply Package x 1	0				supply_package	/wp-content/uploads/season_images/utility/score_utility_scrapball_large.avif					13		
7	S7_R14_general_confusion_player_icon		Player Icon: General Confusion	0		playerIcon	General Confusion	player_icon	/wp-content/uploads/guide-images/atom-shop/player-icons/atx_playericon_score_41.avif	The Bismuth Bruiser of Sbibulour! Confused yet?  - UNLOCKS A PLAYER ICON. -	SCORE_S7_ENTM_PlayerIcon_GeneralConfusion			14		
7	S7_R15_perk_card_pack		Perk Card Pack x 1	0				perk_card_pack	/wp-content/uploads/season_images/utility/score_item_perkcardpack.avif					15		
7	S7_R15_baron_von_longneck_player_icon		Player Icon: Baron von Longneck	0	TRUE	playerIcon	Baron von Longneck	player_icon	/wp-content/uploads/guide-images/atom-shop/player-icons/atx_playericon_score_44.avif	The Baron looms large in this galaxy!  - UNLOCKS A PLAYER ICON. -	SCORE_S7_ENTM_PlayerIcon_Baron			15		
7	S7_R16_alien_ship_backpack_flair		Alien Ship Backpack Flair	0					/wp-content/uploads/season_images/score_s7_skin_backpackflair_alienship.avif	Fly away with this spaceship Backpack Flair!  Flairs can be applied to most Backpacks.  - FLAIRS ARE APPLIED AT ARMOR WORKBENCHES. -	SCORE_S7_ENTM_Skin_BackpackFlair_AlienShip			16		
7	S7_R17_lunchbox		Lunchbox x 3	0				lunchbox	/wp-content/uploads/season_images/utility/atx_store_lunchbox001.avif					17		
7	S7_R18_zorbo_t_45_power_armor_paint		Zorbo Power Armor T-45 Paint	0					/wp-content/uploads/season_images/score_s7_skin_powerarmor_paint_t45_zorbo.avif	A patentend Zorbo invention for destruction!  - SKIN IS CRAFTABLE AT POWER ARMOR STATIONS. -	SCORE_S7_ENTM_Skin_PowerArmor_Paint_T45_Zorbo			18		
7	S7_R19_legendary_module		Legendary Module x 3	0				legendary_module	/wp-content/uploads/season_images/utility/score_game_legendarymodule.avif					19		
7	S7_R20_atoms		Atoms x 150	0				atoms	/wp-content/uploads/season_images/utility/score_currency_atoms.avif					20		
7	S7_R21_caps		Caps x 1000	0				caps	/wp-content/uploads/season_images/utility/score_currency_caps.avif					21		
7	S7_R22_octosaw_plushie		Octosaw Plushie	0					/wp-content/uploads/season_images/score_s7_camp_floordecor_plushie_octosaw.avif	Death by 8 thousand of the cutest cuts!  - C.A.M.P. ITEMS APPEAR WHILE IN C.A.M.P. MODE. -	SCORE_S7_ENTM_CAMP_FloorDecor_Plushie_Octosaw			22		
7	S7_R23_basic_repair_kit		Basic Repair Kit x 3	0				repair_kit	/wp-content/uploads/season_images/utility/atx_utility_repairkit_basic.avif					23		
7	S7_R24_confusion_emote		Confusion Emote	0					/wp-content/uploads/guide-images/atom-shop/emotes/Confusion.webp	How did we even get here?  - UNLOCKS AN EMOTE OPTION. -	SCORE_S7_ENTM_Emotes_Confused_Scorched			24		
7	S7_R25_carry_weight_booster		Carry Weight Booster x 3	0	TRUE			carry_weight_booster	/wp-content/uploads/season_images/utility/score_utility_carryweight.avif					25		
7	S7_R25_ally_katherine_swan		Lite Ally: Katherine Swan	0					/wp-content/uploads/season_images/score_s7_camp_ally_katherineswan.avif	Reach for the stars with Katherine, an astronomer obsessed with the study of extraterrestrial life.  - ALLIES  APPEAR ONCE THEIR FURNITURE IS PLACED IN C.A.M.P. MODE. -	SCORE_S7_ENTM_CAMP_Ally_KatherineSwan			25		
7	S7_R26_perk_card_pack		Perk Card Pack x 1	0				perk_card_pack	/wp-content/uploads/season_images/utility/score_item_perkcardpack.avif					26		
7	S7_R27_nuclear_keycard		Nuclear Keycard x 5	0				nuclear_keycard	/wp-content/uploads/season_images/utility/score_utility_nuclearkeycard.avif					27		
7	S7_R28_zorbo_t_51b_power_armor_paint		Zorbo Power Armor T-51 Paint	0					/wp-content/uploads/season_images/score_s7_skin_powerarmor_paint_t51_zorbo.avif	A patentend Zorbo invention for destruction!  - SKIN IS CRAFTABLE AT POWER ARMOR STATIONS. -	SCORE_S7_ENTM_Skin_PowerArmor_Paint_T51_Zorbo			28		
7	S7_R29_legendary_scrip		Legendary Scrip x 100	0				legendary_scrip	/wp-content/uploads/season_images/utility/score_currency_scrip.avif					29		
7	S7_R30_atoms		Atoms x 150	0				atoms	/wp-content/uploads/season_images/utility/score_currency_atoms.avif					30		
7	S7_R31_gold_bullion		Gold Bullion x 100	0				gold_bullion	/wp-content/uploads/season_images/utility/score_currency_bullion.avif					31		
7	S7_R32_military_stars_floor_and_foundations		Military Stars Floor and Foundations	0					/wp-content/uploads/season_images/score_s7_camp_floor_militarystar.avif	Give your C.A.M.P. a militaristic look with the Military Stars Floor.  - C.A.M.P. ITEMS APPEAR WHILE IN C.A.M.P. MODE. -	SCORE_S7_ENTM_CAMP_Floor_MilitaryStar			32		
7	S7_R33_scrap_kit		Scrap Kit x 3	0				scrap_kit	/wp-content/uploads/season_images/utility/atx_utility_repairkit_scraptostash.avif					33		
7	S7_R34_opus_or_obra_player_icon		Player Icon: Opus and Obra	0		playerIcon	Opus and Obra	player_icon	/wp-content/uploads/guide-images/atom-shop/player-icons/atx_playericon_score_43.avif	Two heads better than one? How bout four guns better than one!  - UNLOCKS A PLAYER ICON. -	SCORE_S7_ENTM_PlayerIcon_OpusObra			34		
7	S7_R35_perk_card_pack		Perk Card Pack x 1	0				perk_card_pack	/wp-content/uploads/season_images/utility/score_item_perkcardpack.avif					35		
7	S7_R35_pleasant_valley_promo_posters		Pleasant Valley Promo Posters	0	TRUE				/wp-content/uploads/season_images/score_s7_camp_walldeco_poster_promo_pleasantvalley.avif					35		
7	S7_R36_watoga_jumpsuit		Watoga Jumpsuit	0					/wp-content/uploads/season_images/score_s7_apparel_outfit_jumpsuit_watoga.avif	Experience the fashion of tomorrow, today with the Watoga jumpsuit.  - APPAREL IS CRAFTABLE AT ARMOR WORKBENCHES. -	SCORE_S7_ENTM_Apparel_Outfit_Jumpsuit_Watoga			36		
7	S7_R37_trail_fireworks		Trail Fireworks x 10	0				fireworks	/wp-content/uploads/season_images/utility/score_utility_fireworks_crackle.avif					37		
7	S7_R38_zorbo_excavator_power_armor_paint		Zorbo Power Armor Excavator Paint	0					/wp-content/uploads/season_images/score_s7_skin_powerarmor_paint_excavator_zorbo.avif	A patentend Zorbo invention for destruction!  - SKIN IS CRAFTABLE AT POWER ARMOR STATIONS. -	SCORE_S7_ENTM_Skin_PowerArmor_Paint_Excavator_Zorbo			38		
7	S7_R39_legendary_module		Legendary Module x 3	0				legendary_module	/wp-content/uploads/season_images/utility/score_game_legendarymodule.avif					39		
7	S7_R40_atoms		Atoms x 150	0				atoms	/wp-content/uploads/season_images/utility/score_currency_atoms.avif					40		
7	S7_R41_caps		Caps x 1000	0				caps	/wp-content/uploads/season_images/utility/score_currency_caps.avif					41		
7	S7_R42_alien_invasion_shooting_gallery		Alien Invasion Shooting Gallery	0					/wp-content/uploads/season_images/score_s7_camp_furniture_shootinggallery_alieninvasion.avif	Prepare yourself for an invasion with the Alien Invasion Shooting Gallery!  - C.A.M.P. ITEMS APPEAR WHILE IN C.A.M.P. MODE. -	SCORE_S7_ENTM_CAMP_Furniture_ShootingGallery_AlienInvasion			42		
7	S7_R43_basic_repair_kit		Basic Repair Kit x 3	0				repair_kit	/wp-content/uploads/season_images/utility/atx_utility_repairkit_basic.avif					43		
7	S7_R44_jangles_player_icon		Player Icon: Jangles	0		playerIcon	Jangles	player_icon	/wp-content/uploads/guide-images/atom-shop/player-icons/atx_playericon_score_09.avif	Trusted sidekick of Captain Cosmos.  - UNLOCKS A PLAYER ICON. -	SCORE_S7_ENTM_PlayerIcon_Jangles_S1			44		
7	S7_R45_lunchbox		Lunchbox x 3	0	TRUE			lunchbox	/wp-content/uploads/season_images/utility/atx_store_lunchbox001.avif					45		
7	S7_R45_perk_card_pack		Perk Card Pack x 1	0				perk_card_pack	/wp-content/uploads/season_images/utility/score_item_perkcardpack.avif					45		
7	S7_R46_carry_weight_booster		Carry Weight Booster x 3	0				carry_weight_booster	/wp-content/uploads/season_images/utility/score_utility_carryweight.avif					46		
7	S7_R47_legendary_module		Legendary Module x 3	0				legendary_module	/wp-content/uploads/season_images/utility/score_game_legendarymodule.avif					47		
7	S7_R48_zorbo_t_60_power_armor_paint		Zorbo Power Armor T-60 Paint	0					/wp-content/uploads/season_images/score_s7_skin_powerarmor_paint_t60_zorbo.avif	A patentend Zorbo invention for destruction!  - SKIN IS CRAFTABLE AT POWER ARMOR STATIONS. -	SCORE_S7_ENTM_Skin_PowerArmor_Paint_T60_Zorbo			48		
7	S7_R49_atoms		Atoms x 150	0				atoms	/wp-content/uploads/season_images/utility/score_currency_atoms.avif					49		
7	S7_R50_ally_xerxo		Lite Ally: Xerxo	0					/wp-content/uploads/season_images/score_s7_camp_ally_xerxo.avif	Xerxo is an alien from the proud Zebulon Empire. At least, that's what he thinks.  - ALLIES  APPEAR ONCE THEIR FURNITURE IS PLACED IN C.A.M.P. MODE. -	SCORE_S7_ENTM_CAMP_Ally_Xerxo			50		
7	S7_R51_atoms		Atoms x 150	0				atoms	/wp-content/uploads/season_images/utility/score_currency_atoms.avif					51		
7	S7_R52_caps		Caps x 2500	0				caps	/wp-content/uploads/season_images/utility/score_currency_caps.avif					52		
7	S7_R53_nuclear_keycard		Nuclear Keycard x 5	0				nuclear_keycard	/wp-content/uploads/season_images/utility/score_utility_nuclearkeycard.avif					53		
7	S7_R54_heroic_captain_cosmos_player_icon		Player Icon: Heroic Captain Cosmos	0		playerIcon	Heroic Captain Cosmos	player_icon	/wp-content/uploads/guide-images/atom-shop/player-icons/atx_playericon_score_08.avif	The true hero of the legendary run!  - UNLOCKS A PLAYER ICON. -	SCORE_S7_ENTM_PlayerIcon_CaptCosmos_S1			54		
7	S7_R55_jackalope_plushie		Jackalope Plushie	0	TRUE				/wp-content/uploads/season_images/score_s7_camp_floordecor_plushie_jackalope.avif					55		
7	S7_R55_perk_card_pack		Perk Card Pack x 1	0				perk_card_pack	/wp-content/uploads/season_images/utility/score_item_perkcardpack.avif					55		
7	S7_R56_ufo_umbrella_patio_table		UFO Umbrella Patio Table	0					/wp-content/uploads/season_images/score_s7_camp_furniture_patiotable_ufo.avif	Unidentified Friendly Object incoming! Have your friends over with this space themed patio table!  - C.A.M.P. ITEMS APPEAR WHILE IN C.A.M.P. MODE. -	SCORE_S7_ENTM_CAMP_Furniture_PatioTable_UFO			56		
7	S7_R57_lunchbox		Lunchbox x 3	0				lunchbox	/wp-content/uploads/season_images/utility/atx_store_lunchbox001.avif					57		
7	S7_R58_zorbo_x_01_power_armor_paint		Zorbo Power Armor X-01 Paint	0					/wp-content/uploads/season_images/score_s7_skin_powerarmor_paint_x01_zorbo.avif	A patented Zorbo invention for destruction!  - SKIN IS CRAFTABLE AT POWER ARMOR STATIONS. -	SCORE_S7_ENTM_Skin_PowerArmor_Paint_X01_Zorbo			58		
7	S7_R59_legendary_module		Legendary Module x 5	0				legendary_module	/wp-content/uploads/season_images/utility/score_game_legendarymodule.avif					59		
7	S7_R60_atoms		Atoms x 150	0				atoms	/wp-content/uploads/season_images/utility/score_currency_atoms.avif					60		
7	S7_R61_gold_bullion		Gold Bullion x 100	0				gold_bullion	/wp-content/uploads/season_images/utility/score_currency_bullion.avif					61		
7	S7_R62_zetan_backpack_flair		Alien Backpack Flair	0					/wp-content/uploads/season_images/score_s7_skin_backpackflair_alien.avif	Be out of this world with this Alien Backpack Flair!  Flairs can be applied to most Backpacks.  - FLAIRS ARE APPLIED AT ARMOR WORKBENCHES. -	SCORE_S7_ENTM_Skin_BackpackFlair_Alien			62		
7	S7_R63_scrap_kit		Scrap Kit x 6	0				scrap_kit	/wp-content/uploads/season_images/utility/atx_utility_repairkit_scraptostash.avif					63		
7	S7_R64_skellscream_player_icon		Player Icon: Skellscream	0		playerIcon	Skellscream	player_icon	/wp-content/uploads/guide-images/atom-shop/player-icons/atx_playericon_score_40.avif	The only thing you can hear on his home planet is his haunted howls!  - UNLOCKS A PLAYER ICON. -	SCORE_S7_ENTM_PlayerIcon_Skellscream			64		
7	S7_R65_carry_weight_booster		Carry Weight Booster x 3	0	TRUE			carry_weight_booster	/wp-content/uploads/season_images/utility/score_utility_carryweight.avif					65		
7	S7_R65_perk_card_pack		Perk Card Pack x 1	0				perk_card_pack	/wp-content/uploads/season_images/utility/score_item_perkcardpack.avif					65		
7	S7_R66_wavy_willard_s_bubble_machine		Wavy Willard's Bubble Machine	0					/wp-content/uploads/season_images/score_s7_camp_utility_bubblemachine.avif	Have some Wavy Willard's fun with the Wavy Willard's Bubble Machine!  - C.A.M.P. ITEMS APPEAR WHILE IN C.A.M.P. MODE. -	SCORE_S7_ENTM_CAMP_Utility_BubbleMachine			66		
7	S7_R67_trail_fireworks		Trail Fireworks x 10	0				fireworks	/wp-content/uploads/season_images/utility/score_utility_fireworks_crackle.avif					67		
7	S7_R68_zorbo_ultracite_power_armor_paint		Zorbo Power Armor Ultracite Paint	0					/wp-content/uploads/season_images/score_s7_skin_powerarmor_paint_ultracite_zorbo.avif	A patentend Zorbo invention for destruction!  - SKIN IS CRAFTABLE AT POWER ARMOR STATIONS. -	SCORE_S7_ENTM_Skin_PowerArmor_Paint_Ultracite_Zorbo			68		
7	S7_R69_legendary_scrip		Legendary Scrip x 250	0				legendary_scrip	/wp-content/uploads/season_images/utility/score_currency_scrip.avif					69		
7	S7_R70_atoms		Atoms x 150	0				atoms	/wp-content/uploads/season_images/utility/score_currency_atoms.avif					70		
7	S7_R71_gold_bullion		Gold Bullion x 250	0				gold_bullion	/wp-content/uploads/season_images/utility/score_currency_bullion.avif					71		
7	S7_R72_starscape_floors_and_foundations		Starscape Floors and Foundations	0					/wp-content/uploads/season_images/score_s7_camp_floor_starscape.avif	Walk upon the sky with this dreamy Starscape Floor.  - C.A.M.P. ITEMS APPEAR WHILE IN C.A.M.P. MODE. -	SCORE_S7_ENTM_CAMP_Floor_Starscape			72		
7	S7_R73_basic_repair_kit		Basic Repair Kit x 6	0				repair_kit	/wp-content/uploads/season_images/utility/atx_utility_repairkit_basic.avif					73		
7	S7_R74_evil_doctor_pose		Evil Doctor Pose	0					/wp-content/uploads/season_images/score_s7_photomode_pose_zorbo_evildoctor.avif	Why take over the world when you can take over the galaxy?!  - UNLOCKS A PHOTOMODE POSE. -	SCORE_S7_ENTM_Photomode_Pose_Zorbo_EvilDoctor			74		
7	S7_R75_perk_card_pack		Perk Card Pack x 1	0				perk_card_pack	/wp-content/uploads/season_images/utility/score_item_perkcardpack.avif					75		
7	S7_R76_zorbo_t_65_power_armor_paint		Zorbo Power Armor T-65 Paint	0					/wp-content/uploads/season_images/score_s7_skin_powerarmor_paint_t65_zorbo.avif	A patentend Zorbo invention for destruction!  - SKIN IS CRAFTABLE AT POWER ARMOR STATIONS. -	SCORE_S7_ENTM_Skin_PowerArmor_Paint_T65_Zorbo			76		
7	S7_R77_lunchbox		Lunchbox x 3	0				lunchbox	/wp-content/uploads/season_images/utility/atx_store_lunchbox001.avif					77		
7	S7_R78_come_and_get_me_emote		Come Get Me! Emote	0					/wp-content/uploads/guide-images/atom-shop/emotes/Come Get Me.webp	Tell all of Appalachia - you've never felt more Wanted.  - UNLOCKS AN EMOTE OPTION. -	SCORE_S7_ENTM_Emotes_Taunt_Wanted			78		
7	S7_R79_legendary_module		Legendary Module x 5	0				legendary_module	/wp-content/uploads/season_images/utility/score_game_legendarymodule.avif					79		
7	S7_R80_atoms		Atoms x 150	0				atoms	/wp-content/uploads/season_images/utility/score_currency_atoms.avif					80		
7	S7_R81_caps		Caps x 2500	0				caps	/wp-content/uploads/season_images/utility/score_currency_caps.avif					81		
7	S7_R82_starscape_wallpaper		Starscape Wallpaper	0					/wp-content/uploads/season_images/score_s7_camp_wallpaper_starscape.avif	Make your room among the stars with this dreamy Starscape Wallpaper.  - WALLPAPER ITEMS APPEAR WHILE IN C.A.M.P. EDIT MODE. -	SCORE_S7_ENTM_CAMP_WallPaper_Starscape			82		
7	S7_R83_carry_weight_booster		Carry Weight Booster x 3	0				carry_weight_booster	/wp-content/uploads/season_images/utility/score_utility_carryweight.avif					83		
7	S7_R84_floating_face_farrah_player_icon		Player Icon: Floating Face Farrah	0		playerIcon	Floating Face Farrah	player_icon	/wp-content/uploads/guide-images/atom-shop/player-icons/atx_playericon_score_42.avif	Farrah is so generous in sharing her evil ways!  - UNLOCKS A PLAYER ICON. -	SCORE_S7_ENTM_PlayerIcon_FloatingFace			84		
7	S7_R85_lunchbox		Lunchbox x 3	0	TRUE			lunchbox	/wp-content/uploads/season_images/utility/atx_store_lunchbox001.avif					85		
7	S7_R85_perk_card_pack		Perk Card Pack x 1	0				perk_card_pack	/wp-content/uploads/season_images/utility/score_item_perkcardpack.avif					85		
7	S7_R86_samurai_sword		Samurai Sword Paint (Sword)	0					/wp-content/uploads/season_images/score_s7_skin_weaponskin_sword_toshiro.avif	Strength and swiftness must be used when wielding the razor-sharp weapon of choice of the ancient samurai.  - SKIN IS CRAFTABLE AT WEAPON WORKBENCHES. -  - Works with most 1h melee weapons. -	SCORE_S7_ENTM_Skin_WeaponSkin_Sword_Toshiro			86		
7	S7_R87_perfect_bubblegum		Perfect Bubblegum x 6	0				perfect_bubblegum	/wp-content/uploads/season_images/utility/score_utility_bubblegumperfect.avif					87		
7	S7_R88_skellscream_power_armor		Skellscream Power Armor Paint	0					/wp-content/uploads/season_images/score_s7_skin_powerarmor_model_skellscream.avif	Leave the world Lifeless around you with this Skellscream Power Armor Paint!  This is a unique skin that completely alters the appearance of your Power Armor. It can be equipped on all main Power Armors.  - SKIN IS CRAFTABLE AT POWER ARMOR STATIONS. -	SCORE_S7_ENTM_Skin_PowerArmor_Model_Skellscream			88		
7	S7_R89_legendary_scrip		Legendary Scrip x 250	0				legendary_scrip	/wp-content/uploads/season_images/utility/score_currency_scrip.avif					89		
7	S7_R90_atoms		Atoms x 150	0				atoms	/wp-content/uploads/season_images/utility/score_currency_atoms.avif					90		
7	S7_R91_gold_bullion		Gold Bullion x 250	0				gold_bullion	/wp-content/uploads/season_images/utility/score_currency_bullion.avif					91		
7	S7_R92_dr_zorbo_helmet		Dr. Zorbo Helmet	0					/wp-content/uploads/season_images/score_s7_apparel_headwear_zorbo.avif	Deliver your revenge and finally conquer the galaxy with this Dr. Zorbo Helmet!  - APPAREL IS CRAFTABLE AT ARMOR WORKBENCHES. -	SCORE_S7_ENTM_Apparel_Headwear_Zorbo			92		
7	S7_R93_floating_face_flagon		Floating Face Farrah's Flagon	0					/wp-content/uploads/season_images/score_s7_camp_floordecor_stein_floatingface.avif	What concoction has Floating Face Farrah fused  up on Ketson Prime?!  - C.A.M.P. ITEMS APPEAR WHILE IN C.A.M.P. MODE. -	SCORE_S7_ENTM_CAMP_FloorDecor_Stein_FloatingFace			93		
7	S7_R94_dr_zorbo_s_magic_pose		Dr. Zorbo's Magic Pose	0					/wp-content/uploads/season_images/score_s7_photomode_pose_zorbo_magic.avif	Make your enemies disappear! Impress your friends and scare your enemies with the Dr. Zorbo's Magic Pose.  - UNLOCKS A PHOTOMODE POSE. -	SCORE_S7_ENTM_Photomode_Pose_Zorbo_Magic			94		
7	S7_R95_enclave_three_laser_door		Enclave Three-Laser Door	0	TRUE				/wp-content/uploads/season_images/score_s7_camp_door_metal_enclave_01.avif	Add some variety to your Enclave C.A.M.P. with the Enclave Three-Laser Door.  - C.A.M.P. ITEMS APPEAR WHILE IN C.A.M.P. MODE. -	SCORE_S7_ENTM_CAMP_Door_Metal_Enclave_01			95		
7	S7_R95_perk_coins		Perk Coin x 50	0				perk_coins	/wp-content/uploads/season_images/utility/score_currency_perkcoin.avif					95		
7	S7_R96_dr_zorbo_robes		Dr. Zorbo Robes	0					/wp-content/uploads/season_images/score_s7_apparel_outfit_zorbo.avif	Deliver your revenge and finally conquer the galaxy with these Dr. Zorbo Robes! And do it with flair!  - APPAREL IS CRAFTABLE AT ARMOR WORKBENCHES. -	SCORE_S7_ENTM_Apparel_Outfit_Zorbo			96		
7	S7_R97_legendary_module		Legendary Module x 10	0				legendary_module	/wp-content/uploads/season_images/utility/score_game_legendarymodule.avif					97		
7	S7_R98_order_of_mystery_set		Order of Mystery Set	0					/wp-content/uploads/season_images/score_s7_camp_kit_orderofmystery.avif	Build a Mysterious hideaway with the Order Of Mystery Kit!  - Includes a wall kit with rooftops. - - C.A.M.P. ITEMS APPEAR WHILE IN C.A.M.P. MODE. -	SCORE_S7_ENTM_CAMP_Kit_OrderOfMystery			98		
7	S7_R99_lunchbox		Lunchbox x 9	0				lunchbox	/wp-content/uploads/season_images/utility/atx_store_lunchbox001.avif					99		
7	S7_R100_atoms		Atoms x 500	0				atoms	/wp-content/uploads/season_images/utility/score_currency_atoms.avif					100		
7	S7_R100_howling_skellscream_power_armor		Howling Skellscream Power Armor Paint	0					/wp-content/uploads/season_images/score_s7_skin_powerarmor_model_skellscream_howling.avif	With the Howler by his side, Zorbo's Revenge is complete! No one can stop him in this galaxy!!  This is a unique skin that completely alters the appearance of your Power Armor. It can be equipped on all main Power Armors.  - SKIN IS CRAFTABLE AT POWER ARMOR STATIONS. -	SCORE_S7_ENTM_Skin_PowerArmor_Model_Skellscream_Howling			100		
7	S7_R100_dr_zorbo_player_icon		Player Icon: Dr. Zorbo	0		playerIcon	Dr. Zorbo	player_icon	/wp-content/uploads/guide-images/atom-shop/player-icons/atx_playericon_score_39.avif	Dr. Zorbo's Revenge is nigh!  - UNLOCKS A PLAYER ICON. -	SCORE_S7_ENTM_PlayerIcon_DrZorbo			100		
7	S7_R100_zorbo_s_revenge_gameboard		Zorbo's Revenge Gameboard	0					/wp-content/uploads/season_images/score_s7_camp_walldeco_zorbo_gameboard.avif	Zorbo's Revenge is complete! No one can stop him in this galaxy!  - C.A.M.P. ITEMS APPEAR WHILE IN C.A.M.P. MODE. -	SCORE_S7_ENTM_CAMP_WallDeco_Zorbo_Gameboard			100		
7	S7_P1_playericon_zorbo_s1		Player Icon: Zorbo	0		playerIcon	Zorbo	player_icon	/wp-content/uploads/guide-images/atom-shop/player-icons/atx_playericon_score_12.avif	I must defeat Captain Cosmos!  - UNLOCKS A PLAYER ICON. -	SCORE_S7_ENTM_PlayerIcon_Zorbo_S1					
7	S7_P5_camp_utility_collectron_zetan		Zetan Matrix Collectron Station	0	TRUE					The RobCo Faithful Electronic Trash Collection Hound collects electronic scrap and is programmed to always be happy to see you!  This item cannot be built inside of a Shelter.  - C.A.M.P. ITEMS APPEAR WHILE IN C.A.M.P. MODE. -	zzzSCORE_S7_ENTM_CAMP_Utility_Collectron_Zetan					
8	S8_R2_underground_logo_player_icon		Player Icon: Underground Logo	0		playerIcon	Underground Logo	player_icon	/wp-content/uploads/guide-images/atom-shop/player-icons/atx_playericon_score_45.avif	A Better Life Underground!  - UNLOCKS A PLAYER ICON. -	SCORE_S8_ENTM_PlayerIcon_UndergroundLogo			2		
8	S8_R3_vault_tec_supply_crate_level_2		Vault-Tec Supply Crate (Level 2)	0				supply_package	/wp-content/uploads/season_images/utility/score_utility_scrapball_medium.avif					3		
8	S8_R4_health_kit_bundle		Health Kit Bundle	0					/wp-content/uploads/season_images/utility/score_utility_healthkit.avif					4		
8	S8_R5_exercise_bike		Exercise Bike	0					/wp-content/uploads/season_images/score_s8_camp_utility_exercisebike.avif	Get that cardio in before you head out on an adventure with the Exercise Bike!  - Using the Exercise Bike will grant an Endurance Boost -  - C.A.M.P. ITEMS APPEAR WHILE IN C.A.M.P. MODE. -	SCORE_S8_ENTM_CAMP_Utility_ExerciseBike			5		
8	S8_R5_lunchbox		Lunchbox x 3	0	TRUE			lunchbox	/wp-content/uploads/season_images/utility/atx_store_lunchbox001.avif					5		
8	S8_R6_free_states_wood_armor_paint		Free States Wood Armor Paint	0					/wp-content/uploads/season_images/score_s8_skin_armorskin_wood_freestates.avif	You have the right to be well-armored with this Free States Wood Armor Paint.  - SKIN IS CRAFTABLE AT ARMOR WORKBENCHES. -	SCORE_S8_ENTM_Skin_ArmorSkin_Wood_FreeStates			6		
8	S8_R7_lunchbox		Lunchbox x 3	0				lunchbox	/wp-content/uploads/season_images/utility/atx_store_lunchbox001.avif					7		
8	S8_R8_vault_tec_twin_bed		Vault-Tec Twin Bed	0					/wp-content/uploads/season_images/score_s8_camp_bed_twinbed_vaulttec.avif	Snooze your problems away with the patented Vault-Tec Bed!  - C.A.M.P. ITEMS APPEAR WHILE IN C.A.M.P. MODE. -	SCORE_S8_ENTM_CAMP_Bed_Twinbed_VaultTec			8		
8	S8_R9_legendary_module		Legendary Module x 3	0				legendary_module	/wp-content/uploads/season_images/utility/score_game_legendarymodule.avif					9		
8	S8_R10_atoms		Atoms x 150	0				atoms	/wp-content/uploads/season_images/utility/score_currency_atoms.avif					10		
8	S8_R10_liquid_courage		Liquid Courage x 1	0	TRUE			liquid_courage	/wp-content/uploads/season_images/utility/score_game_liquidcourage.avif					10		
8	S8_R11_caps		Caps x 500	0				caps	/wp-content/uploads/season_images/utility/score_currency_caps.avif					11		
8	S8_R12_robco_jumpsuit		RobCo Jumpsuit	0					/wp-content/uploads/season_images/score_s8_apparel_outfit_jumpsuit_robco.avif	What else could you ask for from your friends at RobCo? Maybe this awesome jumpsuit?!  - APPAREL IS CRAFTABLE AT ARMOR WORKBENCHES. -	SCORE_S8_ENTM_Apparel_Outfit_Jumpsuit_RobCo			12		
8	S8_R13_vault_tec_supply_crate_level_3		Vault-Tec Supply Crate (Level 3)	0				supply_package	/wp-content/uploads/season_images/utility/score_utility_scrapball_large.avif					13		
8	S8_R14_purple_floater_mobile		Purple Floater Mobile	0					/wp-content/uploads/season_images/score_s8_camp_walldeco_mobile_floater_purple.avif	All experiments have some value, no matter how horrifying they appear. - C.A.M.P. ITEMS APPEAR WHILE IN C.A.M.P. MODE. -	SCORE_S8_ENTM_CAMP_WallDeco_Mobile_Floater_Purple			14		
8	S8_R15_perk_card_pack		Perk Card Pack x 1	0				perk_card_pack	/wp-content/uploads/season_images/utility/score_item_perkcardpack.avif					15		
8	S8_R15_bunny_slippers_player_icon		Player Icon: Bunny Slippers	0	TRUE	playerIcon	Bunny Slippers	player_icon	/wp-content/uploads/guide-images/atom-shop/player-icons/atx_playericon_score_46.avif	Time to kick back in your comfy chair with your Bunny Slippers!  - UNLOCKS A PLAYER ICON. -	F1_SCORE_S8_ENTM_PlayerIcon_BunnySlippers			15		
8	S8_R16_trail_fireworks		Trail Fireworks x 10	0				fireworks	/wp-content/uploads/season_images/utility/score_utility_fireworks_crackle.avif					16		
8	S8_R17_lunchbox		Lunchbox x 3	0				lunchbox	/wp-content/uploads/season_images/utility/atx_store_lunchbox001.avif					17		
8	S8_R18_free_states_leather_armor_paint		Free States Leather Armor Paint	0					/wp-content/uploads/season_images/score_s8_skin_armorskin_leather_freestates.avif	You have the right to be well-armored with this Free States Leather Armor Paint.   - SKIN IS CRAFTABLE AT ARMOR WORKBENCHES. -	SCORE_S8_ENTM_Skin_ArmorSkin_Leather_FreeStates			18		
8	S8_R19_legendary_module		Legendary Module x 3	0				legendary_module	/wp-content/uploads/season_images/utility/score_game_legendarymodule.avif					19		
8	S8_R20_atoms		Atoms x 150	0				atoms	/wp-content/uploads/season_images/utility/score_currency_atoms.avif					20		
8	S8_R20_perfect_bubblegum		Perfect Bubblegum x 3	0	TRUE			perfect_bubblegum	/wp-content/uploads/season_images/utility/score_utility_bubblegumperfect.avif					20		
8	S8_R21_caps		Caps x 1000	0				caps	/wp-content/uploads/season_images/utility/score_currency_caps.avif					21		
8	S8_R22_yellow_t_45_power_armor_paint		Yellow T-45 Power Armor Paint	0					/wp-content/uploads/season_images/score_s8_skin_powerarmor_paint_t45_basicyellow.avif	Be sure to stand out in a crowd with the Yellow Power Armor Paint.   - SKIN IS CRAFTABLE AT POWER ARMOR STATIONS. -	SCORE_S8_ENTM_Skin_PowerArmor_Paint_T45_BasicYellow			22		
8	S8_R23_basic_repair_kit		Basic Repair Kit x 3	0				repair_kit	/wp-content/uploads/season_images/utility/atx_utility_repairkit_basic.avif					23		
8	S8_R24_creepy_baby_player_icon		Player Icon: Creepy Baby	0		playerIcon	Creepy Baby	player_icon	/wp-content/uploads/guide-images/atom-shop/player-icons/atx_playericon_score_48.avif	That is one Creepy looking Baby!  - UNLOCKS A PLAYER ICON. -	SCORE_S8_ENTM_PlayerIcon_CreepyBaby			24		
8	S8_R25_diner_wall_light		Diner Wall Light	0	TRUE				/wp-content/uploads/season_images/score_s8_camp_lights_50sdiner.avif					25		
8	S8_R25_lite_ally_sam_nguyen		Lite Ally: Sam Nguyen	0					/wp-content/uploads/season_images/score_s8_camp_ally_mechanic_samnguyen.avif	If you need a handyman or a hearty tune, Sam's your man.  - ALLIES  APPEAR ONCE THEIR FURNITURE IS PLACED IN C.A.M.P. MODE. -	SCORE_S8_ENTM_CAMP_Ally_Mechanic_SamNguyen			25		
8	S8_R26_perk_card_pack		Perk Card Pack x 1	0				perk_card_pack	/wp-content/uploads/season_images/utility/score_item_perkcardpack.avif					26		
8	S8_R27_nuclear_keycard		Nuclear Keycard x 5	0				nuclear_keycard	/wp-content/uploads/season_images/utility/score_utility_nuclearkeycard.avif					27		
8	S8_R28_free_states_metal_armor_paint		Free States Metal Armor Paint	0					/wp-content/uploads/season_images/score_s8_skin_armorskin_metal_freestates.avif	You have the right to be well-armored with this Free States Metal Armor Paint.  - SKIN IS CRAFTABLE AT ARMOR WORKBENCHES. -	SCORE_S8_ENTM_Skin_ArmorSkin_Metal_FreeStates			28		
8	S8_R29_legendary_scrip		Legendary Scrip x 100	0				legendary_scrip	/wp-content/uploads/season_images/utility/score_currency_scrip.avif					29		
8	S8_R30_atoms		Atoms x 150	0				atoms	/wp-content/uploads/season_images/utility/score_currency_atoms.avif					30		
8	S8_R30_carry_weight_booster		Carry Weight Booster x 3	0	TRUE			carry_weight_booster	/wp-content/uploads/season_images/utility/score_utility_carryweight.avif					30		
8	S8_R31_gold_bullion		Gold Bullion x 100	0				gold_bullion	/wp-content/uploads/season_images/utility/score_currency_bullion.avif					31		
8	S8_R32_yellow_t_51_power_armor_paint		Yellow T-51b Power Armor Paint	0					/wp-content/uploads/season_images/score_s8_skin_powerarmor_paint_t51_basicyellow.avif	Be sure to stand out in a crowd with the Yellow Power Armor Paint.   - SKIN IS CRAFTABLE AT POWER ARMOR STATIONS. -	SCORE_S8_ENTM_Skin_PowerArmor_Paint_T51_BasicYellow			32		
8	S8_R33_scrap_kit		Scrap Kit x 3	0				scrap_kit	/wp-content/uploads/season_images/utility/atx_utility_repairkit_scraptostash.avif					33		
8	S8_R34_floral_frame		Floral Frame	0					/wp-content/uploads/season_images/score_s8_photomode_frame_flowers.avif	Bring the local colors of West Virginia into your photos with this frame.   - UNLOCKS A PHOTOMODE FRAME. -	SCORE_S8_ENTM_Photomode_Frame_Flowers			34		
8	S8_R35_perk_card_pack		Perk Card Pack x 1	0				perk_card_pack	/wp-content/uploads/season_images/utility/score_item_perkcardpack.avif					35		
8	S8_R35_yellow_wooden_door		Yellow Wooden Door	0	TRUE				/wp-content/uploads/season_images/score_s8_camp_door_wood_woodcleanyellow01.avif					35		
8	S8_R36_rooster_mailbox		Rooster Mailbox	0					/wp-content/uploads/season_images/score_s8_camp_utility_mailbox_rooster.avif	Brighten your day with this Rooster Mailbox!  - C.A.M.P. ITEMS APPEAR WHILE IN C.A.M.P. MODE. -	SCORE_S8_ENTM_CAMP_Utility_Mailbox_Rooster			36		
8	S8_R37_liquid_courage		Liquid Courage x 1	0				liquid_courage	/wp-content/uploads/season_images/utility/score_game_liquidcourage.avif					37		
8	S8_R38_free_states_robot_armor_paint		Free States Robot Armor Paint	0					/wp-content/uploads/season_images/score_s8_skin_armorskin_robot_freestates.avif	You have the right to be well-armored with this Free States Robot Armor Paint.   - SKIN IS CRAFTABLE AT ARMOR WORKBENCHES. -	SCORE_S8_ENTM_Skin_ArmorSkin_Robot_FreeStates			38		
8	S8_R39_legendary_module		Legendary Module x 3	0				legendary_module	/wp-content/uploads/season_images/utility/score_game_legendarymodule.avif					39		
8	S8_R40_atoms		Atoms x 150	0				atoms	/wp-content/uploads/season_images/utility/score_currency_atoms.avif					40		
8	S8_R40_basic_repair_kit		Basic Repair Kit x 3	0	TRUE			repair_kit	/wp-content/uploads/season_images/utility/atx_utility_repairkit_basic.avif					40		
8	S8_R41_caps		Caps x 1000	0				caps	/wp-content/uploads/season_images/utility/score_currency_caps.avif					41		
8	S8_R42_yellow_t_60_power_armor_paint		Yellow T-60 Power Armor Paint	0					/wp-content/uploads/season_images/score_s8_skin_powerarmor_paint_t60_basicyellow.avif	Be sure to stand out in a crowd with the Yellow Power Armor Paint.    - SKIN IS CRAFTABLE AT POWER ARMOR STATIONS. -	SCORE_S8_ENTM_Skin_PowerArmor_Paint_T60_BasicYellow			42		
8	S8_R43_basic_repair_kit		Basic Repair Kit x 3	0				repair_kit	/wp-content/uploads/season_images/utility/atx_utility_repairkit_basic.avif					43		
8	S8_R44_expert_hacker_player_icon		Player Icon: Expert Hacker	0		playerIcon	Expert Hacker	player_icon	/wp-content/uploads/guide-images/atom-shop/player-icons/atx_playericon_perks_11.avif	Crack the code.  - UNLOCKS A PLAYER ICON. -	SCORE_S8_ENTM_PlayerIcon_ExpertHacker			44		
8	S8_R45_lunchbox		Lunchbox x 3	0	TRUE			lunchbox	/wp-content/uploads/season_images/utility/atx_store_lunchbox001.avif					45		
8	S8_R45_perk_card_pack		Perk Card Pack x 1	0				perk_card_pack	/wp-content/uploads/season_images/utility/score_item_perkcardpack.avif					45		
8	S8_R46_black_modular_mainframe_set		Black Modular Mainframe Set	0					/wp-content/uploads/season_images/score_s8_camp_floordecor_modularmainframe_black.avif	Every Shelter needs computer stations. Get yours now with the Modular Mainframe Set!  - C.A.M.P. ITEMS APPEAR WHILE IN C.A.M.P. MODE. -	SCORE_S8_ENTM_CAMP_FloorDecor_ModularMainFrame_Black			46		
8	S8_R47_legendary_module		Legendary Module x 5	0				legendary_module	/wp-content/uploads/season_images/utility/score_game_legendarymodule.avif					47		
8	S8_R48_free_states_combat_armor_paint		Free States Combat Armor Paint	0					/wp-content/uploads/season_images/score_s8_skin_armorskin_combat_freestates.avif	You have the right to be well-armored with this Free States Combat Armor Paint.  - SKIN IS CRAFTABLE AT ARMOR WORKBENCHES. -	SCORE_S8_ENTM_Skin_ArmorSkin_Combat_FreeStates			48		
8	S8_R49_atoms		Atoms x 150	0				atoms	/wp-content/uploads/season_images/utility/score_currency_atoms.avif					49		
8	S8_R50_harmaceutical_chemistry_workstation		Harmaceutical Chemistry Workstation	0					/wp-content/uploads/season_images/score_s8_camp_machinery_workbench_chemistry_harmaceutical.avif					50		
8	S8_R50_perfect_bubblegum		Perfect Bubblegum x 3	0	TRUE			perfect_bubblegum	/wp-content/uploads/season_images/utility/score_utility_bubblegumperfect.avif					50		
8	S8_R51_atoms		Atoms x 150	0				atoms	/wp-content/uploads/season_images/utility/score_currency_atoms.avif					51		
8	S8_R52_caps		Caps x 2500	0				caps	/wp-content/uploads/season_images/utility/score_currency_caps.avif					52		
8	S8_R53_carry_weight_booster		Carry Weight Booster x 3	0				carry_weight_booster	/wp-content/uploads/season_images/utility/score_utility_carryweight.avif					53		
8	S8_R54_yellow_excavator_power_armor_paint		Yellow Excavator Power Armor Paint	0					/wp-content/uploads/season_images/score_s8_skin_powerarmor_paint_excavator_basicyellow.avif	Be sure to stand out in a crowd with the Yellow T-45 Power Armor Paint.   - SKIN IS CRAFTABLE AT POWER ARMOR STATIONS. -	SCORE_S8_ENTM_Skin_PowerArmor_Paint_Excavator_BasicYellow			54		
8	S8_R55_modern_rug		Modern Rug	0	TRUE				/wp-content/uploads/season_images/score_s8_camp_floordecor_rug_rothko01.avif					55		
8	S8_R55_perk_card_pack		Perk Card Pack x 1	0				perk_card_pack	/wp-content/uploads/season_images/utility/score_item_perkcardpack.avif					55		
8	S8_R56_blue_shag_carpet_floor_and_foundations		Blue Shag Carpet Floor and Foundations	0					/wp-content/uploads/season_images/score_s8_camp_floor_shagcarpetblue.avif	Now available in blue, the newest style of carpeting can now be yours for your C.A.M.P.  - C.A.M.P. ITEMS APPEAR WHILE IN C.A.M.P. MODE. -	SCORE_S8_ENTM_CAMP_Floor_ShagCarpetBlue			56		
8	S8_R57_lunchbox		Lunchbox x 3	0				lunchbox	/wp-content/uploads/season_images/utility/atx_store_lunchbox001.avif					57		
8	S8_R58_free_states_marine_armor_paint		Free States Marine Armor Paint	0					/wp-content/uploads/season_images/score_s8_skin_armorskin_marine_freestates.avif	You have the right to be well-armored with this Free States Marine Armor Paint.  - SKIN IS CRAFTABLE AT ARMOR WORKBENCHES. -	SCORE_S8_ENTM_Skin_ArmorSkin_Marine_FreeStates			58		
8	S8_R59_legendary_module		Legendary Module x 5	0				legendary_module	/wp-content/uploads/season_images/utility/score_game_legendarymodule.avif					59		
8	S8_R60_atoms		Atoms x 150	0				atoms	/wp-content/uploads/season_images/utility/score_currency_atoms.avif					60		
8	S8_R60_basic_repair_kit		Basic Repair Kit x 3	0	TRUE			repair_kit	/wp-content/uploads/season_images/utility/atx_utility_repairkit_basic.avif					60		
8	S8_R61_gold_bullion		Gold Bullion x 100	0				gold_bullion	/wp-content/uploads/season_images/utility/score_currency_bullion.avif					61		
8	S8_R62_vault_survivor_flair		Vault Survivor Flair	0					/wp-content/uploads/season_images/score_s8_skin_backpackflair_vaultsurvivor.avif	Wear this badge of survival proudly!  Flairs can be applied to most Backpacks.  - FLAIRS ARE APPLIED AT ARMOR WORKBENCHES. -	SCORE_S8_ENTM_Skin_BackpackFlair_VaultSurvivor			62		
8	S8_R63_scrap_kit		Scrap Kit x 6	0				scrap_kit	/wp-content/uploads/season_images/utility/atx_utility_repairkit_scraptostash.avif					63		
8	S8_R64_yellow_x_01_power_armor_paint		Yellow X-01 Power Armor Paint	0					/wp-content/uploads/season_images/score_s8_skin_powerarmor_paint_x01_basicyellow.avif	Be sure to stand out in a crowd with the Yellow Power Armor Paint.    - SKIN IS CRAFTABLE AT POWER ARMOR STATIONS. -	SCORE_S8_ENTM_Skin_PowerArmor_Paint_X01_BasicYellow			64		
8	S8_R65_carry_weight_booster		Carry Weight Booster x 3	0	TRUE			carry_weight_booster	/wp-content/uploads/season_images/utility/score_utility_carryweight.avif					65		
8	S8_R65_perk_card_pack		Perk Card Pack x 1	0				perk_card_pack	/wp-content/uploads/season_images/utility/score_item_perkcardpack.avif					65		
8	S8_R66_locomotive_railway_rifle_paint		Locomotive Railway Rifle Paint	0					/wp-content/uploads/season_images/score_s8_skin_weaponskin_railwayrifle_locomotive.avif	The perfect weapon for shooting at trains, or was it shooting from trains? Doesn't matter with the Locomotive Railway Rifle Paint!  - SKIN IS CRAFTABLE AT WEAPON WORKBENCHES. -	SCORE_S8_ENTM_Skin_WeaponSkin_RailwayRifle_Locomotive			66		
8	S8_R67_carry_weight_booster		Carry Weight Booster x 3	0				carry_weight_booster	/wp-content/uploads/season_images/utility/score_utility_carryweight.avif					67		
8	S8_R68_elaborate_silver_chandelier		Elaborate Silver Chandelier	0					/wp-content/uploads/season_images/score_s8_camp_lights_ceiling_elaboratesilver.avif	Fancy Nukashine parties are made better when lit by silver!  - C.A.M.P. ITEMS APPEAR WHILE IN C.A.M.P. MODE. -	SCORE_S8_ENTM_CAMP_Lights_Ceiling_ElaborateSilver			68		
8	S8_R69_legendary_scrip		Legendary Scrip x 250	0				legendary_scrip	/wp-content/uploads/season_images/utility/score_currency_scrip.avif					69		
8	S8_R70_atoms		Atoms x 150	0				atoms	/wp-content/uploads/season_images/utility/score_currency_atoms.avif					70		
8	S8_R70_liquid_courage		Liquid Courage x 1	0	TRUE			liquid_courage	/wp-content/uploads/season_images/utility/score_game_liquidcourage.avif					70		
8	S8_R71_gold_bullion		Gold Bullion x 250	0				gold_bullion	/wp-content/uploads/season_images/utility/score_currency_bullion.avif					71		
8	S8_R72_cream_modular_sofa_set		Cream Modular Sofa Set	0					/wp-content/uploads/season_images/score_s8_camp_furniture_couch_modularsofaset_cream.avif	Relax in style with this Cream Modular Sofa Set.  - C.A.M.P. ITEMS APPEAR WHILE IN C.A.M.P. MODE. -	SCORE_S8_ENTM_CAMP_Furniture_Couch_ModularSofaSet_Cream			72		
8	S8_R73_basic_repair_kit		Basic Repair Kit x 6	0				repair_kit	/wp-content/uploads/season_images/utility/atx_utility_repairkit_basic.avif					73		
8	S8_R74_science_guy_pose		Science Guy Pose	0					/wp-content/uploads/season_images/score_s8_photomode_pose_scienceguy.avif	There is always time for a quick experiment! Show off your love of Science with the Science Guy Pose.  - UNLOCKS A PHOTOMODE POSE. -	SCORE_S8_ENTM_Photomode_Pose_ScienceGuy			74		
8	S8_R75_bass_mailbox		Bass Mailbox	0	TRUE				/wp-content/uploads/season_images/score_s8_camp_utility_mailbox_bass.avif					75		
8	S8_R75_perk_card_pack		Perk Card Pack x 1	0				perk_card_pack	/wp-content/uploads/season_images/utility/score_item_perkcardpack.avif					75		
8	S8_R76_vault_tec_hellcat_power_armor_paint		Vault-Tec Hellcat Power Armor Paint	0					/wp-content/uploads/season_images/score_s8_skin_powerarmor_paint_hellcat_vaulttec.avif	Be prepared for life outside the vault in this special paint brought to you from your friends at Vault-Tec!  This is a paint for the Hellcat Power Armor.  - SKIN IS CRAFTABLE AT POWER ARMOR STATIONS. -	SCORE_S8_ENTM_Skin_PowerArmor_Paint_Hellcat_Vaulttec			76		
8	S8_R77_lunchbox		Lunchbox x 3	0				lunchbox	/wp-content/uploads/season_images/utility/atx_store_lunchbox001.avif					77		
8	S8_R78_silver_collectron_station		Silver Collectron Station	0					/wp-content/uploads/guide-images/camp-items/collectrons/atx_camp_utility_scavengestation_silver_l.avif	The Silver Collectron is polished and ready to serve!  This item cannot be built inside of a Shelter.  - C.A.M.P. ITEMS APPEAR WHILE IN C.A.M.P. MODE. -	SCORE_S8_ENTM_CAMP_Utility_Collectron_Silver			78		
8	S8_R79_legendary_module		Legendary Module x 5	0				legendary_module	/wp-content/uploads/season_images/utility/score_game_legendarymodule.avif					79		
8	S8_R80_atoms		Atoms x 150	0				atoms	/wp-content/uploads/season_images/utility/score_currency_atoms.avif					80		
8	S8_R80_perfect_bubblegum		Perfect Bubblegum x 3	0	TRUE			perfect_bubblegum	/wp-content/uploads/season_images/utility/score_utility_bubblegumperfect.avif					80		
8	S8_R81_caps		Caps x 2500	0				caps	/wp-content/uploads/season_images/utility/score_currency_caps.avif					81		
8	S8_R82_yellow_curtains		Yellow Curtains	0					/wp-content/uploads/season_images/score_s8_camp_walldeco_curtain_yellow_set.avif	Add some joy to the room with the Yellow Curtains.  - C.A.M.P. ITEMS APPEAR WHILE IN C.A.M.P. MODE. - Unlocks both the standard and the wide (double-window) curtains -	SCORE_S8_ENTM_CAMP_WallDeco_Curtain_Yellow_Set			82		
8	S8_R83_nuclear_keycard		Nuclear Keycard x 5	0				nuclear_keycard	/wp-content/uploads/season_images/utility/score_utility_nuclearkeycard.avif					83		
8	S8_R84_extra_handed_vault_girl_player_icon		Player Icon: Extra Handed Vault Girl	0		playerIcon	Extra Handed Vault Girl	player_icon	/wp-content/uploads/guide-images/atom-shop/player-icons/atx_playericon_score_47.avif	That extra arm must come in handy...  - UNLOCKS A PLAYER ICON. -	SCORE_S8_ENTM_PlayerIcon_2HeadedVaultGirl			84		
8	S8_R85_lunchbox		Lunchbox x 3	0	TRUE			lunchbox	/wp-content/uploads/season_images/utility/atx_store_lunchbox001.avif					85		
8	S8_R85_perk_card_pack		Perk Card Pack x 1	0				perk_card_pack	/wp-content/uploads/season_images/utility/score_item_perkcardpack.avif					85		
8	S8_R86_vault_tec_paint_machine_gun		Vault-Tec Machine Gun Paint	0					/wp-content/uploads/season_images/score_s8_skin_weaponskin_50calmachinegun_vaulttec.avif	An officially branded Paint for your Machine Gun, from your friends at Vault-Tec.  - SKIN IS CRAFTABLE AT WEAPON WORKBENCHES. -	SCORE_S8_ENTM_Skin_WeaponSkin_50CalMachineGun_VaultTec			86		
8	S8_R87_lunchbox		Lunchbox x 9	0				lunchbox	/wp-content/uploads/season_images/utility/atx_store_lunchbox001.avif					87		
8	S8_R88_doorbell		Doorbell	0					/wp-content/uploads/season_images/score_s8_camp_walldeco_doorbell.avif	Let your visitors announce their presence with the Doorbell.  - C.A.M.P. ITEMS APPEAR WHILE IN C.A.M.P. MODE. -	SCORE_S8_ENTM_CAMP_WallDeco_Doorbell			88		
8	S8_R89_legendary_scrip		Legendary Scrip x 250	0				legendary_scrip	/wp-content/uploads/season_images/utility/score_currency_scrip.avif					89		
8	S8_R90_atoms		Atoms x 150	0				atoms	/wp-content/uploads/season_images/utility/score_currency_atoms.avif					90		
8	S8_R90_basic_repair_kit		Basic Repair Kit x 3	0	TRUE			repair_kit	/wp-content/uploads/season_images/utility/atx_utility_repairkit_basic.avif					90		
8	S8_R91_gold_bullion		Gold Bullion x 250	0				gold_bullion	/wp-content/uploads/season_images/utility/score_currency_bullion.avif					91		
8	S8_R92_vault_survivor_backpack		Vault Survivor Backpack	0					/wp-content/uploads/season_images/score_s8_skin_backpack_vaultsurvivor.avif	Never forget your time in the vault with this backpack!  This skin can be applied to both the Small and Standard Backpack as a mod.  - SKIN IS CRAFTABLE AT ARMOR WORKBENCHES. -	SCORE_S8_ENTM_Skin_Backpack_VaultSurvivor			92		
8	S8_R93_vault_76_stein		Vault 76 Stein	0					/wp-content/uploads/season_images/score_s8_camp_floordecor_stein_vault76.avif	Raise a Stein to Vault 76, the best vault in all of Appalachia!  - C.A.M.P. ITEMS APPEAR WHILE IN C.A.M.P. MODE. -	SCORE_S8_ENTM_CAMP_FloorDecor_Stein_Vault76			93		
8	S8_R94_dinner_s_served_player_icon		Player Icon: Dinner's Served	0		playerIcon	Dinner's Served	player_icon	/wp-content/uploads/guide-images/atom-shop/player-icons/atx_playericon_score_50.avif	I wonder where that steak came from?  - UNLOCKS A PLAYER ICON. -	SCORE_S8_ENTM_PlayerIcon_DinnersServed			94		
8	S8_R95_perk_coin		Perk Coin x 50	0				perk_coins	/wp-content/uploads/season_images/utility/score_currency_perkcoin.avif					95		
8	S8_R95_weathered_hero_of_the_great_war_statue		Weathered Hero of the Great War Statue	0	TRUE				/wp-content/uploads/season_images/score_s8_camp_statue_heropatinabronze.avif					95		
8	S8_R96_vault_survivor_hood		Vault Survivor Hood	0					/wp-content/uploads/season_images/score_s8_apparel_headwear_vaultsurvivorhood.avif	Survive the world outside the vault! Life was truly better underground.   - APPAREL IS CRAFTABLE AT ARMOR WORKBENCHES. -	SCORE_S8_ENTM_Apparel_Headwear_VaultSurvivorHood			96		
8	S8_R97_hot_rod_mailbox		Hot Rod Mailbox	0					/wp-content/uploads/season_images/score_s8_camp_utility_mailbox_hot_rod.avif	Add some vintage style to your C.A.M.P. with this Hot Rod Mailbox!  - C.A.M.P. ITEMS APPEAR WHILE IN C.A.M.P. MODE. -	SCORE_S8_ENTM_CAMP_Utility_Mailbox_Hot_Rod			97		
8	S8_R98_vault_survivor_outfit		Vault Survivor Outfit	0					/wp-content/uploads/season_images/score_s8_apparel_outfit_vaultsurvivor.avif	Survive the world outside the vault! Life was truly better underground.  - APPAREL IS CRAFTABLE AT ARMOR WORKBENCHES. -	SCORE_S8_ENTM_Apparel_Outfit_VaultSurvivor			98		
8	S8_R99_legendary_module		Legendary Module x 5	0				legendary_module	/wp-content/uploads/season_images/utility/score_game_legendarymodule.avif					99		
8	S8_R100_atoms		Atoms x 500	0				atoms	/wp-content/uploads/season_images/utility/score_currency_atoms.avif					100		
8	S8_R100_life_underground_gameboard		Life Underground Gameboard	0					/wp-content/uploads/season_images/score_s8_camp_walldeco_s8board_gameboard.avif	Nothing better than life underground. Celebrate your Vault with this Gameboard  - C.A.M.P. ITEMS APPEAR WHILE IN C.A.M.P. MODE. -	SCORE_S8_ENTM_CAMP_WallDeco_S8Board_Gameboard			100		
8	S8_R100_target_practice_player_icon		Player Icon: Target Practice	0		playerIcon	Target Practice	player_icon	/wp-content/uploads/guide-images/atom-shop/player-icons/atx_playericon_score_49.avif	Everyone can always use some more target practice!  - UNLOCKS A PLAYER ICON. -	SCORE_S8_ENTM_PlayerIcon_TargetPractice			100		
8	S8_R100_first_responders_camp_kit		Responders Kit	0					/wp-content/uploads/season_images/score_s8_camp_kit_responders.avif	Build your own Responders themed buildings with the Responders C.A.M.P. Kit.  - Includes a wall kit with rooftops. - - C.A.M.P. ITEMS APPEAR WHILE IN C.A.M.P. MODE. -	SCORE_S8_ENTM_CAMP_Kit_Responders			100		
8	S8_R100_scrap_kit		Scrap Kit x 3	0	TRUE			scrap_kit	/wp-content/uploads/season_images/utility/atx_utility_repairkit_scraptostash.avif					100		
8	S8_P8_skin_backpack_s8backpackskin		Alistair's Chronotron Backpack	0					/wp-content/uploads/season_images/score_s8_skin_backpack_s8backpackskin.avif	Do you love the Astoundingly Awesome Tales? If so, make sure to show your love with this Backpack.  This skin can be applied to both the Small and Standard Backpack as a mod.  - SKIN IS CRAFTABLE AT ARMOR WORKBENCHES. -	zzzSCORE_S8_ENTM_Skin_Backpack_S8BackpackSkin					
8	S8_P4_camp_structure_vaulttecstoragefacility		Communist Bunker	0					/wp-content/uploads/season_images/score_s8_camp_structure_vaulttecstoragefacility.webp	Shield yourself from the horrors of capitalism and nuclear blasts with this Communist Bunker for your C.A.M.P.  Communist Bunker door is included and built separately.  - C.A.M.P. ITEMS APPEAR WHILE IN C.A.M.P. MODE. -	zzzSCORE_S8_ENTM_CAMP_Structure_VaultTecStorageFacility					
8	S8_P8_photomode_pose_notscienceguy		Dr. Zorbo's Magic Pose	0					/wp-content/uploads/season_images/score_s8_photomode_pose_notscienceguy.avif	Make your enemies disappear! Impress your friends and scare your enemies with the Dr. Zorbo's Magic Pose.  - UNLOCKS A PHOTOMODE POSE. -	SCORE_S8_ENTM_Photomode_Pose_NotScienceGuy					
8	S8_P8_camp_ally_sam		Lite Ally: Xerxo	0	TRUE				/wp-content/uploads/season_images/score_s8_camp_ally_sam.avif	Xerxo is an alien from the proud Zebulon Empire. At least, that's what he thinks.  - ALLIES  APPEAR ONCE THEIR FURNITURE IS PLACED IN C.A.M.P. MODE. -	zzzSCORE_S8_ENTM_CAMP_Ally_Sam					
8	S8_P1_playericon_rank74icon		Player Icon: Skellscream	0		playerIcon	Skellscream	player_icon	/wp-content/uploads/guide-images/atom-shop/player-icons/atx_playericon_score_40.avif	The only thing you can hear on his home planet is his hanted howls!  - UNLOCKS A PLAYER ICON. -	zzzSCORE_S8_ENTM_PlayerIcon_Rank74Icon					
8	S8_P7_camp_walldeco_curtain_double_yellow		Yellow Wide Curtains	0						For those bigger windows you will need some bigger curtains.  - C.A.M.P. ITEMS APPEAR WHILE IN C.A.M.P. MODE. -	zzzSCORE_S8_ENTM_CAMP_WallDeco_Curtain_Double_Yellow					
8	S8_P8_weapon_alienblaster_zetasrevenge		Zeta's Revenge (Alien Blaster)	0	TRUE				/wp-content/uploads/season_images/score_s8_weapon_alienblaster_zetasrevenge.webp	- SKIN IS CRAFTABLE AT WEAPON WORKBENCHES. -	SCORE_S8_ENTM_Weapon_AlienBlaster_ZetasRevenge					
9	S9_R2_perk_card_pack		Perk Card Pack x 1	0	TRUE			perk_card_pack	/wp-content/uploads/season_images/utility/score_item_perkcardpack.avif					2		
9	S9_R2_dread_island_skull_player_icon		Player Icon: Dread Island Skull	0		playerIcon	Dread Island Skull	player_icon	/wp-content/uploads/guide-images/atom-shop/player-icons/atx_playericon_score_52.avif	Can you survive Dread Island?  - UNLOCKS A PLAYER ICON. -	SCORE_S9_ENTM_PlayerIcon_DreadIslandSkullLogo			2		
9	S9_R3_scrap_kit		Scrap Kit x 3	0				scrap_kit	/wp-content/uploads/season_images/utility/atx_utility_repairkit_scraptostash.avif					3		
9	S9_R4_lunchbox		Lunchbox x 5	0	TRUE			lunchbox	/wp-content/uploads/season_images/utility/atx_store_lunchbox001.avif					4		
9	S9_R4_small_vault_tec_supply_package		Small Vault-Tec Supply Package	0				supply_package	/wp-content/uploads/season_images/utility/score_utility_scrapball_small.avif					4		
9	S9_R5_green_moulded_carpet_floor_and_foundations		Green Moulded Carpet Floor and Foundations	0					/wp-content/uploads/season_images/score_s9_camp_floor_mouldedcarpet_green.avif	Is it Mold or Moulded? Why not both with the Moulded Carpet Floor and Foundations!  - C.A.M.P. ITEMS APPEAR WHILE IN C.A.M.P. MODE. -	SCORE_S9_ENTM_CAMP_Floor_MouldedCarpet_Green			5		
9	S9_R6_legendary_scrip		Legendary Scrip x 250	0	TRUE			legendary_scrip	/wp-content/uploads/season_images/utility/score_currency_scrip.avif					6		
9	S9_R6_skull_flair		Skull Flair	0					/wp-content/uploads/season_images/score_s9_skin_backpackflair_skull.avif	Useful and Creepy all at the same time!  Flairs can be applied to most Backpacks.  - FLAIRS ARE APPLIED AT ARMOR WORKBENCHES. -	SCORE_S9_ENTM_Skin_BackpackFlair_Skull			6		
9	S9_R7_lunchbox		Lunchbox x 3	0				lunchbox	/wp-content/uploads/season_images/utility/atx_store_lunchbox001.avif					7		
9	S9_R8_gold_bullion		Gold Bullion x 250	0	TRUE			gold_bullion	/wp-content/uploads/season_images/utility/score_currency_bullion.avif					8		
9	S9_R8_industrial_floodlight		Industrial Floodlight	0					/wp-content/uploads/season_images/score_s9_camp_lights_industrialfloodlight.avif	Illuminate your space with this wall mounted Industrial Floodlight.  - C.A.M.P. ITEMS APPEAR WHILE IN C.A.M.P. MODE. -	SCORE_S9_ENTM_CAMP_Lights_IndustrialFloodlight			8		
9	S9_R9_legendary_module		Legendary Module x 3	0				legendary_module	/wp-content/uploads/season_images/utility/score_game_legendarymodule.avif					9		
9	S9_R10_atoms		Atoms x 150	0				atoms	/wp-content/uploads/season_images/utility/score_currency_atoms.avif					10		
9	S9_R11_absolutely_emote		Absolutely! Emote	0	TRUE				/wp-content/uploads/guide-images/atom-shop/emotes/Absolutely.webp	Yes!  - UNLOCKS AN EMOTE OPTION. -	SCORE_S9_ENTM_Emotes_Yes_CheckSign_Absolutely			11		
9	S9_R11_caps		Caps x 500	0				caps	/wp-content/uploads/season_images/utility/score_currency_caps.avif					11		
9	S9_R12_ultracite_backpack_flair		Ultracite Backpack Flair	0					/wp-content/uploads/season_images/score_s9_skin_backpackflair_ultracite.avif	Celebrate your dedication to mining with the Ultracite Backpack Flair.  Flairs can be applied to most Backpacks.  - FLAIRS ARE APPLIED AT ARMOR WORKBENCHES. -	SCORE_S9_ENTM_Skin_BackpackFlair_Ultracite			12		
9	S9_R13_basic_repair_kit		Basic Repair Kit x 5	0	TRUE			repair_kit	/wp-content/uploads/season_images/utility/atx_utility_repairkit_basic.avif					13		
9	S9_R13_raiderish_leather_armor_paint		Raiderish Leather Armor Paint	0					/wp-content/uploads/season_images/score_s9_skin_armorskin_leather_raiderish.avif	Are you Raider, or are you just Raiderish? Find out with the Raiderish Leather Armor Paint.   - SKIN IS CRAFTABLE AT ARMOR WORKBENCHES. -	SCORE_S9_ENTM_Skin_ArmorSkin_Leather_Raiderish			13		
9	S9_R14_medieval_suit_of_armor		Medieval Suit of Armor	0					/wp-content/uploads/season_images/score_s9_camp_statue_medieval_armor.avif	Bring medieval fanfare to your home with the Medieval Suit of Armor!  - C.A.M.P. ITEMS APPEAR WHILE IN C.A.M.P. MODE. -	SCORE_S9_ENTM_CAMP_Statue_Medieval_Armor			14		
9	S9_R15_5_s_c_o_r_e_boost		5% S.C.O.R.E. Boost	0	TRUE			score_booster	/wp-content/uploads/season_images/utility/score_s24_account_scoreboost_1.avif	Gain 5% bonus S.C.O.R.E. when you complete challenges for the rest of Season 9!  - UNLOCKS BOOST FOR ALL CHARACTERS ON YOUR ACCOUNT. -  - BONUS IS APPLIED TO BASE CHALLENGE S.C.O.R.E. -  - DOES NOT APPLY TO PREVIOUSLY COMPLETED CHALLENGES. -	SCORE_S9_ENTM_Account_ScoreBoost_1			15		
9	S9_R15_perk_card_pack		Perk Card Pack x 1	0				perk_card_pack	/wp-content/uploads/season_images/utility/score_item_perkcardpack.avif					15		
9	S9_R16_trail_fireworks		Trail Fireworks x 10	0				fireworks	/wp-content/uploads/season_images/utility/score_utility_fireworks_crackle.avif					16		
9	S9_R17_basic_repair_kit		Basic Repair Kit x 3	0				repair_kit	/wp-content/uploads/season_images/utility/atx_utility_repairkit_basic.avif					17		
9	S9_R18_carry_weight_booster		Carry Weight Booster x 3	0	TRUE			carry_weight_booster	/wp-content/uploads/season_images/utility/score_utility_carryweight.avif					18		
9	S9_R18_mercenary_company_t_45_paint		Mercenary Company T-45 Power Armor Paint	0					/wp-content/uploads/season_images/score_s9_skin_powerarmor_paint_t45_mercenarycompany.avif	Hellcats in Power Armor, that was not part of the plan. Paint your T-45 with the Mercenary Company Power Armor Paint.   - SKIN IS CRAFTABLE AT POWER ARMOR STATIONS. -	SCORE_S9_ENTM_Skin_PowerArmor_Paint_T45_MercenaryCompany			18		
9	S9_R19_legendary_module		Legendary Module x 3	0				legendary_module	/wp-content/uploads/season_images/utility/score_game_legendarymodule.avif					19		
9	S9_R20_atoms		Atoms x 150	0				atoms	/wp-content/uploads/season_images/utility/score_currency_atoms.avif					20		
9	S9_R20_lunchbox		Lunchbox x 5	0	TRUE			lunchbox	/wp-content/uploads/season_images/utility/atx_store_lunchbox001.avif					20		
9	S9_R21_caps		Caps x 1000	0				caps	/wp-content/uploads/season_images/utility/score_currency_caps.avif					21		
9	S9_R22_bone_shelf		Bone Shelf	0					/wp-content/uploads/season_images/score_s9_camp_floordecor_boneshelf.avif	The perfect shelf to terrify your guests while staying organized!  - C.A.M.P. ITEMS APPEAR WHILE IN C.A.M.P. MODE. -	SCORE_S9_ENTM_CAMP_FloorDecor_BoneShelf			22		
9	S9_R23_clown_painting		Clown Painting	0	TRUE				/wp-content/uploads/season_images/score_s9_camp_walldeco_pictureframeclown_01.avif	Who's afraid of clowns these days?  - C.A.M.P. ITEMS APPEAR WHILE IN C.A.M.P. MODE. -	SCORE_S9_ENTM_CAMP_WallDeco_PictureFrameClown_01			23		
9	S9_R23_raiderish_metal_armor_paint		Raiderish Metal Armor Paint	0					/wp-content/uploads/season_images/score_s9_skin_armorskin_metal_raiderish.avif	Are you Raider, or are you just Raiderish? Find out with the Raiderish Metal Armor Paint.  - SKIN IS CRAFTABLE AT ARMOR WORKBENCHES. -	SCORE_S9_ENTM_Skin_ArmorSkin_Metal_Raiderish			23		
9	S9_R24_campfire_player_icon		Player Icon: Campfire	0		playerIcon	Campfire	player_icon	/wp-content/uploads/guide-images/atom-shop/player-icons/atx_playericon_score_53.avif	Laser. The fastest way to make fire!  - UNLOCKS A PLAYER ICON. -	SCORE_S9_ENTM_PlayerIcon_Campfire			24		
9	S9_R25_mechanical_derby_game		Mechanical Derby Game	0					/wp-content/uploads/season_images/score_s9_camp_furniture_horseracinggame.avif	And they're off! Jockey for a win with the Mechanical Derby Game!  - Using the Derby Game grants a temporary boost to Intelligence -  - C.A.M.P. ITEMS APPEAR WHILE IN C.A.M.P. MODE. -	SCORE_S9_ENTM_CAMP_Furniture_HorseRacingGame			25		
9	S9_R25_perk_card_pack		Perk Card Pack x 1	0	TRUE			perk_card_pack	/wp-content/uploads/season_images/utility/score_item_perkcardpack.avif					25		
9	S9_R26_perk_card_pack		Perk Card Pack x 1	0				perk_card_pack	/wp-content/uploads/season_images/utility/score_item_perkcardpack.avif					26		
9	S9_R27_nuclear_keycard		Nuclear Keycard x 5	0				nuclear_keycard	/wp-content/uploads/season_images/utility/score_utility_nuclearkeycard.avif					27		
9	S9_R28_caps		Caps x 2500	0	TRUE			caps	/wp-content/uploads/season_images/utility/score_currency_caps.avif					28		
9	S9_R28_mercenary_company_t_51_power_armor_paint		Mercenary Company T-51 Power Armor Paint	0					/wp-content/uploads/season_images/score_s9_skin_powerarmor_paint_t51_mercenarycompany.avif	Hellcats in Power Armor, that was not part of the plan. Paint your T-51 with the Mercenary Company Power Armor Paint.   - SKIN IS CRAFTABLE AT POWER ARMOR STATIONS. -	SCORE_S9_ENTM_Skin_PowerArmor_Paint_T51_MercenaryCompany			28		
9	S9_R29_legendary_scrip		Legendary Scrip x 100	0				legendary_scrip	/wp-content/uploads/season_images/utility/score_currency_scrip.avif					29		
9	S9_R30_atoms		Atoms x 150	0				atoms	/wp-content/uploads/season_images/utility/score_currency_atoms.avif					30		
9	S9_R31_gold_bullion		Gold Bullion x 100	0				gold_bullion	/wp-content/uploads/season_images/utility/score_currency_bullion.avif					31		
9	S9_R31_nuclear_keycard		Nuclear Keycard x 5	0	TRUE			nuclear_keycard	/wp-content/uploads/season_images/utility/score_utility_nuclearkeycard.avif					31		
9	S9_R32_mercenary_company_pip_boy_paint		Mercenary Company Pip-Boy Paint	0					/wp-content/uploads/season_images/score_s9_skin_pipboyskin_mercenarycompany.avif	Wear your true Mercenary Company colors on your sleeve with this Mercenary Company Paint for your Pip-Boy!  - SKIN IS CRAFTABLE AT ARMOR WORKBENCHES. -	SCORE_S9_ENTM_Skin_PipBoySkin_MercenaryCompany			32		
9	S9_R33_raiderish_robot_armor_paint		Raiderish Robot Armor Paint	0					/wp-content/uploads/season_images/score_s9_skin_armorskin_robot_raiderish.avif	Are you Raider, or are you just Raiderish? Find out with the Raiderish Robot Armor Paint.  - SKIN IS CRAFTABLE AT ARMOR WORKBENCHES. -	SCORE_S9_ENTM_Skin_ArmorSkin_Robot_Raiderish			33		
9	S9_R34_gold_bullion		Gold Bullion x 250	0	TRUE			gold_bullion	/wp-content/uploads/season_images/utility/score_currency_bullion.avif					34		
9	S9_R34_spider_attack_player_icon		Player Icon: Spider Attack	0		playerIcon	Spider Attack	player_icon	/wp-content/uploads/guide-images/atom-shop/player-icons/atx_playericon_score_54.avif	H-4RT protects you from anything, even when it comes with eight legs!  - UNLOCKS A PLAYER ICON. -	SCORE_S9_ENTM_PlayerIcon_SpiderAttack			34		
9	S9_R35_perk_card_pack		Perk Card Pack x 1	0				perk_card_pack	/wp-content/uploads/season_images/utility/score_item_perkcardpack.avif					35		
9	S9_R36_throne_of_bone		Throne of Bone	0					/wp-content/uploads/season_images/score_s9_camp_furniture_chair_throneofbone.avif	Sitting on the throne is never easy, especially if you lean back!  - C.A.M.P. ITEMS APPEAR WHILE IN C.A.M.P. MODE. -	SCORE_S9_ENTM_CAMP_Furniture_Chair_ThroneOfBone			36		
9	S9_R37_basic_repair_kit		Basic Repair Kit x 5	0	TRUE			repair_kit	/wp-content/uploads/season_images/utility/atx_utility_repairkit_basic.avif					37		
9	S9_R37_lunchbox		Lunchbox x 3	0				lunchbox	/wp-content/uploads/season_images/utility/atx_store_lunchbox001.avif					37		
9	S9_R38_mercenary_company_excavator_power_armor_paint		Mercenary Company Excavator Power Armor Paint	0					/wp-content/uploads/season_images/score_s9_skin_powerarmor_paint_excavator_mercenarycompany.avif	Hellcats in Power Armor, that was not part of the plan. Paint your Excavator with the Mercenary Company Power Armor Paint.   - SKIN IS CRAFTABLE AT POWER ARMOR STATIONS. -	SCORE_S9_ENTM_Skin_PowerArmor_Paint_Excavator_MercenaryCompany			38		
9	S9_R39_legendary_module		Legendary Module x 3	0				legendary_module	/wp-content/uploads/season_images/utility/score_game_legendarymodule.avif					39		
9	S9_R39_nuclear_keycard		Nuclear Keycard x 5	0	TRUE			nuclear_keycard	/wp-content/uploads/season_images/utility/score_utility_nuclearkeycard.avif					39		
9	S9_R40_atoms		Atoms x 150	0				atoms	/wp-content/uploads/season_images/utility/score_currency_atoms.avif					40		
9	S9_R41_caps		Caps x 1000	0				caps	/wp-content/uploads/season_images/utility/score_currency_caps.avif					41		
9	S9_R42_patrioteer_hat		Patrioteer Hat	0					/wp-content/uploads/season_images/score_s9_apparel_headwear_patrioteerhat.avif	Show your support for the Union with this Patrioteer Hat!   - APPAREL IS CRAFTABLE AT ARMOR WORKBENCHES. -	SCORE_S9_ENTM_Apparel_Headwear_PatrioteerHat			42		
9	S9_R42_perk_card_pack		Perk Card Pack x 1	0	TRUE			perk_card_pack	/wp-content/uploads/season_images/utility/score_item_perkcardpack.avif					42		
9	S9_R43_raiderish_marine_armor_paint		Raiderish Marine Armor Paint	0					/wp-content/uploads/season_images/score_s9_skin_armorskin_marine_raiderish.avif	Are you Raider, or are you just Raiderish? Find out with the Raiderish Marine Armor Paint.  - SKIN IS CRAFTABLE AT ARMOR WORKBENCHES. -	SCORE_S9_ENTM_Skin_ArmorSkin_Marine_Raiderish			43		
9	S9_R44_carry_weight_booster		Carry Weight Booster x 3	0	TRUE			carry_weight_booster	/wp-content/uploads/season_images/utility/score_utility_carryweight.avif					44		
9	S9_R44_h_4rt_player_icon		Player Icon: H-4RT	0		playerIcon	H-4RT	player_icon	/wp-content/uploads/guide-images/atom-shop/player-icons/atx_playericon_score_57.avif	Show that you heart H-4RT with this Player Icon.  - UNLOCKS A PLAYER ICON. -	SCORE_S9_ENTM_PlayerIcon_H-4RT			44		
9	S9_R45_perk_card_pack		Perk Card Pack x 1	0				perk_card_pack	/wp-content/uploads/season_images/utility/score_item_perkcardpack.avif					45		
9	S9_R46_legendary_module		Legendary Module x 5	0	TRUE			legendary_module	/wp-content/uploads/season_images/utility/score_game_legendarymodule.avif					46		
9	S9_R46_raider_supersledge_paint		Raider Super Sledge Paint	0					/wp-content/uploads/season_images/score_s9_skin_weaponskin_supersledge_raider.avif	Take down those goody-goody Union representatives with the Raider Super Sledge Paint!  - SKIN IS CRAFTABLE AT WEAPON WORKBENCHES. -	SCORE_S9_ENTM_Skin_WeaponSkin_Supersledge_Raider			46		
9	S9_R47_legendary_module		Legendary Module x 5	0				legendary_module	/wp-content/uploads/season_images/utility/score_game_legendarymodule.avif					47		
9	S9_R48_legendary_scrip		Legendary Scrip x 250	0	TRUE			legendary_scrip	/wp-content/uploads/season_images/utility/score_currency_scrip.avif					48		
9	S9_R48_mercenary_company_t_60_power_armor_paint		Mercenary Company T-60 Power Armor Paint	0					/wp-content/uploads/season_images/score_s9_skin_powerarmor_paint_t60_mercenarycompany.avif	Hellcats in Power Armor, that was not part of the plan. Paint your T-60 with the Mercenary Company Power Armor Paint.   - SKIN IS CRAFTABLE AT POWER ARMOR STATIONS. -	SCORE_S9_ENTM_Skin_PowerArmor_Paint_T60_MercenaryCompany			48		
9	S9_R49_atoms		Atoms x 150	0				atoms	/wp-content/uploads/season_images/utility/score_currency_atoms.avif					49		
9	S9_R50_10_s_c_o_r_e_boost		10% S.C.O.R.E. Boost	0	TRUE			score_booster	/wp-content/uploads/season_images/utility/score_s24_account_scoreboost_1.avif	Gain another 10% bonus S.C.O.R.E. when you complete challenges for the rest of Season 9!  - UNLOCKS BOOST FOR ALL CHARACTERS ON YOUR ACCOUNT. -  - BONUS IS APPLIED TO BASE CHALLENGE S.C.O.R.E.. -  - DOES NOT APPLY TO PREVIOUSLY COMPLETED CHALLENGES. -	SCORE_S9_ENTM_Account_ScoreBoost_2			50		
9	S9_R50_chuckwagon_cooking_station		Chuckwagon Cooking Station	0					/wp-content/uploads/season_images/score_s9_camp_machinery_workbench_cooking_grill_chuckwagon.avif	Feed the whole herd with the Chuckwagon Cooking Station!  - C.A.M.P. ITEMS APPEAR WHILE IN C.A.M.P. MODE. -	SCORE_S9_ENTM_CAMP_Machinery_Workbench_Cooking_Grill_Chuckwagon			50		
9	S9_R51_atoms		Atoms x 150	0				atoms	/wp-content/uploads/season_images/utility/score_currency_atoms.avif					51		
9	S9_R52_blue_open_shipping_container		Blue Open Shipping Container	0	TRUE				/wp-content/uploads/season_images/score_s9_camp_structure_shippingcontainer_blue_open.avif	Get your C.A.M.P. looking shipshape with this Blue Open Shipping Container.   - C.A.M.P. ITEMS APPEAR WHILE IN C.A.M.P. MODE. -	SCORE_S9_ENTM_CAMP_Structure_ShippingContainer_Blue_Open			52		
9	S9_R52_caps		Caps x 2500	0				caps	/wp-content/uploads/season_images/utility/score_currency_caps.avif					52		
9	S9_R53_raiderish_combat_armor_paint		Raiderish Combat Armor Paint	0					/wp-content/uploads/season_images/score_s9_skin_armorskin_combat_raiderish.avif	Are you Raider, or are you just Raiderish? Find out with the Raiderish Combat Armor Paint.  - SKIN IS CRAFTABLE AT ARMOR WORKBENCHES. -	SCORE_S9_ENTM_Skin_ArmorSkin_Combat_Raiderish			53		
9	S9_R54_lunchbox		Lunchbox x 5	0	TRUE			lunchbox	/wp-content/uploads/season_images/utility/atx_store_lunchbox001.avif					54		
9	S9_R54_patrioteer_outfit		Patrioteer Outfit	0					/wp-content/uploads/season_images/score_s9_apparel_outfit_patrioteer.avif	Show your support for the Union with this Patrioteer Outfit!  - APPAREL IS CRAFTABLE AT ARMOR WORKBENCHES. -	SCORE_S9_ENTM_Apparel_Outfit_Patrioteer			54		
9	S9_R55_perk_card_pack		Perk Card Pack x 1	0				perk_card_pack	/wp-content/uploads/season_images/utility/score_item_perkcardpack.avif					55		
9	S9_R56_legendary_core		Legendary Core x 5	0				legendary_core	/wp-content/uploads/season_images/utility/score_game_legendary_core.avif					56		
9	S9_R56_yellow_moulded_carpet_floor		Yellow Moulded Carpet Floor and Foundations	0	TRUE				/wp-content/uploads/season_images/score_s9_camp_floor_mouldedcarpet_yellow.avif	Is it Mold or Moulded? Why not both with the Moulded Carpet Floor and Foundations!  - C.A.M.P. ITEMS APPEAR WHILE IN C.A.M.P. MODE. -	SCORE_S9_ENTM_CAMP_Floor_MouldedCarpet_Yellow			56		
9	S9_R57_lunchbox		Lunchbox x 3	0				lunchbox	/wp-content/uploads/season_images/utility/atx_store_lunchbox001.avif					57		
9	S9_R58_gold_bullion		Gold Bullion x 250	0	TRUE			gold_bullion	/wp-content/uploads/season_images/utility/score_currency_bullion.avif					58		
9	S9_R58_mercenary_company_x_01_power_armor_paint		Mercenary Company X-01 Power Armor Paint	0					/wp-content/uploads/season_images/score_s9_skin_powerarmor_paint_x01_mercenarycompany.avif	Hellcats in Power Armor, that was not part of the plan. Paint your X-01 with the Mercenary Company Power Armor Paint.   - SKIN IS CRAFTABLE AT POWER ARMOR STATIONS. -	SCORE_S9_ENTM_Skin_PowerArmor_Paint_X01_MercenaryCompany			58		
9	S9_R59_legendary_module		Legendary Module x 5	0				legendary_module	/wp-content/uploads/season_images/utility/score_game_legendarymodule.avif					59		
9	S9_R60_atoms		Atoms x 150	0				atoms	/wp-content/uploads/season_images/utility/score_currency_atoms.avif					60		
9	S9_R61_caps		Caps x 2500	0	TRUE			caps	/wp-content/uploads/season_images/utility/score_currency_caps.avif					61		
9	S9_R61_gold_bullion		Gold Bullion x 100	0				gold_bullion	/wp-content/uploads/season_images/utility/score_currency_bullion.avif					61		
9	S9_R62_gold_dipped_grenade_flair		Gold-Dipped Grenade Flair	0					/wp-content/uploads/season_images/score_s9_skin_backpackflair_golddippedgrenade.avif	I wonder if the explosion would be shiny?  Flairs can be applied to most Backpacks.  - FLAIRS ARE APPLIED AT ARMOR WORKBENCHES. -	SCORE_S9_ENTM_Skin_BackpackFlair_GoldDippedGrenade			62		
9	S9_R63_raiderish_secret_service_armor_paint		Raiderish Secret Service Armor Paint	0					/wp-content/uploads/season_images/score_s9_skin_armorskin_secretservice_raiderish.avif	Are you Raider, or are you just Raiderish? Find out with the Raiderish Secret Service Armor Paint.  - SKIN IS CRAFTABLE AT ARMOR WORKBENCHES. -	SCORE_S9_ENTM_Skin_ArmorSkin_SecretService_Raiderish			63		
9	S9_R64_perk_card_pack		Perk Card Pack x 1	0	TRUE			perk_card_pack	/wp-content/uploads/season_images/utility/score_item_perkcardpack.avif					64		
9	S9_R64_crashed_plane_player_icon		Player Icon: Crashed Plane	0		playerIcon	Crashed Plane	player_icon	/wp-content/uploads/guide-images/atom-shop/player-icons/atx_playericon_score_55.avif	Any landing you walk away from...  - UNLOCKS A PLAYER ICON. -	SCORE_S9_ENTM_PlayerIcon_CrashedPlane			64		
9	S9_R65_perk_card_pack		Perk Card Pack x 1	0				perk_card_pack	/wp-content/uploads/season_images/utility/score_item_perkcardpack.avif					65		
9	S9_R66_dastardly_duo_paint_shotgun		Dastardly Duo Paint (Shotgun)	0					/wp-content/uploads/season_images/score_s9_skin_weaponskin_shotgun_dastardlyduo.avif	Show off your Dastardly side with the Dastardly Duo Paint for the Double-Barrel Shotgun.  - SKIN IS CRAFTABLE AT WEAPON WORKBENCHES. -	SCORE_S9_ENTM_Skin_WeaponSkin_Shotgun_DastardlyDuo			66		
9	S9_R67_carry_weight_booster		Carry Weight Booster x 3	0				carry_weight_booster	/wp-content/uploads/season_images/utility/score_utility_carryweight.avif					67		
9	S9_R67_legendary_module		Legendary Module x 5	0	TRUE			legendary_module	/wp-content/uploads/season_images/utility/score_game_legendarymodule.avif					67		
9	S9_R68_mercenary_company_ultracite_power_armor_paint		Mercenary Company Ultracite Power Armor Paint	0					/wp-content/uploads/season_images/score_s9_skin_powerarmor_paint_ultracite_mercenarycompany.avif	Hellcats in Power Armor, that was not part of the plan. Paint your Ultracite Power Armor with the Mercenary Company Armor Paint.   - SKIN IS CRAFTABLE AT POWER ARMOR STATIONS. -	SCORE_S9_ENTM_Skin_PowerArmor_Paint_Ultracite_MercenaryCompany			68		
9	S9_R69_legendary_scrip		Legendary Scrip x 250	0				legendary_scrip	/wp-content/uploads/season_images/utility/score_currency_scrip.avif					69		
9	S9_R69_perk_card_pack		Perk Card Pack x 1	0	TRUE			perk_card_pack	/wp-content/uploads/season_images/utility/score_item_perkcardpack.avif					69		
9	S9_R70_atoms		Atoms x 150	0				atoms	/wp-content/uploads/season_images/utility/score_currency_atoms.avif					70		
9	S9_R71_basic_repair_kit		Basic Repair Kit x 5	0	TRUE			repair_kit	/wp-content/uploads/season_images/utility/atx_utility_repairkit_basic.avif					71		
9	S9_R71_gold_bullion		Gold Bullion x 250	0				gold_bullion	/wp-content/uploads/season_images/utility/score_currency_bullion.avif					71		
9	S9_R72_rusted_brick_wallpaper		Rusted Brick Wallpaper	0					/wp-content/uploads/season_images/score_s9_camp_wallpaper_rustedbrick.avif	I didn't think that bricks could rust! Expect the unexpected with the Rusted Brick Wallpaper.  - WALLPAPER ITEMS APPEAR WHILE IN C.A.M.P. EDIT MODE. -	SCORE_S9_ENTM_CAMP_WallPaper_RustedBrick			72		
9	S9_R73_basic_repair_kit		Basic Repair Kit x 6	0				repair_kit	/wp-content/uploads/season_images/utility/atx_utility_repairkit_basic.avif					73		
9	S9_R73_black_jack_o_lantern_helmet		Black Jack-o-lantern Helmet	0	TRUE				/wp-content/uploads/season_images/score_s9_apparel_headwear_jackgourdon_black.avif					73		
9	S9_R74_skull_cave_player_icon		Player Icon: Skull Cave	0		playerIcon	Skull Cave	player_icon	/wp-content/uploads/guide-images/atom-shop/player-icons/atx_playericon_score_56.avif	It be scary but also home away from home!  - UNLOCKS A PLAYER ICON. -	SCORE_S9_ENTM_PlayerIcon_SkullCave			74		
9	S9_R75_10_s_c_o_r_e_boost		10% S.C.O.R.E. Boost	0	TRUE			score_booster	/wp-content/uploads/season_images/utility/score_s24_account_scoreboost_1.avif	Gain another 10% bonus S.C.O.R.E. when you complete challenges for the rest of Season 9!  - UNLOCKS BOOST FOR ALL CHARACTERS ON YOUR ACCOUNT. -  - BONUS IS APPLIED TO BASE CHALLENGE S.C.O.R.E.. -  - DOES NOT APPLY TO PREVIOUSLY COMPLETED CHALLENGES. -	SCORE_S9_ENTM_Account_ScoreBoost_3			75		
9	S9_R75_perk_card_pack		Perk Card Pack x 1	0				perk_card_pack	/wp-content/uploads/season_images/utility/score_item_perkcardpack.avif					75		
9	S9_R76_mercenary_company_t_65_paint_power_armor		Mercenary Company T-65 Paint Power Armor	0					/wp-content/uploads/season_images/score_s9_skin_powerarmor_paint_t65_mercenarycompany.avif	Hellcats in Power Armor, that was not part of the plan. Paint your T-65 with the Mercenary Company Power Armor Paint.   - SKIN IS CRAFTABLE AT POWER ARMOR STATIONS. -	SCORE_S9_ENTM_Skin_PowerArmor_Paint_T65_MercenaryCompany			76		
9	S9_R77_caps		Caps x 2500	0				caps	/wp-content/uploads/season_images/utility/score_currency_caps.avif					77		
9	S9_R77_gold_bullion		Gold Bullion x 250	0	TRUE			gold_bullion	/wp-content/uploads/season_images/utility/score_currency_bullion.avif					77		
9	S9_R78_blue_moulded_carpet_floor_and_foundations		Blue Moulded Carpet Floor and Foundations	0					/wp-content/uploads/season_images/score_s9_camp_floor_mouldedcarpet_blue.avif	Is it Mold or Moulded? Why not both with the Moulded Carpet Floor and Foundations!  - C.A.M.P. ITEMS APPEAR WHILE IN C.A.M.P. MODE. -	SCORE_S9_ENTM_CAMP_Floor_MouldedCarpet_Blue			78		
9	S9_R79_legendary_module		Legendary Module x 5	0				legendary_module	/wp-content/uploads/season_images/utility/score_game_legendarymodule.avif					79		
9	S9_R79_solid_blue_shipping_container		Solid Blue Shipping Container	0	TRUE				/wp-content/uploads/season_images/score_s9_camp_structure_shippingcontainer_blue_solid.avif	Get your C.A.M.P. looking Shipshape with this Blue Shipping Container.  - C.A.M.P. ITEMS APPEAR WHILE IN C.A.M.P. MODE. -	SCORE_S9_ENTM_CAMP_Structure_ShippingContainer_Blue_Solid			79		
9	S9_R80_atoms		Atoms x 150	0				atoms	/wp-content/uploads/season_images/utility/score_currency_atoms.avif					80		
9	S9_R81_lunchbox		Lunchbox x 3	0				lunchbox	/wp-content/uploads/season_images/utility/atx_store_lunchbox001.avif					81		
9	S9_R82_caps		Caps x 2500	0				caps	/wp-content/uploads/season_images/utility/score_currency_caps.avif					82		
9	S9_R82_rusted_red_brick_wallpaper		Rusted Red Brick Wallpaper	0	TRUE				/wp-content/uploads/season_images/score_s9_camp_wallpaper_rustedbrick_red.avif	I didn't think that bricks could rust! Expect the unexpected with the Rusted Red Brick Wallpaper.  - WALLPAPER ITEMS APPEAR WHILE IN C.A.M.P. EDIT MODE. -	SCORE_S9_ENTM_CAMP_WallPaper_RustedBrick_Red			82		
9	S9_R83_nuclear_keycard		Nuclear Keycard x 5	0				nuclear_keycard	/wp-content/uploads/season_images/utility/score_utility_nuclearkeycard.avif					83		
9	S9_R84_jack_gourdon_black_outfit		Jack Gourdon Black Outfit	0	TRUE				/wp-content/uploads/season_images/score_s9_apparel_outfit_jackgourdon_black.avif					84		
9	S9_R84_beach_raider_player_icon		Player Icon: Beach Raider	0		playerIcon	Beach Raider	player_icon	/wp-content/uploads/guide-images/atom-shop/player-icons/atx_playericon_score_58.avif	Probably just upset they didn't get a beach party invitation!  - UNLOCKS A PLAYER ICON. -	SCORE_S9_ENTM_PlayerIcon_BeachRaider			84		
9	S9_R85_perk_card_pack		Perk Card Pack x 1	0				perk_card_pack	/wp-content/uploads/season_images/utility/score_item_perkcardpack.avif					85		
9	S9_R86_bone_bow_skin_bow		Bone Bow Skin (Bow)	0					/wp-content/uploads/season_images/score_s9_skin_weaponmodel_bow_bonebow.avif	Even if the arrow misses you still might scare your enemy to death with this deathclaw Bone Bow.  - SKIN IS CRAFTABLE AT WEAPON WORKBENCHES. -	SCORE_S9_ENTM_Skin_WeaponModel_Bow_BoneBow			86		
9	S9_R86_perk_card_pack		Perk Card Pack x 1	0	TRUE			perk_card_pack	/wp-content/uploads/season_images/utility/score_item_perkcardpack.avif					86		
9	S9_R87_lunchbox		Lunchbox x 9	0				lunchbox	/wp-content/uploads/season_images/utility/atx_store_lunchbox001.avif					87		
9	S9_R88_blackbird_elite_jet_pack		Blackbird Elite Jet Pack	0					/wp-content/uploads/season_images/score_s9_skin_powerarmor_jetpack_blackbird_elite.avif	The Blackbird Elite Jet Pack is built to help you take flight!  Requires a known Jetpack plan to craft.  - SKIN IS CRAFTABLE AT POWER ARMOR STATIONS. -	SCORE_S9_ENTM_Skin_PowerArmor_Jetpack_Blackbird_Elite			88		
9	S9_R88_carry_weight_booster		Carry Weight Booster x 5	0	TRUE			carry_weight_booster	/wp-content/uploads/season_images/utility/score_utility_carryweight.avif					88		
9	S9_R89_legendary_scrip		Legendary Scrip x 250	0				legendary_scrip	/wp-content/uploads/season_images/utility/score_currency_scrip.avif					89		
9	S9_R90_atoms		Atoms x 150	0				atoms	/wp-content/uploads/season_images/utility/score_currency_atoms.avif					90		
9	S9_R91_gold_bullion		Gold Bullion x 250	0				gold_bullion	/wp-content/uploads/season_images/utility/score_currency_bullion.avif					91		
9	S9_R91_legendary_scrip		Legendary Scrip x 250	0	TRUE			legendary_scrip	/wp-content/uploads/season_images/utility/score_currency_scrip.avif					91		
9	S9_R92_junkyard_cultist_helmet		Junkyard Cultist Helmet	0					/wp-content/uploads/season_images/score_s9_apparel_headwear_cultist_junkyard.avif	Scrap and junk are weapons in the hands of a Junkyard Cultist.  - APPAREL IS CRAFTABLE AT ARMOR WORKBENCHES. -	SCORE_S9_ENTM_Apparel_Headwear_Cultist_Junkyard			92		
9	S9_R93_dread_island_stein		Dread Island Stein	0					/wp-content/uploads/season_images/score_s9_camp_floordecor_stein_dreadisland.avif	Celebrate your time on Dread Island with this commemorative Dread Island Stein.  - C.A.M.P. ITEMS APPEAR WHILE IN C.A.M.P. MODE. -	SCORE_S9_ENTM_CAMP_FloorDecor_Stein_DreadIsland			93		
9	S9_R93_gold_bullion		Gold Bullion x 250	0	TRUE			gold_bullion	/wp-content/uploads/season_images/utility/score_currency_bullion.avif					93		
9	S9_R94_basic_repair_kit		Basic Repair Kit x 5	0	TRUE			repair_kit	/wp-content/uploads/season_images/utility/atx_utility_repairkit_basic.avif					94		
9	S9_R94_h_4rt_protects_player_icon		Player Icon: H-4RT Protects	0		playerIcon	H-4RT Protects	player_icon	/wp-content/uploads/guide-images/atom-shop/player-icons/atx_playericon_score_51.avif	NO DANGER AROUND HERE!  - UNLOCKS A PLAYER ICON. -	SCORE_S9_ENTM_PlayerIcon_H-4RT_Protects			94		
9	S9_R95_perk_coin		Perk Coin x 50	0				perk_coins	/wp-content/uploads/season_images/utility/score_currency_perkcoin.avif					95		
9	S9_R96_legendary_core		Legendary Core x 5	0				legendary_core	/wp-content/uploads/season_images/utility/score_game_legendary_core.avif					96		
9	S9_R96_medium_vault_tec_supply_package		Medium Vault-Tec Supply Package	0	TRUE			supply_package	/wp-content/uploads/season_images/utility/score_utility_scrapball_medium.avif					96		
9	S9_R97_legendary_module		Legendary Module x 5	0				legendary_module	/wp-content/uploads/season_images/utility/score_game_legendarymodule.avif					97		
9	S9_R98_junkyard_cultist_outfit		Junkyard Cultist Outfit	0					/wp-content/uploads/season_images/score_s9_apparel_outfit_cultist_junkyard.avif	Scrap and junk are weapons in the hands of a Junkyard Cultist.  - APPAREL IS CRAFTABLE AT ARMOR WORKBENCHES. -	SCORE_S9_ENTM_Apparel_Outfit_Cultist_Junkyard			98		
9	S9_R98_lunchbox		Lunchbox x 5	0	TRUE			lunchbox	/wp-content/uploads/season_images/utility/atx_store_lunchbox001.avif					98		
9	S9_R99_arm_wrestle_machine		Arm Wrestle Machine	0					/wp-content/uploads/season_images/score_s9_camp_utility_armwrestlemachine.avif	Are you strong enough to beat the Arm Wrestle Machine?  - Using the Arm Wrestle Machine grants a temporary boost to Charisma -  - C.A.M.P. ITEMS APPEAR WHILE IN C.A.M.P. MODE. -	SCORE_S9_ENTM_CAMP_Utility_ArmWrestleMachine			99		
9	S9_R100_atoms		Atoms x 500	0				atoms	/wp-content/uploads/season_images/utility/score_currency_atoms.avif					100		
9	S9_R100_blackbird_elite_power_armor_paint		Blackbird Elite Power Armor Paint	0					/wp-content/uploads/season_images/score_s9_skin_powerarmor_model_blackbird_elite.avif	Escape Dread Island with this Blackbird Elite Power Armor Paint!  This is a unique skin that completely alters the appearance of your Power Armor. It can be equipped on all main Power Armors.  - SKIN IS CRAFTABLE AT POWER ARMOR STATIONS. -	SCORE_S9_ENTM_Skin_PowerArmor_Model_Blackbird_Elite			100		
9	S9_R100_dread_island_gameboard		Dread Island Gameboard	0					/wp-content/uploads/season_images/score_s9_camp_walldeco_s9board_gameboard.avif	Show off how you conquered Dread Island with this framed Dread Island Gameboard.  - C.A.M.P. ITEMS APPEAR WHILE IN C.A.M.P. MODE. -	SCORE_S9_ENTM_CAMP_WallDeco_S9Board_Gameboard			100		
9	S9_R100_rusted_iron_secret_service_dog_statues		Rusted Iron Secret Service Dog Statues	0	TRUE				/wp-content/uploads/season_images/score_s9_camp_statue_dog_iron.avif	Remember the fallen and remember our friends with the Rusted Iron Secret Service Dog Statues.  Includes a small and large variant.  - C.A.M.P. ITEMS APPEAR WHILE IN C.A.M.P. MODE. -	SCORE_S9_ENTM_CAMP_Statue_Dog_Iron			100		
9	S9_P8_skin_backpackflair_glowinthedarkskull		Glow In The Dark Skull Flair	0					/wp-content/uploads/season_images/score_s9_skin_backpackflair_glowinthedarkskull.avif	Useful and Creepy all at the same time!  Flairs can be applied to most Backpacks.  - FLAIRS ARE APPLIED AT ARMOR WORKBENCHES. -	SCORE_S9_ENTM_Skin_BackpackFlair_GlowInTheDarkSkull					
9	S9_P5_skin_powerarmor_paint_mercenarycompany_hellcat		Mercenary Company Hellcat Power Armor Paint	0	TRUE				/wp-content/uploads/season_images/score_s9_skin_powerarmor_paint_mercenarycompany_hellcat.webp	Hellcats in Power Armor, that was not part of the plan. Paint your Hellcat with the Mercenary Company Power Armor Paint.   This is a paint for the Hellcat Power Armor.  - SKIN IS CRAFTABLE AT POWER ARMOR STATIONS. -	zzzSCORE_S9_ENTM_Skin_PowerArmor_Paint_MercenaryCompany_Hellcat					
9	S9_P2_playericon_dreadislandinverse		Player Icon: Dread Island Inverse Logo	0		playerIcon	Dread Island Inverse Logo	player_icon	/wp-content/uploads/guide-images/atom-shop/player-icons/score_s9_playericon_dreadislandinverse.avif	Show off how you survived Dread Island!  - UNLOCKS A PLAYER ICON. -	zzzSCORE_S9_ENTM_PlayerIcon_DreadIslandInverse					
9	S9_P10_camp_lights_industrialfloodlight_red		Red Industrial Floodlight	0					/wp-content/uploads/season_images/score_s9_camp_lights_industrialfloodlight_red.avif	Illuminate your space red with this wall mounted Industrial Floodlight.  - C.A.M.P. ITEMS APPEAR WHILE IN C.A.M.P. MODE. -	SCORE_S9_ENTM_CAMP_Lights_IndustrialFloodlight_Red					
9	S9_P5_skin_weaponskin_reuse		Samurai Sword (Sword)	0	TRUE				/wp-content/uploads/season_images/score_s9_skin_weaponskin_reuse.avif	Strength and swiftness must be used when wielding the razor-sharp weapon of choice of the ancient samurai.  - SKIN IS CRAFTABLE AT WEAPON WORKBENCHES. -  - Works with most 1h melee weapons.	zzzSCORE_S9_ENTM_Skin_WeaponSkin_REUSE					
9	S9_P10_camp_walldeco_steelpittwallbust		Steel Pitt Wall Bust	0					/wp-content/uploads/season_images/score_s9_camp_walldeco_steelpittwallbust.webp	Add a sense of foreboding to your sitting room with the Steel Pitt Wall Bust.  - C.A.M.P. ITEMS APPEAR WHILE IN C.A.M.P. MODE. -	zzzSCORE_S9_ENTM_CAMP_WallDeco_SteelPittWallBust					
10	S10_R2_liquid_courage		Liquid Courage	0	TRUE			liquid_courage	/wp-content/uploads/season_images/utility/score_game_liquidcourage.avif					2		
10	S10_R2_red_rocket_visionary_player_icon		Player Icon: Red Rocket Visionary	0		playerIcon	Red Rocket Visionary	player_icon	/wp-content/uploads/guide-images/atom-shop/player-icons/atx_playericon_score_67.avif	Start your engines and embark on a journey to the City of Steel with Red Rocket. The city is the place where your future happens!  - UNLOCKS A PLAYER ICON. -	SCORE_S10_ENTM_PlayerIcon_Visionary			2		
10	S10_R3_union_wood_armor_paint		Union Wood Armor Paint	0					/wp-content/uploads/season_images/score_s10_skin_armorskin_wood_union.avif	No one will consider busting your union when you have the Union Wood Armor paint.  - SKIN IS CRAFTABLE AT ARMOR WORKBENCHES. -	SCORE_S10_ENTM_Skin_ArmorSkin_Wood_Union			3		
10	S10_R4_medium_vault_tec_supply_package		Medium Vault-Tec Supply Package	0				supply_package	/wp-content/uploads/season_images/utility/score_utility_scrapball_medium.avif					4		
10	S10_R5_perfect_bubblegum		Perfect Bubblegum x 3	0	TRUE			perfect_bubblegum	/wp-content/uploads/season_images/utility/score_utility_bubblegumperfect.avif					5		
10	S10_R5_radiation_glove_box		Radiation Glove Box	0					/wp-content/uploads/season_images/score_s10_camp_utility_radiation_glove_box.avif	Should I touch that glowing rock with my bare hands?	SCORE_S10_ENTM_CAMP_Utility_Radiation_Glove_Box			5		
10	S10_R6_lunchbox		Lunchbox x 3	0				lunchbox	/wp-content/uploads/season_images/utility/atx_store_lunchbox001.avif					6		
10	S10_R7_scrap_kit		Scrap Kit x 3	0				scrap_kit	/wp-content/uploads/season_images/utility/atx_utility_repairkit_scraptostash.avif					7		
10	S10_R8_decapitated_doll_head_flair		Decapitated Doll Head Flair	0					/wp-content/uploads/season_images/score_s10_skin_backpackflair_decapitated_doll_head.avif	A totally normal thing to hang on your backpack.   Flairs can be applied to most Backpacks.  - FLAIRS ARE APPLIED AT ARMOR WORKBENCHES. -	SCORE_S10_ENTM_Skin_BackpackFlair_Decapitated_Doll_Head			8		
10	S10_R8_lunchbox		Lunchbox x 5	0	TRUE			lunchbox	/wp-content/uploads/season_images/utility/atx_store_lunchbox001.avif					8		
10	S10_R9_legendary_module		Legendary Module x 3	0				legendary_module	/wp-content/uploads/season_images/utility/score_game_legendarymodule.avif					9		
10	S10_R10_atoms		Atoms x 150	0				atoms	/wp-content/uploads/season_images/utility/score_currency_atoms.avif					10		
10	S10_R10_fanatic_foreman_player_icon		Player Icon: Fanatic Formean	0	TRUE	playerIcon	Fanatic Formean	player_icon	/wp-content/uploads/guide-images/atom-shop/player-icons/atx_playericon_score_60.avif	It's been another beautiful day in Hell, and as usual, we haven't met our quotas.	SCORE_S10_ENTM_PlayerIcon_Fanatic_Portrait_02			10		
10	S10_R11_caps		Caps x 500	0				caps	/wp-content/uploads/season_images/utility/score_currency_caps.avif					11		
10	S10_R12_rusty_wrench_on_a_chain_flair		Rusty Wrench on a Chain Flair	0					/wp-content/uploads/season_images/score_s10_skin_backpackflair_rusty_wrench.avif	Symbolize your handiness with a tiny wrench!  Flairs can be applied to most Backpacks.  - FLAIRS ARE APPLIED AT ARMOR WORKBENCHES. -	SCORE_S10_ENTM_Skin_BackpackFlair_Rusty_Wrench			12		
10	S10_R13_legendary_scrip		Legendary Scrip x 250	0	TRUE			legendary_scrip	/wp-content/uploads/season_images/utility/score_currency_scrip.avif					13		
10	S10_R13_union_leather_armor_paint		Union Leather Armor Paint	0					/wp-content/uploads/season_images/score_s10_skin_armorskin_leather_union.avif	No one will consider busting your union when you have the Union Leather Armor paint.  - SKIN IS CRAFTABLE AT ARMOR WORKBENCHES. -	SCORE_S10_ENTM_Skin_ArmorSkin_Leather_Union			13		
10	S10_R14_perk_card_pack		Perk Card Pack x 1	0				perk_card_pack	/wp-content/uploads/season_images/utility/score_item_perkcardpack.avif					14		
10	S10_R15_5_score_boost		5% S.C.O.R.E. Boost	0	TRUE			score_booster	/wp-content/uploads/season_images/utility/score_s24_account_scoreboost_1.avif	Gain 5% bonus S.C.O.R.E. when you complete challenges for the rest of Season 10!  - UNLOCKS BOOST FOR ALL CHARACTERS ON YOUR ACCOUNT. -  - BONUS IS APPLIED TO BASE CHALLENGE S.C.O.R.E. -  - DOES NOT APPLY TO PREVIOUSLY COMPLETED CHALLENGES. -	SCORE_S10_ENTM_Account_ScoreBoost_1			15		
10	S10_R15_auto_axe_crafting		Auto Axe Crafting	0					/wp-content/uploads/season_images/score_s10_weapons_autoaxe.avif	Bring The Pitt's most lethal make-shift weapon back to Appalachia when you learn to craft the Auto-Axe!  - ITEM IS CRAFTABLE AT WEAPON WORKBENCHES. -	SCORE_S10_ENTM_Weapons_AutoAxe			15		
10	S10_R16_pittsburgh_traffic_light		Pittsburgh Traffic Light	0					/wp-content/uploads/season_images/score_s10_camp_lights_pittsburgh_trafficlight.avif	Control the flow of traffic - er, maybe radroaches- with this wall mounted traffic light.  - C.A.M.P. ITEMS APPEAR WHILE IN C.A.M.P. MODE. -	SCORE_S10_ENTM_CAMP_Lights_Pittsburgh_Trafficlight			16		
10	S10_R17_stamps		Stamps x 5	0					/wp-content/uploads/season_images/utility/score_currency_stamps.avif					17		
10	S10_R18_legendary_core		Legendary Core x 3	0	TRUE			legendary_core	/wp-content/uploads/season_images/utility/score_game_legendary_core.avif					18		
10	S10_R18_union_t_45_power_armor_paint		Union T-45 Power Armor Paint	0					/wp-content/uploads/season_images/score_s10_skin_powerarmor_paint_t45_union.avif	No one will consider busting your union when you have the Union T-45 Power Armor paint.  - SKIN IS CRAFTABLE AT POWER ARMOR STATIONS. -	SCORE_S10_ENTM_Skin_PowerArmor_Paint_T45_Union			18		
10	S10_R19_legendary_module		Legendary Module x 3	0				legendary_module	/wp-content/uploads/season_images/utility/score_game_legendarymodule.avif					19		
10	S10_R20_atoms		Atoms x 150	0				atoms	/wp-content/uploads/season_images/utility/score_currency_atoms.avif					20		
10	S10_R20_gold_bullion		Gold Bullion x 250	0	TRUE			gold_bullion	/wp-content/uploads/season_images/utility/score_currency_bullion.avif					20		
10	S10_R21_caps		Caps x 1000	0				caps	/wp-content/uploads/season_images/utility/score_currency_caps.avif					21		
10	S10_R22_union_metal_armor_paint		Union Metal Armor Paint	0					/wp-content/uploads/season_images/score_s10_skin_armorskin_metal_union.avif	No one will consider busting your union when you have the Union Metal Armor paint.  - SKIN IS CRAFTABLE AT ARMOR WORKBENCHES. -	SCORE_S10_ENTM_Skin_ArmorSkin_Metal_Union			22		
10	S10_R23_nuclear_keycard		Nuclear Keycard x 5	0				nuclear_keycard	/wp-content/uploads/season_images/utility/score_utility_nuclearkeycard.avif					23		
10	S10_R23_perk_card_pack		Perk Card Pack x 1	0	TRUE			perk_card_pack	/wp-content/uploads/season_images/utility/score_item_perkcardpack.avif					23		
10	S10_R24_skippy_portrait_player_icon		Player Icon: Skippy Portrait	0		playerIcon	Skippy Portrait	player_icon	/wp-content/uploads/guide-images/atom-shop/player-icons/atx_playericon_score_62.avif	Parachutes sound crazy, too, but they work!	SCORE_S10_ENTM_PlayerIcon_Skippy			24		
10	S10_R25_red_reaper_flamer_skin		Red Reaper Flamer Skin	0	TRUE				/wp-content/uploads/season_images/score_s10_skin_weaponskin_redreaper.avif	Storm the burning fields (set ablaze by you of course) with this new rendition of the Death's Breath Flamer Skin, The Red Reaper.  - SKIN IS CRAFTABLE AT WEAPON WORKBENCHES. -	SCORE_S10_ENTM_Skin_WeaponSkin_RedReaper			25		
10	S10_R25_union_power_armor_torso_crafting		Union Power Armor Torso Crafting	0					/wp-content/uploads/season_images/score_s10_powerarmor_union_torso.avif	Protect yourself from the treacherous hazards in The Pitt by crafting a Union Power Armor Torso!    - ITEM IS CRAFTABLE AT POWER ARMOR STATIONS. -	SCORE_S10_ENTM_PowerArmor_Union_Torso			25		
10	S10_R26_perk_card_pack		Perk Card Pack x 1	0				perk_card_pack	/wp-content/uploads/season_images/utility/score_item_perkcardpack.avif					26		
10	S10_R27_pittsburgh_union_steel_shop_vac		Pittsburgh Union Steel Shop Vac	0					/wp-content/uploads/season_images/score_s10_camp_floordecor_shop_vac.avif	Keep your camp as clean as The Foundry with the Pittsburgh Union Steel Shop Vac.   - C.A.M.P. ITEMS APPEAR WHILE IN C.A.M.P. MODE. -	SCORE_S10_ENTM_CAMP_FloorDecor_Shop_Vac			27		
10	S10_R28_perfect_bubblegum		Perfect Bubblegum x 3	0	TRUE			perfect_bubblegum	/wp-content/uploads/season_images/utility/score_utility_bubblegumperfect.avif					28		
10	S10_R28_union_t_51_power_armor_paint		Union T-51 Power Armor Paint	0					/wp-content/uploads/season_images/score_s10_skin_powerarmor_paint_t51_union.avif	No one will consider busting your union when you have the Union T-51 Power Armor Paint.  - SKIN IS CRAFTABLE AT POWER ARMOR STATIONS. -	SCORE_S10_ENTM_Skin_PowerArmor_Paint_T51_Union			28		
10	S10_R29_legendary_scrip		Legendary Scrip x 100	0				legendary_scrip	/wp-content/uploads/season_images/utility/score_currency_scrip.avif					29		
10	S10_R30_atoms		Atoms x 150	0				atoms	/wp-content/uploads/season_images/utility/score_currency_atoms.avif					30		
10	S10_R30_legendary_module		Legendary Module x 5	0	TRUE			legendary_module	/wp-content/uploads/season_images/utility/score_game_legendarymodule.avif					30		
10	S10_R31_gold_bullion		Gold Bullion x 100	0				gold_bullion	/wp-content/uploads/season_images/utility/score_currency_bullion.avif					31		
10	S10_R32_union_robot_armor_paint		Union Robot Armor Paint	0					/wp-content/uploads/season_images/score_s10_skin_armorskin_robot_union.avif	Blend right in with the Fanatic bots with this Union Robot Armor paint.  - SKIN IS CRAFTABLE AT ARMOR WORKBENCHES. -	SCORE_S10_ENTM_Skin_ArmorSkin_Robot_Union			32		
10	S10_R33_city_of_steel_photomode_frame		City of Steel Photomode Frame	0					/wp-content/uploads/season_images/score_s10_photomode_frame_cityofsteel.avif	Take a trip to the City of Steel with this frame!  - UNLOCKS A PHOTOMODE FRAME. -	SCORE_S10_ENTM_Photomode_Frame_CityofSteel			33		
10	S10_R33_perk_card_pack		Perk Card Pack x 1	0	TRUE			perk_card_pack	/wp-content/uploads/season_images/utility/score_item_perkcardpack.avif					33		
10	S10_R34_perk_card_pack		Perk Card Pack x 1	0				perk_card_pack	/wp-content/uploads/season_images/utility/score_item_perkcardpack.avif					34		
10	S10_R35_catacombs_floor_and_foundations		Catacombs Floor and Foundations	0	TRUE				/wp-content/uploads/season_images/score_s10_camp_floor_catacombs.avif	Is your camp not looking creepy enough? Well, now you can get one step closer to nightmare fuel with the Catacombs Floor! *Trog stench not included*  - C.A.M.P. ITEMS APPEAR WHILE IN C.A.M.P. MODE. -	SCORE_S10_ENTM_CAMP_Floor_Catacombs			35		
10	S10_R35_union_power_armor_right_leg_crafting		Union Power Armor Right Leg Crafting	0					/wp-content/uploads/season_images/score_s10_powerarmor_union_legright.avif	Protect yourself from the treacherous hazards in The Pitt by crafting a Union Power Armor Right Leg!    - ITEM IS CRAFTABLE AT POWER ARMOR STATIONS. -	SCORE_S10_ENTM_PowerArmor_Union_LegRight			35		
10	S10_R36_the_pitt_union_steel_barrel		The Pitt Union Steel Barrel	0					/wp-content/uploads/season_images/score_s10_camp_floordecor_pitt_steel_barrel.avif	City of Steel? More like Barrel of Steel!   - C.A.M.P. ITEMS APPEAR WHILE IN C.A.M.P. MODE. -	SCORE_S10_ENTM_CAMP_FloorDecor_Pitt_Steel_Barrel			36		
10	S10_R37_lunchbox		Lunchbox x 3	0				lunchbox	/wp-content/uploads/season_images/utility/atx_store_lunchbox001.avif					37		
10	S10_R37_stamps		Stamps x 5	0	TRUE				/wp-content/uploads/season_images/utility/score_currency_stamps.avif					37		
10	S10_R38_union_excavator_power_armor_paint		Union Excavator Power Armor Paint	0					/wp-content/uploads/season_images/score_s10_skin_powerarmor_paint_excavator_union.avif	No one will consider busting your union when you have the Union Excavator Power Armor paint.  - SKIN IS CRAFTABLE AT POWER ARMOR STATIONS. -	SCORE_S10_ENTM_Skin_PowerArmor_Paint_Excavator_Union			38		
10	S10_R39_legendary_module		Legendary Module x 3	0				legendary_module	/wp-content/uploads/season_images/utility/score_game_legendarymodule.avif					39		
10	S10_R40_atoms		Atoms x 150	0				atoms	/wp-content/uploads/season_images/utility/score_currency_atoms.avif					40		
10	S10_R40_gold_bullion		Gold Bullion x 250	0	TRUE			gold_bullion	/wp-content/uploads/season_images/utility/score_currency_bullion.avif					40		
10	S10_R41_caps		Caps x 1000	0				caps	/wp-content/uploads/season_images/utility/score_currency_caps.avif					41		
10	S10_R42_union_marine_armor_paint		Union Marine Armor Paint	0					/wp-content/uploads/season_images/score_s10_skin_armorskin_marine_union.avif	No one will consider busting your union when you have the Union Marine Armor paint.  - SKIN IS CRAFTABLE AT ARMOR WORKBENCHES. -	SCORE_S10_ENTM_Skin_ArmorSkin_Marine_Union			42		
10	S10_R43_legendary_scrip		Legendary Scrip x 250	0	TRUE			legendary_scrip	/wp-content/uploads/season_images/utility/score_currency_scrip.avif					43		
10	S10_R43_fanatic_player_icon		Player Icon: Fanatic	0		playerIcon	Fanatic	player_icon	/wp-content/uploads/guide-images/atom-shop/player-icons/atx_playericon_score_59.avif	If you can't take the rads, get outta the Pitt!	SCORE_S10_ENTM_PlayerIcon_Fanatic_Portrait_01			43		
10	S10_R44_perk_card_pack		Perk Card Pack x 1	0				perk_card_pack	/wp-content/uploads/season_images/utility/score_item_perkcardpack.avif					44		
10	S10_R45_lunchbox		Lunchbox x 3	0	TRUE			lunchbox	/wp-content/uploads/season_images/utility/atx_store_lunchbox001.avif					45		
10	S10_R45_union_power_armor_left_leg_crafting		Union Power Armor Left Leg Crafting	0					/wp-content/uploads/season_images/score_s10_powerarmor_union_legleft.avif	Protect yourself from the treacherous hazards in The Pitt by crafting a Union Power Armor Left Leg!    - ITEM IS CRAFTABLE AT POWER ARMOR STATIONS. -	SCORE_S10_ENTM_PowerArmor_Union_LegLeft			45		
10	S10_R46_union_double_barrel_shotgun_paint		Union Double Barrel Shotgun Paint	0					/wp-content/uploads/season_images/score_s10_skin_weaponskin_double_barrel_union.avif	Show your support for the Union with the Union Double Barrel Shotgun Paint.  - SKIN IS CRAFTABLE AT WEAPON WORKBENCHES. -	SCORE_S10_ENTM_Skin_WeaponSkin_Double_Barrel_Union			46		
10	S10_R47_fanatic_striker_outfit		Fanatic Striker Outfit	0	TRUE				/wp-content/uploads/season_images/score_s10_apparel_outfit_fanatic_02_striker.avif	Hit them between the eyes with the Fanatic Striker Outfit.    - APPAREL IS CRAFTABLE AT ARMOR WORKBENCHES. -	SCORE_S10_ENTM_Apparel_Outfit_Fanatic_02_Striker			47		
10	S10_R47_legendary_module		Legendary Module x 5	0				legendary_module	/wp-content/uploads/season_images/utility/score_game_legendarymodule.avif					47		
10	S10_R48_union_t_60_power_armor_paint		Union T-60 Power Armor Paint	0					/wp-content/uploads/season_images/score_s10_skin_powerarmor_paint_t60_union.avif	No one will consider busting your union when you have the Union T-60 Power Armor paint.  - SKIN IS CRAFTABLE AT POWER ARMOR STATIONS. -	SCORE_S10_ENTM_Skin_PowerArmor_Paint_T60_Union			48		
10	S10_R49_atoms		Atoms x 150	0				atoms	/wp-content/uploads/season_images/utility/score_currency_atoms.avif					49		
10	S10_R50_10_score_boost		10% S.C.O.R.E. Boost	0	TRUE			score_booster	/wp-content/uploads/season_images/utility/score_s24_account_scoreboost_1.avif	Gain another 10% bonus S.C.O.R.E. when you complete challenges for the rest of Season 10!  - UNLOCKS BOOST FOR ALL CHARACTERS ON YOUR ACCOUNT. -  - BONUS IS APPLIED TO BASE CHALLENGE S.C.O.R.E.. -  - DOES NOT APPLY TO PREVIOUSLY COMPLETED CHALLENGES. -	SCORE_S10_ENTM_Account_ScoreBoost_2			50		
10	S10_R50_the_pittsburgh_palace		The Pittsburgh Palace	0					/wp-content/uploads/season_images/score_s10_camp_structure_the_pittsburgh_palace.avif	Build your own miniature City of Steel when you set up camp in The Pittsburgh Palace!   - C.A.M.P. ITEMS APPEAR WHILE IN C.A.M.P. MODE. -	SCORE_S10_ENTM_CAMP_Structure_The_Pittsburgh_Palace			50		
10	S10_R51_atoms		Atoms x 150	0				atoms	/wp-content/uploads/season_images/utility/score_currency_atoms.avif					51		
10	S10_R52_red_rocket_blimp_player_icon		Player Icon: Red Rocket Blimp	0		playerIcon	Red Rocket Blimp	player_icon	/wp-content/uploads/guide-images/atom-shop/player-icons/atx_playericon_score_66.avif	Travel to some-where new, today!	SCORE_S10_ENTM_PlayerIcon_RedRocketBlimp			52		
10	S10_R53_perk_card_pack		Perk Card Pack x 1	0	TRUE			perk_card_pack	/wp-content/uploads/season_images/utility/score_item_perkcardpack.avif					53		
10	S10_R53_union_combat_armor_paint		Union Combat Armor Paint	0					/wp-content/uploads/season_images/score_s10_skin_armorskin_combat_union.avif	No one will attempt to bust your union when they see you in the Union Combat Armor paint.  - SKIN IS CRAFTABLE AT ARMOR WORKBENCHES. -	SCORE_S10_ENTM_Skin_ArmorSkin_Combat_Union			53		
10	S10_R54_fanatic_scrapper_helmet		Fanatic Scrapper Helmet	0					/wp-content/uploads/season_images/score_s10_apparel_headwear_fanatic_helmet_01_scrapper.avif	Put the fear of The Pitt into your adversaries when you wear this spiky headwear.   - APPAREL IS CRAFTABLE AT ARMOR WORKBENCHES. -	SCORE_S10_ENTM_Apparel_Headwear_Fanatic_Helmet_01_Scrapper			54		
10	S10_R55_catacombs_wallpaper		Catacombs Wallpaper	0	TRUE				/wp-content/uploads/season_images/score_s10_camp_wallpaper_catacombs.avif	Build the catacombs of your dreams with the Catacombs Wallpaper.  - WALLPAPER ITEMS APPEAR WHILE IN C.A.M.P. EDIT MODE. -	SCORE_S10_ENTM_CAMP_WallPaper_Catacombs			55		
10	S10_R55_union_power_armor_right_arm_schematic		Union Power Armor Right Arm Crafting	0					/wp-content/uploads/season_images/score_s10_powerarmor_union_armright.avif	Protect yourself from the treacherous hazards in The Pitt by crafting a Union Power Right Arm!    - ITEM IS CRAFTABLE AT POWER ARMOR STATIONS. -	SCORE_S10_ENTM_PowerArmor_Union_ArmRight			55		
10	S10_R56_perk_card_pack		Perk Card Pack x 1	0				perk_card_pack	/wp-content/uploads/season_images/utility/score_item_perkcardpack.avif					56		
10	S10_R57_stamps		Stamps x 5	0	TRUE				/wp-content/uploads/season_images/utility/score_currency_stamps.avif					57		
10	S10_R57_the_pitt_union_steel_barrel_with_bullet_holes		The Pitt Union Steel Barrel with Bullet Holes	0					/wp-content/uploads/season_images/score_s10_camp_floordecor_pitt_steel_barrel_bulletholes.avif	Show your support for The Pitt Union with this shot-up steel barrel!  - C.A.M.P. ITEMS APPEAR WHILE IN C.A.M.P. MODE. -	SCORE_S10_ENTM_CAMP_FloorDecor_Pitt_Steel_Barrel_BulletHoles			57		
10	S10_R58_union_x_01_power_armor_paint		Union X-01 Power Armor Paint	0					/wp-content/uploads/season_images/score_s10_skin_powerarmor_paint_x01_union.avif	No one will consider busting your union when you have the Union X-01 Power Armor paint.  - SKIN IS CRAFTABLE AT POWER ARMOR STATIONS. -	SCORE_S10_ENTM_Skin_PowerArmor_Paint_X01_Union			58		
10	S10_R59_legendary_module		Legendary Module x 5	0				legendary_module	/wp-content/uploads/season_images/utility/score_game_legendarymodule.avif					59		
10	S10_R60_atoms		Atoms x 150	0				atoms	/wp-content/uploads/season_images/utility/score_currency_atoms.avif					60		
10	S10_R60_gold_bullion		Gold Bullion x 250	0	TRUE			gold_bullion	/wp-content/uploads/season_images/utility/score_currency_bullion.avif					60		
10	S10_R61_gold_bullion		Gold Bullion x 100	0				gold_bullion	/wp-content/uploads/season_images/utility/score_currency_bullion.avif					61		
10	S10_R62_union_power_armor_helmet_flair		Union Power Armor Helmet Backpack Flair	0					/wp-content/uploads/season_images/score_s10_skin_backpackflair_union_pa_helmet.avif	Can't wear for defense. Can wear for fashion.  Flairs can be applied to most Backpacks.  - FLAIRS ARE APPLIED AT ARMOR WORKBENCHES. -	SCORE_S10_ENTM_Skin_BackpackFlair_Union_PA_Helmet			62		
10	S10_R63_perk_card_pack		Perk Card Pack x 1	0	TRUE			perk_card_pack	/wp-content/uploads/season_images/utility/score_item_perkcardpack.avif					63		
10	S10_R63_union_secret_service_armor_paint		Union Secret Service Armor Paint	0					/wp-content/uploads/season_images/score_s10_skin_armorskin_secretservice_union.avif	No one will consider busting your union when you have the Union Secret Service Armor paint.  - SKIN IS CRAFTABLE AT ARMOR WORKBENCHES. -	SCORE_S10_ENTM_Skin_ArmorSkin_SecretService_Union			63		
10	S10_R64_danilo_player_icon		Player Icon: Danilo	0		playerIcon	Danilo	player_icon	/wp-content/uploads/guide-images/atom-shop/player-icons/atx_playericon_score_61.avif	This is my price. And the debt might never be repaid.	SCORE_S10_ENTM_PlayerIcon_Danilo			64		
10	S10_R65_legendary_module		Legendary Module x 5	0	TRUE			legendary_module	/wp-content/uploads/season_images/utility/score_game_legendarymodule.avif					65		
10	S10_R65_union_power_armor_left_arm_schematic		Union Power Armor Left Arm Crafting	0					/wp-content/uploads/season_images/score_s10_powerarmor_union_armleft.avif	Protect yourself from the treacherous hazards in The Pitt by crafting a Union Power Armor Left Arm!    - ITEM IS CRAFTABLE AT POWER ARMOR STATIONS. -	SCORE_S10_ENTM_PowerArmor_Union_ArmLeft			65		
10	S10_R66_union_ultracite_power_armor_paint		Union Ultracite Power Armor Paint	0					/wp-content/uploads/season_images/score_s10_skin_powerarmor_paint_ultracite_union.avif	No one will consider busting your union when you have the Union Ultracite Power Armor paint.  Includes a unique paint for the Ultracite Power Armor.  - SKIN IS CRAFTABLE AT POWER ARMOR STATIONS. -	SCORE_S10_ENTM_Skin_PowerArmor_Paint_Ultracite_Union			66		
10	S10_R67_nuclear_keycard		Nuclear Keycard x 5	0	TRUE			nuclear_keycard	/wp-content/uploads/season_images/utility/score_utility_nuclearkeycard.avif					67		
10	S10_R67_perk_card_pack		Perk Card Pack x 1	0				perk_card_pack	/wp-content/uploads/season_images/utility/score_item_perkcardpack.avif					67		
10	S10_R68_fanatic_auto_axe_paint		Fanatic Auto Axe Paint	0					/wp-content/uploads/season_images/score_s10_skin_weaponskin_autoaxe_fanatic.avif	Show your adversaries that you and your spinning axe of doom mean business by painting your auto axe with the Fanatic Auto Axe paint.   - SKIN IS CRAFTABLE AT WEAPON WORKBENCHES. -	SCORE_S10_ENTM_Skin_WeaponSkin_AutoAxe_Fanatic			68		
10	S10_R69_legendary_scrip		Legendary Scrip x 250	0				legendary_scrip	/wp-content/uploads/season_images/utility/score_currency_scrip.avif					69		
10	S10_R70_atoms		Atoms x 150	0				atoms	/wp-content/uploads/season_images/utility/score_currency_atoms.avif					70		
10	S10_R70_fanatic_striker_helmet		Fanatic Striker Helmet	0	TRUE				/wp-content/uploads/season_images/score_s10_apparel_headwear_fanatic_helmet_02_striker.avif	Reduce, reuse, and recycle old metal into a statement piece for your head.  - APPAREL IS CRAFTABLE AT ARMOR WORKBENCHES. -	SCORE_S10_ENTM_Apparel_Headwear_Fanatic_Helmet_02_Striker			70		
10	S10_R71_gold_bullion		Gold Bullion x 250	0				gold_bullion	/wp-content/uploads/season_images/utility/score_currency_bullion.avif					71		
10	S10_R72_mounted_steel_bust		Mounted Steel Bust	0					/wp-content/uploads/season_images/score_s10_camp_walldeco_steelbust.avif	An iconic symbol of The Pitt, now available for your CAMP!   - C.A.M.P. ITEMS APPEAR WHILE IN C.A.M.P. MODE. -	SCORE_S10_ENTM_CAMP_WallDeco_SteelBust			72		
10	S10_R73_basic_repair_kit		Basic Repair Kit x 6	0				repair_kit	/wp-content/uploads/season_images/utility/atx_utility_repairkit_basic.avif					73		
10	S10_R73_legendary_scrip		Legendary Scrip x 250	0	TRUE			legendary_scrip	/wp-content/uploads/season_images/utility/score_currency_scrip.avif					73		
10	S10_R74_flying_car_player_icon		Player Icon: Flying Car	0		playerIcon	Flying Car	player_icon	/wp-content/uploads/guide-images/atom-shop/player-icons/atx_playericon_score_65.avif	Gasoline, diesel, fusion. Drive in, fly out!  - UNLOCKS A PLAYER ICON. -	SCORE_S10_ENTM_PlayerIcon_RedRocketCar			74		
10	S10_R75_10_score_boost		10% S.C.O.R.E. Boost	0	TRUE			score_booster	/wp-content/uploads/season_images/utility/score_s24_account_scoreboost_1.avif	Gain another 10% bonus S.C.O.R.E. when you complete challenges for the rest of Season 10!  - UNLOCKS BOOST FOR ALL CHARACTERS ON YOUR ACCOUNT. -  - BONUS IS APPLIED TO BASE CHALLENGE S.C.O.R.E.. -  - DOES NOT APPLY TO PREVIOUSLY COMPLETED CHALLENGES. -	SCORE_S10_ENTM_Account_ScoreBoost_3			75		
10	S10_R75_union_power_armor_helmet_schematic		Union Power Armor Helmet Crafting	0					/wp-content/uploads/season_images/score_s10_powerarmor_union_helmet.avif	Protect yourself from the treacherous hazards in The Pitt by crafting a Union Power Armor Helmet!    - ITEM IS CRAFTABLE AT POWER ARMOR STATIONS. -	SCORE_S10_ENTM_PowerArmor_Union_Helmet			75		
10	S10_R76_perk_card_pack		Perk Card Pack x 1	0				perk_card_pack	/wp-content/uploads/season_images/utility/score_item_perkcardpack.avif					76		
10	S10_R77_lunchbox		Lunchbox x 5	0	TRUE			lunchbox	/wp-content/uploads/season_images/utility/atx_store_lunchbox001.avif					77		
10	S10_R77_union_t_65_power_armor_paint		Union T-65 Power Armor Paint	0					/wp-content/uploads/season_images/score_s10_skin_powerarmor_paint_t65_union.avif	No one will consider busting your union when you have the Union T-65 Power Armor paint.  - SKIN IS CRAFTABLE AT POWER ARMOR STATIONS. -	SCORE_S10_ENTM_Skin_PowerArmor_Paint_T65_Union			77		
10	S10_R78_beacon_signal_loot_bag		Beacon Signal Loot Bag	0					/wp-content/uploads/season_images/score_s10_skin_lootbag_beacon_signal.avif	Never lose your loot again when your drop is a literal beacon.  This item replaces the appearance of your dropped Paper Bag.  - UNLOCKS A PLAYER LOOT BAG SKIN FOR ALL CHARACTERS. -	SCORE_S10_ENTM_Skin_LootBag_Beacon_Signal			78		
10	S10_R79_stamps		Stamps x 5	0					/wp-content/uploads/season_images/utility/score_currency_stamps.avif					79		
10	S10_R80_atoms		Atoms x 150	0				atoms	/wp-content/uploads/season_images/utility/score_currency_atoms.avif					80		
10	S10_R80_gold_bullion		Gold Bullion x 250	0	TRUE			gold_bullion	/wp-content/uploads/season_images/utility/score_currency_bullion.avif					80		
10	S10_R81_caps		Caps x 2500	0				caps	/wp-content/uploads/season_images/utility/score_currency_caps.avif					81		
10	S10_R82_skippy_s_tool_bag_backpack		Skippy's Tool Bag Backpack	0					/wp-content/uploads/season_images/score_s10_skin_backpack_skippystoolbag.avif	Never forget where you put that hammer with Skippy's Tool Bag Backpack  This skin can be applied to both the Small and Standard Backpack as a mod.  - SKIN IS CRAFTABLE AT ARMOR WORKBENCHES. -	SCORE_S10_ENTM_Skin_Backpack_SkippysToolBag			82		
10	S10_R83_perk_card_pack		Perk Card Pack x 1	0	TRUE			perk_card_pack	/wp-content/uploads/season_images/utility/score_item_perkcardpack.avif					83		
10	S10_R83_yellow_pittsburgh_fire_hydrant		Yellow Pittsburgh Fire Hydrant	0					/wp-content/uploads/season_images/score_s10_camp_fire_hydrant_pittsburgh.avif	Somewhere out there, a dog is missing his favorite spot to relieve himself.   - C.A.M.P. ITEMS APPEAR WHILE IN C.A.M.P. MODE. -	SCORE_S10_ENTM_CAMP_Fire_Hydrant_Pittsburgh			83		
10	S10_R84_perk_card_pack		Perk Card Pack x 1	0				perk_card_pack	/wp-content/uploads/season_images/utility/score_item_perkcardpack.avif					84		
10	S10_R85_basic_repair_kit		Basic Repair Kit x 3	0	TRUE			repair_kit	/wp-content/uploads/season_images/utility/atx_utility_repairkit_basic.avif					85		
10	S10_R85_union_power_armor_jet_pack		Union Power Armor Jetpack Crafting	0					/wp-content/uploads/season_images/score_s10_powerarmor_union_jetpack.avif	Never step on Trog excrement again when you craft a Union Power Armor Jetpack!  Requires a known Jetpack plan to craft.  - ITEM IS CRAFTABLE AT POWER ARMOR STATIONS. -	SCORE_S10_ENTM_PowerArmor_Union_Jetpack			85		
10	S10_R86_pittsburgh_union_steel_logo_player_icon		Player Icon: Pittsburgh Union Steel Logo	0		playerIcon	Pittsburgh Union Steel Logo	player_icon	/wp-content/uploads/guide-images/atom-shop/player-icons/atx_playericon_score_63.avif	Manufacturing America's finest steel, pre AND post-war!  - UNLOCKS A PLAYER ICON. -	SCORE_S10_ENTM_PlayerIcon_Union			86		
10	S10_R87_union_recon_armor_paint		Union Recon Armor Paint	0					/wp-content/uploads/season_images/score_s10_skin_armorskin_recon_union.avif	No one can doubt your recon skills when you have the Union Recon Armor paint.  - SKIN IS CRAFTABLE AT ARMOR WORKBENCHES. -	SCORE_S10_ENTM_Skin_ArmorSkin_Recon_Union			87		
10	S10_R87_union_secret_service_underarmor		Union Secret Service Underarmor	0	TRUE				/wp-content/uploads/season_images/score_s10_apparel_underarmor_secretservice_union.avif	No one will consider busting your union when you have the Union Secret Service Underarmor.  (Requires the Secret Service Underarmor Plan to be learned.)  This item is worn under your armor and is in the Secret Service mod group.  - APPAREL IS CRAFTABLE AT ARMOR WORKBENCHES. -	SCORE_S10_ENTM_Apparel_Underarmor_SecretService_Union			87		
10	S10_R88_bare_rusted_steel_union_power_armor_paint		Bare Rusted Steel Union Power Armor Paint	0					/wp-content/uploads/season_images/score_s10_skin_powerarmor_paint_union_barerustedsteel.avif	Show that you're a bit rough around the edges with the Bare Rusted Steel Union Power Armor paint.  Includes a unique paint for the Union Power Armor.  - SKIN IS CRAFTABLE AT POWER ARMOR STATIONS. -	SCORE_S10_ENTM_Skin_PowerArmor_Paint_Union_BareRustedSteel			88		
10	S10_R89_legendary_scrip		Legendary Scrip x 250	0				legendary_scrip	/wp-content/uploads/season_images/utility/score_currency_scrip.avif					89		
10	S10_R90_atoms		Atoms x 150	0				atoms	/wp-content/uploads/season_images/utility/score_currency_atoms.avif					90		
10	S10_R90_legendary_module		Legendary Module x 5	0	TRUE			legendary_module	/wp-content/uploads/season_images/utility/score_game_legendarymodule.avif					90		
10	S10_R91_gold_bullion		Gold Bullion x 250	0				gold_bullion	/wp-content/uploads/season_images/utility/score_currency_bullion.avif					91		
10	S10_R92_industrial_plasma_caster_paint		Industrial Plasma Caster Paint	0					/wp-content/uploads/season_images/score_s10_skin_weaponskin_plasma_caster_industrial.avif	Improper use of the Plasma Caster will void its warranty, so have fun with it.   - SKIN IS CRAFTABLE AT WEAPON WORKBENCHES. -	SCORE_S10_ENTM_Skin_WeaponSkin_Plasma_Caster_Industrial			92		
10	S10_R93_city_of_steel_stein		City of Steel Stein	0					/wp-content/uploads/season_images/score_s10_camp_floordecor_stein_pitt_cityofsteel.avif	Celebrate your expeditions to The Pitt with Skippy's City of Steel Stein.  - C.A.M.P. ITEMS APPEAR WHILE IN C.A.M.P. MODE. -	SCORE_S10_ENTM_CAMP_FloorDecor_Stein_Pitt_CityofSteel			93		
10	S10_R93_perk_card_pack		Perk Card Pack x 1	0	TRUE			perk_card_pack	/wp-content/uploads/season_images/utility/score_item_perkcardpack.avif					93		
10	S10_R94_union_hellcat_power_armor_paint		Union Hellcat Power Armor Paint	0					/wp-content/uploads/season_images/score_s10_skin_powerarmor_paint_hellcat_union.avif	No one will consider busting your union when you have the Union Hellcat Power Armor paint.  This is a paint for the Hellcat Power Armor.  - SKIN IS CRAFTABLE AT POWER ARMOR STATIONS. -	SCORE_S10_ENTM_Skin_PowerArmor_Paint_Hellcat_Union			94		
10	S10_R95_perk_coin		Perk Coin x 50	0				perk_coins	/wp-content/uploads/season_images/utility/score_currency_perkcoin.avif					95		
10	S10_R95_toxic_waste_pile		Toxic Waste Pile	0	TRUE				/wp-content/uploads/season_images/score_s10_camp_floordecor_toxic_waste_pile.avif	Deter potential visitors, or attract only the most mutated, with the Toxic Waste Pile.  - C.A.M.P. ITEMS APPEAR WHILE IN C.A.M.P. MODE. -	SCORE_S10_ENTM_CAMP_FloorDecor_Toxic_Waste_Pile			95		
10	S10_R96_legendary_core		Legendary Core x 5	0				legendary_core	/wp-content/uploads/season_images/utility/score_game_legendary_core.avif					96		
10	S10_R97_carry_weight_booster		Carry Weight Booster x 5	0	TRUE			carry_weight_booster	/wp-content/uploads/season_images/utility/score_utility_carryweight.avif					97		
10	S10_R97_legendary_module		Legendary Module x 5	0				legendary_module	/wp-content/uploads/season_images/utility/score_game_legendarymodule.avif					97		
10	S10_R98_fanatic_scrapper_outfit		Fanatic Scrapper Outfit	0					/wp-content/uploads/season_images/score_s10_apparel_outfit_fanatic01_scrapper.avif	Bring the resourceful nature of Pitt Fashion home when you wear the Fanatic Scrapper Outfit.   - APPAREL IS CRAFTABLE AT ARMOR WORKBENCHES. -	SCORE_S10_ENTM_Apparel_Outfit_Fanatic01_Scrapper			98		
10	S10_R99_gold_bullion		Gold Bullion x 250	0	TRUE			gold_bullion	/wp-content/uploads/season_images/utility/score_currency_bullion.avif					99		
10	S10_R99_pittsburgh_union_steel_furnace_secret_door		Pittsburgh Union Steel Furnace Secret Door	0					/wp-content/uploads/season_images/score_s10_camp_door_pittsburgh_union_furnace.avif	Create a hidden room in your C.A.M.P with this Secret Door disguised as a Pittsburgh Union Steel Furnace.  - C.A.M.P. ITEMS APPEAR WHILE IN C.A.M.P. MODE. -	SCORE_S10_ENTM_CAMP_Door_Pittsburgh_Union_Furnace			99		
10	S10_R100_atoms		Atoms x 500	0				atoms	/wp-content/uploads/season_images/utility/score_currency_atoms.avif					100		
10	S10_R100_framed_city_of_steel_gameboard		Framed City of Steel Gameboard	0					/wp-content/uploads/season_images/score_s10_camp_walldeco_s10board_gameboard.avif	Showcase your travels to The Pitt with this framed City of Steel gameboard.  - C.A.M.P. ITEMS APPEAR WHILE IN C.A.M.P. MODE. -	SCORE_S10_ENTM_CAMP_WallDeco_S10Board_Gameboard			100		
10	S10_R100_ignition_union_steel_furnace_power_armor_paint		Ignition Union Power Armor Paint	0					/wp-content/uploads/season_images/score_s10_skin_powerarmor_paint_union_ignition.avif	Blend in with the darkest of nights when you paint your Union Power Armor with this matte black paint.  - SKIN IS CRAFTABLE AT POWER ARMOR STATIONS. -	SCORE_S10_ENTM_Skin_PowerArmor_Paint_Union_Ignition			100		
10	S10_R100_the_pitt_player_icon		Player Icon: The Pitt	0		playerIcon	The Pitt	player_icon	/wp-content/uploads/guide-images/atom-shop/player-icons/atx_playericon_score_64.avif	Welcome to The Pitt. Enjoy your stay.   - UNLOCKS A PLAYER ICON. -	SCORE_S10_ENTM_PlayerIcon_Pitt			100		
10	S10_P3_apparel_headwear_fanatic_helmet_03_stalker		Fanatic Stalker Helmet	0					/wp-content/uploads/season_images/score_s10_apparel_headwear_fanatic_helmet_03_stalker.avif	Preferred helmet of Fanatics who are stalkers, or helmet of people who stalk Fanatics? You decide!  - SKIN IS CRAFTABLE AT ARMOR WORKBENCHES. -	SCORE_S10_ENTM_Apparel_Headwear_Fanatic_Helmet_03_Stalker					
10	S10_P3_apparel_outfit_fanatic03_stalker		Fanatic Stalker Outfit	0					/wp-content/uploads/season_images/score_s10_apparel_outfit_fanatic03_stalker.avif	Preferred outfit of Fanatics who are stalkers, or outfit of people who stalk Fanatics? You decide!  - SKIN IS CRAFTABLE AT ARMOR WORKBENCHES. -	SCORE_S10_ENTM_Apparel_Outfit_Fanatic03_Stalker					
11	S11_R2_liquid_courage		Liquid Courage	0	TRUE			liquid_courage	/wp-content/uploads/season_images/utility/score_game_liquidcourage.avif					2		
11	S11_R2_dancing_bottle_and_cappy_player_icon		Player Icon: Dancing Bottle and Cappy	0		playerIcon	Dancing Bottle and Cappy	player_icon	/wp-content/uploads/guide-images/atom-shop/player-icons/atx_playericon_s11_bottleandcappy.avif	Get your groove on with Bottle and Cappy!	SCORE_S11_ENTM_PlayerIcon_BottleandCappy			2		
11	S11_R3_nuka_twist_wood_armor_paint		Nuka-Twist Wood Armor Paint	0					/wp-content/uploads/season_images/score_s11_skin_armorskin_wood_nukatwist.avif	Put a Twist on your wardrobe with the Nuka-Twist Wood Armor Paint.  - SKIN IS CRAFTABLE AT ARMOR WORKBENCHES. -	SCORE_S11_ENTM_Skin_ArmorSkin_Wood_NukaTwist			3		
11	S11_R4_lunchbox		Lunchbox x 3	0				lunchbox	/wp-content/uploads/season_images/utility/atx_store_lunchbox001.avif					4		
11	S11_R5_nuka_cola_candy_machine		Nuka-Cola Candy Machine	0					/wp-content/uploads/season_images/score_s11_camp_utility_nukacolacandymachine.avif	Nuka-Cola Candy right at your finger tips!  - Collects Candy over time -  This item cannot be built inside of a Shelter.  - C.A.M.P. ITEMS APPEAR WHILE IN C.A.M.P. MODE. -	SCORE_S11_ENTM_CAMP_Utility_NukaColaCandyMachine			5		
11	S11_R5_perk_card_pack		Perk Card Pack x 1	0	TRUE			perk_card_pack	/wp-content/uploads/season_images/utility/score_item_perkcardpack.avif					5		
11	S11_R6_medium_vault_tec_supply_package		Medium Vault-Tec Supply Package	0				supply_package	/wp-content/uploads/season_images/utility/score_utility_scrapball_medium.avif					6		
11	S11_R7_lunchbox		Lunchbox x 3	0	TRUE			lunchbox	/wp-content/uploads/season_images/utility/atx_store_lunchbox001.avif					7		
11	S11_R7_scout_s_banner		Scout's Banner x 3	0					/wp-content/uploads/season_images/utility/score_coen_utility_banner.avif					7		
11	S11_R8_nuka_cola_classic_union_power_armor_paint		Nuka-Cola Classic Union Power Armor Paint	0					/wp-content/uploads/season_images/score_s11_skin_powerarmor_paint_union_nukacolaclassic.avif	Is there a more classic pairing than Nuka-Cola and the ol' Red, White, and Blue?  - SKIN IS CRAFTABLE AT POWER ARMOR STATIONS. -	SCORE_S11_ENTM_Skin_PowerArmor_Paint_Union_NukaColaClassic			8		
11	S11_R9_legendary_module		Legendary Module x 3	0				legendary_module	/wp-content/uploads/season_images/utility/score_game_legendarymodule.avif					9		
11	S11_R10_atoms		Atoms x 150	0				atoms	/wp-content/uploads/season_images/utility/score_currency_atoms.avif					10		
11	S11_R10_wild_west_cappy_player_icon		Wild West Cappy Player Icon	0	TRUE				/wp-content/uploads/guide-images/atom-shop/player-icons/atx_playericon_s11_wildwestcappy.avif					10		
11	S11_R11_caps		Caps x 500	0				caps	/wp-content/uploads/season_images/utility/score_currency_caps.avif					11		
11	S11_R12_cappy_hat		Cappy Hat	0					/wp-content/uploads/season_images/score_s11_apparel_headwear_cappyhat.avif	Cappy on a cap. Stylish and branded!  - APPAREL IS CRAFTABLE AT ARMOR WORKBENCHES. -	SCORE_S11_ENTM_Apparel_Headwear_CappyHat			12		
11	S11_R13_legendary_scrip		Legendary Scrip x 250	0	TRUE			legendary_scrip	/wp-content/uploads/season_images/utility/score_currency_scrip.avif					13		
11	S11_R13_nuka_twist_leather_armor_paint		Nuka-Twist Leather Armor Paint	0					/wp-content/uploads/season_images/score_s11_skin_armorskin_leather_nukatwist.avif	Put a Twist on your wardrobe with the Nuka-Twist Leather Armor Paint.  - SKIN IS CRAFTABLE AT ARMOR WORKBENCHES. -	SCORE_S11_ENTM_Skin_ArmorSkin_Leather_NukaTwist			13		
11	S11_R14_nuka_cola_mystery_machine		Nuka-Cola Mystery Machine	0					/wp-content/uploads/season_images/score_s11_utility_nukacolamysterymachine.avif	This marvelous Nuka-Cola Mystery Machine holds every Nuka-Cola variety you could ever want! But which one will you get?  Be warned, there is a 5 minute restocking period before you will be able to quench your thirst again.  - C.A.M.P. ITEMS APPEAR WHILE IN C.A.M.P. MODE. -	SCORE_S11_ENTM_Utility_NukaColaMysteryMachine			14		
11	S11_R15_5_score_boost		5% S.C.O.R.E. Boost	0	TRUE			score_booster	/wp-content/uploads/season_images/utility/score_s24_account_scoreboost_1.avif	Gain 5% bonus S.C.O.R.E. when you complete challenges for the rest of Season 11!  - UNLOCKS BOOST FOR ALL CHARACTERS ON YOUR ACCOUNT. -  - BONUS IS APPLIED TO BASE CHALLENGE S.C.O.R.E. -  - DOES NOT APPLY TO PREVIOUSLY COMPLETED CHALLENGES. -	SCORE_S11_ENTM_Account_ScoreBoost_1			15		
11	S11_R15_nuka_cola_6_pack		Nuka-Cola 6-Pack	0					/wp-content/uploads/season_images/utility/score_item_6pack_nuka-cola.avif					15		
11	S11_R16_stamps		Stamps x 5	0					/wp-content/uploads/season_images/utility/score_currency_stamps.avif					16		
11	S11_R17_soda_fountain_globe		Soda Fountain Globe	0					/wp-content/uploads/season_images/score_s11_camp_floordecor_sodafountainglobe.avif	Light up your C.A.M.P in style with the Soda Fountain Globe.  - C.A.M.P. ITEMS APPEAR WHILE IN C.A.M.P. MODE. -	SCORE_S11_ENTM_CAMP_FloorDecor_SodaFountainGlobe			17		
11	S11_R18_atoms		Atoms x 150	0	TRUE			atoms	/wp-content/uploads/season_images/utility/score_currency_atoms.avif					18		
11	S11_R18_nuka_cola_classic_t_45_power_armor_paint		Nuka-Cola Classic T-45 Power Armor Paint	0					/wp-content/uploads/season_images/score_s11_skin_powerarmor_paint_t45_nukacolaclassic.avif	Is there a more classic pairing than Nuka-Cola and the ol' Red, White, and Blue?  - SKIN IS CRAFTABLE AT POWER ARMOR STATIONS. -	SCORE_S11_ENTM_Skin_PowerArmor_Paint_T45_NukaColaClassic			18		
11	S11_R19_large_vault_tec_supply_package		Large Vault-Tec Supply Package	0				supply_package	/wp-content/uploads/season_images/utility/score_utility_scrapball_large.avif					19		
11	S11_R20_atoms		Atoms x 150	0				atoms	/wp-content/uploads/season_images/utility/score_currency_atoms.avif					20		
11	S11_R20_gold_bullion		Gold Bullion x 250	0	TRUE			gold_bullion	/wp-content/uploads/season_images/utility/score_currency_bullion.avif					20		
11	S11_R21_caps		Caps x 1000	0				caps	/wp-content/uploads/season_images/utility/score_currency_caps.avif					21		
11	S11_R22_nuclear_keycard		Nuclear Keycard x 5	0				nuclear_keycard	/wp-content/uploads/season_images/utility/score_utility_nuclearkeycard.avif					22		
11	S11_R22_nuka_world_garbage_bin		Nuka-World on Tour Garbage Bin	0	TRUE				/wp-content/uploads/season_images/score_s11_utility_nuka_world_garbage_bin.avif	No one will expect you to hide your valuables in the Nuka-World on Tour Garbage Bin Stash Box!  - C.A.M.P. ITEMS APPEAR WHILE IN C.A.M.P. MODE. -	SCORE_S11_ENTM_Utility_Nuka_World_Garbage_Bin			22		
11	S11_R23_nuka_twist_metal_armor_paint		Nuka-Twist Metal Armor Paint	0					/wp-content/uploads/season_images/score_s11_skin_armorskin_metal_nukatwist.avif	Put a Twist on your wardrobe with the Nuka-Twist Metal Armor Paint.  - SKIN IS CRAFTABLE AT ARMOR WORKBENCHES. -	SCORE_S11_ENTM_Skin_ArmorSkin_Metal_NukaTwist			23		
11	S11_R24_perk_card_pack		Perk Card Pack x 1	0	TRUE			perk_card_pack	/wp-content/uploads/season_images/utility/score_item_perkcardpack.avif					24		
11	S11_R24_nuka_twist_player_icon		Player Icon: Nuka-Twist	0		playerIcon	Nuka-Twist	player_icon	/wp-content/uploads/guide-images/atom-shop/player-icons/atx_playericon_s11_nukatwist.avif	Proof that experimentation can create something mind-blowing!	SCORE_S11_ENTM_PlayerIcon_NukaTwist			24		
11	S11_R25_nuka_cola_classic_hunting_rifle_skin		Nuka-Cola Classic Hunting Rifle Paint	0					/wp-content/uploads/season_images/score_s11_skin_weaponskin_huntingrifle_nukacolaclassic.avif	Is there a more classic pairing than Nuka-Cola and the ol' Red, White, and Blue?  - SKIN IS CRAFTABLE AT WEAPON WORKBENCHES. -	SCORE_S11_ENTM_Skin_WeaponSkin_HuntingRifle_NukaColaClassic			25		
11	S11_R26_ammo_storage_box_patriot_skin		Ammo Storage Box Patriot Skin	0	TRUE				/wp-content/uploads/season_images/score_s11_utility_ammostoragebox_patriot.avif					26		
11	S11_R26_nuka_cola_twist_6_pack		Nuka-Cola Twist 6-Pack	0					/wp-content/uploads/season_images/utility/score_item_6pack_nuka-twist.avif					26		
11	S11_R27_blue_nuka_cola_billboard		Blue Nuka-Cola Billboard	0					/wp-content/uploads/season_images/score_s11_camp_lights_bluenukacolabillboard.avif	For when you really need to remind everyone of America's favorite soda.  - C.A.M.P. ITEMS APPEAR WHILE IN C.A.M.P. MODE. -	SCORE_S11_ENTM_CAMP_Lights_BlueNukaColaBillboard			27		
11	S11_R28_nuka_cola_classic_t_51_power_armor_paint		Nuka-Cola Classic T-51 Power Armor Paint	0					/wp-content/uploads/season_images/score_s11_skin_powerarmor_paint_t51_nukacolaclassic.avif	Is there a more classic pairing than Nuka-Cola and the ol' Red, White, and Blue?  - SKIN IS CRAFTABLE AT POWER ARMOR STATIONS. -	SCORE_S11_ENTM_Skin_PowerArmor_Paint_T51_NukaColaClassic			28		
11	S11_R28_scout_s_banner		Scout's Banner x 3	0	TRUE				/wp-content/uploads/season_images/utility/score_coen_utility_banner.avif					28		
11	S11_R29_legendary_scrip		Legendary Scrip x 100	0				legendary_scrip	/wp-content/uploads/season_images/utility/score_currency_scrip.avif					29		
11	S11_R30_atoms		Atoms x 150	0				atoms	/wp-content/uploads/season_images/utility/score_currency_atoms.avif					30		
11	S11_R30_nuka_cola_billboard_green		Green Nuka-Cola Billboard	0	TRUE				/wp-content/uploads/season_images/score_s11_camp_lights_greennukacolabillboard.avif	For when you really need to remind everyone of America's favorite soda.  - C.A.M.P. ITEMS APPEAR WHILE IN C.A.M.P. MODE. -	SCORE_S11_ENTM_CAMP_Lights_GreenNukaColaBillboard			30		
11	S11_R31_gold_bullion		Gold Bullion x 100	0				gold_bullion	/wp-content/uploads/season_images/utility/score_currency_bullion.avif					31		
11	S11_R32_large_vault_tec_supply_package		Large Vault-Tec Supply Package	0	TRUE			supply_package	/wp-content/uploads/season_images/utility/score_utility_scrapball_large.avif					32		
11	S11_R32_more_pep_to_your_step_photomode_frame		More Pep to your Step Photomode Frame	0					/wp-content/uploads/season_images/score_s11_photomode_frame_morepeptoyourstep.avif	Add some pep to your step with this frame!  - UNLOCKS A PHOTOMODE FRAME. -	SCORE_S11_ENTM_Photomode_Frame_MorePeptoyourStep			32		
11	S11_R33_nuka_twist_robot_armor_paint		Nuka-Twist Robot Armor Paint	0					/wp-content/uploads/season_images/score_s11_skin_armorskin_robot_nukatwist.avif	Put a Twist on your wardrobe with the Nuka-Twist Robot Armor Paint.  - SKIN IS CRAFTABLE AT ARMOR WORKBENCHES. -	SCORE_S11_ENTM_Skin_ArmorSkin_Robot_NukaTwist			33		
11	S11_R34_nuka_cola_quantum_candy_machine		Nuka-Cola Quantum Candy Machine	0	TRUE				/wp-content/uploads/season_images/score_s11_camp_utility_nukaquantumcandymachine.avif	Enjoy Nuka-Cola Quantum Candy right in your very own C.A.M.P. with this Nuka-Cola Quantum Candy Machine.  - Collects Candy over time -  This item cannot be built inside of a Shelter.  - C.A.M.P. ITEMS APPEAR WHILE IN C.A.M.P. MODE. -	SCORE_S11_ENTM_CAMP_Utility_NukaQuantumCandyMachine			34		
11	S11_R34_perk_card_pack		Perk Card Pack x 1	0				perk_card_pack	/wp-content/uploads/season_images/utility/score_item_perkcardpack.avif					34		
11	S11_R35_lite_ally_leo_petrov		Lite Ally: Leo Petrov	0					/wp-content/uploads/season_images/score_s11_camp_ally_nukaagent_leo.avif	A Nuka-Cola company man through and through. Loyal to the end, and beyond.  - ALLIES  APPEAR ONCE THEIR FURNITURE IS PLACED IN C.A.M.P. MODE. -	SCORE_S11_ENTM_CAMP_Ally_NukaAgent_leo			35		
11	S11_R36_soda_fountain_wall_sign		Soda Fountain Wall Sign	0					/wp-content/uploads/season_images/score_s11_camp_lights_wall_sodafountainwallsign.avif	Show off your Nuka-Cola collection with this one of a kind sign!  - C.A.M.P. ITEMS APPEAR WHILE IN C.A.M.P. MODE. -	SCORE_S11_ENTM_CAMP_Lights_Wall_SodaFountainWallSign			36		
11	S11_R37_scout_s_banner		Scout's Banner x 3	0					/wp-content/uploads/season_images/utility/score_coen_utility_banner.avif					37		
11	S11_R37_stamps		Stamps x 5	0	TRUE				/wp-content/uploads/season_images/utility/score_currency_stamps.avif					37		
11	S11_R38_nuka_cola_classic_excavator_power_armor_paint		Nuka-Cola Classic Excavator Power Armor Paint	0					/wp-content/uploads/season_images/score_s11_skin_powerarmor_paint_excavator_nukacolaclassic.avif	Is there a more classic pairing than Nuka-Cola and the ol' Red, White, and Blue?  - SKIN IS CRAFTABLE AT POWER ARMOR STATIONS. -	SCORE_S11_ENTM_Skin_PowerArmor_Paint_Excavator_NukaColaClassic			38		
11	S11_R39_legendary_module		Legendary Module x 3	0				legendary_module	/wp-content/uploads/season_images/utility/score_game_legendarymodule.avif					39		
11	S11_R40_atoms		Atoms x 150	0				atoms	/wp-content/uploads/season_images/utility/score_currency_atoms.avif					40		
11	S11_R40_pipe_is_life_t_shirt_and_jeans		Pipe Is Life T-shirt & Jeans Outfit	0	TRUE				/wp-content/uploads/season_images/score_s11_apparel_outfit_pipeislifetshirtjeans.avif	Show that you're high on life with this stylish outfit!  - APPAREL IS CRAFTABLE AT ARMOR WORKBENCHES. -	SCORE_S11_ENTM_Apparel_Outfit_PipeIsLifeTshirtJeans			40		
11	S11_R41_caps		Caps x 1000	0				caps	/wp-content/uploads/season_images/utility/score_currency_caps.avif					41		
11	S11_R42_legendary_scrip		Legendary Scrip x 250	0	TRUE			legendary_scrip	/wp-content/uploads/season_images/utility/score_currency_scrip.avif					42		
11	S11_R42_nuka_cola_player_icon		Player Icon: Nuka-Cola	0		playerIcon	Nuka-Cola	player_icon	/wp-content/uploads/guide-images/atom-shop/player-icons/atx_playericon_s11_nukacola.avif	Feel refreshed with every sip.	SCORE_S11_ENTM_PlayerIcon_NukaCola			42		
11	S11_R43_nuka_twist_marine_armor_paint		Nuka-Twist Marine Armor Paint	0					/wp-content/uploads/season_images/score_s11_skin_armorskin_marine_nukatwist.avif	Put a Twist on your wardrobe with the Nuka-Twist Marine Armor Paint.  - SKIN IS CRAFTABLE AT ARMOR WORKBENCHES. -	SCORE_S11_ENTM_Skin_ArmorSkin_Marine_NukaTwist			43		
11	S11_R44_lunchbox		Lunchbox x 3	0	TRUE			lunchbox	/wp-content/uploads/season_images/utility/atx_store_lunchbox001.avif					44		
11	S11_R44_scrap_kit		Scrap Kit x 6	0				scrap_kit	/wp-content/uploads/season_images/utility/atx_utility_repairkit_scraptostash.avif					44		
11	S11_R45_nuka_twist_minigun_paint		Nuka-Twist Paint (Minigun)	0					/wp-content/uploads/season_images/score_s11_skin_weaponskin_minigun_nukatwist.avif	Put a Twist on your weaponry with the Nuka-Twist Paint.  - SKIN IS CRAFTABLE AT WEAPON WORKBENCHES. -	SCORE_S11_ENTM_Skin_WeaponSkin_MiniGun_NukaTwist			45		
11	S11_R46_nuka_cola_quantum_delivery_truck		Nuka-Cola Quantum Delivery Truck	0					/wp-content/uploads/season_images/score_s11_camp_structure_nukaquantumdeliverytruck.avif	Why take a leap when you can instead take a break in the shade of this Nuka-Cola Quantum Delivery Truck?  - C.A.M.P. ITEMS APPEAR WHILE IN C.A.M.P. MODE. -	SCORE_S11_ENTM_CAMP_Structure_NukaQuantumDeliveryTruck			46		
11	S11_R47_gold_bullion		Gold Bullion x 250	0	TRUE			gold_bullion	/wp-content/uploads/season_images/utility/score_currency_bullion.avif					47		
11	S11_R47_stamps		Stamps x 5	0					/wp-content/uploads/season_images/utility/score_currency_stamps.avif					47		
11	S11_R48_nuka_cola_classic_t_60_power_armor_paint		Nuka-Cola Classic T-60 Power Armor Paint	0					/wp-content/uploads/season_images/score_s11_skin_powerarmor_paint_t60_nukacolaclassic.avif	Is there a more classic pairing than Nuka-Cola and the ol' Red, White, and Blue?  - SKIN IS CRAFTABLE AT POWER ARMOR STATIONS. -	SCORE_S11_ENTM_Skin_PowerArmor_Paint_T60_NukaColaClassic			48		
11	S11_R49_atoms		Atoms x 150	0				atoms	/wp-content/uploads/season_images/utility/score_currency_atoms.avif					49		
11	S11_R50_10_score_boost		10% S.C.O.R.E. Boost	0	TRUE			score_booster	/wp-content/uploads/season_images/utility/score_s24_account_scoreboost_1.avif	Gain another 10% bonus S.C.O.R.E. when you complete challenges for the rest of Season 11!  - UNLOCKS BOOST FOR ALL CHARACTERS ON YOUR ACCOUNT. -  - BONUS IS APPLIED TO BASE CHALLENGE S.C.O.R.E.. -  - DOES NOT APPLY TO PREVIOUSLY COMPLETED CHALLENGES. -	SCORE_S11_ENTM_Account_ScoreBoost_2			50		
11	S11_R50_perk_coin		Perk Coin x 25	0				perk_coins	/wp-content/uploads/season_images/utility/score_currency_perkcoin.avif					50		
11	S11_R51_atoms		Atoms x 150	0				atoms	/wp-content/uploads/season_images/utility/score_currency_atoms.avif					51		
11	S11_R52_nuka_cola_plaque		Nuka-Cola Plaque	0					/wp-content/uploads/season_images/score_s11_camp_walldecor_nukacolaplaque.avif	Show off your love of Nuka-Cola with this amazing plaque!  - C.A.M.P. ITEMS APPEAR WHILE IN C.A.M.P. MODE. -	SCORE_S11_ENTM_CAMP_WallDecor_NukaColaPlaque			52		
11	S11_R53_nuclear_keycard		Nuclear Keycard x 5	0	TRUE			nuclear_keycard	/wp-content/uploads/season_images/utility/score_utility_nuclearkeycard.avif					53		
11	S11_R53_nuka_twist_combat_armor_paint		Nuka-Twist Combat Armor Paint	0					/wp-content/uploads/season_images/score_s11_skin_armorskin_combat_nukatwist.avif	Put a Twist on your wardrobe with the Nuka-Twist Combat Armor Paint.  - SKIN IS CRAFTABLE AT ARMOR WORKBENCHES. -	SCORE_S11_ENTM_Skin_ArmorSkin_Combat_NukaTwist			53		
11	S11_R54_nuka_cola_mix_pack		Nuka-Cola Mix-Pack	0					/wp-content/uploads/season_images/utility/score_item_6pack_nukavariety.avif					54		
11	S11_R55_nuka_world_cowboy_chaps		Nuka-World Cowboy Chaps	0					/wp-content/uploads/season_images/score_s11_apparel_outfit_nukacowboychaps.avif	Wrangle up your favorite Nuka-Cola with these Nuka-World Cowboy Chaps!  - APPAREL IS CRAFTABLE AT ARMOR WORKBENCHES. -	SCORE_S11_ENTM_Apparel_Outfit_NukaCowboyChaps			55		
11	S11_R56_factory_cable_spool		Factory Cable Spool	0	TRUE				/wp-content/uploads/season_images/score_s11_camp_floordecor_factorycablespool.avif	Add an industrial look to your C.A.M.P. with the Factory Cable Spool!  - C.A.M.P. ITEMS APPEAR WHILE IN C.A.M.P. MODE. -	SCORE_S11_ENTM_CAMP_FloorDecor_FactoryCableSpool			56		
11	S11_R56_scout_s_banner		Scout's Banner x 3	0					/wp-content/uploads/season_images/utility/score_coen_utility_banner.avif					56		
11	S11_R57_nuka_cola_wagon		Nuka-Cola Wagon	0					/wp-content/uploads/season_images/score_s11_camp_floordecor_nukacolawagon.avif	Everyone needs something to carry their Nuka-Colas with... why not use the Nuka-Cola Wagon!?  - C.A.M.P. ITEMS APPEAR WHILE IN C.A.M.P. MODE. -	SCORE_S11_ENTM_CAMP_FloorDecor_NukaColaWagon			57		
11	S11_R58_nuka_cola_classic_t_65_power_armor_paint		Nuka-Cola Classic T-65 Power Armor Paint	0					/wp-content/uploads/season_images/score_s11_skin_powerarmor_paint_t65_nukacolaclassic.avif	Is there a more classic pairing than Nuka-Cola and the ol' Red, White, and Blue?  - SKIN IS CRAFTABLE AT POWER ARMOR STATIONS. -	SCORE_S11_ENTM_Skin_PowerArmor_Paint_T65_NukaColaClassic			58		
11	S11_R58_stamps		Stamps x 5	0	TRUE				/wp-content/uploads/season_images/utility/score_currency_stamps.avif					58		
11	S11_R59_legendary_module		Legendary Module x 5	0				legendary_module	/wp-content/uploads/season_images/utility/score_game_legendarymodule.avif					59		
11	S11_R60_atoms		Atoms x 150	0				atoms	/wp-content/uploads/season_images/utility/score_currency_atoms.avif					60		
11	S11_R60_gold_bullion		Gold Bullion x 250	0	TRUE			gold_bullion	/wp-content/uploads/season_images/utility/score_currency_bullion.avif					60		
11	S11_R61_legendary_scrip		Legendary Scrip x 250	0				legendary_scrip	/wp-content/uploads/season_images/utility/score_currency_scrip.avif					61		
11	S11_R62_nuka_cola_sleeping_bag		Nuka-Cola Sleeping Bag	0					/wp-content/uploads/season_images/score_s11_camp_bed_sleepingbag_nukacola.avif	Snuggle up in this poppin' Nuka-Cola Sleeping Bag created by everyone's favorite beverage company!  - C.A.M.P. ITEMS APPEAR WHILE IN C.A.M.P. MODE. -	SCORE_S11_ENTM_CAMP_Bed_SleepingBag_NukaCola			62		
11	S11_R63_nuka_twist_secret_service_armor_paint		Nuka-Twist Secret Service Armor Paint	0					/wp-content/uploads/season_images/score_s11_skin_armorskin_secretservice_nukatwist.avif	Put a Twist on your wardrobe with the Nuka-Twist Secret Service Armor Paint.  - SKIN IS CRAFTABLE AT ARMOR WORKBENCHES. -	SCORE_S11_ENTM_Skin_ArmorSkin_SecretService_NukaTwist			63		
11	S11_R63_perk_card_pack		Perk Card Pack x 1	0	TRUE			perk_card_pack	/wp-content/uploads/season_images/utility/score_item_perkcardpack.avif					63		
11	S11_R64_nuka_cola_bed		Nuka-Cola Bed	0	TRUE				/wp-content/uploads/season_images/score_s11_camp_bed_nukacola.avif	Send your dreams blasting into space with this Nuka-Cola bed.   - C.A.M.P. ITEMS APPEAR WHILE IN C.A.M.P. MODE. -	SCORE_S11_ENTM_CAMP_Bed_NukaCola			64		
11	S11_R64_nuka_cola_quantum_player_icon		Player Icon: Nuka-Cola Quantum	0		playerIcon	Nuka-Cola Quantum	player_icon	/wp-content/uploads/guide-images/atom-shop/player-icons/atx_playericon_s11_nukacolaquantum.avif	There is something just so glowing about you.	SCORE_S11_ENTM_PlayerIcon_NukaQuantum			64		
11	S11_R65_nuka_cola_handmade_rifle_paint		Nuka-Twist Handmade Rifle Paint	0					/wp-content/uploads/season_images/score_s11_skin_weaponskin_hmar_nukatwist.avif	Put a Twist on your weaponry with the Nuka-Twist Paint.  - SKIN IS CRAFTABLE AT WEAPON WORKBENCHES. -	SCORE_S11_ENTM_Skin_WeaponSkin_HMAR_NukaTwist			65		
11	S11_R65_scout_s_banner		Scout's Banner x 3	0	TRUE				/wp-content/uploads/season_images/utility/score_coen_utility_banner.avif					65		
11	S11_R66_nuka_cola_bottle_opener_backpack_flair		Nuka-Cola Bottle Opener Backpack Flair	0					/wp-content/uploads/season_images/score_s11_skin_backpackflair_nukacolabottleopener.avif	Open Nuka-Cola bottles anywhere with the trusty bottle opener!  - SKIN IS CRAFTABLE AT WEAPON WORKBENCHES. -	SCORE_S11_ENTM_Skin_BackpackFlair_NukaColaBottleOpener			66		
11	S11_R67_legendary_module		Legendary Module x 3	0	TRUE			legendary_module	/wp-content/uploads/season_images/utility/score_game_legendarymodule.avif					67		
11	S11_R67_perk_card_pack		Perk Card Pack x 1	0				perk_card_pack	/wp-content/uploads/season_images/utility/score_item_perkcardpack.avif					67		
11	S11_R68_nuka_cola_classic_ultracite_power_armor_paint		Nuka-Cola Classic Ultracite Power Armor Paint	0					/wp-content/uploads/season_images/score_s11_skin_powerarmor_paint_ultracite_nukacolaclassic.avif	Is there a more classic pairing than Nuka-Cola and the ol' Red, White, and Blue?  - SKIN IS CRAFTABLE AT POWER ARMOR STATIONS. -	SCORE_S11_ENTM_Skin_PowerArmor_Paint_Ultracite_NukaColaClassic			68		
11	S11_R69_gold_bullion		Gold Bullion x 250	0				gold_bullion	/wp-content/uploads/season_images/utility/score_currency_bullion.avif					69		
11	S11_R70_atoms		Atoms x 150	0				atoms	/wp-content/uploads/season_images/utility/score_currency_atoms.avif					70		
11	S11_R70_legendary_scrip		Legendary Scrip x 250	0	TRUE			legendary_scrip	/wp-content/uploads/season_images/utility/score_currency_scrip.avif					70		
11	S11_R71_nuka_quantum_collectron		Nuka-Cola Quantum Collectron Station	0					/wp-content/uploads/season_images/score_s11_camp_utility_collectron_nukaquantum.avif	Take the leap... Enjoy a Quantum! Don't have any Nuka-Cola Quantum? Let this Collectron find some for you!  This item cannot be built inside of a Shelter.  - C.A.M.P. ITEMS APPEAR WHILE IN C.A.M.P. MODE. -	SCORE_S11_ENTM_CAMP_Utility_Collectron_NukaQuantum			71		
11	S11_R72_nuka_cola_mr_fuzzy		Nuka-Cola Mr. Fuzzy Plushie	0					/wp-content/uploads/season_images/score_s11_camp_floordecor_plushie_nukacolamrfuzzy.avif	A Nuka-Cola fan's collection is not complete without the super cute Nuka-Cola Mr. Fuzzy Plushie in their C.A.M.P!  - C.A.M.P. ITEMS APPEAR WHILE IN C.A.M.P. MODE. -	SCORE_S11_ENTM_CAMP_FloorDecor_Plushie_NukaColaMrFuzzy			72		
11	S11_R73_basic_repair_kit		Basic Repair Kit x 6	0				repair_kit	/wp-content/uploads/season_images/utility/atx_utility_repairkit_basic.avif					73		
11	S11_R73_red_picket_fence		Red Picket Fences	0	TRUE				/wp-content/uploads/season_images/score_s11_camp_defense_redpicketfences.avif	Stand out in Suburbia with these Red Picket Fences.  - C.A.M.P. ITEMS APPEAR WHILE IN C.A.M.P. MODE. -	SCORE_S11_ENTM_CAMP_Defense_RedPicketFences			73		
11	S11_R74_nuka_cherry_player_icon		Player Icon: Nuka-Cherry	0		playerIcon	Nuka-Cherry	player_icon	/wp-content/uploads/guide-images/atom-shop/player-icons/atx_playericon_s11_nukacherry.avif	Nuka-Cola flavor with a cherry on top!	SCORE_S11_ENTM_PlayerIcon_NukaCherry			74		
11	S11_R75_10_score_boost		10% S.C.O.R.E. Boost	0	TRUE			score_booster	/wp-content/uploads/season_images/utility/score_s24_account_scoreboost_1.avif	Gain another 10% bonus S.C.O.R.E. when you complete challenges for the rest of Season 11!  - UNLOCKS BOOST FOR ALL CHARACTERS ON YOUR ACCOUNT. -  - BONUS IS APPLIED TO BASE CHALLENGE S.C.O.R.E.. -  - DOES NOT APPLY TO PREVIOUSLY COMPLETED CHALLENGES. -	SCORE_S11_ENTM_Account_ScoreBoost_3			75		
11	S11_R75_gold_bullion		Gold Bullion x 250	0				gold_bullion	/wp-content/uploads/season_images/utility/score_currency_bullion.avif					75		
11	S11_R76_bottle_backpack		Bottle Backpack	0					/wp-content/uploads/season_images/score_s11_skin_backpack_bottle.avif	Show off your love for Bottle with this stylish new backpack!   - SKIN IS CRAFTABLE AT ARMOR WORKBENCHES. -	SCORE_S11_ENTM_Skin_Backpack_Bottle			76		
11	S11_R77_carry_weight_booster		Carry Weight Booster x 5	0	TRUE			carry_weight_booster	/wp-content/uploads/season_images/utility/score_utility_carryweight.avif					77		
11	S11_R77_lunchbox		Lunchbox x 5	0				lunchbox	/wp-content/uploads/season_images/utility/atx_store_lunchbox001.avif					77		
11	S11_R78_nuka_cola_classic_x_01_power_armor_paint		Nuka-Cola Classic X-01 Power Armor Paint	0					/wp-content/uploads/season_images/score_s11_skin_powerarmor_paint_x01_nukacolaclassic.avif	Is there a more classic pairing than Nuka-Cola and the ol' Red, White, and Blue?  - SKIN IS CRAFTABLE AT POWER ARMOR STATIONS. -	SCORE_S11_ENTM_Skin_PowerArmor_Paint_X01_NukaColaClassic			78		
11	S11_R79_stamps		Stamps x 5	0					/wp-content/uploads/season_images/utility/score_currency_stamps.avif					79		
11	S11_R80_atoms		Atoms x 150	0				atoms	/wp-content/uploads/season_images/utility/score_currency_atoms.avif					80		
11	S11_R80_gold_bullion		Gold Bullion x 250	0	TRUE			gold_bullion	/wp-content/uploads/season_images/utility/score_currency_bullion.avif					80		
11	S11_R81_caps		Caps x 2500	0				caps	/wp-content/uploads/season_images/utility/score_currency_caps.avif					81		
11	S11_R82_3_ball_backpack_flair		3 Ball Backpack Flair	0					/wp-content/uploads/season_images/score_s11_skin_backpackflair_3ball.avif	Hit that corner pocket with this Red 3 Billard Ball flair!  - SKIN IS CRAFTABLE AT WEAPON WORKBENCHES. -	SCORE_S11_ENTM_Skin_BackpackFlair_3Ball			82		
11	S11_R83_perk_card_pack		Perk Card Pack x 1	0	TRUE			perk_card_pack	/wp-content/uploads/season_images/utility/score_item_perkcardpack.avif					83		
11	S11_R83_walnut_panel_wallpaper		Walnut Panel Wallpaper	0					/wp-content/uploads/season_images/score_s11_camp_wallpaper_walnutpanel.avif	This rich Walnut Panelled wallpaper is perfect for your C.A.M.P.  - WALLPAPER ITEMS APPEAR WHILE IN C.A.M.P. EDIT MODE. -	SCORE_S11_ENTM_CAMP_WallPaper_WalnutPanel			83		
11	S11_R84_tire_swing_tree		Tire Swing Tree	0					/wp-content/uploads/season_images/score_s11_camp_furniture_tireswingtree.avif	Time to release your inner child with the Tire Swing Tree!  - C.A.M.P. ITEMS APPEAR WHILE IN C.A.M.P. MODE. -	SCORE_S11_ENTM_CAMP_Furniture_TireSwingTree			84		
11	S11_R85_basic_repair_kit		Basic Repair Kit x 5	0	TRUE			repair_kit	/wp-content/uploads/season_images/utility/atx_utility_repairkit_basic.avif					85		
11	S11_R85_nuka_launcher		Nuka-Launcher Crafting	0					/wp-content/uploads/season_images/score_s11_weapons_nukalauncher.avif	Make Nuka-Cola's explosion of flavors literal when you learn to craft the Nuka-Launcher!  - ITEM IS CRAFTABLE AT WEAPON WORKBENCHES. -	SCORE_S11_ENTM_Weapons_NukaLauncher			85		
11	S11_R86_nuka_world_ticket_booth		Nuka-World on Tour Ticket Booth	0	TRUE				/wp-content/uploads/season_images/score_s11_camp_floordecor_nwot_ticketbooth.avif	Hand out your tickets for Nuka-fun with the Nuka-World on Tour Ticket Booth!  - C.A.M.P. ITEMS APPEAR WHILE IN C.A.M.P. MODE. -	SCORE_S11_ENTM_CAMP_FloorDecor_NWOT_TicketBooth			86		
11	S11_R86_scout_s_banner		Scout's Banner x 3	0					/wp-content/uploads/season_images/utility/score_coen_utility_banner.avif					86		
11	S11_R87_nuka_twist_secret_service_underarmor_paint		Nuka-Twist Secret Service Underarmor	0					/wp-content/uploads/season_images/score_s11_apparel_underarmor_secretservice_nukatwist.avif	Put a Twist on your wardrobe with the Nuka-Twist Secret Service Underarmor.  (Requires the Secret Service Underarmor Plan to be learned.)  This item is worn under your armor and is in the Secret Service mod group.  - APPAREL IS CRAFTABLE AT ARMOR WORKBENCHES. -	SCORE_S11_ENTM_Apparel_Underarmor_SecretService_NukaTwist			87		
11	S11_R88_nuka_cola_classic_hellcat_power_armor_paint		Nuka-Cola Classic Hellcat Power Armor Paint	0					/wp-content/uploads/season_images/score_s11_skin_powerarmor_paint_hellcat_nukacolaclassic.avif	Is there a more classic pairing than Nuka-Cola and the ol' Red, White, and Blue?  - SKIN IS CRAFTABLE AT POWER ARMOR STATIONS. -	SCORE_S11_ENTM_Skin_PowerArmor_Paint_Hellcat_NukaColaClassic			88		
11	S11_R88_stamps		Stamps x 5	0	TRUE				/wp-content/uploads/season_images/utility/score_currency_stamps.avif					88		
11	S11_R89_nuka_blitz_arcade_dart_machine		Nuka-Blitz Arcade Dart Machine	0					/wp-content/uploads/season_images/score_s11_camp_furniture_nukacolaarcadedartmachine.avif	Practice your aim with the Nuka-Blitz Arcade Dart Machine!  - C.A.M.P. ITEMS APPEAR WHILE IN C.A.M.P. MODE. -	SCORE_S11_ENTM_CAMP_Furniture_NukaColaArcadeDartMachine			89		
11	S11_R90_atoms		Atoms x 150	0				atoms	/wp-content/uploads/season_images/utility/score_currency_atoms.avif					90		
11	S11_R90_scout_s_banner		Scout's Banner x 3	0	TRUE				/wp-content/uploads/season_images/utility/score_coen_utility_banner.avif					90		
11	S11_R91_gold_bullion		Gold Bullion x 250	0				gold_bullion	/wp-content/uploads/season_images/utility/score_currency_bullion.avif					91		
11	S11_R92_legendary_scrip		Legendary Scrip x 250	0				legendary_scrip	/wp-content/uploads/season_images/utility/score_currency_scrip.avif					92		
11	S11_R93_nuka_world_on_tour_stein		Nuka-World on Tour Stein	0					/wp-content/uploads/season_images/score_s11_camp_floordecor_stein_nukaworld.avif	Send your taste buds on a trip to a World of Refreshment with the Nuka-World On Tour Stein.  - C.A.M.P. ITEMS APPEAR WHILE IN C.A.M.P. MODE. -	SCORE_S11_ENTM_CAMP_FloorDecor_Stein_NukaWorld			93		
11	S11_R93_perk_card_pack		Perk Card Pack x 1	0	TRUE			perk_card_pack	/wp-content/uploads/season_images/utility/score_item_perkcardpack.avif					93		
11	S11_R94_hills_are_alive_emote		Hills are Alive Emote	0					/wp-content/uploads/guide-images/atom-shop/emotes/The Hills Are Alive.webp	Find the music all across Appalachia!  - UNLOCKS AN EMOTE OPTION. -	SCORE_S11_ENTM_Emotes_HillsAreAlive			94		
11	S11_R95_perk_coin		Perk Coin x 50	0				perk_coins	/wp-content/uploads/season_images/utility/score_currency_perkcoin.avif					95		
11	S11_R95_abandoned_prison_car		Prison Car	0	TRUE				/wp-content/uploads/season_images/score_s11_camp_structure_prisoncar.avif	Live out your inmate life in this Prison Car! Prison Car door is included and built separately.  - C.A.M.P. ITEMS APPEAR WHILE IN C.A.M.P. MODE. -	SCORE_S11_ENTM_CAMP_Structure_PrisonCar			95		
11	S11_R96_herringbone_red_brick_floor		Herringbone Red Brick Floor and Foundations	0					/wp-content/uploads/season_images/score_s11_camp_floor_herringboneredbrick.avif	Give your floors a classic look with the Herringbone Red Brick Flooring and Foundations.  - C.A.M.P. ITEMS APPEAR WHILE IN C.A.M.P. MODE. -	SCORE_S11_ENTM_CAMP_Floor_HerringboneRedBrick			96		
11	S11_R97_gold_bullion		Gold Bullion x 250	0	TRUE			gold_bullion	/wp-content/uploads/season_images/utility/score_currency_bullion.avif					97		
11	S11_R97_legendary_module		Legendary Module x 5	0				legendary_module	/wp-content/uploads/season_images/utility/score_game_legendarymodule.avif					97		
11	S11_R98_nuka_twist_mr_fuzzy_plushie		Nuka-Twist Mr. Fuzzy Plushie	0					/wp-content/uploads/season_images/score_s11_camp_floordecor_plushie_nukatwistmrfuzzy.avif	Looks like Mr. Fuzzy is really into Nuka-Cola Twist! Give your C.A.M.P an adorable addition, with the Nuka-Twist Mr. Fuzzy Plushie!  - C.A.M.P. ITEMS APPEAR WHILE IN C.A.M.P. MODE. -	SCORE_S11_ENTM_CAMP_FloorDecor_Plushie_NukaTwistMrFuzzy			98		
11	S11_R99_cappy_hot_tub		Cappy Hot Tub	0					/wp-content/uploads/season_images/score_s11_camp_furniture_cappyhottub.avif	Jump inside this Cappy soaking tub and let your stress just melt away...  - C.A.M.P. ITEMS APPEAR WHILE IN C.A.M.P. MODE. -	SCORE_S11_ENTM_CAMP_Furniture_CappyHotTub			99		
11	S11_R100_atoms		Atoms x 500	0				atoms	/wp-content/uploads/season_images/utility/score_currency_atoms.avif					100		
11	S11_R100_framed_nuka_world_gameboard		Nuka World On Tour Gameboard	0					/wp-content/uploads/season_images/score_s11_camp_walldecor_s11board_nukaworld.avif	Crack open a Nuka Cola and reminisce over your adventures in Nuka World.  - C.A.M.P. ITEMS APPEAR WHILE IN C.A.M.P. MODE. -	SCORE_S11_ENTM_CAMP_WallDecor_S11Board_NukaWorld			100		
11	S11_R100_nuka_quantum_mr_fuzzy_plushie		Nuka-Cola Quantum Mr. Fuzzy Plushie	0	TRUE				/wp-content/uploads/season_images/score_s11_camp_floordecor_plushie_nukaquantummrfuzzy.avif	Mr. Fuzzy took the leap and enjoyed a Quantum! Give your C.A.M.P an adorable addition, with the Nuka-Cola Quantum Mr Fuzzy Plushie!  - C.A.M.P. ITEMS APPEAR WHILE IN C.A.M.P. MODE. -	SCORE_S11_ENTM_CAMP_FloorDecor_Plushie_NukaQuantumMrFuzzy			100		
11	S11_R100_nuka_world_player_icon		Player Icon: Nuka World	0		playerIcon	Nuka World	player_icon	/wp-content/uploads/guide-images/atom-shop/player-icons/atx_playericon_s11_nukaworld.avif	Nuka World has never looked so poppin'!	SCORE_S11_ENTM_PlayerIcon_NukaWorld			100		
11	S11_R100_rough_patch_planter_kit		Rough Patch Planter Kit	0					/wp-content/uploads/season_images/score_s11_camp_utility_planterfoundationkit.avif	Not enough space to plant your crops? Get over that rough patch with this Rough Patch!  This item cannot be built inside of a Shelter.  - C.A.M.P. ITEMS APPEAR WHILE IN C.A.M.P. MODE. -	SCORE_S11_ENTM_CAMP_Utility_PlanterFoundationKit			100		
11	S11_P10_skin_backpack_emptycase		Empty Case Backpack	0					/wp-content/uploads/season_images/score_s11_skin_backpack_emptycase.webp	This skin can be applied to both the Small and Standard Backpack as a mod.   - SKIN IS CRAFTABLE AT ARMOR WORKBENCHES. -	SCORE_S11_ENTM_Skin_Backpack_EmptyCase					
11	S11_P11_skin_weaponmodel_chainsaw_jackhammerdrill		Jackhammer Drill (Chainsaw)	0					/wp-content/uploads/season_images/score_s11_skin_weaponmodel_chainsaw_jackhammerdrill.webp	For when you really need to tighten the screws.  - SKIN IS CRAFTABLE AT WEAPON WORKBENCHES. -	SCORE_S11_ENTM_Skin_WeaponModel_Chainsaw_JackhammerDrill					
11	S11_P9_camp_walldecor_paintingchrysluscherrybomb		Painting Chryslus Cherry Bomb	0					/wp-content/uploads/season_images/score_s11_camp_walldecor_paintingchrysluscherrybomb.webp	- C.A.M.P. ITEMS APPEAR WHILE IN C.A.M.P. MODE. -	SCORE_S11_ENTM_CAMP_WallDecor_PaintingChryslusCherryBomb					
11	S11_P2_apparel_headwear_sodajerkcap		Soda Jerk Cap	0					/wp-content/uploads/season_images/score_s11_apparel_headwear_sodajerkcap.webp	- APPAREL IS CRAFTABLE AT ARMOR WORKBENCHES. -	SCORE_S11_ENTM_Apparel_Headwear_SodaJerkCap					
11	S11_P2_apparel_outfit_sodajerkdress		Soda Jerk Dress Outfit	0					/wp-content/uploads/season_images/score_s11_apparel_outfit_sodajerkdress.webp	- APPAREL IS CRAFTABLE AT ARMOR WORKBENCHES. -	SCORE_S11_ENTM_Apparel_Outfit_SodaJerkDress					
11	S11_P2_apparel_headwear_sodajerkhat		Soda Jerk Hat	0					/wp-content/uploads/season_images/score_s11_apparel_headwear_sodajerkhat.webp	- APPAREL IS CRAFTABLE AT ARMOR WORKBENCHES. -	SCORE_S11_ENTM_Apparel_Headwear_SodaJerkHat					
11	S11_P2_apparel_outfit_sodajerkuniform		Soda Jerk Uniform Outfit	0					/wp-content/uploads/season_images/score_s11_apparel_outfit_sodajerkuniform.webp	- APPAREL IS CRAFTABLE AT ARMOR WORKBENCHES. -	SCORE_S11_ENTM_Apparel_Outfit_SodaJerkUniform					
12	S12_R2_perfect_bubblegum		Perfect Bubblegum x 3	0	TRUE			perfect_bubblegum	/wp-content/uploads/season_images/utility/score_utility_bubblegumperfect.avif					2		
12	S12_R2_re_roller		Re-Roller x 1	0					/wp-content/uploads/season_images/utility/score_utility_reroller.avif					2		
12	S12_R3_daring_adventure_leather_armor_paint		Daring Adventure Leather Armor Paint	0					/wp-content/uploads/season_images/score_s12_skin_armorskin_leather_daringadventure.avif	Suit up for your next journey with the Daring Adventure Leather Armor Paint!  - SKIN IS CRAFTABLE AT ARMOR WORKBENCHES. -	SCORE_S12_ENTM_Skin_ArmorSkin_Leather_DaringAdventure			3		
12	S12_R4_mothman_moon_player_icon		Player Icon: Mothman Moon	0	TRUE	playerIcon	Mothman Moon	player_icon	/wp-content/uploads/guide-images/atom-shop/player-icons/atx_playericon_s12_mothmanmoon.avif	The man. The moth. The legend.  - UNLOCKS A PLAYER ICON. -	SCORE_S12_ENTM_PlayerIcon_MothmanMoon			4		
12	S12_R4_percival_player_icon		Player Icon: Percival	0		playerIcon	Percival	player_icon	/wp-content/uploads/guide-images/atom-shop/player-icons/atx_playericon_s12_percival.avif	Rip Daring's personal butler, tailor, navigator and monster lure!	SCORE_S12_ENTM_PlayerIcon_PercivalIcon			4		
12	S12_R5_cold_shoulder		Cold Shoulder	0					/wp-content/uploads/season_images/score_s12_weapons_coldshoulder.avif	Rip Daring's signature weapon. Freeze cryptids in their tracks with this icy cold shotgun.  - ITEM IS CRAFTABLE AT WEAPON WORKBENCHES. -	SCORE_S12_ENTM_Weapons_ColdShoulder			5		
12	S12_R6_carry_weight_booster		Carry Weight Booster x 3	0	TRUE			carry_weight_booster	/wp-content/uploads/season_images/utility/score_utility_carryweight.avif					6		
12	S12_R6_medium_vault_tec_supply_package		Medium Vault-Tec Supply Package	0				supply_package	/wp-content/uploads/season_images/utility/score_utility_scrapball_medium.avif					6		
12	S12_R7_on_the_hunt_poster		"Rip Daring ""On The Hunt"" Poster"	0					/wp-content/uploads/season_images/score_s12_camp_walldecor_poweredposter_ripdaring01.avif	Decorate your wall with this absolutely ripping Rip Daring powered poster!  - C.A.M.P. ITEMS APPEAR WHILE IN C.A.M.P. MODE. -	SCORE_S12_ENTM_CAMP_WallDecor_PoweredPoster_RipDaring01			7		
12	S12_R8_lunchbox		Lunchbox x 3	0	TRUE			lunchbox	/wp-content/uploads/season_images/utility/atx_store_lunchbox001.avif					8		
12	S12_R8_sheepsquatch_t_45_power_armor_paint		Sheepsquatch T-45 Power Armor Paint	0					/wp-content/uploads/season_images/score_s12_skin_powerarmor_paint_t45_sheepsquatch.avif	Inspire shear terror in your enemies with this Sheepsquatch Power Armor Paint!  - SKIN IS CRAFTABLE AT POWER ARMOR STATIONS. -	SCORE_S12_ENTM_Skin_PowerArmor_Paint_T45_Sheepsquatch			8		
12	S12_R9_legendary_module		Legendary Module x 3	0				legendary_module	/wp-content/uploads/season_images/utility/score_game_legendarymodule.avif					9		
12	S12_R10_atoms		Atoms x 150	0				atoms	/wp-content/uploads/season_images/utility/score_currency_atoms.avif					10		
12	S12_R10_rip_daring_the_chase_poster		"Rip Daring ""The Chase"" Poster"	0	TRUE				/wp-content/uploads/season_images/score_s12_camp_walldecor_poweredposter_ripdaring02.avif	Decorate your wall with this absolutely ripping Rip Daring powered poster!  - C.A.M.P. ITEMS APPEAR WHILE IN C.A.M.P. MODE. -	SCORE_S12_ENTM_CAMP_WallDecor_PoweredPoster_RipDaring02			10		
12	S12_R11_caps		Caps x 500	0				caps	/wp-content/uploads/season_images/utility/score_currency_caps.avif					11		
12	S12_R12_firewood_pile		Firewood Pile	0					/wp-content/uploads/season_images/score_s12_camp_utility_firewoodpile.avif	When you need to throw another log on the fire just reach for this handy Firewood Pile!  - Collects Wood over time -  This item cannot be built inside of a Shelter.  - C.A.M.P. ITEMS APPEAR WHILE IN C.A.M.P. MODE. -	SCORE_S12_ENTM_CAMP_Utility_FirewoodPile			12		
12	S12_R12_legendary_scrip		Legendary Scrip x 100	0	TRUE			legendary_scrip	/wp-content/uploads/season_images/utility/score_currency_scrip.avif					12		
12	S12_R13_daring_adventure_metal_armor_paint		Daring Adventure Metal Armor Paint	0					/wp-content/uploads/season_images/score_s12_skin_armorskin_metal_daringadventure.avif	Suit up for your next journey with the Daring Adventure Metal Armor Paint!  - SKIN IS CRAFTABLE AT ARMOR WORKBENCHES. -	SCORE_S12_ENTM_Skin_ArmorSkin_Metal_DaringAdventure			13		
12	S12_R14_taxidermy_tinker_s_workbench		Taxidermy Tinker's Workbench	0					/wp-content/uploads/season_images/score_s12_camp_machinery_workbench_tinker_taxidermy.avif	For the tinkers who enjoy fur, leather, bones, and feathers.  Requires the Tinker's Workbench to be Learned.  - C.A.M.P. ITEMS APPEAR WHILE IN C.A.M.P. MODE. -	SCORE_S12_ENTM_CAMP_Machinery_Workbench_Tinker_Taxidermy			14		
12	S12_R15_5_score_boost		5% S.C.O.R.E. Boost	0	TRUE			score_booster	/wp-content/uploads/season_images/utility/score_s24_account_scoreboost_1.avif	Gain 5% bonus S.C.O.R.E. when you complete challenges for the rest of Season 12!  - UNLOCKS BOOST FOR ALL CHARACTERS ON YOUR ACCOUNT. -  - BONUS IS APPLIED TO BASE CHALLENGE S.C.O.R.E. -  - DOES NOT APPLY TO PREVIOUSLY COMPLETED CHALLENGES. -	SCORE_S12_ENTM_Account_ScoreBoost_1			15		
12	S12_R15_nuka_cola_6_pack		Nuka-Cola 6-Pack	0					/wp-content/uploads/season_images/utility/score_item_6pack_nuka-cola.avif					15		
12	S12_R16_stamps		Stamps x 5	0					/wp-content/uploads/season_images/utility/score_currency_stamps.avif					16		
12	S12_R17_flatwoods_sign		Flatwoods Sign	0					/wp-content/uploads/season_images/score_s12_camp_walldecor_homeofthecryptidsign.avif	Welcome to Flatwoods, home of the Green Monster.  - C.A.M.P. ITEMS APPEAR WHILE IN C.A.M.P. MODE. -	SCORE_S12_ENTM_CAMP_WallDecor_HomeOfTheCryptidSign			17		
12	S12_R18_legendary_module		Legendary Module x 5	0	TRUE			legendary_module	/wp-content/uploads/season_images/utility/score_game_legendarymodule.avif					18		
12	S12_R18_sheepsquatch_excavator_power_armor_paint		Sheepsquatch Excavator Power Armor Paint	0					/wp-content/uploads/season_images/score_s12_skin_powerarmor_paint_excavator_sheepsquatch.avif	Inspire shear terror in your enemies with this Sheepsquatch Power Armor Paint!  - SKIN IS CRAFTABLE AT POWER ARMOR STATIONS. -	SCORE_S12_ENTM_Skin_PowerArmor_Paint_Excavator_Sheepsquatch			18		
12	S12_R19_curios_sign		Curios Sign	0	TRUE				/wp-content/uploads/season_images/score_s12_camp_walldecor_curiossign.avif	Display your passion for the strange and curious with this Curios Sign!  - C.A.M.P. ITEMS APPEAR WHILE IN C.A.M.P. MODE. -	SCORE_S12_ENTM_CAMP_WallDecor_CuriosSign			19		
12	S12_R19_scout_s_banner		Scout's Banner x 3	0					/wp-content/uploads/season_images/utility/score_coen_utility_banner.avif					19		
12	S12_R20_atoms		Atoms x 150	0				atoms	/wp-content/uploads/season_images/utility/score_currency_atoms.avif					20		
12	S12_R21_caps		Caps x 1000	0				caps	/wp-content/uploads/season_images/utility/score_currency_caps.avif					21		
12	S12_R21_gold_bullion		Gold Bullion x 100	0	TRUE			gold_bullion	/wp-content/uploads/season_images/utility/score_currency_bullion.avif					21		
12	S12_R22_mounted_grafton_monster_arm		Mounted Grafton Monster Arm	0					/wp-content/uploads/season_images/score_s12_camp_walldecor_mountedgraftonmonsterarm.avif	Go ahead, give yourself a hand with this Mounted Grafton Monster Arm!  - C.A.M.P. ITEMS APPEAR WHILE IN C.A.M.P. MODE. -	SCORE_S12_ENTM_CAMP_WallDecor_MountedGraftonMonsterArm			22		
12	S12_R23_daring_adventure_robot_armor_paint		Daring Adventure Robot Armor Paint	0					/wp-content/uploads/season_images/score_s12_skin_armorskin_robot_daringadventure.avif	Suit up for your next journey with the Daring Adventure Robot Armor Paint!  - SKIN IS CRAFTABLE AT ARMOR WORKBENCHES. -	SCORE_S12_ENTM_Skin_ArmorSkin_Robot_DaringAdventure			23		
12	S12_R23_perk_card_pack		Perk Card Pack x 1	0	TRUE			perk_card_pack	/wp-content/uploads/season_images/utility/score_item_perkcardpack.avif					23		
12	S12_R24_bubblegum_guinevere_player_icon		Player Icon: Bubblegum Guinevere	0		playerIcon	Bubblegum Guinevere	player_icon	/wp-content/uploads/guide-images/atom-shop/player-icons/atx_playericon_s12_guineveregum.avif	As equally skilled at medicine as she is at deflecting Rip!	SCORE_S12_ENTM_PlayerIcon_GuinevereIcon			24		
12	S12_R25_smiling_man_bandana		Smile Bandana Mask	0					/wp-content/uploads/season_images/score_s12_apparel_headwear_mask_smilebandana.avif	Put on a happy face with the Smile Bandana Mask.  - APPAREL IS CRAFTABLE AT ARMOR WORKBENCHES. -	SCORE_S12_ENTM_Apparel_Headwear_Mask_SmileBandana			25		
12	S12_R26_nuka_cola_twist_6_pack		Nuka-Cola Twist 6-Pack	0					/wp-content/uploads/season_images/utility/score_item_6pack_nuka-twist.avif					26		
12	S12_R26_tales_from_the_west_virginia_hills_posters		Tales from the West Virginia Hills Poster	0	TRUE				/wp-content/uploads/season_images/score_s12_camp_walldecor_talesposter.avif	Display your love for West Virginian folklore with this Tales from the West Virginia Hills poster!  - C.A.M.P. ITEMS APPEAR WHILE IN C.A.M.P. MODE. -	SCORE_S12_ENTM_CAMP_WallDecor_TalesPoster			26		
12	S12_R27_the_shot_poster		"Rip Daring ""The Shot"" Poster"	0					/wp-content/uploads/season_images/score_s12_camp_walldecor_poweredposter_ripdaring03.avif	Decorate your wall with this absolutely ripping Rip Daring powered poster!  - C.A.M.P. ITEMS APPEAR WHILE IN C.A.M.P. MODE. -	SCORE_S12_ENTM_CAMP_WallDecor_PoweredPoster_RipDaring03			27		
12	S12_R28_scout_s_banner		Scout's Banner x 3	0	TRUE				/wp-content/uploads/season_images/utility/score_coen_utility_banner.avif					28		
12	S12_R28_sheepsquatch_t_51_power_armor_paint		Sheepsquatch T-51 Power Armor Paint	0					/wp-content/uploads/season_images/score_s12_skin_powerarmor_paint_t51_sheepsquatch.avif	Inspire shear terror in your enemies with this Sheepsquatch Power Armor Paint!  - SKIN IS CRAFTABLE AT POWER ARMOR STATIONS. -	SCORE_S12_ENTM_Skin_PowerArmor_Paint_T51_Sheepsquatch			28		
12	S12_R29_legendary_scrip		Legendary Scrip x 100	0				legendary_scrip	/wp-content/uploads/season_images/utility/score_currency_scrip.avif					29		
12	S12_R30_atoms		Atoms x 150	0				atoms	/wp-content/uploads/season_images/utility/score_currency_atoms.avif					30		
12	S12_R30_hogtied_hunter_photomode_frame		Hogtied Hunter Photomode Frame	0	TRUE				/wp-content/uploads/season_images/score_s12_photomode_frame_hogtied.avif	The perfect frame for those moments when the hunt doesn't go as planned.  - UNLOCKS A PHOTOMODE FRAME. -	SCORE_S12_ENTM_Photomode_Frame_Hogtied			30		
12	S12_R31_gold_bullion		Gold Bullion x 100	0				gold_bullion	/wp-content/uploads/season_images/utility/score_currency_bullion.avif					31		
12	S12_R32_legendary_module		Legendary Module x 5	0	TRUE			legendary_module	/wp-content/uploads/season_images/utility/score_game_legendarymodule.avif					32		
12	S12_R32_on_the_hunt_photomode_frame		On The Hunt Photomode Frame	0					/wp-content/uploads/season_images/score_s12_photomode_frame_onthehunt.avif	Be very quiet. I'm hunting cryptids.  - UNLOCKS A PHOTOMODE FRAME. -	SCORE_S12_ENTM_Photomode_Frame_OnTheHunt			32		
12	S12_R33_daring_adventure_marine_armor_paint		Daring Adventure Marine Armor Paint	0					/wp-content/uploads/season_images/score_s12_skin_armorskin_marine_daringadventure.avif	Suit up for your next journey with the Daring Adventure Marine Armor Paint!  - SKIN IS CRAFTABLE AT ARMOR WORKBENCHES. -	SCORE_S12_ENTM_Skin_ArmorSkin_Marine_DaringAdventure			33		
12	S12_R34_stamps		Stamps x 5	0	TRUE				/wp-content/uploads/season_images/utility/score_currency_stamps.avif					34		
12	S12_R34_whirly_bird_hat		Whirly Bird Hat	0					/wp-content/uploads/season_images/score_s12_apparel_headwear_whirlybirdhat.avif	Go ahead, take it for a spin!  - APPAREL IS CRAFTABLE AT ARMOR WORKBENCHES. -	SCORE_S12_ENTM_Apparel_Headwear_WhirlyBirdHat			34		
12	S12_R35_lite_ally_steven_scarberry		Lite Ally: Steven Scarberry	0					/wp-content/uploads/season_images/score_s12_camp_ally_scarberry.avif	Welcome Brother Steven into your C.A.M.P. and may the blessings of the Mothman be upon you.   - ALLIES  APPEAR ONCE THEIR FURNITURE IS PLACED IN C.A.M.P. MODE. -	SCORE_S12_ENTM_CAMP_Ally_Scarberry			35		
12	S12_R36_lunchbox		Lunchbox x 3	0				lunchbox	/wp-content/uploads/season_images/utility/atx_store_lunchbox001.avif					36		
12	S12_R36_re_roller		Re-Roller x 3	0	TRUE				/wp-content/uploads/season_images/utility/score_utility_reroller.avif					36		
12	S12_R37_mothman_sculpture_lamp		Mothman Sculpture Lamp	0					/wp-content/uploads/season_images/score_s12_camp_lights_mothmansculpturelamp.avif	Bring a little divine light into your C.A.M.P. with this Mothman Sculpture Lamp.  - C.A.M.P. ITEMS APPEAR WHILE IN C.A.M.P. MODE. -	SCORE_S12_ENTM_CAMP_Lights_MothmanSculptureLamp			37		
12	S12_R38_sheepsquatch_t_60_power_armor_paint		Sheepsquatch T-60 Power Armor Paint	0					/wp-content/uploads/season_images/score_s12_skin_powerarmor_paint_t60_sheepsquatch.avif	Inspire shear terror in your enemies with this Sheepsquatch Power Armor Paint!  - SKIN IS CRAFTABLE AT POWER ARMOR STATIONS. -	SCORE_S12_ENTM_Skin_PowerArmor_Paint_T60_Sheepsquatch			38		
12	S12_R38_stone_fireplace		Stone Fireplace	0	TRUE				/wp-content/uploads/season_images/score_s12_camp_lights_stonefireplace.avif	Warm up from your Wasteland adventures next to your very own Stone Fireplace.  Includes optional extension piece to increase the height of the fireplace.  - C.A.M.P. ITEMS APPEAR WHILE IN C.A.M.P. MODE. -	SCORE_S12_ENTM_CAMP_Lights_StoneFireplace			38		
12	S12_R39_legendary_module		Legendary Module x 3	0				legendary_module	/wp-content/uploads/season_images/utility/score_game_legendarymodule.avif					39		
12	S12_R40_atoms		Atoms x 150	0				atoms	/wp-content/uploads/season_images/utility/score_currency_atoms.avif					40		
12	S12_R40_gold_paint_cold_shoulder		Gold Paint (Cold Shoulder)	0	TRUE				/wp-content/uploads/season_images/score_s12_skin_weaponskin_coldshoulder_gold.avif	Be in a league of your own with this specialty  Gold paint for the Cold Shoulder.  - SKIN IS CRAFTABLE AT WEAPON WORKBENCHES. -	SCORE_S12_ENTM_Skin_WeaponSkin_ColdShoulder_Gold			40		
12	S12_R41_caps		Caps x 1000	0				caps	/wp-content/uploads/season_images/utility/score_currency_caps.avif					41		
12	S12_R42_legendary_scrip		Legendary Scrip x 250	0	TRUE			legendary_scrip	/wp-content/uploads/season_images/utility/score_currency_scrip.avif					42		
12	S12_R42_sheepsquatch_player_icon		Player Icon: Sheepsquatch Icon	0		playerIcon	Sheepsquatch Icon	player_icon	/wp-content/uploads/guide-images/atom-shop/player-icons/atx_playericon_s12_sheepsquatch.avif	Shear terror: White, wooly, man-sheep spotted in West Virginia!	SCORE_S12_ENTM_PlayerIcon_SheepsquatchIcon			42		
12	S12_R43_daring_adventure_combat_armor_paint		Daring Adventure Combat Armor Paint	0					/wp-content/uploads/season_images/score_s12_skin_armorskin_combat_daringadventure.avif	Suit up for your next journey with the Daring Adventure Combat Armor Paint!  - SKIN IS CRAFTABLE AT ARMOR WORKBENCHES. -	SCORE_S12_ENTM_Skin_ArmorSkin_Combat_DaringAdventure			43		
12	S12_R44_hunter_s_throne_chair		Hunter's Throne Chair	0					/wp-content/uploads/season_images/score_s12_camp_furniture_chair_huntersthrone.avif	Sit down and relax after the hunt on the Hunter's Throne Chair!  - C.A.M.P. ITEMS APPEAR WHILE IN C.A.M.P. MODE. -	SCORE_S12_ENTM_CAMP_Furniture_Chair_HuntersThrone			44		
12	S12_R44_lunchbox		Lunchbox x 3	0	TRUE			lunchbox	/wp-content/uploads/season_images/utility/atx_store_lunchbox001.avif					44		
12	S12_R45_rip_daring_deadliest_predator_poster		"Rip Daring ""Deadliest Predator"" Poster"	0					/wp-content/uploads/season_images/score_s12_camp_walldecor_poweredposter_ripdaring04.avif	Decorate your wall with this absolutely ripping Rip Daring powered poster!  - C.A.M.P. ITEMS APPEAR WHILE IN C.A.M.P. MODE. -	SCORE_S12_ENTM_CAMP_WallDecor_PoweredPoster_RipDaring04			45		
12	S12_R46_gold_bullion		Gold Bullion x 250	0	TRUE			gold_bullion	/wp-content/uploads/season_images/utility/score_currency_bullion.avif					46		
12	S12_R46_large_vault_tec_supply_package		Large Vault-Tec Supply Package	0				supply_package	/wp-content/uploads/season_images/utility/score_utility_scrapball_large.avif					46		
12	S12_R47_nuka_cola_sheet_tent		Nuka-Cola Sheet Tent	0	TRUE									47		
12	S12_R47_re_roller		Re-Roller x 3	0					/wp-content/uploads/season_images/utility/score_utility_reroller.avif					47		
12	S12_R48_sheepsquatch_x_01_power_armor_paint		Sheepsquatch X-01 Power Armor Paint	0					/wp-content/uploads/season_images/score_s12_skin_powerarmor_paint_x01_sheepsquatch.avif	Inspire shear terror in your enemies with this Sheepsquatch Power Armor Paint!  - SKIN IS CRAFTABLE AT POWER ARMOR STATIONS. -	SCORE_S12_ENTM_Skin_PowerArmor_Paint_X01_Sheepsquatch			48		
12	S12_R49_atoms		Atoms x 150	0				atoms	/wp-content/uploads/season_images/utility/score_currency_atoms.avif					49		
12	S12_R49_legendary_module		Legendary Module x 5	0	TRUE			legendary_module	/wp-content/uploads/season_images/utility/score_game_legendarymodule.avif					49		
12	S12_R50_10_score_boost		10% S.C.O.R.E. Boost	0	TRUE			score_booster	/wp-content/uploads/season_images/utility/score_s24_account_scoreboost_1.avif	Gain another 10% bonus S.C.O.R.E. when you complete challenges for the rest of Season 12!  - UNLOCKS BOOST FOR ALL CHARACTERS ON YOUR ACCOUNT. -  - BONUS IS APPLIED TO BASE CHALLENGE S.C.O.R.E.. -  - DOES NOT APPLY TO PREVIOUSLY COMPLETED CHALLENGES. -	SCORE_S12_ENTM_Account_ScoreBoost_2			50		
12	S12_R50_perk_coin		Perk Coin x 25	0				perk_coins	/wp-content/uploads/season_images/utility/score_currency_perkcoin.avif					50		
12	S12_R51_atoms		Atoms x 150	0				atoms	/wp-content/uploads/season_images/utility/score_currency_atoms.avif					51		
12	S12_R52_carry_weight_booster		Carry Weight Booster x 5	0	TRUE			carry_weight_booster	/wp-content/uploads/season_images/utility/score_utility_carryweight.avif					52		
12	S12_R52_radstag_field_dressing_station		Radstag Field Dressing Station	0					/wp-content/uploads/season_images/score_s12_camp_utility_radstagfielddressingstation.avif	Meat's back on the menu with this Radstag Field Dressing Station!  - Collects Radstag Meat over time -  This item cannot be built inside of a Shelter.  - C.A.M.P. ITEMS APPEAR WHILE IN C.A.M.P. MODE. -	SCORE_S12_ENTM_CAMP_Utility_RadstagFieldDressingStation			52		
12	S12_R53_daring_adventure_scout_armor_paint		Daring Adventure Scout Armor Paint	0					/wp-content/uploads/season_images/score_s12_skin_armorskin_scout_daringadventure.avif	Suit up for your next journey with the Daring Adventure Scout Armor Paint!  - SKIN IS CRAFTABLE AT ARMOR WORKBENCHES. -	SCORE_S12_ENTM_Skin_ArmorSkin_Scout_DaringAdventure			53		
12	S12_R54_flatwoods_monster_plushie		Flatwoods Monster Plushie	0	TRUE				/wp-content/uploads/season_images/score_s12_camp_floordecor_plushie_flatwoodsmonster.avif	No cryptid plushie collection is complete without this adorable Flatwoods Monster Plushie!  - C.A.M.P. ITEMS APPEAR WHILE IN C.A.M.P. MODE. -	SCORE_S12_ENTM_CAMP_FloorDecor_Plushie_FlatwoodsMonster			54		
12	S12_R54_legendary_module		Legendary Module x 5	0				legendary_module	/wp-content/uploads/season_images/utility/score_game_legendarymodule.avif					54		
12	S12_R55_lunchbox		Lunchbox x 5	0				lunchbox	/wp-content/uploads/season_images/utility/atx_store_lunchbox001.avif					55		
12	S12_R56_clean_bathtub		Clean Bathtub	0					/wp-content/uploads/season_images/score_s12_camp_floordecor_cleanbathtub.avif	Wash away the grime in this shiny new bathtub.  - C.A.M.P. ITEMS APPEAR WHILE IN C.A.M.P. MODE. -	SCORE_S12_ENTM_CAMP_FloorDecor_CleanBathtub			56		
12	S12_R56_scrap_kit		Scrap Kit x 6	0	TRUE			scrap_kit	/wp-content/uploads/season_images/utility/atx_utility_repairkit_scraptostash.avif					56		
12	S12_R57_scout_s_banner		Scout's Banner x 3	0					/wp-content/uploads/season_images/utility/score_coen_utility_banner.avif					57		
12	S12_R58_sheepsquatch_ultracite_power_armor_paint		Sheepsquatch Ultracite Power Armor Paint	0					/wp-content/uploads/season_images/score_s12_skin_powerarmor_paint_ultracite_sheepsquatch.avif	Inspire shear terror in your enemies with this Sheepsquatch Power Armor Paint!  - SKIN IS CRAFTABLE AT POWER ARMOR STATIONS. -	SCORE_S12_ENTM_Skin_PowerArmor_Paint_Ultracite_Sheepsquatch			58		
12	S12_R58_stamps		Stamps x 5	0	TRUE				/wp-content/uploads/season_images/utility/score_currency_stamps.avif					58		
12	S12_R59_nuka_cola_mix_pack		Nuka-Cola Mix-Pack	0					/wp-content/uploads/season_images/utility/score_item_6pack_nukavariety.avif					59		
12	S12_R60_atoms		Atoms x 150	0				atoms	/wp-content/uploads/season_images/utility/score_currency_atoms.avif					60		
12	S12_R60_gold_bullion		Gold Bullion x 250	0	TRUE			gold_bullion	/wp-content/uploads/season_images/utility/score_currency_bullion.avif					60		
12	S12_R61_legendary_scrip		Legendary Scrip x 250	0				legendary_scrip	/wp-content/uploads/season_images/utility/score_currency_scrip.avif					61		
12	S12_R62_re_roller		Re-Roller x 3	0	TRUE				/wp-content/uploads/season_images/utility/score_utility_reroller.avif					62		
12	S12_R62_toaster		Toaster	0					/wp-content/uploads/season_images/score_s12_camp_floordecor_toaster.avif	Toast your bread like you toast your enemies with this trusty old Toaster!  - C.A.M.P. ITEMS APPEAR WHILE IN C.A.M.P. MODE. -	SCORE_S12_ENTM_CAMP_FloorDecor_Toaster			62		
12	S12_R63_daring_adventure_secret_service_armor_paint		Daring Adventure Secret Service Armor Paint	0					/wp-content/uploads/season_images/score_s12_skin_armorskin_secretservice_daringadventure.avif	Prepare to hunt cryptids with the Daring Adventure Secret Service Armor Paint!  - SKIN IS CRAFTABLE AT ARMOR WORKBENCHES. -	SCORE_S12_ENTM_Skin_ArmorSkin_SecretService_DaringAdventure			63		
12	S12_R64_grafton_fog_player_icon		Player Icon: Grafton Fog Icon	0		playerIcon	Grafton Fog Icon	player_icon	/wp-content/uploads/guide-images/atom-shop/player-icons/atx_playericon_s12_graftonfog.avif	There, in the fog! Could that be the Beast of Grafton!	SCORE_S12_ENTM_PlayerIcon_GraftonMonsterIcon			64		
12	S12_R64_rip_daring_hunter_s_trophy_poster		"Rip Daring ""Hunter's Trophy"" Poster"	0	TRUE				/wp-content/uploads/season_images/score_s12_camp_walldecor_poweredposter_ripdaring05.avif	Decorate your wall with this absolutely ripping Rip Daring powered poster!  - C.A.M.P. ITEMS APPEAR WHILE IN C.A.M.P. MODE. -	SCORE_S12_ENTM_CAMP_WallDecor_PoweredPoster_RipDaring05			64		
12	S12_R65_daring_heavy_cryo_turret		Daring Heavy Cryo Turret	0					/wp-content/uploads/season_images/score_s12_camp_defense_heavy_cryo_turret.avif	Freeze enemies in their tracks with this Rip Daring branded Heavy Cryo Turret!  - C.A.M.P. ITEMS APPEAR WHILE IN C.A.M.P. MODE. -	SCORE_S12_ENTM_CAMP_Defense_Heavy_Cryo_Turret			65		
12	S12_R65_nuclear_keycard		Nuclear Keycard x 5	0	TRUE			nuclear_keycard	/wp-content/uploads/season_images/utility/score_utility_nuclearkeycard.avif					65		
12	S12_R66_daring_adventure_pip_boy_paint		Daring Adventure Pip-Boy Paint	0					/wp-content/uploads/season_images/score_s12_skin_pipboyskin_daringadventure.avif	Embrace adventure with this daring Pip-Boy style.  - SKIN IS CRAFTABLE AT ARMOR WORKBENCHES. -	SCORE_S12_ENTM_Skin_PipBoySkin_DaringAdventure			66		
12	S12_R67_basic_repair_kit		Basic Repair Kit x 5	0	TRUE			repair_kit	/wp-content/uploads/season_images/utility/atx_utility_repairkit_basic.avif					67		
12	S12_R67_scout_s_banner		Scout's Banner x 3	0					/wp-content/uploads/season_images/utility/score_coen_utility_banner.avif					67		
12	S12_R68_sheepsquatch_hellcat_power_armor_paint		Sheepsquatch Hellcat Power Armor Paint	0					/wp-content/uploads/season_images/score_s12_skin_powerarmor_paint_hellcat_sheepsquatch.avif	Inspire shear terror in your enemies with this Sheepsquatch Power Armor Paint!  - SKIN IS CRAFTABLE AT POWER ARMOR STATIONS. -	SCORE_S12_ENTM_Skin_PowerArmor_Paint_Hellcat_Sheepsquatch			68		
12	S12_R69_gold_bullion		Gold Bullion x 100	0				gold_bullion	/wp-content/uploads/season_images/utility/score_currency_bullion.avif					69		
12	S12_R69_legendary_scrip		Legendary Scrip x 250	0	TRUE			legendary_scrip	/wp-content/uploads/season_images/utility/score_currency_scrip.avif					69		
12	S12_R70_atoms		Atoms x 150	0				atoms	/wp-content/uploads/season_images/utility/score_currency_atoms.avif					70		
12	S12_R70_typewriter		Typewriter	0	TRUE				/wp-content/uploads/season_images/score_s12_camp_floordecor_typewriter.avif	A few missing keys never hurt anyone, skip some letters and type away with this Typewriter.  - C.A.M.P. ITEMS APPEAR WHILE IN C.A.M.P. MODE. -	SCORE_S12_ENTM_CAMP_FloorDecor_Typewriter			70		
12	S12_R71_taxidermy_bear_stein_display		Taxidermied Bear Stein Display	0					/wp-content/uploads/season_images/score_s12_displaycase_beersteins_taxidermiedbear.avif	Go ahead and reach for that beer stein, he won't bite. Anymore.  - C.A.M.P. ITEMS APPEAR WHILE IN C.A.M.P. MODE. -	SCORE_S12_ENTM_DisplayCase_BeerSteins_TaxidermiedBear			71		
12	S12_R72_cryptid_teeth_trophy_flair		Cryptid Teeth Backpack Flair	0					/wp-content/uploads/season_images/score_s12_backpackflair_cryptidteeth.avif	You can handle the tooth with this Cryptid Teeth Backpack Flair!  - SKIN IS CRAFTABLE AT WEAPON WORKBENCHES. -	SCORE_S12_ENTM_BackpackFlair_CryptidTeeth			72		
12	S12_R72_legendary_module		Legendary Module x 5	0	TRUE			legendary_module	/wp-content/uploads/season_images/utility/score_game_legendarymodule.avif					72		
12	S12_R73_lunchbox		Lunchbox x 5	0				lunchbox	/wp-content/uploads/season_images/utility/atx_store_lunchbox001.avif					73		
12	S12_R73_pioneer_scout_squirrel_uniform_outfit		Pioneer Scout Squirrel Uniform Outfit	0	TRUE				/wp-content/uploads/season_images/score_s12_apparel_outfit_pioneerscoutssquirrel.avif	Live your best scout's life in this Pioneer Scout Squirrel Uniform Outfit!  - APPAREL IS CRAFTABLE AT ARMOR WORKBENCHES. -	SCORE_S12_ENTM_Apparel_Outfit_PioneerScoutsSquirrel			73		
12	S12_R74_rip_daring_player_icon		Player Icon: Rip Daring	0		playerIcon	Rip Daring	player_icon	/wp-content/uploads/guide-images/atom-shop/player-icons/atx_playericon_s12_daringjetpack.avif	Rip is the deadliest predator - by land, sea, or air!	SCORE_S12_ENTM_PlayerIcon_RipDaringIcon			74		
12	S12_R75_10_score_boost		10% S.C.O.R.E. Boost	0	TRUE			score_booster	/wp-content/uploads/season_images/utility/score_s24_account_scoreboost_1.avif	Gain another 10% bonus S.C.O.R.E. when you complete challenges for the rest of Season 12!  - UNLOCKS BOOST FOR ALL CHARACTERS ON YOUR ACCOUNT. -  - BONUS IS APPLIED TO BASE CHALLENGE S.C.O.R.E.. -  - DOES NOT APPLY TO PREVIOUSLY COMPLETED CHALLENGES. -	SCORE_S12_ENTM_Account_ScoreBoost_3			75		
12	S12_R75_gold_bullion		Gold Bullion x 250	0				gold_bullion	/wp-content/uploads/season_images/utility/score_currency_bullion.avif					75		
12	S12_R76_timber_carpet_floors_and_foundations		Timber Carpet Floor and Foundations	0					/wp-content/uploads/season_images/score_s12_camp_floor_timbercarpet.avif	Give your floors the rugged look of timber with the comforting softness of carpet.  - C.A.M.P. ITEMS APPEAR WHILE IN C.A.M.P. MODE. -	SCORE_S12_ENTM_CAMP_Floor_TimberCarpet			76		
12	S12_R77_basic_repair_kit		Basic Repair Kit x 5	0				repair_kit	/wp-content/uploads/season_images/utility/atx_utility_repairkit_basic.avif					77		
12	S12_R77_lunchbox		Lunchbox x 5	0	TRUE			lunchbox	/wp-content/uploads/season_images/utility/atx_store_lunchbox001.avif					77		
12	S12_R78_sheepsquatch_t_65_power_armor_paint		Sheepsquatch T-65 Power Armor Paint	0					/wp-content/uploads/season_images/score_s12_skin_powerarmor_paint_t65_sheepsquatch.avif	Inspire shear terror in your enemies with this Sheepsquatch Power Armor Paint!  - SKIN IS CRAFTABLE AT POWER ARMOR STATIONS. -	SCORE_S12_ENTM_Skin_PowerArmor_Paint_T65_Sheepsquatch			78		
12	S12_R79_stamps		Stamps x 5	0					/wp-content/uploads/season_images/utility/score_currency_stamps.avif					79		
12	S12_R80_atoms		Atoms x 150	0				atoms	/wp-content/uploads/season_images/utility/score_currency_atoms.avif					80		
12	S12_R80_gold_bullion		Gold Bullion x 250	0	TRUE			gold_bullion	/wp-content/uploads/season_images/utility/score_currency_bullion.avif					80		
12	S12_R81_caps		Caps x 2500	0				caps	/wp-content/uploads/season_images/utility/score_currency_caps.avif					81		
12	S12_R81_grafton_monster_plushie		Grafton Monster Plushie	0	TRUE				/wp-content/uploads/season_images/score_s12_camp_floordecor_plushie_graftonmonster.avif	No cryptid plushie collection is complete without this adorable Grafton Monster Plushie!  - C.A.M.P. ITEMS APPEAR WHILE IN C.A.M.P. MODE. -	SCORE_S12_ENTM_CAMP_FloorDecor_Plushie_GraftonMonster			81		
12	S12_R82_smoked_bear_arm_paint		Smoked Bear Arm Paint	0					/wp-content/uploads/season_images/score_s12_skin_weaponskin_beararm_smoked.avif	Take the second amendment literally with this Smoked Bear Arm Paint.  - SKIN IS CRAFTABLE AT WEAPON WORKBENCHES. -	SCORE_S12_ENTM_Skin_WeaponSkin_BearArm_Smoked			82		
12	S12_R83_mothman_hatchling_wallpaper		Mothman Hatchling Wallpaper	0					/wp-content/uploads/season_images/score_s12_camp_wallpaper_cryptidhunt.avif	Who wouldn't want to have their walls covered in moths?  - WALLPAPER ITEMS APPEAR WHILE IN C.A.M.P. EDIT MODE. -	SCORE_S12_ENTM_CAMP_WallPaper_CryptidHunt			83		
12	S12_R83_perk_card_pack		Perk Card Pack x 1	0	TRUE			perk_card_pack	/wp-content/uploads/season_images/utility/score_item_perkcardpack.avif					83		
12	S12_R84_carry_weight_booster		Carry Weight Booster x 5	0				carry_weight_booster	/wp-content/uploads/season_images/utility/score_utility_carryweight.avif					84		
12	S12_R84_rustic_bed_with_furs		Rustic Fur Bed	0	TRUE				/wp-content/uploads/season_images/score_s12_camp_bed_rusticfurbed.avif	Rest warm and well in this Rustic Fur Bed!  - C.A.M.P. ITEMS APPEAR WHILE IN C.A.M.P. MODE. -	SCORE_S12_ENTM_CAMP_Bed_RusticFurBed			84		
12	S12_R85_daring_jetpack		Daring Jetpack	0					/wp-content/uploads/season_images/score_s12_skin_armorskin_jetpack_daring.avif	With the Daring Jetpack you will become the greatest hunter on land, sea, or SKY!   (Requires the Jetpack Plan for the Secret Service armor or the Brotherhood Recon armor to be learned.)  This item is a mod for your armor and can be applied to the Chest Piece of the Secret Service armor, or the Brotherhood Recon armor.  - SKIN IS CRAFTABLE AT ARMOR STATIONS. -	SCORE_S12_ENTM_Skin_ArmorSkin_Jetpack_Daring			85		
12	S12_R86_laughing_guinevere_player_icon		Player Icon: Laughing Guinevere	0		playerIcon	Laughing Guinevere	player_icon	/wp-content/uploads/guide-images/atom-shop/player-icons/atx_playericon_s12_guineverelaugh.avif	Time for your shots, Rip!	SCORE_S12_ENTM_PlayerIcon_LaughingGuinevereIcon			86		
12	S12_R87_daring_adventure_secret_service_underarmor		Daring Adventure Secret Service Underarmor	0					/wp-content/uploads/season_images/score_s12_apparel_underarmor_daringadventure.avif	Dress for the hunt with the Daring Adventure Secret Service Underarmor.  (Requires the Secret Service Underarmor Plan to be learned.)  This item is worn under your armor and is in the Secret Service mod group.  - APPAREL IS CRAFTABLE AT ARMOR WORKBENCHES. -	SCORE_S12_ENTM_Apparel_Underarmor_DaringAdventure			87		
12	S12_R88_legendary_module		Legendary Module x 5	0	TRUE			legendary_module	/wp-content/uploads/season_images/utility/score_game_legendarymodule.avif					88		
12	S12_R88_sheepsquatch_union_power_armor_paint		Sheepsquatch Union Power Armor Paint	0					/wp-content/uploads/season_images/score_s12_skin_powerarmor_paint_union_sheepsquatch.avif	Inspire shear terror in your enemies with this Sheepsquatch Power Armor Paint!  - SKIN IS CRAFTABLE AT POWER ARMOR STATIONS. -	SCORE_S12_ENTM_Skin_PowerArmor_Paint_Union_Sheepsquatch			88		
12	S12_R89_vault_tec_tools_stash_box		Vault-Tec Tools Stash Box	0					/wp-content/uploads/season_images/score_s12_camp_stashbox_vaulttectools.avif	An official Vault-Tec Tool Box Stash Box from your friends at Vault-Tec.  - C.A.M.P. ITEMS APPEAR WHILE IN C.A.M.P. MODE. -	SCORE_S12_ENTM_CAMP_StashBox_VaultTecTools			89		
12	S12_R90_atoms		Atoms x 150	0				atoms	/wp-content/uploads/season_images/utility/score_currency_atoms.avif					90		
12	S12_R90_scorchbeast_season_photomode_frame		Scorchbeast Season Photomode Frame	0	TRUE				/wp-content/uploads/season_images/score_s12_photomode_frame_scorchbeast.avif	Capture the thrill of hunting Scorchbeasts with this Scorchbeast Season frame!  - UNLOCKS A PHOTOMODE FRAME. -	SCORE_S12_ENTM_Photomode_Frame_ScorchBeast			90		
12	S12_R91_gold_bullion		Gold Bullion x 250	0				gold_bullion	/wp-content/uploads/season_images/utility/score_currency_bullion.avif					91		
12	S12_R92_legendary_scrip		Legendary Scrip x 250	0				legendary_scrip	/wp-content/uploads/season_images/utility/score_currency_scrip.avif					92		
12	S12_R92_perk_card_pack		Perk Card Pack x 1	0	TRUE			perk_card_pack	/wp-content/uploads/season_images/utility/score_item_perkcardpack.avif					92		
12	S12_R93_cryptid_hunt_stein		Cryptid Hunt Stein	0					/wp-content/uploads/season_images/score_s12_camp_floordecor_stein_cryptidhunt.avif	Raise a toast and celebrate a successful hunt with this Cryptid Hunt Stein!  - C.A.M.P. ITEMS APPEAR WHILE IN C.A.M.P. MODE. -	SCORE_S12_ENTM_CAMP_FloorDecor_Stein_CryptidHunt			93		
12	S12_R94_one_more_time_emote		One More Time Emote	0					/wp-content/uploads/guide-images/atom-shop/emotes/One More Time.webp	Let your friends know you're ready to go for another round.  - UNLOCKS AN EMOTE OPTION. -	SCORE_S12_ENTM_Emotes_OnceAgain			94		
12	S12_R95_headhunter_photomode_frame		Headhunter Photomode Frame	0					/wp-content/uploads/season_images/score_s12_photomode_frame_headhunter.avif	It's important to never lose your head while hunting.  - UNLOCKS A PHOTOMODE FRAME. -	SCORE_S12_ENTM_Photomode_Frame_Headhunter			95		
12	S12_R95_hunters_lodge		Hunters Lodge	0	TRUE				/wp-content/uploads/season_images/score_s12_camp_structure_hunterslodge.avif	Where log cabin living meets luxury.   - C.A.M.P. ITEMS APPEAR WHILE IN C.A.M.P. MODE. -	SCORE_S12_ENTM_CAMP_Structure_HuntersLodge			95		
12	S12_R96_desk_fan		Desk Fan	0					/wp-content/uploads/season_images/score_s12_camp_floordecor_deskfan.avif	Cool your C.A.M.P. with this Desk Fan.  - C.A.M.P. ITEMS APPEAR WHILE IN C.A.M.P. MODE. -	SCORE_S12_ENTM_CAMP_FloorDecor_DeskFan			96		
12	S12_R97_mothman_plushie		Mothman Plushie	0					/wp-content/uploads/season_images/score_s12_camp_floordecor_plushie_mothman.avif	No cryptid plushie collection is complete without this adorable Mothman Plushie!  - C.A.M.P. ITEMS APPEAR WHILE IN C.A.M.P. MODE. -	SCORE_S12_ENTM_CAMP_FloorDecor_Plushie_Mothman			97		
12	S12_R98_gold_bullion		Gold Bullion x 250	0	TRUE			gold_bullion	/wp-content/uploads/season_images/utility/score_currency_bullion.avif					98		
12	S12_R98_perk_coin		Perk Coin x 50	0				perk_coins	/wp-content/uploads/season_images/utility/score_currency_perkcoin.avif					98		
12	S12_R99_violin_chair		Violin Chair	0					/wp-content/uploads/season_images/score_s12_camp_furniture_instrument_violinchair.avif	I woke up today and chose violins.  - C.A.M.P. ITEMS APPEAR WHILE IN C.A.M.P. MODE. -	SCORE_S12_ENTM_CAMP_Furniture_Instrument_ViolinChair			99		
12	S12_R100_atoms		Atoms x 500	0				atoms	/wp-content/uploads/season_images/utility/score_currency_atoms.avif					100		
12	S12_R100_grease_goblin_power_armor_paint		Grease Goblin Power Armor Paint	0					/wp-content/uploads/season_images/score_s12_skin_powerarmor_model_greasegoblin.avif	Grease your gears and activate goblin mode in the Grease Goblin Power Armor!  This is a unique skin that completely alters the appearance of your Power Armor. It can be equipped on all main Power Armors.  - SKIN IS CRAFTABLE AT POWER ARMOR STATIONS. -	SCORE_S12_ENTM_Skin_PowerArmor_Model_GreaseGoblin			100		
12	S12_R100_mothman_wing_chandelier		Moth Wing Chandelier	0	TRUE				/wp-content/uploads/season_images/score_s12_camp_lights_ceiling_mothwingchandelier.avif	Give your C.A.M.P. an air of spooky elegance with the Moth Wing Chandelier!  - C.A.M.P. ITEMS APPEAR WHILE IN C.A.M.P. MODE. -	SCORE_S12_ENTM_CAMP_Lights_Ceiling_MothwingChandelier			100		
12	S12_R100_rip_daring_logo_player_icon		Player Icon: Rip Daring Logo	0		playerIcon	Rip Daring Logo	player_icon	/wp-content/uploads/guide-images/atom-shop/player-icons/atx_playericon_s12_ripdaringlogo.avif	It's time for another exciting journey with Rip Daring, Cryptid Hunter extraordinaire!	SCORE_S12_ENTM_PlayerIcon_RipDaringLogo			100		
12	S12_R100_rip_daring_s_cryptid_hunt_gameboard		Rip Daring's Cryptid Hunt Gameboard	0					/wp-content/uploads/season_images/score_s12_camp_walldecor_s12board_cryptidhunt.avif	You've finished the Cryptid Hunt, now display it on your wall!  - C.A.M.P. ITEMS APPEAR WHILE IN C.A.M.P. MODE. -	SCORE_S12_ENTM_CAMP_WallDecor_S12Board_CryptidHunt			100		
12	S12_P3_apparel_outfit_hunterspelts		Hunter's Pelts Outfit	0	TRUE				/wp-content/uploads/season_images/score_s12_apparel_outfit_hunterspelts.webp	Blend in with your surroundings and stalk your most elusive prey in these Hunter's Pelts.  - APPAREL IS CRAFTABLE AT ARMOR WORKBENCHES. -	SCORE_S12_ENTM_Apparel_Outfit_HuntersPelts					
12	S12_P9_camp_floordecor_prewardeskfan		Pre-War Desk Fan	0					/wp-content/uploads/season_images/score_s12_camp_floordecor_prewardeskfan.webp	Bring the cool breeze to your C.A.M.P. with this Pre-War Desk Fan!  - C.A.M.P. ITEMS APPEAR WHILE IN C.A.M.P. MODE. -	SCORE_S12_ENTM_CAMP_FloorDecor_PreWarDeskFan					
12	S12_P9_camp_floordecor_prewartoaster		Pre-War Toaster	0					/wp-content/uploads/season_images/score_s12_camp_floordecor_prewartoaster.webp	"Let's get toasty with this ""brand new"" Pre-War Toaster!  - C.A.M.P. ITEMS APPEAR WHILE IN C.A.M.P. MODE. -"	SCORE_S12_ENTM_CAMP_FloorDecor_PreWarToaster					
12	S12_P9_camp_floordecor_prewartypewriter		Pre-War Typewriter	0					/wp-content/uploads/season_images/score_s12_camp_floordecor_prewartypewriter.webp	Type your own manifestos with this Pre-War Typewriter!  - C.A.M.P. ITEMS APPEAR WHILE IN C.A.M.P. MODE. -	SCORE_S12_ENTM_CAMP_FloorDecor_PreWarTypewriter					
12	S12_P3_apparel_outfit_rippeddaringoutfit		Ripped Daring Outfit	0					/wp-content/uploads/season_images/score_s12_apparel_outfit_rippeddaringoutfit.webp	- APPAREL IS CRAFTABLE AT ARMOR WORKBENCHES. -	SCORE_S12_ENTM_Apparel_Outfit_RippedDaringOutfit					
13	S13_R2_re_roller		Re-Roller x 1	0	TRUE				/wp-content/uploads/season_images/utility/score_utility_reroller.avif					2		
13	S13_R2_score_booster		SCORE Booster x 1	0					/wp-content/uploads/season_images/utility/score_utility_scorebooster.avif					2		
13	S13_R3_the_devil_s_moon_player_icon		Player Icon: The Devil's Moon	0		playerIcon	The Devil's Moon	player_icon	/wp-content/uploads/guide-images/atom-shop/player-icons/atx_playericon_s13_bluedevil.avif	Once in a blue moon, the Devil comes for YOU!	SCORE_S13_ENTM_PlayerIcon_BlueDevil			3		
13	S13_R4_lunchbox		Lunchbox x 3	0	TRUE			lunchbox	/wp-content/uploads/season_images/utility/atx_store_lunchbox001.avif					4		
13	S13_R4_stuntman_leather_armor_paint		Stuntman Leather Armor Paint	0					/wp-content/uploads/season_images/score_s13_skin_armorskin_leather_stuntman.avif	Become the daredevil you were meant to be in this new Stuntman Leather Armor Paint.  - SKIN IS CRAFTABLE AT ARMOR WORKBENCHES. -	SCORE_S13_ENTM_Skin_ArmorSkin_Leather_Stuntman			4		
13	S13_R5_gilded_paint_10mm_pistol		Gilded Paint (10mm)	0					/wp-content/uploads/season_images/score_s13_skin_weaponskin_10mm_gilded.avif	"Put the ""flash"" in ""muzzle flash"" with this 10mm Gilded Paint.  - SKIN IS CRAFTABLE AT WEAPON WORKBENCHES. -"	SCORE_S13_ENTM_Skin_WeaponSkin_10mm_Gilded			5		
13	S13_R6_nuka_cola_6_pack		Nuka-Cola 6-Pack	0					/wp-content/uploads/season_images/utility/score_item_6pack_nuka-cola.avif					6		
13	S13_R6_honk_honk_stab_stab_player_icon		Player Icon: Honk Honk Stab Stab	0	TRUE	playerIcon	Honk Honk Stab Stab	player_icon	/wp-content/uploads/guide-images/atom-shop/player-icons/atx_playericon_s13_clown.avif	"For when you want to ""put the laughter into slaughter!""  - UNLOCKS A PLAYER ICON. -"	SCORE_S13_ENTM_PlayerIcon_HonkHonkStabStab			6		
13	S13_R7_the_devil_s_moon_movie_poster		The Devil's Moon Movie Poster	0					/wp-content/uploads/season_images/score_s13_camp_walldecor_movieposter_devilmoon.avif	"Showcase your love for horror films with this ""The Devil's Moon"" movie poster!  - C.A.M.P. ITEMS APPEAR WHILE IN C.A.M.P. MODE. -"	SCORE_S13_ENTM_CAMP_WallDecor_MoviePoster_DevilMoon			7		
13	S13_R8_carry_weight_booster		Carry Weight Booster x 3	0	TRUE			carry_weight_booster	/wp-content/uploads/season_images/utility/score_utility_carryweight.avif					8		
13	S13_R8_golden_t_45_power_armor_paint		Golden T-45 Power Armor Paint	0					/wp-content/uploads/season_images/score_s13_skin_powerarmor_paint_t45_golden.avif	Battle your enemies in style with this Hollywood styled Golden Power Armor!  - SKIN IS CRAFTABLE AT POWER ARMOR STATIONS. -	SCORE_S13_ENTM_Skin_PowerArmor_Paint_T45_Golden			8		
13	S13_R9_scout_s_banner		Scout's Banner x 3	0					/wp-content/uploads/season_images/utility/score_coen_utility_banner.avif					9		
13	S13_R10_atoms		Atoms x 150	0				atoms	/wp-content/uploads/season_images/utility/score_currency_atoms.avif					10		
13	S13_R10_concession_sign		Concession Sign	0	TRUE				/wp-content/uploads/season_images/score_s13_camp_walldecor_concessionsign.avif	Show your friends what's on the menu with this Concession Sign.   - C.A.M.P. ITEMS APPEAR WHILE IN C.A.M.P. MODE. -	SCORE_S13_ENTM_CAMP_WallDecor_ConcessionSign			10		
13	S13_R11_caps		Caps x 500	0				caps	/wp-content/uploads/season_images/utility/score_currency_caps.avif					11		
13	S13_R12_applause_sign		Applause Sign	0					/wp-content/uploads/season_images/score_s13_camp_lights_wall_applausesign.avif	Put your hands together for this Applause Sign!  - C.A.M.P. ITEMS APPEAR WHILE IN C.A.M.P. MODE. -	SCORE_S13_ENTM_CAMP_Lights_Wall_ApplauseSign			12		
13	S13_R12_legendary_scrip		Legendary Scrip x 100	0	TRUE			legendary_scrip	/wp-content/uploads/season_images/utility/score_currency_scrip.avif					12		
13	S13_R13_stuntman_metal_armor_paint		Stuntman Metal Armor Paint	0					/wp-content/uploads/season_images/score_s13_skin_armorskin_metal_stuntman.avif	Become the daredevil you were meant to be in this new Stuntman Metal Armor Paint.  - SKIN IS CRAFTABLE AT ARMOR WORKBENCHES. -	SCORE_S13_ENTM_Skin_ArmorSkin_Metal_Stuntman			13		
13	S13_R14_cryptid_cards_wall_display		Cryptid Cards Wall Display	0					/wp-content/uploads/season_images/score_s13_camp_walldisplaycase_carddisplay_moon.avif					14		
13	S13_R14_nuka_cola_twist_6_pack		Nuka-Cola Twist 6-Pack	0	TRUE				/wp-content/uploads/season_images/utility/score_item_6pack_nuka-twist.avif					14		
13	S13_R15_5_score_boost		5% S.C.O.R.E. Boost	0	TRUE			score_booster	/wp-content/uploads/season_images/utility/score_s24_account_scoreboost_1.avif	Gain 5% bonus S.C.O.R.E. when you complete challenges for the rest of Season 13!  - UNLOCKS BOOST FOR ALL CHARACTERS ON YOUR ACCOUNT. -  - BONUS IS APPLIED TO BASE CHALLENGE S.C.O.R.E. -  - DOES NOT APPLY TO PREVIOUSLY COMPLETED CHALLENGES. -	SCORE_S13_ENTM_Account_ScoreBoost_1			15		
13	S13_R15_re_roller		Re-Roller x 3	0					/wp-content/uploads/season_images/utility/score_utility_reroller.avif					15		
13	S13_R16_stamps		Stamps x 5	0					/wp-content/uploads/season_images/utility/score_currency_stamps.avif					16		
13	S13_R17_beast_of_beckley_poster		Beast of Beckley Poster	0					/wp-content/uploads/season_images/score_s13_camp_walldecor_beastofbeckleycryptid_poster.avif	Display your love for the Beast of Beckley with this collectable cryptid poster!  - C.A.M.P. ITEMS APPEAR WHILE IN C.A.M.P. MODE. -	SCORE_S13_ENTM_CAMP_WallDecor_BeastofBeckleyCryptid_Poster			17		
13	S13_R17_legendary_module		Legendary Module x 5	0	TRUE			legendary_module	/wp-content/uploads/season_images/utility/score_game_legendarymodule.avif					17		
13	S13_R18_golden_excavator_power_armor_paint		Golden Excavator Power Armor Paint	0					/wp-content/uploads/season_images/score_s13_skin_powerarmor_paint_excavator_golden.avif	Battle your enemies in style with this Hollywood styled Golden Power Armor!  - SKIN IS CRAFTABLE AT POWER ARMOR STATIONS. -	SCORE_S13_ENTM_Skin_PowerArmor_Paint_Excavator_Golden			18		
13	S13_R19_perk_card_pack		Perk Card Pack x 1	0	TRUE			perk_card_pack	/wp-content/uploads/season_images/utility/score_item_perkcardpack.avif					19		
13	S13_R19_the_egg_movie_poster		The Egg Movie Poster	0					/wp-content/uploads/season_images/score_s13_camp_walldecor_movieposter_theegg.avif	"Showcase your love for ""The Egg"" with this movie poster!  - C.A.M.P. ITEMS APPEAR WHILE IN C.A.M.P. MODE. -"	SCORE_S13_ENTM_CAMP_WallDecor_MoviePoster_TheEgg			19		
13	S13_R20_atoms		Atoms x 150	0				atoms	/wp-content/uploads/season_images/utility/score_currency_atoms.avif					20		
13	S13_R21_caps		Caps x 1000	0				caps	/wp-content/uploads/season_images/utility/score_currency_caps.avif					21		
13	S13_R21_gold_bullion		Gold Bullion x 100	0	TRUE			gold_bullion	/wp-content/uploads/season_images/utility/score_currency_bullion.avif					21		
13	S13_R22_red_curtain_door		Red Curtain Door	0					/wp-content/uploads/season_images/score_s13_camp_door_curtain_redcurtaindoor.avif	Impress your guests as you usher them through this Red Curtain Door!  - C.A.M.P. ITEMS APPEAR WHILE IN C.A.M.P. MODE. -	SCORE_S13_ENTM_CAMP_Door_Curtain_RedCurtainDoor			22		
13	S13_R23_re_roller		Re-Roller x 3	0	TRUE				/wp-content/uploads/season_images/utility/score_utility_reroller.avif					23		
13	S13_R23_stuntman_robot_armor_paint		Stuntman Robot Armor Paint	0					/wp-content/uploads/season_images/score_s13_skin_armorskin_robot_stuntman.avif	Become the daredevil you were meant to be in this new Stuntman Robot Armor Paint.  - SKIN IS CRAFTABLE AT ARMOR WORKBENCHES. -	SCORE_S13_ENTM_Skin_ArmorSkin_Robot_Stuntman			23		
13	S13_R24_clapperboard_player_icon		Player Icon: Clapperboard	0		playerIcon	Clapperboard	player_icon	/wp-content/uploads/guide-images/atom-shop/player-icons/atx_playericon_s13_clapperboard.avif	Sound. Camera. Action!  - UNLOCKS A PLAYER ICON. -	SCORE_S13_ENTM_PlayerIcon_MovieClapper			24		
13	S13_R24_spheksophobia_movie_poster		Spheksophobia Movie Poster	0	TRUE				/wp-content/uploads/season_images/score_s13_camp_walldecor_movieposter_spheksophobia.avif	"Show everyone what all the buzz is about with this ""Spheksophobia"" movie poster!  - C.A.M.P. ITEMS APPEAR WHILE IN C.A.M.P. MODE. -"	SCORE_S13_ENTM_CAMP_WallDecor_MoviePoster_Spheksophobia			24		
13	S13_R25_ogua_poster		Ogua Poster	0					/wp-content/uploads/season_images/score_s13_camp_walldecor_oguacryptid_poster.avif	Display your love for the Ogua with this collectable cryptid poster!  - C.A.M.P. ITEMS APPEAR WHILE IN C.A.M.P. MODE. -	SCORE_S13_ENTM_CAMP_WallDecor_OguaCryptid_Poster			25		
13	S13_R26_attack_of_the_fishmen_billboard		Attack of the Fishmen Billboard	0	TRUE				/wp-content/uploads/season_images/score_s13_camp_light_floor_moviebillboard.avif	Show off your love for Attack of the Fishmen but maybe don't let the Mirelurks see...  - C.A.M.P. ITEMS APPEAR WHILE IN C.A.M.P. MODE. -	SCORE_S13_ENTM_CAMP_Light_Floor_MovieBillboard			26		
13	S13_R26_score_booster		SCORE Booster x 1	0					/wp-content/uploads/season_images/utility/score_utility_scorebooster.avif					26		
13	S13_R27_studio_lights		Studio Lights	0					/wp-content/uploads/season_images/score_s13_camp_lights_ceiling_studiolights.avif	Put your C.A.M.P. into the spotlight with the help of these Studio Lights!   Includes Blue, Green, Red, and White lights at both a high and low angle.  - C.A.M.P. ITEMS APPEAR WHILE IN C.A.M.P. MODE. -	SCORE_S13_ENTM_CAMP_Lights_Ceiling_StudioLights			27		
13	S13_R28_golden_t_51_power_armor_paint		Golden T-51 Power Armor Paint	0					/wp-content/uploads/season_images/score_s13_skin_powerarmor_paint_t51_golden.avif	Battle your enemies in style with this Hollywood styled Golden Power Armor!  - SKIN IS CRAFTABLE AT POWER ARMOR STATIONS. -	SCORE_S13_ENTM_Skin_PowerArmor_Paint_T51_Golden			28		
13	S13_R28_scout_s_banner		Scout's Banner x 3	0	TRUE				/wp-content/uploads/season_images/utility/score_coen_utility_banner.avif					28		
13	S13_R29_legendary_scrip		Legendary Scrip x 100	0				legendary_scrip	/wp-content/uploads/season_images/utility/score_currency_scrip.avif					29		
13	S13_R30_atoms		Atoms x 150	0				atoms	/wp-content/uploads/season_images/utility/score_currency_atoms.avif					30		
13	S13_R30_crystal_gazer_outfit		Crystal-Gazer Outfit	0	TRUE				/wp-content/uploads/season_images/score_s13_apparel_outfit_crystalgazer.avif	Gaze into your future with this all seeing Crystal-Gazer outfit and headwear.  - APPAREL IS CRAFTABLE AT ARMOR WORKBENCHES. -	SCORE_S13_ENTM_Apparel_Outfit_CrystalGazer			30		
13	S13_R31_gold_bullion		Gold Bullion x 100	0				gold_bullion	/wp-content/uploads/season_images/utility/score_currency_bullion.avif					31		
13	S13_R32_movie_reel_photomode_frame		Movie Reel Photomode Frame	0					/wp-content/uploads/season_images/score_s13_photomode_frame_moviereel.avif	You'll be ready for your close up with this Movie Reel Photomode Frame.  - UNLOCKS A PHOTOMODE FRAME. -	SCORE_S13_ENTM_Photomode_Frame_MovieReel			32		
13	S13_R32_score_booster		SCORE Booster x 1	0	TRUE				/wp-content/uploads/season_images/utility/score_utility_scorebooster.avif					32		
13	S13_R33_stuntman_marine_armor_paint		Stuntman Marine Armor Paint	0					/wp-content/uploads/season_images/score_s13_skin_armorskin_marine_stuntman.avif	Become the daredevil you were meant to be in this new Stuntman Marine Armor Paint.  - SKIN IS CRAFTABLE AT ARMOR WORKBENCHES. -	SCORE_S13_ENTM_Skin_ArmorSkin_Marine_Stuntman			33		
13	S13_R34_nuka_cola_mix_pack		Nuka-Cola Mix-Pack	0					/wp-content/uploads/season_images/utility/score_item_6pack_nukavariety.avif					34		
13	S13_R34_stamps		Stamps x 5	0	TRUE				/wp-content/uploads/season_images/utility/score_currency_stamps.avif					34		
13	S13_R35_lite_ally_joey_bello		Lite Ally: Joey Bello	0					/wp-content/uploads/season_images/score_s13_camp_ally_joeybello.avif	Knock knock. Who's there? It's Joey Bello, wise cracking wise guy!  - ALLIES  APPEAR ONCE THEIR FURNITURE IS PLACED IN C.A.M.P. MODE. -	SCORE_S13_ENTM_CAMP_Ally_JoeyBello			35		
13	S13_R36_jersey_devil_poster		Jersey Devil Poster	0	TRUE				/wp-content/uploads/season_images/score_s13_camp_walldecor_jerseydevilcryptid_poster.avif	Display your love for the Jersey Devil with this collectable cryptid poster!   - C.A.M.P. ITEMS APPEAR WHILE IN C.A.M.P. MODE. -	SCORE_S13_ENTM_CAMP_WallDecor_JerseyDevilCryptid_Poster			36		
13	S13_R36_lunchbox		Lunchbox x 3	0				lunchbox	/wp-content/uploads/season_images/utility/atx_store_lunchbox001.avif					36		
13	S13_R37_theatre_signs		Theatre Signs	0					/wp-content/uploads/season_images/score_s13_camp_walldecor_wallsigns_theater.avif	Display these Theatre Signs and give your personal theater that Hollywood touch!  - C.A.M.P. ITEMS APPEAR WHILE IN C.A.M.P. MODE. -	SCORE_S13_ENTM_CAMP_WallDecor_WallSigns_Theater			37		
13	S13_R38_golden_t_60_power_armor_paint		Golden T-60 Power Armor Paint	0					/wp-content/uploads/season_images/score_s13_skin_powerarmor_paint_t60_golden.avif	Battle your enemies in style with this Hollywood styled Golden Power Armor!  - SKIN IS CRAFTABLE AT POWER ARMOR STATIONS. -	SCORE_S13_ENTM_Skin_PowerArmor_Paint_T60_Golden			38		
13	S13_R39_legendary_module		Legendary Module x 3	0				legendary_module	/wp-content/uploads/season_images/utility/score_game_legendarymodule.avif					39		
13	S13_R39_theater_door		Theater Door	0	TRUE				/wp-content/uploads/season_images/score_s13_camp_door_wood_theaterdoor.avif	What's a theater without a Theater Door? Drafty.  - C.A.M.P. ITEMS APPEAR WHILE IN C.A.M.P. MODE. -	SCORE_S13_ENTM_CAMP_Door_Wood_TheaterDoor			39		
13	S13_R40_atoms		Atoms x 150	0				atoms	/wp-content/uploads/season_images/utility/score_currency_atoms.avif					40		
13	S13_R40_filmstrip_photomode_frame		Filmstrip Photomode Frame	0	TRUE				/wp-content/uploads/season_images/score_s13_photomode_frame_filmstrip.avif	Capture all your favorite moments on film with this Filmstrip Photomode Frame!  - UNLOCKS A PHOTOMODE FRAME. -	SCORE_S13_ENTM_Photomode_Frame_Filmstrip			40		
13	S13_R41_caps		Caps x 1000	0				caps	/wp-content/uploads/season_images/utility/score_currency_caps.avif					41		
13	S13_R42_legendary_scrip		Legendary Scrip x 250	0	TRUE			legendary_scrip	/wp-content/uploads/season_images/utility/score_currency_scrip.avif					42		
13	S13_R42_scrap_kit		Scrap Kit x 3	0				scrap_kit	/wp-content/uploads/season_images/utility/atx_utility_repairkit_scraptostash.avif					42		
13	S13_R43_stuntman_combat_armor_paint		Stuntman Combat Armor Paint	0					/wp-content/uploads/season_images/score_s13_skin_armorskin_combat_stuntman.avif	Become the daredevil you were meant to be in this new Stuntman Combat Armor Paint.  - SKIN IS CRAFTABLE AT ARMOR WORKBENCHES. -	SCORE_S13_ENTM_Skin_ArmorSkin_Combat_Stuntman			43		
13	S13_R44_hollywood_popcorn_machine		Hollywood Popcorn Machine	0					/wp-content/uploads/season_images/score_s13_camp_utility_hollywoodpopcornmachine.avif	Fresh Popcorn, who wants some Popcorn?  - Collects Popcorn over time -  This item cannot be built inside of a Shelter.  - C.A.M.P. ITEMS APPEAR WHILE IN C.A.M.P. MODE. -	SCORE_S13_ENTM_CAMP_Utility_HollywoodPopcornMachine			44		
13	S13_R44_lunchbox		Lunchbox x 3	0	TRUE			lunchbox	/wp-content/uploads/season_images/utility/atx_store_lunchbox001.avif					44		
13	S13_R45_miniature_city_set		Miniature City Set	0					/wp-content/uploads/season_images/score_s13_camp_floordecor_miniaturecity.avif	Escape the big city life and make a mini city instead with the Miniature City Building Set!  - C.A.M.P. ITEMS APPEAR WHILE IN C.A.M.P. MODE. -	SCORE_S13_ENTM_CAMP_FloorDecor_MiniatureCity			45		
13	S13_R46_gilded_paint_44_pistol		Gilded Paint (.44 Pistol)	0	TRUE				/wp-content/uploads/season_images/score_s13_skin_weaponskin_44_gilded.avif	"Put the ""flash"" in ""muzzle flash"" with this .44 Pistol Gilded Paint.  - SKIN IS CRAFTABLE AT WEAPON WORKBENCHES. -"	SCORE_S13_ENTM_Skin_WeaponSkin_44_Gilded			46		
13	S13_R46_large_vault_tec_supply_package		Large Vault-Tec Supply Package	0				supply_package	/wp-content/uploads/season_images/utility/score_utility_scrapball_large.avif					46		
13	S13_R47_gold_bullion		Gold Bullion x 250	0	TRUE			gold_bullion	/wp-content/uploads/season_images/utility/score_currency_bullion.avif					47		
13	S13_R47_the_bada_boom		The Bada-Boom (Super Sledge)	0					/wp-content/uploads/season_images/score_s13_skin_weaponmodel_supersledge_boomstick_bada-boom.avif	Give your foes some direct feedback with the Bada-Boom!  - SKIN IS CRAFTABLE AT WEAPON WORKBENCHES. -	SCORE_S13_ENTM_Skin_WeaponModel_SuperSledge_BoomStick_Bada-Boom			47		
13	S13_R48_golden_x_01_power_armor_paint		Golden X-01 Power Armor Paint	0					/wp-content/uploads/season_images/score_s13_skin_powerarmor_paint_x01_golden.avif	Battle your enemies in style with this Hollywood styled Golden Power Armor!  - SKIN IS CRAFTABLE AT POWER ARMOR STATIONS. -	SCORE_S13_ENTM_Skin_PowerArmor_Paint_X01_Golden			48		
13	S13_R49_atoms		Atoms x 150	0				atoms	/wp-content/uploads/season_images/utility/score_currency_atoms.avif					49		
13	S13_R49_mass_attraction_movie_poster		Weapon of Mass Attraction Movie Poster	0	TRUE				/wp-content/uploads/season_images/score_s13_camp_walldecor_movieposter_massattraction.avif	"Showcase your love for romantic comedies with this ""Weapon of Mass Attraction"" movie poster!  - C.A.M.P. ITEMS APPEAR WHILE IN C.A.M.P. MODE. -"	SCORE_S13_ENTM_CAMP_WallDecor_MoviePoster_MassAttraction			49		
13	S13_R50_10_score_boost		10% S.C.O.R.E. Boost	0	TRUE			score_booster	/wp-content/uploads/season_images/utility/score_s24_account_scoreboost_1.avif	Gain another 10% bonus S.C.O.R.E. when you complete challenges for the rest of Season 13!  - UNLOCKS BOOST FOR ALL CHARACTERS ON YOUR ACCOUNT. -  - BONUS IS APPLIED TO BASE CHALLENGE S.C.O.R.E.. -  - DOES NOT APPLY TO PREVIOUSLY COMPLETED CHALLENGES. -	SCORE_S13_ENTM_Account_ScoreBoost_2			50		
13	S13_R50_perk_coin		Perk Coin x 25	0				perk_coins	/wp-content/uploads/season_images/utility/score_currency_perkcoin.avif					50		
13	S13_R51_atoms		Atoms x 150	0				atoms	/wp-content/uploads/season_images/utility/score_currency_atoms.avif					51		
13	S13_R52_empire_on_the_nile_player_icon		Player Icon: Empire on the Nile	0		playerIcon	Empire on the Nile	player_icon	/wp-content/uploads/guide-images/atom-shop/player-icons/atx_playericon_s13_empireonthenile.avif	If you can't see she's dangerous Antony, then you're in denial.	SCORE_S13_ENTM_PlayerIcon_EmpireOntheNile			52		
13	S13_R52_re_roller		Re-Roller x 3	0	TRUE				/wp-content/uploads/season_images/utility/score_utility_reroller.avif					52		
13	S13_R53_stuntman_scout_armor_paint		Stuntman Scout Armor Paint	0					/wp-content/uploads/season_images/score_s13_skin_armorskin_scout_stuntman.avif	Become the daredevil you were meant to be in this new Stuntman Scout Armor Paint.  - SKIN IS CRAFTABLE AT ARMOR WORKBENCHES. -	SCORE_S13_ENTM_Skin_ArmorSkin_Scout_Stuntman			53		
13	S13_R54_luchador_masked_wrestler_underarmor		Luchador Underarmor	0	TRUE				/wp-content/uploads/season_images/score_s13_apparel_underarmor_luchador.avif	Live out your Lucha Libre dreams with this Luchador outfit!  This item is worn under your armor and in the Casual mod group.  - APPAREL IS CRAFTABLE AT ARMOR WORKBENCHES. -	SCORE_S13_ENTM_Apparel_Underarmor_Luchador			54		
13	S13_R54_re_roller		Re-Roller x 3	0					/wp-content/uploads/season_images/utility/score_utility_reroller.avif					54		
13	S13_R55_theater_row_seating		Theater Row Seating	0					/wp-content/uploads/season_images/score_s13_camp_furniture_theaterrowseating.avif	Grab some popcorn and kick up your heels in these comfy Theater Row Seats!  - C.A.M.P. ITEMS APPEAR WHILE IN C.A.M.P. MODE. -	SCORE_S13_ENTM_CAMP_Furniture_TheaterRowSeating			55		
13	S13_R56_gilded_paint_railway_rifle		Gilded Paint (Railway Rifle)	0					/wp-content/uploads/season_images/score_s13_skin_weaponskin_railwayrifle_gilded.avif	"Put the ""flash"" in ""muzzle flash"" with this Railway Rifle Gilded Paint.  - SKIN IS CRAFTABLE AT WEAPON WORKBENCHES. -"	SCORE_S13_ENTM_Skin_WeaponSkin_RailwayRifle_Gilded			56		
13	S13_R56_scrap_kit		Scrap Kit x 3	0	TRUE			scrap_kit	/wp-content/uploads/season_images/utility/atx_utility_repairkit_scraptostash.avif					56		
13	S13_R57_jewelry_stand_flair_display		Jewelry Stand Flair Display	0					/wp-content/uploads/season_images/score_s13_display_flairdisplay.avif	Show off your backpack flair collection by hanging them on this Jewelry Stand Flair Display!  - C.A.M.P. ITEMS APPEAR WHILE IN C.A.M.P. MODE. -	SCORE_S13_ENTM_Display_FlairDisplay			57		
13	S13_R58_golden_ultracite_power_armor_paint		Golden Ultracite Power Armor Paint	0					/wp-content/uploads/season_images/score_s13_skin_powerarmor_paint_ultracite_golden.avif	Battle your enemies in style with this Hollywood styled Golden Power Armor!  - SKIN IS CRAFTABLE AT POWER ARMOR STATIONS. -	SCORE_S13_ENTM_Skin_PowerArmor_Paint_Ultracite_Golden			58		
13	S13_R58_stamps		Stamps x 5	0	TRUE				/wp-content/uploads/season_images/utility/score_currency_stamps.avif					58		
13	S13_R59_score_booster		SCORE Booster x 1	0					/wp-content/uploads/season_images/utility/score_utility_scorebooster.avif					59		
13	S13_R60_atoms		Atoms x 150	0				atoms	/wp-content/uploads/season_images/utility/score_currency_atoms.avif					60		
13	S13_R60_gold_bullion		Gold Bullion x 250	0	TRUE			gold_bullion	/wp-content/uploads/season_images/utility/score_currency_bullion.avif					60		
13	S13_R61_legendary_scrip		Legendary Scrip x 250	0				legendary_scrip	/wp-content/uploads/season_images/utility/score_currency_scrip.avif					61		
13	S13_R62_legendary_module		Legendary Module x 5	0				legendary_module	/wp-content/uploads/season_images/utility/score_game_legendarymodule.avif					62		
13	S13_R62_racecar_driver_underarmor		Racecar Driver Outfit	0	TRUE				/wp-content/uploads/season_images/score_s13_apparel_outfit_racecardriver.avif	Go for speed with this Racecar Driver Outfit!   - APPAREL IS CRAFTABLE AT ARMOR WORKBENCHES. -	SCORE_S13_ENTM_Apparel_Outfit_RacecarDriver			62		
13	S13_R63_stuntman_secret_service_armor_paint		Stuntman Secret Service Armor Paint	0					/wp-content/uploads/season_images/score_s13_skin_armorskin_secretservice_stuntman.avif	Become the daredevil you were meant to be in this new Stuntman Secret Service Armor Paint.  - SKIN IS CRAFTABLE AT ARMOR WORKBENCHES. -	SCORE_S13_ENTM_Skin_ArmorSkin_SecretService_Stuntman			63		
13	S13_R64_weapon_of_mass_attraction_player_icon		Player Icon: Weapon of Mass Attraction	0		playerIcon	Weapon of Mass Attraction	player_icon	/wp-content/uploads/guide-images/atom-shop/player-icons/atx_playericon_s13_massattraction.avif	What happens when artificial intelligence leads to real feelings?	SCORE_S13_ENTM_PlayerIcon_MassAttraction			64		
13	S13_R64_pyrotechnic_kit		Pyrotechnic Kit	0	TRUE				/wp-content/uploads/season_images/score_s13_camp_decor_pyrotechnickit.avif	Want to walk away from explosions and stay safe? Then add the Pyrotechnic Kit to your C.A.M.P. today!  - C.A.M.P. ITEMS APPEAR WHILE IN C.A.M.P. MODE. -	SCORE_S13_ENTM_CAMP_Decor_PyrotechnicKit			64		
13	S13_R65_art_deco_theater_wallpaper		Art Deco Theater Wallpaper	0					/wp-content/uploads/season_images/score_s13_camp_wallpaper_artdecotheater.avif	Decorate your home theater with this classy Art Deco Theater Wallpaper!  - WALLPAPER ITEMS APPEAR WHILE IN C.A.M.P. EDIT MODE. -	SCORE_S13_ENTM_CAMP_WallPaper_ArtDecoTheater			65		
13	S13_R65_carry_weight_booster		Carry Weight Booster x 5	0	TRUE			carry_weight_booster	/wp-content/uploads/season_images/utility/score_utility_carryweight.avif					65		
13	S13_R66_scout_s_banner		Scout's Banner x 3	0					/wp-content/uploads/season_images/utility/score_coen_utility_banner.avif					66		
13	S13_R67_film_reel_backpack_flair		Film Reel Backpack Flair	0					/wp-content/uploads/season_images/score_s13_skin_backpackflair_filmreel.avif	You'll always have your favorite movie within arm's reach with this Film Reel Flair!  - SKIN IS CRAFTABLE AT WEAPON WORKBENCHES. -	SCORE_S13_ENTM_Skin_BackpackFlair_FilmReel			67		
13	S13_R67_red_carpet_rug		Red Carpet Rug	0	TRUE				/wp-content/uploads/season_images/score_s13_camp_floordecor_rug_redcarpetrug.avif	Walk with style on this luxurious Red Carpet!  - C.A.M.P. ITEMS APPEAR WHILE IN C.A.M.P. MODE. -	SCORE_S13_ENTM_CAMP_FloorDecor_Rug_RedCarpetRug			67		
13	S13_R68_golden_hellcat_power_armor_paint		Golden Hellcat Power Armor Paint	0					/wp-content/uploads/season_images/score_s13_skin_powerarmor_paint_hellcat_golden.avif	Battle your enemies in style with this Hollywood styled Golden Power Armor!  - SKIN IS CRAFTABLE AT POWER ARMOR STATIONS. -	SCORE_S13_ENTM_Skin_PowerArmor_Paint_Hellcat_Golden			68		
13	S13_R69_gold_bullion		Gold Bullion x 100	0				gold_bullion	/wp-content/uploads/season_images/utility/score_currency_bullion.avif					69		
13	S13_R69_legendary_scrip		Legendary Scrip x 250	0	TRUE			legendary_scrip	/wp-content/uploads/season_images/utility/score_currency_scrip.avif					69		
13	S13_R70_atoms		Atoms x 150	0				atoms	/wp-content/uploads/season_images/utility/score_currency_atoms.avif					70		
13	S13_R70_scout_s_banner		Scout's Banner x 3	0	TRUE				/wp-content/uploads/season_images/utility/score_coen_utility_banner.avif					70		
13	S13_R71_director_s_chair		Director's Chair	0	TRUE				/wp-content/uploads/season_images/score_s13_camp_furniture_chair_directorschair.avif	It's your time to call the shots all from the comfort of your very own Director's Chair!  - C.A.M.P. ITEMS APPEAR WHILE IN C.A.M.P. MODE. -	SCORE_S13_ENTM_CAMP_Furniture_Chair_DirectorsChair			71		
13	S13_R71_nuclear_keycard		Nuclear Keycard x 5	0				nuclear_keycard	/wp-content/uploads/season_images/utility/score_utility_nuclearkeycard.avif					71		
13	S13_R72_chinese_stealth_suit_woodland_camouflage_paint		Chinese Stealth Suit Woodland Camouflage Paint	0					/wp-content/uploads/season_images/score_s13_skin_armorskin_chinese_stealth_armor_camo_woodland.avif	Be extra stealthy with the Woodland Camouflage Paint for the Chinese Stealth Armor.  - SKIN IS CRAFTABLE AT ARMOR WORKBENCHES. -	SCORE_S13_ENTM_Skin_ArmorSkin_Chinese_Stealth_Armor_Camo_Woodland			72		
13	S13_R73_popcorn_emote		Popcorn Emote	0	TRUE				/wp-content/uploads/guide-images/atom-shop/emotes/Popcorn.webp	Grab a snack and enjoy the show.  - UNLOCKS AN EMOTE OPTION. -	SCORE_S13_ENTM_Emotes_EatingPopcorn			73		
13	S13_R73_score_booster		SCORE Booster x 1	0					/wp-content/uploads/season_images/utility/score_utility_scorebooster.avif					73		
13	S13_R74_motorcycle_stuntman_player_icon		Player Icon: Motorcycle Stuntman	0		playerIcon	Motorcycle Stuntman	player_icon	/wp-content/uploads/guide-images/atom-shop/player-icons/atx_playericon_s13_motorcycle.avif	Baby on board!  - UNLOCKS A PLAYER ICON. -	SCORE_S13_ENTM_PlayerIcon_NuclearStuntman			74		
13	S13_R75_10_score_boost		10% S.C.O.R.E. Boost	0	TRUE			score_booster	/wp-content/uploads/season_images/utility/score_s24_account_scoreboost_1.avif	Gain another 10% bonus S.C.O.R.E. when you complete challenges for the rest of Season 13!  - UNLOCKS BOOST FOR ALL CHARACTERS ON YOUR ACCOUNT. -  - BONUS IS APPLIED TO BASE CHALLENGE S.C.O.R.E.. -  - DOES NOT APPLY TO PREVIOUSLY COMPLETED CHALLENGES. -	SCORE_S13_ENTM_Account_ScoreBoost_3			75		
13	S13_R75_gold_bullion		Gold Bullion x 250	0				gold_bullion	/wp-content/uploads/season_images/utility/score_currency_bullion.avif					75		
13	S13_R76_hollywood_gramophone		Hollywood Gramophone	0					/wp-content/uploads/season_images/score_s13_camp_utility_gramophone_hollywood.avif	Give your C.A.M.P. a soundtrack with the Hollywood Gramophone!  - C.A.M.P. ITEMS APPEAR WHILE IN C.A.M.P. MODE. -	SCORE_S13_ENTM_CAMP_Utility_Gramophone_Hollywood			76		
13	S13_R77_basic_repair_kit		Basic Repair Kit x 5	0				repair_kit	/wp-content/uploads/season_images/utility/atx_utility_repairkit_basic.avif					77		
13	S13_R77_western_movie_set_facade		Western Movie Set Facade	0	TRUE				/wp-content/uploads/season_images/score_s13_camp_misc_moviesetfacade_western.avif	Create your own faux western town with the Movie Set Facade collection!  - C.A.M.P. ITEMS APPEAR WHILE IN C.A.M.P. MODE. -	SCORE_S13_ENTM_CAMP_Misc_MovieSetFacade_Western			77		
13	S13_R78_golden_t_65_power_armor_paint		Golden T-65 Power Armor Paint	0					/wp-content/uploads/season_images/score_s13_skin_powerarmor_paint_t65_golden.avif	Battle your enemies in style with this Hollywood styled Golden Power Armor!  - SKIN IS CRAFTABLE AT POWER ARMOR STATIONS. -	SCORE_S13_ENTM_Skin_PowerArmor_Paint_T65_Golden			78		
13	S13_R79_gold_bullion		Gold Bullion x 250	0	TRUE			gold_bullion	/wp-content/uploads/season_images/utility/score_currency_bullion.avif					79		
13	S13_R79_stamps		Stamps x 5	0					/wp-content/uploads/season_images/utility/score_currency_stamps.avif					79		
13	S13_R80_atoms		Atoms x 150	0				atoms	/wp-content/uploads/season_images/utility/score_currency_atoms.avif					80		
13	S13_R81_caps		Caps x 2500	0				caps	/wp-content/uploads/season_images/utility/score_currency_caps.avif					81		
13	S13_R81_gilded_paint_gatling_gun		Gilded Paint (Gatling Gun)	0	TRUE				/wp-content/uploads/season_images/score_s13_skin_weaponskin_gatlinggun_gilded_copy01.avif	"Put the ""flash"" in ""muzzle flash"" with this Gatling Gun Gilded Paint.  - SKIN IS CRAFTABLE AT WEAPON WORKBENCHES. -"	SCORE_S13_ENTM_Skin_WeaponSkin_GatlingGun_Gilded_Copy01			81		
13	S13_R82_golden_rope_barrier		Golden Rope Barrier	0					/wp-content/uploads/season_images/score_s13_camp_floordecor_goldenropebarrier.avif	Make your C.A.M.P. feel exclusive AND keep the riffraff out with this Golden Rope Barrier.  - C.A.M.P. ITEMS APPEAR WHILE IN C.A.M.P. MODE. -	SCORE_S13_ENTM_CAMP_FloorDecor_GoldenRopeBarrier			82		
13	S13_R82_re_roller		Re-Roller x 3	0	TRUE				/wp-content/uploads/season_images/utility/score_utility_reroller.avif					82		
13	S13_R83_the_devil_s_moon_movie_projector		The Devil's Moon Movie Projector	0					/wp-content/uploads/season_images/score_s13_camp_floordecor_movieprojector.avif	Movie Projector	SCORE_S13_ENTM_CAMP_FloorDecor_MovieProjector			83		
13	S13_R84_carry_weight_booster		Carry Weight Booster x 5	0				carry_weight_booster	/wp-content/uploads/season_images/utility/score_utility_carryweight.avif					84		
13	S13_R84_popcorn_loot_bag		Popcorn Loot Bag	0	TRUE				/wp-content/uploads/season_images/score_s13_skin_lootbag_popcorn.avif	Why don't you pop some of those items into this  popping Popcorn Loot Bag!  This item replaces the appearance of your dropped Paper Bag.  - UNLOCKS A PLAYER LOOT BAG SKIN FOR ALL CHARACTERS. -	SCORE_S13_ENTM_Skin_LootBag_Popcorn			84		
13	S13_R85_camera_pack_backpack		Camera Pack Backpack	0					/wp-content/uploads/season_images/score_s13_skin_backpack_camerapack.avif	Never be caught without your movie camera with the Camera Pack Backpack!  This skin can be applied to both the Small and Standard Backpack as a mod.   - SKIN IS CRAFTABLE AT ARMOR WORKBENCHES. -	SCORE_S13_ENTM_Skin_Backpack_CameraPack			85		
13	S13_R86_basic_repair_kit		Basic Repair Kit x 5	0	TRUE			repair_kit	/wp-content/uploads/season_images/utility/atx_utility_repairkit_basic.avif					86		
13	S13_R86_hollywood_stars_floor_and_foundations		Hollywood Stars Floor and Foundations	0					/wp-content/uploads/season_images/score_s13_camp_floor_hollywoodstars.avif	Walk among the stars with this classy Hollywood Stars Floor!  - C.A.M.P. ITEMS APPEAR WHILE IN C.A.M.P. MODE. -	SCORE_S13_ENTM_CAMP_Floor_HollywoodStars			86		
13	S13_R87_lunchbox		Lunchbox x 5	0				lunchbox	/wp-content/uploads/season_images/utility/atx_store_lunchbox001.avif					87		
13	S13_R88_golden_union_power_armor_paint		Golden Union Power Armor Paint	0					/wp-content/uploads/season_images/score_s13_skin_powerarmor_paint_union_golden.avif	Battle your enemies in style with this Hollywood styled Golden Power Armor!  - SKIN IS CRAFTABLE AT POWER ARMOR STATIONS. -	SCORE_S13_ENTM_Skin_PowerArmor_Paint_Union_Golden			88		
13	S13_R88_perk_card_pack		Perk Card Pack x 3	0	TRUE			perk_card_pack	/wp-content/uploads/season_images/utility/score_item_perkcardpack.avif					88		
13	S13_R89_hollywood_vanity		Hollywood Vanity	0					/wp-content/uploads/season_images/score_s13_camp_utility_hollywoodvanity.avif	Better get ready for your close up!  - Using the Hollywood Vanity will grant a temporary Charisma stat Boost -  - C.A.M.P. ITEMS APPEAR WHILE IN C.A.M.P. MODE. -	SCORE_S13_ENTM_CAMP_Utility_HollywoodVanity			89		
13	S13_R90_atoms		Atoms x 150	0				atoms	/wp-content/uploads/season_images/utility/score_currency_atoms.avif					90		
13	S13_R90_honk_honk_stab_stab_movie_poster		Honk Honk Stab Stab Movie Poster	0	TRUE				/wp-content/uploads/season_images/score_s13_camp_walldecor_movieposter_honkhonkstabstab.avif	Put the laughter into slaughter	SCORE_S13_ENTM_CAMP_WallDecor_MoviePoster_HonkHonkStabStab			90		
13	S13_R91_gold_bullion		Gold Bullion x 250	0				gold_bullion	/wp-content/uploads/season_images/utility/score_currency_bullion.avif					91		
13	S13_R92_legendary_scrip		Legendary Scrip x 250	0				legendary_scrip	/wp-content/uploads/season_images/utility/score_currency_scrip.avif					92		
13	S13_R92_neon_light_set		Neon Light Set	0	TRUE				/wp-content/uploads/season_images/score_s13_camp_lights_neonlightset.avif	Give your C.A.M.P. a moody ambiance and let your creativity run wild with the Neon Light set!  - C.A.M.P. ITEMS APPEAR WHILE IN C.A.M.P. MODE. -	SCORE_S13_ENTM_CAMP_Lights_NeonLightSet			92		
13	S13_R93_star_studded_stein		Star-Studded Stein	0					/wp-content/uploads/season_images/score_s13_camp_floordecor_stein_starstudded.avif	You'll be the toast of Hollywood with this Star-Studded Stein! (Champagne not included).  - C.A.M.P. ITEMS APPEAR WHILE IN C.A.M.P. MODE. -	SCORE_S13_ENTM_CAMP_FloorDecor_Stein_StarStudded			93		
13	S13_R94_blue_devil_poster		Blue Devil Poster	0					/wp-content/uploads/season_images/score_s13_camp_walldecor_bluedevilcryptid_poster.avif	Display your love for the Blue Devil with this collectable cryptid poster!  - C.A.M.P. ITEMS APPEAR WHILE IN C.A.M.P. MODE. -	SCORE_S13_ENTM_CAMP_WallDecor_BlueDevilCryptid_Poster			94		
13	S13_R94_rubber_monster_outfit		Rubber Monster Outfit	0	TRUE				/wp-content/uploads/season_images/score_s13_apparel_outfit_rubbermonster.avif	Wreak havoc on Appalachia in this one of a kind Rubber Monster Outfit.  - APPAREL IS CRAFTABLE AT ARMOR WORKBENCHES. -	SCORE_S13_ENTM_Apparel_Outfit_RubberMonster			94		
13	S13_R95_theater_marquee		Theater Marquee	0					/wp-content/uploads/season_images/score_s13_camp_walldecor_theatermarquee.avif	Show your friends what's playing with this classic Theater Marquee!  - C.A.M.P. ITEMS APPEAR WHILE IN C.A.M.P. MODE. -	SCORE_S13_ENTM_CAMP_WallDecor_TheaterMarquee			95		
13	S13_R96_gold_bullion		Gold Bullion x 250	0	TRUE			gold_bullion	/wp-content/uploads/season_images/utility/score_currency_bullion.avif					96		
13	S13_R96_wait_for_me_emote		Wait For Me Emote	0					/wp-content/uploads/guide-images/atom-shop/emotes/Wait For Me.webp	Tell your friends to hold up, you need a minute.  - UNLOCKS AN EMOTE OPTION. -	SCORE_S13_ENTM_Emotes_WaitForMe			96		
13	S13_R97_marquee_letters_set		Marquee Letters Set	0					/wp-content/uploads/season_images/score_s13_camp_walldeco_letters_marquee.avif	Let your friends know what's showing with the Marquee Letters Set!  This set includes a unique, placeable item for each letter of the alphabet, numbers, and some punctuation!  - C.A.M.P. ITEMS APPEAR WHILE IN C.A.M.P. MODE. -	SCORE_S13_ENTM_CAMP_WallDeco_Letters_Marquee			97		
13	S13_R98_large_goldie_award		Large Goldie Award	0	TRUE				/wp-content/uploads/season_images/score_s13_camp_floordecor_goldiesaward_large.avif	And the Goldie goes to... You! Celebrate your greatness with this lifesize Large Goldie Award!  - C.A.M.P. ITEMS APPEAR WHILE IN C.A.M.P. MODE. -	SCORE_S13_ENTM_CAMP_FloorDecor_GoldiesAward_Large			98		
13	S13_R98_perk_coin		Perk Coin x 50	0				perk_coins	/wp-content/uploads/season_images/utility/score_currency_perkcoin.avif					98		
13	S13_R99_goldie_award		Goldie Award	0					/wp-content/uploads/season_images/score_s13_camp_floordecor_goldiesaward_small.avif	And the Goldie goes to... You! Celebrate your greatness with this Goldie Award.  - C.A.M.P. ITEMS APPEAR WHILE IN C.A.M.P. MODE. -	SCORE_S13_ENTM_CAMP_FloorDecor_GoldiesAward_Small			99		
13	S13_R100_atoms		Atoms x 500	0				atoms	/wp-content/uploads/season_images/utility/score_currency_atoms.avif					100		
13	S13_R100_shoot_for_the_stars_player_icon		Player Icon: Shoot for the Stars	0		playerIcon	Shoot for the Stars	player_icon	/wp-content/uploads/guide-images/atom-shop/player-icons/atx_playericon_s13_shootforthestars.avif	Will you top the box office or produce a flop?  - UNLOCKS A PLAYER ICON. -	SCORE_S13_ENTM_PlayerIcon_ShootForTheStars			100		
13	S13_R100_shoot_for_the_stars_gameboard		Shoot For The Stars Gameboard	0					/wp-content/uploads/season_images/score_s13_camp_walldecor_s13boardhollywood.avif	Celebrate your rise to stardom with the Shoot For The Stars Gameboard!  - C.A.M.P. ITEMS APPEAR WHILE IN C.A.M.P. MODE. -	SCORE_S13_ENTM_CAMP_WallDecor_S13BoardHollywood			100		
13	S13_R100_sound_stage_shelter		Sound Stage Shelter	0					/wp-content/uploads/season_images/score_s13_shelters_shelterentrance_soundstage.avif					100		
13	S13_R100_studio_camera		Studio Camera	0	TRUE				/wp-content/uploads/season_images/score_s13_camp_floordecor_studiocamera.avif	Lights, camera, and action! Go Hollywood with the Studio Camera for your C.A.M.P.  - C.A.M.P. ITEMS APPEAR WHILE IN C.A.M.P. MODE. -	SCORE_S13_ENTM_CAMP_FloorDecor_StudioCamera			100		
13	S13_P3_apparel_outfit_blueridgescout		Blue Ridge Scout Outfit	0					/wp-content/uploads/season_images/score_s13_apparel_outfit_blueridgescout.webp	Fit right in with the Blue Ridge Caravan Company with this Blue Ridge Scout outfit!  - APPAREL IS CRAFTABLE AT ARMOR WORKBENCHES. -	zzzSCORE_S13_ENTM_Apparel_Outfit_BlueRidgeScout					
14	S14_R2_re_roller		Re-Roller x 3	0	TRUE				/wp-content/uploads/season_images/utility/score_utility_reroller.avif					2		
14	S14_R2_score_booster		SCORE Booster x 1	0					/wp-content/uploads/season_images/utility/score_utility_scorebooster.avif					2		
14	S14_R3_alaskan_winter_leather_armor_paint		Alaskan Winter Leather Armor Paint	0					/wp-content/uploads/season_images/score_s14_skin_armorskin_leather_alaskanwinter.avif	Stay frosty with this stylish Alaskan Winter Leather Armor Paint.  - SKIN IS CRAFTABLE AT ARMOR WORKBENCHES. -	SCORE_S14_ENTM_Skin_ArmorSkin_Leather_AlaskanWinter			3		
14	S14_R4_carry_weight_booster		Carry Weight Booster x 3	0	TRUE			carry_weight_booster	/wp-content/uploads/season_images/utility/score_utility_carryweight.avif					4		
14	S14_R4_eagle_balloon_player_icon		Player Icon: Eagle Balloon	0		playerIcon	Eagle Balloon	player_icon	/wp-content/uploads/guide-images/atom-shop/player-icons/atx_playericon_s14_eagleballoon.avif	There, up in the sky! Is it a bird? Is it a balloon? Yes.  - UNLOCKS A PLAYER ICON. -	SCORE_S14_ENTM_PlayerIcon_EagleBalloon			4		
14	S14_R5_presidential_paint_light_machine_gun		Presidential Paint (Light Machine Gun)	0					/wp-content/uploads/season_images/score_s14_skin_weaponskin_mg42_presidential.avif	Give your weapon a touch of class with this Presidential Light Machine Gun Paint!  - SKIN IS CRAFTABLE AT WEAPON WORKBENCHES. -	SCORE_S14_ENTM_Skin_WeaponSkin_MG42_Presidential			5		
14	S14_R6_beware_of_deathclaw_sign		Beware of Deathclaw Sign	0	TRUE				/wp-content/uploads/season_images/score_s14_camp_walldecor_bewareofdeathclawsign.avif	Deathclaws in your backyard? Hang this sign to warn any couriers!  - C.A.M.P. ITEMS APPEAR WHILE IN C.A.M.P. MODE. -	SCORE_S14_ENTM_CAMP_WallDecor_BewareOfDeathclawSign			6		
14	S14_R6_lunchbox		Lunchbox x 3	0				lunchbox	/wp-content/uploads/season_images/utility/atx_store_lunchbox001.avif					6		
14	S14_R7_army_posters		Army Posters	0					/wp-content/uploads/season_images/score_s14_camp_walldecor_recruitmentposter.avif	Support the troops with this set of Army Posters!  - C.A.M.P. ITEMS APPEAR WHILE IN C.A.M.P. MODE. -	SCORE_S14_ENTM_CAMP_WallDecor_RecruitmentPoster			7		
14	S14_R8_lunchbox		Lunchbox x 3	0	TRUE			lunchbox	/wp-content/uploads/season_images/utility/atx_store_lunchbox001.avif					8		
14	S14_R8_presidential_t_45_power_armor_paint		Presidential T-45 Power Armor Paint	0					/wp-content/uploads/season_images/score_s14_skin_powerarmor_paint_t45_presidential.avif	Defend your country while looking your best in this Presidential Power Armor Paint.  - SKIN IS CRAFTABLE AT POWER ARMOR STATIONS. -	SCORE_S14_ENTM_Skin_PowerArmor_Paint_T45_Presidential			8		
14	S14_R9_revolution_painting		Fight For Freedom: Revolution Painting	0					/wp-content/uploads/season_images/score_s14_camp_walldecor_painting_freedom01.avif	Celebrate the long history of American victories with the Fight For Freedom: Revolution Painting!  - C.A.M.P. ITEMS APPEAR WHILE IN C.A.M.P. MODE. -	SCORE_S14_ENTM_CAMP_WallDecor_Painting_Freedom01			9		
14	S14_R10_atoms		Atoms x 150	0				atoms	/wp-content/uploads/season_images/utility/score_currency_atoms.avif					10		
14	S14_R10_presidential_state_car_player_icon		Player Icon: Presidential State Car	0	TRUE	playerIcon	Presidential State Car	player_icon	/wp-content/uploads/guide-images/atom-shop/player-icons/atx_playericon_s14_presidentialcar.avif	Ride with authority and style!  - UNLOCKS A PLAYER ICON. -	SCORE_S14_ENTM_PlayerIcon_StateCar			10		
14	S14_R11_caps		Caps x 500	0				caps	/wp-content/uploads/season_images/utility/score_currency_caps.avif					11		
14	S14_R12_birthday_banner		Birthday Banner	0					/wp-content/uploads/season_images/score_s14_camp_walldecor_birthdaybanner.avif	Throw yourself a party with this Birthday Banner!  - C.A.M.P. ITEMS APPEAR WHILE IN C.A.M.P. MODE. -	SCORE_S14_ENTM_CAMP_WallDecor_BirthdayBanner			12		
14	S14_R12_perk_card_pack		Perk Card Pack x 1	0	TRUE			perk_card_pack	/wp-content/uploads/season_images/utility/score_item_perkcardpack.avif					12		
14	S14_R13_alaskan_winter_metal_armor_paint		Alaskan Winter Metal Armor Paint	0					/wp-content/uploads/season_images/score_s14_skin_armorskin_metal_alaskanwinter.avif	Stay frosty with this stylish Alaskan Winter Metal Armor Paint.  - SKIN IS CRAFTABLE AT ARMOR WORKBENCHES. -	SCORE_S14_ENTM_Skin_ArmorSkin_Metal_AlaskanWinter			13		
14	S14_R13_legendary_scrip		Legendary Scrip x 100	0	TRUE			legendary_scrip	/wp-content/uploads/season_images/utility/score_currency_scrip.avif					13		
14	S14_R14_grafton_poster		Grafton Poster	0					/wp-content/uploads/season_images/score_s13_camp_walldecor_graftonmonstercryptid_poster.avif	Display your love for the Grafton Monster with this collectable cryptid poster!  - C.A.M.P. ITEMS APPEAR WHILE IN C.A.M.P. MODE. -	SCORE_S13_ENTM_CAMP_WallDecor_GraftonMonsterCryptid_Poster			14		
14	S14_R15_5_score_boost		5% S.C.O.R.E. Boost	0	TRUE			score_booster	/wp-content/uploads/season_images/utility/score_s24_account_scoreboost_1.avif	Gain 5% bonus S.C.O.R.E. when you complete challenges for the rest of Season 14!  - UNLOCKS BOOST FOR ALL CHARACTERS ON YOUR ACCOUNT. -  - BONUS IS APPLIED TO BASE CHALLENGE S.C.O.R.E. -  - DOES NOT APPLY TO PREVIOUSLY COMPLETED CHALLENGES. -	SCORE_S14_ENTM_Account_ScoreBoost_1			15		
14	S14_R15_re_roller		Re-Roller x 3	0					/wp-content/uploads/season_images/utility/score_utility_reroller.avif					15		
14	S14_R16_stamps		Stamps x 5	0					/wp-content/uploads/season_images/utility/score_currency_stamps.avif					16		
14	S14_R17_carved_eagle_weapon_rack		Carved Eagle Weapon Rack	0					/wp-content/uploads/season_images/score_s14_camp_walldeco_display_gunrack_mountedeagle.avif	Proudly display your favorite weapon on this patriotic Carved Eagle Weapon Rack!  - C.A.M.P. ITEMS APPEAR WHILE IN C.A.M.P. MODE. -	SCORE_S14_ENTM_CAMP_WallDeco_Display_GunRack_MountedEagle			17		
14	S14_R17_legendary_module		Legendary Module x 5	0	TRUE			legendary_module	/wp-content/uploads/season_images/utility/score_game_legendarymodule.avif					17		
14	S14_R18_presidential_excavator_power_armor_paint		Presidential Excavator Power Armor Paint	0					/wp-content/uploads/season_images/score_s14_skin_powerarmor_paint_excavator_presidential.avif	Defend your country while looking your best in this Presidential Power Armor Paint.  - SKIN IS CRAFTABLE AT POWER ARMOR STATIONS. -	SCORE_S14_ENTM_Skin_PowerArmor_Paint_Excavator_Presidential			18		
14	S14_R19_enclave_ammo_storage_box		Enclave Ammo Storage Box	0	TRUE				/wp-content/uploads/season_images/score_s14_utility_ammostoragebox_enclave.avif	Keep your secrets and ammunition safe within the Enclave Ammo Storage Box!  - C.A.M.P. ITEMS APPEAR WHILE IN C.A.M.P. MODE. -	SCORE_S14_ENTM_Utility_AmmoStorageBox_Enclave			19		
14	S14_R19_scout_s_banner		Scout's Banner x 3	0					/wp-content/uploads/season_images/utility/score_coen_utility_banner.avif					19		
14	S14_R20_atoms		Atoms x 150	0				atoms	/wp-content/uploads/season_images/utility/score_currency_atoms.avif					20		
14	S14_R21_caps		Caps x 1000	0				caps	/wp-content/uploads/season_images/utility/score_currency_caps.avif					21		
14	S14_R21_gold_bullion		Gold Bullion x 100	0	TRUE			gold_bullion	/wp-content/uploads/season_images/utility/score_currency_bullion.avif					21		
14	S14_R22_firework_launcher		Firework Launcher	0					/wp-content/uploads/season_images/score_s14_camp_decor_pyrotechnickit_fireworklauncher.avif	Make every day feel like the 4th of July with the Firework Launcher!  - C.A.M.P. ITEMS APPEAR WHILE IN C.A.M.P. MODE. -	SCORE_S14_ENTM_CAMP_Decor_PyrotechnicKit_FireworkLauncher			22		
14	S14_R23_alaskan_winter_robot_armor_paint		Alaskan Winter Robot Armor Paint	0					/wp-content/uploads/season_images/score_s14_skin_armorskin_robot_alaskanwinter.avif	Stay frosty with this stylish Alaskan Winter Robot Armor Paint.  - SKIN IS CRAFTABLE AT ARMOR WORKBENCHES. -	SCORE_S14_ENTM_Skin_ArmorSkin_Robot_AlaskanWinter			23		
14	S14_R23_re_roller		Re-Roller x 3	0	TRUE				/wp-content/uploads/season_images/utility/score_utility_reroller.avif					23		
14	S14_R24_army_tank_player_icon		Player Icon: Army Tank	0		playerIcon	Army Tank	player_icon	/wp-content/uploads/guide-images/atom-shop/player-icons/atx_playericon_s14_tank.avif	The road to war is best driven in tanks!  - UNLOCKS A PLAYER ICON. -	SCORE_S14_ENTM_PlayerIcon_ArmyTank			24		
14	S14_R25_ground_military_vehicle_set		Ground Military Vehicle Set	0					/wp-content/uploads/season_images/score_s14_camp_floordecor_militaryvehicles_jta.avif	Create your own mini battlefield with this Ground Military Vehicle Set!  - C.A.M.P. ITEMS APPEAR WHILE IN C.A.M.P. MODE. -	SCORE_S14_ENTM_CAMP_FloorDecor_MilitaryVehicles_JTA			25		
14	S14_R26_score_booster		SCORE Booster x 1	0					/wp-content/uploads/season_images/utility/score_utility_scorebooster.avif					26		
14	S14_R26_tricycle		Tricycle	0	TRUE				/wp-content/uploads/season_images/score_s14_camp_floordecor_tricycle.avif	Show off your playful side with this Tricycle!  - C.A.M.P. ITEMS APPEAR WHILE IN C.A.M.P. MODE. -	SCORE_S14_ENTM_CAMP_FloorDecor_Tricycle			26		
14	S14_R27_legendary_module		Legendary Module x 5	0				legendary_module	/wp-content/uploads/season_images/utility/score_game_legendarymodule.avif					27		
14	S14_R28_presidential_t_51_power_armor_paint		Presidential T-51 Power Armor Paint	0					/wp-content/uploads/season_images/score_s14_skin_powerarmor_paint_t51_presidential.avif	Defend your country while looking your best in this Presidential Power Armor Paint.  - SKIN IS CRAFTABLE AT POWER ARMOR STATIONS. -	SCORE_S14_ENTM_Skin_PowerArmor_Paint_T51_Presidential			28		
14	S14_R28_scout_s_banner		Scout's Banner x 3	0	TRUE				/wp-content/uploads/season_images/utility/score_coen_utility_banner.avif					28		
14	S14_R29_legendary_scrip		Legendary Scrip x 100	0				legendary_scrip	/wp-content/uploads/season_images/utility/score_currency_scrip.avif					29		
14	S14_R30_air_military_vehicle_set		Air Military Vehicle Set	0	TRUE				/wp-content/uploads/season_images/score_s14_camp_floordecor_militaryvehicles_pv.avif	Create your own mini fight for the skies with this Air Military Vehicle Set!  - C.A.M.P. ITEMS APPEAR WHILE IN C.A.M.P. MODE. -	SCORE_S14_ENTM_CAMP_FloorDecor_MilitaryVehicles_PV			30		
14	S14_R30_atoms		Atoms x 150	0				atoms	/wp-content/uploads/season_images/utility/score_currency_atoms.avif					30		
14	S14_R31_gold_bullion		Gold Bullion x 100	0				gold_bullion	/wp-content/uploads/season_images/utility/score_currency_bullion.avif					31		
14	S14_R32_patriotic_photomode_frame		Patriotic Photomode Frame	0					/wp-content/uploads/season_images/score_s14_photomode_frame_usapatriot.avif	Show off your love for America with this Patriotic Photomode frame!  - UNLOCKS A PHOTOMODE FRAME. -	SCORE_S14_ENTM_Photomode_Frame_USAPatriot			32		
14	S14_R32_score_booster		SCORE Booster x 1	0	TRUE				/wp-content/uploads/season_images/utility/score_utility_scorebooster.avif					32		
14	S14_R33_alaskan_winter_marine_armor_paint		Alaskan Winter Marine Armor Paint	0					/wp-content/uploads/season_images/score_s14_skin_armorskin_marine_alaskanwinter.avif	Stay frosty with this stylish Alaskan Winter Marine Armor Paint.  - SKIN IS CRAFTABLE AT ARMOR WORKBENCHES. -	SCORE_S14_ENTM_Skin_ArmorSkin_Marine_AlaskanWinter			33		
14	S14_R34_storming_the_beach_painting		Fight For Freedom: Storming the Beach Painting	0					/wp-content/uploads/season_images/score_s14_camp_walldecor_painting_freedom02.avif	Celebrate the long history of American victories with the Fight For Freedom: Storming the Beach Painting!  - C.A.M.P. ITEMS APPEAR WHILE IN C.A.M.P. MODE. -	SCORE_S14_ENTM_CAMP_WallDecor_Painting_Freedom02			34		
14	S14_R34_stamps		Stamps x 5	0	TRUE				/wp-content/uploads/season_images/utility/score_currency_stamps.avif					34		
14	S14_R35_lite_ally_grandma_junko		Lite Ally: Grandma Junko	0					/wp-content/uploads/season_images/score_s14_camp_ally_grandmajunko.avif	Welcome this sweet old lady to your C.A.M.P.!  - ALLIES  APPEAR ONCE THEIR FURNITURE IS PLACED IN C.A.M.P. MODE. -	SCORE_S14_ENTM_CAMP_Ally_GrandmaJunko			35		
14	S14_R36_basic_repair_kit		Basic Repair Kit x 5	0	TRUE			repair_kit	/wp-content/uploads/season_images/utility/atx_utility_repairkit_basic.avif					36		
14	S14_R36_carry_weight_booster		Carry Weight Booster x 3	0				carry_weight_booster	/wp-content/uploads/season_images/utility/score_utility_carryweight.avif					36		
14	S14_R37_presidential_paint_50_cal_machine_gun		Presidential Paint (.50 Cal Machine Gun)	0					/wp-content/uploads/season_images/score_s14_skin_weaponskin_50calmachinegun_presidential.avif	Give your weapon a touch of class with this Presidential .50 Cal Machine Gun Paint!  - SKIN IS CRAFTABLE AT WEAPON WORKBENCHES. -	SCORE_S14_ENTM_Skin_WeaponSkin_50calMachineGun_Presidential			37		
14	S14_R38_presidential_address_photomode_frame		Presidential Address Photomode Frame	0	TRUE				/wp-content/uploads/season_images/score_s14_photomode_frame_presidentialaddress.avif	Win the hearts and minds of America with this Presidential Address photoframe!  - UNLOCKS A PHOTOMODE FRAME. -	SCORE_S14_ENTM_Photomode_Frame_PresidentialAddress			38		
14	S14_R38_presidential_t_60_power_armor_paint		Presidential T-60 Power Armor Paint	0					/wp-content/uploads/season_images/score_s14_skin_powerarmor_paint_t60_presidential.avif	Defend your country while looking your best in this Presidential Power Armor Paint.  - SKIN IS CRAFTABLE AT POWER ARMOR STATIONS. -	SCORE_S14_ENTM_Skin_PowerArmor_Paint_T60_Presidential			38		
14	S14_R39_perk_card_pack		Perk Card Pack x 1	0				perk_card_pack	/wp-content/uploads/season_images/utility/score_item_perkcardpack.avif					39		
14	S14_R40_american_stripes_camera_paint		American Stripes Camera Paint	0	TRUE				/wp-content/uploads/season_images/score_s14_skin_weaponskin_camera_americanstripes.avif	Take pictures like a patriot with this American Stripes Camera Paint!  - SKIN IS CRAFTABLE AT WEAPON WORKBENCHES. -	SCORE_S14_ENTM_Skin_WeaponSkin_Camera_AmericanStripes			40		
14	S14_R40_atoms		Atoms x 150	0				atoms	/wp-content/uploads/season_images/utility/score_currency_atoms.avif					40		
14	S14_R41_caps		Caps x 1000	0				caps	/wp-content/uploads/season_images/utility/score_currency_caps.avif					41		
14	S14_R42_legendary_scrip		Legendary Scrip x 250	0	TRUE			legendary_scrip	/wp-content/uploads/season_images/utility/score_currency_scrip.avif					42		
14	S14_R42_presidential_seal_player_icon		Player Icon: Presidential Seal	0		playerIcon	Presidential Seal	player_icon	/wp-content/uploads/guide-images/atom-shop/player-icons/atx_playericon_s14_presidentialseal.avif	E pluribus unum	SCORE_S14_ENTM_PlayerIcon_PresidentialSeal			42		
14	S14_R43_alaskan_winter_combat_armor_paint		Alaskan Winter Combat Armor Paint	0					/wp-content/uploads/season_images/score_s14_skin_armorskin_combat_alaskanwinter.avif	Stay frosty with this stylish Alaskan Winter Combat Armor Paint.  - SKIN IS CRAFTABLE AT ARMOR WORKBENCHES. -	SCORE_S14_ENTM_Skin_ArmorSkin_Combat_AlaskanWinter			43		
14	S14_R44_lunchbox		Lunchbox x 5	0	TRUE			lunchbox	/wp-content/uploads/season_images/utility/atx_store_lunchbox001.avif					44		
14	S14_R44_wine_rack_display		Wine Rack	0					/wp-content/uploads/season_images/score_s14_camp_display_winerack.avif	Display your favorite drinks on this fine Wine Rack.  - C.A.M.P. ITEMS APPEAR WHILE IN C.A.M.P. MODE. -	SCORE_S14_ENTM_CAMP_Display_WineRack			44		
14	S14_R45_flatwoods_monster_poster		Flatwoods Poster	0					/wp-content/uploads/season_images/score_s13_camp_walldecor_flatwoodsmonstercryptid_poster.avif	Display your love for the Flatwoods Monster with this collectable cryptid poster!  - C.A.M.P. ITEMS APPEAR WHILE IN C.A.M.P. MODE. -	SCORE_S13_ENTM_CAMP_WallDecor_FlatwoodsMonsterCryptid_Poster			45		
14	S14_R46_gold_bullion		Gold Bullion x 250	0	TRUE			gold_bullion	/wp-content/uploads/season_images/utility/score_currency_bullion.avif					46		
14	S14_R46_raider_four_poster_bed		Raider Four-Poster Bed	0					/wp-content/uploads/season_images/score_s14_camp_bed_raiderfourposter.avif	Every morning there's a skull hanging from the corner of this Raider Four-Poster Bed.  - C.A.M.P. ITEMS APPEAR WHILE IN C.A.M.P. MODE. -	SCORE_S14_ENTM_CAMP_Bed_RaiderFourPoster			46		
14	S14_R47_presidential_paint_tesla_rifle		Presidential Paint (Tesla Rifle)	0	TRUE				/wp-content/uploads/season_images/score_s14_skin_weaponskin_teslarifle_presidential.avif	Give your weapon a touch of class with this Presidential Tesla Rifle Paint!  - SKIN IS CRAFTABLE AT WEAPON WORKBENCHES. -	SCORE_S14_ENTM_Skin_WeaponSkin_TeslaRifle_Presidential			47		
14	S14_R47_re_roller		Re-Roller x 3	0					/wp-content/uploads/season_images/utility/score_utility_reroller.avif					47		
14	S14_R48_presidential_x_01_power_armor_paint		Presidential X-01 Power Armor Paint	0					/wp-content/uploads/season_images/score_s14_skin_powerarmor_paint_x01_presidential.avif	Defend your country while looking your best in this Presidential Power Armor Paint.  - SKIN IS CRAFTABLE AT POWER ARMOR STATIONS. -	SCORE_S14_ENTM_Skin_PowerArmor_Paint_X01_Presidential			48		
14	S14_R49_atoms		Atoms x 150	0				atoms	/wp-content/uploads/season_images/utility/score_currency_atoms.avif					49		
14	S14_R49_mothman_poster		Mothman Poster	0	TRUE				/wp-content/uploads/season_images/score_s13_camp_walldecor_mothmancryptid_poster.avif	Display your love for the Mothman with this collectable cryptid poster!  - C.A.M.P. ITEMS APPEAR WHILE IN C.A.M.P. MODE. -	SCORE_S13_ENTM_CAMP_WallDecor_MothmanCryptid_Poster			49		
14	S14_R50_10_score_boost		10% S.C.O.R.E. Boost	0	TRUE			score_booster	/wp-content/uploads/season_images/utility/score_s24_account_scoreboost_1.avif	Gain another 10% bonus S.C.O.R.E. when you complete challenges for the rest of Season 14!  - UNLOCKS BOOST FOR ALL CHARACTERS ON YOUR ACCOUNT. -  - BONUS IS APPLIED TO BASE CHALLENGE S.C.O.R.E.. -  - DOES NOT APPLY TO PREVIOUSLY COMPLETED CHALLENGES. -	SCORE_S14_ENTM_Account_ScoreBoost_3			50		
14	S14_R50_perk_coin		Perk Coin x 25	0				perk_coins	/wp-content/uploads/season_images/utility/score_currency_perkcoin.avif					50		
14	S14_R51_atoms		Atoms x 150	0				atoms	/wp-content/uploads/season_images/utility/score_currency_atoms.avif					51		
14	S14_R52_nuka_cola_pip_boy_paint		Nuka-Cola Pip-Boy Paint	0					/wp-content/uploads/season_images/score_s14_skin_pipboyskin_nukacola.avif	Wear your favorite beverage brand with this Nuka-Cola Pip-Boy Paint!  - SKIN IS CRAFTABLE AT ARMOR WORKBENCHES. -	SCORE_S14_ENTM_Skin_PipBoySkin_NukaCola			52		
14	S14_R52_scout_s_banner		Scout's Banner x 3	0	TRUE				/wp-content/uploads/season_images/utility/score_coen_utility_banner.avif					52		
14	S14_R53_alaskan_winter_scout_armor_paint		Alaskan Winter Scout Armor Paint	0					/wp-content/uploads/season_images/score_s14_skin_armorskin_scout_alaskanwinter.avif	Stay frosty with this stylish Alaskan Winter Scout Armor Paint.  - SKIN IS CRAFTABLE AT ARMOR WORKBENCHES. -	SCORE_S14_ENTM_Skin_ArmorSkin_Scout_AlaskanWinter			53		
14	S14_R54_enclave_case_loot_bag		Enclave Case Loot Bag	0	TRUE				/wp-content/uploads/season_images/score_s14_skin_lootbag_enclave.avif	Keep your secrets and junk tucked safely away within this Enclave Case Loot Bag!  This item replaces the appearance of your dropped Paper Bag.  - UNLOCKS A PLAYER LOOT BAG SKIN FOR ALL CHARACTERS. -	SCORE_S14_ENTM_Skin_LootBag_Enclave			54		
14	S14_R54_legendary_module		Legendary Module x 5	0				legendary_module	/wp-content/uploads/season_images/utility/score_game_legendarymodule.avif					54		
14	S14_R55_chems_signs		Chems Signs	0					/wp-content/uploads/season_images/score_s14_camp_walldecor_chemssign.avif	Inform others of your stance on chem use with these helpful signs!  - C.A.M.P. ITEMS APPEAR WHILE IN C.A.M.P. MODE. -	SCORE_S14_ENTM_CAMP_WallDecor_ChemsSign			55		
14	S14_R56_ceremonial_mace		Ceremonial Mace	0					/wp-content/uploads/season_images/score_s14_skin_weaponskin_ceremonialmace.avif	This ceremonial symbol of office can be used to command respect and as a weapon!  - SKIN IS CRAFTABLE AT WEAPON WORKBENCHES. -  - Works with Lead Pipe, Tire Iron, Baton, Pipe Wrench and Revolutionary Sword. -	SCORE_S14_ENTM_Skin_WeaponSkin_CeremonialMace			56		
14	S14_R56_scrap_kit		Scrap Kit x 6	0	TRUE			scrap_kit	/wp-content/uploads/season_images/utility/atx_utility_repairkit_scraptostash.avif					56		
14	S14_R57_moon_mission_painting		Fight For Freedom: Moon Mission Painting	0	TRUE				/wp-content/uploads/season_images/score_s14_camp_walldecor_painting_freedom03.avif	Celebrate the long history of American victories with the Fight For Freedom: Moon Mission Painting!  - C.A.M.P. ITEMS APPEAR WHILE IN C.A.M.P. MODE. -	SCORE_S14_ENTM_CAMP_WallDecor_Painting_Freedom03			57		
14	S14_R57_scout_s_banner		Scout's Banner x 3	0					/wp-content/uploads/season_images/utility/score_coen_utility_banner.avif					57		
14	S14_R58_presidential_ultracite_power_armor_paint		Presidential Ultracite Power Armor Paint	0					/wp-content/uploads/season_images/score_s14_skin_powerarmor_paint_ultracite_presidential.avif	Defend your country while looking your best in this Presidential Power Armor Paint.  - SKIN IS CRAFTABLE AT POWER ARMOR STATIONS. -	SCORE_S14_ENTM_Skin_PowerArmor_Paint_Ultracite_Presidential			58		
14	S14_R58_stamps		Stamps x 5	0	TRUE				/wp-content/uploads/season_images/utility/score_currency_stamps.avif					58		
14	S14_R59_score_booster		SCORE Booster x 1	0					/wp-content/uploads/season_images/utility/score_utility_scorebooster.avif					59		
14	S14_R60_atoms		Atoms x 150	0				atoms	/wp-content/uploads/season_images/utility/score_currency_atoms.avif					60		
14	S14_R60_gold_bullion		Gold Bullion x 250	0	TRUE			gold_bullion	/wp-content/uploads/season_images/utility/score_currency_bullion.avif					60		
14	S14_R61_enclave_mobile_relay_survival_tent		Enclave Mobile Relay Survival Tent	0	TRUE									61		
14	S14_R61_legendary_scrip		Legendary Scrip x 250	0				legendary_scrip	/wp-content/uploads/season_images/utility/score_currency_scrip.avif					61		
14	S14_R62_oval_office_rug		Oval Office Rug	0					/wp-content/uploads/season_images/score_s14_camp_floordecor_rug_ovalofficerug.avif	Place this Oval Office Rug to give any room that presidential feel.  - C.A.M.P. ITEMS APPEAR WHILE IN C.A.M.P. MODE. -	SCORE_S14_ENTM_CAMP_FloorDecor_Rug_OvalOfficeRug			62		
14	S14_R63_alaskan_winter_secret_service_armor_paint		Alaskan Winter Secret Service Armor Paint	0					/wp-content/uploads/season_images/score_s14_skin_armorskin_secretservice_alaskanwinter.avif	Stay frosty with this stylish Alaskan Winter Secret Service Armor Paint.  - SKIN IS CRAFTABLE AT ARMOR WORKBENCHES. -	SCORE_S14_ENTM_Skin_ArmorSkin_SecretService_AlaskanWinter			63		
14	S14_R63_score_booster		SCORE Booster x 1	0	TRUE				/wp-content/uploads/season_images/utility/score_utility_scorebooster.avif					63		
14	S14_R64_deep_spacewalk_power_armor_player_icon		Player Icon: Deep Spacewalk Power Armor	0		playerIcon	Deep Spacewalk Power Armor	player_icon	/wp-content/uploads/guide-images/atom-shop/player-icons/atx_playericon_s14_spacepa.avif	Securing our nation's freedom among the stars.  - UNLOCKS A PLAYER ICON. -	SCORE_S14_ENTM_PlayerIcon_DeepSpacePA			64		
14	S14_R65_enclave_emblem_rug		Enclave Emblem Rug	0	TRUE				/wp-content/uploads/season_images/score_s14_camp_floordecor_rug_enclaveovalofficerug.avif	No more secrets. Show the world who's boss with this Enclave Emblem Rug  - C.A.M.P. ITEMS APPEAR WHILE IN C.A.M.P. MODE. -	SCORE_S14_ENTM_CAMP_FloorDecor_Rug_EnclaveOvalOfficeRug			65		
14	S14_R65_nuka_cola_mix_pack		Nuka-Cola Mix-Pack	0					/wp-content/uploads/season_images/utility/score_item_6pack_nukavariety.avif					65		
14	S14_R66_mr_handy_s_cake_maker		Mr. Handy's Cake Maker	0					/wp-content/uploads/season_images/score_s14_camp_machinery_workbench_cooking_mrhandycakemaker.avif					66		
14	S14_R67_nuclear_keycard		Nuclear Keycard x 5	0	TRUE			nuclear_keycard	/wp-content/uploads/season_images/utility/score_utility_nuclearkeycard.avif					67		
14	S14_R67_trophy_set		Trophy Set	0					/wp-content/uploads/season_images/score_s14_camp_floordecor_trophys.avif	Celebrate your achievements with this set of trophies!  - C.A.M.P. ITEMS APPEAR WHILE IN C.A.M.P. MODE. -	SCORE_S14_ENTM_CAMP_FloorDecor_Trophys			67		
14	S14_R68_presidential_hellcat_power_armor_paint		Presidential Hellcat Power Armor Paint	0					/wp-content/uploads/season_images/score_s14_skin_powerarmor_paint_hellcat_presidential.avif	Defend your country while looking your best in this Presidential Power Armor Paint.  - SKIN IS CRAFTABLE AT POWER ARMOR STATIONS. -	SCORE_S14_ENTM_Skin_PowerArmor_Paint_Hellcat_Presidential			68		
14	S14_R69_gold_bullion		Gold Bullion x 100	0				gold_bullion	/wp-content/uploads/season_images/utility/score_currency_bullion.avif					69		
14	S14_R69_legendary_scrip		Legendary Scrip x 250	0	TRUE			legendary_scrip	/wp-content/uploads/season_images/utility/score_currency_scrip.avif					69		
14	S14_R70_atoms		Atoms x 150	0				atoms	/wp-content/uploads/season_images/utility/score_currency_atoms.avif					70		
14	S14_R70_sheepsquatch_rug		Sheepsquatch Rug	0	TRUE				/wp-content/uploads/season_images/score_s13_camp_floordecor_rug_sheepsquatchrug.avif	What better way to display your utter dominance over the legendary Sheepsquatch than to use it as a rug?  - C.A.M.P. ITEMS APPEAR WHILE IN C.A.M.P. MODE. -	SCORE_S13_ENTM_CAMP_FloorDecor_Rug_SheepsquatchRug			70		
14	S14_R71_oval_office_wallpaper		Oval Office Wallpaper	0					/wp-content/uploads/season_images/score_s14_camp_wallpaper_ovaloffice.avif	Build your very own Oval Office with this new Wallpaper.  - WALLPAPER ITEMS APPEAR WHILE IN C.A.M.P. EDIT MODE. -	SCORE_S14_ENTM_CAMP_WallPaper_OvalOffice			71		
14	S14_R72_auto_miner_collectron_station		Auto-Miner Collectron Station	0					/wp-content/uploads/season_images/score_s14_camp_utility_collectron_autominer.avif	Tired of mining all that ore by yourself? Well now you don't have to with the Auto-Miner Collectron!  This item cannot be built inside of a Shelter.  - C.A.M.P. ITEMS APPEAR WHILE IN C.A.M.P. MODE. -	SCORE_S14_ENTM_CAMP_Utility_Collectron_AutoMiner			72		
14	S14_R72_re_roller		Re-Roller x 3	0	TRUE				/wp-content/uploads/season_images/utility/score_utility_reroller.avif					72		
14	S14_R73_alaskan_winter_recon_armor_paint		Alaskan Winter Recon Armor Paint	0					/wp-content/uploads/season_images/score_s14_skin_armorskin_recon_alaskanwinter.avif	Stay frosty with this stylish Alaskan Winter Recon Armor Paint.  - SKIN IS CRAFTABLE AT ARMOR WORKBENCHES. -	SCORE_S14_ENTM_Skin_ArmorSkin_Recon_AlaskanWinter			73		
14	S14_R73_red_and_white_h_and_h_tools_scrapbox		Red and White H&H Tools Scrapbox	0	TRUE				/wp-content/uploads/season_images/score_s14_camp_scrapbox_h&htools01.avif	Keep your job site tidy and store your scrap inside the H&H Tools Scrapbox!  - C.A.M.P. ITEMS APPEAR WHILE IN C.A.M.P. MODE. -	SCORE_S14_ENTM_CAMP_ScrapBox_H&HTools01			73		
14	S14_R74_liberty_prime_salute_player_icon		Player Icon: Liberty Prime Salute	0		playerIcon	Liberty Prime Salute	player_icon	/wp-content/uploads/guide-images/atom-shop/player-icons/atx_playericon_s14_libertyprime.avif	Alaska's liberation is imminent!	SCORE_S14_ENTM_PlayerIcon_LibertyPrimeSalute			74		
14	S14_R75_10_score_boost		10% S.C.O.R.E. Boost	0	TRUE			score_booster	/wp-content/uploads/season_images/utility/score_s24_account_scoreboost_1.avif	Gain another 10% bonus S.C.O.R.E. when you complete challenges for the rest of Season 14!  - UNLOCKS BOOST FOR ALL CHARACTERS ON YOUR ACCOUNT. -  - BONUS IS APPLIED TO BASE CHALLENGE S.C.O.R.E.. -  - DOES NOT APPLY TO PREVIOUSLY COMPLETED CHALLENGES. -	SCORE_S14_ENTM_Account_ScoreBoost_2			75		
14	S14_R75_gold_bullion		Gold Bullion x 250	0				gold_bullion	/wp-content/uploads/season_images/utility/score_currency_bullion.avif					75		
14	S14_R76_hanging_phone		Hanging Phone	0					/wp-content/uploads/season_images/score_s14_camp_walldecor_hangingphone.avif	Become the talk of the town when you display this decorative Hanging Phone.  - C.A.M.P. ITEMS APPEAR WHILE IN C.A.M.P. MODE. -	SCORE_S14_ENTM_CAMP_WallDecor_HangingPhone			76		
14	S14_R77_birthday_cupcake_backpack_flair		Birthday Cupcake Backpack Flair	0					/wp-content/uploads/season_images/score_s14_skin_backpackflair_birthdaycake.avif	You'll always be ready to celebrate with this Birthday Cupcake Flair.  - SKIN IS CRAFTABLE AT WEAPON WORKBENCHES. -	SCORE_S14_ENTM_Skin_BackpackFlair_BirthdayCake			77		
14	S14_R77_lunchbox		Lunchbox x 5	0	TRUE			lunchbox	/wp-content/uploads/season_images/utility/atx_store_lunchbox001.avif					77		
14	S14_R78_presidential_t_65_power_armor_paint		Presidential T-65 Power Armor Paint	0					/wp-content/uploads/season_images/score_s14_skin_powerarmor_paint_t65_presidential.avif	Defend your country while looking your best in this Presidential Power Armor Paint.  - SKIN IS CRAFTABLE AT POWER ARMOR STATIONS. -	SCORE_S14_ENTM_Skin_PowerArmor_Paint_T65_Presidential			78		
14	S14_R79_gold_bullion		Gold Bullion x 250	0	TRUE			gold_bullion	/wp-content/uploads/season_images/utility/score_currency_bullion.avif					79		
14	S14_R79_stamps		Stamps x 5	0					/wp-content/uploads/season_images/utility/score_currency_stamps.avif					79		
14	S14_R80_atoms		Atoms x 150	0				atoms	/wp-content/uploads/season_images/utility/score_currency_atoms.avif					80		
14	S14_R81_caps		Caps x 2500	0				caps	/wp-content/uploads/season_images/utility/score_currency_caps.avif					81		
14	S14_R81_tesla_coil_power_connectors		Tesla Coil Power Connectors	0	TRUE				/wp-content/uploads/season_images/score_s14_camp_machinery_powerconnectors_teslacoil.avif	Charge up your C.A.M.P with these Tesla Coil Power Connectors!  - C.A.M.P. ITEMS APPEAR WHILE IN C.A.M.P. MODE. -	SCORE_S14_ENTM_CAMP_Machinery_PowerConnectors_TeslaCoil			81		
14	S14_R82_army_base_kit		Army Base Kit	0					/wp-content/uploads/season_images/score_s14_camp_kit_armybase.avif	Build up your base with this all new Army Base Kit!  - C.A.M.P. ITEMS APPEAR WHILE IN C.A.M.P. MODE. -	SCORE_S14_ENTM_CAMP_Kit_ArmyBase			82		
14	S14_R83_alaskan_winter_secret_service_underarmor_paint		Alaskan Winter Secret Service Underarmor	0					/wp-content/uploads/season_images/score_s14_apparel_underarmor_alaskanwinter.avif	Stay frosty with the Alaskan Winter Secret Service Underarmor.  (Requires the Secret Service Underarmor Plan to be learned.)  This item is worn under your armor and is in the Secret Service mod group.	SCORE_S14_ENTM_Apparel_Underarmor_AlaskanWinter			83		
14	S14_R84_carry_weight_booster		Carry Weight Booster x 5	0				carry_weight_booster	/wp-content/uploads/season_images/utility/score_utility_carryweight.avif					84		
14	S14_R84_white_house_porch_lantern		White House Porch Lantern	0	TRUE				/wp-content/uploads/season_images/score_s14_camp_lights_ceiling_whitehouseporchlantern.avif	"Using a light fixture from the White House? What a ""Capital"" idea!  - C.A.M.P. ITEMS APPEAR WHILE IN C.A.M.P. MODE. -"	SCORE_S14_ENTM_CAMP_Lights_Ceiling_WhiteHousePorchLantern			84		
14	S14_R85_ammo_cache_backpack		Ammo Cache Backpack	0					/wp-content/uploads/season_images/score_s14_skin_backpack_ammobag.avif	Carry your ammunition around Appalachia in this Ammo Cache Backpack!  This skin can be applied to both the Small and Standard Backpack as a mod.   - SKIN IS CRAFTABLE AT ARMOR WORKBENCHES. -	SCORE_S14_ENTM_Skin_Backpack_AmmoBag			85		
14	S14_R86_legendary_module		Legendary Module x 5	0				legendary_module	/wp-content/uploads/season_images/utility/score_game_legendarymodule.avif					86		
14	S14_R86_medical_backpack		Medical Backpack	0	TRUE				/wp-content/uploads/season_images/score_s14_skin_backpack_box_medical.avif	Be ready for any medical emergency with this Medical Backpack.  This skin can be applied to both the Small and Standard Backpack as a mod.  - SKIN IS CRAFTABLE AT ARMOR WORKBENCHES. -	SCORE_S14_ENTM_Skin_Backpack_Box_Medical			86		
14	S14_R87_alaska_liberation_painting		Fight For Freedom: Alaska Liberation Painting	0					/wp-content/uploads/season_images/score_s14_camp_walldecor_painting_freedom04.avif	Celebrate the long history of American victories with the Fight For Freedom: Alaska Liberation Painting!  - C.A.M.P. ITEMS APPEAR WHILE IN C.A.M.P. MODE. -	SCORE_S14_ENTM_CAMP_WallDecor_Painting_Freedom04			87		
14	S14_R88_legendary_core		Legendary Core x 5	0	TRUE			legendary_core	/wp-content/uploads/season_images/utility/score_game_legendary_core.avif					88		
14	S14_R88_presidential_union_power_armor_paint		Presidential Union Power Armor Paint	0					/wp-content/uploads/season_images/score_s14_skin_powerarmor_paint_union_presidential.avif	Defend your country while looking your best in this Presidential Power Armor Paint.  - SKIN IS CRAFTABLE AT POWER ARMOR STATIONS. -	SCORE_S14_ENTM_Skin_PowerArmor_Paint_Union_Presidential			88		
14	S14_R89_green_army_camo_carpet_floor_and_foundations		Green Army Camo Carpet Floor and Foundations	0					/wp-content/uploads/season_images/score_s14_camp_floor_greenarmycamocarpet.avif	Camoflauge your floors with this Green Army Camo Carpet.  - C.A.M.P. ITEMS APPEAR WHILE IN C.A.M.P. MODE. -	SCORE_S14_ENTM_CAMP_Floor_GreenArmyCamoCarpet			89		
14	S14_R90_atoms		Atoms x 150	0				atoms	/wp-content/uploads/season_images/utility/score_currency_atoms.avif					90		
14	S14_R90_military_cryo_freezer		Military Cryo-Freezer	0	TRUE				/wp-content/uploads/season_images/score_s14_camp_utility_military_cryo_freezer.avif					90		
14	S14_R91_assured_victory_painting		Fight For Freedom: Assured Victory Painting	0	TRUE				/wp-content/uploads/season_images/score_s14_camp_walldecor_painting_freedom05.avif	Celebrate future American victories with the Fight For Freedom: Assured Victory!  - C.A.M.P. ITEMS APPEAR WHILE IN C.A.M.P. MODE. -	SCORE_S14_ENTM_CAMP_WallDecor_Painting_Freedom05			91		
14	S14_R91_gold_bullion		Gold Bullion x 250	0				gold_bullion	/wp-content/uploads/season_images/utility/score_currency_bullion.avif					91		
14	S14_R92_legendary_scrip		Legendary Scrip x 250	0				legendary_scrip	/wp-content/uploads/season_images/utility/score_currency_scrip.avif					92		
14	S14_R92_perk_card_pack		Perk Card Pack x 3	0	TRUE			perk_card_pack	/wp-content/uploads/season_images/utility/score_item_perkcardpack.avif					92		
14	S14_R93_tricentennial_stein		Tricentennial Stein	0					/wp-content/uploads/season_images/score_s14_camp_floordecor_stein_tricentennial.avif	Celebrate 300 years of America with this patriotic Tricentennial Stein.  - C.A.M.P. ITEMS APPEAR WHILE IN C.A.M.P. MODE. -	SCORE_S14_ENTM_CAMP_FloorDecor_Stein_Tricentennial			93		
14	S14_R94_gold_bullion		Gold Bullion x 250	0	TRUE			gold_bullion	/wp-content/uploads/season_images/utility/score_currency_bullion.avif					94		
14	S14_R94_scout_s_banner		Scout's Banner x 3	0					/wp-content/uploads/season_images/utility/score_coen_utility_banner.avif					94		
14	S14_R95_brewery_fermenter		Brewery Fermenter	0					/wp-content/uploads/season_images/score_s14_camp_machinery_workbench_breweryfermenter.avif	Transform your C.A.M.P. into the local brewery with this Brewery Fermenter!  Requires Fermenting Station to be learned.  - C.A.M.P. ITEMS APPEAR WHILE IN C.A.M.P. MODE. -	SCORE_S14_ENTM_CAMP_Machinery_Workbench_BreweryFermenter			95		
14	S14_R96_basic_repair_kit		Basic Repair Kit x 5	0				repair_kit	/wp-content/uploads/season_images/utility/atx_utility_repairkit_basic.avif					96		
14	S14_R96_undetonated_bomb		Undetonated Bomb	0	TRUE				/wp-content/uploads/season_images/score_s14_camp_floordecor_undetonatedbomb.avif	Make your C.A.M.P. the ultimate hotspot when you add this Undetonated Bomb!  - C.A.M.P. ITEMS APPEAR WHILE IN C.A.M.P. MODE. -	SCORE_S14_ENTM_CAMP_FloorDecor_UndetonatedBomb			96		
14	S14_R97_shooting_target_stand		Shooting Target Stand	0					/wp-content/uploads/season_images/score_s14_camp_floordecor_shootingtarget_stand.avif	A classic shooting target, perfect for any firearms enthusiast.  - C.A.M.P. ITEMS APPEAR WHILE IN C.A.M.P. MODE. -	SCORE_S14_ENTM_CAMP_FloorDecor_ShootingTarget_Stand			97		
14	S14_R98_gray_army_camo_carpet_floor_and_foundations		Gray Army Camo Carpet Floor and Foundations	0	TRUE				/wp-content/uploads/season_images/score_s14_camp_floor_grayarmycamocarpet.avif	Camoflauge your floors with this Gray Army Camo Carpet.  - C.A.M.P. ITEMS APPEAR WHILE IN C.A.M.P. MODE. -	SCORE_S14_ENTM_CAMP_Floor_GrayArmyCamoCarpet			98		
14	S14_R98_perk_coin		Perk Coin x 50	0				perk_coins	/wp-content/uploads/season_images/utility/score_currency_perkcoin.avif					98		
14	S14_R99_oval_office_long_curtains		Oval Office Long Curtains	0					/wp-content/uploads/season_images/score_s14_camp_walldeco_curtain_long_ovaloffice.avif	Drape your windows in presidential style with these Oval Office Long Curtains!  - C.A.M.P. ITEMS APPEAR WHILE IN C.A.M.P. MODE. -	SCORE_S14_ENTM_CAMP_WallDeco_Curtain_Long_OvalOffice			99		
14	S14_R100_atoms		Atoms x 500	0				atoms	/wp-content/uploads/season_images/utility/score_currency_atoms.avif					100		
14	S14_R100_deep_spacewalk_power_armor_paint		Deep Spacewalk Power Armor Paint	0					/wp-content/uploads/season_images/score_s14_skin_powerarmor_model_deepspace.avif	Take a giant leap for mankind with the Deep Spacewalk Power Armor Paint!  This is a unique skin that completely alters the appearance of your Power Armor. It can be equipped on all main Power Armors.  - SKIN IS CRAFTABLE AT POWER ARMOR STATIONS. -	SCORE_S14_ENTM_Skin_PowerArmor_Model_DeepSpace			100		
14	S14_R100_fight_for_freedom_gameboard		Fight For Freedom Gameboard	0					/wp-content/uploads/season_images/score_s14_camp_walldecor_s14board_tricentennial.avif	Reminisce on past and future victories with this framed Fight For Freedom Gameboard.  - C.A.M.P. ITEMS APPEAR WHILE IN C.A.M.P. MODE. -	SCORE_S14_ENTM_CAMP_WallDecor_S14Board_Tricentennial			100		
14	S14_R100_fight_for_freedom_player_icon		Player Icon: Fight For Freedom	0		playerIcon	Fight For Freedom	player_icon	/wp-content/uploads/guide-images/atom-shop/player-icons/atx_playericon_s14_fightforfreedom.avif	The cost of freedom is blood. Let's make the enemy pay!	SCORE_S14_ENTM_PlayerIcon_FightForFreedom			100		
14	S14_R100_presidential_desk		Presidential Desk	0	TRUE				/wp-content/uploads/season_images/score_s14_camp_furniture_table_presidential_desk.avif	Deck out your camp in presidential style with the Presidential Desk!  - C.A.M.P. ITEMS APPEAR WHILE IN C.A.M.P. MODE. -	SCORE_S14_ENTM_CAMP_Furniture_Table_Presidential_Desk			100		
14	S14_P12_photomode_frame_birthdayframe		Birthday Photomode Frame	0					/wp-content/uploads/season_images/score_s14_photomode_frame_birthdayframe.webp	Capture the moment and celebrate Fallout's birthday with us and your friends!  - UNLOCKS A PHOTOMODE FRAME. -	SCORE_S14_ENTM_Photomode_Frame_BirthdayFrame					
14	S14_P3_skin_powerarmor_paint_deepspace		Deep Space Power Armor Paint	0	TRUE				/wp-content/uploads/season_images/score_s14_skin_powerarmor_paint_deepspace.webp	Take a giant leap for Mankind with the Deep Space Power Armor Paint!  This is a unique skin that completely alters the appearance of your Power Armor. It can be equipped on the Excavator, Raider, T-45, T-51, T-60, T-65, Ultracite, Union, and X-01 Power Armors.  - SKIN IS CRAFTABLE AT POWER ARMOR STATIONS. -	ZZZSCORE_S14_ENTM_Skin_PowerArmor_Paint_DeepSpace					
15	S15_R2_nuka_cola_mix_pack		Nuka-Cola Mix-Pack	0	TRUE				/wp-content/uploads/season_images/utility/score_item_6pack_nukavariety.avif					2		
15	S15_R2_perk_card_pack		Perk Card Pack x 1	0				perk_card_pack	/wp-content/uploads/season_images/utility/score_item_perkcardpack.avif					2		
15	S15_R3_poker_paint_combat_shotgun		Poker Paint (Combat Shotgun)	0					/wp-content/uploads/season_images/score_s15_skin_weaponskin_combatshotgun_poker.avif	Show that you know how to use the hand you've been dealt with this Poker Paint for the Combat Shotgun!  - SKIN IS CRAFTABLE AT WEAPON WORKBENCHES. -	SCORE_S15_ENTM_Skin_WeaponSkin_CombatShotgun_Poker			3		
15	S15_R4_lunchbox		Lunchbox x 3	0	TRUE			lunchbox	/wp-content/uploads/season_images/utility/atx_store_lunchbox001.avif					4		
15	S15_R4_lucky_7_player_icon		Player Icon: Lucky 7	0		playerIcon	Lucky 7	player_icon	/wp-content/uploads/guide-images/atom-shop/player-icons/atx_playericon_s15_luckyseven.avif	Feeling lucky?  - UNLOCKS A PLAYER ICON. -	SCORE_S15_ENTM_PlayerIcon_Icon1			4		
15	S15_R5_stack_of_cards		Stack of Cards	0					/wp-content/uploads/season_images/score_s15_camp_floordecor_stacksofcards.avif	Impress your friends with this carefully balanced Stack of Cards decoration!  - C.A.M.P. ITEMS APPEAR WHILE IN C.A.M.P. MODE. -	SCORE_S15_ENTM_CAMP_FloorDecor_StacksofCards			5		
15	S15_R6_nuka_cola_6_pack		Nuka-Cola 6-Pack	0					/wp-content/uploads/season_images/utility/score_item_6pack_nuka-cola.avif					6		
15	S15_R6_circuit_breaker_player_icon		Player Icon: Circuit Breaker	0	TRUE	playerIcon	Circuit Breaker	player_icon	/wp-content/uploads/guide-images/atom-shop/player-icons/atx_playericon_s15_artdecobolt.avif	Add a little spark to your life.  - UNLOCKS A PLAYER ICON. -	SCORE_S15_ENTM_PlayerIcon_Icon2			6		
15	S15_R7_boxing_gloves		Boxing Gloves	0					/wp-content/uploads/season_images/score_s15_camp_walldecor_boxinggloves.avif	The gloves are off (and hanging on your wall)!  - C.A.M.P. ITEMS APPEAR WHILE IN C.A.M.P. MODE. -	SCORE_S15_ENTM_CAMP_WallDecor_BoxingGloves			7		
15	S15_R8_jackpot_t_45_power_armor_paint		Jackpot T-45 Power Armor Paint	0					/wp-content/uploads/season_images/score_s15_skin_powerarmor_paint_t45_jackpot.avif	Hit it big with the Jackpot T-45 Power Armor Paint!   - SKIN IS CRAFTABLE AT POWER ARMOR STATIONS. -	SCORE_S15_ENTM_Skin_PowerArmor_Paint_T45_Jackpot			8		
15	S15_R8_ultracite_supply_crate		Ultracite Supply Crate	0	TRUE				/wp-content/uploads/season_images/utility/score_s15_consumable_ultracitescrapsupply.avif					8		
15	S15_R9_scout_s_banner		Scout's Banner x 3	0					/wp-content/uploads/season_images/utility/score_coen_utility_banner.avif					9		
15	S15_R10_atoms		Atoms x 150	0				atoms	/wp-content/uploads/season_images/utility/score_currency_atoms.avif					10		
15	S15_R10_king_of_clubs_poster		King of Clubs Poster	0	TRUE				/wp-content/uploads/season_images/score_s15_camp_walldecor_wildcardsposter1.avif	A poster tribute to The Big Score's Alex Fiori, the King of Clubs!  - C.A.M.P. ITEMS APPEAR WHILE IN C.A.M.P. MODE. -	SCORE_S15_ENTM_CAMP_WallDecor_WildCardsPoster1			10		
15	S15_R11_caps		Caps x 500	0				caps	/wp-content/uploads/season_images/utility/score_currency_caps.avif					11		
15	S15_R12_holiday_tree_flair_display		Holiday Tree Flair Display	0					/wp-content/uploads/season_images/score_s15_display_christmastree.avif	Show off your backpack flair collection by hanging them on this Holiday Tree Flair Display!  - C.A.M.P. ITEMS APPEAR WHILE IN C.A.M.P. MODE. -	SCORE_S15_ENTM_Display_ChristmasTree			12		
15	S15_R12_legendary_scrip		Legendary Scrip x 100	0	TRUE			legendary_scrip	/wp-content/uploads/season_images/utility/score_currency_scrip.avif					12		
15	S15_R13_poker_paint_combat_rifle		Poker Paint (Combat Rifle + The Fixer)	0					/wp-content/uploads/season_images/score_s15_skin_weaponskin_combatrifle_poker.avif	Show that you know how to use the hand you've been dealt with this Poker Paint for the Combat Rifle and The Fixer!  - SKIN IS CRAFTABLE AT WEAPON WORKBENCHES. -	SCORE_S15_ENTM_Skin_WeaponSkin_CombatRifle_Poker			13		
15	S15_R14_4_kings_playing_card_rugs		4 Kings Playing Card Rugs	0					/wp-content/uploads/season_images/score_s15_camp_floordecor_rug_playingcardsrug.avif	Decorate your floors with these kingly four-of-a-kind Playing Card Rugs.  - C.A.M.P. ITEMS APPEAR WHILE IN C.A.M.P. MODE. -	SCORE_S15_ENTM_CAMP_FloorDecor_Rug_PlayingCardsRug			14		
15	S15_R14_carry_weight_booster		Carry Weight Booster x 3	0	TRUE			carry_weight_booster	/wp-content/uploads/season_images/utility/score_utility_carryweight.avif					14		
15	S15_R15_5_score_boost		5% S.C.O.R.E. Boost	0	TRUE			score_booster	/wp-content/uploads/season_images/utility/score_s24_account_scoreboost_1.avif	Gain 5% bonus S.C.O.R.E. when you complete challenges for the rest of Season 15!  - UNLOCKS BOOST FOR ALL CHARACTERS ON YOUR ACCOUNT. -  - BONUS IS APPLIED TO BASE CHALLENGE S.C.O.R.E. -  - DOES NOT APPLY TO PREVIOUSLY COMPLETED CHALLENGES. -	SCORE_S15_ENTM_Account_ScoreBoost_1			15		
15	S15_R15_legendary_module		Legendary Module x 3	0				legendary_module	/wp-content/uploads/season_images/utility/score_game_legendarymodule.avif					15		
15	S15_R16_stamps		Stamps x 5	0					/wp-content/uploads/season_images/utility/score_currency_stamps.avif					16		
15	S15_R17_poker_chips_stool		Poker Chips Stool	0					/wp-content/uploads/season_images/score_s15_camp_furniture_chair_pokerchipsstool.avif	Let the chips raise you for a change with this Poker Chips Stool!  - C.A.M.P. ITEMS APPEAR WHILE IN C.A.M.P. MODE. -	SCORE_S15_ENTM_CAMP_Furniture_Chair_PokerChipsStool			17		
15	S15_R17_re_roller		Re-Roller x 3	0	TRUE				/wp-content/uploads/season_images/utility/score_utility_reroller.avif					17		
15	S15_R18_jackpot_excavator_power_armor_paint		Jackpot Excavator Power Armor Paint	0					/wp-content/uploads/season_images/score_s15_skin_powerarmor_paint_excavator_jackpot.avif	Hit it big with the Jackpot Excavator Power Armor Paint!   - SKIN IS CRAFTABLE AT POWER ARMOR STATIONS. -	SCORE_S15_ENTM_Skin_PowerArmor_Paint_Excavator_Jackpot			18		
15	S15_R19_red_and_yellow_h_and_h_tools_scrapbox		Red and Yellow H&H Tools Scrapbox	0	TRUE				/wp-content/uploads/season_images/score_s15_camp_scrapbox_h&htools02.avif	Keep your job site tidy and store your scrap inside this red and yellow H&H Tools Scrapbox!  - C.A.M.P. ITEMS APPEAR WHILE IN C.A.M.P. MODE. -	SCORE_S15_ENTM_CAMP_ScrapBox_H&HTools02			19		
15	S15_R19_score_booster		SCORE Booster x 1	0					/wp-content/uploads/season_images/utility/score_utility_scorebooster.avif					19		
15	S15_R20_atoms		Atoms x 150	0				atoms	/wp-content/uploads/season_images/utility/score_currency_atoms.avif					20		
15	S15_R21_caps		Caps x 1000	0				caps	/wp-content/uploads/season_images/utility/score_currency_caps.avif					21		
15	S15_R21_gold_bullion		Gold Bullion x 100	0	TRUE			gold_bullion	/wp-content/uploads/season_images/utility/score_currency_bullion.avif					21		
15	S15_R22_safe_door		Safe Door	0					/wp-content/uploads/season_images/score_s15_camp_door_secret_safe.avif	Secure your assets behind this Safe Door!  - C.A.M.P. ITEMS APPEAR WHILE IN C.A.M.P. MODE. -	SCORE_S15_ENTM_CAMP_Door_Secret_Safe			22		
15	S15_R23_legendary_module		Legendary Module x 3	0	TRUE			legendary_module	/wp-content/uploads/season_images/utility/score_game_legendarymodule.avif					23		
15	S15_R23_poker_paint_chainsaw		Poker Paint (Chainsaw)	0					/wp-content/uploads/season_images/score_s15_skin_weaponskin_chainsaw_poker.avif	Show that you know how to use the hand you've been dealt with this Poker Paint for the Chainsaw!  - SKIN IS CRAFTABLE AT WEAPON WORKBENCHES. -	SCORE_S15_ENTM_Skin_WeaponSkin_Chainsaw_Poker			23		
15	S15_R24_conqueror_player_icon		Player Icon: Conqueror	0		playerIcon	Conqueror	player_icon	/wp-content/uploads/guide-images/atom-shop/player-icons/atx_playericon_s15_romanswords.avif	Are you not entertained?  - UNLOCKS A PLAYER ICON. -	SCORE_S15_ENTM_PlayerIcon_Icon3			24		
15	S15_R25_company_tea_kettle		Company Tea Machine	0					/wp-content/uploads/season_images/score_s15_camp_collector_companyteakettle.avif	Enjoy a spot of tea in the comfort of your own C.A.M.P.!  - Collects Company Tea over time. This item cannot be built inside of a Shelter. -  - C.A.M.P. ITEMS APPEAR WHILE IN C.A.M.P. MODE. -	SCORE_S15_ENTM_CAMP_Collector_CompanyTeaKettle			25		
15	S15_R26_casino_carpet_floor_and_foundations		Casino Carpet Floor and Foundations	0	TRUE				/wp-content/uploads/season_images/score_s15_camp_floor_casinofloor.avif	Keep the good times rolling with these Casino Carpet Floor and Foundations!  - C.A.M.P. ITEMS APPEAR WHILE IN C.A.M.P. MODE. -	SCORE_S15_ENTM_CAMP_Floor_CasinoFloor			26		
15	S15_R26_mystery_bobblehead_box		Mystery Bobblehead Box	0					/wp-content/uploads/season_images/utility/score_utility_mysterybobblehead.avif					26		
15	S15_R27_elegant_chandelier		Elegant Chandelier	0					/wp-content/uploads/season_images/score_s15_camp_lights_ceiling_fancychandelier.avif	Illuminate your C.A.M.P. with this Elegant Chandelier ceiling light.  - C.A.M.P. ITEMS APPEAR WHILE IN C.A.M.P. MODE. -	SCORE_S15_ENTM_CAMP_Lights_Ceiling_FancyChandelier			27		
15	S15_R28_jackpot_t_51_power_armor_paint		Jackpot T-51 Power Armor Paint	0					/wp-content/uploads/season_images/score_s15_skin_powerarmor_paint_t51_jackpot.avif	Hit it big with the Jackpot T-51 Power Armor Paint!  - SKIN IS CRAFTABLE AT POWER ARMOR STATIONS. -	SCORE_S15_ENTM_Skin_PowerArmor_Paint_T51_Jackpot			28		
15	S15_R28_scout_s_banner		Scout's Banner x 3	0	TRUE				/wp-content/uploads/season_images/utility/score_coen_utility_banner.avif					28		
15	S15_R29_legendary_scrip		Legendary Scrip x 100	0				legendary_scrip	/wp-content/uploads/season_images/utility/score_currency_scrip.avif					29		
15	S15_R30_atoms		Atoms x 150	0				atoms	/wp-content/uploads/season_images/utility/score_currency_atoms.avif					30		
15	S15_R30_red_gangster_fedora		Red Gangster Fedora	0	TRUE				/wp-content/uploads/season_images/score_s15_apparel_headwear_gangsterfedora.avif	Step out in style with this iconic red pinstripe fedora.  - APPAREL IS CRAFTABLE AT ARMOR WORKBENCHES. -	SCORE_S15_ENTM_Apparel_Headwear_GangsterFedora			30		
15	S15_R31_gold_bullion		Gold Bullion x 100	0				gold_bullion	/wp-content/uploads/season_images/utility/score_currency_bullion.avif					31		
15	S15_R32_jackpot_photomode_frame		Jackpot Photomode Frame	0					/wp-content/uploads/season_images/score_s15_photomode_frame_frame1.avif	Remember your big wins with this Jackpot Photomode Frame!  - UNLOCKS A PHOTOMODE FRAME. -	SCORE_S15_ENTM_Photomode_Frame_Frame1			32		
15	S15_R32_score_booster		SCORE Booster x 1	0	TRUE				/wp-content/uploads/season_images/utility/score_utility_scorebooster.avif					32		
15	S15_R33_poker_paint_plasma_gun		Poker Paint (Plasma Gun + Enclave Plasma Gun)	0					/wp-content/uploads/season_images/score_s15_skin_weaponskin_plasmagun_poker.avif	Show that you know how to use the hand you've been dealt with this Poker Paint!  - SKIN IS CRAFTABLE AT WEAPON WORKBENCHES. -	SCORE_S15_ENTM_Skin_WeaponSkin_PlasmaGun_Poker			33		
15	S15_R34_re_roller		Re-Roller x 3	0					/wp-content/uploads/season_images/utility/score_utility_reroller.avif					34		
15	S15_R34_stamps		Stamps x 5	0	TRUE				/wp-content/uploads/season_images/utility/score_currency_stamps.avif					34		
15	S15_R35_circuit_breaker		Circuit Breaker	0					/wp-content/uploads/season_images/score_s15_weapons_circuitbreaker.avif	It will be lights out for your enemies when you wield this charged up legendary pistol.  - ITEM IS CRAFTABLE AT WEAPON WORKBENCHES. -	SCORE_S15_ENTM_Weapons_CircuitBreaker			35		
15	S15_R36_blue_9_ball_table		Blue 9 Ball Table	0	TRUE				/wp-content/uploads/season_images/score_s15_camp_furniture_table_special_9balltable_b_blue.avif	Rack 'em up and relax with a game of pool with this Blue 9 Ball Table.  - C.A.M.P. ITEMS APPEAR WHILE IN C.A.M.P. MODE. -	SCORE_S15_ENTM_CAMP_Furniture_Table_Special_9BallTable_B_Blue			36		
15	S15_R36_lunchbox		Lunchbox x 3	0				lunchbox	/wp-content/uploads/season_images/utility/atx_store_lunchbox001.avif					36		
15	S15_R37_pool_hall_rack		Pool Hall Rack	0					/wp-content/uploads/season_images/score_s15_camp_walldecor_poolhallset.avif	No Pool Hall is complete without a Pool Hall Rack!  - C.A.M.P. ITEMS APPEAR WHILE IN C.A.M.P. MODE. -	SCORE_S15_ENTM_CAMP_WallDecor_PoolHallSet			37		
15	S15_R38_gambler_photomode_frame		Gambler Photomode Frame	0	TRUE				/wp-content/uploads/season_images/score_s15_photomode_frame_frame2.avif	Keep the good times rolling with this Gambler Photomode Frame!  - UNLOCKS A PHOTOMODE FRAME. -	SCORE_S15_ENTM_Photomode_Frame_Frame2			38		
15	S15_R38_jackpot_t_60_power_armor_paint		Jackpot T-60 Power Armor Paint	0					/wp-content/uploads/season_images/score_s15_skin_powerarmor_paint_t60_jackpot.avif	Hit it big with the Jackpot T-60 Power Armor Paint!  - SKIN IS CRAFTABLE AT POWER ARMOR STATIONS. -	SCORE_S15_ENTM_Skin_PowerArmor_Paint_T60_Jackpot			38		
15	S15_R39_large_vault_tec_supply_package		Large Vault-Tec Supply Package	0				supply_package	/wp-content/uploads/season_images/utility/score_utility_scrapball_large.avif					39		
15	S15_R40_atoms		Atoms x 150	0				atoms	/wp-content/uploads/season_images/utility/score_currency_atoms.avif					40		
15	S15_R40_diamond_paint_circuit_breaker		Diamond Paint (Circuit Breaker)	0	TRUE				/wp-content/uploads/season_images/score_s15_skin_weaponskin_circuitbreaker_whitepaint.avif	Diane Yung's signature Diamond Paint for the Circuit Breaker!  - SKIN IS CRAFTABLE AT WEAPON WORKBENCHES. -	SCORE_S15_ENTM_Skin_WeaponSkin_CircuitBreaker_WhitePaint			40		
15	S15_R41_caps		Caps x 1000	0				caps	/wp-content/uploads/season_images/utility/score_currency_caps.avif					41		
15	S15_R42_legendary_scrip		Legendary Scrip x 250	0	TRUE			legendary_scrip	/wp-content/uploads/season_images/utility/score_currency_scrip.avif					42		
15	S15_R42_scrap_kit		Scrap Kit x 3	0				scrap_kit	/wp-content/uploads/season_images/utility/atx_utility_repairkit_scraptostash.avif					42		
15	S15_R43_poker_paint_circuit_breaker		Poker Paint (Circuit Breaker)	0					/wp-content/uploads/season_images/score_s15_skin_weaponskin_circuitbreaker_pokerpaint.avif	Show that you know how to use the hand you've been dealt with this Poker Paint for the Circuit Breaker!  - SKIN IS CRAFTABLE AT WEAPON WORKBENCHES. -	SCORE_S15_ENTM_Skin_WeaponSkin_CircuitBreaker_PokerPaint			43		
15	S15_R44_ace_of_diamonds_poster		Ace of Diamonds Poster	0					/wp-content/uploads/season_images/score_s15_camp_walldecor_wildcardsposter2.avif	A poster tribute to The Big Score's Diane Yung, the Ace of Diamonds!  - C.A.M.P. ITEMS APPEAR WHILE IN C.A.M.P. MODE. -	SCORE_S15_ENTM_CAMP_WallDecor_WildCardsPoster2			44		
15	S15_R44_red_gangster_suit_outfit		Red Gangster Suit Outfit	0	TRUE				/wp-content/uploads/season_images/score_s15_apparel_outfit_gangsterpinstripesuit.avif	Looking sharp (and intimidating) is the best way to make a strong first impression.   - APPAREL IS CRAFTABLE AT ARMOR WORKBENCHES. -	SCORE_S15_ENTM_Apparel_Outfit_GangsterPinstripeSuit			44		
15	S15_R45_grand_marble_staircase		Grand Marble Staircase	0					/wp-content/uploads/season_images/score_s15_camp_structure_stairs_grandmarble.avif	With this luxury Grand Marble Staircase your C.A.M.P. will exude grandiosity.  - C.A.M.P. ITEMS APPEAR WHILE IN C.A.M.P. MODE. -	SCORE_S15_ENTM_CAMP_Structure_Stairs_GrandMarble			45		
15	S15_R46_carry_weight_booster		Carry Weight Booster x 5	0				carry_weight_booster	/wp-content/uploads/season_images/utility/score_utility_carryweight.avif					46		
15	S15_R46_gold_bullion		Gold Bullion x 250	0	TRUE			gold_bullion	/wp-content/uploads/season_images/utility/score_currency_bullion.avif					46		
15	S15_R47_window_blinds		Window Blinds	0					/wp-content/uploads/season_images/score_s15_camp_walldeco_curtain_blinds.avif	They say love is blinds, so give your windows a little love with this set of Window Blinds.  - C.A.M.P. ITEMS APPEAR WHILE IN C.A.M.P. MODE. -	SCORE_S15_ENTM_CAMP_WallDeco_Curtain_Blinds			47		
15	S15_R48_jackpot_x_01_power_armor_paint		Jackpot X-01 Power Armor Paint	0					/wp-content/uploads/season_images/score_s15_skin_powerarmor_paint_x01_jackpot.avif	Hit it big with the Jackpot X-01 Power Armor Paint!  - SKIN IS CRAFTABLE AT POWER ARMOR STATIONS. -	SCORE_S15_ENTM_Skin_PowerArmor_Paint_X01_Jackpot			48		
15	S15_R48_re_roller		Re-Roller x 3	0	TRUE				/wp-content/uploads/season_images/utility/score_utility_reroller.avif					48		
15	S15_R49_atoms		Atoms x 150	0				atoms	/wp-content/uploads/season_images/utility/score_currency_atoms.avif					49		
15	S15_R50_10_score_boost		10% S.C.O.R.E. Boost	0	TRUE			score_booster	/wp-content/uploads/season_images/utility/score_s24_account_scoreboost_1.avif	Gain another 10% bonus S.C.O.R.E. when you complete challenges for the rest of Season 15!  - UNLOCKS BOOST FOR ALL CHARACTERS ON YOUR ACCOUNT. -  - BONUS IS APPLIED TO BASE CHALLENGE S.C.O.R.E.. -  - DOES NOT APPLY TO PREVIOUSLY COMPLETED CHALLENGES. -	SCORE_S15_ENTM_Account_ScoreBoost_2			50		
15	S15_R50_perk_coin		Perk Coin x 25	0				perk_coins	/wp-content/uploads/season_images/utility/score_currency_perkcoin.avif					50		
15	S15_R51_atoms		Atoms x 150	0				atoms	/wp-content/uploads/season_images/utility/score_currency_atoms.avif					51		
15	S15_R52_mounted_dolphish_head		Mounted Dolphish Head	0	TRUE				/wp-content/uploads/season_images/score_s15_camp_walldecor_mounteddolphinhead.avif	No coastal visit is complete without bringing back a mutated dolphin head to mount on your wall!  - C.A.M.P. ITEMS APPEAR WHILE IN C.A.M.P. MODE. -	SCORE_S15_ENTM_CAMP_WallDecor_MountedDolphinHead			52		
15	S15_R52_player_icon_alex_fiori		Player Icon: Alex Fiori	0		playerIcon	Alex Fiori	player_icon	/wp-content/uploads/guide-images/atom-shop/player-icons/atx_playericon_s15_alexfiori.avif	The King of Clubs.  - UNLOCKS A PLAYER ICON. -	SCORE_S15_ENTM_PlayerIcon_Icon4b			52		
15	S15_R52_player_icon_ruby_reinhart		Player Icon: Ruby Reinhart	0		playerIcon	Ruby Reinhart	player_icon	/wp-content/uploads/guide-images/atom-shop/player-icons/atx_playericon_s15_rubyreinhart.avif	The Queen of Hearts.  - UNLOCKS A PLAYER ICON. -	SCORE_S15_ENTM_PlayerIcon_Icon4			52		
15	S15_R53_poker_paint_gauss_minigun		Poker Paint (Gauss Minigun)	0					/wp-content/uploads/season_images/score_s15_skin_weaponskin_gaussminigun_poker.avif	Show that you know how to use the hand you've been dealt with this Poker Paint for the Gauss Minigun!  - SKIN IS CRAFTABLE AT WEAPON WORKBENCHES. -	SCORE_S15_ENTM_Skin_WeaponSkin_GaussMinigun_Poker			53		
15	S15_R54_blackout_paint_circuit_breaker		Blackout Paint (Circuit Breaker)	0	TRUE				/wp-content/uploads/season_images/score_s15_skin_weaponskin_circuitbreaker_blackpaint.avif	Dim their lights with this Blackout Paint for the Circuit Breaker!  - SKIN IS CRAFTABLE AT WEAPON WORKBENCHES. -	SCORE_S15_ENTM_Skin_WeaponSkin_CircuitBreaker_BlackPaint			54		
15	S15_R54_legendary_module		Legendary Module x 5	0				legendary_module	/wp-content/uploads/season_images/utility/score_game_legendarymodule.avif					54		
15	S15_R55_trident		Trident	0					/wp-content/uploads/season_images/score_s15_skin_weaponmodel_trident.avif	Put fear into the hearts of Mirelurks when you wield the Trident!  This is a unique skin that completely alters the appearance of your Melee Weapon. It can be equipped on the Pitchfork, Spear, and War Glaive.  - SKIN IS CRAFTABLE AT WEAPON WORKBENCHES. -	SCORE_S15_ENTM_Skin_WeaponModel_Trident			55		
15	S15_R56_jack_of_spades_poster		Jack of Spades Poster	0					/wp-content/uploads/season_images/score_s15_camp_walldecor_wildcardsposter3.avif	A poster tribute to The Big Score's Jack Spade!  - C.A.M.P. ITEMS APPEAR WHILE IN C.A.M.P. MODE. -	SCORE_S15_ENTM_CAMP_WallDecor_WildCardsPoster3			56		
15	S15_R56_scrap_kit		Scrap Kit x 6	0	TRUE			scrap_kit	/wp-content/uploads/season_images/utility/atx_utility_repairkit_scraptostash.avif					56		
15	S15_R57_pirate_chest_stash_box		Pirate Chest Stash Box	0					/wp-content/uploads/season_images/score_s15_camp_stashbox_piratechest.avif	Keep your booty safe within this Pirate Chest Stash Box!  - C.A.M.P. ITEMS APPEAR WHILE IN C.A.M.P. MODE. -	SCORE_S15_ENTM_CAMP_Stashbox_PirateChest			57		
15	S15_R58_jackpot_ultracite_power_armor_paint		Jackpot Ultracite Power Armor Paint	0					/wp-content/uploads/season_images/score_s15_skin_powerarmor_paint_ultracite_jackpot.avif	Hit it big with the Jackpot Ultracite Power Armor Paint!  - SKIN IS CRAFTABLE AT POWER ARMOR STATIONS. -	SCORE_S15_ENTM_Skin_PowerArmor_Paint_Ultracite_Jackpot			58		
15	S15_R58_stamps		Stamps x 5	0	TRUE				/wp-content/uploads/season_images/utility/score_currency_stamps.avif					58		
15	S15_R59_score_booster		SCORE Booster x 1	0					/wp-content/uploads/season_images/utility/score_utility_scorebooster.avif					59		
15	S15_R60_atoms		Atoms x 150	0				atoms	/wp-content/uploads/season_images/utility/score_currency_atoms.avif					60		
15	S15_R60_gold_bullion		Gold Bullion x 250	0	TRUE			gold_bullion	/wp-content/uploads/season_images/utility/score_currency_bullion.avif					60		
15	S15_R61_legendary_scrip		Legendary Scrip x 250	0				legendary_scrip	/wp-content/uploads/season_images/utility/score_currency_scrip.avif					61		
15	S15_R62_gazebo_survival_tent		Gazebo Survival Tent	0	TRUE									62		
15	S15_R62_ultracite_supply_crate		Ultracite Supply Crate	0					/wp-content/uploads/season_images/utility/score_s15_consumable_ultracitescrapsupply.avif					62		
15	S15_R63_poker_paint_gatling_plasma		Poker Paint (Gatling Plasma)	0					/wp-content/uploads/season_images/score_s15_skin_weaponskin_gatlingplasma_poker.avif	Show that you know how to use the hand you've been dealt with this Poker Paint for the Gatling Plasma!  - SKIN IS CRAFTABLE AT WEAPON WORKBENCHES. -	SCORE_S15_ENTM_Skin_WeaponSkin_GatlingPlasma_Poker			63		
15	S15_R64_carry_weight_booster		Carry Weight Booster x 5	0	TRUE			carry_weight_booster	/wp-content/uploads/season_images/utility/score_utility_carryweight.avif					64		
15	S15_R64_player_icon_diane_yung		Player Icon: Diane Yung	0		playerIcon	Diane Yung	player_icon	/wp-content/uploads/guide-images/atom-shop/player-icons/atx_playericon_s15_dianeyung.avif	The Ace of Diamonds.  - UNLOCKS A PLAYER ICON. -	SCORE_S15_ENTM_PlayerIcon_Icon5b			64		
15	S15_R64_player_icon_jack_spade		Player Icon: Jack Spade	0		playerIcon	Jack Spade	player_icon	/wp-content/uploads/guide-images/atom-shop/player-icons/atx_playericon_s15_jackspade.avif	The Jack of Spades.  - UNLOCKS A PLAYER ICON. -	SCORE_S15_ENTM_PlayerIcon_Icon5			64		
15	S15_R65_heist_plan_board		Heist Plan Board	0					/wp-content/uploads/season_images/score_s15_camp_walldecor_heistplan.avif	Scheme your way to the big pay day using this Heist Plan Board!  - C.A.M.P. ITEMS APPEAR WHILE IN C.A.M.P. MODE. -	SCORE_S15_ENTM_CAMP_WallDecor_HeistPlan			65		
15	S15_R66_forklift		Forklift	0	TRUE				/wp-content/uploads/season_images/score_s15_camp_floordecor_forklift.avif	The perfect addition to any C.A.M.P. that's  under construction.  - C.A.M.P. ITEMS APPEAR WHILE IN C.A.M.P. MODE. -	SCORE_S15_ENTM_CAMP_FloorDecor_Forklift			66		
15	S15_R66_scout_s_banner		Scout's Banner x 3	0					/wp-content/uploads/season_images/utility/score_coen_utility_banner.avif					66		
15	S15_R67_nuclear_keycard		Nuclear Keycard x 5	0	TRUE			nuclear_keycard	/wp-content/uploads/season_images/utility/score_utility_nuclearkeycard.avif					67		
15	S15_R67_red_and_black_poker_chip_backpack_flair		Red and Black Poker Chip Backpack Flair	0					/wp-content/uploads/season_images/score_s15_skin_backpackflair_redblackpokerchip.avif	Let them know you're a winner with this Red and Black Poker Chip Backpack Flair!  Flairs can be applied to most Backpacks.  - FLAIRS ARE APPLIED AT ARMOR WORKBENCHES. -	SCORE_S15_ENTM_Skin_BackpackFlair_RedBlackPokerChip			67		
15	S15_R68_jackpot_hellcat_power_armor_paint		Jackpot Hellcat Power Armor Paint	0					/wp-content/uploads/season_images/score_s15_skin_powerarmor_paint_hellcat_jackpot.avif	Hit it big with the Jackpot Hellcat Power Armor Paint!   - SKIN IS CRAFTABLE AT POWER ARMOR STATIONS. -	SCORE_S15_ENTM_Skin_PowerArmor_Paint_Hellcat_Jackpot			68		
15	S15_R69_legendary_scrip		Legendary Scrip x 250	0	TRUE			legendary_scrip	/wp-content/uploads/season_images/utility/score_currency_scrip.avif					69		
15	S15_R69_queen_of_hearts_poster		Queen of Hearts Poster	0					/wp-content/uploads/season_images/score_s15_camp_walldecor_wildcardsposter4.avif	A poster tribute to The Big Score's Ruby Reinhart, the Queen of Hearts!  - C.A.M.P. ITEMS APPEAR WHILE IN C.A.M.P. MODE. -	SCORE_S15_ENTM_CAMP_WallDecor_WildCardsPoster4			69		
15	S15_R70_atoms		Atoms x 150	0				atoms	/wp-content/uploads/season_images/utility/score_currency_atoms.avif					70		
15	S15_R71_interrogation_chair		Interrogation Chair	0	TRUE				/wp-content/uploads/season_images/score_s15_camp_furniture_chair_interrogationchair.avif	Get all the information you need with the Interrogation Chair!  - C.A.M.P. ITEMS APPEAR WHILE IN C.A.M.P. MODE. -	SCORE_S15_ENTM_CAMP_Furniture_Chair_InterrogationChair			71		
15	S15_R71_lunchbox		Lunchbox x 5	0				lunchbox	/wp-content/uploads/season_images/utility/atx_store_lunchbox001.avif					71		
15	S15_R72_gold_bullion		Gold Bullion x 100	0				gold_bullion	/wp-content/uploads/season_images/utility/score_currency_bullion.avif					72		
15	S15_R73_legendary_module		Legendary Module x 5	0	TRUE			legendary_module	/wp-content/uploads/season_images/utility/score_game_legendarymodule.avif					73		
15	S15_R73_poker_paint_gatling_laser		Poker Paint (Gatling Laser + Ultracite Gatling Laser)	0					/wp-content/uploads/season_images/score_s15_skin_weaponskin_gatlinglaser_poker.avif	Show that you know how to use the hand you've been dealt with this Poker Paint!  - SKIN IS CRAFTABLE AT WEAPON WORKBENCHES. -	SCORE_S15_ENTM_Skin_WeaponSkin_GatlingLaser_Poker			73		
15	S15_R74_player_icon_card_king		Player Icon: Card King	0		playerIcon	Card King	player_icon	/wp-content/uploads/guide-images/atom-shop/player-icons/atx_playericon_s15_vaultboyking.avif	Feel like royalty!  - UNLOCKS A PLAYER ICON. -	SCORE_S15_ENTM_PlayerIcon_Icon6			74		
15	S15_R74_player_icon_card_queen		Player Icon: Card Queen	0		playerIcon	Card Queen	player_icon	/wp-content/uploads/guide-images/atom-shop/player-icons/atx_playericon_s15_vaultgirlqueen.avif	Feel like royalty!  - UNLOCKS A PLAYER ICON. -	SCORE_S15_ENTM_PlayerIcon_Icon6b			74		
15	S15_R75_10_score_boost		10% S.C.O.R.E. Boost	0	TRUE			score_booster	/wp-content/uploads/season_images/utility/score_s24_account_scoreboost_1.avif	Gain another 10% bonus S.C.O.R.E. when you complete challenges for the rest of Season 15!  - UNLOCKS BOOST FOR ALL CHARACTERS ON YOUR ACCOUNT. -  - BONUS IS APPLIED TO BASE CHALLENGE S.C.O.R.E.. -  - DOES NOT APPLY TO PREVIOUSLY COMPLETED CHALLENGES. -	SCORE_S15_ENTM_Account_ScoreBoost_3			75		
15	S15_R75_gold_bullion		Gold Bullion x 250	0				gold_bullion	/wp-content/uploads/season_images/utility/score_currency_bullion.avif					75		
15	S15_R76_heart_shaped_bed		Heart Shaped Bed	0					/wp-content/uploads/season_images/score_s15_camp_bed_heartshapedbed.avif	Dim the lights and turn up the romance with this sensual Heart Shaped Bed.  - C.A.M.P. ITEMS APPEAR WHILE IN C.A.M.P. MODE. -	SCORE_S15_ENTM_CAMP_Bed_HeartShapedBed			76		
15	S15_R77_jackpot_ammo_storage_box		Jackpot Ammo Storage Box	0	TRUE				/wp-content/uploads/season_images/score_s15_f1_camp_ammostoragebox_jackpot.avif		SCORE_S15_F1_CAMP_AmmoStorageBox_Jackpot			77		
15	S15_R77_scout_s_banner		Scout's Banner x 3	0					/wp-content/uploads/season_images/utility/score_coen_utility_banner.avif					77		
15	S15_R78_jackpot_t_65_power_armor_paint		Jackpot T-65 Power Armor Paint	0					/wp-content/uploads/season_images/score_s15_skin_powerarmor_paint_t65_jackpot.avif	Hit it big with the Jackpot T-65 Power Armor Paint!   - SKIN IS CRAFTABLE AT POWER ARMOR STATIONS. -	SCORE_S15_ENTM_Skin_PowerArmor_Paint_T65_Jackpot			78		
15	S15_R79_gold_bullion		Gold Bullion x 250	0	TRUE			gold_bullion	/wp-content/uploads/season_images/utility/score_currency_bullion.avif					79		
15	S15_R79_stamps		Stamps x 5	0					/wp-content/uploads/season_images/utility/score_currency_stamps.avif					79		
15	S15_R80_atoms		Atoms x 150	0				atoms	/wp-content/uploads/season_images/utility/score_currency_atoms.avif					80		
15	S15_R80_circus_vending_machine		Circus Vending Machine	0	TRUE				/wp-content/uploads/season_images/score_s15_camp_vendor_playervendingmachine_circus.avif	Delight and surprise your customers with this Circus Vending Machine!  - C.A.M.P. ITEMS APPEAR WHILE IN C.A.M.P. MODE. -	SCORE_S15_ENTM_CAMP_Vendor_PlayerVendingMachine_Circus			80		
15	S15_R81_caps		Caps x 2500	0				caps	/wp-content/uploads/season_images/utility/score_currency_caps.avif					81		
15	S15_R82_perk_card_pack		Perk Card Pack x 3	0	TRUE			perk_card_pack	/wp-content/uploads/season_images/utility/score_item_perkcardpack.avif					82		
15	S15_R82_poker_den_wallpaper		Poker Den Wallpaper	0					/wp-content/uploads/season_images/score_s15_camp_wallpaper_ganghideoutwallpaper.avif	Keep your C.A.M.P. walls looking classy with this Poker Den themed Wallpaper!  - WALLPAPER ITEMS APPEAR WHILE IN C.A.M.P. EDIT MODE. -	SCORE_S15_ENTM_CAMP_WallPaper_GangHideoutWallpaper			82		
15	S15_R83_poker_paint_auto_grenade_launcher		Poker Paint (Auto Grenade Launcher)	0					/wp-content/uploads/season_images/score_s15_skin_weaponskin_autogrenadelauncher_poker.avif	Show that you know how to use the hand you've been dealt with this Poker Paint for the Auto Grenade Launcher!  - SKIN IS CRAFTABLE AT WEAPON WORKBENCHES. -	SCORE_S15_ENTM_Skin_WeaponSkin_AutoGrenadeLauncher_Poker			83		
15	S15_R84_gold_poker_chip_backpack_flair		Gold Poker Chip Backpack Flair	0	TRUE				/wp-content/uploads/season_images/score_s15_skin_backpackflair_goldpokerchip.avif	Let them know you're a winner with this Gold Poker Chip Flair!  Flairs can be applied to most Backpacks.  - FLAIRS ARE APPLIED AT ARMOR WORKBENCHES. -	SCORE_S15_ENTM_Skin_BackpackFlair_GoldPokerChip			84		
15	S15_R84_nuclear_keycard		Nuclear Keycard x 5	0				nuclear_keycard	/wp-content/uploads/season_images/utility/score_utility_nuclearkeycard.avif					84		
15	S15_R85_heist_bag_backpack		Heist Bag Backpack	0					/wp-content/uploads/season_images/score_s15_skin_backpack_heistbackpack.avif	Pull off the ultimate heist and disappear with the goods with this Heist Bag backpack!  This skin can be applied to both the Small and Standard Backpack as a mod.   - SKIN IS CRAFTABLE AT ARMOR WORKBENCHES. -	SCORE_S15_ENTM_Skin_Backpack_HeistBackpack			85		
15	S15_R86_basic_repair_kit		Basic Repair Kit x 5	0	TRUE			repair_kit	/wp-content/uploads/season_images/utility/atx_utility_repairkit_basic.avif					86		
15	S15_R86_weather_control_station_atlantic_city_fog		Weather Control Station (Atlantic City Fog)	0					/wp-content/uploads/season_images/score_s15_camp_utility_weatherstation_xpdacboardwalk.avif	Bring a bit of moody Atlantic City fog back to Appalachia with this Weather Control Station!  This Weather Control Station will change weather in the C.A.M.P. radius when connected to power.  - C.A.M.P. ITEMS APPEAR WHILE IN C.A.M.P. MODE. -	SCORE_S15_ENTM_CAMP_Utility_WeatherStation_XPDACBoardwalk			86		
15	S15_R87_poker_chips_photomode_frame		Poker Chips Photomode Frame	0	TRUE				/wp-content/uploads/season_images/score_s15_photomode_frame_frame3.avif	Sweeten the pot with this Poker Chips Photomode Frame!  - UNLOCKS A PHOTOMODE FRAME. -	SCORE_S15_ENTM_Photomode_Frame_Frame3			87		
15	S15_R87_re_roller		Re-Roller x 3	0					/wp-content/uploads/season_images/utility/score_utility_reroller.avif					87		
15	S15_R88_jackpot_union_power_armor_paint		Jackpot Union Power Armor Paint	0					/wp-content/uploads/season_images/score_s15_skin_powerarmor_paint_union_jackpot.avif	Hit it big with the Jackpot Union Power Armor Paint!  - SKIN IS CRAFTABLE AT POWER ARMOR STATIONS. -	SCORE_S15_ENTM_Skin_PowerArmor_Paint_Union_Jackpot			88		
15	S15_R88_mystery_bobblehead_box		Mystery Bobblehead Box	0	TRUE				/wp-content/uploads/season_images/utility/score_utility_mysterybobblehead.avif					88		
15	S15_R89_marble_floor_and_foundations		Marble Floor and Foundations	0					/wp-content/uploads/season_images/score_s15_camp_floor_marble.avif	Elevate your C.A.M.P. with these elegant Marble Floors and Foundations!  - C.A.M.P. ITEMS APPEAR WHILE IN C.A.M.P. MODE. -	SCORE_S15_ENTM_CAMP_Floor_Marble			89		
15	S15_R90_atoms		Atoms x 150	0				atoms	/wp-content/uploads/season_images/utility/score_currency_atoms.avif					90		
15	S15_R90_slot_bot_stein_display		Slot Bot Stein Display	0	TRUE				/wp-content/uploads/season_images/score_s15_displaycase_beersteins_protectronslotmachine.avif	Show off your stein collection with this Casino themed Slot Bot Stein Display!  - C.A.M.P. ITEMS APPEAR WHILE IN C.A.M.P. MODE. -	SCORE_S15_ENTM_DisplayCase_BeerSteins_ProtectronSlotMachine			90		
15	S15_R91_diamond_dress_outfit		Diamond Dress Outfit	0					/wp-content/uploads/season_images/score_s15_apparel_outfit_diamonddress.avif	Shine bright in this stylish diamond-themed dress!   - APPAREL IS CRAFTABLE AT ARMOR WORKBENCHES. -	SCORE_S15_ENTM_Apparel_Outfit_DiamondDress			91		
15	S15_R92_gold_bullion		Gold Bullion x 250	0	TRUE			gold_bullion	/wp-content/uploads/season_images/utility/score_currency_bullion.avif					92		
15	S15_R92_legendary_scrip		Legendary Scrip x 250	0				legendary_scrip	/wp-content/uploads/season_images/utility/score_currency_scrip.avif					92		
15	S15_R93_gambler_s_skull_stein		Gambler's Skull Stein	0					/wp-content/uploads/season_images/score_s15_camp_floordecor_stein_gamblersskull.avif	Raise a toast to those foolish enough to try and weasel out of paying their gambling debts!  - C.A.M.P. ITEMS APPEAR WHILE IN C.A.M.P. MODE. -	SCORE_S15_ENTM_CAMP_FloorDecor_Stein_GamblersSkull			93		
15	S15_R94_marine_salvage_display_frame		Marine Salvage Display Frame	0					/wp-content/uploads/season_images/score_s15_camp_display_chassisdisplayframe_marine.avif	Display your Power Armor at your C.A.M.P. with this Marine Salvage Chassis Display Frame!  - C.A.M.P. ITEMS APPEAR WHILE IN C.A.M.P. MODE. -	SCORE_S15_ENTM_CAMP_Display_ChassisDisplayFrame_Marine			94		
15	S15_R95_basic_repair_kit		Basic Repair Kit x 5	0				repair_kit	/wp-content/uploads/season_images/utility/atx_utility_repairkit_basic.avif					95		
15	S15_R95_white_modern_home_kitchen_set		White Modern Home Kitchen Set	0	TRUE				/wp-content/uploads/season_images/score_s15_camp_furniture_kitchenset_modularkitchensetwhite.avif	Build the kitchen of your dreams with this 9-piece White Modern Home Kitchen Set!  Set includes functional sink that provides water.  - C.A.M.P. ITEMS APPEAR WHILE IN C.A.M.P. MODE. -	SCORE_S15_ENTM_CAMP_Furniture_KitchenSet_ModularKitchenSetWhite			95		
15	S15_R96_dealer_mr_fuzzy_plushie		Dealer Mr. Fuzzy Plushie	0					/wp-content/uploads/season_images/score_s15_camp_floordecor_plushie_mrfuzzydealer.avif	The cutest face at the table.   - C.A.M.P. ITEMS APPEAR WHILE IN C.A.M.P. MODE. -	SCORE_S15_ENTM_CAMP_FloorDecor_Plushie_MrFuzzyDealer			96		
15	S15_R97_gold_bullion		Gold Bullion x 250	0				gold_bullion	/wp-content/uploads/season_images/utility/score_currency_bullion.avif					97		
15	S15_R98_lunchbox		Lunchbox x 5	0	TRUE			lunchbox	/wp-content/uploads/season_images/utility/atx_store_lunchbox001.avif					98		
15	S15_R98_perk_coin		Perk Coin x 50	0				perk_coins	/wp-content/uploads/season_images/utility/score_currency_perkcoin.avif					98		
15	S15_R99_pre_war_money_fireplace_rack		Pre-war Money Fireplace Rack	0					/wp-content/uploads/season_images/score_s15_camp_floordecor_prewarmoneyfirewood.avif	Decorate your hearth and show the world you've got money to burn!  - C.A.M.P. ITEMS APPEAR WHILE IN C.A.M.P. MODE. -	SCORE_S15_ENTM_CAMP_FloorDecor_PreWarMoneyFirewood			99		
15	S15_R100_atoms		Atoms x 500	0				atoms	/wp-content/uploads/season_images/utility/score_currency_atoms.avif					100		
15	S15_R100_conqueror_power_armor_paint		Conqueror Power Armor Paint	0					/wp-content/uploads/season_images/score_s15_skin_powerarmor_model_centurion.avif	Dominate the arena with this Conqueror Power Armor Paint!  This is a unique skin that completely alters the appearance of your Power Armor. It can be equipped on all main Power Armors.  - SKIN IS CRAFTABLE AT POWER ARMOR STATIONS. -	SCORE_S15_ENTM_Skin_PowerArmor_Model_Centurion			100		
15	S15_R100_pavilion_kit		Pavilion Kit	0	TRUE				/wp-content/uploads/season_images/score_s15_camp_kit_pavilionkit.avif	Create the perfect picnic area with this Pavilion Kit.  - C.A.M.P. ITEMS APPEAR WHILE IN C.A.M.P. MODE. -	SCORE_S15_ENTM_CAMP_Kit_PavilionKit			100		
15	S15_R100_the_big_score_player_icon		Player Icon: The Big Score	0		playerIcon	The Big Score	player_icon	/wp-content/uploads/guide-images/atom-shop/player-icons/atx_playericon_s15_smokingace.avif	Celebrate your big win with this framed The Big Score Player Icon.  - UNLOCKS A PLAYER ICON. -	SCORE_S15_ENTM_PlayerIcon_Icon7			100		
15	S15_R100_the_big_score_gameboard		The Big Score Gameboard	0					/wp-content/uploads/season_images/score_s15_camp_walldecor_s15board_casino.avif	Celebrate your big win with this framed The Big Score Gameboard.  - C.A.M.P. ITEMS APPEAR WHILE IN C.A.M.P. MODE. -	SCORE_S15_ENTM_CAMP_WallDecor_S15Board_Casino			100		
16	S16_P3_apparel_outfit_ripdaringcostume		Rip Daring Adventurer Outfit	45					/wp-content/uploads/season_images/score_s16_apparel_outfit_ripdaringcostume.avif	Don the Rip Daring Adventurer Outfit because it is time yet again for another exciting Cryptid Hunt!  - APPAREL IS CRAFTABLE AT ARMOR WORKBENCHES. -	SCORE_S16_ENTM_Apparel_Outfit_RipDaringCostume				1	0
16	S16_P6_skin_weaponskin_doublebarrelshotgun_peepers		Peepers Paint (Double-Barrel Shotgun & Cold Shoulder)	40					/wp-content/uploads/season_images/score_s16_skin_weaponskin_doublebarrelshotgun_peepers.avif	Trigger scopophobia in your enemies with the Peepers Paint!  - SKIN IS CRAFTABLE AT WEAPON WORKBENCHES. -	SCORE_S16_ENTM_Skin_WeaponSkin_DoubleBarrelShotgun_Peepers				1	0
16	S16_P1_legendary_core_x_10		Legendary Core x 10	5				legendary_core	/wp-content/uploads/season_images/utility/score_game_legendary_core.avif						1	0
16	S16_P1_liquid_courage_x_3		Liquid Courage x 3	5				liquid_courage	/wp-content/uploads/season_images/utility/score_game_liquidcourage.avif						1	0
16	S16_P1_perk_card_pack_x_5		Perk Card Pack x 5	5				perk_card_pack	/wp-content/uploads/season_images/utility/score_item_perkcardpack.avif						1	0
16	S16_P2_playericon_playericon1		Player Icon: Heating Up	5		playerIcon	Heating Up	player_icon	/wp-content/uploads/guide-images/atom-shop/player-icons/atx_playericon_s16_ripdaringcremator.avif	Fighting fire with fire. That's the Rip Daring way!	SCORE_S16_ENTM_PlayerIcon_PlayerIcon1				1	0
16	S16_P3_apparel_headwear_pithhelmet		Percival's Pith Helmet	25	TRUE				/wp-content/uploads/season_images/score_s16_apparel_headwear_pithhelmet.avif	Set out for adventure with Percival's Pith Helmet! It's the preferred headwear of butlers/tailors/navigators/monster lures.  - APPAREL IS CRAFTABLE AT ARMOR WORKBENCHES. -	SCORE_S16_ENTM_Apparel_Headwear_PithHelmet				1	0
16	S16_P9_camp_floordecor_rug_bigfeet		Big Feet Rug	15	TRUE				/wp-content/uploads/season_images/score_s16_camp_floordecor_rug_bigfeet.avif	You know what they say about cryptids with big feet. Wipe them!  - C.A.M.P. ITEMS APPEAR WHILE IN C.A.M.P. MODE. -	SCORE_S16_ENTM_CAMP_FloorDecor_Rug_BigFeet				1	0
16	S16_P1_mystery_bobblehead_x_3		Mystery Bobblehead x 3	5	TRUE			mystery_bobblehead	/wp-content/uploads/season_images/utility/score_utility_mysterybobblehead.avif						1	0
16	S16_P1_account_scoreboost_1		5% S.C.O.R.E. Boost	0	TRUE			score_booster	/wp-content/uploads/season_images/utility/score_s24_account_scoreboost_1.avif	Gain 5% bonus S.C.O.R.E. when you complete challenges for the rest of Season 16!  - UNLOCKS BOOST FOR ALL CHARACTERS ON YOUR ACCOUNT. -  - BONUS IS APPLIED TO BASE CHALLENGE S.C.O.R.E. -  - DOES NOT APPLY TO PREVIOUSLY COMPLETED CHALLENGES. -	SCORE_S16_ENTM_Account_ScoreBoost_1				1	0
16	S16_P5_skin_powerarmor_paint_t45_devilish		Devilish T-45 Power Armor Paint	45					/wp-content/uploads/season_images/score_s16_skin_powerarmor_paint_t45_devilish.avif	Show everybody just how wicked you are with this Devilish Power Armor Paint!  - SKIN IS CRAFTABLE AT POWER ARMOR STATIONS. -	SCORE_S16_ENTM_Skin_PowerArmor_Paint_T45_Devilish				2	7
16	S16_P14_camp_defense_beachfences		Beach Fence Set	30					/wp-content/uploads/season_images/score_s16_camp_defense_beachfences.avif	Keep all good vibrations contained within the perimeter with these Beach Fences.  - C.A.M.P. ITEMS APPEAR WHILE IN C.A.M.P. MODE. -	SCORE_S16_ENTM_CAMP_Defense_BeachFences				2	7
16	S16_P2_200_atoms		200 Atoms	25				atoms	/wp-content/uploads/season_images/utility/score_currency_atoms.avif						2	7
16	S16_P12_camp_walldecor_roseroomposter		Rose Room Poster	15					/wp-content/uploads/season_images/score_s16_camp_walldecor_roseroomposter.avif	Elevate your decor with this Rose Room Poster!  - C.A.M.P. ITEMS APPEAR WHILE IN C.A.M.P. MODE. -	SCORE_S16_ENTM_CAMP_WallDecor_RoseRoomPoster				2	7
16	S16_P2_gold_bullion_x_500		Gold Bullion x 500	5				gold_bullion	/wp-content/uploads/season_images/utility/score_currency_bullion.avif						2	7
16	S16_P2_nuclear_keycard_x_5		Nuclear Keycard x 5	5				nuclear_keycard	/wp-content/uploads/season_images/utility/score_utility_nuclearkeycard.avif						2	7
16	S16_P11_camp_floordecor_shipwheel		Ship Wheel	0					/wp-content/uploads/season_images/score_s16_camp_floordecor_shipwheel.avif	"Build this Ship Wheel in your C.A.M.P. and learn the difference between ""Port"" and ""Starboard""!  - C.A.M.P. ITEMS APPEAR WHILE IN C.A.M.P. MODE. -"	SCORE_S16_ENTM_CAMP_FloorDecor_ShipWheel				2	7
16	S16_P12_camp_walldecor_surfboardset_01		Rip and Friends Surfboard Wall Decoration Set	30	TRUE				/wp-content/uploads/season_images/score_s16_camp_walldecor_surfboardset_01.avif	Surf's up on the wall with this trio of Surfboard wall decorations!  - C.A.M.P. ITEMS APPEAR WHILE IN C.A.M.P. MODE. -	SCORE_S16_ENTM_CAMP_WallDecor_SurfboardSet_01				2	7
16	S16_P11_camp_floordecor_hotdogsign		Hot Dog Sign	15	TRUE				/wp-content/uploads/season_images/score_s16_camp_floordecor_hotdogsign.avif	Show the Wasteland what temperature you keep your dogs at with this Hot Dog Sign.  - C.A.M.P. ITEMS APPEAR WHILE IN C.A.M.P. MODE. -	SCORE_S16_ENTM_CAMP_FloorDecor_HotDogSign				2	7
16	S16_P14_photomode_frame_jerseyshorevacation		Jersey Shore Vacation Photomode Frame	5	TRUE				/wp-content/uploads/season_images/score_s16_photomode_frame_jerseyshorevacation.avif	Who doesn't love the beach?  - UNLOCKS A PHOTOMODE FRAME. -	SCORE_S16_ENTM_Photomode_Frame_JerseyShoreVacation				2	7
16	S16_P9_camp_floordecor_cryptid_tikistatue		Cryptid Tiki Statues	40					/wp-content/uploads/season_images/score_s16_camp_floordecor_cryptid_tikistatue.avif	Decorate your C.A.M.P. with these uncanny Cryptid Tiki Statues.  - C.A.M.P. ITEMS APPEAR WHILE IN C.A.M.P. MODE. -	SCORE_S16_ENTM_CAMP_FloorDecor_Cryptid_TikiStatue				3	14
16	S16_P13_camp_wallshelving_surfboardset_01		Rip and Friends Surfboard Shelf Set	30					/wp-content/uploads/season_images/score_s16_camp_wallshelving_surfboardset_01.avif	Make a big splash with this swell trio of Surfboard Shelves!  - C.A.M.P. ITEMS APPEAR WHILE IN C.A.M.P. MODE. -	SCORE_S16_ENTM_CAMP_WallShelving_SurfboardSet_01				3	14
16	S16_P13_camp_lights_floorlamps_tikitorch		Tiki Torches	30					/wp-content/uploads/season_images/score_s16_camp_lights_floorlamps_tikitorch.avif	Brighten your camp with these exotic Tiki Torches that come in a variety of different colors!  - C.A.M.P. ITEMS APPEAR WHILE IN C.A.M.P. MODE. -	SCORE_S16_ENTM_CAMP_Lights_FloorLamps_TikiTorch				3	14
16	S16_P3_200_atoms		200 Atoms	25				atoms	/wp-content/uploads/season_images/utility/score_currency_atoms.avif						3	14
16	S16_P10_camp_floordecor_tikimusicbox		Tiki Music Box	20					/wp-content/uploads/season_images/score_s16_camp_floordecor_tikimusicbox.avif	Bring the beach tunes into your C.A.M.P. with this Tiki Music Box!  - C.A.M.P. ITEMS APPEAR WHILE IN C.A.M.P. MODE. -	SCORE_S16_ENTM_CAMP_FloorDecor_TikiMusicBox				3	14
16	S16_P3_s_c_o_r_e_booster_x_3		S.C.O.R.E. Booster x 3	5				score_booster	/wp-content/uploads/season_images/utility/score_utility_scorebooster.avif						3	14
16	S16_P3_apparel_outfit_tropicalcryptidprintoutfit		Tropical Cryptid Shirt and Shorts Outfit	30	TRUE				/wp-content/uploads/season_images/score_s16_apparel_outfit_tropicalcryptidprintoutfit.avif	What Rip Daring would wear if he ever took a vacation from hunting cryptids.  - APPAREL IS CRAFTABLE AT ARMOR WORKBENCHES. -	SCORE_S16_ENTM_Apparel_Outfit_TropicalCryptidPrintOutfit				3	14
16	S16_P14_camp_lights_ceiling_glassfloat_tikilights		Glass Float Lights	25	TRUE				/wp-content/uploads/season_images/score_s16_camp_lights_ceiling_glassfloat_tikilights.avif	These glass floats turned ceiling decorations will lighten the mood in your C.A.M.P.!  Includes Blue, Green, and Orange lights.  - C.A.M.P. ITEMS APPEAR WHILE IN C.A.M.P. MODE. -	SCORE_S16_ENTM_CAMP_Lights_Ceiling_GlassFloat_TikiLights				3	14
16	S16_P3_legendary_module_x_10		Legendary Module x 10	5	TRUE			legendary_module	/wp-content/uploads/season_images/utility/score_game_legendarymodule.avif						3	14
16	S16_P2_playericon_playericon2		Player Icon: Gun Show	0	TRUE	playerIcon	Gun Show	player_icon	/wp-content/uploads/guide-images/atom-shop/player-icons/atx_playericon_s16_ripdaringflex.avif	You've got front row seats.	SCORE_S16_ENTM_PlayerIcon_PlayerIcon2				3	14
16	S16_P7_weapons_cremator		Cremator	55					/wp-content/uploads/season_images/score_s16_weapons_cremator.avif	Great balls of fire! It's time to heat things up with the all-new Cremator!  Can also be bought in-game for 750 Gold Bullion.  - ITEM IS CRAFTABLE AT WEAPON WORKBENCHES. -	SCORE_S16_ENTM_Weapons_Cremator				4	22
16	S16_P5_skin_powerarmor_paint_excavator_devilish		Devilish Excavator Power Armor Paint	45					/wp-content/uploads/season_images/score_s16_skin_powerarmor_paint_excavator_devilish.avif	Show everybody just how wicked you are with this Devilish Power Armor Paint!  - SKIN IS CRAFTABLE AT POWER ARMOR STATIONS. -	SCORE_S16_ENTM_Skin_PowerArmor_Paint_Excavator_Devilish				4	22
16	S16_P14_camp_decoration_flagwaving_ripdaringflag		Rip Daring Flag	15					/wp-content/uploads/season_images/score_s16_camp_decoration_flagwaving_ripdaringflag.avif	Fly this flag to show those cryptids, and everybody else, that this territory belongs to you. That's the Rip Daring way!  - C.A.M.P. ITEMS APPEAR WHILE IN C.A.M.P. MODE. -	SCORE_S16_ENTM_CAMP_Decoration_FlagWaving_RipDaringFlag				4	22
16	S16_P4_stamps_x_10		Stamps x 10	15				stamps	/wp-content/uploads/season_images/utility/score_currency_stamps.avif						4	22
16	S16_P12_camp_walldecor_poweredposter_ripdaring01		"Rip Daring ""Duel with the Devil"" Poster"	10					/wp-content/uploads/season_images/score_s16_camp_walldecor_poweredposter_ripdaring01.avif	Deal with the Devil? No! Duel with the Devil! That's the Rip Daring way!  - C.A.M.P. ITEMS APPEAR WHILE IN C.A.M.P. MODE. -	SCORE_S16_ENTM_CAMP_WallDecor_PoweredPoster_RipDaring01				4	22
16	S16_P2_playericon_playericon3		Player Icon: Jersey Devil	5		playerIcon	Jersey Devil	player_icon	/wp-content/uploads/guide-images/atom-shop/player-icons/atx_playericon_s16_jerseydevil.avif	Hell is empty, the devil is here.  - UNLOCKS A PLAYER ICON. -	SCORE_S16_ENTM_PlayerIcon_PlayerIcon3				4	22
16	S16_P4_ultracite_supply_crate_x_3		Ultracite Supply Crate x 3	0					/wp-content/uploads/season_images/utility/score_s15_consumable_ultracitescrapsupply.avif						4	22
16	S16_P6_skin_weaponskin_leveractionrifle_peepers		Peepers Paint (Lever Action Rifle)	35	TRUE				/wp-content/uploads/season_images/score_s16_skin_weaponskin_leveractionrifle_peepers.avif	Trigger scopophobia in your enemies with the Peepers Paint!  - SKIN IS CRAFTABLE AT WEAPON WORKBENCHES. -	SCORE_S16_ENTM_Skin_WeaponSkin_LeverActionRifle_Peepers				4	22
16	S16_P4_200_atoms		200 Atoms	15	TRUE			atoms	/wp-content/uploads/season_images/utility/score_currency_atoms.avif						4	22
16	S16_P4_legendary_scrip_x_300		Legendary Scrip x 300	5	TRUE			legendary_scrip	/wp-content/uploads/season_images/utility/score_currency_scrip.avif						4	22
16	S16_P13_camp_ally_adelaide		Lite Ally: Adelaide	50					/wp-content/uploads/season_images/score_s16_camp_ally_adelaide.avif	Introducing Adelaide, the Astounding Assaultron. Autographs are extra.  - ALLIES  APPEAR ONCE THEIR FURNITURE IS PLACED IN C.A.M.P. MODE. -	SCORE_S16_ENTM_CAMP_Ally_Adelaide				5	30
16	S16_P6_skin_weaponskin_gaussrifle_peepers		Peepers Paint (Gauss Rifle)	40					/wp-content/uploads/season_images/score_s16_skin_weaponskin_gaussrifle_peepers.avif	Trigger scopophobia in your enemies with the Peepers Paint!  - SKIN IS CRAFTABLE AT WEAPON WORKBENCHES. -	SCORE_S16_ENTM_Skin_WeaponSkin_GaussRifle_Peepers				5	30
16	S16_P14_camp_displaycase_chessboard		Chessboard Display	25					/wp-content/uploads/season_images/score_s16_camp_displaycase_chessboard.avif	Got something you want to show off from your collection? This Chessboard makes for the perfect display for that special item!  - C.A.M.P. ITEMS APPEAR WHILE IN C.A.M.P. MODE. -	SCORE_S16_ENTM_CAMP_Displaycase_Chessboard				5	30
16	S16_P10_camp_floordecor_toyrobotset		Toy Robot Set	15					/wp-content/uploads/season_images/score_s16_camp_floordecor_toyrobotset.avif	Create your perfect miniature robotic defense formation with this Toy Robot Set!  - C.A.M.P. ITEMS APPEAR WHILE IN C.A.M.P. MODE. -	SCORE_S16_ENTM_CAMP_FloorDecor_ToyRobotSet				5	30
16	S16_P2_playericon_playericon4		Player Icon: Adelaide	5		playerIcon	Adelaide	player_icon	/wp-content/uploads/guide-images/atom-shop/player-icons/atx_playericon_s16_adelaide.avif	My thermal imaging is telling me that you're looking hotter than usual baby.	SCORE_S16_ENTM_PlayerIcon_PlayerIcon4				5	30
16	S16_P5_re_roller_x_5		Re-Roller x 5	0				re_roller	/wp-content/uploads/season_images/utility/score_utility_reroller.avif						5	30
16	S16_P9_camp_furniture_bullseyetrampoline		Bullseye Trampoline	30	TRUE				/wp-content/uploads/season_images/score_s16_camp_furniture_bullseyetrampoline.avif	Ready. Aim. Bounce! You'll never miss with this Bullseye Trampoline!  - C.A.M.P. ITEMS APPEAR WHILE IN C.A.M.P. MODE. -	SCORE_S16_ENTM_CAMP_Furniture_BullseyeTrampoline				5	30
16	S16_P9_camp_floordecor_ballbuddies		Ball Buddies	20	TRUE				/wp-content/uploads/season_images/score_s16_camp_floordecor_ballbuddies.avif	Who needs real friends when you can make your own?   - C.A.M.P. ITEMS APPEAR WHILE IN C.A.M.P. MODE. -	SCORE_S16_ENTM_CAMP_FloorDecor_BallBuddies				5	30
16	S16_P5_caps_x_5000		Caps x 5000	10	TRUE			caps	/wp-content/uploads/season_images/utility/score_currency_caps.avif						5	30
16	S16_P1_account_scoreboost_2		10% S.C.O.R.E. Boost	5	TRUE			score_booster	/wp-content/uploads/season_images/utility/score_s24_account_scoreboost_1.avif	Gain another 10% bonus S.C.O.R.E. when you complete challenges for the rest of Season 16!  - UNLOCKS BOOST FOR ALL CHARACTERS ON YOUR ACCOUNT. -  - BONUS IS APPLIED TO BASE CHALLENGE S.C.O.R.E.. -  - DOES NOT APPLY TO PREVIOUSLY COMPLETED CHALLENGES. -	SCORE_S16_ENTM_Account_ScoreBoost_2				5	30
16	S16_P5_skin_powerarmor_paint_union_devilish		Devilish Union Power Armor Paint	45					/wp-content/uploads/season_images/score_s16_skin_powerarmor_paint_union_devilish.avif	Show everybody just how wicked you are with this Devilish Power Armor Paint!  - SKIN IS CRAFTABLE AT POWER ARMOR STATIONS. -	SCORE_S16_ENTM_Skin_PowerArmor_Paint_Union_Devilish				6	38
16	S16_P10_camp_floordecor_constructionloader		Construction Loader	30					/wp-content/uploads/season_images/score_s16_camp_floordecor_constructionloader.avif	Keep your hard hats on when this Construction Loader is in your C.A.M.P.!  - C.A.M.P. ITEMS APPEAR WHILE IN C.A.M.P. MODE. -	SCORE_S16_ENTM_CAMP_FloorDecor_ConstructionLoader				6	38
16	S16_P6_200_atoms		200 Atoms	20				atoms	/wp-content/uploads/season_images/utility/score_currency_atoms.avif						6	38
16	S16_P14_camp_ceilingdecor_hangingtirebasket		Hanging Tire Baskets	20					/wp-content/uploads/season_images/score_s16_camp_ceilingdecor_hangingtirebasket.avif	Freshen up your C.A.M.P. with these repurposed Hanging Tire Baskets!  - C.A.M.P. ITEMS APPEAR WHILE IN C.A.M.P. MODE. -	SCORE_S16_ENTM_CAMP_CeilingDecor_HangingTireBasket				6	38
16	S16_P10_camp_floordecor_raidercage		Raider Cages	20					/wp-content/uploads/season_images/score_s16_camp_floordecor_raidercage.avif	If you love something, let it go... Into a cage.  - C.A.M.P. ITEMS APPEAR WHILE IN C.A.M.P. MODE. -	SCORE_S16_ENTM_CAMP_FloorDecor_RaiderCage				6	38
16	S16_P6_carry_weight_booster_x_5		Carry Weight Booster x 5	5				carry_weight_booster	/wp-content/uploads/season_images/utility/score_utility_carryweight.avif						6	38
16	S16_P6_skin_weaponskin_autoaxe_peepers		Peepers Paint (Auto Axe)	40	TRUE				/wp-content/uploads/season_images/score_s16_skin_weaponskin_autoaxe_peepers.avif	Trigger scopophobia in your enemies with the Peepers Paint!  - SKIN IS CRAFTABLE AT WEAPON WORKBENCHES. -	SCORE_S16_ENTM_Skin_WeaponSkin_AutoAxe_Peepers				6	38
16	S16_P10_camp_floordecor_constructionbarrier		Construction Barrier	15	TRUE				/wp-content/uploads/season_images/score_s16_camp_floordecor_constructionbarrier.avif	This is a great barrier to entry.  - C.A.M.P. ITEMS APPEAR WHILE IN C.A.M.P. MODE. -	SCORE_S16_ENTM_CAMP_FloorDecor_ConstructionBarrier				6	38
16	S16_P6_s_c_o_r_e_booster_x_3		S.C.O.R.E. Booster x 3	5	TRUE			score_booster	/wp-content/uploads/season_images/utility/score_utility_scorebooster.avif						6	38
16	S16_P12_camp_walldecor_cagesign		Cage Sign	0	TRUE				/wp-content/uploads/season_images/score_s16_camp_walldecor_cagesign.avif	Just follow the Cage Sign, and no one gets hurt.  - Requires the base Metal Sign to have been unlocked -  - C.A.M.P. ITEMS APPEAR WHILE IN C.A.M.P. MODE. -	SCORE_S16_ENTM_CAMP_WallDecor_CageSign				6	38
16	S16_P13_skin_backpack_cryptidskull		Cryptid Skull Backpack	45					/wp-content/uploads/season_images/score_s16_skin_backpack_cryptidskull.avif	This hunting trophy doubles as a nifty backpack!  This skin can be applied to both the Small and Standard Backpack as a mod.   - SKIN IS CRAFTABLE AT ARMOR WORKBENCHES. -	SCORE_S16_ENTM_Skin_Backpack_CryptidSkull				7	46
16	S16_P4_skin_powerarmor_paint_hellcat_devilish		Devilish Hellcat Power Armor Paint	45					/wp-content/uploads/season_images/score_s16_skin_powerarmor_paint_hellcat_devilish.avif	Show everybody just how wicked you are with this Devilish Power Armor Paint!  - SKIN IS CRAFTABLE AT POWER ARMOR STATIONS. -	SCORE_S16_ENTM_Skin_PowerArmor_Paint_Hellcat_Devilish				7	46
16	S16_P7_weapons_daringbinoculars		Daring Binoculars	25					/wp-content/uploads/season_images/score_s16_weapons_daringbinoculars.avif	Keep an eye out for cryptids with Rip Daring's very own Daring Binoculars!  - ITEM IS CRAFTABLE AT TINKER WORKBENCHES. -	SCORE_S16_ENTM_Weapons_DaringBinoculars				7	46
16	S16_P13_skin_backpackflair_jerseydevilshoe		Jersey Devil's Shoe Backpack Flair	25					/wp-content/uploads/season_images/score_s16_skin_backpackflair_jerseydevilshoe.avif	Hot-foot it to the Pine Barrens with this Jersey Devil Shoe Backpack Flair!  - SKIN IS CRAFTABLE AT ARMOR WORKBENCHES. -	SCORE_S16_ENTM_Skin_BackpackFlair_JerseyDevilShoe				7	46
16	S16_P7_legendary_scrip_x_300		Legendary Scrip x 300	10				legendary_scrip	/wp-content/uploads/season_images/utility/score_currency_scrip.avif						7	46
16	S16_P7_basic_repair_kit_x_5		Basic Repair Kit x 5	5				repair_kit	/wp-content/uploads/season_images/utility/atx_utility_repairkit_basic.avif						7	46
16	S16_P6_skin_weaponskin_cremator_peepers		Peepers Paint (Cremator)	40	TRUE				/wp-content/uploads/season_images/score_s16_skin_weaponskin_cremator_peepers.avif	Trigger scopophobia in your enemies with the Peepers Paint!  - SKIN IS CRAFTABLE AT WEAPON WORKBENCHES.	SCORE_S16_ENTM_Skin_WeaponSkin_Cremator_Peepers				7	46
16	S16_P9_camp_floordecor_rug_horseshoe		Jersey Devil's Horseshoe Rug	25	TRUE				/wp-content/uploads/season_images/score_s16_camp_floordecor_rug_horseshoe.avif	Stamp your hoofs across this Jersey Devil's Horseshoe Rug!  - C.A.M.P. ITEMS APPEAR WHILE IN C.A.M.P. MODE. -	SCORE_S16_ENTM_CAMP_FloorDecor_Rug_Horseshoe				7	46
16	S16_P7_scrap_kit_x_5		Scrap Kit x 5	5	TRUE			scrap_kit	/wp-content/uploads/season_images/utility/atx_utility_repairkit_scraptostash.avif						7	46
16	S16_P7_200_atoms		200 Atoms	0	TRUE			atoms	/wp-content/uploads/season_images/utility/score_currency_atoms.avif						7	46
16	S16_P4_skin_powerarmor_paint_ultracite_devilish		Devilish Ultracite Power Armor Paint	45					/wp-content/uploads/season_images/score_s16_skin_powerarmor_paint_ultracite_devilish.avif	Show everybody just how wicked you are with this Devilish Power Armor Paint!  - SKIN IS CRAFTABLE AT POWER ARMOR STATIONS. -	SCORE_S16_ENTM_Skin_PowerArmor_Paint_Ultracite_Devilish				8	55
16	S16_P6_skin_weaponskin_cremator_ripdaring		Rip Daring Paint (Cremator)	40					/wp-content/uploads/season_images/score_s16_skin_weaponskin_cremator_ripdaring.avif	Set your prey (and the surrounding forests) aflame with the fires of adventure with this Rip Daring Paint!  - SKIN IS CRAFTABLE AT WEAPON WORKBENCHES. -	SCORE_S16_ENTM_Skin_WeaponSkin_Cremator_RipDaring				8	55
16	S16_P8_200_atoms		200 Atoms	25				atoms	/wp-content/uploads/season_images/utility/score_currency_atoms.avif						8	55
16	S16_P7_weapons_cremator_slowburner		Slowburner Mod (Cremator)	25					/wp-content/uploads/season_images/score_s16_weapons_cremator_slowburner.avif	No time to stick around and finish the job? Ignite your foes and just let them burn! Slowly.  Increases burn damage and burn duration.  Can also be bought in-game for 150 Gold Bullion.  - ITEM IS CRAFTABLE AT WEAPON WORKBENCHES. REQUIRES THE CREMATOR. -	SCORE_S16_ENTM_Weapons_Cremator_Slowburner				8	55
16	S16_P8_legendary_module_x_10		Legendary Module x 10	5				legendary_module	/wp-content/uploads/season_images/utility/score_game_legendarymodule.avif						8	55
16	S16_P8_lunchbox_x_5		Lunchbox x 5	5				lunchbox	/wp-content/uploads/season_images/utility/atx_store_lunchbox001.avif						8	55
16	S16_P8_scout_s_banner_x_5		Scout's Banner x 5	5				scouts_banner	/wp-content/uploads/season_images/utility/score_coen_utility_banner.avif						8	55
16	S16_P8_camp_collector_waterboiler		Water Boiler	45	TRUE				/wp-content/uploads/season_images/score_s16_camp_collector_waterboiler.avif	Keep hot boiled water conveniently at your fingertips with this Water Boiler.  Generates Boiled Water.  This item cannot be built inside of a Shelter.  - C.A.M.P. ITEMS APPEAR WHILE IN C.A.M.P. MODE. -	SCORE_S16_ENTM_CAMP_Collector_WaterBoiler				8	55
16	S16_P8_legendary_scrip_x_300		Legendary Scrip x 300	5	TRUE			legendary_scrip	/wp-content/uploads/season_images/utility/score_currency_scrip.avif						8	55
16	S16_P8_stamps_x_10		Stamps x 10	0	TRUE			stamps	/wp-content/uploads/season_images/utility/score_currency_stamps.avif						8	55
16	S16_P4_skin_powerarmor_paint_t65_devilish		Devilish T-65 Power Armor Paint	45					/wp-content/uploads/season_images/score_s16_skin_powerarmor_paint_t65_devilish.avif	Show everybody just how wicked you are with this Devilish Power Armor Paint!  - SKIN IS CRAFTABLE AT POWER ARMOR STATIONS. -	SCORE_S16_ENTM_Skin_PowerArmor_Paint_T65_Devilish				9	63
16	S16_P13_camp_stashbox_worldofcryptidstrunk		World of Cryptids Trunk	40					/wp-content/uploads/season_images/score_s16_camp_stashbox_worldofcryptidstrunk.avif	With the World of Cryptids Trunk you can prove you've traveled to exotic lands, met unusual creatures, and killed them!   - C.A.M.P. ITEMS APPEAR WHILE IN C.A.M.P. MODE. -	SCORE_S16_ENTM_CAMP_Stashbox_WorldofCryptidsTrunk				9	63
16	S16_P7_weapons_cremator_heavy		Heavy Mod (Cremator)	35					/wp-content/uploads/season_images/score_s16_weapons_cremator_heavy.avif	It might be heavy but this Cremator really packs a fiery punch!  Increases projectile damage and increases weapon weight.  Can also be bought in-game for 150 Gold Bullion.  - ITEM IS CRAFTABLE AT WEAPON WORKBENCHES. REQUIRES THE CREMATOR. -	SCORE_S16_ENTM_Weapons_Cremator_Heavy				9	63
16	S16_P15_camp_wallpaper_cryptidhunt		Cryptid Hunt Wallpaper	15					/wp-content/uploads/season_images/score_s16_camp_wallpaper_cryptidhunt.avif	You'll never have trouble spotting a cryptid when your walls are decorated with this Rip Daring inspired Cyptid Hunt Wallpaper!  - WALLPAPER ITEMS APPEAR WHILE IN C.A.M.P. EDIT MODE. -	SCORE_S16_ENTM_CAMP_WallPaper_CryptidHunt				9	63
16	S16_P12_camp_walldecor_poweredposter_ripdaring02		"Rip Daring ""Field Research"" Poster"	10					/wp-content/uploads/season_images/score_s16_camp_walldecor_poweredposter_ripdaring02.avif	Suntanning, surfing, and sea serpents. Now that's an adventure Guinevere can get behind!  - C.A.M.P. ITEMS APPEAR WHILE IN C.A.M.P. MODE. -	SCORE_S16_ENTM_CAMP_WallDecor_PoweredPoster_RipDaring02				9	63
16	S16_P9_large_vault_tec_supply_package_x_3		Large Vault-Tec Supply Package x 3	5				supply_package	/wp-content/uploads/season_images/utility/score_utility_scrapball_large.avif						9	63
16	S16_P9_legendary_core_x_10		Legendary Core x 10	5				legendary_core	/wp-content/uploads/season_images/utility/score_game_legendary_core.avif						9	63
16	S16_P6_skin_weaponskin_pumpactionshotgun_peepers		Peepers Paint (Pump Action Shotgun)	40	TRUE				/wp-content/uploads/season_images/score_s16_skin_weaponskin_pumpactionshotgun_peepers.avif	Trigger scopophobia in your enemies with the Peepers Paint!  - SKIN IS CRAFTABLE AT WEAPON WORKBENCHES. -	SCORE_S16_ENTM_Skin_WeaponSkin_PumpActionShotgun_Peepers				9	63
16	S16_P2_playericon_playericon5		Player Icon: Devilish	5	TRUE	playerIcon	Devilish	player_icon	/wp-content/uploads/guide-images/atom-shop/player-icons/atx_playericon_s16_devilishskull.avif	Beware when hunting devils that you do not become one.  - UNLOCKS A PLAYER ICON. -	SCORE_S16_ENTM_PlayerIcon_PlayerIcon5				9	63
16	S16_P9_gold_bullion_x_500		Gold Bullion x 500	0	TRUE			gold_bullion	/wp-content/uploads/season_images/utility/score_currency_bullion.avif						9	63
16	S16_P10_autopsy_table_chemistry_workstation		Autopsy Table Chemistry Workstation	50					/wp-content/uploads/season_images/score_s16_camp_workbench_chemistry_autopsy.avif	Study the dead and learn the secrets of life with this Autopsy Table Chemistry Workstation.  Requires the Chemistry Workstation to be learned.  - C.A.M.P. ITEMS APPEAR WHILE IN C.A.M.P. MODE. -	SCORE_S16_CAMP_Workbench_Chemistry_Autopsy				10	71
16	S16_P3_emotes_goodluck		Good Luck Emote	30					/wp-content/uploads/guide-images/atom-shop/emotes/Good Luck.webp	Wish your friends a little good luck!  - UNLOCKS AN EMOTE OPTION. -	SCORE_S16_ENTM_Emotes_GoodLuck				10	71
16	S16_P10_camp_floordecor_brahmincorpse		Brahmin Corpse	25					/wp-content/uploads/season_images/score_s16_camp_floordecor_brahmincorpse.avif	No C.A.M.P. is complete without a delightfully decomposing Brahmin Corpse!  - C.A.M.P. ITEMS APPEAR WHILE IN C.A.M.P. MODE. -	SCORE_S16_ENTM_CAMP_FloorDecor_BrahminCorpse				10	71
16	S16_P10_caps_x_5000		Caps x 5000	15				caps	/wp-content/uploads/season_images/utility/score_currency_caps.avif						10	71
16	S16_P10_mystery_magazine_package_x_3		Mystery Magazine Package x 3	5				mystery_magazine	/wp-content/uploads/season_images/utility/score_utility_magazinebookbox.avif						10	71
16	S16_P10_scrap_kit_x_5		Scrap Kit x 5	5				scrap_kit	/wp-content/uploads/season_images/utility/atx_utility_repairkit_scraptostash.avif						10	71
16	S16_P5_skin_powerarmor_paint_x01_devilish		Devilish X-01 Power Armor Paint	45	TRUE				/wp-content/uploads/season_images/score_s16_skin_powerarmor_paint_x01_devilish.avif	Show everybody just how wicked you are with this Devilish Power Armor Paint!  - SKIN IS CRAFTABLE AT POWER ARMOR STATIONS. -	SCORE_S16_ENTM_Skin_PowerArmor_Paint_X01_Devilish				10	71
16	S16_P11_camp_floordecor_wetfloorsign		Wet Floor Sign	15	TRUE				/wp-content/uploads/season_images/score_s16_camp_floordecor_wetfloorsign.avif	Warn visitors of spilled water, blood, and/or other mystery liquids with the Wet Floor Sign!  - C.A.M.P. ITEMS APPEAR WHILE IN C.A.M.P. MODE. -	SCORE_S16_ENTM_CAMP_FloorDecor_WetFloorSign				10	71
16	S16_P10_200_atoms		200 Atoms	10	TRUE			atoms	/wp-content/uploads/season_images/utility/score_currency_atoms.avif						10	71
16	S16_P1_account_scoreboost_3		10% S.C.O.R.E. Boost	0	TRUE			score_booster	/wp-content/uploads/season_images/utility/score_s24_account_scoreboost_1.avif	Gain another 10% bonus S.C.O.R.E. when you complete challenges for the rest of Season 16!  - UNLOCKS BOOST FOR ALL CHARACTERS ON YOUR ACCOUNT. -  - BONUS IS APPLIED TO BASE CHALLENGE S.C.O.R.E.. -  - DOES NOT APPLY TO PREVIOUSLY COMPLETED CHALLENGES. -	SCORE_S16_ENTM_Account_ScoreBoost_3				10	71
16	S16_P6_skin_weaponskin_plasmacaster_peepers		Peepers Paint (Plasma Caster)	40					/wp-content/uploads/season_images/score_s16_skin_weaponskin_plasmacaster_peepers.avif	Trigger scopophobia in your enemies with the Peepers Paint!  - SKIN IS CRAFTABLE AT WEAPON WORKBENCHES. -	SCORE_S16_ENTM_Skin_WeaponSkin_PlasmaCaster_Peepers				11	79
16	S16_P8_camp_kit_grassroofkit		Grass Roof Kit	25					/wp-content/uploads/season_images/score_s16_camp_kit_grassroofkit.avif	Get in touch with nature with this Grass Roof Kit.   Includes new Roof items.  - C.A.M.P. ITEMS APPEAR WHILE IN C.A.M.P. MODE. -	SCORE_S16_ENTM_CAMP_Kit_GrassRoofKit				11	79
16	S16_P7_weapons_cremator_napalmer		Napalmer Mod (Cremator)	20					/wp-content/uploads/season_images/score_s16_weapons_cremator_napalmer.avif	Increase the effectiveness of your Cremator by adding a bit of Napalm to it!  Increases projectile damage and burn damage.  Can also be bought in-game for 150 Gold Bullion.  - ITEM IS CRAFTABLE AT WEAPON WORKBENCHES. REQUIRES THE CREMATOR. -	SCORE_S16_ENTM_Weapons_Cremator_Napalmer				11	79
16	S16_P11_carry_weight_booster_x_5		Carry Weight Booster x 5	5				carry_weight_booster	/wp-content/uploads/season_images/utility/score_utility_carryweight.avif						11	79
16	S16_P11_legendary_scrip_x_300		Legendary Scrip x 300	5				legendary_scrip	/wp-content/uploads/season_images/utility/score_currency_scrip.avif						11	79
16	S16_P14_photomode_frame_pinebarrensdevilhunt		Pine Barrens Devil Hunt Photomode Frame	5					/wp-content/uploads/season_images/score_s16_photomode_frame_pinebarrensdevilhunt.avif	Hot on the trail of the Jersey Devil!  - UNLOCKS A PHOTOMODE FRAME. -	SCORE_S16_ENTM_Photomode_Frame_PineBarrensDevilHunt				11	79
16	S16_P13_camp_wallpaper_pinebarrens		Pine Barrens Wallpaper	0					/wp-content/uploads/season_images/score_s16_camp_wallpaper_pinebarrens.avif	A wallpaper that brings a little bit of the great outdoors to the great indoors.  - WALLPAPER ITEMS APPEAR WHILE IN C.A.M.P. EDIT MODE. -	SCORE_S16_ENTM_CAMP_WallPaper_PineBarrens				11	79
16	S16_P9_camp_furniture_shootinggallery_jerseydevil		Jersey Devil Shooting Gallery	40	TRUE				/wp-content/uploads/season_images/score_s16_camp_furniture_shootinggallery_jerseydevil.avif	Hunt for cryptids from the comfort of your own C.A.M.P. with the Jersey Devil Shooting Gallery!  - C.A.M.P. ITEMS APPEAR WHILE IN C.A.M.P. MODE. -	SCORE_S16_ENTM_CAMP_Furniture_ShootingGallery_JerseyDevil				11	79
16	S16_P11_200_atoms		200 Atoms	5	TRUE			atoms	/wp-content/uploads/season_images/utility/score_currency_atoms.avif						11	79
16	S16_P11_basic_repair_kit_x_5		Basic Repair Kit x 5	5	TRUE			repair_kit	/wp-content/uploads/season_images/utility/atx_utility_repairkit_basic.avif						11	79
16	S16_P4_skin_powerarmor_paint_t60_devilish		Devilish T-60 Power Armor Paint	40					/wp-content/uploads/season_images/score_s16_skin_powerarmor_paint_t60_devilish.avif	Show everybody just how wicked you are with this Devilish Power Armor Paint!  - SKIN IS CRAFTABLE AT POWER ARMOR STATIONS. -	SCORE_S16_ENTM_Skin_PowerArmor_Paint_T60_Devilish				12	85
16	S16_P7_weapons_cremator_doublemultishot		Double Shot and Multi Shot Barrel Mods (Cremator)	30					/wp-content/uploads/season_images/score_s16_weapons_cremator_doublemultishot.avif	You know what's better than one big fireball? Two fireballs! Or even four fireballs!  Includes two barrel mods for the Cremator that increases the number of projectiles, dividing damage between them.  Can also be bought in-game for 150 Gold Bullion.  - ITEM IS CRAFTABLE AT WEAPON WORKBENCHES. REQUIRES THE CREMATOR. -	SCORE_S16_ENTM_Weapons_Cremator_DoubleMultiShot				12	85
16	S16_P9_camp_floordecor_stein_jerseydevil		Jersey Devil Stein	25					/wp-content/uploads/season_images/score_s16_camp_floordecor_stein_jerseydevil.avif	Don't let anyone get your goat! Enjoy a drink from this Jersey Devil Stein.  - C.A.M.P. ITEMS APPEAR WHILE IN C.A.M.P. MODE. -	SCORE_S16_ENTM_CAMP_FloorDecor_Stein_JerseyDevil				12	85
16	S16_P12_200_atoms		200 Atoms	20				atoms	/wp-content/uploads/season_images/utility/score_currency_atoms.avif						12	85
16	S16_P2_playericon_playericon6		Player Icon: Beach Guinevere	5		playerIcon	Beach Guinevere	player_icon	/wp-content/uploads/guide-images/atom-shop/player-icons/atx_playericon_s16_guineverevacation.avif	Life's a beach.	SCORE_S16_ENTM_PlayerIcon_PlayerIcon6				12	85
16	S16_P12_scout_s_banner_x_5		Scout's Banner x 5	5				scouts_banner	/wp-content/uploads/season_images/utility/score_coen_utility_banner.avif						12	85
16	S16_P12_gold_bullion_x_500		Gold Bullion x 500	0				gold_bullion	/wp-content/uploads/season_images/utility/score_currency_bullion.avif						12	85
16	S16_P9_camp_furniture_instrument_homemadexylophone		Homemade Xylophone	40	TRUE				/wp-content/uploads/season_images/score_s16_camp_furniture_instrument_homemadexylophone.avif	Want to store your wrenches AND play a tune? Then the Homemade Xylophone will fill that exact niche.  - C.A.M.P. ITEMS APPEAR WHILE IN C.A.M.P. MODE. -	SCORE_S16_ENTM_CAMP_Furniture_Instrument_HomemadeXylophone				12	85
16	S16_P12_lunchbox_x_5		Lunchbox x 5	5	TRUE			lunchbox	/wp-content/uploads/season_images/utility/atx_store_lunchbox001.avif						12	85
16	S16_P12_re_roller_x_5		Re-Roller x 5	5	TRUE			re_roller	/wp-content/uploads/season_images/utility/score_utility_reroller.avif						12	85
16	S16_P4_skin_powerarmor_model_cryptidhunter		Cryptid Hunter Power Armor Paint	75					/wp-content/uploads/season_images/score_s16_skin_powerarmor_model_cryptidhunter.avif	Inspire fear in the hearts of cryptids everywhere with this Cryptid Hunter Power Armor Paint!  This is a unique skin that completely alters the appearance of your Power Armor. It can be equipped on all main Power Armors.  - SKIN IS CRAFTABLE AT POWER ARMOR STATIONS. -	SCORE_S16_ENTM_Skin_PowerArmor_Model_CryptidHunter				13	92
16	S16_P12_camp_walldecor_endofseasonart		Framed Duel with the Devil Wall Art	15					/wp-content/uploads/season_images/score_s16_camp_walldecor_endofseasonart.avif	"Reminisce on Rip Daring's ""Duel with the Devil"" adventure with this commemorative wall art!  - C.A.M.P. ITEMS APPEAR WHILE IN C.A.M.P. MODE. -"	SCORE_S16_ENTM_CAMP_WallDecor_EndofSeasonArt				13	92
16	S16_P13_perk_coin_x_50		Perk Coin x 50	10				perk_coins	/wp-content/uploads/season_images/utility/score_currency_perkcoin.avif						13	92
16	S16_P13_basic_repair_kit_x_5		Basic Repair Kit x 5	5				repair_kit	/wp-content/uploads/season_images/utility/atx_utility_repairkit_basic.avif						13	92
16	S16_P13_caps_x_5000		Caps x 5000	5				caps	/wp-content/uploads/season_images/utility/score_currency_caps.avif						13	92
16	S16_P13_legendary_scrip_x_300		Legendary Scrip x 300	5				legendary_scrip	/wp-content/uploads/season_images/utility/score_currency_scrip.avif						13	92
16	S16_P2_playericon_playericon7		Player Icon: Duel with the Devil	0		playerIcon	Duel with the Devil	player_icon	/wp-content/uploads/guide-images/atom-shop/player-icons/atx_playericon_s16_dfordevil.avif	Daring versus Devil, is it? We'll see who's the bigger D!	SCORE_S16_ENTM_PlayerIcon_PlayerIcon7				13	92
16	S16_P4_skin_powerarmor_jetpack_devilswings		Devil's Wings Jet Pack	40	TRUE				/wp-content/uploads/season_images/score_s16_skin_powerarmor_jetpack_devilswings.avif	Fly yourself to devilish new heights with this Devil's Wings Jet Pack!  Requires a known Jetpack plan to craft.  - SKIN IS CRAFTABLE AT POWER ARMOR STATIONS. -	SCORE_S16_ENTM_Skin_PowerArmor_JetPack_DevilsWings				13	92
16	S16_P4_skin_powerarmor_paint_t51_devilish		Devilish T-51 Power Armor Paint	40	TRUE				/wp-content/uploads/season_images/score_s16_skin_powerarmor_paint_t51_devilish.avif	Show everybody just how wicked you are with this Devilish Power Armor Paint!  - SKIN IS CRAFTABLE AT POWER ARMOR STATIONS. -	SCORE_S16_ENTM_Skin_PowerArmor_Paint_T51_Devilish				13	92
16	S16_P13_200_atoms		200 Atoms	5	TRUE			atoms	/wp-content/uploads/season_images/utility/score_currency_atoms.avif						13	92
16	S16_P8_camp_kit_pinebarrencabin		Pine Barrens Cabin Kit	200					/wp-content/uploads/season_images/score_s16_camp_kit_pinebarrencabin.avif	Build the perfect refuge from nature and the supernatural with this Pine Barrens Cabin Kit.   Includes new Wall and Roof items.  This kit does not support wallpapers, and has a unique interior look.   - C.A.M.P. ITEMS APPEAR WHILE IN C.A.M.P. MODE. -	SCORE_S16_ENTM_CAMP_Kit_PineBarrenCabin				B1	100
16	S16_P4_skin_powerarmor_helmet_cryptidcyclops		Cryptid Cyclops Power Armor Helmet	140					/wp-content/uploads/season_images/score_s16_skin_powerarmor_helmet_cryptidcyclops.avif	You'll fit right in at any cryptid gathering with this Cryptid Cyclops Power Armor Helmet! Includes a unique helmet usable with any Power Armor.  - SKIN IS CRAFTABLE AT POWER ARMOR STATIONS. -	SCORE_S16_ENTM_Skin_PowerArmor_Helmet_CryptidCyclops				B1	100
16	S16_P7_skin_weaponskin_combatrifle_peepers		Peepers Paint (Combat Rifle + The Fixer)	130					/wp-content/uploads/season_images/score_s16_skin_weaponskin_combatrifle_peepers.avif	Trigger scopophobia in your enemies with the Peepers Paint!  - SKIN IS CRAFTABLE AT WEAPON WORKBENCHES. -	SCORE_S16_ENTM_Skin_WeaponSkin_CombatRifle_Peepers				B1	100
16	S16_P8_camp_structure_stairs_pinebarrenslogcabin		Stairs (Pine Barrens Log Cabin)	130					/wp-content/uploads/season_images/score_s16_camp_structure_stairs_pinebarrenslogcabin.avif	Outfit your Cabin with this cozy and rustic set of stairs (just be careful around open flames).   - C.A.M.P. ITEMS APPEAR WHILE IN C.A.M.P. MODE. -	SCORE_S16_ENTM_CAMP_Structure_Stairs_PineBarrensLogCabin				B1	100
16	S16_P7_weapons_cremator_chemical		Chemical Color Mods (Cremator)	120					/wp-content/uploads/season_images/score_s16_weapons_cremator_chemical.avif	Show off your true colors by mixing some chemicals into your Cremator flames to change their look!  Includes 3 cosmetic mods for the Cremator that change the fire color.  Can also be bought in-game for 150 Gold Bullion.  - ITEM IS CRAFTABLE AT WEAPON WORKBENCHES. REQUIRES THE CREMATOR. -	SCORE_S16_ENTM_Weapons_Cremator_Chemical				B1	100
16	S16_P12_camp_walldecor_roadsigns		Road Signs	120					/wp-content/uploads/season_images/score_s16_camp_walldecor_roadsigns.avif	Show visitors to your C.A.M.P. where to go with this set of signs from the pre-war times.  - C.A.M.P. ITEMS APPEAR WHILE IN C.A.M.P. MODE. -	SCORE_S16_ENTM_CAMP_WallDecor_RoadSigns				B1	100
16	S16_P10_camp_floordecor_gorillastatue		Gorilla Statue	110					/wp-content/uploads/season_images/score_s16_camp_floordecor_gorillastatue.avif	Where do you put a 350 pound Gorilla Statue? Wherever you want to!  - C.A.M.P. ITEMS APPEAR WHILE IN C.A.M.P. MODE. -	SCORE_S16_ENTM_CAMP_FloorDecor_GorillaStatue				B1	100
16	S16_P14_camp_wallshelving_surfboardset_02		Brand Favorites Surfboard Shelf Set	100					/wp-content/uploads/season_images/score_s16_camp_wallshelving_surfboardset_02.avif	Make a big splash with this swell trio of Surfboard Shelves featuring America's favorite brands!  - C.A.M.P. ITEMS APPEAR WHILE IN C.A.M.P. MODE. -	SCORE_S16_ENTM_CAMP_WallShelving_SurfboardSet_02				B1	100
16	S16_P12_camp_walldecor_surfboardset_02		Brand Favorites Surfboard Wall Decoration Set	100					/wp-content/uploads/season_images/score_s16_camp_walldecor_surfboardset_02.avif	Surf's up on the wall with this trio of Surfboard wall decorations featuring America's favorite brands!  - C.A.M.P. ITEMS APPEAR WHILE IN C.A.M.P. MODE. -	SCORE_S16_ENTM_CAMP_WallDecor_SurfboardSet_02				B1	100
16	S16_P10_camp_floordecor_sportsballs		Sports Balls	100					/wp-content/uploads/season_images/score_s16_camp_floordecor_sportsballs.avif	This set of balls are the perfect C.A.M.P. decorations for the sports enthusiast!  - C.A.M.P. ITEMS APPEAR WHILE IN C.A.M.P. MODE. -	SCORE_S16_ENTM_CAMP_FloorDecor_SportsBalls				B1	100
16	S16_B2_basic_repair_kit_x_5		Basic Repair Kit x 5	75				repair_kit	/wp-content/uploads/season_images/utility/atx_utility_repairkit_basic.avif						B2	150
16	S16_B2_carry_weight_booster_x_5		Carry Weight Booster x 5	75				carry_weight_booster	/wp-content/uploads/season_images/utility/score_utility_carryweight.avif						B2	150
16	S16_B2_legendary_core_x_5		Legendary Core x 5	75				legendary_core	/wp-content/uploads/season_images/utility/score_game_legendary_core.avif						B2	150
16	S16_B2_legendary_module_x_10		Legendary Module x 10	75				legendary_module	/wp-content/uploads/season_images/utility/score_game_legendarymodule.avif						B2	150
16	S16_B2_lunchbox_x_5		Lunchbox x 5	75				lunchbox	/wp-content/uploads/season_images/utility/atx_store_lunchbox001.avif						B2	150
16	S16_B2_perk_coin_x_25		Perk Coin x 25	75				perk_coins	/wp-content/uploads/season_images/utility/score_currency_perkcoin.avif						B2	150
16	S16_B2_re_roller_x_5		Re-Roller x 5	75				re_roller	/wp-content/uploads/season_images/utility/score_utility_reroller.avif						B2	150
16	S16_B2_s_c_o_r_e_booster_x_3		S.C.O.R.E. Booster x 3	75				score_booster	/wp-content/uploads/season_images/utility/score_utility_scorebooster.avif						B2	150
16	S16_B2_scout_s_banner_x_5		Scout's Banner x 5	75				scouts_banner	/wp-content/uploads/season_images/utility/score_coen_utility_banner.avif						B2	150
16	S16_B2_scrap_kit_x_5		Scrap Kit x 5	75				scrap_kit	/wp-content/uploads/season_images/utility/atx_utility_repairkit_scraptostash.avif						B2	150
16	S16_P15_skin_pipboyskin_pipboyspringcleaning		Abraxo Pip-Boy Paint	0					/wp-content/uploads/season_images/score_s16_skin_pipboyskin_pipboyspringcleaning.avif	To give your wrist that new Pip-Boy look, use the Abraxo Pip-Boy paint!  - SKIN IS CRAFTABLE AT ARMOR WORKBENCHES. -	SCORE_S16_ENTM_Skin_PipBoySkin_PipboySpringCleaning					
16	S16_P11_camp_floordecor_springcleaningwasherdryer		Abraxo Washer and Dryer Set	0					/wp-content/uploads/season_images/score_s16_camp_floordecor_springcleaningwasherdryer.avif	Guaranteed to remove any and all stains you may have picked up while hunting Cryptids!  - C.A.M.P. ITEMS APPEAR WHILE IN C.A.M.P. MODE. -	SCORE_S16_ENTM_CAMP_FloorDecor_SpringCleaningWasherDryer					
16	S16_P13_account_battlepass		BattlePass	0					/wp-content/uploads/season_images/score_s16_account_battlepass.webp	- UNLOCKS BATTLEPASS FOR ALL CHARACTERS ON YOUR ACCOUNT. -	SCORE_S16_ENTM_Account_BattlePass					
16	S16_P11_camp_floordecor_icecreamsign		Ice Cream Signs	0					/wp-content/uploads/season_images/score_s16_camp_floordecor_icecreamsign.avif	I scream, you scream, we all scream for these Ice Cream Signs.  - C.A.M.P. ITEMS APPEAR WHILE IN C.A.M.P. MODE. -	SCORE_S16_ENTM_CAMP_FloorDecor_IceCreamSign					
16	S16_P15_skin_backpack_sanitation_springcleaning		Mobile Sanitation Backpack	0					/wp-content/uploads/season_images/score_s16_skin_backpack_sanitation_springcleaning.avif	Always be prepared to fight off grime with the Mobile Sanitation Bacpack!  This skin can be applied to both the Small and Standard Backpack as a mod.   - SKIN IS CRAFTABLE AT ARMOR WORKBENCHES. -	SCORE_S16_ENTM_Skin_Backpack_Sanitation_SpringCleaning					
16	S16_P2_playericon_playericon1_copy01		Player Icon: Player Icon 1	0		playerIcon	Player Icon 1	player_icon	/wp-content/uploads/guide-images/atom-shop/player-icons/atx_playericon_playericon1.avif	- UNLOCKS A PLAYER ICON. -	zzzSCORE_S16_ENTM_PlayerIcon_PlayerIcon1_Copy01					
16	S16_P15_camp_stashbox_springcleaningtrashbin		R.I.P. Daring Trash Bin	0					/wp-content/uploads/season_images/score_s16_camp_stashbox_springcleaningtrashbin.avif	Store the remains of your enemies within this R.I.P. Daring Trash Bin!  - C.A.M.P. ITEMS APPEAR WHILE IN C.A.M.P. MODE. -	SCORE_S16_ENTM_CAMP_Stashbox_SpringCleaningTrashBin					
17	S17_P4_skin_powerarmor_paint_t45_pioneerscouts		Pioneer Scouts T-45 Power Armor Paint	45					/wp-content/uploads/season_images/score_s17_skin_powerarmor_paint_t45_pioneerscouts.avif	"Push ""Ever Upwards"" in this Pioneer Scouts Power Armor Paint!  - SKIN IS CRAFTABLE AT POWER ARMOR STATIONS. -"	SCORE_S17_ENTM_Skin_PowerArmor_Paint_T45_PioneerScouts				1	0
17	S17_P11_camp_walldecor_crossedpaddles		Crossed Paddles	25					/wp-content/uploads/season_images/score_s17_camp_walldecor_crossedpaddles.avif	Cross your paddles and hope for the best, because now a boat is adrift without them.  - C.A.M.P. ITEMS APPEAR WHILE IN C.A.M.P. MODE. -	SCORE_S17_ENTM_CAMP_WallDecor_CrossedPaddles				1	0
17	S17_P1_re_roller_x_5		Re-Roller x 5	5				re_roller	/wp-content/uploads/season_images/utility/score_utility_reroller.avif						1	0
17	S17_P9_camp_floordecor_boat_canoe		Canoe	25	TRUE				/wp-content/uploads/season_images/score_s17_camp_floordecor_boat_canoe.avif	Take a trip up a certain creek. Note: No paddle included.  - C.A.M.P. ITEMS APPEAR WHILE IN C.A.M.P. MODE. -	SCORE_S17_ENTM_CAMP_FloorDecor_Boat_Canoe				1	0
17	S17_P1_account_scoreboost_1		5% S.C.O.R.E. Boost	0	TRUE			score_booster	/wp-content/uploads/season_images/utility/score_s24_account_scoreboost_1.avif	Gain 5% bonus S.C.O.R.E. when you complete challenges for the rest of Season 17!  - UNLOCKS BOOST FOR ALL CHARACTERS ON YOUR ACCOUNT. -  - BONUS IS APPLIED TO BASE CHALLENGE S.C.O.R.E. -  - DOES NOT APPLY TO PREVIOUSLY COMPLETED CHALLENGES. -	SCORE_S17_ENTM_Account_ScoreBoost_1				1	0
17	S17_P13_skin_armorskin_robot_forestservice		Forest Service Armor Paint (Robot + Botsmith)	40					/wp-content/uploads/season_images/score_s17_skin_armorskin_robot_forestservice.avif	Nature is healing with the Forest Service Armor Paint!  - SKIN IS CRAFTABLE AT ARMOR WORKBENCHES. -	SCORE_S17_ENTM_Skin_ArmorSkin_Robot_ForestService				2	5
17	S17_P2_200_atoms		200 Atoms	25				atoms	/wp-content/uploads/season_images/utility/score_currency_atoms.avif						2	5
17	S17_P9_camp_floordecor_lobstercage		Lobster Trap	20					/wp-content/uploads/season_images/score_s17_camp_floordecor_lobstercage.avif	Most crustaceans won't fit these days, but it's still worth a shot.  - C.A.M.P. ITEMS APPEAR WHILE IN C.A.M.P. MODE. -	SCORE_S17_ENTM_CAMP_FloorDecor_LobsterCage				2	5
17	S17_P11_camp_walldecor_scoutslifeposters_01		Purifying the Wilderness Poster	15					/wp-content/uploads/season_images/score_s17_camp_walldecor_scoutslifeposters_01.avif	Inspire boys to hone their survival instincts with this Scouts' Life Poster!  - C.A.M.P. ITEMS APPEAR WHILE IN C.A.M.P. MODE. -	SCORE_S17_ENTM_CAMP_WallDecor_ScoutsLifePosters_01				2	5
17	S17_P2_gold_bullion_x_500		Gold Bullion x 500	5				gold_bullion	/wp-content/uploads/season_images/utility/score_currency_bullion.avif						2	5
17	S17_P2_playericon_playericon1		Player Icon: Marshal Mallow	0		playerIcon	Marshal Mallow	player_icon	/wp-content/uploads/guide-images/atom-shop/player-icons/atx_playericon_s17_marshalmallow.avif	Who's ready for s'more adventures?  - UNLOCKS A PLAYER ICON. -	SCORE_S17_ENTM_PlayerIcon_PlayerIcon1				2	5
17	S17_P12_camp_walldecor_campsigns_misc		Camp Signs (Miscellaneous)	15	TRUE				/wp-content/uploads/season_images/score_s17_camp_walldecor_campsigns_misc.avif	Show people around your C.A.M.P. with these handy Camp Signs.  - C.A.M.P. ITEMS APPEAR WHILE IN C.A.M.P. MODE. -	SCORE_S17_ENTM_CAMP_WallDecor_CampSigns_Misc				2	5
17	S17_P2_legendary_module_x_10		Legendary Module x 10	5	TRUE			legendary_module	/wp-content/uploads/season_images/utility/score_game_legendarymodule.avif						2	5
17	S17_P4_skin_powerarmor_paint_excavator_pioneerscouts		Pioneer Scouts Excavator Power Armor Paint	45					/wp-content/uploads/season_images/score_s17_skin_powerarmor_paint_excavator_pioneerscouts.avif	"Push ""Ever Upwards"" in this Pioneer Scouts Power Armor Paint!  - SKIN IS CRAFTABLE AT POWER ARMOR STATIONS. -"	SCORE_S17_ENTM_Skin_PowerArmor_Paint_Excavator_PioneerScouts				3	13
17	S17_P13_skin_backpack_leatherquiver		Leather Quiver Backpack	30					/wp-content/uploads/season_images/score_s17_skin_backpack_leatherquiver.avif	Help guide the Wasteland with all the arrows you carry when you use the Leather Quiver Backpack.  This skin can be applied to both the Small and Standard Backpack as a mod.   - SKIN IS CRAFTABLE AT ARMOR WORKBENCHES. -	SCORE_S17_ENTM_Skin_Backpack_LeatherQuiver				3	13
17	S17_P3_200_atoms		200 Atoms	25				atoms	/wp-content/uploads/season_images/utility/score_currency_atoms.avif						3	13
17	S17_P11_camp_walldecor_scoutslifeposters_02		Packing for the Trail Poster	15					/wp-content/uploads/season_images/score_s17_camp_walldecor_scoutslifeposters_02.avif	Inspire boys to hone their survival instincts with this Scouts' Life Poster!  - C.A.M.P. ITEMS APPEAR WHILE IN C.A.M.P. MODE. -	SCORE_S17_ENTM_CAMP_WallDecor_ScoutsLifePosters_02				3	13
17	S17_P14_skin_backpackflair_arrowheadflair		Arrowhead Flair	5					/wp-content/uploads/season_images/score_s17_skin_backpackflair_arrowheadflair.avif	Broken arrow? No worries! Repurpose it into a nifty flair!  - SKIN IS CRAFTABLE AT ARMOR WORKBENCHES. -	SCORE_S17_ENTM_Skin_BackpackFlair_ArrowheadFlair				3	13
17	S17_P2_playericon_playericon2		Player Icon: Thrasher	5		playerIcon	Thrasher	player_icon	/wp-content/uploads/guide-images/atom-shop/player-icons/atx_playericon_s17_thrasher.avif	They'll gobble gobble you up!  - UNLOCKS A PLAYER ICON. -	SCORE_S17_ENTM_PlayerIcon_PlayerIcon2				3	13
17	S17_P7_camp_floordecor_stackofammo_ballistic		Stack of Ammo (Ballistic)	0					/wp-content/uploads/season_images/score_s17_camp_floordecor_stackofammo_ballistic.avif	A pile of ammo a day keeps the Super Mutants away.  - C.A.M.P. ITEMS APPEAR WHILE IN C.A.M.P. MODE. -	SCORE_S17_ENTM_CAMP_FloorDecor_StackOfAmmo_Ballistic				3	13
17	S17_P13_skin_armorskin_combat_forestservice		Forest Service Combat Armor Paint	40	TRUE				/wp-content/uploads/season_images/score_s17_skin_armorskin_combat_forestservice.avif	Nature is healing with the Forest Service Armor Paint!  - SKIN IS CRAFTABLE AT ARMOR WORKBENCHES. -	SCORE_S17_ENTM_Skin_ArmorSkin_Combat_ForestService				3	13
17	S17_P8_camp_floordecor_shootingtarget_archery		Archery Shooting Target	20	TRUE				/wp-content/uploads/season_images/score_s17_camp_floordecor_shootingtarget_archery.avif	Hit your mark with this Archery Shooting Target!  - C.A.M.P. ITEMS APPEAR WHILE IN C.A.M.P. MODE. -	SCORE_S17_ENTM_CAMP_FloorDecor_ShootingTarget_Archery				3	13
17	S17_P15_camp_stabbedweaponry_arrows		Stabbed Weaponry - Arrows	15	TRUE				/wp-content/uploads/season_images/score_s17_camp_stabbedweaponry_arrows.avif	You swear it's meant to be a decoration, not that you couldn't get it unstuck.  - C.A.M.P. ITEMS APPEAR WHILE IN C.A.M.P. MODE. -	SCORE_S17_ENTM_CAMP_StabbedWeaponry_Arrows				3	13
17	S17_P6_camp_machinery_generator_small_tato		Tato Generator - Small	55					/wp-content/uploads/season_images/score_s17_camp_machinery_generator_small_tato.avif	Is it a fruit? Is it a vegetable? Who knows! Now it's just generator fuel.  - C.A.M.P. ITEMS APPEAR WHILE IN C.A.M.P. MODE. -	SCORE_S17_ENTM_CAMP_Machinery_Generator_Small_Tato				4	21
17	S17_P13_skin_armorskin_scout_forestservice		Forest Service Scout Armor Paint	40					/wp-content/uploads/season_images/score_s17_skin_armorskin_scout_forestservice.avif	Nature is healing with the Forest Service Armor Paint!  - SKIN IS CRAFTABLE AT ARMOR WORKBENCHES. -	SCORE_S17_ENTM_Skin_ArmorSkin_Scout_ForestService				4	21
17	S17_P8_camp_floordecor_dissectionkit		Dissection Kit	15					/wp-content/uploads/season_images/score_s17_camp_floordecor_dissectionkit.avif	Learn why this frog croaked with this educational Dissection Kit!  - C.A.M.P. ITEMS APPEAR WHILE IN C.A.M.P. MODE. -	SCORE_S17_ENTM_CAMP_FloorDecor_DissectionKit				4	21
17	S17_P15_photomode_frame_lightning		Lightning Photomode Frame	10					/wp-content/uploads/season_images/score_s17_photomode_frame_lightning.avif	For all your shocking photos!  - UNLOCKS A PHOTOMODE FRAME. -	SCORE_S17_ENTM_Photomode_Frame_Lightning				4	21
17	S17_P15_skin_backpackflair_marshalmallow		Marshal Mallow Flair	10					/wp-content/uploads/season_images/score_s17_skin_backpackflair_marshalmallow.avif	It's everyone's favorite sweet little guy!  - SKIN IS CRAFTABLE AT ARMOR WORKBENCHES. -	SCORE_S17_ENTM_Skin_BackpackFlair_MarshalMallow				4	21
17	S17_P4_caps_x_5000		Caps x 5000	0				caps	/wp-content/uploads/season_images/utility/score_currency_caps.avif						4	21
17	S17_P13_camp_lights_tatolamp		Tato Lamp	25	TRUE				/wp-content/uploads/season_images/score_s17_camp_lights_tatolamp.avif	Let science light up your life with this Tato Lamp!  - C.A.M.P. ITEMS APPEAR WHILE IN C.A.M.P. MODE. -	SCORE_S17_ENTM_CAMP_Lights_TatoLamp				4	21
17	S17_P10_camp_floordecor_specimenjar		Blinky	20	TRUE				/wp-content/uploads/season_images/score_s17_camp_floordecor_specimenjar.avif	Find out why they call 'em Blinky when you place this jar in your C.A.M.P.!  - C.A.M.P. ITEMS APPEAR WHILE IN C.A.M.P. MODE. -	SCORE_S17_ENTM_CAMP_FloorDecor_SpecimenJar				4	21
17	S17_P11_camp_walldecor_scoutslifeposters_03		Healthy Hiking: Endurance Poster	15	TRUE				/wp-content/uploads/season_images/score_s17_camp_walldecor_scoutslifeposters_03.avif	Inspire boys to hone their survival instincts with this Scouts' Life Poster!  - C.A.M.P. ITEMS APPEAR WHILE IN C.A.M.P. MODE. -	SCORE_S17_ENTM_CAMP_WallDecor_ScoutsLifePosters_03				4	21
17	S17_P4_200_atoms		200 Atoms	10	TRUE			atoms	/wp-content/uploads/season_images/utility/score_currency_atoms.avif						4	21
17	S17_P5_skin_powerarmor_paint_t51_pioneerscouts		Pioneer Scouts T-51 Power Armor Paint	45					/wp-content/uploads/season_images/score_s17_skin_powerarmor_paint_t51_pioneerscouts.avif	"Push ""Ever Upwards"" in this Pioneer Scouts Power Armor Paint!  - SKIN IS CRAFTABLE AT POWER ARMOR STATIONS. -"	SCORE_S17_ENTM_Skin_PowerArmor_Paint_T51_PioneerScouts				5	26
17	S17_P9_camp_floordecor_boat_rowboat		Rowboat	30					/wp-content/uploads/season_images/score_s17_camp_floordecor_boat_rowboat.avif	Perfect for when going down the stream while contemplating the illusive nature of life.  - C.A.M.P. ITEMS APPEAR WHILE IN C.A.M.P. MODE. -	SCORE_S17_ENTM_CAMP_FloorDecor_Boat_Rowboat				5	26
17	S17_P11_camp_walldecor_scoutslifeposters_04		Hang in There! Poster	20					/wp-content/uploads/season_images/score_s17_camp_walldecor_scoutslifeposters_04.avif	Inspire boys to hone their survival instincts with this Scouts' Life Poster!  - C.A.M.P. ITEMS APPEAR WHILE IN C.A.M.P. MODE. -	SCORE_S17_ENTM_CAMP_WallDecor_ScoutsLifePosters_04				5	26
17	S17_P3_apparel_headwear_lobstertrapper_helmet_blue		Blue Lobster Trap Helmet	30	TRUE				/wp-content/uploads/season_images/score_s17_apparel_headwear_lobstertrapper_helmet_blue.avif	For when you're feeling a bit shellfish.  - APPAREL IS CRAFTABLE AT ARMOR WORKBENCHES. -	SCORE_S17_ENTM_Apparel_Headwear_LobsterTrapper_Helmet_Blue				5	26
17	S17_P5_lunchbox_x_5		Lunchbox x 5	0	TRUE			lunchbox	/wp-content/uploads/season_images/utility/atx_store_lunchbox001.avif						5	26
17	S17_P5_weapons_headhunter		Head Hunter Scythe	50					/wp-content/uploads/season_images/score_s17_weapons_headhunter.avif	Don't lose YOUR head when you swing this around.  - ITEM IS CRAFTABLE AT WEAPON WORKBENCHES. -	SCORE_S17_ENTM_Weapons_HeadHunter				6	32
17	S17_P3_apparel_outfit_campcounselor		Camp Counselor Outfit	40					/wp-content/uploads/season_images/score_s17_apparel_outfit_campcounselor.avif	Oversee the kids at camp in this Camp Counselor Outfit. Just watch out for what may lurk in the woods!  - APPAREL IS CRAFTABLE AT ARMOR WORKBENCHES. -	SCORE_S17_ENTM_Apparel_Outfit_CampCounselor				6	32
17	S17_P14_camp_stabbedweaponry_axes		Stabbed Weaponry - Axes	30					/wp-content/uploads/season_images/score_s17_camp_stabbedweaponry_axes.avif	You swear it's meant to be a decoration, not that you couldn't get it unstuck.  - C.A.M.P. ITEMS APPEAR WHILE IN C.A.M.P. MODE. -	SCORE_S17_ENTM_CAMP_StabbedWeaponry_Axes				6	32
17	S17_P3_apparel_headwear_hockeymask_icegang		Icegang Mask	30	TRUE				/wp-content/uploads/season_images/score_s17_apparel_headwear_hockeymask_icegang.avif	Prepare for sudden death with the Icegang Mask!  - APPAREL IS CRAFTABLE AT ARMOR WORKBENCHES. -	SCORE_S17_ENTM_Apparel_Headwear_HockeyMask_IceGang				6	32
17	S17_P2_playericon_playericon5		Player Icon: Reaper	0	TRUE	playerIcon	Reaper	player_icon	/wp-content/uploads/guide-images/atom-shop/player-icons/atx_playericon_s17_vaultboyreaper.avif	There is no need to fear.  - UNLOCKS A PLAYER ICON. -	SCORE_S17_ENTM_PlayerIcon_PlayerIcon5				6	32
17	S17_P4_skin_powerarmor_paint_hellcat_pioneerscouts		Pioneer Scouts Hellcat Power Armor Paint	45					/wp-content/uploads/season_images/score_s17_skin_powerarmor_paint_hellcat_pioneerscouts.avif	"Push ""Ever Upwards"" in this Pioneer Scouts Power Armor Paint!  - SKIN IS CRAFTABLE AT POWER ARMOR STATIONS. -"	SCORE_S17_ENTM_Skin_PowerArmor_Paint_Hellcat_PioneerScouts				7	39
17	S17_P13_skin_armorskin_recon_forestservice		Forest Service Recon Armor Paint	40					/wp-content/uploads/season_images/score_s17_skin_armorskin_recon_forestservice.avif	Nature is healing with the Forest Service Armor Paint!  - SKIN IS CRAFTABLE AT ARMOR WORKBENCHES. -	SCORE_S17_ENTM_Skin_ArmorSkin_Recon_ForestService				7	39
17	S17_P7_camp_floordecor_telegraph		Telegraph	30					/wp-content/uploads/season_images/score_s17_camp_floordecor_telegraph.avif	-../../-/... .-/-./-.. -../.-/..../...  - C.A.M.P. ITEMS APPEAR WHILE IN C.A.M.P. MODE. -	SCORE_S17_ENTM_CAMP_FloorDecor_Telegraph				7	39
17	S17_P9_camp_floordecor_towerviewer		Tower Viewer	15					/wp-content/uploads/season_images/score_s17_camp_floordecor_towerviewer.avif	Peer over the mountains with the Tower Viewer.   - C.A.M.P. ITEMS APPEAR WHILE IN C.A.M.P. MODE. -	SCORE_S17_ENTM_CAMP_FloorDecor_TowerViewer				7	39
17	S17_P7_gold_bullion_x_500		Gold Bullion x 500	5				gold_bullion	/wp-content/uploads/season_images/utility/score_currency_bullion.avif						7	39
17	S17_P7_scout_s_banner_x_5		Scout's Banner x 5	5				scouts_banner	/wp-content/uploads/season_images/utility/score_coen_utility_banner.avif						7	39
17	S17_P11_camp_walldecor_morsecode_poster		Morse Code Poster	20	TRUE				/wp-content/uploads/season_images/score_s17_camp_walldecor_morsecode_poster.avif	..../.-/...-/.  ..-./..-/-.  - C.A.M.P. ITEMS APPEAR WHILE IN C.A.M.P. MODE. -	SCORE_S17_ENTM_CAMP_WallDecor_MorseCode_Poster				7	39
17	S17_P7_200_atoms		200 Atoms	10	TRUE			atoms	/wp-content/uploads/season_images/utility/score_currency_atoms.avif						7	39
17	S17_P1_account_scoreboost_2		10% S.C.O.R.E. Boost	5	TRUE			score_booster	/wp-content/uploads/season_images/utility/score_s24_account_scoreboost_1.avif	Gain another 10% bonus S.C.O.R.E. when you complete challenges for the rest of Season 17!  - UNLOCKS BOOST FOR ALL CHARACTERS ON YOUR ACCOUNT. -  - BONUS IS APPLIED TO BASE CHALLENGE S.C.O.R.E.. -  - DOES NOT APPLY TO PREVIOUSLY COMPLETED CHALLENGES. -	SCORE_S17_ENTM_Account_ScoreBoost_2				7	39
17	S17_P7_camp_floordecor_stackofammo_energy		Stack Of Ammo (Energy)	0	TRUE				/wp-content/uploads/season_images/score_s17_camp_floordecor_stackofammo_energy.avif	A pile of ammo a day keeps the Super Mutants away.  - C.A.M.P. ITEMS APPEAR WHILE IN C.A.M.P. MODE. -	SCORE_S17_ENTM_CAMP_FloorDecor_StackOfAmmo_Energy				7	39
17	S17_P14_skin_pipboyskin_pioneerscout		Pioneer Scouts Pip-Boy Paint	45					/wp-content/uploads/season_images/score_s17_skin_pipboyskin_pioneerscout.avif	Wear your Scout colors proudly on your sleeve with this Pioneer Scouts Pip-Boy Paint!  - SKIN IS CRAFTABLE AT ARMOR WORKBENCHES. -	SCORE_S17_ENTM_Skin_PipBoySkin_PioneerScout				8	49
17	S17_P5_skin_powerarmor_paint_t60_pioneerscouts		Pioneer Scouts T-60 Power Armor Paint	45					/wp-content/uploads/season_images/score_s17_skin_powerarmor_paint_t60_pioneerscouts.avif	"Push ""Ever Upwards"" in this Pioneer Scouts Power Armor Paint!  - SKIN IS CRAFTABLE AT POWER ARMOR STATIONS. -"	SCORE_S17_ENTM_Skin_PowerArmor_Paint_T60_PioneerScouts				8	49
17	S17_P9_camp_floordecor_plushie_scoutmarshmallow		Marshal Mallow Plushie	30					/wp-content/uploads/season_images/score_s17_camp_floordecor_plushie_scoutmarshmallow.avif	Note: Keep away from Fire!  - C.A.M.P. ITEMS APPEAR WHILE IN C.A.M.P. MODE. -	SCORE_S17_ENTM_CAMP_FloorDecor_Plushie_ScoutMarshmallow				8	49
17	S17_P9_camp_floordecor_rug_scouts		Pioneer Scouts Rug	20					/wp-content/uploads/season_images/score_s17_camp_floordecor_rug_scouts.avif	"Remind yourself to be ""Ever Upwards"" whenever you look down at this Pioneer Scouts Rug.  - C.A.M.P. ITEMS APPEAR WHILE IN C.A.M.P. MODE. -"	SCORE_S17_ENTM_CAMP_FloorDecor_Rug_Scouts				8	49
17	S17_P14_camp_stabbedweaponry_tomahawks		Stabbed Weaponry - Tomahawks	20					/wp-content/uploads/season_images/score_s17_camp_stabbedweaponry_tomahawks.avif	You swear it's meant to be a decoration, not that you couldn't get it unstuck.  - C.A.M.P. ITEMS APPEAR WHILE IN C.A.M.P. MODE. -	SCORE_S17_ENTM_CAMP_StabbedWeaponry_Tomahawks				8	49
17	S17_P11_camp_walldecor_campsigns_accommodations		Camp Signs (Accommodations)	15					/wp-content/uploads/season_images/score_s17_camp_walldecor_campsigns_accommodations.avif	Show people around your C.A.M.P. with these handy Camp Signs.  - C.A.M.P. ITEMS APPEAR WHILE IN C.A.M.P. MODE. -	SCORE_S17_ENTM_CAMP_WallDecor_CampSigns_Accommodations				8	49
17	S17_P13_skin_armorskin_secretservice_forestservice		Forest Service Secret Service Armor Paint	40	TRUE				/wp-content/uploads/season_images/score_s17_skin_armorskin_secretservice_forestservice.avif	Nature is healing with the Forest Service Armor Paint!  - SKIN IS CRAFTABLE AT ARMOR WORKBENCHES. -	SCORE_S17_ENTM_Skin_ArmorSkin_SecretService_ForestService				8	49
17	S17_P14_camp_scrapbox_pioneerscouts		Pioneer Scouts Scrapbox	20	TRUE				/wp-content/uploads/season_images/score_s17_camp_scrapbox_pioneerscouts.avif	This Pioneer Scouts Scrapbox hosts unlimited Storage for all of your crafting Scrap.  Included with membership in Fallout 1st and the base Scrapbox. You must be an active Member to deposit Scrap into the Scrapbox.  - C.A.M.P. ITEMS APPEAR WHILE IN C.A.M.P. MODE. -	SCORE_S17_ENTM_CAMP_ScrapBox_PioneerScouts				8	49
17	S17_P11_camp_walldecor_scoutslifeposters_05		Identifying Rabies & Other Diseases Poster	15	TRUE				/wp-content/uploads/season_images/score_s17_camp_walldecor_scoutslifeposters_05.avif	Inspire boys to hone their survival instincts with this Scouts' Life Poster!  - C.A.M.P. ITEMS APPEAR WHILE IN C.A.M.P. MODE. -	SCORE_S17_ENTM_CAMP_WallDecor_ScoutsLifePosters_05				8	49
17	S17_P15_camp_lights_wall_scoutemblem		Scout Emblem Light	0	TRUE				/wp-content/uploads/season_images/score_s17_camp_lights_wall_scoutemblem.avif	Show off your scout patch with this new Scout Emblem light!  - C.A.M.P. ITEMS APPEAR WHILE IN C.A.M.P. MODE. -	SCORE_S17_ENTM_CAMP_Lights_Wall_ScoutEmblem				8	49
17	S17_P7_camp_furniture_chair_scout_tube		Pioneer Scouts Inner Tube Chair	45					/wp-content/uploads/season_images/score_s17_camp_furniture_chair_scout_tube.avif	Relax near the lake, but not in the lake when you sit in the Pioneer Scout Inner Tube Chair!  - C.A.M.P. ITEMS APPEAR WHILE IN C.A.M.P. MODE. -	SCORE_S17_ENTM_CAMP_Furniture_Chair_Scout_Tube				9	55
17	S17_P9_200_atoms		200 Atoms	20				atoms	/wp-content/uploads/season_images/utility/score_currency_atoms.avif						9	55
17	S17_P12_camp_walldecor_scoutslifeposters_06		Campfire: Special Edition Poster	15					/wp-content/uploads/season_images/score_s17_camp_walldecor_scoutslifeposters_06.avif	Inspire boys to hone their survival instincts with this Scouts' Life Poster!  - C.A.M.P. ITEMS APPEAR WHILE IN C.A.M.P. MODE. -	SCORE_S17_ENTM_CAMP_WallDecor_ScoutsLifePosters_06				9	55
17	S17_P15_photomode_frame_scoutmarshmallow		Pioneer Scout Photomode Frame	10					/wp-content/uploads/season_images/score_s17_photomode_frame_scoutmarshmallow.avif	Photographic proof you're going Ever Upwards!  - UNLOCKS A PHOTOMODE FRAME. -	SCORE_S17_ENTM_Photomode_Frame_ScoutMarshmallow				9	55
17	S17_P9_caps_x_5000		Caps x 5000	5				caps	/wp-content/uploads/season_images/utility/score_currency_caps.avif						9	55
17	S17_P9_lunchbox_x_5		Lunchbox x 5	5				lunchbox	/wp-content/uploads/season_images/utility/atx_store_lunchbox001.avif						9	55
17	S17_P4_skin_powerarmor_paint_x01_pioneerscouts		Pioneer Scouts X-01 Power Armor Paint	40	TRUE				/wp-content/uploads/season_images/score_s17_skin_powerarmor_paint_x01_pioneerscouts.avif	"Push ""Ever Upwards"" in this Pioneer Scouts Power Armor Paint!  - SKIN IS CRAFTABLE AT POWER ARMOR STATIONS. -"	SCORE_S17_ENTM_Skin_PowerArmor_Paint_X01_PioneerScouts				9	55
17	S17_P2_playericon_playericon4		Player Icon: Pioneer Scouts	5	TRUE	playerIcon	Pioneer Scouts	player_icon	/wp-content/uploads/guide-images/atom-shop/player-icons/atx_playericon_s17_pioneerscoutslogo.avif	Ever Upwards!	SCORE_S17_ENTM_PlayerIcon_PlayerIcon4				9	55
17	S17_P9_stamps_x_10		Stamps x 10	5	TRUE			stamps	/wp-content/uploads/season_images/utility/score_currency_stamps.avif						9	55
17	S17_P8_camp_floordecor_plushie_mrfuzzypioneerscoutsquirrel		Pioneer Scouts Squirrel Mr. Fuzzy Plushie	0	TRUE				/wp-content/uploads/season_images/score_s17_camp_floordecor_plushie_mrfuzzypioneerscoutsquirrel.avif	This squirrely Mr. Fuzzy is just nuts for the Pioneer Scouts!  - C.A.M.P. ITEMS APPEAR WHILE IN C.A.M.P. MODE. -	SCORE_S17_ENTM_CAMP_FloorDecor_Plushie_MrFuzzyPioneerScoutSquirrel				9	55
17	S17_P15_camp_stashbox_picnicbasket		Picnic Basket Stashbox	45					/wp-content/uploads/season_images/score_s17_camp_stashbox_picnicbasket.avif	A scrumptious way to store items. Just be careful of any smarter than average Yao Guai.  - C.A.M.P. ITEMS APPEAR WHILE IN C.A.M.P. MODE. -	SCORE_S17_ENTM_CAMP_Stashbox_PicnicBasket				10	65
17	S17_P4_skin_powerarmor_paint_ultracite_pioneerscouts		Pioneer Scouts Ultracite Power Armor Paint	45					/wp-content/uploads/season_images/score_s17_skin_powerarmor_paint_ultracite_pioneerscouts.avif	"Push ""Ever Upwards"" in this Pioneer Scouts Power Armor Paint!  - SKIN IS CRAFTABLE AT POWER ARMOR STATIONS. -"	SCORE_S17_ENTM_Skin_PowerArmor_Paint_Ultracite_PioneerScouts				10	65
17	S17_P4_apparel_headwear_jokearrow		Joke Arrow Headwear	40					/wp-content/uploads/season_images/score_s17_apparel_headwear_jokearrow.avif	In one ear, and out the other.  - APPAREL IS CRAFTABLE AT ARMOR WORKBENCHES. -	SCORE_S17_ENTM_Apparel_Headwear_JokeArrow				10	65
17	S17_P8_camp_floordecor_bicycle		Bicycle	20					/wp-content/uploads/season_images/score_s17_camp_floordecor_bicycle.avif	This old bicycle doesn't work any more. It's two tired.  - C.A.M.P. ITEMS APPEAR WHILE IN C.A.M.P. MODE. -	SCORE_S17_ENTM_CAMP_FloorDecor_Bicycle				10	65
17	S17_P12_camp_walldecor_campsigns_activities		Camp Signs (Activities)	20					/wp-content/uploads/season_images/score_s17_camp_walldecor_campsigns_activities.avif	Show people around your C.A.M.P. with these handy Camp Signs.  - C.A.M.P. ITEMS APPEAR WHILE IN C.A.M.P. MODE. -	SCORE_S17_ENTM_CAMP_WallDecor_CampSigns_Activities				10	65
17	S17_P12_camp_walldecor_scoutslifeposters_07		The Animal Whisperer Poster	15					/wp-content/uploads/season_images/score_s17_camp_walldecor_scoutslifeposters_07.avif	Inspire boys to hone their survival instincts with this Scouts' Life Poster!  - C.A.M.P. ITEMS APPEAR WHILE IN C.A.M.P. MODE. -	SCORE_S17_ENTM_CAMP_WallDecor_ScoutsLifePosters_07				10	65
17	S17_P10_camp_floordecor_thrasheregg		Thrasher Egg	15					/wp-content/uploads/season_images/score_s17_camp_floordecor_thrasheregg.avif	Don't count your Thrashers before they hatch!  - C.A.M.P. ITEMS APPEAR WHILE IN C.A.M.P. MODE. -	SCORE_S17_ENTM_CAMP_FloorDecor_ThrasherEgg				10	65
17	S17_P7_camp_floordecor_outdoormovieprojector		Outdoor Movie Projector	45	TRUE				/wp-content/uploads/season_images/score_s17_camp_floordecor_outdoormovieprojector.avif	Gather 'round for a tale, based on a true story.  - C.A.M.P. ITEMS APPEAR WHILE IN C.A.M.P. MODE. -	SCORE_S17_ENTM_CAMP_FloorDecor_OutdoorMovieProjector				10	65
17	S17_P1_account_scoreboost_3		10% S.C.O.R.E. Boost	5	TRUE			score_booster	/wp-content/uploads/season_images/utility/score_s24_account_scoreboost_1.avif	Gain another 10% bonus S.C.O.R.E. when you complete challenges for the rest of Season 17!  - UNLOCKS BOOST FOR ALL CHARACTERS ON YOUR ACCOUNT. -  - BONUS IS APPLIED TO BASE CHALLENGE S.C.O.R.E.. -  - DOES NOT APPLY TO PREVIOUSLY COMPLETED CHALLENGES. -	SCORE_S17_ENTM_Account_ScoreBoost_3				10	65
17	S17_P10_200_atoms		200 Atoms	0	TRUE			atoms	/wp-content/uploads/season_images/utility/score_currency_atoms.avif						10	65
17	S17_P3_apparel_outfit_radturkey		Thrasher Outfit and Mask	50					/wp-content/uploads/season_images/score_s17_apparel_outfit_radturkey.avif	Show your control over flightless birds when you don the Thrasher Outfit and Mask.  - APPAREL IS CRAFTABLE AT ARMOR WORKBENCHES. -	SCORE_S17_ENTM_Apparel_Outfit_RadTurkey				11	72
17	S17_P6_camp_collector_pemmican		Pemmican Collector	40					/wp-content/uploads/season_images/score_s17_camp_collector_pemmican.avif	Need a little trail food for the long journey ahead? Take this Pemmican with you!  Generates Pemmican.  This item cannot be built inside of a Shelter.  - C.A.M.P. ITEMS APPEAR WHILE IN C.A.M.P. MODE. -	SCORE_S17_ENTM_CAMP_Collector_Pemmican				11	72
17	S17_P11_200_atoms		200 Atoms	20				atoms	/wp-content/uploads/season_images/utility/score_currency_atoms.avif						11	72
17	S17_P11_s_c_o_r_e_booster_x_3		S.C.O.R.E. Booster x 3	5				score_booster	/wp-content/uploads/season_images/utility/score_utility_scorebooster.avif						11	72
17	S17_P14_camp_walldeco_display_flairdisplay_antlers		Antler Flair Display	30	TRUE				/wp-content/uploads/season_images/score_s17_camp_walldeco_display_flairdisplay_antlers.avif	Got some Flairs you wanna show off? Hang them up on this Antler Flair Display!  - C.A.M.P. ITEMS APPEAR WHILE IN C.A.M.P. MODE. -	SCORE_S17_ENTM_CAMP_WallDeco_Display_FlairDisplay_Antlers				11	72
17	S17_P8_camp_floordecor_meat_clutter		Butchered Meats	25	TRUE				/wp-content/uploads/season_images/score_s17_camp_floordecor_meat_clutter.avif	Show off your best cuts with this meaty butcher's collection for your C.A.M.P.!  - C.A.M.P. ITEMS APPEAR WHILE IN C.A.M.P. MODE. -	SCORE_S17_ENTM_CAMP_FloorDecor_Meat_Clutter				11	72
17	S17_P11_re_roller_x_5		Re-Roller x 5	5	TRUE			re_roller	/wp-content/uploads/season_images/utility/score_utility_reroller.avif						11	72
17	S17_P10_camp_floordecor_roastthrasher		Roast Thrasher	0	TRUE				/wp-content/uploads/season_images/score_s17_camp_floordecor_roastthrasher.avif	Look at that subtle golden brown skin. The tasteful crispness of it. It even has a garnish!  - C.A.M.P. ITEMS APPEAR WHILE IN C.A.M.P. MODE. -	SCORE_S17_ENTM_CAMP_FloorDecor_RoastThrasher				11	72
17	S17_P6_camp_utility_collectron_scoutmaster		Scoutmaster Collectron Station	50					/wp-content/uploads/season_images/score_s17_camp_utility_collectron_scoutmaster.avif	A good Scout understands the elements and knows how to best harvest from mother nature. Allow the Scoutmaster Collectron to lead by example!  This item cannot be built inside of a Shelter.  - C.A.M.P. ITEMS APPEAR WHILE IN C.A.M.P. MODE. -	SCORE_S17_ENTM_CAMP_Utility_Collectron_Scoutmaster				12	77
17	S17_P12_camp_walldecor_scoutslifeposters_08		Natural Mosquito Repellants Poster	15					/wp-content/uploads/season_images/score_s17_camp_walldecor_scoutslifeposters_08.avif	Inspire boys to hone their survival instincts with this Scouts' Life Poster!  - C.A.M.P. ITEMS APPEAR WHILE IN C.A.M.P. MODE. -	SCORE_S17_ENTM_CAMP_WallDecor_ScoutsLifePosters_08				12	77
17	S17_P12_legendary_scrip_x_300		Legendary Scrip x 300	5				legendary_scrip	/wp-content/uploads/season_images/utility/score_currency_scrip.avif						12	77
17	S17_P2_playericon_playericon3		Player Icon: Scoutmaster	0		playerIcon	Scoutmaster	player_icon	/wp-content/uploads/guide-images/atom-shop/player-icons/atx_playericon_s17_pioneerscoutsprotectron.avif	Hats off to a wonderful Scout!  - UNLOCKS A PLAYER ICON. -	SCORE_S17_ENTM_PlayerIcon_PlayerIcon3				12	77
17	S17_P14_skin_armorskin_civilengineer_forestservice		Forest Service Civil Engineer Armor Paint	35	TRUE				/wp-content/uploads/season_images/score_s17_skin_armorskin_civilengineer_forestservice.avif	Nature is healing with the Forest Service Armor Paint!  - SKIN IS CRAFTABLE AT ARMOR WORKBENCHES. -	SCORE_S17_ENTM_Skin_ArmorSkin_CivilEngineer_ForestService				12	77
17	S17_P12_200_atoms		200 Atoms	15	TRUE			atoms	/wp-content/uploads/season_images/utility/score_currency_atoms.avif						12	77
17	S17_P12_gold_bullion_x_500		Gold Bullion x 500	5	TRUE			gold_bullion	/wp-content/uploads/season_images/utility/score_currency_bullion.avif						12	77
17	S17_P5_camp_structure_vintagecamper		Light Blue Vintage Camper	50					/wp-content/uploads/season_images/score_s17_camp_structure_vintagecamper.avif	Designed for adventure, this Vintage Camper is perfect for the camper on the go!   - C.A.M.P. ITEMS APPEAR WHILE IN C.A.M.P. MODE. -	SCORE_S17_ENTM_CAMP_Structure_VintageCamper				13	85
17	S17_P13_200_atoms		200 Atoms	25				atoms	/wp-content/uploads/season_images/utility/score_currency_atoms.avif						13	85
17	S17_P12_camp_walldecor_endofseasonart		Framed Skyline Valley Wall Art	15					/wp-content/uploads/season_images/score_s17_camp_walldecor_endofseasonart.avif	Take in the scenery of the Skyline Valley with this commemorative wall art!  - C.A.M.P. ITEMS APPEAR WHILE IN C.A.M.P. MODE. -	SCORE_S17_ENTM_CAMP_WallDecor_EndofSeasonArt				13	85
17	S17_P12_camp_walldecor_scoutslifeposters_09		Long Haul Sprinter Poster	15					/wp-content/uploads/season_images/score_s17_camp_walldecor_scoutslifeposters_09.avif	Inspire boys to hone their survival instincts with this Scouts' Life Poster!  - C.A.M.P. ITEMS APPEAR WHILE IN C.A.M.P. MODE. -	SCORE_S17_ENTM_CAMP_WallDecor_ScoutsLifePosters_09				13	85
17	S17_P13_perk_coin_x_50		Perk Coin x 50	10				perk_coins	/wp-content/uploads/season_images/utility/score_currency_perkcoin.avif						13	85
17	S17_P2_playericon_playericon6		Player Icon: Rest N Wander	5		playerIcon	Rest N Wander	player_icon	/wp-content/uploads/guide-images/atom-shop/player-icons/atx_playericon_s17_restnwander.avif	Seek adventures, and our camper will be here to hear your stories.	SCORE_S17_ENTM_PlayerIcon_PlayerIcon6				13	85
17	S17_P4_skin_powerarmor_paint_union_pioneerscouts		Pioneer Scouts Union Power Armor Paint	45	TRUE				/wp-content/uploads/season_images/score_s17_skin_powerarmor_paint_union_pioneerscouts.avif	"Push ""Ever Upwards"" in this Pioneer Scouts Power Armor Paint!  - SKIN IS CRAFTABLE AT POWER ARMOR STATIONS. -"	SCORE_S17_ENTM_Skin_PowerArmor_Paint_Union_PioneerScouts				13	85
17	S17_P6_camp_utility_refrigerator_campingcooler		Camping Cooler	20	TRUE				/wp-content/uploads/season_images/score_s17_camp_utility_refrigerator_campingcooler.avif	Make your C.A.M.P. feel even more authentic with this classic Camping Cooler. The Camping Cooler reduces spoilage rate on food and drink items by 50%.  - C.A.M.P. ITEMS APPEAR WHILE IN C.A.M.P. MODE. -	SCORE_S17_ENTM_CAMP_Utility_Refrigerator_CampingCooler				13	85
17	S17_P9_camp_floordecor_totempole		Totem Pole	15	TRUE				/wp-content/uploads/season_images/score_s17_camp_floordecor_totempole.avif	Contrary to popular belief, the lowest figures on a totem pole are the most important.  - C.A.M.P. ITEMS APPEAR WHILE IN C.A.M.P. MODE. -	SCORE_S17_ENTM_CAMP_FloorDecor_TotemPole				13	85
17	S17_P7_camp_floordecor_gardenarchway		Garden Archway	0	TRUE				/wp-content/uploads/season_images/score_s17_camp_floordecor_gardenarchway.avif	Spruce up the design of your garden with this Garden Archway!  - C.A.M.P. ITEMS APPEAR WHILE IN C.A.M.P. MODE. -	SCORE_S17_ENTM_CAMP_FloorDecor_GardenArchway				13	85
17	S17_P4_skin_powerarmor_paint_t65_pioneerscouts		Pioneer Scouts T-65 Power Armor Paint	45					/wp-content/uploads/season_images/score_s17_skin_powerarmor_paint_t65_pioneerscouts.avif	"Push ""Ever Upwards"" in this Pioneer Scouts Power Armor Paint!  - SKIN IS CRAFTABLE AT POWER ARMOR STATIONS. -"	SCORE_S17_ENTM_Skin_PowerArmor_Paint_T65_PioneerScouts				14	95
17	S17_P7_camp_furniture_chair_slocumjoe_tube		Slocum's Joe Inner Tube Chair	45					/wp-content/uploads/season_images/score_s17_camp_furniture_chair_slocumjoe_tube.avif	For when you don't want to dunk the doughnut.  - C.A.M.P. ITEMS APPEAR WHILE IN C.A.M.P. MODE. -	SCORE_S17_ENTM_CAMP_Furniture_Chair_SlocumJoe_Tube				14	95
17	S17_P8_camp_floordecor_stein_smorestein		S'more Hot Chocolate Stein	30					/wp-content/uploads/season_images/score_s17_camp_floordecor_stein_smorestein.avif	Enjoy s'more of that delicious hot chocolate with this S'more Hot Chocolate Stein!  - C.A.M.P. ITEMS APPEAR WHILE IN C.A.M.P. MODE. -	SCORE_S17_ENTM_CAMP_FloorDecor_Stein_SmoreStein				14	95
17	S17_P12_camp_walldecor_scoutslifeposters_10		Maintaining your Gear Poster	15					/wp-content/uploads/season_images/score_s17_camp_walldecor_scoutslifeposters_10.avif	Inspire boys to hone their survival instincts with this Scouts' Life Poster!  - C.A.M.P. ITEMS APPEAR WHILE IN C.A.M.P. MODE. -	SCORE_S17_ENTM_CAMP_WallDecor_ScoutsLifePosters_10				14	95
17	S17_P15_camp_stabbedweaponry_bowieknives		Stabbed Weaponry - Bowie Knives	15					/wp-content/uploads/season_images/score_s17_camp_stabbedweaponry_bowieknives.avif	You swear it's meant to be a decoration, not that you couldn't get it unstuck.  - C.A.M.P. ITEMS APPEAR WHILE IN C.A.M.P. MODE. -	SCORE_S17_ENTM_CAMP_StabbedWeaponry_BowieKnives				14	95
17	S17_P2_playericon_playericon7		Player Icon: Toasty	5		playerIcon	Toasty	player_icon	/wp-content/uploads/guide-images/atom-shop/player-icons/atx_playericon_s17_marshalmallowtoasted.avif	When camping, it's important to stay warm!	SCORE_S17_ENTM_PlayerIcon_PlayerIcon7				14	95
17	S17_P14_vintage_camper_survival_tent		Vintage Camper Survival Tent	80	TRUE				/wp-content/uploads/season_images/score_s17_f1_survivaltent_skin_vintagecamper.webp	Everything you need to survive under one roof!  The Survival Tent can be placed through the Favorites Menu. You must be an active Fallout 1st member to place the Survival Tent.  - UNLOCKS A VARIANT OF THE SURVIVAL TENT.-	SCORE_S17_F1_ENTM_SurvivalTent_Skin_VintageCamper				14	95
17	S17_P14_200_atoms		200 Atoms	10	TRUE			atoms	/wp-content/uploads/season_images/utility/score_currency_atoms.avif						14	95
17	S17_P14_legendary_scrip_x_300		Legendary Scrip x 300	5	TRUE			legendary_scrip	/wp-content/uploads/season_images/utility/score_currency_scrip.avif						14	95
17	S17_P13_utility_ammostoragebox_pioneerscout		Pioneer Scout Ammo Storage Box	0	TRUE				/wp-content/uploads/season_images/score_s17_utility_ammostoragebox_pioneerscout.avif	Safely store anything you may need to earn your next badge with the Pioneer Scout Ammo Storage Box.  Included with membership in Fallout 1st. You must be an active Member to deposit ammo into the Ammo Storage Box.  - C.A.M.P. ITEMS APPEAR WHILE IN C.A.M.P. MODE. -	SCORE_S17_ENTM_Utility_AmmoStorageBox_PioneerScout				14	95
17	S17_P6_camp_machinery_workbench_cooking_stoneoven		Stone Oven Cooking Station	200					/wp-content/uploads/season_images/score_s17_camp_machinery_workbench_cooking_stoneoven.avif	It looks like it was made for some kind of flatbread.  - C.A.M.P. ITEMS APPEAR WHILE IN C.A.M.P. MODE. -	SCORE_S17_ENTM_CAMP_Machinery_Workbench_Cooking_StoneOven				B1	100
17	S17_P3_apparel_headwear_hockeymask_blood		Goon Mask	140					/wp-content/uploads/season_images/score_s17_apparel_headwear_hockeymask_blood.avif	Show that you're a goon on and off the ice with the Goon Mask.  - APPAREL IS CRAFTABLE AT ARMOR WORKBENCHES. -	SCORE_S17_ENTM_Apparel_Headwear_HockeyMask_Blood				B1	100
17	S17_P14_camp_stashbox_hollowstumps		Hollow Stump Stashboxes	130					/wp-content/uploads/season_images/score_s17_camp_stashbox_hollowstumps.avif	Best place to hide a tree is a forest, and the best place to hide your loot is in this collection of Hollow Stumps.  - C.A.M.P. ITEMS APPEAR WHILE IN C.A.M.P. MODE. -	SCORE_S17_ENTM_CAMP_Stashbox_HollowStumps				B1	100
17	S17_P15_skin_backpack_pipequiver		Pipe Quiver Backpack	130					/wp-content/uploads/season_images/score_s17_skin_backpack_pipequiver.avif	Pipe may be life, but this one only has death.  This skin can be applied to both the Small and Standard Backpack as a mod.   - SKIN IS CRAFTABLE AT ARMOR WORKBENCHES. -	SCORE_S17_ENTM_Skin_Backpack_PipeQuiver				B1	100
17	S17_P9_camp_floordecor_plushie_scoutmarshmallow_toasty		Toasty Mallow Plushie	120					/wp-content/uploads/season_images/score_s17_camp_floordecor_plushie_scoutmarshmallow_toasty.avif	What happens when NOT kept away from fire.  - C.A.M.P. ITEMS APPEAR WHILE IN C.A.M.P. MODE. -	SCORE_S17_ENTM_CAMP_FloorDecor_Plushie_ScoutMarshmallow_Toasty				B1	100
17	S17_P7_camp_floordecor_gardenarchway_vines		Vined Garden Archway	120					/wp-content/uploads/season_images/score_s17_camp_floordecor_gardenarchway_vines.avif	Spruce up the design of your garden with this Garden Archway! (Now with vines)  - C.A.M.P. ITEMS APPEAR WHILE IN C.A.M.P. MODE. -	SCORE_S17_ENTM_CAMP_FloorDecor_GardenArchway_Vines				B1	100
17	S17_P10_camp_floordecor_steeljackstatue_ghoul		Steel Jack Statue (Ghoul)	110					/wp-content/uploads/season_images/score_s17_camp_floordecor_steeljackstatue_ghoul.avif	Looks more like Copper to me.  - C.A.M.P. ITEMS APPEAR WHILE IN C.A.M.P. MODE. -	SCORE_S17_ENTM_CAMP_FloorDecor_SteelJackStatue_Ghoul				B1	100
17	S17_P8_camp_floordecor_boardgame_clutter		Board Games	100					/wp-content/uploads/season_images/score_s17_camp_floordecor_boardgame_clutter.avif	You'll never be bored when you have Board Games in your C.A.M.P.!  - C.A.M.P. ITEMS APPEAR WHILE IN C.A.M.P. MODE. -	SCORE_S17_ENTM_CAMP_FloorDecor_BoardGame_Clutter				B1	100
17	S17_P8_camp_floordecor_plushie_mrfuzzyhazmat		Hazmat Mr. Fuzzy Plushie	100					/wp-content/uploads/season_images/score_s17_camp_floordecor_plushie_mrfuzzyhazmat.avif	The raddest Mr. Fuzzy!  - C.A.M.P. ITEMS APPEAR WHILE IN C.A.M.P. MODE. -	SCORE_S17_ENTM_CAMP_FloorDecor_Plushie_MrFuzzyHazmat				B1	100
17	S17_P2_playericon_playericon8		Player Icon: Lost	100		playerIcon	Lost	player_icon	/wp-content/uploads/guide-images/atom-shop/player-icons/atx_playericon_s17_lostghoul.avif	Shock	SCORE_S17_ENTM_PlayerIcon_PlayerIcon8				B1	100
17	S17_B2_100_atoms		100 Atoms	250				atoms	/wp-content/uploads/season_images/utility/score_currency_atoms.avif						B2	150
17	S17_B2_basic_repair_kit_x_5		Basic Repair Kit x 5	75				repair_kit	/wp-content/uploads/season_images/utility/atx_utility_repairkit_basic.avif						B2	150
17	S17_B2_carry_weight_booster_x_5		Carry Weight Booster x 5	75				carry_weight_booster	/wp-content/uploads/season_images/utility/score_utility_carryweight.avif						B2	150
17	S17_B2_gold_bullion_x_100		Gold Bullion x 100	75				gold_bullion	/wp-content/uploads/season_images/utility/score_currency_bullion.avif						B2	150
17	S17_B2_legendary_core_x_5		Legendary Core x 5	75				legendary_core	/wp-content/uploads/season_images/utility/score_game_legendary_core.avif						B2	150
17	S17_B2_legendary_module_x_10		Legendary Module x 10	75				legendary_module	/wp-content/uploads/season_images/utility/score_game_legendarymodule.avif						B2	150
17	S17_B2_legendary_scrip_x_100		Legendary Scrip x 100	75				legendary_scrip	/wp-content/uploads/season_images/utility/score_currency_scrip.avif						B2	150
17	S17_B2_lunchbox_x_5		Lunchbox x 5	75				lunchbox	/wp-content/uploads/season_images/utility/atx_store_lunchbox001.avif						B2	150
17	S17_B2_perk_coin_x_25		Perk Coin x 25	75				perk_coins	/wp-content/uploads/season_images/utility/score_currency_perkcoin.avif						B2	150
17	S17_B2_scout_s_banner_x_5		Scout's Banner x 5	75				scouts_banner	/wp-content/uploads/season_images/utility/score_coen_utility_banner.avif						B2	150
17	S17_P3_playericon_playericon9		Player Icon: Hypnosis	0		playerIcon	Hypnosis	player_icon	/wp-content/uploads/guide-images/atom-shop/player-icons/atx_playericon_s17_hypnosis.avif	You feel very sleepy. And dizzy.  - UNLOCKS A PLAYER ICON. -	SCORE_S17_ENTM_PlayerIcon_PlayerIcon9					
17	S17_P3_playericon_playericon10		Player Icon: Lost Portrait	0		playerIcon	Lost Portrait	player_icon	/wp-content/uploads/guide-images/atom-shop/player-icons/atx_playericon_s17_lostghoulportrait.avif	Shockingly stylish!  - UNLOCKS A PLAYER ICON. -	SCORE_S17_ENTM_PlayerIcon_PlayerIcon10					
17	S17_P3_playericon_playericon11		Player Icon: Storm	0		playerIcon	Storm	player_icon	/wp-content/uploads/guide-images/atom-shop/player-icons/atx_playericon_s17_storm.avif	There's a storm brewing...  - UNLOCKS A PLAYER ICON. -	SCORE_S17_ENTM_PlayerIcon_PlayerIcon11					
18	S18_P3_apparel_headwear_desperadohat		Desperado Cowboy Hat	40					/wp-content/uploads/season_images/score_s18_apparel_headwear_desperadohat.avif	Show them what it means to be a gunslinger, in style!  - APPAREL IS CRAFTABLE AT ARMOR WORKBENCHES. -	SCORE_S18_ENTM_Apparel_Headwear_DesperadoHat				1	0
18	S18_P5_skin_weaponskin_huntingrifle_rusted		Rusted Paint (Hunting Rifle)	30					/wp-content/uploads/season_images/score_s18_skin_weaponskin_huntingrifle_rusted.avif	Time has passed in Appalachia, naturally weapons rust and here they are. No longer abandoned.  - SKIN IS CRAFTABLE AT WEAPON WORKBENCHES. -	SCORE_S18_ENTM_Skin_WeaponSkin_HuntingRifle_Rusted				1	0
18	S18_P10_camp_walldecor_sheriffsign		Sheriff Sign	20					/wp-content/uploads/season_images/score_s18_camp_walldecor_sheriffsign.avif	Bring justice to your C.A.M.P. and the Wasteland with this Sheriff Sign.  - C.A.M.P. ITEMS APPEAR WHILE IN C.A.M.P. MODE. -	SCORE_S18_ENTM_CAMP_WallDecor_SheriffSign				1	0
18	S18_P1_nuclear_keycard_x_5		Nuclear Keycard x 5	10				nuclear_keycard	/wp-content/uploads/season_images/utility/score_utility_nuclearkeycard.avif						1	0
18	S18_P2_playericon_playericon6		Player Icon: Desperado	10		playerIcon	Desperado	player_icon	/wp-content/uploads/guide-images/atom-shop/player-icons/atx_playericon_s18_desperado.avif	For when you have so much ammo you have to store some on your hat.  - UNLOCKS A PLAYER ICON. -	SCORE_S18_ENTM_PlayerIcon_PlayerIcon6				1	0
18	S18_P9_camp_floordecor_cactus		Cactus	35	TRUE				/wp-content/uploads/season_images/score_s18_camp_floordecor_cactus.avif	Cactus a magnificent spiky plant!  - C.A.M.P. ITEMS APPEAR WHILE IN C.A.M.P. MODE. -	SCORE_S18_ENTM_CAMP_FloorDecor_Cactus				1	0
18	S18_P9_camp_door_recolored_saloon		Saloon Door Set	30	TRUE				/wp-content/uploads/season_images/score_s18_camp_door_recolored_saloon.avif	Mosey on through these Black, Blue, and Dark Wood Saloon Doors and welcome yourself in with a cold glass of whiskey.  - C.A.M.P. ITEMS APPEAR WHILE IN C.A.M.P. MODE. -	SCORE_S18_ENTM_CAMP_Door_Recolored_Saloon				1	0
18	S18_P1_account_scoreboost_1		5% S.C.O.R.E. Boost	0	TRUE			score_booster	/wp-content/uploads/season_images/utility/score_s24_account_scoreboost_1.avif	Gain 5% bonus S.C.O.R.E. when you complete challenges for the rest of Season 18!  - UNLOCKS BOOST FOR ALL CHARACTERS ON YOUR ACCOUNT. -  - BONUS IS APPLIED TO BASE CHALLENGE S.C.O.R.E. -  - DOES NOT APPLY TO PREVIOUSLY COMPLETED CHALLENGES. -	SCORE_S18_ENTM_Account_ScoreBoost_1				1	0
18	S18_P7_camp_structure_barn		Barn	50					/wp-content/uploads/season_images/score_s18_camp_structure_barn.avif	Nothing like a Barn to hold you over this nuclear winter.  - C.A.M.P. ITEMS APPEAR WHILE IN C.A.M.P. MODE. -	SCORE_S18_ENTM_CAMP_Structure_Barn				2	11
18	S18_P12_camp_defense_metalsheetbarricade		Sheet Metal Barricade	45					/wp-content/uploads/season_images/score_s18_camp_defense_metalsheetbarricade.avif	Protect yourself with these Sheet Metal Barricades.  - C.A.M.P. ITEMS APPEAR WHILE IN C.A.M.P. MODE. -	SCORE_S18_ENTM_CAMP_Defense_MetalSheetBarricade				2	11
18	S18_P11_skin_armorskin_robot_blueridge		Blue Ridge Armor Paint (Robot + Botsmith)	40					/wp-content/uploads/season_images/score_s18_skin_armorskin_robot_blueridge.avif	Move with excellence and journey with care with the Blue Ridge Robot Armor paint!  - SKIN IS CRAFTABLE AT ARMOR WORKBENCHES. -	SCORE_S18_ENTM_Skin_ArmorSkin_Robot_BlueRidge				2	11
18	S18_P2_gold_bullion_x_500		Gold Bullion x 500	10				gold_bullion	/wp-content/uploads/season_images/utility/score_currency_bullion.avif						2	11
18	S18_P2_playericon_playericon1		Player Icon: Eyebot Helmet	10		playerIcon	Eyebot Helmet	player_icon	/wp-content/uploads/guide-images/atom-shop/player-icons/atx_playericon_s18_blueridgeeyebothelmet.avif	You'd think an EYE bot would allow for better visibility.   - UNLOCKS A PLAYER ICON. -	SCORE_S18_ENTM_PlayerIcon_PlayerIcon1				2	11
18	S18_P2_caps_x_5000		Caps x 5000	0				caps	/wp-content/uploads/season_images/utility/score_currency_caps.avif						2	11
18	S18_P4_skin_powerarmor_paint_excavator_rusted		Rusted Excavator Power Armor Paint	50	TRUE				/wp-content/uploads/season_images/score_s18_skin_powerarmor_paint_excavator_rusted.avif	Battle through the wasteland in oxidized elegance with the Rusted Power Armor Paint!  - SKIN IS CRAFTABLE AT POWER ARMOR STATIONS. -	SCORE_S18_ENTM_Skin_PowerArmor_Paint_Excavator_Rusted				2	11
18	S18_P8_camp_utility_standingwindmillgenerator		Standing Windmill Generator	40	TRUE				/wp-content/uploads/season_images/score_s18_camp_utility_standingwindmillgenerator.avif	Harness the magic of the wind to generate power for your C.A.M.P. with the Standing Windmill Generator.  - Requires the base Windmill Generator or Large Generator to have been unlocked -  - C.A.M.P. ITEMS APPEAR WHILE IN C.A.M.P. MODE. -	SCORE_S18_ENTM_CAMP_Utility_StandingWindmillGenerator				2	11
18	S18_P9_camp_floordecor_tractor		Tractor	20	TRUE				/wp-content/uploads/season_images/score_s18_camp_floordecor_tractor.avif	Don't forget to watch out for crops while driving your fresh new Tractor!  - C.A.M.P. ITEMS APPEAR WHILE IN C.A.M.P. MODE. -	SCORE_S18_ENTM_CAMP_FloorDecor_Tractor				2	11
18	S18_P2_200_atoms		200 Atoms	10	TRUE			atoms	/wp-content/uploads/season_images/utility/score_currency_atoms.avif						2	11
18	S18_P5_skin_powerarmor_paint_t45_rusted		Rusted T-45 Power Armor Paint	50					/wp-content/uploads/season_images/score_s18_skin_powerarmor_paint_t45_rusted.avif	Battle through the wasteland in oxidized elegance with the Rusted Power Armor Paint!  - SKIN IS CRAFTABLE AT POWER ARMOR STATIONS. -	SCORE_S18_ENTM_Skin_PowerArmor_Paint_T45_Rusted				3	21
18	S18_P8_camp_machinery_workbench_armor_raiders		Raider Armor Workbench	40					/wp-content/uploads/season_images/score_s18_camp_machinery_workbench_armor_raiders.avif	Build and modify Armor for you and your fellow Raiders with this Raider Armor Workbench.  - C.A.M.P. ITEMS APPEAR WHILE IN C.A.M.P. MODE. -	SCORE_S18_ENTM_CAMP_Machinery_Workbench_Armor_Raiders				3	21
18	S18_P9_camp_floordecor_farmwagon		Farm Wagon	25					/wp-content/uploads/season_images/score_s18_camp_floordecor_farmwagon.avif	Heard you're quite the farmer well here's another useful tool for y'all. A handy dandy Farm Wagon!  - C.A.M.P. ITEMS APPEAR WHILE IN C.A.M.P. MODE. -	SCORE_S18_ENTM_CAMP_FloorDecor_FarmWagon				3	21
18	S18_P10_camp_walldecor_killsign		Kill Or Be Killed Sign	20					/wp-content/uploads/season_images/score_s18_camp_walldecor_killsign.avif	Let visitors to your C.A.M.P. know you mean business with the Kill Or Be Killed Sign!  - C.A.M.P. ITEMS APPEAR WHILE IN C.A.M.P. MODE. -	SCORE_S18_ENTM_CAMP_WallDecor_KillSign				3	21
18	S18_P3_200_atoms		200 Atoms	15				atoms	/wp-content/uploads/season_images/utility/score_currency_atoms.avif						3	21
18	S18_P3_s_c_o_r_e_booster_x_3		S.C.O.R.E. Booster x 3	10				score_booster	/wp-content/uploads/season_images/utility/score_utility_scorebooster.avif						3	21
18	S18_P7_camp_structure_boxingring_raiders		Raider Boxing Ring	50	TRUE				/wp-content/uploads/season_images/score_s18_camp_structure_boxingring_raiders.avif	Raiding, pillaging... Boxing! That's what Raiders are known for!  - C.A.M.P. ITEMS APPEAR WHILE IN C.A.M.P. MODE. -	SCORE_S18_ENTM_CAMP_Structure_BoxingRing_Raiders				3	21
18	S18_P10_camp_walldecor_raiderwallspikes		Wall Spikes	30	TRUE				/wp-content/uploads/season_images/score_s18_camp_walldecor_raiderwallspikes.avif	Watch yourself, they're sharp!  - C.A.M.P. ITEMS APPEAR WHILE IN C.A.M.P. MODE. -	SCORE_S18_ENTM_CAMP_WallDecor_RaiderWallSpikes				3	21
18	S18_P2_playericon_playericon8		Player Icon: Super Mutant Super Sledge	10	TRUE	playerIcon	Super Mutant Super Sledge	player_icon	/wp-content/uploads/guide-images/atom-shop/player-icons/atx_playericon_s18_supermutant.avif	"A whole lot of ""super"".  - UNLOCKS A PLAYER ICON. -"	SCORE_S18_ENTM_PlayerIcon_PlayerIcon8				3	21
18	S18_P5_skin_weaponskin_44_blueridge		Blue Ridge Paint (.44)	0	TRUE				/wp-content/uploads/season_images/score_s18_skin_weaponskin_44_blueridge.avif	Show the world your affiliation with the Blue Ridge Caravan Company!  - SKIN IS CRAFTABLE AT WEAPON WORKBENCHES. -	SCORE_S18_ENTM_Skin_WeaponSkin_44_BlueRidge				3	21
18	S18_P12_camp_defense_guardpost_blueridgepitstop		Blue Ridge Pit Stop Guard Post	50					/wp-content/uploads/season_images/score_s18_camp_defense_guardpost_blueridgepitstop.avif	Add some defences to your pit stop with these Blue Ridge Pit Stop Defenses.  - C.A.M.P. ITEMS APPEAR WHILE IN C.A.M.P. MODE. -	SCORE_S18_ENTM_CAMP_Defense_GuardPost_BlueRidgePitStop				4	29
18	S18_P4_skin_powerarmor_paint_t51_rusted		Rusted T-51 Power Armor Paint	50					/wp-content/uploads/season_images/score_s18_skin_powerarmor_paint_t51_rusted.avif	Battle through the wasteland in oxidized elegance with the Rusted Power Armor Paint!  - SKIN IS CRAFTABLE AT POWER ARMOR STATIONS. -	SCORE_S18_ENTM_Skin_PowerArmor_Paint_T51_Rusted				4	29
18	S18_P2_playericon_playericon4		Player Icon: Blue Ridge Mr. Fuzzy	10		playerIcon	Blue Ridge Mr. Fuzzy	player_icon	/wp-content/uploads/guide-images/atom-shop/player-icons/atx_playericon_s18_blueridgemrfuzzy.avif	Cute, cuddly, and capable of transporting goods.  - UNLOCKS A PLAYER ICON. -	SCORE_S18_ENTM_PlayerIcon_PlayerIcon4				4	29
18	S18_P4_200_atoms		200 Atoms	0				atoms	/wp-content/uploads/season_images/utility/score_currency_atoms.avif						4	29
18	S18_P11_camp_defense_turret_blueridge		Blue Ridge Machine Gun Turret Set	50	TRUE				/wp-content/uploads/season_images/score_s18_camp_defense_turret_blueridge.avif	Let all know not to mess with the Blue Ridge Caravans with these new Blue Ridge Turrets!  - C.A.M.P. ITEMS APPEAR WHILE IN C.A.M.P. MODE. -	SCORE_S18_ENTM_CAMP_Defense_Turret_BlueRidge				4	29
18	S18_P9_camp_floordecor_plushie_mrfuzzyblueridge		Blue Ridge Mr. Fuzzy Plushie	30	TRUE				/wp-content/uploads/season_images/score_s18_camp_floordecor_plushie_mrfuzzyblueridge.avif	How many jobs can one plushie have?  - C.A.M.P. ITEMS APPEAR WHILE IN C.A.M.P. MODE. -	SCORE_S18_ENTM_CAMP_FloorDecor_Plushie_MrFuzzyBlueRidge				4	29
18	S18_P4_re_roller_x_5		Re-Roller x 5	10	TRUE			re_roller	/wp-content/uploads/season_images/utility/score_utility_reroller.avif						4	29
18	S18_P4_skin_powerarmor_paint_t60_rusted		Rusted T-60 Power Armor Paint	50					/wp-content/uploads/season_images/score_s18_skin_powerarmor_paint_t60_rusted.avif	Battle through the wasteland in oxidized elegance with the Rusted Power Armor Paint!  - SKIN IS CRAFTABLE AT POWER ARMOR STATIONS. -	SCORE_S18_ENTM_Skin_PowerArmor_Paint_T60_Rusted				5	36
18	S18_P7_camp_structure_watchtower		Watch Tower	50					/wp-content/uploads/season_images/score_s18_camp_structure_watchtower.avif	It's time to watch out for your enemies and you can do just that with this Watch Tower.  - C.A.M.P. ITEMS APPEAR WHILE IN C.A.M.P. MODE. -	SCORE_S18_ENTM_CAMP_Structure_WatchTower				5	36
18	S18_P2_playericon_playericon2		Player Icon: Gatling Gun	10		playerIcon	Gatling Gun	player_icon	/wp-content/uploads/guide-images/atom-shop/player-icons/atx_playericon_s18_blueridgegatlinggun.avif	Take it for a spin!  - UNLOCKS A PLAYER ICON. -	SCORE_S18_ENTM_PlayerIcon_PlayerIcon2				5	36
18	S18_P5_stamps_x_10		Stamps x 10	10				stamps	/wp-content/uploads/season_images/utility/score_currency_stamps.avif						5	36
18	S18_P12_photomode_frame_countryroads1		Blue Ridge Photomode Frame	0					/wp-content/uploads/season_images/score_s18_photomode_frame_countryroads1.avif	Show your support for the Blue Ridge Caravan Company with the Blue Ridge Photomode Frame!  - UNLOCKS A PHOTOMODE FRAME. -	SCORE_S18_ENTM_Photomode_Frame_CountryRoads1				5	36
18	S18_P5_skin_weaponskin_gatlinggun_blueridge		Blue Ridge Paint (Gatling Gun)	30	TRUE				/wp-content/uploads/season_images/score_s18_skin_weaponskin_gatlinggun_blueridge.avif	Show the world your affiliation with the Blue Ridge Caravan Company!  - SKIN IS CRAFTABLE AT WEAPON WORKBENCHES. -	SCORE_S18_ENTM_Skin_WeaponSkin_GatlingGun_BlueRidge				5	36
18	S18_P1_account_scoreboost_3		10% S.C.O.R.E. Boost	15	TRUE			score_booster	/wp-content/uploads/season_images/utility/score_s24_account_scoreboost_1.avif	Gain another 10% bonus S.C.O.R.E. when you complete challenges for the rest of Season 18!  - UNLOCKS BOOST FOR ALL CHARACTERS ON YOUR ACCOUNT. -  - BONUS IS APPLIED TO BASE CHALLENGE S.C.O.R.E.. -  - DOES NOT APPLY TO PREVIOUSLY COMPLETED CHALLENGES. -	SCORE_S18_ENTM_Account_ScoreBoost_3				5	36
18	S18_P5_200_atoms		200 Atoms	10	TRUE			atoms	/wp-content/uploads/season_images/utility/score_currency_atoms.avif						5	36
18	S18_P4_skin_powerarmor_paint_ultracite_rusted		Rusted Ultracite Power Armor Paint	50					/wp-content/uploads/season_images/score_s18_skin_powerarmor_paint_ultracite_rusted.avif	Battle through the wasteland in oxidized elegance with the Rusted Power Armor Paint!  - SKIN IS CRAFTABLE AT POWER ARMOR STATIONS. -	SCORE_S18_ENTM_Skin_PowerArmor_Paint_Ultracite_Rusted				6	43
18	S18_P6_skin_weaponskin_stopsign		Stop Sign Paint	30					/wp-content/uploads/season_images/score_s18_skin_weaponskin_stopsign.avif	STOP! Your enemies right in their tracks with this Stop Sign!  - SKIN IS CRAFTABLE AT WEAPON WORKBENCHES. -  - Works with Baseball Bat, Super Sledgehammer, War Glaive. -	SCORE_S18_ENTM_Skin_WeaponSkin_StopSign				6	43
18	S18_P7_camp_structure_gasawning		Gas Awning	25					/wp-content/uploads/season_images/score_s18_camp_structure_gasawning.avif	The awning to protect the cars you love while filling up.  - C.A.M.P. ITEMS APPEAR WHILE IN C.A.M.P. MODE. -	SCORE_S18_ENTM_CAMP_Structure_GasAwning				6	43
18	S18_P6_legendary_scrip_x_300		Legendary Scrip x 300	10				legendary_scrip	/wp-content/uploads/season_images/utility/score_currency_scrip.avif						6	43
18	S18_P6_lunchbox_x_5		Lunchbox x 5	10				lunchbox	/wp-content/uploads/season_images/utility/atx_store_lunchbox001.avif						6	43
18	S18_P2_playericon_playericon5		Player Icon: Wagon	10		playerIcon	Wagon	player_icon	/wp-content/uploads/guide-images/atom-shop/player-icons/atx_playericon_s18_caravan.avif	Ready to travel at any time of day.  - UNLOCKS A PLAYER ICON. -	SCORE_S18_ENTM_PlayerIcon_PlayerIcon5				6	43
18	S18_P7_camp_structure_flatbedsmall		Small Flatbed	20	TRUE				/wp-content/uploads/season_images/score_s18_camp_structure_flatbedsmall.avif	Load your junk and scraps up on this Small Flatbed!  - C.A.M.P. ITEMS APPEAR WHILE IN C.A.M.P. MODE. -	SCORE_S18_ENTM_CAMP_Structure_FlatbedSmall				6	43
18	S18_P6_200_atoms		200 Atoms	10	TRUE			atoms	/wp-content/uploads/season_images/utility/score_currency_atoms.avif						6	43
18	S18_P6_scout_s_banner_x_3		Scout's Banner x 3	10	TRUE			scouts_banner	/wp-content/uploads/season_images/utility/score_coen_utility_banner.avif						6	43
18	S18_P5_skin_weaponskin_minigun_rusted		Rusted Paint (Minigun)	0	TRUE				/wp-content/uploads/season_images/score_s18_skin_weaponskin_minigun_rusted.avif	Time has passed in Appalachia, naturally weapons rust and here they are. No longer abandoned.  - SKIN IS CRAFTABLE AT WEAPON WORKBENCHES. -	SCORE_S18_ENTM_Skin_WeaponSkin_Minigun_Rusted				6	43
18	S18_P7_camp_structure_trainboxcarblue		Vault-Tec Train Car	50					/wp-content/uploads/season_images/score_s18_camp_structure_trainboxcarblue.avif	Somewhat derailed on its destination, this Vault-Tec Train Car is stopping at a C.A.M.P. near you!  - C.A.M.P. ITEMS APPEAR WHILE IN C.A.M.P. MODE. -	SCORE_S18_ENTM_CAMP_Structure_TrainBoxCarBlue				7	43
18	S18_P11_skin_armorskin_secretservice_blueridge		Blue Ridge Secret Service Armor Paint	45					/wp-content/uploads/season_images/score_s18_skin_armorskin_secretservice_blueridge.avif	Move with excellence and journey with care with the Blue Ridge Secret Service Armor paint!  - SKIN IS CRAFTABLE AT ARMOR WORKBENCHES. -	SCORE_S18_ENTM_Skin_ArmorSkin_SecretService_BlueRidge				7	43
18	S18_P3_apparel_underarmor_blueridge_secretservice		Blue Ridge Secret Service Underarmor	35					/wp-content/uploads/season_images/score_s18_apparel_underarmor_blueridge_secretservice.avif	Get in uniform and get to work with the Blue Ridge Secret Service Uniform  (Requires the Secret Service Underarmor Plan to be learned.)  This item is worn under your armor and is in the Secret Service mod group.  - APPAREL IS CRAFTABLE AT ARMOR WORKBENCHES. -	SCORE_S18_ENTM_Apparel_Underarmor_BlueRidge_SecretService				7	43
18	S18_P7_perk_card_pack		Perk Card Pack	10				perk_card_pack	/wp-content/uploads/season_images/utility/score_item_perkcardpack.avif						7	43
18	S18_P5_skin_weaponskin_lasergun_blueridge		Blue Ridge Paint (Laser Rifle)	0					/wp-content/uploads/season_images/score_s18_skin_weaponskin_lasergun_blueridge.avif	Show the world your affiliation with the Blue Ridge Caravan Company!  - SKIN IS CRAFTABLE AT WEAPON WORKBENCHES. -	SCORE_S18_ENTM_Skin_WeaponSkin_LaserGun_BlueRidge				7	43
18	S18_P8_camp_collector_beehive		Beehive (Black & Yellow)	55	TRUE				/wp-content/uploads/season_images/score_s18_camp_collector_beehive.avif	Honey! Honey! Honey! Come and get your Honey!  This item cannot be built inside of a Shelter.  - C.A.M.P. ITEMS APPEAR WHILE IN C.A.M.P. MODE. -	SCORE_S18_ENTM_CAMP_Collector_Beehive				7	43
18	S18_P4_skin_powerarmor_paint_x01_rusted		Rusted X-01 Power Armor Paint	45	TRUE				/wp-content/uploads/season_images/score_s18_skin_powerarmor_paint_x01_rusted.avif	Battle through the wasteland in oxidized elegance with the Rusted Power Armor Paint!  - SKIN IS CRAFTABLE AT POWER ARMOR STATIONS. -	SCORE_S18_ENTM_Skin_PowerArmor_Paint_X01_Rusted				7	43
18	S18_P7_200_atoms		200 Atoms	10	TRUE			atoms	/wp-content/uploads/season_images/utility/score_currency_atoms.avif						7	43
18	S18_P11_skin_armorskin_civilengineer_blueridge		Blue Ridge Civil Engineer Armor Paint	45					/wp-content/uploads/season_images/score_s18_skin_armorskin_civilengineer_blueridge.avif	Move with excellence and journey with care with the Blue Ridge Civil Engineer Armor paint!  - SKIN IS CRAFTABLE AT ARMOR WORKBENCHES. -	SCORE_S18_ENTM_Skin_ArmorSkin_CivilEngineer_BlueRidge				8	53
18	S18_P12_camp_displaycase_skylinesnowglobes		Skyline Valley Snow Globe Display Case	30					/wp-content/uploads/season_images/score_s18_camp_displaycase_skylinesnowglobes.avif	Those snow globes finally have a home to be displayed in your C.A.M.P.  - C.A.M.P. ITEMS APPEAR WHILE IN C.A.M.P. MODE. -	SCORE_S18_ENTM_CAMP_Displaycase_SkylineSnowGlobes				8	53
18	S18_P10_camp_walldecor_blacksmithsign		Blacksmith Sign	20					/wp-content/uploads/season_images/score_s18_camp_walldecor_blacksmithsign.avif	Forge your C.A.M.P.'s own story with this Blacksmith Sign.  - C.A.M.P. ITEMS APPEAR WHILE IN C.A.M.P. MODE. -	SCORE_S18_ENTM_CAMP_WallDecor_BlacksmithSign				8	53
18	S18_P11_camp_ceilingdecor_hangingcauldron		Hanging Cauldron	15					/wp-content/uploads/season_images/score_s18_camp_ceilingdecor_hangingcauldron.avif	Show off your wicked brews with these hanging Cauldrons.  - C.A.M.P. ITEMS APPEAR WHILE IN C.A.M.P. MODE. -	SCORE_S18_ENTM_CAMP_CeilingDecor_HangingCauldron				8	53
18	S18_P8_caps_x_5000		Caps x 5000	10				caps	/wp-content/uploads/season_images/utility/score_currency_caps.avif						8	53
18	S18_P5_skin_weaponskin_handmadegun_rusted		Rusted Paint (Handmade Rifle)	20	TRUE				/wp-content/uploads/season_images/score_s18_skin_weaponskin_handmadegun_rusted.avif	Time has passed in Appalachia, naturally weapons rust and here they are. No longer abandoned.  - SKIN IS CRAFTABLE AT WEAPON WORKBENCHES. -	SCORE_S18_ENTM_Skin_WeaponSkin_HandmadeGun_Rusted				8	53
18	S18_P8_stamps_x_10		Stamps x 10	10	TRUE			stamps	/wp-content/uploads/season_images/utility/score_currency_stamps.avif						8	53
18	S18_P1_account_scoreboost_2		10% S.C.O.R.E. Boost	0	TRUE			score_booster	/wp-content/uploads/season_images/utility/score_s24_account_scoreboost_1.avif	Gain another 10% bonus S.C.O.R.E. when you complete challenges for the rest of Season 18!  - UNLOCKS BOOST FOR ALL CHARACTERS ON YOUR ACCOUNT. -  - BONUS IS APPLIED TO BASE CHALLENGE S.C.O.R.E.. -  - DOES NOT APPLY TO PREVIOUSLY COMPLETED CHALLENGES. -	SCORE_S18_ENTM_Account_ScoreBoost_2				8	53
18	S18_P4_skin_powerarmor_paint_t65_rusted		Rusted  T-65 Power Armor Paint	50					/wp-content/uploads/season_images/score_s18_skin_powerarmor_paint_t65_rusted.avif	Battle through the wasteland in oxidized elegance with the Rusted Power Armor Paint!  - SKIN IS CRAFTABLE AT POWER ARMOR STATIONS. -	SCORE_S18_ENTM_Skin_PowerArmor_Paint_T65_Rusted				9	59
18	S18_P9_camp_floordecor_stein_mountain		Mountain Stein	25					/wp-content/uploads/season_images/score_s18_camp_floordecor_stein_mountain.avif	Enjoy a drink from this Mountain Stein.  - C.A.M.P. ITEMS APPEAR WHILE IN C.A.M.P. MODE. -	SCORE_S18_ENTM_CAMP_FloorDecor_Stein_Mountain				9	59
18	S18_P9_200_atoms		200 Atoms	15				atoms	/wp-content/uploads/season_images/utility/score_currency_atoms.avif						9	59
18	S18_P9_camp_floordecor_destroyedwagon		Destroyed Wagon	0					/wp-content/uploads/season_images/score_s18_camp_floordecor_destroyedwagon.avif	What once was a useful vehicle is now destroyed. Show off your recklessness with this Destroyed Wagon.  - C.A.M.P. ITEMS APPEAR WHILE IN C.A.M.P. MODE. -	SCORE_S18_ENTM_CAMP_FloorDecor_DestroyedWagon				9	59
18	S18_P8_camp_collector_brewingvat		Brewing Vat	60	TRUE				/wp-content/uploads/season_images/score_s18_camp_collector_brewingvat.avif	Get your fill of fermentable beer to start your own collection of alcohol-fueled goodness!  Generates various fermentable alcoholic drinks.  This item cannot be built inside of a Shelter.  - C.A.M.P. ITEMS APPEAR WHILE IN C.A.M.P. MODE. -	SCORE_S18_ENTM_CAMP_Collector_BrewingVat				9	59
18	S18_P4_skin_powerarmor_paint_rusted_hellcat		Rusted Hellcat Power Armor Paint	50					/wp-content/uploads/season_images/score_s18_skin_powerarmor_paint_rusted_hellcat.avif	Embrace the beauty in decay with this new Power Armor paint.  - SKIN IS CRAFTABLE AT POWER ARMOR STATIONS. -	SCORE_S18_ENTM_Skin_PowerArmor_Paint_Rusted_Hellcat				10	72
18	S18_P11_skin_armorskin_bosinfantry_blueridge		Blue Ridge Recon Armor Paint	45					/wp-content/uploads/season_images/score_s18_skin_armorskin_bosinfantry_blueridge.avif	Move with excellence and journey with care with the Blue Ridge Recon Armor paint!  - SKIN IS CRAFTABLE AT ARMOR WORKBENCHES. -	SCORE_S18_ENTM_Skin_ArmorSkin_BOSInfantry_BlueRidge				10	72
18	S18_P10_camp_walldecor_gunsmithsign		Gunsmith Sign	20					/wp-content/uploads/season_images/score_s18_camp_walldecor_gunsmithsign.avif	Make your C.A.M.P. Lock, Stock, and Barrel with this Gunsmith sign.  - C.A.M.P. ITEMS APPEAR WHILE IN C.A.M.P. MODE. -	SCORE_S18_ENTM_CAMP_WallDecor_GunsmithSign				10	72
18	S18_P10_re_roller_x_5		Re-Roller x 5	10				re_roller	/wp-content/uploads/season_images/utility/score_utility_reroller.avif						10	72
18	S18_P3_apparel_underarmor_blueridge_bos		Blue Ridge Infantry Uniform and Hood	30	TRUE				/wp-content/uploads/season_images/score_s18_apparel_underarmor_blueridge_bos.avif	Get your gear on and get ready to defend some caravans with the Blue Ridge Infantry Uniform and Hood   - APPAREL IS CRAFTABLE AT ARMOR WORKBENCHES. -	SCORE_S18_ENTM_Apparel_Underarmor_BlueRidge_BoS				10	72
18	S18_P10_200_atoms		200 Atoms	10	TRUE			atoms	/wp-content/uploads/season_images/utility/score_currency_atoms.avif						10	72
18	S18_P10_s_c_o_r_e_booster_x_3		S.C.O.R.E. Booster x 3	10	TRUE			score_booster	/wp-content/uploads/season_images/utility/score_utility_scorebooster.avif						10	72
18	S18_P2_playericon_playericon3		Player Icon: Blue Ridge Logo	0	TRUE	playerIcon	Blue Ridge Logo	player_icon	/wp-content/uploads/guide-images/atom-shop/player-icons/atx_playericon_s18_blueridgelogo.avif	Proudly display the premier caravan company's logo.  - UNLOCKS A PLAYER ICON. -	SCORE_S18_ENTM_PlayerIcon_PlayerIcon3				10	72
18	S18_P12_camp_walldeco_display_backpack		Backpack Display	50					/wp-content/uploads/season_images/score_s18_camp_walldeco_display_backpack.avif	Display the bags that always have your back!  - C.A.M.P. ITEMS APPEAR WHILE IN C.A.M.P. MODE. -	SCORE_S18_ENTM_CAMP_WallDeco_Display_Backpack				11	79
18	S18_P5_skin_weaponskin_teslarifle_rusted		Rusted Paint (Tesla Rifle)	30					/wp-content/uploads/season_images/score_s18_skin_weaponskin_teslarifle_rusted.avif	Time has passed in Appalachia, naturally weapons rust and here they are. No longer abandoned.  - SKIN IS CRAFTABLE AT WEAPON WORKBENCHES. -	SCORE_S18_ENTM_Skin_WeaponSkin_TeslaRifle_Rusted				11	79
18	S18_P10_camp_walldecor_endofseasonart		Framed Country Roads Wall Art	25					/wp-content/uploads/season_images/score_s18_camp_walldecor_endofseasonart.avif	"Reminisce on your trip down the ""Country Roads"" with this commemorative wall art!  - C.A.M.P. ITEMS APPEAR WHILE IN C.A.M.P. MODE. -"	SCORE_S18_ENTM_CAMP_WallDecor_EndofSeasonArt				11	79
18	S18_P11_200_atoms		200 Atoms	0				atoms	/wp-content/uploads/season_images/utility/score_currency_atoms.avif						11	79
18	S18_P4_skin_powerarmor_paint_union_rusted		Rusted Union Power Armor Paint	50	TRUE				/wp-content/uploads/season_images/score_s18_skin_powerarmor_paint_union_rusted.avif	Battle through the wasteland in oxidized elegance with the Rusted Power Armor Paint!  - SKIN IS CRAFTABLE AT POWER ARMOR STATIONS. -	SCORE_S18_ENTM_Skin_PowerArmor_Paint_Union_Rusted				11	79
18	S18_P11_gold_bullion_x_500		Gold Bullion x 500	10	TRUE			gold_bullion	/wp-content/uploads/season_images/utility/score_currency_bullion.avif						11	79
18	S18_P11_lunchbox_x_5		Lunchbox x 5	10	TRUE			lunchbox	/wp-content/uploads/season_images/utility/atx_store_lunchbox001.avif						11	79
18	S18_P3_skin_powerarmor_model_roadsidewarrior		Roadside Warrior Power Armor Paint	80					/wp-content/uploads/season_images/score_s18_skin_powerarmor_model_roadsidewarrior.avif	Make your enemies clear a path while running at them with the Roadside Warrior Power Armor Equipped!  This is a unique skin that completely alters the appearance of your Power Armor. It can be equipped on all main Power Armors.  - SKIN IS CRAFTABLE AT POWER ARMOR STATIONS. -	SCORE_S18_ENTM_Skin_PowerArmor_Model_RoadsideWarrior				12	92
18	S18_P11_skin_armorskin_scout_blueridge		Blue Ridge Scout Armor Paint	45					/wp-content/uploads/season_images/score_s18_skin_armorskin_scout_blueridge.avif	Move with excellence and journey with care with the Blue Ridge Scout Armor paint!  - SKIN IS CRAFTABLE AT ARMOR WORKBENCHES. -	SCORE_S18_ENTM_Skin_ArmorSkin_Scout_BlueRidge				12	92
18	S18_P12_200_atoms		200 Atoms	15				atoms	/wp-content/uploads/season_images/utility/score_currency_atoms.avif						12	92
18	S18_P12_photomode_frame_countryroads2		Road Sign Photomode Frame	15					/wp-content/uploads/season_images/score_s18_photomode_frame_countryroads2.avif	Show your love for repurposed road signs with the Road Sign Photomode Frame!  - UNLOCKS A PHOTOMODE FRAME. -	SCORE_S18_ENTM_Photomode_Frame_CountryRoads2				12	92
18	S18_P12_mystery_magazine_package_x_3		Mystery Magazine Package x 3	10				mystery_magazine	/wp-content/uploads/season_images/utility/score_utility_magazinebookbox.avif						12	92
18	S18_P12_perk_coin_x_50		Perk Coin x 50	10				perk_coins	/wp-content/uploads/season_images/utility/score_currency_perkcoin.avif						12	92
18	S18_P6_camp_kit_corrodedconcrete		Corroded Concrete Kit	100	TRUE				/wp-content/uploads/season_images/score_s18_camp_kit_corrodedconcrete.avif	For when you want shelter without hindering visibility.  Includes new Wall and Roof items.  This kit does not support wallpapers, and has a unique interior look.   - C.A.M.P. ITEMS APPEAR WHILE IN C.A.M.P. MODE. -	SCORE_S18_ENTM_CAMP_Kit_CorrodedConcrete				12	92
18	S18_P6_skin_weaponskin_graffitistopsign		Graffiti Stop Sign Paint	40	TRUE				/wp-content/uploads/season_images/score_s18_skin_weaponskin_graffitistopsign.avif	STOP! Your enemies right in their tracks with this Graffiti Stop Sign!  - SKIN IS CRAFTABLE AT WEAPON WORKBENCHES. -  - Works with Baseball Bat, Super Sledgehammer, War Glaive. -	SCORE_S18_ENTM_Skin_WeaponSkin_GraffitiStopSign				12	92
18	S18_P12_mystery_bobblehead_x_3		Mystery Bobblehead x 3	10	TRUE			mystery_bobblehead	/wp-content/uploads/season_images/utility/score_utility_mysterybobblehead.avif						12	92
18	S18_P2_playericon_playericon7		Player Icon: Roadside Warrior	0	TRUE	playerIcon	Roadside Warrior	player_icon	/wp-content/uploads/guide-images/atom-shop/player-icons/atx_playericon_s18_roadsidewarrior.avif	This is the time of the signs.  - UNLOCKS A PLAYER ICON. -	SCORE_S18_ENTM_PlayerIcon_PlayerIcon7				12	92
18	S18_P7_camp_structure_raiderlodge		Raider Lodge	200					/wp-content/uploads/season_images/score_s18_camp_structure_raiderlodge.avif	Keep your raiding spoils safe in your very own Raider Lodge!  - C.A.M.P. ITEMS APPEAR WHILE IN C.A.M.P. MODE. -	SCORE_S18_ENTM_CAMP_Structure_RaiderLodge				B1	100
18	S18_P8_camp_utility_espressomachine		The Sicilian Espresso Machine	140					/wp-content/uploads/season_images/score_s18_camp_utility_espressomachine.avif	Some refined caffeine to your C.A.M.P. with the The Sicilian Espresso Machine!  The Sicilian Espresso Machine dispenses Canned Coffee.  - C.A.M.P. ITEMS APPEAR WHILE IN C.A.M.P. MODE. -	SCORE_S18_ENTM_CAMP_Utility_EspressoMachine				B1	100
18	S18_P10_camp_walldecor_wallwalkway		Wall-Mounted Walkway	140					/wp-content/uploads/season_images/score_s18_camp_walldecor_wallwalkway.avif	When you want to forge your own path, use the Wall-Mounted Walkway!  - C.A.M.P. ITEMS APPEAR WHILE IN C.A.M.P. MODE. -	SCORE_S18_ENTM_CAMP_WallDecor_WallWalkway				B1	100
18	S18_P11_camp_vendor_playervendingmachine_blueridge		Blue Ridge Vending Machine	130					/wp-content/uploads/season_images/score_s18_camp_vendor_playervendingmachine_blueridge.avif	Share your wares with the Blue Ridge Vending Machine   - C.A.M.P. ITEMS APPEAR WHILE IN C.A.M.P. MODE. -	SCORE_S18_ENTM_CAMP_Vendor_PlayerVendingMachine_BlueRidge				B1	100
18	S18_P9_camp_floordecor_reinforcedwagon		Reinforced Farm Wagon	130					/wp-content/uploads/season_images/score_s18_camp_floordecor_reinforcedwagon.avif	Heard you drive the Farm Wagon? Perhaps it's time for you to kick it up a notch with the latest model. The new Reinforced Farm Wagon.  - C.A.M.P. ITEMS APPEAR WHILE IN C.A.M.P. MODE. -	SCORE_S18_ENTM_CAMP_FloorDecor_ReinforcedWagon				B1	100
18	S18_P12_camp_defense_turret_rusted		Rusted Machine Gun Turret Set	130					/wp-content/uploads/season_images/score_s18_camp_defense_turret_rusted.avif	Still operational after all this time. It's time for you to put these Rusted Turrets to use.  - C.A.M.P. ITEMS APPEAR WHILE IN C.A.M.P. MODE. -	SCORE_S18_ENTM_CAMP_Defense_Turret_Rusted				B1	100
18	S18_P8_camp_utility_blueridgebeerkeg		Blue Ridge Beer Keg Set	120					/wp-content/uploads/season_images/score_s18_camp_utility_blueridgebeerkeg.avif	Have an appropriately-sized Keg for any situation with the Blue Ridge Beer Keg Set! Each Blue Ridge Keg is a container which can dispense drinks  in your C.A.M.P.  - C.A.M.P. ITEMS APPEAR WHILE IN C.A.M.P. MODE. -	SCORE_S18_ENTM_CAMP_Utility_BlueRidgeBeerKeg				B1	100
18	S18_P8_camp_machinery_powerconnectors_telephonepole		Telephone Pole Power Connectors	120					/wp-content/uploads/season_images/score_s18_camp_machinery_powerconnectors_telephonepole.avif	Charge up your C.A.M.P with these Telephone Pole Power Connectors!  - C.A.M.P. ITEMS APPEAR WHILE IN C.A.M.P. MODE. -	SCORE_S18_ENTM_CAMP_Machinery_PowerConnectors_TelephonePole				B1	100
18	S18_P7_camp_structure_stairs_gangplankramp		Gangplank Ramp Stairs	100					/wp-content/uploads/season_images/score_s18_camp_structure_stairs_gangplankramp.avif	Ready to rock the boat? Then climb aboard using this new Gangplank Ramp!  - C.A.M.P. ITEMS APPEAR WHILE IN C.A.M.P. MODE. -	SCORE_S18_ENTM_CAMP_Structure_Stairs_GangplankRamp				B1	100
18	S18_P12_camp_displaycase_pillar		Pillar Display	100					/wp-content/uploads/season_images/score_s18_camp_displaycase_pillar.avif	What you've all been waiting for! A pillar display to show off whatever you want!   - C.A.M.P. ITEMS APPEAR WHILE IN C.A.M.P. MODE. -	SCORE_S18_ENTM_CAMP_Displaycase_Pillar				B1	100
18	S18_B2_100_atoms		100 Atoms	250				atoms	/wp-content/uploads/season_images/utility/score_currency_atoms.avif						B2	150
18	S18_B2_basic_repair_kit_x_5		Basic Repair Kit x 5	75				repair_kit	/wp-content/uploads/season_images/utility/atx_utility_repairkit_basic.avif						B2	150
18	S18_B2_carry_weight_booster_x_5		Carry Weight Booster x 5	75				carry_weight_booster	/wp-content/uploads/season_images/utility/score_utility_carryweight.avif						B2	150
18	S18_B2_gold_bullion_x_100		Gold Bullion x 100	75				gold_bullion	/wp-content/uploads/season_images/utility/score_currency_bullion.avif						B2	150
18	S18_B2_legendary_module_x_10		Legendary Module x 10	75				legendary_module	/wp-content/uploads/season_images/utility/score_game_legendarymodule.avif						B2	150
18	S18_B2_legendary_scrip_x_100		Legendary Scrip x 100	75				legendary_scrip	/wp-content/uploads/season_images/utility/score_currency_scrip.avif						B2	150
18	S18_B2_lunchbox_x_5		Lunchbox x 5	75				lunchbox	/wp-content/uploads/season_images/utility/atx_store_lunchbox001.avif						B2	150
18	S18_B2_mystery_bobblehead_x_3		Mystery Bobblehead x 3	75				mystery_bobblehead	/wp-content/uploads/season_images/utility/score_utility_mysterybobblehead.avif						B2	150
18	S18_B2_perk_coin_x_25		Perk Coin x 25	75				perk_coins	/wp-content/uploads/season_images/utility/score_currency_perkcoin.avif						B2	150
18	S18_B2_scout_s_banner_x_5		Scout's Banner x 5	75				scouts_banner	/wp-content/uploads/season_images/utility/score_coen_utility_banner.avif						B2	150
18	S18_P6_skin_weaponskin_railwayrifle_blueridge		Weapon Skin Railway Rifle Blue Ridge	0					/wp-content/uploads/season_images/score_s18_skin_weaponskin_railwayrifle_blueridge.webp		zzzSCORE_S18_ENTM_Skin_WeaponSkin_RailwayRifle_BlueRidge					
18	S18_P10_camp_floordecor_persianrug_white		White Persian Rug	0					/wp-content/uploads/season_images/score_s18_camp_floordecor_persianrug_white.webp	This White Persian Rug must have perfect craftsmanship to hold up this well.  - C.A.M.P. ITEMS APPEAR WHILE IN C.A.M.P. MODE. -	SCORE_S18_ENTM_CAMP_FloorDecor_PersianRug_White					
19	S19_P5_skin_powerarmor_paint_t45_enclaveofficer		Enclave Officer T-45 Power Armor Paint	40					/wp-content/uploads/season_images/score_s19_skin_powerarmor_paint_t45_enclaveofficer.avif	Restore America's glory with this Enclave Officer Power Armor Paint.  - SKIN IS CRAFTABLE AT POWER ARMOR STATIONS. -	SCORE_S19_ENTM_Skin_PowerArmor_Paint_T45_EnclaveOfficer				1	0
19	S19_P11_camp_bed_enclavecot		Enclave Cot	30					/wp-content/uploads/season_images/score_s19_camp_bed_enclavecot.avif	Recharge your fighting spirit in this Enclave Cot!  - C.A.M.P. ITEMS APPEAR WHILE IN C.A.M.P. MODE. -	SCORE_S19_ENTM_CAMP_Bed_EnclaveCot				1	0
19	S19_P4_apparel_headwear_bandanaenclave		Enclave Bandana	25					/wp-content/uploads/season_images/score_s19_apparel_headwear_bandanaenclave.avif	Embrace the Enclave with this Enclave Bandana.  - APPAREL IS CRAFTABLE AT ARMOR WORKBENCHES. -	SCORE_S19_ENTM_Apparel_Headwear_BandanaEnclave				1	0
19	S19_P1_200_atoms		200 Atoms	20				atoms	/wp-content/uploads/season_images/utility/score_currency_atoms.avif						1	0
19	S19_P3_playertitles_suffix_trooper		"Player Title Suffix: ""Trooper"""	20		playerTitleSuffix	Trooper	camp_player_title	/wp-content/uploads/storefront/titles-player/score_s19_playertitles_suffix_trooper.avif	Player Title Suffix	SCORE_S19_ENTM_PlayerTitles_Suffix_Trooper				1	0
19	S19_P1_nuclear_keycard_x_5		Nuclear Keycard x 5	15				nuclear_keycard	/wp-content/uploads/season_images/utility/score_utility_nuclearkeycard.avif						1	0
19	S19_P1_re_roller_x_5		Re-Roller x 5	15				re_roller	/wp-content/uploads/season_images/utility/score_utility_reroller.avif						1	0
19	S19_P4_apparel_outfit_enclavefatigues		Enclave Military Fatigues	25	TRUE				/wp-content/uploads/season_images/score_s19_apparel_outfit_enclavefatigues.avif	Take the fight to Appalachia on behalf of the Enclave with these Military Fatigues!  - APPAREL IS CRAFTABLE AT ARMOR WORKBENCHES. -	SCORE_S19_ENTM_Apparel_Outfit_EnclaveFatigues				1	0
19	S19_P2_playericon_playericon1		Player Icon: Test Monkey	10	TRUE	playerIcon	Test Monkey	player_icon	/wp-content/uploads/guide-images/atom-shop/player-icons/atx_playericon_s19_testmonkey.avif	He's just resting...  - UNLOCKS A PLAYER ICON. -	SCORE_S19_ENTM_PlayerIcon_PlayerIcon1				1	0
19	S19_P1_account_scoreboost_1		5% S.C.O.R.E. Boost	0	TRUE			score_booster	/wp-content/uploads/season_images/utility/score_s24_account_scoreboost_1.avif	Gain 5% bonus S.C.O.R.E. when you complete challenges for the rest of Season 19!  - UNLOCKS BOOST FOR ALL CHARACTERS ON YOUR ACCOUNT. -  - BONUS IS APPLIED TO BASE CHALLENGE S.C.O.R.E. -  - DOES NOT APPLY TO PREVIOUSLY COMPLETED CHALLENGES. -	SCORE_S19_ENTM_Account_ScoreBoost_1				1	0
19	S19_P4_apparel_clothes_enclavegoldenenclaveofficer_outfit		Golden Enclave Officer Outfit	40					/wp-content/uploads/season_images/score_s19_apparel_clothes_enclavegoldenenclaveofficer_outfit.avif	Command and serve, member! In this Golden Enclave Officer Outfit it is your duty to save America!  - APPAREL IS CRAFTABLE AT ARMOR WORKBENCHES. -	SCORE_S19_ENTM_Apparel_Clothes_EnclaveGoldenEnclaveOfficer_Outfit				2	9
19	S19_P7_skin_weaponskin_plasmasword_enclavesigmasquad		Sigma Squad Paint (Plasma Cutter)	30					/wp-content/uploads/season_images/score_s19_skin_weaponskin_plasmasword_enclavesigmasquad.avif	Show the wasteland what it means to be an elite Enclave soldier!  - SKIN IS CRAFTABLE AT WEAPON WORKBENCHES. -	SCORE_S19_ENTM_Skin_WeaponSkin_PlasmaSword_EnclaveSigmaSquad				2	9
19	S19_P15_photomode_frame_crystalcollector		Crystal Collector Frame	15					/wp-content/uploads/season_images/score_s19_photomode_frame_crystalcollector.avif	Show off your favorite rocks with this Crystal Collector Photo Frame!  - UNLOCKS A PHOTOMODE FRAME. -	SCORE_S19_ENTM_Photomode_Frame_CrystalCollector				2	9
19	S19_P2_playericon_playericon4		Player Icon: Enclave Scientist	15		playerIcon	Enclave Scientist	player_icon	/wp-content/uploads/guide-images/atom-shop/player-icons/atx_playericon_s19_enclavescientist.avif	Quenching his thirst for knowledge.  - UNLOCKS A PLAYER ICON. -	SCORE_S19_ENTM_PlayerIcon_PlayerIcon4				2	9
19	S19_P2_s_c_o_r_e_booster_x_3		S.C.O.R.E. Booster x 3	10				score_booster	/wp-content/uploads/season_images/utility/score_utility_scorebooster.avif						2	9
19	S19_P11_camp_floordecor_enclaveflag		Enclave Flag	0					/wp-content/uploads/season_images/score_s19_camp_floordecor_enclaveflag.avif	It may not be the Red, White, and Blue, but it is equally as patriotic!  - C.A.M.P. ITEMS APPEAR WHILE IN C.A.M.P. MODE. -	SCORE_S19_ENTM_CAMP_FloorDecor_EnclaveFlag				2	9
19	S19_P6_skin_powerarmor_paint_t51_enclaveofficer		Enclave Officer T-51 Power Armor Paint	45	TRUE				/wp-content/uploads/season_images/score_s19_skin_powerarmor_paint_t51_enclaveofficer.avif	Restore America's glory with this Enclave Officer Power Armor Paint.  - SKIN IS CRAFTABLE AT POWER ARMOR STATIONS. -	SCORE_S19_ENTM_Skin_PowerArmor_Paint_T51_EnclaveOfficer				2	9
19	S19_P9_camp_machinery_workbench_cooking_enclavegrill		Enclave Grill Cooking Station	30	TRUE				/wp-content/uploads/season_images/score_s19_camp_machinery_workbench_cooking_enclavegrill.avif	Free the flavors of your favorite ingredients on the Enclave Grill!  - C.A.M.P. ITEMS APPEAR WHILE IN C.A.M.P. MODE. -	SCORE_S19_ENTM_CAMP_Machinery_Workbench_Cooking_EnclaveGrill				2	9
19	S19_P4_apparel_headwear_goldenenclave_eyepatch		Enclave Eyepatch (Gold)	25	TRUE				/wp-content/uploads/season_images/score_s19_apparel_headwear_goldenenclave_eyepatch.avif	The perfect accessory for when you've traded depth perception for knowledge.  - APPAREL IS CRAFTABLE AT ARMOR WORKBENCHES. -	SCORE_S19_ENTM_Apparel_Headwear_GoldenEnclave_Eyepatch				2	9
19	S19_P2_200_atoms		200 Atoms	15	TRUE			atoms	/wp-content/uploads/season_images/utility/score_currency_atoms.avif						2	9
19	S19_P6_skin_powerarmor_paint_excavator_enclaveofficer		Enclave Officer Excavator Power Armor Paint	45					/wp-content/uploads/season_images/score_s19_skin_powerarmor_paint_excavator_enclaveofficer.avif	Restore America's glory with this Enclave Officer Power Armor Paint.  - SKIN IS CRAFTABLE AT POWER ARMOR STATIONS. -	SCORE_S19_ENTM_Skin_PowerArmor_Paint_Excavator_EnclaveOfficer				3	18
19	S19_P14_skin_backpack_minerfilterbackpack		Miner Filter Backpack	35					/wp-content/uploads/season_images/score_s19_skin_backpack_minerfilterbackpack.avif	The proper equipment necessary to survive in the mines.  This skin can be applied to both the Small and Standard Backpack as a mod.   - SKIN IS CRAFTABLE AT ARMOR WORKBENCHES. -	SCORE_S19_ENTM_Skin_Backpack_MinerFilterBackpack				3	18
19	S19_P13_camp_walldecor_taxidermymoleminerhead		Taxidermy Mole Miner Head	25					/wp-content/uploads/season_images/score_s19_camp_walldecor_taxidermymoleminerhead.avif	Show off your hunting spoils with this Taxidermy Mole Miner Head!  - C.A.M.P. ITEMS APPEAR WHILE IN C.A.M.P. MODE. -	SCORE_S19_ENTM_CAMP_WallDecor_TaxidermyMoleMinerHead				3	18
19	S19_P3_200_atoms		200 Atoms	20				atoms	/wp-content/uploads/season_images/utility/score_currency_atoms.avif						3	18
19	S19_P12_camp_floordecor_moleminerjunk		Mole Miner Junk	20					/wp-content/uploads/season_images/score_s19_camp_floordecor_moleminerjunk.avif	A stark reminder of suffering, now in clutter form!  - C.A.M.P. ITEMS APPEAR WHILE IN C.A.M.P. MODE. -	SCORE_S19_ENTM_CAMP_FloorDecor_MoleMinerJunk				3	18
19	S19_P3_playertitles_suffix_delver		"Player Title Suffix: ""Delver"""	20		playerTitleSuffix	Delver	camp_player_title	/wp-content/uploads/storefront/titles-player/score_s19_playertitles_suffix_delver.avif	Player Title Suffix	SCORE_S19_ENTM_PlayerTitles_Suffix_Delver				3	18
19	S19_P9_camp_machinery_powerswitch_plunger		Dynamite Plunger Power Switch	25	TRUE				/wp-content/uploads/season_images/score_s19_camp_machinery_powerswitch_plunger.avif	For when you want to turn on your lights in style!  - C.A.M.P. ITEMS APPEAR WHILE IN C.A.M.P. MODE. -	SCORE_S19_ENTM_CAMP_Machinery_PowerSwitch_Plunger				3	18
19	S19_P13_camp_walldecor_smallindustrialfan		Small Industrial Fan	20	TRUE				/wp-content/uploads/season_images/score_s19_camp_walldecor_smallindustrialfan.avif	Bring the breeze to your C.A.M.P. with the Small Industrial Fan!  - C.A.M.P. ITEMS APPEAR WHILE IN C.A.M.P. MODE. -	SCORE_S19_ENTM_CAMP_WallDecor_SmallIndustrialFan				3	18
19	S19_P2_playericon_playericon7		Player Icon: Auger	15	TRUE	playerIcon	Auger	player_icon	/wp-content/uploads/guide-images/atom-shop/player-icons/atx_playericon_s19_drillaugerpa.avif	No need for introductions, you know the drill.  - UNLOCKS A PLAYER ICON. -	SCORE_S19_ENTM_PlayerIcon_PlayerIcon7				3	18
19	S19_P3_caps_x_5000		Caps x 5000	0	TRUE			caps	/wp-content/uploads/season_images/utility/score_currency_caps.avif						3	18
19	S19_P8_weapons_teslacannon		Tesla Cannon	60					/wp-content/uploads/season_images/score_s19_weapons_teslacannon.avif	Enclave lightning beams are supreme! Proven with the power of the Tesla Cannon!  - ITEM IS CRAFTABLE AT WEAPON WORKBENCHES. -	SCORE_S19_ENTM_Weapons_TeslaCannon				4	28
19	S19_P7_skin_weaponskin_gaussminigun_enclavesigmasquad		Sigma Squad Paint (Gauss Minigun)	30					/wp-content/uploads/season_images/score_s19_skin_weaponskin_gaussminigun_enclavesigmasquad.avif	Show the wasteland what it means to be an elite Enclave soldier!   - SKIN IS CRAFTABLE AT WEAPON WORKBENCHES. -	SCORE_S19_ENTM_Skin_WeaponSkin_GaussMinigun_EnclaveSigmaSquad				4	28
19	S19_P8_weapons_teslacannon_assembly_alternatecurrentmuzzle		Alternate Current Muzzle Mod (Tesla Cannon)	25					/wp-content/uploads/season_images/score_s19_weapons_teslacannon_assembly_alternatecurrentmuzzle.avif	Chain away by adding this Alternate Current Muzzle mod to your Tesla Cannon!  Chains projectiles between nearby enemies.  - ITEM IS CRAFTABLE AT WEAPON WORKBENCHES. REQUIRES THE TESLA CANNON. -	SCORE_S19_ENTM_Weapons_TeslaCannon_Assembly_AlternateCurrentMuzzle				4	28
19	S19_P2_playericon_playericon2		Player Icon: Tesla Cannon	15		playerIcon	Tesla Cannon	player_icon	/wp-content/uploads/guide-images/atom-shop/player-icons/atx_playericon_s19_teslacannon.avif	For when Zeus is taking too long.  - UNLOCKS A PLAYER ICON. -	SCORE_S19_ENTM_PlayerIcon_PlayerIcon2				4	28
19	S19_P4_lunchbox_x_5		Lunchbox x 5	10				lunchbox	/wp-content/uploads/season_images/utility/atx_store_lunchbox001.avif						4	28
19	S19_P6_skin_powerarmor_paint_t60_enclaveofficer		Enclave Officer T-60 Power Armor Paint	45	TRUE				/wp-content/uploads/season_images/score_s19_skin_powerarmor_paint_t60_enclaveofficer.avif	Restore America's glory with this Enclave Officer Power Armor Paint.  - SKIN IS CRAFTABLE AT POWER ARMOR STATIONS. -	SCORE_S19_ENTM_Skin_PowerArmor_Paint_T60_EnclaveOfficer				4	28
19	S19_P14_camp_stashbox_orbitaldropcrate		Orbital Drop Crate Stashbox	30	TRUE				/wp-content/uploads/season_images/score_s19_camp_stashbox_orbitaldropcrate.avif	Look out below!  - C.A.M.P. ITEMS APPEAR WHILE IN C.A.M.P. MODE. -	SCORE_S19_ENTM_CAMP_Stashbox_OrbitalDropCrate				4	28
19	S19_P12_camp_floordecor_radar		Radar	20	TRUE				/wp-content/uploads/season_images/score_s19_camp_floordecor_radar.avif	Sending out a call but can't quite reach who you're looking for? Well now you can by placing this Radar in your C.A.M.P.!  - C.A.M.P. ITEMS APPEAR WHILE IN C.A.M.P. MODE. -	SCORE_S19_ENTM_CAMP_FloorDecor_Radar				4	28
19	S19_P4_200_atoms		200 Atoms	15	TRUE			atoms	/wp-content/uploads/season_images/utility/score_currency_atoms.avif						4	28
19	S19_P1_account_scoreboost_3		10% S.C.O.R.E. Boost	0	TRUE			score_booster	/wp-content/uploads/season_images/utility/score_s24_account_scoreboost_1.avif	Gain another 10% bonus S.C.O.R.E. when you complete challenges for the rest of Season 19!  - UNLOCKS BOOST FOR ALL CHARACTERS ON YOUR ACCOUNT. -  - BONUS IS APPLIED TO BASE CHALLENGE S.C.O.R.E.. -  - DOES NOT APPLY TO PREVIOUSLY COMPLETED CHALLENGES. -	SCORE_S19_ENTM_Account_ScoreBoost_3				4	28
19	S19_P5_skin_powerarmor_paint_hellcat_enclaveofficer		Enclave Officer Hellcat Power Armor Paint	45					/wp-content/uploads/season_images/score_s19_skin_powerarmor_paint_hellcat_enclaveofficer.avif	Restore America's glory with this Enclave Officer Power Armor Paint.  - SKIN IS CRAFTABLE AT POWER ARMOR STATIONS. -	SCORE_S19_ENTM_Skin_PowerArmor_Paint_Hellcat_EnclaveOfficer				5	38
19	S19_P4_apparel_outfit_enclavescientist		Enclave Lab Coat	40					/wp-content/uploads/season_images/score_s19_apparel_outfit_enclavescientist.avif	Delve into mad science and unethical human experimentation with the Enclave Lab Coat. But be wary of unforeseen consequences!  - APPAREL IS CRAFTABLE AT ARMOR WORKBENCHES. -	SCORE_S19_ENTM_Apparel_Outfit_EnclaveScientist				5	38
19	S19_P7_skin_weaponskin_gatlingplasma_enclavesigmasquad		Sigma Squad Paint (Gatling Plasma)	40					/wp-content/uploads/season_images/score_s19_skin_weaponskin_gatlingplasma_enclavesigmasquad.avif	Show the wasteland what it means to be an elite Enclave soldier!  - SKIN IS CRAFTABLE AT WEAPON WORKBENCHES. -	SCORE_S19_ENTM_Skin_WeaponSkin_GatlingPlasma_EnclaveSigmaSquad				5	38
19	S19_P8_weapons_teslacannon_assembly_directcurrentmuzzle		Direct Current Muzzle Mod (Tesla Cannon)	25					/wp-content/uploads/season_images/score_s19_weapons_teslacannon_assembly_directcurrentmuzzle.avif	Temporarily weaken your opponent with each blast by applying this Direct Current Muzzle mod!  - ITEM IS CRAFTABLE AT WEAPON WORKBENCHES. REQUIRES THE TESLA CANNON. -	SCORE_S19_ENTM_Weapons_TeslaCannon_Assembly_DirectCurrentMuzzle				5	38
19	S19_P5_200_atoms		200 Atoms	20				atoms	/wp-content/uploads/season_images/utility/score_currency_atoms.avif						5	38
19	S19_P2_playericon_playericon9		Player Icon: Scientific Forge	15		playerIcon	Scientific Forge	player_icon	/wp-content/uploads/guide-images/atom-shop/player-icons/atx_playericon_s19_bacteriophage.avif	A different type of anvil for a different type of world.  - UNLOCKS A PLAYER ICON. -	SCORE_S19_ENTM_PlayerIcon_PlayerIcon9				5	38
19	S19_P11_camp_floordecor_operatingtable_supermutant		Operating Table - Super Mutant	0					/wp-content/uploads/season_images/score_s19_camp_floordecor_operatingtable_supermutant.avif	A strong table is required to hold such girth.  - C.A.M.P. ITEMS APPEAR WHILE IN C.A.M.P. MODE. -	SCORE_S19_ENTM_CAMP_FloorDecor_OperatingTable_SuperMutant				5	38
19	S19_P5_apparel_headwear_enclavescientistgoggles		Enclave Scientist Goggles	25	TRUE				/wp-content/uploads/season_images/score_s19_apparel_headwear_enclavescientistgoggles.avif	Enhance your scientific vision with these Enclave Scientists Goggles, and see the wasteland like never before!   - APPAREL IS CRAFTABLE AT ARMOR WORKBENCHES. -	SCORE_S19_ENTM_Apparel_Headwear_EnclaveScientistGoggles				5	38
19	S19_P11_camp_floordecor_supermutantjar		Super Mutant Head in a Jar	25	TRUE				/wp-content/uploads/season_images/score_s19_camp_floordecor_supermutantjar.avif	Not looking so super now.  - C.A.M.P. ITEMS APPEAR WHILE IN C.A.M.P. MODE. -	SCORE_S19_ENTM_CAMP_FloorDecor_SuperMutantJar				5	38
19	S19_P12_camp_floordecor_beakers		Collection of Beakers	15	TRUE				/wp-content/uploads/season_images/score_s19_camp_floordecor_beakers.avif	Show off your scientific flare with this Collection of Beakers.  - C.A.M.P. ITEMS APPEAR WHILE IN C.A.M.P. MODE. -	SCORE_S19_ENTM_CAMP_FloorDecor_Beakers				5	38
19	S19_P5_skin_powerarmor_paint_x01_enclaveofficer		Enclave Officer X-01 Power Armor Paint	45					/wp-content/uploads/season_images/score_s19_skin_powerarmor_paint_x01_enclaveofficer.avif	Restore America's glory with this Enclave Officer Power Armor Paint.  - SKIN IS CRAFTABLE AT POWER ARMOR STATIONS. -	SCORE_S19_ENTM_Skin_PowerArmor_Paint_X01_EnclaveOfficer				6	47
19	S19_P11_camp_floordecor_plushie_mrfuzzyscientist		Scientist Mr. Fuzzy Plushie	35					/wp-content/uploads/season_images/score_s19_camp_floordecor_plushie_mrfuzzyscientist.avif	Science Rules! But first you need to understand the science rules. - Mr. Fuzzy, noted scientist.  - C.A.M.P. ITEMS APPEAR WHILE IN C.A.M.P. MODE. -	SCORE_S19_ENTM_CAMP_FloorDecor_Plushie_MrFuzzyScientist				6	47
19	S19_P8_weapons_teslacannon_barrel_mods		Tesla Cannon Barrel Mods	30					/wp-content/uploads/season_images/score_s19_weapons_teslacannon_barrel_mods.avif	Customize your Tesla Cannon the way you want with these Tesla Cannon Barrels!  - ITEM IS CRAFTABLE AT WEAPON WORKBENCHES. REQUIRES THE TESLA CANNON. -	SCORE_S19_ENTM_Weapons_TeslaCannon_Barrel_Mods				6	47
19	S19_P3_playertitles_prefix_mad		"Player Title Prefix: ""Mad"""	20		playerTitlePrefix	Mad	camp_player_title	/wp-content/uploads/storefront/titles-player/score_s19_playertitles_prefix_mad.avif	Player Title Prefix	SCORE_S19_ENTM_PlayerTitles_Prefix_Mad				6	47
19	S19_P10_camp_utility_plasmacorerecharger_enclave		Plasma Core Recharger	60	TRUE				/wp-content/uploads/season_images/score_s19_camp_utility_plasmacorerecharger_enclave.avif	Revive your depleted plasma cores with the Plasma Core Recharger!  This item cannot be built inside of a Shelter.  - C.A.M.P. ITEMS APPEAR WHILE IN C.A.M.P. MODE. -	SCORE_S19_ENTM_CAMP_Utility_PlasmaCoreRecharger_Enclave				6	47
19	S19_P6_re_roller_x_5		Re-Roller x 5	20	TRUE			re_roller	/wp-content/uploads/season_images/utility/score_utility_reroller.avif						6	47
19	S19_P3_playericon_playericon6		Player Icon: Ultracite Terror	15	TRUE	playerIcon	Ultracite Terror	player_icon	/wp-content/uploads/guide-images/atom-shop/player-icons/atx_playericon_s19_scorchtongue.avif	A sssinissster sssserpent.  - UNLOCKS A PLAYER ICON. -	SCORE_S19_ENTM_PlayerIcon_PlayerIcon6				6	47
19	S19_P6_200_atoms		200 Atoms	0	TRUE			atoms	/wp-content/uploads/season_images/utility/score_currency_atoms.avif						6	47
19	S19_P10_camp_collector_enclavewatercooler		Enclave Water Cooler	50					/wp-content/uploads/season_images/score_s19_camp_collector_enclavewatercooler.avif	Fuel your thirst to purify the wasteland with this Enclave Water Cooler!  Generates Purified Water.  This item cannot be built inside of a Shelter.  - C.A.M.P. ITEMS APPEAR WHILE IN C.A.M.P. MODE. -	SCORE_S19_ENTM_CAMP_Collector_EnclaveWaterCooler				7	58
19	S19_P6_skin_powerarmor_paint_t65_enclaveofficer		Enclave Officer T-65 Power Armor Paint	45					/wp-content/uploads/season_images/score_s19_skin_powerarmor_paint_t65_enclaveofficer.avif	Restore America's glory with this Enclave Officer Power Armor Paint.  - SKIN IS CRAFTABLE AT POWER ARMOR STATIONS. -	SCORE_S19_ENTM_Skin_PowerArmor_Paint_T65_EnclaveOfficer				7	58
19	S19_P15_camp_display_weaponrack_enclaveoval		Oval Enclave Weapon Rack	40					/wp-content/uploads/season_images/score_s19_camp_display_weaponrack_enclaveoval.avif	Show your patriotism with pride with this Oval Enclave Weapon Rack!  - C.A.M.P. ITEMS APPEAR WHILE IN C.A.M.P. MODE. -	SCORE_S19_ENTM_CAMP_Display_WeaponRack_EnclaveOval				7	58
19	S19_P8_weapons_teslacannon_magazine_mods		Tesla Cannon Magazine Mods	30					/wp-content/uploads/season_images/score_s19_weapons_teslacannon_magazine_mods.avif	Not enough lasers? Add some more to your mag with these Tesla Cannon Magazine mods!  - ITEM IS CRAFTABLE AT WEAPON WORKBENCHES. REQUIRES TESLA CANNON. -	SCORE_S19_ENTM_Weapons_TeslaCannon_Magazine_Mods				7	58
19	S19_P13_camp_walldecor_vaultboycalendar		Vault-Boy Calendar	15					/wp-content/uploads/season_images/score_s19_camp_walldecor_vaultboycalendar.avif	The perfect piece for when your days are numbered.  - C.A.M.P. ITEMS APPEAR WHILE IN C.A.M.P. MODE. -	SCORE_S19_ENTM_CAMP_WallDecor_VaultBoyCalendar				7	58
19	S19_P2_playericon_playericon3		Player Icon: Sugar Skull	0		playerIcon	Sugar Skull	player_icon	/wp-content/uploads/guide-images/atom-shop/player-icons/atx_playericon_s19_sugarskull.avif	No bones about it, this is pretty sweet.  - UNLOCKS A PLAYER ICON. -	SCORE_S19_ENTM_PlayerIcon_PlayerIcon3				7	58
19	S19_P7_fatman_crate_ammo_storage_box		Fatman Crate Ammo Storage Box	40	TRUE				/wp-content/uploads/season_images/score_s19_f1_camp_ammostoragebox_fatmancrate.avif	Store your precious explosives and more within this Fatman Crate Ammo Storage Box!  Included with membership in Fallout 1st. You must be an active Member to deposit ammo into the Ammo Storage Box.  - C.A.M.P. ITEMS APPEAR WHILE IN C.A.M.P. MODE. -	SCORE_S19_F1_ENTM_CAMP_AmmoStorageBox_FatmanCrate				7	58
19	S19_P11_camp_floordecor_deathclawjar		Deathclaw Hand in a Jar	25	TRUE				/wp-content/uploads/season_images/score_s19_camp_floordecor_deathclawjar.avif	For when your experiments need a hand. A big, deadly hand.  - C.A.M.P. ITEMS APPEAR WHILE IN C.A.M.P. MODE. -	SCORE_S19_ENTM_CAMP_FloorDecor_DeathclawJar				7	58
19	S19_P7_200_atoms		200 Atoms	20	TRUE			atoms	/wp-content/uploads/season_images/utility/score_currency_atoms.avif						7	58
19	S19_P12_camp_floordecor_boxofpapers		Boxes of Paper	10	TRUE				/wp-content/uploads/season_images/score_s19_camp_floordecor_boxofpapers.avif	Organization is an important part of any reclamation project.  - C.A.M.P. ITEMS APPEAR WHILE IN C.A.M.P. MODE. -	SCORE_S19_ENTM_CAMP_FloorDecor_BoxofPapers				7	58
19	S19_P10_camp_door_secret_lab		Lab Secret Door	50					/wp-content/uploads/season_images/score_s19_camp_door_secret_lab.avif	Keep your experiments hidden behind this Lab Secret Door!  - C.A.M.P. ITEMS APPEAR WHILE IN C.A.M.P. MODE. -	SCORE_S19_ENTM_CAMP_Door_Secret_Lab				8	70
19	S19_P5_skin_powerarmor_paint_union_enclaveofficer		Enclave Officer Union Power Armor Paint	45					/wp-content/uploads/season_images/score_s19_skin_powerarmor_paint_union_enclaveofficer.avif	Restore America's glory with this Enclave Officer Power Armor Paint.  - SKIN IS CRAFTABLE AT POWER ARMOR STATIONS. -	SCORE_S19_ENTM_Skin_PowerArmor_Paint_Union_EnclaveOfficer				8	70
19	S19_P11_camp_floordecor_operatingtable_trog		Operating Table - Trog	35					/wp-content/uploads/season_images/score_s19_camp_floordecor_operatingtable_trog.avif	A step up from frog dissection.  - C.A.M.P. ITEMS APPEAR WHILE IN C.A.M.P. MODE. -	SCORE_S19_ENTM_CAMP_FloorDecor_OperatingTable_Trog				8	70
19	S19_P11_camp_floordecor_glowingonejar		Glowing One Head in a Jar	30					/wp-content/uploads/season_images/score_s19_camp_floordecor_glowingonejar.avif	For when you want natural lighting.  - C.A.M.P. ITEMS APPEAR WHILE IN C.A.M.P. MODE. -	SCORE_S19_ENTM_CAMP_FloorDecor_GlowingOneJar				8	70
19	S19_P3_playertitles_suffix_scientist		"Player Title Suffix: ""Scientist"""	20		playerTitleSuffix	Scientist	camp_player_title	/wp-content/uploads/storefront/titles-player/score_s19_playertitles_suffix_scientist.avif	Player Title Suffix	SCORE_S19_ENTM_PlayerTitles_Suffix_Scientist				8	70
19	S19_P2_playericon_playericon8		Player Icon: DNA Scientist	15		playerIcon	DNA Scientist	player_icon	/wp-content/uploads/guide-images/atom-shop/player-icons/atx_playericon_s19_dnalaurel.avif	Going around and around to understand the helix.  - UNLOCKS A PLAYER ICON. -	SCORE_S19_ENTM_PlayerIcon_PlayerIcon8				8	70
19	S19_P10_camp_utility_weatherstation_nukezone		Weather Control Station (Nuke Zone)	60	TRUE				/wp-content/uploads/season_images/score_s19_camp_utility_weatherstation_nukezone.avif	Boom.  Weather Control Station will change weather in the C.A.M.P. radius when connected to power.  - C.A.M.P. ITEMS APPEAR WHILE IN C.A.M.P. MODE. -	SCORE_S19_ENTM_CAMP_Utility_WeatherStation_NukeZone				8	70
19	S19_P14_skin_armorskin_hazmat_enclave		Enclave Hazmat Paint	30	TRUE				/wp-content/uploads/season_images/score_s19_skin_armorskin_hazmat_enclave.avif	Survive the dangers of the lab with the Enclave Hazmat Paint!  - SKIN IS CRAFTABLE AT ARMOR WORKBENCHES. -	SCORE_S19_ENTM_Skin_ArmorSkin_Hazmat_Enclave				8	70
19	S19_P8_200_atoms		200 Atoms	15	TRUE			atoms	/wp-content/uploads/season_images/utility/score_currency_atoms.avif						8	70
19	S19_P1_account_scoreboost_2		10% S.C.O.R.E. Boost	0	TRUE			score_booster	/wp-content/uploads/season_images/utility/score_s24_account_scoreboost_1.avif	Gain another 10% bonus S.C.O.R.E. when you complete challenges for the rest of Season 19!  - UNLOCKS BOOST FOR ALL CHARACTERS ON YOUR ACCOUNT. -  - BONUS IS APPLIED TO BASE CHALLENGE S.C.O.R.E.. -  - DOES NOT APPLY TO PREVIOUSLY COMPLETED CHALLENGES. -	SCORE_S19_ENTM_Account_ScoreBoost_2				8	70
19	S19_P14_camp_camppets_cat_blackcat		Bombay Cat	50					/wp-content/uploads/season_images/score_s19_camp_camppets_cat_blackcat.avif	Being superstitious does not detract from how cute this Bombay Cat truly is!  - C.A.M.P. PETS  APPEAR ONCE THEIR FURNITURE IS PLACED IN C.A.M.P. MODE. -	SCORE_S19_ENTM_CAMP_CAMPPets_Cat_BlackCat				9	81
19	S19_P14_camp_camppets_dog_whitegermanshepherd		White Shepherd	50					/wp-content/uploads/season_images/score_s19_camp_camppets_dog_whitegermanshepherd.avif	Have yourself a brilliant time with this White Shepherd!   Generates 1, 2, or 3 Star Legendary Items  - C.A.M.P. PETS  APPEAR ONCE THEIR FURNITURE IS PLACED IN C.A.M.P. MODE. -	SCORE_S19_ENTM_CAMP_CAMPPets_Dog_WhiteGermanShepherd				9	81
19	S19_P5_skin_powerarmor_paint_ultracite_enclaveofficer		Enclave Officer Ultracite Power Armor Paint	45					/wp-content/uploads/season_images/score_s19_skin_powerarmor_paint_ultracite_enclaveofficer.avif	Restore America's glory with this Enclave Officer Power Armor Paint.  - SKIN IS CRAFTABLE AT POWER ARMOR STATIONS. -	SCORE_S19_ENTM_Skin_PowerArmor_Paint_Ultracite_EnclaveOfficer				9	81
19	S19_P8_weapons_teslacannon_sights_mods		Tesla Cannon Sight Mods	25					/wp-content/uploads/season_images/score_s19_weapons_teslacannon_sights_mods.avif	Set yourself up for the perfect shot with these Tesla Cannon Sights!  - ITEM IS CRAFTABLE AT WEAPON WORKBENCHES. REQUIRES TESLA CANNON. -	SCORE_S19_ENTM_Weapons_TeslaCannon_Sights_Mods				9	81
19	S19_P9_200_atoms		200 Atoms	20				atoms	/wp-content/uploads/season_images/utility/score_currency_atoms.avif						9	81
19	S19_P3_playertitles_suffix_experimenter		"Player Title Suffix: ""Experimenter"""	20		playerTitleSuffix	Experimenter	camp_player_title	/wp-content/uploads/storefront/titles-player/score_s19_playertitles_suffix_experimenter.avif	Player Title Suffix	SCORE_S19_ENTM_PlayerTitles_Suffix_Experimenter				9	81
19	S19_P14_camp_vendor_playervendingmachine_modusterminal		M.O.D.U.S. Terminal Vending Machine	45	TRUE				/wp-content/uploads/season_images/score_s19_camp_vendor_playervendingmachine_modusterminal.avif	Welcome, member, to our little vendor.  - C.A.M.P. ITEMS APPEAR WHILE IN C.A.M.P. MODE. -	SCORE_S19_ENTM_CAMP_Vendor_PlayerVendingMachine_MODUSTerminal				9	81
19	S19_P3_playericon_playericon10		Player Icon: Enclave Logo	10	TRUE	playerIcon	Enclave Logo	player_icon	/wp-content/uploads/guide-images/atom-shop/player-icons/atx_playericon_factionenclave01.avif	For the preservation of what's right. For the preservation of America!  - UNLOCKS A PLAYER ICON. -	SCORE_S19_ENTM_PlayerIcon_PlayerIcon10				9	81
19	S19_P9_stamps_x_10		Stamps x 10	10	TRUE			stamps	/wp-content/uploads/season_images/utility/score_currency_stamps.avif						9	81
19	S19_P4_apparel_headwear_goldenskullmask		Golden Skull Mask	0	TRUE				/wp-content/uploads/season_images/score_s19_apparel_headwear_goldenskullmask.avif	Luxuriously spread terror and death with the Golden Skull Mask!  - APPAREL IS CRAFTABLE AT ARMOR WORKBENCHES. -	SCORE_S19_ENTM_Apparel_Headwear_GoldenSkullMask				9	81
19	S19_P5_skin_powerarmor_model_enclavehellfire		Enclave Hellfire Power Armor Paint	60					/wp-content/uploads/season_images/score_s19_skin_powerarmor_model_enclavehellfire.avif	Be a true guardian of America's legacy with this Enclave Hellfire Power Armor Paint!  This is a unique skin that completely alters the appearance of your Power Armor. It can be equipped on all main Power Armors.  - SKIN IS CRAFTABLE AT POWER ARMOR STATIONS. -	SCORE_S19_ENTM_Skin_PowerArmor_Model_EnclaveHellfire				10	91
19	S19_P7_skin_weaponskin_gaussshotgun_enclavesigmasquad		Sigma Squad Paint (Gauss Shotgun)	40					/wp-content/uploads/season_images/score_s19_skin_weaponskin_gaussshotgun_enclavesigmasquad.avif	Show the wasteland what it means to be an elite Enclave soldier!  - SKIN IS CRAFTABLE AT WEAPON WORKBENCHES. -	SCORE_S19_ENTM_Skin_WeaponSkin_GaussShotgun_EnclaveSigmaSquad				10	91
19	S19_P12_camp_floordecor_stein_sciencestein		Scientific Beaker Stein	25					/wp-content/uploads/season_images/score_s19_camp_floordecor_stein_sciencestein.avif	Go ahead, take a sip. Nothing bad will happen... probably.  - C.A.M.P. ITEMS APPEAR WHILE IN C.A.M.P. MODE. -	SCORE_S19_ENTM_CAMP_FloorDecor_Stein_ScienceStein				10	91
19	S19_P15_photomode_frame_eyesonyou		Eyes On You Frame	15					/wp-content/uploads/season_images/score_s19_photomode_frame_eyesonyou.avif	Turn heads with the Eyes On You Photo Frame, where all eyes are sure to be on you!  - UNLOCKS A PHOTOMODE FRAME. -	SCORE_S19_ENTM_Photomode_Frame_EyesOnYou				10	91
19	S19_P2_playericon_playericon5		Player Icon: Enclave Hellfire	10		playerIcon	Enclave Hellfire	player_icon	/wp-content/uploads/guide-images/atom-shop/player-icons/atx_playericon_s19_enclavehellfirepa.avif	Specially forged for battle.  - UNLOCKS A PLAYER ICON. -	SCORE_S19_ENTM_PlayerIcon_PlayerIcon5				10	91
19	S19_P13_camp_walldecor_endofseasonart		Framed Scientific Forge Wall Art	0					/wp-content/uploads/season_images/score_s19_camp_walldecor_endofseasonart.avif	"Innovation and beauty collide with the ""Scientific Forge"" commemorative wall art!  - C.A.M.P. ITEMS APPEAR WHILE IN C.A.M.P. MODE. -"	SCORE_S19_ENTM_CAMP_WallDecor_EndofSeasonArt				10	91
19	S19_P15_camp_display_weaponrack_enclaverectangular		Rectangular Enclave Weapon Rack	35	TRUE				/wp-content/uploads/season_images/score_s19_camp_display_weaponrack_enclaverectangular.avif	Show your patriotism with pride with this Rectangular Enclave Weapon Rack!  - C.A.M.P. ITEMS APPEAR WHILE IN C.A.M.P. MODE. -	SCORE_S19_ENTM_CAMP_Display_WeaponRack_EnclaveRectangular				10	91
19	S19_P7_skin_weaponskin_teslacannon_enclavesigmasquad		Sigma Squad Paint (Tesla Cannon)	30	TRUE				/wp-content/uploads/season_images/score_s19_skin_weaponskin_teslacannon_enclavesigmasquad.avif	Show the wasteland what it means to be an elite Enclave soldier!  - SKIN IS CRAFTABLE AT WEAPON WORKBENCHES. -	SCORE_S19_ENTM_Skin_WeaponSkin_TeslaCannon_EnclaveSigmaSquad				10	91
19	S19_P4_playertitles_prefix_hellfire		"Player Title Prefix: ""Hellfire"""	20	TRUE	playerTitlePrefix	Hellfire	camp_player_title	/wp-content/uploads/storefront/titles-player/score_s19_playertitles_prefix_hellfire.avif	Player Title Prefix	SCORE_S19_ENTM_PlayerTitles_Prefix_Hellfire				10	91
19	S19_P10_200_atoms		200 Atoms	15	TRUE			atoms	/wp-content/uploads/season_images/utility/score_currency_atoms.avif						10	91
19	S19_P5_skin_powerarmor_model_auger		Auger Power Armor Paint	200					/wp-content/uploads/season_images/score_s19_skin_powerarmor_model_auger.avif	You know the drill, it's the Auger Power Armor Paint!  This is a unique skin that completely alters the appearance of your Power Armor. It can be equipped on all main Power Armors.  - SKIN IS CRAFTABLE AT POWER ARMOR STATIONS. -	SCORE_S19_ENTM_Skin_PowerArmor_Model_Auger				B1	100
19	S19_P9_camp_machinery_resource_extractor_enclave		Enclave Extractor	150					/wp-content/uploads/season_images/score_s19_camp_machinery_resource_extractor_enclave.avif	Mine the world for the strength of the Enclave.  - Collects resources at designated Mineral Spots. Includes Acid, Aluminum, Coal, Concrete, Copper, Crystal, Fertilizer, Gold, Junk, Lead, Nuclear Material, Oil, Silver, Steel, and Titanium Spots -   - C.A.M.P. ITEMS APPEAR WHILE IN C.A.M.P. MODE. -	SCORE_S19_ENTM_CAMP_Machinery_Resource_Extractor_Enclave				B1	100
19	S19_P9_camp_machinery_workbench_armor_enclave		Enclave Armor Workbench	140					/wp-content/uploads/season_images/score_s19_camp_machinery_workbench_armor_enclave.avif	Defend America by defending yourself with help from the Enclave Armor Workbench.  - C.A.M.P. ITEMS APPEAR WHILE IN C.A.M.P. MODE. -	SCORE_S19_ENTM_CAMP_Machinery_Workbench_Armor_Enclave				B1	100
19	S19_P7_skin_weaponskin_cremator_enclavesigmasquad		Sigma Squad Paint (Cremator)	130					/wp-content/uploads/season_images/score_s19_skin_weaponskin_cremator_enclavesigmasquad.avif	Show the wasteland what it means to be an elite Enclave soldier!  - SKIN IS CRAFTABLE AT WEAPON WORKBENCHES.	SCORE_S19_ENTM_Skin_WeaponSkin_Cremator_EnclaveSigmaSquad				B1	100
19	S19_P8_weapons_teslacannon_receiver_mods		Tesla Cannon Receiver Mods	130					/wp-content/uploads/season_images/score_s19_weapons_teslacannon_receiver_mods.avif	Customize your Tesla Cannon the way you want with these Tesla Cannon Receivers!  - ITEM IS CRAFTABLE AT WEAPON WORKBENCHES. REQUIRES THE TESLA CANNON. -	SCORE_S19_ENTM_Weapons_TeslaCannon_Receiver_Mods				B1	100
19	S19_P4_apparel_outfit_enclavescientist_bloody		Enclave Lab Coat (Bloody)	120					/wp-content/uploads/season_images/score_s19_apparel_outfit_enclavescientist_bloody.avif	Get your hands dirty for knowledge, and for the Enclave.  - APPAREL IS CRAFTABLE AT ARMOR WORKBENCHES. -	SCORE_S19_ENTM_Apparel_Outfit_EnclaveScientist_Bloody				B1	100
19	S19_P15_camp_camppets_idlefurniture_catcutsscratchingpost		Catctus Scratching Post	100					/wp-content/uploads/season_images/score_s19_camp_camppets_idlefurniture_catcutsscratchingpost.avif	Have your feline pal test their claws against a notoriously prickly plant.  - C.A.M.P. ITEMS APPEAR WHILE IN C.A.M.P. MODE. -	SCORE_S19_ENTM_CAMP_CAMPPets_IdleFurniture_CatcutsScratchingPost				B1	100
19	S19_P14_camp_camppets_idlefurniture_dogleafpile		Dog Leaf Pile	100					/wp-content/uploads/season_images/score_s19_camp_camppets_idlefurniture_dogleafpile.avif	Man's best friend meets nature's pillow for children.  - C.A.M.P. ITEMS APPEAR WHILE IN C.A.M.P. MODE. -	SCORE_S19_ENTM_CAMP_CAMPPets_IdleFurniture_DogLeafPile				B1	100
19	S19_P12_camp_floordecor_enclaveflag_white		White Enclave Flag	100					/wp-content/uploads/season_images/score_s19_camp_floordecor_enclaveflag_white.avif	It may not be the Red, White, and Blue, but it is equally as patriotic!  - C.A.M.P. ITEMS APPEAR WHILE IN C.A.M.P. MODE. -	SCORE_S19_ENTM_CAMP_FloorDecor_EnclaveFlag_White				B1	100
19	S19_P3_playertitles_suffix_scienceofficer		"Player Title Suffix: ""Science Officer"""	80		playerTitleSuffix	Science Officer	camp_player_title	/wp-content/uploads/storefront/titles-player/score_s19_playertitles_suffix_scienceofficer.avif	Player Title Suffix	SCORE_S19_ENTM_PlayerTitles_Suffix_ScienceOfficer				B1	100
19	S19_B2_100_atoms		100 Atoms	250				atoms	/wp-content/uploads/season_images/utility/score_currency_atoms.avif						B2	150
19	S19_B2_basic_repair_kit_x_5		Basic Repair Kit x 5	75				repair_kit	/wp-content/uploads/season_images/utility/atx_utility_repairkit_basic.avif						B2	150
19	S19_B2_carry_weight_booster_x_5		Carry Weight Booster x 5	75				carry_weight_booster	/wp-content/uploads/season_images/utility/score_utility_carryweight.avif						B2	150
19	S19_B2_gold_bullion_x_100		Gold Bullion x 100	75				gold_bullion	/wp-content/uploads/season_images/utility/score_currency_bullion.avif						B2	150
19	S19_B2_legendary_module_x_10		Legendary Module x 10	75				legendary_module	/wp-content/uploads/season_images/utility/score_game_legendarymodule.avif						B2	150
19	S19_B2_legendary_scrip_x_100		Legendary Scrip x 100	75				legendary_scrip	/wp-content/uploads/season_images/utility/score_currency_scrip.avif						B2	150
19	S19_B2_lunchbox_x_5		Lunchbox x 5	75				lunchbox	/wp-content/uploads/season_images/utility/atx_store_lunchbox001.avif						B2	150
19	S19_B2_mystery_bobblehead_x_3		Mystery Bobblehead x 3	75				mystery_bobblehead	/wp-content/uploads/season_images/utility/score_utility_mysterybobblehead.avif						B2	150
19	S19_B2_perk_coin_x_25		Perk Coin x 25	75				perk_coins	/wp-content/uploads/season_images/utility/score_currency_perkcoin.avif						B2	150
19	S19_B2_scout_s_banner_x_5		Scout's Banner x 5	75				scouts_banner	/wp-content/uploads/season_images/utility/score_coen_utility_banner.avif						B2	150
19	S19_P14_camp_misc_cryotube_deathclaw		Deathclaw Cryo Tube	0					/wp-content/uploads/season_images/score_s19_camp_misc_cryotube_deathclaw.webp	- C.A.M.P. ITEMS APPEAR WHILE IN C.A.M.P. MODE. -	zzzSCORE_S19_ENTM_CAMP_Misc_CryoTube_Deathclaw					
20	S20_P5_apparel_headwear_glowingghoulmask		Glowing Ghoul Mask	50					/wp-content/uploads/season_images/score_s20_apparel_headwear_glowingghoulmask.avif	A non-traditional way to get a glowing complexion.  - APPAREL IS CRAFTABLE AT ARMOR WORKBENCHES. -	SCORE_S20_ENTM_Apparel_Headwear_GlowingGhoulMask				1	0
20	S20_P6_skin_weaponskin_westernrevolver_irradiated		Irradiated Paint (Western Revolver)	35					/wp-content/uploads/season_images/score_s20_skin_weaponskin_westernrevolver_irradiated.avif	A little radiation never killed anyone. Unfortunately for your foes, this isn't a little.  - SKIN IS CRAFTABLE AT WEAPON WORKBENCHES. -	SCORE_S20_ENTM_Skin_WeaponSkin_WesternRevolver_Irradiated				1	0
20	S20_P10_camp_walldecor_ghoulsign		Ghoul Signs	30					/wp-content/uploads/season_images/score_s20_camp_walldecor_ghoulsign.avif	Be proud of the new you when you show off these Ghoul Signs!  - C.A.M.P. ITEMS APPEAR WHILE IN C.A.M.P. MODE. -	SCORE_S20_ENTM_CAMP_WallDecor_GhoulSign				1	0
20	S20_P1_lunchbox_x_5		Lunchbox x 5	15				lunchbox	/wp-content/uploads/season_images/utility/atx_store_lunchbox001.avif						1	0
20	S20_P13_skin_armorskin_robot_radium		Radium Armor Paint (Robot)	40	TRUE				/wp-content/uploads/season_images/score_s20_skin_armorskin_robot_radium.avif	Glowing paint may not work for camouflage, but there's something to be said for intimidation.  - SKIN IS CRAFTABLE AT ARMOR WORKBENCHES. -	SCORE_S20_ENTM_Skin_ArmorSkin_Robot_Radium				1	0
20	S20_P1_200_atoms		200 Atoms	15	TRUE			atoms	/wp-content/uploads/season_images/utility/score_currency_atoms.avif						1	0
20	S20_P2_playericon_actionghoul_girl		Player Icon: Action Ghoul Girl	15	TRUE	playerIcon	Action Ghoul Girl	player_icon	/wp-content/uploads/guide-images/atom-shop/player-icons/atx_playericon_s20_actionghoulgirl.avif	A radical effect of radiation.  - UNLOCKS A PLAYER ICON. -	SCORE_S20_ENTM_PlayerIcon_ActionGhoul_Girl				1	0
20	S20_P1_account_scoreboost_1		5% S.C.O.R.E. Boost	0	TRUE			score_booster	/wp-content/uploads/season_images/utility/score_s24_account_scoreboost_1.avif	Gain 5% bonus S.C.O.R.E. when you complete challenges for the rest of Season 20!  - UNLOCKS BOOST FOR ALL CHARACTERS ON YOUR ACCOUNT. -  - BONUS IS APPLIED TO BASE CHALLENGE S.C.O.R.E. -  - DOES NOT APPLY TO PREVIOUSLY COMPLETED CHALLENGES. -	SCORE_S20_ENTM_Account_ScoreBoost_1				1	0
20	S20_P11_camp_walldecor_poster_ghoul_01		"Glow of the Ghoul ""Resurrection"" Poster"	35					/wp-content/uploads/season_images/score_s20_camp_walldecor_poster_ghoul_01.avif	Use this Glow of the Ghoul Poster as a reminder that the light is not always to be trusted!  - C.A.M.P. ITEMS APPEAR WHILE IN C.A.M.P. MODE. -	SCORE_S20_ENTM_CAMP_WallDecor_Poster_Ghoul_01				2	7
20	S20_P13_camp_floordecor_statue_miniature_ghoul_vaultboy		Miniature Ghoul Vault Boy Statue	30					/wp-content/uploads/season_images/score_s20_camp_floordecor_statue_miniature_ghoul_vaultboy.avif	A tiny stature for such a fierce depiction, on display with this Miniature Ghoul Vault Boy Statue!  - C.A.M.P. ITEMS APPEAR WHILE IN C.A.M.P. MODE. -	SCORE_S20_ENTM_CAMP_Floordecor_Statue_Miniature_Ghoul_VaultBoy				2	7
20	S20_P2_200_atoms		200 Atoms	25				atoms	/wp-content/uploads/season_images/utility/score_currency_atoms.avif						2	7
20	S20_P2_playericon_actionghoul_boy		Player Icon: Action Ghoul Boy	20		playerIcon	Action Ghoul Boy	player_icon	/wp-content/uploads/guide-images/atom-shop/player-icons/atx_playericon_s20_actionghoulboy.avif	A radical effect of radiation.  - UNLOCKS A PLAYER ICON. -	SCORE_S20_ENTM_PlayerIcon_ActionGhoul_Boy				2	7
20	S20_P12_photomode_frame_actionghouls		Action Ghouls Photomode Frame	0					/wp-content/uploads/season_images/score_s20_photomode_frame_actionghouls.avif	Save the day and show off your dashing good looks with this Action Ghouls photo frame!   - UNLOCKS A PHOTOMODE FRAME. -	SCORE_S20_ENTM_Photomode_Frame_ActionGhouls				2	7
20	S20_P5_apparel_headwear_noseyglasses		Nosey Glasses	45	TRUE				/wp-content/uploads/season_images/score_s20_apparel_headwear_noseyglasses.avif	Now you can pick your nose just like you pick your friends, with these novelty Nosey Glasses!  - APPAREL IS CRAFTABLE AT ARMOR WORKBENCHES. -	SCORE_S20_ENTM_Apparel_Headwear_NoseyGlasses				2	7
20	S20_P4_playertitles_prefix_abominable		"Player Title Prefix: ""Abominable"""	20	TRUE	playerTitlePrefix	Abominable	camp_player_title	/wp-content/uploads/storefront/titles-player/score_s20_playertitles_prefix_abominable.avif	Player Title Prefix	SCORE_S20_ENTM_PlayerTitles_Prefix_Abominable				2	7
20	S20_P12_camp_decoration_gootub		Goo-Tub	50					/wp-content/uploads/season_images/score_s20_camp_decoration_gootub.avif	Think of this Goo-Tub as a mud bath. A glowing green mud bath. It's probably safe.  - C.A.M.P. ITEMS APPEAR WHILE IN C.A.M.P. MODE. -	SCORE_S20_ENTM_CAMP_Decoration_GooTub				3	15
20	S20_P13_skin_armorskin_scout_radium		Radium Scout Armor Paint	45					/wp-content/uploads/season_images/score_s20_skin_armorskin_scout_radium.avif	Glowing paint may not work for camouflage, but there's something to be said for intimidation.  - SKIN IS CRAFTABLE AT ARMOR WORKBENCHES. -	SCORE_S20_ENTM_Skin_ArmorSkin_Scout_Radium				3	15
20	S20_P12_photomode_frame_toxicembrace		Toxic Embrace Photomode Frame	15					/wp-content/uploads/season_images/score_s20_photomode_frame_toxicembrace.avif	Seize your inner toxicity with the new Toxic Embrace Frame!  - UNLOCKS A PHOTOMODE FRAME. -	SCORE_S20_ENTM_Photomode_Frame_ToxicEmbrace				3	15
20	S20_P3_s_c_o_r_e_booster_x_3		S.C.O.R.E. Booster x 3	10				score_booster	/wp-content/uploads/season_images/utility/score_utility_scorebooster.avif						3	15
20	S20_P10_camp_walldecor_bathroomhook		Bathroom Hook	0					/wp-content/uploads/season_images/score_s20_camp_walldecor_bathroomhook.avif	The towel is most certainly not clean but at least it's serviceable!  - C.A.M.P. ITEMS APPEAR WHILE IN C.A.M.P. MODE. -	SCORE_S20_ENTM_CAMP_WallDecor_BathroomHook				3	15
20	S20_P9_camp_floordecor_chem_clutter		Stack of Chems Set	25	TRUE				/wp-content/uploads/season_images/score_s20_camp_floordecor_chem_clutter.avif	Winners don't do chems! They display them in stacks around their C.A.M.P.!  - C.A.M.P. ITEMS APPEAR WHILE IN C.A.M.P. MODE. -	SCORE_S20_ENTM_CAMP_FloorDecor_Chem_Clutter				3	15
20	S20_P4_playertitles_prefix_ghoulish		"Player Title Prefix: ""Ghoulish"""	20	TRUE	playerTitlePrefix	Ghoulish	camp_player_title	/wp-content/uploads/storefront/titles-player/score_s20_playertitles_prefix_ghoulish.avif	Player Title Prefix	SCORE_S20_ENTM_PlayerTitles_Prefix_Ghoulish				3	15
20	S20_P3_200_atoms		200 Atoms	15	TRUE			atoms	/wp-content/uploads/season_images/utility/score_currency_atoms.avif						3	15
20	S20_P3_playericon_bombscientist		Player Icon: Bomb Scientist	10	TRUE	playerIcon	Bomb Scientist	player_icon	/wp-content/uploads/guide-images/atom-shop/player-icons/atx_playericon_s20_bombscientist.avif	This is what happens when you stop worrying and start loving.  - UNLOCKS A PLAYER ICON. -	SCORE_S20_ENTM_PlayerIcon_BombScientist				3	15
20	S20_P3_stamps_x_10		Stamps x 10	10	TRUE			stamps	/wp-content/uploads/season_images/utility/score_currency_stamps.avif						3	15
20	S20_P7_camp_utility_slimecake		Slime Cake	55					/wp-content/uploads/season_images/score_s20_camp_utility_slimecake.avif	Whatever that is, it ain't frosting...  - Collects a Slice of Slime Cake over time -  This item cannot be built inside of a Shelter.  - C.A.M.P. ITEMS APPEAR WHILE IN C.A.M.P. MODE. -	SCORE_S20_ENTM_CAMP_Utility_SlimeCake				4	23
20	S20_P11_camp_walldecor_poster_ghoul_02		"Glow of the Ghoul ""Duty"" Poster"	35					/wp-content/uploads/season_images/score_s20_camp_walldecor_poster_ghoul_02.avif	Use this Glow of the Ghoul Poster as a reminder that the light is not always to be trusted!  - C.A.M.P. ITEMS APPEAR WHILE IN C.A.M.P. MODE. -	SCORE_S20_ENTM_CAMP_WallDecor_Poster_Ghoul_02				4	23
20	S20_P4_200_atoms		200 Atoms	25				atoms	/wp-content/uploads/season_images/utility/score_currency_atoms.avif						4	23
20	S20_P5_playertitles_prefix_sickly		"Player Title Prefix: ""Sickly"""	0		playerTitlePrefix	Sickly	camp_player_title	/wp-content/uploads/storefront/titles-player/score_s20_playertitles_prefix_sickly.avif	Player Title Prefix	SCORE_S20_ENTM_PlayerTitles_Prefix_Sickly				4	23
20	S20_P12_skin_lootbag_mutatedguts		Mutated Guts Loot Bag	45	TRUE				/wp-content/uploads/season_images/score_s20_skin_lootbag_mutatedguts.avif	Let everyone know you've got guts. Or had. And something went terribly wrong.  This item replaces the appearance of your dropped Paper Bag.  - UNLOCKS A PLAYER LOOT BAG SKIN FOR ALL CHARACTERS. -	SCORE_S20_ENTM_Skin_LootBag_MutatedGuts				4	23
20	S20_P13_camp_floordecor_statue_miniature_ghoul_vaultgirl		Miniature Ghoul Vault Girl Statue	30	TRUE				/wp-content/uploads/season_images/score_s20_camp_floordecor_statue_miniature_ghoul_vaultgirl.avif	While small, this Ghoul Vault Girl Statue is not to be taken lightly!  - C.A.M.P. ITEMS APPEAR WHILE IN C.A.M.P. MODE. -	SCORE_S20_ENTM_CAMP_Floordecor_Statue_Miniature_Ghoul_VaultGirl				4	23
20	S20_P2_playericon_battlediet		Player Icon: Battle Diet	10	TRUE	playerIcon	Battle Diet	player_icon	/wp-content/uploads/guide-images/atom-shop/player-icons/atx_playericon_s20_battlediet.avif	For when you want to make sure your food is fresh.  - UNLOCKS A PLAYER ICON. -	SCORE_S20_ENTM_PlayerIcon_BattleDiet				4	23
20	S20_P8_camp_furniture_instrument_chemicalbarreldrum		Chemical Barrel Drums	40					/wp-content/uploads/season_images/score_s20_camp_furniture_instrument_chemicalbarreldrum.avif	Can't beat the chems? At least you can beat the container.  Include Blue and Yellow variations.  - C.A.M.P. ITEMS APPEAR WHILE IN C.A.M.P. MODE. -	SCORE_S20_ENTM_CAMP_Furniture_Instrument_ChemicalBarrelDrum				5	28
20	S20_P8_camp_furniture_table_nuclearbarreltable		Radioac-table	25					/wp-content/uploads/season_images/score_s20_camp_furniture_table_nuclearbarreltable.avif	As makeshift as it gets!  - C.A.M.P. ITEMS APPEAR WHILE IN C.A.M.P. MODE. -	SCORE_S20_ENTM_CAMP_Furniture_Table_NuclearBarrelTable				5	28
20	S20_P7_camp_collector_toxicgoo		Toxic Gooler Cooler	60	TRUE				/wp-content/uploads/season_images/score_s20_camp_collector_toxicgoo.avif	Save yourself a trip to a secret lab and get the good stuff right at home!  Generates Toxic Goo.  This item cannot be built inside of a Shelter.  - C.A.M.P. ITEMS APPEAR WHILE IN C.A.M.P. MODE. -	SCORE_S20_ENTM_CAMP_Collector_ToxicGoo				5	28
20	S20_P1_account_scoreboost_2		10% S.C.O.R.E. Boost	0	TRUE			score_booster	/wp-content/uploads/season_images/utility/score_s24_account_scoreboost_1.avif	Gain another 10% bonus S.C.O.R.E. when you complete challenges for the rest of Season 20!  - UNLOCKS BOOST FOR ALL CHARACTERS ON YOUR ACCOUNT. -  - BONUS IS APPLIED TO BASE CHALLENGE S.C.O.R.E.. -  - DOES NOT APPLY TO PREVIOUSLY COMPLETED CHALLENGES. -	SCORE_S20_ENTM_Account_ScoreBoost_2				5	28
20	S20_P8_camp_furniture_set_ultracitefurnitureset		Ultracite Furniture Set	60					/wp-content/uploads/season_images/score_s20_camp_furniture_set_ultracitefurnitureset.avif	Show off your love of fancy rocks with the Ultracite Furniture Set!  - C.A.M.P. ITEMS APPEAR WHILE IN C.A.M.P. MODE. -	SCORE_S20_ENTM_CAMP_Furniture_Set_UltraciteFurnitureSet				6	37
20	S20_P7_skin_weaponskin_v63lasercarbine_irradiated		Irradiated Paint (V63 Laser Carbine)	40					/wp-content/uploads/season_images/score_s20_skin_weaponskin_v63lasercarbine_irradiated.avif	A little radiation never killed anyone. Unfortunately for your foes, this isn't a little.  - SKIN IS CRAFTABLE AT WEAPON WORKBENCHES. -	SCORE_S20_ENTM_Skin_WeaponSkin_V63LaserCarbine_Irradiated				6	37
20	S20_P2_playericon_breatheitin		Player Icon: Breathe It In	15		playerIcon	Breathe It In	player_icon	/wp-content/uploads/guide-images/atom-shop/player-icons/atx_playericon_s20_breatheitin.avif	Take some time to stop and smell the Uranium Hexafluoride.  - UNLOCKS A PLAYER ICON. -	SCORE_S20_ENTM_PlayerIcon_BreatheItIn				6	37
20	S20_P4_playertitles_prefix_irradiated		"Player Title Prefix: ""Irradiated"""	15		playerTitlePrefix	Irradiated	camp_player_title	/wp-content/uploads/storefront/titles-player/score_s20_playertitles_prefix_irradiated.avif	Player Title Prefix	SCORE_S20_ENTM_PlayerTitles_Prefix_Irradiated				6	37
20	S20_P6_gold_bullion_x_250		Gold Bullion x 250	10				gold_bullion	/wp-content/uploads/season_images/utility/score_currency_bullion.avif						6	37
20	S20_P7_camp_utility_nukegenerator		Nuke Fusion Generator	70	TRUE				/wp-content/uploads/season_images/score_s20_camp_utility_nukegenerator.avif	When you need a megaton of power!  - Requires the base Fusion generator to have been unlocked -  - C.A.M.P. ITEMS APPEAR WHILE IN C.A.M.P. MODE. -	SCORE_S20_ENTM_CAMP_Utility_NukeGenerator				6	37
20	S20_P6_200_atoms		200 Atoms	15	TRUE			atoms	/wp-content/uploads/season_images/utility/score_currency_atoms.avif						6	37
20	S20_P6_re_roller_x_5		Re-Roller x 5	0	TRUE			re_roller	/wp-content/uploads/season_images/utility/score_utility_reroller.avif						6	37
20	S20_P7_camp_collector_meatcooker		Critter Cooker	50					/wp-content/uploads/season_images/score_s20_camp_collector_meatcooker.avif	They may not have a lot of meat on 'em, but that doesn't mean they're not delicious.  Generates meat based meals.  This item cannot be built inside of a Shelter.  - C.A.M.P. ITEMS APPEAR WHILE IN C.A.M.P. MODE. -	SCORE_S20_ENTM_CAMP_Collector_MeatCooker				7	44
20	S20_P13_skin_armorskin_civilengineer_radium		Radium Civil Engineer Armor Paint	45					/wp-content/uploads/season_images/score_s20_skin_armorskin_civilengineer_radium.avif	Glowing paint may not work for camouflage, but there's something to be said for intimidation.  - SKIN IS CRAFTABLE AT ARMOR WORKBENCHES. -	SCORE_S20_ENTM_Skin_ArmorSkin_CivilEngineer_Radium				7	44
20	S20_P7_200_atoms		200 Atoms	20				atoms	/wp-content/uploads/season_images/utility/score_currency_atoms.avif						7	44
20	S20_P5_playertitles_prefix_ghastly		"Player Title Prefix: ""Ghastly"""	20		playerTitlePrefix	Ghastly	camp_player_title	/wp-content/uploads/storefront/titles-player/score_s20_playertitles_prefix_ghastly.avif	Player Title Prefix	SCORE_S20_ENTM_PlayerTitles_Prefix_Ghastly				7	44
20	S20_P7_skin_weaponskin_gatlinggun_irradiated		Irradiated Paint (Gatling Gun)	30	TRUE				/wp-content/uploads/season_images/score_s20_skin_weaponskin_gatlinggun_irradiated.avif	A little radiation never killed anyone. Unfortunately for your foes, this isn't a little.  - SKIN IS CRAFTABLE AT WEAPON WORKBENCHES. -	SCORE_S20_ENTM_Skin_WeaponSkin_GatlingGun_Irradiated				7	44
20	S20_P2_playericon_chemdiet		Player Icon: Chem Diet	10	TRUE	playerIcon	Chem Diet	player_icon	/wp-content/uploads/guide-images/atom-shop/player-icons/atx_playericon_s20_chemdiet.avif	Low in calories.  - UNLOCKS A PLAYER ICON. -	SCORE_S20_ENTM_PlayerIcon_ChemDiet				7	44
20	S20_P6_apparel_headwear_greymerchelmet		Merc Charmer Helmet	0	TRUE				/wp-content/uploads/season_images/score_s20_apparel_headwear_greymerchelmet.avif	Predict the fashion trends coming to mercs in the Wasteland.  - APPAREL IS CRAFTABLE AT ARMOR WORKBENCHES. -	SCORE_S20_ENTM_Apparel_Headwear_GreyMercHelmet				7	44
20	S20_P13_camp_floordecor_statue_ghoul_vaultboy		Ghoul Vault Boy Statue	40					/wp-content/uploads/season_images/score_s20_camp_floordecor_statue_ghoul_vaultboy.avif	A horrid celebration of your mutation, captured in a statue to be shown off with this Ghoul Vault Boy Statue!  - C.A.M.P. ITEMS APPEAR WHILE IN C.A.M.P. MODE. -	SCORE_S20_ENTM_CAMP_Floordecor_Statue_Ghoul_VaultBoy				8	52
20	S20_P10_camp_floordecor_statue_ghoul_vaultgirl		Ghoul Vault Girl Statue	40					/wp-content/uploads/season_images/score_s20_camp_floordecor_statue_ghoul_vaultgirl.avif	Live forever in decay with this Ghoul Vault Girl Statue!  - C.A.M.P. ITEMS APPEAR WHILE IN C.A.M.P. MODE. -	SCORE_S20_ENTM_CAMP_FloorDecor_Statue_Ghoul_VaultGirl				8	52
20	S20_P4_playertitles_prefix_rotten		"Player Title Prefix: ""Rotten"""	20		playerTitlePrefix	Rotten	camp_player_title	/wp-content/uploads/storefront/titles-player/score_s20_playertitles_prefix_rotten.avif	Player Title Prefix	SCORE_S20_ENTM_PlayerTitles_Prefix_Rotten				8	52
20	S20_P8_perk_coin_x_50		Perk Coin x 50	15				perk_coins	/wp-content/uploads/season_images/utility/score_currency_perkcoin.avif						8	52
20	S20_P2_playericon_cowboyshots		Player Icon: Fan The Hammer	15		playerIcon	Fan The Hammer	player_icon	/wp-content/uploads/guide-images/atom-shop/player-icons/atx_playericon_s20_wildwesthands.avif	Why be accurate when you can be fast?  - UNLOCKS A PLAYER ICON. -	SCORE_S20_ENTM_PlayerIcon_CowboyShots				8	52
20	S20_P5_apparel_outfit_greymerc_blouse		Merc Charmer Blouse Outfit	60	TRUE				/wp-content/uploads/season_images/score_s20_apparel_outfit_greymerc_blouse.avif	Predict the fashion trends coming to mercs in the Wasteland.  - APPAREL IS CRAFTABLE AT ARMOR WORKBENCHES. -	SCORE_S20_ENTM_Apparel_Outfit_GreyMerc_Blouse				8	52
20	S20_P8_200_atoms		200 Atoms	10	TRUE			atoms	/wp-content/uploads/season_images/utility/score_currency_atoms.avif						8	52
20	S20_P1_account_scoreboost_3		10% S.C.O.R.E. Boost	0	TRUE			score_booster	/wp-content/uploads/season_images/utility/score_s24_account_scoreboost_1.avif	Gain another 10% bonus S.C.O.R.E. when you complete challenges for the rest of Season 20!  - UNLOCKS BOOST FOR ALL CHARACTERS ON YOUR ACCOUNT. -  - BONUS IS APPLIED TO BASE CHALLENGE S.C.O.R.E.. -  - DOES NOT APPLY TO PREVIOUSLY COMPLETED CHALLENGES. -	SCORE_S20_ENTM_Account_ScoreBoost_3				8	52
20	S20_P6_skin_weaponskin_50calmachinegun_irradiated		Irradiated Paint (.50 Cal Machine Gun)	35					/wp-content/uploads/season_images/score_s20_skin_weaponskin_50calmachinegun_irradiated.avif	A little radiation never killed anyone. Unfortunately for your foes, this isn't a little.  - SKIN IS CRAFTABLE AT WEAPON WORKBENCHES. -	SCORE_S20_ENTM_Skin_WeaponSkin_50calMachineGun_Irradiated				9	57
20	S20_P11_camp_walldecor_poster_ghoul_03		"Glow of the Ghoul ""Last Stand"" Poster"	25					/wp-content/uploads/season_images/score_s20_camp_walldecor_poster_ghoul_03.avif	Use this Glow of the Ghoul Poster as a reminder that the light is not always to be trusted!  - C.A.M.P. ITEMS APPEAR WHILE IN C.A.M.P. MODE. -	SCORE_S20_ENTM_CAMP_WallDecor_Poster_Ghoul_03				9	57
20	S20_P10_camp_walldecor_bathroomurinalbroken		Bathroom Urinal	0					/wp-content/uploads/season_images/score_s20_camp_walldecor_bathroomurinalbroken.avif	This Bathroom Urinal is slightly damaged, but it'll do the job!  - C.A.M.P. ITEMS APPEAR WHILE IN C.A.M.P. MODE. -	SCORE_S20_ENTM_CAMP_WallDecor_BathroomUrinalBroken				9	57
20	S20_P9_camp_floordecor_posingskeletons		Posing Skeletons	65	TRUE				/wp-content/uploads/season_images/score_s20_camp_floordecor_posingskeletons.avif	A final, humerus state of physical being before a tragedy occurs.  - C.A.M.P. ITEMS APPEAR WHILE IN C.A.M.P. MODE. -	SCORE_S20_ENTM_CAMP_FloorDecor_PosingSkeletons				9	57
20	S20_P10_camp_walldecor_goosplatter		Goo Splatter	60					/wp-content/uploads/season_images/score_s20_camp_walldecor_goosplatter.avif	Mutate your camp's appearance with these Goo Splatter decals!  - C.A.M.P. ITEMS APPEAR WHILE IN C.A.M.P. MODE. -	SCORE_S20_ENTM_CAMP_WallDecor_GooSplatter				10	64
20	S20_P12_skin_armorskin_bosinfantry_radium		Radium Recon Armor Paint	45					/wp-content/uploads/season_images/score_s20_skin_armorskin_bosinfantry_radium.avif	Glowing paint may not work for camouflage, but there's something to be said for intimidation.  - SKIN IS CRAFTABLE AT ARMOR WORKBENCHES. -	SCORE_S20_ENTM_Skin_ArmorSkin_BOSInfantry_Radium				10	64
20	S20_P3_playericon_cowboytricks		Player Icon: Trick Shot	15		playerIcon	Trick Shot	player_icon	/wp-content/uploads/guide-images/atom-shop/player-icons/atx_playericon_s20_guntricks.avif	Taking the ol' gun for a spin.  - UNLOCKS A PLAYER ICON. -	SCORE_S20_ENTM_PlayerIcon_CowboyTricks				10	64
20	S20_P9_camp_floordecor_unfortunateend		Unfortunate End	0					/wp-content/uploads/season_images/score_s20_camp_floordecor_unfortunateend.avif	There are fewer worse endings imaginable, which is the perfect message to send to unwanted visitors.  - C.A.M.P. ITEMS APPEAR WHILE IN C.A.M.P. MODE. -	SCORE_S20_ENTM_CAMP_FloorDecor_UnfortunateEnd				10	64
20	S20_P11_camp_walldecor_correctbathroomtoiletpaperholder		Correct Toilet Paper Holder	25	TRUE				/wp-content/uploads/season_images/score_s20_camp_walldecor_correctbathroomtoiletpaperholder.avif	Correctly holds a precious commodity in times of danger.  - C.A.M.P. ITEMS APPEAR WHILE IN C.A.M.P. MODE. -	SCORE_S20_ENTM_CAMP_WallDecor_CorrectBathroomToiletPaperHolder				10	64
20	S20_P5_apparel_headwear_greymerchelmet_hooded		Merc Charmer Helmet (Hooded)	15	TRUE				/wp-content/uploads/season_images/score_s20_apparel_headwear_greymerchelmet_hooded.avif	Predict the fashion trends coming to mercs in the Wasteland.  - APPAREL IS CRAFTABLE AT ARMOR WORKBENCHES. -	SCORE_S20_ENTM_Apparel_Headwear_GreyMercHelmet_Hooded				10	64
20	S20_P4_playertitles_prefix_undead		"Player Title Prefix: ""Undead"""	15	TRUE	playerTitlePrefix	Undead	camp_player_title	/wp-content/uploads/storefront/titles-player/score_s20_playertitles_prefix_undead.avif	Player Title Prefix	SCORE_S20_ENTM_PlayerTitles_Prefix_Undead				10	64
20	S20_P6_skin_weaponskin_autoaxe_irradiated		Irradiated Paint (Auto Axe)	40					/wp-content/uploads/season_images/score_s20_skin_weaponskin_autoaxe_irradiated.avif	A little radiation never killed anyone. Unfortunately for your foes, this isn't a little.  - SKIN IS CRAFTABLE AT WEAPON WORKBENCHES. -	SCORE_S20_ENTM_Skin_WeaponSkin_AutoAxe_Irradiated				11	70
20	S20_P11_200_atoms		200 Atoms	25				atoms	/wp-content/uploads/season_images/utility/score_currency_atoms.avif						11	70
20	S20_P12_skin_backpack_nuclearwaste_flair		Nuclear Waste Flair	0					/wp-content/uploads/season_images/score_s20_skin_backpack_nuclearwaste_flair.avif	For when Rads have got your back.  Flairs can be applied to most Backpacks.  - FLAIRS ARE APPLIED AT ARMOR WORKBENCHES. -	SCORE_S20_ENTM_Skin_Backpack_NuclearWaste_Flair				11	70
20	S20_P13_skin_armorskin_jetpack_nuclearpowered		Nuclear-Powered Jetpack	75	TRUE				/wp-content/uploads/season_images/score_s20_skin_armorskin_jetpack_nuclearpowered.avif	Power your flights with the energy of the future, which is now!  (Requires the Jetpack Plan for the Secret Service armor, Civil Engineer armor, or the Brotherhood Recon armor to be learned.)  This item is a mod for your armor and can be applied to the Chest Piece of the Secret Service armor, or the Brotherhood Recon armor.  - SKIN IS CRAFTABLE AT ARMOR STATIONS. -	SCORE_S20_ENTM_Skin_ArmorSkin_Jetpack_NuclearPowered				11	70
20	S20_P11_mystery_magazine_package_x_3		Mystery Magazine Package x 3	10	TRUE			mystery_magazine	/wp-content/uploads/season_images/utility/score_utility_magazinebookbox.avif						11	70
20	S20_P12_camp_decor_pyrotechnickit_nuclear		Nuclear Pyrotechnic Kit	75					/wp-content/uploads/season_images/score_s20_camp_decor_pyrotechnickit_nuclear.avif	Launch away with your own Nuclear Pyrotechnic Kit!  - C.A.M.P. ITEMS APPEAR WHILE IN C.A.M.P. MODE. -	SCORE_S20_ENTM_CAMP_Decor_PyrotechnicKit_Nuclear				12	79
20	S20_P7_camp_structure_minicoolingtower		Mini Cooling Tower	55					/wp-content/uploads/season_images/score_s20_camp_structure_minicoolingtower.avif	Cool down your C.A.M.P. with this Mini Cooling Tower!  - C.A.M.P. ITEMS APPEAR WHILE IN C.A.M.P. MODE. -	SCORE_S20_ENTM_CAMP_Structure_MiniCoolingTower				12	79
20	S20_P4_playertitles_prefix_feral		"Player Title Prefix: ""Feral"""	0		playerTitlePrefix	Feral	camp_player_title	/wp-content/uploads/storefront/titles-player/score_s20_playertitles_prefix_feral.avif	Player Title Prefix	SCORE_S20_ENTM_PlayerTitles_Prefix_Feral				12	79
20	S20_P13_skin_armorskin_secretservice_radium		Radium Secret Service Armor Paint	35	TRUE				/wp-content/uploads/season_images/score_s20_skin_armorskin_secretservice_radium.avif	Glowing paint may not work for camouflage, but there's something to be said for intimidation.  - SKIN IS CRAFTABLE AT ARMOR WORKBENCHES. -	SCORE_S20_ENTM_Skin_ArmorSkin_SecretService_Radium				12	79
20	S20_P6_skin_weaponskin_flamer_irradiated		Irradiated Paint (Flamer)	30	TRUE				/wp-content/uploads/season_images/score_s20_skin_weaponskin_flamer_irradiated.avif	A little radiation never killed anyone. Unfortunately for your foes, this isn't a little.  - SKIN IS CRAFTABLE AT WEAPON WORKBENCHES. -	SCORE_S20_ENTM_Skin_WeaponSkin_Flamer_Irradiated				12	79
20	S20_P12_200_atoms		200 Atoms	20	TRUE			atoms	/wp-content/uploads/season_images/utility/score_currency_atoms.avif						12	79
20	S20_P2_playericon_madscientist		Player Icon: Mad Scientist	10	TRUE	playerIcon	Mad Scientist	player_icon	/wp-content/uploads/guide-images/atom-shop/player-icons/atx_playericon_s20_madscientist.avif	Is he really mad, or just a bit angry?  - UNLOCKS A PLAYER ICON. -	SCORE_S20_ENTM_PlayerIcon_MadScientist				12	79
20	S20_P8_camp_furniture_chair_ultracitethrone		Ultracite Throne	60					/wp-content/uploads/season_images/score_s20_camp_furniture_chair_ultracitethrone.avif	Sit upon the Ultracite Throne and show the world your glory.  - C.A.M.P. ITEMS APPEAR WHILE IN C.A.M.P. MODE. -	SCORE_S20_ENTM_CAMP_Furniture_Chair_UltraciteThrone				13	89
20	S20_P5_apparel_outfit_vaulttecyellow_hazmatsuit		Yellow Vault-Tec Hazmat Suit	40					/wp-content/uploads/season_images/score_s20_apparel_outfit_vaulttecyellow_hazmatsuit.avif	Your favorite hazmat suit, now in spiffy Vault-Tec yellow!  - APPAREL IS CRAFTABLE AT ARMOR WORKBENCHES. -	SCORE_S20_ENTM_Apparel_Outfit_VaultTecYellow_HazmatSuit				13	89
20	S20_P13_200_atoms		200 Atoms	20				atoms	/wp-content/uploads/season_images/utility/score_currency_atoms.avif						13	89
20	S20_P3_playericon_sciencemonster		Player Icon: Science Monster	15		playerIcon	Science Monster	player_icon	/wp-content/uploads/guide-images/atom-shop/player-icons/atx_playericon_s20_sciencemonster.avif	For when the fallen angel becomes a malignant devil.  - UNLOCKS A PLAYER ICON. -	SCORE_S20_ENTM_PlayerIcon_ScienceMonster				13	89
20	S20_P13_re_roller_x_5		Re-Roller x 5	15				re_roller	/wp-content/uploads/season_images/utility/score_utility_reroller.avif						13	89
20	S20_P13_s_c_o_r_e_booster_x_3		S.C.O.R.E. Booster x 3	15				score_booster	/wp-content/uploads/season_images/utility/score_utility_scorebooster.avif						13	89
20	S20_P9_camp_floordecor_stein_mininuke		Mini Nuke Stein	0					/wp-content/uploads/season_images/score_s20_camp_floordecor_stein_mininuke.avif	When you need something stronger than caffeine.  - C.A.M.P. ITEMS APPEAR WHILE IN C.A.M.P. MODE. -	SCORE_S20_ENTM_CAMP_FloorDecor_Stein_MiniNuke				13	89
20	S20_P12_camp_lights_ultracitewalllight		Ultracite Wall Lights	40	TRUE				/wp-content/uploads/season_images/score_s20_camp_lights_ultracitewalllight.avif	Nothing quite like that green glow to light up your C.A.M.P.  - C.A.M.P. ITEMS APPEAR WHILE IN C.A.M.P. MODE. -	SCORE_S20_ENTM_CAMP_Lights_UltraciteWallLight				13	89
20	S20_P6_skin_weaponskin_fatman_irradiated		Irradiated Paint (Fat Man)	30	TRUE				/wp-content/uploads/season_images/score_s20_skin_weaponskin_fatman_irradiated.avif	A little radiation never killed anyone. Unfortunately for your foes, this isn't a little.  - SKIN IS CRAFTABLE AT WEAPON WORKBENCHES. -	SCORE_S20_ENTM_Skin_WeaponSkin_FatMan_Irradiated				13	89
20	S20_P4_playertitles_suffix_cannibal		"Player Title Suffix: ""Cannibal"""	15	TRUE	playerTitleSuffix	Cannibal	camp_player_title	/wp-content/uploads/storefront/titles-player/score_s20_playertitles_suffix_cannibal.avif	Player Title Suffix	SCORE_S20_ENTM_PlayerTitles_Suffix_Cannibal				13	89
20	S20_P8_camp_furniture_instrument_metalbarreldrum		Metal Barrel Drums	30					/wp-content/uploads/season_images/score_s20_camp_furniture_instrument_metalbarreldrum.avif	Beat it like a drum!  Includes Metal and Radioactive variations.  - C.A.M.P. ITEMS APPEAR WHILE IN C.A.M.P. MODE. -	SCORE_S20_ENTM_CAMP_Furniture_Instrument_MetalBarrelDrum				14	91
20	S20_P10_camp_walldecor_endofseasonart		Framed Glow of the Ghoul Wall Art	20					/wp-content/uploads/season_images/score_s20_camp_walldecor_endofseasonart.avif	Let the glow emmanate from your camp with this Framed Glow of the Ghoul Wall Art.  - C.A.M.P. ITEMS APPEAR WHILE IN C.A.M.P. MODE. -	SCORE_S20_ENTM_CAMP_WallDecor_EndofSeasonArt				14	91
20	S20_P9_camp_floordecor_plushie_ghoul_mrfuzzy		Mr. Ghoulie Plushie	0	TRUE				/wp-content/uploads/season_images/score_s20_camp_floordecor_plushie_ghoul_mrfuzzy.avif	Enjoy radiating warmth and glowing charm with the Mr. Ghoulie Plushie!  - C.A.M.P. ITEMS APPEAR WHILE IN C.A.M.P. MODE. -	SCORE_S20_ENTM_CAMP_FloorDecor_Plushie_Ghoul_MrFuzzy				14	91
20	S20_P6_skin_powerarmor_model_sharpshooter		Sharpshooter Power Armor Paint	200					/wp-content/uploads/season_images/score_s20_skin_powerarmor_model_sharpshooter.avif	Have your bullets do some sightseeing before they hit their target with this Sharpshooter Power Armor Paint.  This is a unique skin that completely alters the appearance of your Power Armor. It can be equipped on all main Power Armors.  - SKIN IS CRAFTABLE AT POWER ARMOR STATIONS. -	SCORE_S20_ENTM_Skin_PowerArmor_Model_Sharpshooter				B1	100
20	S20_P9_camp_floordecor_planter_boneyardpatch		Boneyard Planter Kit	150					/wp-content/uploads/season_images/score_s20_camp_floordecor_planter_boneyardpatch.avif	Use the nutrients of your enemies to grow new life with these Boneyard Planter Kit.  - C.A.M.P. ITEMS APPEAR WHILE IN C.A.M.P. MODE. -	SCORE_S20_ENTM_CAMP_FloorDecor_Planter_BoneyardPatch				B1	100
20	S20_P9_camp_floordecor_skeletonparts		Skeleton Parts	140					/wp-content/uploads/season_images/score_s20_camp_floordecor_skeletonparts.avif	Always a bone to pick (up) when you have a few Skeleton Parts around the C.A.M.P.!  - C.A.M.P. ITEMS APPEAR WHILE IN C.A.M.P. MODE. -	SCORE_S20_ENTM_CAMP_FloorDecor_SkeletonParts				B1	100
20	S20_P7_camp_utility_bluenukacolavendingmachine		Blue Nuka-Cola Vending Machine	120					/wp-content/uploads/season_images/score_s20_camp_utility_bluenukacolavendingmachine.avif	Fizz your way up to the top with this Blue Nuka-Cola Vending Machine!  The Blue Nuka-Cola Vending Machine  is a container which can dispense drinks in your C.A.M.P.  - C.A.M.P. ITEMS APPEAR WHILE IN C.A.M.P. MODE. -	SCORE_S20_ENTM_CAMP_Utility_BlueNukaColaVendingMachine				B1	100
20	S20_P10_camp_floordecor_ghoulmovieprojector		Glow of the Ghoul	120					/wp-content/uploads/season_images/score_s20_camp_floordecor_ghoulmovieprojector.avif	Movie Projector	SCORE_S20_ENTM_CAMP_FloorDecor_GhoulMovieProjector				B1	100
20	S20_P6_skin_weaponskin_railwayrifle_irradiated		Irradiated Paint (Railway Rifle)	120					/wp-content/uploads/season_images/score_s20_skin_weaponskin_railwayrifle_irradiated.avif	A little radiation never killed anyone. Unfortunately for your foes, this isn't a little.  - SKIN IS CRAFTABLE AT WEAPON WORKBENCHES. -	SCORE_S20_ENTM_Skin_WeaponSkin_RailwayRifle_Irradiated				B1	100
20	S20_P5_apparel_outfit_greymerc		Merc Charmer Outfit	120					/wp-content/uploads/season_images/score_s20_apparel_outfit_greymerc.avif	Predict the fashion trends coming to mercs in the Wasteland.  - APPAREL IS CRAFTABLE AT ARMOR WORKBENCHES. -	SCORE_S20_ENTM_Apparel_Outfit_Greymerc				B1	100
20	S20_P9_camp_floordecor_shootingtarget_petrifiedcorpse		Petrified Corpse Target	120					/wp-content/uploads/season_images/score_s20_camp_floordecor_shootingtarget_petrifiedcorpse.avif	Hit your mark with these Petrified Corpse Targets!  - C.A.M.P. ITEMS APPEAR WHILE IN C.A.M.P. MODE. -	SCORE_S20_ENTM_CAMP_FloorDecor_ShootingTarget_PetrifiedCorpse				B1	100
20	S20_B1_correct_toilet_paper_holder		Correct Toilet Paper Holder	80					/wp-content/uploads/season_images/score_s20_camp_walldecor_correctbathroomtoiletpaperholder.avif	Correctly holds a precious commodity in times of danger.  - C.A.M.P. ITEMS APPEAR WHILE IN C.A.M.P. MODE. -	SCORE_S20_ENTM_CAMP_WallDecor_CorrectBathroomToiletPaperHolder				B1	100
20	S20_P4_playertitles_suffix_zombie		"Player Title Suffix: ""Zombie"""	80		playerTitleSuffix	Zombie	camp_player_title	/wp-content/uploads/storefront/titles-player/score_s20_playertitles_suffix_zombie.avif	Player Title Suffix	SCORE_S20_ENTM_PlayerTitles_Suffix_Zombie				B1	100
20	S20_B2_100_atoms		100 Atoms	250				atoms	/wp-content/uploads/season_images/utility/score_currency_atoms.avif						B2	150
20	S20_B2_basic_repair_kit_x_5		Basic Repair Kit x 5	75				repair_kit	/wp-content/uploads/season_images/utility/atx_utility_repairkit_basic.avif						B2	150
20	S20_B2_carry_weight_booster_x_5		Carry Weight Booster x 5	75				carry_weight_booster	/wp-content/uploads/season_images/utility/score_utility_carryweight.avif						B2	150
20	S20_B2_gold_bullion_x_100		Gold Bullion x 100	75				gold_bullion	/wp-content/uploads/season_images/utility/score_currency_bullion.avif						B2	150
20	S20_B2_legendary_module_x_10		Legendary Module x 10	75				legendary_module	/wp-content/uploads/season_images/utility/score_game_legendarymodule.avif						B2	150
20	S20_B2_legendary_scrip_x_100		Legendary Scrip x 100	75				legendary_scrip	/wp-content/uploads/season_images/utility/score_currency_scrip.avif						B2	150
20	S20_B2_lunchbox_x_5		Lunchbox x 5	75				lunchbox	/wp-content/uploads/season_images/utility/atx_store_lunchbox001.avif						B2	150
20	S20_B2_mystery_bobblehead_x_3		Mystery Bobblehead x 3	75				mystery_bobblehead	/wp-content/uploads/season_images/utility/score_utility_mysterybobblehead.avif						B2	150
20	S20_B2_perk_coin_x_25		Perk Coin x 25	75				perk_coins	/wp-content/uploads/season_images/utility/score_currency_perkcoin.avif						B2	150
20	S20_B2_scout_s_banner_x_5		Scout's Banner x 5	75				scouts_banner	/wp-content/uploads/season_images/utility/score_coen_utility_banner.avif						B2	150
20	S20_P3_playericon_rifleghoul_boy		Player Icon: Armed Ghoul Boy	0		playerIcon	Armed Ghoul Boy	player_icon	/wp-content/uploads/guide-images/atom-shop/player-icons/atx_playericon_s20_armsofsteel.avif	If your looks don't kill, it's important to have a backup.  - UNLOCKS A PLAYER ICON. -	SCORE_S20_ENTM_PlayerIcon_RifleGhoul_Boy					
20	S20_P2_playericon_rifleghoul_girl		Player Icon: Armed Ghoul Girl	0		playerIcon	Armed Ghoul Girl	player_icon	/wp-content/uploads/guide-images/atom-shop/player-icons/atx_playericon_s20_ghoulgirl.avif	If your looks don't kill, it's important to have a backup.  - UNLOCKS A PLAYER ICON. -	SCORE_S20_ENTM_PlayerIcon_RifleGhoul_Girl					
20	S20_P3_playericon_whackarat		Player Icon: Whack-A-Rat	0		playerIcon	Whack-A-Rat	player_icon	/wp-content/uploads/guide-images/atom-shop/player-icons/atx_playericon_s20_radreaver.avif	Whack-A-Rat and make it splat until it's flat.  - UNLOCKS A PLAYER ICON. -	SCORE_S20_ENTM_PlayerIcon_WhackARat					
20	S20_P10_camp_walldecor_bathroomtoiletpaperholder		Toilet Paper Holder	0					/wp-content/uploads/season_images/score_s20_camp_walldecor_bathroomtoiletpaperholder.avif	Hold a precious commodity in times of danger.  - C.A.M.P. ITEMS APPEAR WHILE IN C.A.M.P. MODE. -	SCORE_S20_ENTM_CAMP_WallDecor_BathroomToiletPaperHolder					
21	S21_P13_camp_miscstructure_hangingdolphish		Hanging Dolphish	55					/wp-content/uploads/season_images/score_s21_camp_miscstructure_hangingdolphish.avif	Show off your greatest catch, by hanging it for all to see!  - C.A.M.P. ITEMS APPEAR WHILE IN C.A.M.P. MODE. -	SCORE_S21_ENTM_CAMP_MiscStructure_HangingDolphish				1	0
21	S21_P11_camp_walldecor_fishingnet		Hanging Fishing Net	25					/wp-content/uploads/season_images/score_s21_camp_walldecor_fishingnet.avif	That's one way to store it.  - C.A.M.P. ITEMS APPEAR WHILE IN C.A.M.P. MODE. -	SCORE_S21_ENTM_CAMP_WallDecor_FishingNet				1	0
21	S21_P1_nuclear_keycard_x_5		Nuclear Keycard x 5	20				nuclear_keycard	/wp-content/uploads/season_images/utility/score_utility_nuclearkeycard.avif						1	0
21	S21_P1_superb_bait_x_5		Superb Bait x 5	20				superb_bait	/wp-content/uploads/season_images/utility/score_utility_superbait.avif						1	0
21	S21_P4_playertitles_prefix_reeling		"Player Title Prefix: ""Reeling"""	15		playerTitlePrefix	Reeling	camp_player_title	/wp-content/uploads/storefront/titles-player/score_s21_playertitles_prefix_reeling.avif	Player Title Prefix	SCORE_S21_ENTM_PlayerTitles_Prefix_Reeling				1	0
21	S21_P13_skin_backpack_hookedfish_flair		Hooked Fish Backpack Flair	10					/wp-content/uploads/season_images/score_s21_skin_backpack_hookedfish_flair.avif	Reel in the adventure with this Hooked Fish Backpack Flair!   - SKIN IS CRAFTABLE AT ARMOR WORKBENCHES. -	SCORE_S21_ENTM_Skin_Backpack_HookedFish_Flair				1	0
21	S21_P6_skin_weaponskin_fishingrod_rubyreelrod		Ruby Reel Fishing Rod Paint	45	TRUE				/wp-content/uploads/season_images/score_s21_skin_weaponskin_fishingrod_rubyreelrod.avif	The early bird catches the worm, while the Ruby Reel Rod catches fish with style!  - SKIN IS CRAFTABLE AT TINKER'S WORKBENCHES. -	SCORE_S21_ENTM_Skin_WeaponSkin_FishingRod_RubyReelRod				1	0
21	S21_P1_200_atoms		200 Atoms	20	TRUE			atoms	/wp-content/uploads/season_images/utility/score_currency_atoms.avif						1	0
21	S21_P2_playericon_fishervaultboy		Player Icon: Fisher Vault Boy	15	TRUE	playerIcon	Fisher Vault Boy	player_icon	/wp-content/uploads/guide-images/atom-shop/player-icons/atx_playericon_s21_fishervaultboy.avif	He's reel-y excited.  - UNLOCKS A PLAYER ICON. -	SCORE_S21_ENTM_PlayerIcon_FisherVaultBoy				1	0
21	S21_P1_account_scoreboost_1		5% S.C.O.R.E. Boost	0	TRUE			score_booster	/wp-content/uploads/season_images/utility/score_s24_account_scoreboost_1.avif	Gain 5% bonus S.C.O.R.E. when you complete challenges for the rest of Season 21!  - UNLOCKS BOOST FOR ALL CHARACTERS ON YOUR ACCOUNT. -  - BONUS IS APPLIED TO BASE CHALLENGE S.C.O.R.E. -  - DOES NOT APPLY TO PREVIOUSLY COMPLETED CHALLENGES. -	SCORE_S21_ENTM_Account_ScoreBoost_1				1	0
21	S21_P6_skin_weaponskin_ripper_spitfire		Spitfire Paint (Ripper)	50					/wp-content/uploads/season_images/score_s21_skin_weaponskin_ripper_spitfire.avif	Intimidate your enemies with the Spitfire Paint!  - SKIN IS CRAFTABLE AT WEAPON WORKBENCHES. -	SCORE_S21_ENTM_Skin_WeaponSkin_Ripper_Spitfire				2	8
21	S21_P13_camp_display_weaponrack_boatfishingroddisplay		Boat Fishing Rod Display	40					/wp-content/uploads/season_images/score_s21_camp_display_weaponrack_boatfishingroddisplay.avif	Keep your rods ready and your line untangled with this Boat Fishing Rod Display.  - C.A.M.P. ITEMS APPEAR WHILE IN C.A.M.P. MODE. -	SCORE_S21_ENTM_CAMP_Display_WeaponRack_BoatFishingRodDisplay				2	8
21	S21_P2_200_atoms		200 Atoms	25				atoms	/wp-content/uploads/season_images/utility/score_currency_atoms.avif						2	8
21	S21_P10_camp_floordecor_fishbasket		Baskets of Dead Fish	20					/wp-content/uploads/season_images/score_s21_camp_floordecor_fishbasket.avif	Fresh, non-dead fish are overrated.  - C.A.M.P. ITEMS APPEAR WHILE IN C.A.M.P. MODE. -	SCORE_S21_ENTM_CAMP_FloorDecor_FishBasket				2	8
21	S21_P4_playertitles_suffix_trawler		"Player Title Suffix: ""Trawler"""	0		playerTitleSuffix	Trawler	camp_player_title	/wp-content/uploads/storefront/titles-player/score_s21_playertitles_suffix_trawler.avif	Player Title Suffix	SCORE_S21_ENTM_PlayerTitles_Suffix_Trawler				2	8
21	S21_P5_apparel_headwear_companyfishinghat		Gone Fission Hat	30	TRUE				/wp-content/uploads/season_images/score_s21_apparel_headwear_companyfishinghat.avif	If it were a good morning, you'd be fishing with your Gone Fission Hat.  - APPAREL IS CRAFTABLE AT ARMOR WORKBENCHES. -	SCORE_S21_ENTM_Apparel_Headwear_CompanyFishingHat				2	8
21	S21_P11_camp_walldecor_hangingbuoy		Hanging Buoy	25	TRUE				/wp-content/uploads/season_images/score_s21_camp_walldecor_hangingbuoy.avif	Perfect decor for a lakehouse!  - C.A.M.P. ITEMS APPEAR WHILE IN C.A.M.P. MODE. -	SCORE_S21_ENTM_CAMP_WallDecor_HangingBuoy				2	8
21	S21_P13_skin_backpack_fishbones_flair		Fish Bones Backpack Flair	10	TRUE				/wp-content/uploads/season_images/score_s21_skin_backpack_fishbones_flair.avif	Show that you're hooked on style with the Fish Bones Backpack Flair!  - SKIN IS CRAFTABLE AT ARMOR WORKBENCHES. -	SCORE_S21_ENTM_Skin_Backpack_FishBones_Flair				2	8
21	S21_P6_skin_weaponskin_gatlinggun_spitfire		Spitfire Paint (Gatling Gun)	55					/wp-content/uploads/season_images/score_s21_skin_weaponskin_gatlinggun_spitfire.avif	Intimidate your enemies with the Spitfire Paint!  - SKIN IS CRAFTABLE AT WEAPON WORKBENCHES. -	SCORE_S21_ENTM_Skin_WeaponSkin_GatlingGun_Spitfire				3	15
21	S21_P11_camp_walldecor_appalachiafishposters_04		Fish of Appalachia: Forest Poster	30					/wp-content/uploads/season_images/score_s21_camp_walldecor_appalachiafishposters_04.avif	Study your prey with the Fish of Appalachia: Forest Poster!  - C.A.M.P. ITEMS APPEAR WHILE IN C.A.M.P. MODE. -	SCORE_S21_ENTM_CAMP_WallDecor_AppalachiaFishPosters_04				3	15
21	S21_P3_s_c_o_r_e_booster_x_3		S.C.O.R.E. Booster x 3	15				score_booster	/wp-content/uploads/season_images/utility/score_utility_scorebooster.avif						3	15
21	S21_P5_apparel_headwear_snorkelgoggles		Snorkel Goggles	0					/wp-content/uploads/season_images/score_s21_apparel_headwear_snorkelgoggles.avif	Mouthpiece not included due to recall.  - APPAREL IS CRAFTABLE AT ARMOR WORKBENCHES. -	SCORE_S21_ENTM_Apparel_Headwear_SnorkelGoggles				3	15
21	S21_P14_camp_stashbox_seaweed		Seaweed Stash Box	45	TRUE				/wp-content/uploads/season_images/score_s21_camp_stashbox_seaweed.avif	Fished up from the depths of the Wasteland water, next to beer cans and nuclear waste.   - C.A.M.P. ITEMS APPEAR WHILE IN C.A.M.P. MODE. -	SCORE_S21_ENTM_CAMP_StashBox_Seaweed				3	15
21	S21_P3_200_atoms		200 Atoms	20	TRUE			atoms	/wp-content/uploads/season_images/utility/score_currency_atoms.avif						3	15
21	S21_P4_playertitles_prefix_sturdy		"Player Title Prefix: ""Sturdy"""	10	TRUE	playerTitlePrefix	Sturdy	camp_player_title	/wp-content/uploads/storefront/titles-player/score_s21_playertitles_prefix_sturdy.avif	Player Title Prefix	SCORE_S21_ENTM_PlayerTitles_Prefix_Sturdy				3	15
21	S21_P14_camp_ally_dottie		Lite Ally: Dottie	60					/wp-content/uploads/season_images/score_s21_camp_ally_dottie.avif	Meet Dottie, the ghoul with a theory for everything.  - ALLIES  APPEAR ONCE THEIR FURNITURE IS PLACED IN C.A.M.P. MODE. -	SCORE_S21_ENTM_CAMP_Ally_Dottie				4	26
21	S21_P5_apparel_outfit_dssbnud_tshirtjeans		DSSBNUD T-shirt & Jeans Outfit	45					/wp-content/uploads/season_images/score_s21_apparel_outfit_dssbnud_tshirtjeans.avif	Don't know what DSSBNUD is? It's too late for you.  - APPAREL IS CRAFTABLE AT ARMOR WORKBENCHES. -	SCORE_S21_ENTM_Apparel_Outfit_DSSBNUD_TshirtJeans				4	26
21	S21_P12_camp_walldecor_liteallyposterdottie		DSSBNUD Poster	30					/wp-content/uploads/season_images/score_s21_camp_walldecor_liteallyposterdottie.avif	Do you believe the walls have eyes? If so, make sure you cover them with the DSSBNUD Poster.  - C.A.M.P. ITEMS APPEAR WHILE IN C.A.M.P. MODE. -	SCORE_S21_ENTM_CAMP_WallDecor_LiteAllyPosterDottie				4	26
21	S21_P4_200_atoms		200 Atoms	25				atoms	/wp-content/uploads/season_images/utility/score_currency_atoms.avif						4	26
21	S21_P4_playertitles_suffix_theorist		"Player Title Suffix: ""Theorist"""	20		playerTitleSuffix	Theorist	camp_player_title	/wp-content/uploads/storefront/titles-player/score_s21_playertitles_suffix_theorist.avif	Player Title Suffix	SCORE_S21_ENTM_PlayerTitles_Suffix_Theorist				4	26
21	S21_P2_playericon_dssbnud		Player Icon: DSSBNUD	15		playerIcon	DSSBNUD	player_icon	/wp-content/uploads/guide-images/atom-shop/player-icons/atx_playericon_s21_dottiedssbnud.avif	"Why do you think they're called a ""school of fish""? Because they're always learning.  - UNLOCKS A PLAYER ICON. -"	SCORE_S21_ENTM_PlayerIcon_DSSBNUD				4	26
21	S21_P4_superb_bait_x_5		Superb Bait x 5	15				superb_bait	/wp-content/uploads/season_images/utility/score_utility_superbait.avif						4	26
21	S21_P6_skin_weaponskin_peppershaker_spitfire		Spitfire Paint (Pepper Shaker)	50	TRUE				/wp-content/uploads/season_images/score_s21_skin_weaponskin_peppershaker_spitfire.avif	Intimidate your enemies with the Spitfire Paint!  - SKIN IS CRAFTABLE AT WEAPON WORKBENCHES. -	SCORE_S21_ENTM_Skin_WeaponSkin_PepperShaker_Spitfire				4	26
21	S21_P4_playertitles_prefix_paranoid		"Player Title Prefix: ""Paranoid"""	15	TRUE	playerTitlePrefix	Paranoid	camp_player_title	/wp-content/uploads/storefront/titles-player/score_s21_playertitles_prefix_paranoid.avif	Player Title Prefix	SCORE_S21_ENTM_PlayerTitles_Prefix_Paranoid				4	26
21	S21_P1_account_scoreboost_2		10% S.C.O.R.E. Boost	0	TRUE			score_booster	/wp-content/uploads/season_images/utility/score_s24_account_scoreboost_1.avif	Gain another 10% bonus S.C.O.R.E. when you complete challenges for the rest of Season 21!  - UNLOCKS BOOST FOR ALL CHARACTERS ON YOUR ACCOUNT. -  - BONUS IS APPLIED TO BASE CHALLENGE S.C.O.R.E.. -  - DOES NOT APPLY TO PREVIOUSLY COMPLETED CHALLENGES. -	SCORE_S21_ENTM_Account_ScoreBoost_2				4	26
21	S21_P8_camp_collector_dirtypond		Dirty Pond	55					/wp-content/uploads/season_images/score_s21_camp_collector_dirtypond.avif	Might not be the safest place to drink from, but it works.  Generates Dirty Water.  This item cannot be built inside of a Shelter.  - C.A.M.P. ITEMS APPEAR WHILE IN C.A.M.P. MODE. -	SCORE_S21_ENTM_CAMP_Collector_DirtyPond				5	37
21	S21_P8_camp_utility_refrigerator_gonefissioncampingcooler		Gone Fission Camping Cooler	45					/wp-content/uploads/season_images/score_s21_camp_utility_refrigerator_gonefissioncampingcooler.avif	Sip, savor, and settle in with the great oudoors,  with the Gone Fission Camping Cooler!   - C.A.M.P. ITEMS APPEAR WHILE IN C.A.M.P. MODE. -	SCORE_S21_ENTM_CAMP_Utility_Refrigerator_GoneFissionCampingCooler				5	37
21	S21_P11_camp_walldecor_framedvinylcover02		The Trip Framed Vinyl Cover	25					/wp-content/uploads/season_images/score_s21_camp_walldecor_framedvinylcover02.avif	You won't be able to stop this number from repeating on the record player, when you have The Trip Framed Vinyl Cover!  - C.A.M.P. ITEMS APPEAR WHILE IN C.A.M.P. MODE. -	SCORE_S21_ENTM_CAMP_WallDecor_FramedVinylCover02				5	37
21	S21_P4_playertitles_prefix_untangled		"Player Title Prefix: ""Untangled"""	20		playerTitlePrefix	Untangled	camp_player_title	/wp-content/uploads/storefront/titles-player/score_s21_playertitles_prefix_untangled.avif	Player Title Prefix	SCORE_S21_ENTM_PlayerTitles_Prefix_Untangled				5	37
21	S21_P3_playericon_triplethreat		Player Icon: Triple Threat	10		playerIcon	Triple Threat	player_icon	/wp-content/uploads/guide-images/atom-shop/player-icons/atx_playericon_s21_triplethreat.avif	And you thought one threat was bad?  - UNLOCKS A PLAYER ICON. -	SCORE_S21_ENTM_PlayerIcon_TripleThreat				5	37
21	S21_P10_camp_floordecor_fishingnets		Fishing Nets	0					/wp-content/uploads/season_images/score_s21_camp_floordecor_fishingnets.avif	Let everyone know you're the real big fish around here, with these Fishing Nets!   - C.A.M.P. ITEMS APPEAR WHILE IN C.A.M.P. MODE. -	SCORE_S21_ENTM_CAMP_FloorDecor_FishingNets				5	37
21	S21_P9_camp_floordecor_faketaxidermymermaid		Fake Taxidermy Mermaid	50	TRUE				/wp-content/uploads/season_images/score_s21_camp_floordecor_faketaxidermymermaid.avif	Bring the mythical to life with your very own Fake Taxidermy Mermaid!  - C.A.M.P. ITEMS APPEAR WHILE IN C.A.M.P. MODE. -	SCORE_S21_ENTM_CAMP_FloorDecor_FakeTaxidermyMermaid				5	37
21	S21_P10_camp_floordecor_buoy		Buoy	40	TRUE				/wp-content/uploads/season_images/score_s21_camp_floordecor_buoy.avif	Stay afloat, stay safe, and trust the Buoy!  - C.A.M.P. ITEMS APPEAR WHILE IN C.A.M.P. MODE. -	SCORE_S21_ENTM_CAMP_FloorDecor_Buoy				5	37
21	S21_P5_200_atoms		200 Atoms	20	TRUE			atoms	/wp-content/uploads/season_images/utility/score_currency_atoms.avif						5	37
21	S21_P5_s_c_o_r_e_booster_x_3		S.C.O.R.E. Booster x 3	10	TRUE			score_booster	/wp-content/uploads/season_images/utility/score_utility_scorebooster.avif						5	37
21	S21_P7_weapons_harpoongun_icebreaker		Ice Breaker	60					/wp-content/uploads/season_images/score_s21_weapons_harpoongun_icebreaker.avif	From a distant land, where the fish bite back. The Ice Breaker will put them to sleep, permanently.  - ITEM IS CRAFTABLE AT WEAPON WORKBENCHES. -	SCORE_S21_ENTM_Weapons_HarpoonGun_IceBreaker				6	45
21	S21_P14_photomode_frame_gonefission		Gone Fission Photomode Frame	15					/wp-content/uploads/season_images/score_s21_photomode_frame_gonefission.avif	Show off your best catch with the Gone Fission Photomode Frame!  - UNLOCKS A PHOTOMODE FRAME. -	SCORE_S21_ENTM_Photomode_Frame_GoneFission				6	45
21	S21_P6_sugar_free_nukashine_x_3		Sugar-Free Nukashine x 3	15				nukashine	/wp-content/uploads/season_images/utility/score_item_nukashine_sugarfree.avif						6	45
21	S21_P2_playericon_amphitrite		Player Icon: Amphitrite	10		playerIcon	Amphitrite	player_icon	/wp-content/uploads/guide-images/atom-shop/player-icons/atx_playericon_s21_amphitrite.avif	An excellent dancer who performs in Naxos.  - UNLOCKS A PLAYER ICON. -	SCORE_S21_ENTM_PlayerIcon_Amphitrite				6	45
21	S21_P6_200_atoms		200 Atoms	0				atoms	/wp-content/uploads/season_images/utility/score_currency_atoms.avif						6	45
21	S21_P8_camp_utility_armwrestlemachine_poseidon		Poseidon Arm Wrestle Machine	50	TRUE				/wp-content/uploads/season_images/score_s21_camp_utility_armwrestlemachine_poseidon.avif	Mortal, dare you face the might of the God of the Sea?  - Using the Arm Wrestle Machine grants a temporary boost to Charisma -  - C.A.M.P. ITEMS APPEAR WHILE IN C.A.M.P. MODE. -	SCORE_S21_ENTM_CAMP_Utility_ArmWrestleMachine_Poseidon				6	45
21	S21_P6_skin_weaponskin_combatshotgun_spitfire		Spitfire Paint (Combat Shotgun)	40	TRUE				/wp-content/uploads/season_images/score_s21_skin_weaponskin_combatshotgun_spitfire.avif	Intimidate your enemies with the Spitfire Paint!  - SKIN IS CRAFTABLE AT WEAPON WORKBENCHES. -	SCORE_S21_ENTM_Skin_WeaponSkin_CombatShotgun_Spitfire				6	45
21	S21_P6_re_roller_x_5		Re-Roller x 5	10	TRUE			re_roller	/wp-content/uploads/season_images/utility/score_utility_reroller.avif						6	45
21	S21_P12_camp_walldecor_letterkit_gooletters		Goo Letter Kit Set	65					/wp-content/uploads/season_images/score_s21_camp_walldecor_letterkit_gooletters.avif	Why use glow-in-the-dark paint when radioactive goo is readily available?  This set includes a unique, placable item for each letter of the alphabet and some punctuation!  - C.A.M.P. ITEMS APPEAR WHILE IN C.A.M.P. MODE. -	SCORE_S21_ENTM_CAMP_WallDecor_LetterKit_GooLetters				7	56
21	S21_P9_camp_furniture_chair_drowned		Drowned Chaise Lounge	40					/wp-content/uploads/season_images/score_s21_camp_furniture_chair_drowned.avif	Lounge about as if you're in the ocean with this Drowned Chaise Lounge!  - C.A.M.P. ITEMS APPEAR WHILE IN C.A.M.P. MODE. -	SCORE_S21_ENTM_CAMP_Furniture_Chair_Drowned				7	56
21	S21_P5_apparel_headwear_snorkelmask		Snorkel Mask	30					/wp-content/uploads/season_images/score_s21_apparel_headwear_snorkelmask.avif	Take a good look under the dirty, polluted waters.  - APPAREL IS CRAFTABLE AT ARMOR WORKBENCHES. -	SCORE_S21_ENTM_Apparel_Headwear_SnorkelMask				7	56
21	S21_P10_camp_floordecor_vinylcrate		Crate of Vinyls	25					/wp-content/uploads/season_images/score_s21_camp_floordecor_vinylcrate.avif	A lot of style for such a small case, it can barely be contained.  - C.A.M.P. ITEMS APPEAR WHILE IN C.A.M.P. MODE. -	SCORE_S21_ENTM_CAMP_FloorDecor_VinylCrate				7	56
21	S21_P9_camp_floordecor_bottleclutter01		Bottle Clutter Set #1	20					/wp-content/uploads/season_images/score_s21_camp_floordecor_bottleclutter01.avif	Decorate your home with the beauty of a shining selection of bottles.  - C.A.M.P. ITEMS APPEAR WHILE IN C.A.M.P. MODE. -	SCORE_S21_ENTM_CAMP_FloorDecor_BottleClutter01				7	56
21	S21_P2_playericon_fishpot		Player Icon: Fish Pot	10		playerIcon	Fish Pot	player_icon	/wp-content/uploads/guide-images/atom-shop/player-icons/atx_playericon_s21_fishpot.avif	The tastiest way to reunite fish with water.  - UNLOCKS A PLAYER ICON. -	SCORE_S21_ENTM_PlayerIcon_FishPot				7	56
21	S21_P13_camp_lights_wall_neonsigns_set		Neon Light Signs	50	TRUE				/wp-content/uploads/season_images/score_s21_camp_lights_wall_neonsigns_set.avif	Guide visitors through your C.A.M.P. with this set of Neon Light Signs!  - C.A.M.P. ITEMS APPEAR WHILE IN C.A.M.P. MODE. -	SCORE_S21_ENTM_CAMP_Lights_Wall_NeonSigns_Set				7	56
21	S21_P9_camp_floordecor_loosevinylrecords		Loose Vinyl Records	20	TRUE				/wp-content/uploads/season_images/score_s21_camp_floordecor_loosevinylrecords.avif	Display a flair for the refined when you scatter some Loose Vinyl Records around your C.A.M.P. for others to appreciate!  - C.A.M.P. ITEMS APPEAR WHILE IN C.A.M.P. MODE. -	SCORE_S21_ENTM_CAMP_FloorDecor_LooseVinylRecords				7	56
21	S21_P7_200_atoms		200 Atoms	15	TRUE			atoms	/wp-content/uploads/season_images/utility/score_currency_atoms.avif						7	56
21	S21_P1_account_scoreboost_3		10% S.C.O.R.E. Boost	0	TRUE			score_booster	/wp-content/uploads/season_images/utility/score_s24_account_scoreboost_1.avif	Gain another 10% bonus S.C.O.R.E. when you complete challenges for the rest of Season 21!  - UNLOCKS BOOST FOR ALL CHARACTERS ON YOUR ACCOUNT. -  - BONUS IS APPLIED TO BASE CHALLENGE S.C.O.R.E.. -  - DOES NOT APPLY TO PREVIOUSLY COMPLETED CHALLENGES. -	SCORE_S21_ENTM_Account_ScoreBoost_3				7	56
21	S21_P8_camp_machinery_workbench_cannery		Cannery	60					/wp-content/uploads/season_images/score_s21_camp_machinery_workbench_cannery.avif	Introducing the Cannery! Can your food and it'll last forever!  - C.A.M.P. ITEMS APPEAR WHILE IN C.A.M.P. MODE. -	SCORE_S21_ENTM_CAMP_Machinery_Workbench_Cannery				8	66
21	S21_P8_200_atoms		200 Atoms	25				atoms	/wp-content/uploads/season_images/utility/score_currency_atoms.avif						8	66
21	S21_P7_weapons_fishing_mod_fishingrod_weapon_rodbobber_babyrattle		Fishing Rod Baby Rattle Bobber Mod	20					/wp-content/uploads/season_images/score_s21_weapons_fishing_mod_fishingrod_weapon_rodbobber_babyrattle.avif	Do fish like the sound of a shaking rattle? Only one way to find out!  - ITEM IS CRAFTABLE AT TINKER'S WORKBENCHES. REQUIRES THE  FISHING ROD. -	SCORE_S21_ENTM_Weapons_Fishing_mod_FishingRod_Weapon_RodBobber_BabyRattle				8	66
21	S21_P11_camp_walldecor_framedvinylcover01		Jitter Bells Framed Vinyl Cover	20					/wp-content/uploads/season_images/score_s21_camp_walldecor_framedvinylcover01.avif	Inspire those around your C.A.M.P. to cut a rug, when they see your Jitter Bells Framed Vinyl Cover!  - C.A.M.P. ITEMS APPEAR WHILE IN C.A.M.P. MODE. -	SCORE_S21_ENTM_CAMP_WallDecor_FramedVinylCover01				8	66
21	S21_P8_mystery_magazine_package_x_3		Mystery Magazine Package x 3	15				mystery_magazine	/wp-content/uploads/season_images/utility/score_utility_magazinebookbox.avif						8	66
21	S21_P3_playericon_jitterbell		Player Icon: Jitter Bell	15		playerIcon	Jitter Bell	player_icon	/wp-content/uploads/guide-images/atom-shop/player-icons/atx_playericon_s21_jitterbell.avif	A real ring-a-ding group.  - UNLOCKS A PLAYER ICON. -	SCORE_S21_ENTM_PlayerIcon_JitterBell				8	66
21	S21_P14_camp_lights_wall_fissionsign		Gone Fission Neon Sign	0					/wp-content/uploads/season_images/score_s21_camp_lights_wall_fissionsign.avif	Gone Fission!  - C.A.M.P. ITEMS APPEAR WHILE IN C.A.M.P. MODE. -	SCORE_S21_ENTM_CAMP_Lights_Wall_FissionSign				8	66
21	S21_P14_camp_display_fishdisplay_fishhook		Set of Display Fish Hooks	50	TRUE				/wp-content/uploads/season_images/score_s21_camp_display_fishdisplay_fishhook.avif	Display your proudest catch with this Set of Display Fish Hooks!  - C.A.M.P. ITEMS APPEAR WHILE IN C.A.M.P. MODE. -	SCORE_S21_ENTM_CAMP_Display_FishDisplay_FishHook				8	66
21	S21_P10_camp_floordecor_drownedlamp		Drowned Spotlight Lamp	35	TRUE				/wp-content/uploads/season_images/score_s21_camp_floordecor_drownedlamp.avif	This light DID survive the Ocean floor.  - C.A.M.P. ITEMS APPEAR WHILE IN C.A.M.P. MODE. -	SCORE_S21_ENTM_CAMP_FloorDecor_DrownedLamp				8	66
21	S21_P4_playertitles_suffix_bobber		"Player Title Suffix: ""Bobber"""	10	TRUE	playerTitleSuffix	Bobber	camp_player_title	/wp-content/uploads/storefront/titles-player/score_s21_playertitles_suffix_bobber.avif	Player Title Suffix	SCORE_S21_ENTM_PlayerTitles_Suffix_Bobber				8	66
21	S21_P11_camp_walldecor_taxidermysharkjaw		Taxidermy Shark Jaw	30					/wp-content/uploads/season_images/score_s21_camp_walldecor_taxidermysharkjaw.avif	Display some beautiful pearly whites with the Taxidermy Shark Jaw!  - C.A.M.P. ITEMS APPEAR WHILE IN C.A.M.P. MODE. -	SCORE_S21_ENTM_CAMP_WallDecor_TaxidermySharkJaw				9	74
21	S21_P14_skin_backpackflair_sharktooth		Shark Tooth Backpack Flair	15					/wp-content/uploads/season_images/score_s21_skin_backpackflair_sharktooth.avif	Show your strength over water-dwelling creatures with this Shark Tooth Backpack Flair!  - SKIN IS CRAFTABLE AT ARMOR WORKBENCHES. -	SCORE_S21_ENTM_Skin_BackpackFlair_SharkTooth				9	74
21	S21_P9_caps_x_5000		Caps x 5000	10				caps	/wp-content/uploads/season_images/utility/score_currency_caps.avif						9	74
21	S21_P2_playericon_chainsawvaultgirl		Player Icon: Chainsaw Vault Girl	0		playerIcon	Chainsaw Vault Girl	player_icon	/wp-content/uploads/guide-images/atom-shop/player-icons/atx_playericon_s21_chainsawvaultgirl.avif	That's one way to debone them.  - UNLOCKS A PLAYER ICON. -	SCORE_S21_ENTM_PlayerIcon_ChainsawVaultGirl				9	74
21	S21_P9_houseboat_survival_tent		Houseboat Survival Tent	80	TRUE					Keep your Houseboat Survival Tent nearby while going on those long fishing trips!  The Survival Tent can be placed through the Favorites Menu.  This offer is exclusive to Fallout 1st Members.  - UNLOCKS A VARIANT OF THE SURVIVAL TENT.-	SCORE_S21_F1_ENTM_SurvivalTent_Skin_Houseboat				9	74
21	S21_P6_skin_weaponskin_chainsaw_spitfire		Spitfire Paint (Chainsaw)	45	TRUE				/wp-content/uploads/season_images/score_s21_skin_weaponskin_chainsaw_spitfire.avif	Intimidate your enemies with the Spitfire Paint!  - SKIN IS CRAFTABLE AT WEAPON WORKBENCHES. -	SCORE_S21_ENTM_Skin_WeaponSkin_Chainsaw_Spitfire				9	74
21	S21_P9_200_atoms		200 Atoms	10	TRUE			atoms	/wp-content/uploads/season_images/utility/score_currency_atoms.avif						9	74
21	S21_P7_weapons_fishing_mod_fishingrod_weapon_rodbobber_grenade		Fishing Rod Grenade Bobber Mod	10	TRUE				/wp-content/uploads/season_images/score_s21_weapons_fishing_mod_fishingrod_weapon_rodbobber_grenade.avif	Aim for explosive results with this Fishing Rod Grenade Bobber Mod!  - ITEM IS CRAFTABLE AT TINKER'S WORKBENCHES. REQUIRES THE  FISHING ROD. -	SCORE_S21_ENTM_Weapons_Fishing_mod_FishingRod_Weapon_RodBobber_Grenade				9	74
21	S21_P9_camp_floordecor_plesiosaurstatue		Plesiosaur Statue	50					/wp-content/uploads/season_images/score_s21_camp_floordecor_plesiosaurstatue.avif	Swim with the monsters, or what's left of them, with this Plesiosaur Statue!  - C.A.M.P. ITEMS APPEAR WHILE IN C.A.M.P. MODE. -	SCORE_S21_ENTM_CAMP_FloorDecor_PlesiosaurStatue				10	85
21	S21_P6_skin_weaponskin_teslacannon_spitfire		Spitfire Paint (Tesla Cannon)	45					/wp-content/uploads/season_images/score_s21_skin_weaponskin_teslacannon_spitfire.avif	Intimidate your enemies with the Spitfire Paint!  - SKIN IS CRAFTABLE AT WEAPON WORKBENCHES. -	SCORE_S21_ENTM_Skin_WeaponSkin_TeslaCannon_Spitfire				10	85
21	S21_P12_camp_walldecor_appalachiafishposters_03		Fish of Appalachia: Savage Divide Poster	30					/wp-content/uploads/season_images/score_s21_camp_walldecor_appalachiafishposters_03.avif	Study your prey with the Fish of Appalachia: Savage Divide Poster!  - C.A.M.P. ITEMS APPEAR WHILE IN C.A.M.P. MODE. -	SCORE_S21_ENTM_CAMP_WallDecor_AppalachiaFishPosters_03				10	85
21	S21_P10_200_atoms		200 Atoms	25				atoms	/wp-content/uploads/season_images/utility/score_currency_atoms.avif						10	85
21	S21_P11_camp_walldecor_framedvinylcover03		Euphonium Union Framed Vinyl Cover	25					/wp-content/uploads/season_images/score_s21_camp_walldecor_framedvinylcover03.avif	You'll be the bell of the brass ball, with the Euphonium Union Framed Vinyl Cover!  - C.A.M.P. ITEMS APPEAR WHILE IN C.A.M.P. MODE. -	SCORE_S21_ENTM_CAMP_WallDecor_FramedVinylCover03				10	85
21	S21_P10_lunchbox_x_5		Lunchbox x 5	15				lunchbox	/wp-content/uploads/season_images/utility/atx_store_lunchbox001.avif						10	85
21	S21_P4_playertitles_suffix_angler		"Player Title Suffix: ""Angler"""	15		playerTitleSuffix	Angler	camp_player_title	/wp-content/uploads/storefront/titles-player/score_s21_playertitles_suffix_angler.avif	Player Title Suffix	SCORE_S21_ENTM_PlayerTitles_Suffix_Angler				10	85
21	S21_P10_camp_floordecor_lilypads		Lily Pad Platforms	45	TRUE				/wp-content/uploads/season_images/score_s21_camp_floordecor_lilypads.avif	Hop to it with these Lily Pad Platforms!  - C.A.M.P. ITEMS APPEAR WHILE IN C.A.M.P. MODE. -	SCORE_S21_ENTM_CAMP_FloorDecor_Lilypads				10	85
21	S21_P2_playericon_euphonium		Player Icon: Euphonium Union	15	TRUE	playerIcon	Euphonium Union	player_icon	/wp-content/uploads/guide-images/atom-shop/player-icons/atx_playericon_s21_euphonium.avif	What happens when a bunch of brass gets together.  - UNLOCKS A PLAYER ICON. -	SCORE_S21_ENTM_PlayerIcon_Euphonium				10	85
21	S21_P10_s_c_o_r_e_booster_x_3		S.C.O.R.E. Booster x 3	10	TRUE			score_booster	/wp-content/uploads/season_images/utility/score_utility_scorebooster.avif						10	85
21	S21_P12_camp_walldecor_endofseasonart		Framed Gone Fission Wall Art	25					/wp-content/uploads/season_images/score_s21_camp_walldecor_endofseasonart.avif	Display your fishing prowess with this Framed Gone Fission Wall art.  - C.A.M.P. ITEMS APPEAR WHILE IN C.A.M.P. MODE. -	SCORE_S21_ENTM_CAMP_WallDecor_EndofSeasonArt				11	90
21	S21_P9_camp_floordecor_stein_fish		Fishie Stein	20					/wp-content/uploads/season_images/score_s21_camp_floordecor_stein_fish.avif	Something seems fishy about this stein.  - C.A.M.P. ITEMS APPEAR WHILE IN C.A.M.P. MODE. -	SCORE_S21_ENTM_CAMP_FloorDecor_Stein_Fish				11	90
21	S21_P9_camp_floordecor_bottleclutter02		Bottle Clutter Set #2	15					/wp-content/uploads/season_images/score_s21_camp_floordecor_bottleclutter02.avif	Decorate your home with the beauty of a shining selection of bottles.  - C.A.M.P. ITEMS APPEAR WHILE IN C.A.M.P. MODE. -	SCORE_S21_ENTM_CAMP_FloorDecor_BottleClutter02				11	90
21	S21_P7_weapons_fishing_mod_fishingrod_weapon_rodbobber_lightbulb		Fishing Rod Light Bulb Bobber Mod	15					/wp-content/uploads/season_images/score_s21_weapons_fishing_mod_fishingrod_weapon_rodbobber_lightbulb.avif	Light up your catch with this Fishing Rod Light Bulb Bobber Mod!  - ITEM IS CRAFTABLE AT TINKER'S WORKBENCHES. REQUIRES THE  FISHING ROD. -	SCORE_S21_ENTM_Weapons_Fishing_mod_FishingRod_Weapon_RodBobber_LightBulb				11	90
21	S21_P2_playericon_isotopeisaac		Player Icon: Isotype Isaac	10		playerIcon	Isotype Isaac	player_icon	/wp-content/uploads/guide-images/atom-shop/player-icons/atx_playericon_s21_isotypeisaac.avif	Isaac and his Big Boom Band have really good chemistry.  - UNLOCKS A PLAYER ICON. -	SCORE_S21_ENTM_PlayerIcon_IsotopeIsaac				11	90
21	S21_P12_camp_walldecor_appalachiafishposters_01		Fish of Appalachia: Toxic Valley Poster	25	TRUE				/wp-content/uploads/season_images/score_s21_camp_walldecor_appalachiafishposters_01.avif	Study your prey with the Fish of Appalachia: Toxic Valley Poster!  - C.A.M.P. ITEMS APPEAR WHILE IN C.A.M.P. MODE. -	SCORE_S21_ENTM_CAMP_WallDecor_AppalachiaFishPosters_01				11	90
21	S21_P11_camp_walldecor_framedvinylcover04		Isotype Isaac Framed Vinyl Cover	15	TRUE				/wp-content/uploads/season_images/score_s21_camp_walldecor_framedvinylcover04.avif	Start a meltdown on the dance floor of any party with the Isotype Isaac Framed Vinyl Cover!  - C.A.M.P. ITEMS APPEAR WHILE IN C.A.M.P. MODE. -	SCORE_S21_ENTM_CAMP_WallDecor_FramedVinylCover04				11	90
21	S21_P13_camp_scrapbox_seaweed		Seaweed Scrapbox	0	TRUE				/wp-content/uploads/season_images/score_s21_camp_scrapbox_seaweed.avif	This Seaweed Scrapbox has storage like the depths of the ocean.  Included with membership in Fallout 1st and the base Scrapbox. You must be an active Member to deposit Scrap into the Scrapbox.  - C.A.M.P. ITEMS APPEAR WHILE IN C.A.M.P. MODE. -	SCORE_S21_ENTM_CAMP_ScrapBox_Seaweed				11	90
21	S21_P8_camp_structure_houseboat		Houseboat	200					/wp-content/uploads/season_images/score_s21_camp_structure_houseboat.avif	Rock the boat with your new House Boat!  - C.A.M.P. ITEMS APPEAR WHILE IN C.A.M.P. MODE. -	SCORE_S21_ENTM_CAMP_Structure_HouseBoat				B1	100
21	S21_P12_camp_walldecor_letterkit_bloodletters		Blood Letter Kit Set	160					/wp-content/uploads/season_images/score_s21_camp_walldecor_letterkit_bloodletters.avif	A smattering of blood to send messages to those close by...  This set includes a unique, placable item for each letter of the alphabet and some punctuation!  - C.A.M.P. ITEMS APPEAR WHILE IN C.A.M.P. MODE. -	SCORE_S21_ENTM_CAMP_WallDecor_LetterKit_BloodLetters				B1	100
21	S21_P9_camp_floordecor_seaserpentstatue		Sea Serpent Statue	150					/wp-content/uploads/season_images/score_s21_camp_floordecor_seaserpentstatue.avif	If you thought there weren't enough cryptids in Appalachia, add to the list with this Sea Serpent Statue Statue!  - C.A.M.P. ITEMS APPEAR WHILE IN C.A.M.P. MODE. -	SCORE_S21_ENTM_CAMP_FloorDecor_SeaSerpentStatue				B1	100
21	S21_P13_camp_display_weaponrack_fishheadfishingroddisplay		Fish Head Fishing Rod Display	130					/wp-content/uploads/season_images/score_s21_camp_display_weaponrack_fishheadfishingroddisplay.avif	Show off how you get your catch of the day with this Fish Head Fishing Rod Display!  - C.A.M.P. ITEMS APPEAR WHILE IN C.A.M.P. MODE. -	SCORE_S21_ENTM_CAMP_Display_WeaponRack_FishHeadFishingRodDisplay				B1	100
21	S21_P6_skin_weaponskin_autogrenadelauncher_spitfire		Spitfire Paint (Auto Grenade Launcher)	130					/wp-content/uploads/season_images/score_s21_skin_weaponskin_autogrenadelauncher_spitfire.avif	Intimidate your enemies with the Spitfire Paint!  - SKIN IS CRAFTABLE AT WEAPON WORKBENCHES. -	SCORE_S21_ENTM_Skin_WeaponSkin_AutoGrenadeLauncher_Spitfire				B1	100
21	S21_P13_skin_backpack_oxygentank		Oxygen Tank Backpack	125					/wp-content/uploads/season_images/score_s21_skin_backpack_oxygentank.avif	Breath easy! Your adventure is elevated with this Oxygen Tank Backpack!    - SKIN IS CRAFTABLE AT ARMOR WORKBENCHES. -	SCORE_S21_ENTM_Skin_Backpack_OxygenTank				B1	100
21	S21_P10_camp_floordecor_octopusinabottle_copy01		Bottled Octopus	115					/wp-content/uploads/season_images/score_s21_camp_floordecor_octopusinabottle_copy01.avif	The perfect pairing for bottled ships.  - C.A.M.P. ITEMS APPEAR WHILE IN C.A.M.P. MODE. -	SCORE_S21_ENTM_CAMP_FloorDecor_OctopusInABottle_Copy01				B1	100
21	S21_P12_camp_walldecor_appalachiafishposters_02		Fish of Appalachia: Ash Heap Poster	100					/wp-content/uploads/season_images/score_s21_camp_walldecor_appalachiafishposters_02.avif	Study your prey with the Fish of Appalachia: Ash Heap Poster!  - C.A.M.P. ITEMS APPEAR WHILE IN C.A.M.P. MODE. -	SCORE_S21_ENTM_CAMP_WallDecor_AppalachiaFishPosters_02				B1	100
21	S21_P7_weapons_fishing_mod_fishingrod_weapon_rodbobber_nukabobber		Fishing Rod Nuka Bobber Mod	80					/wp-content/uploads/season_images/score_s21_weapons_fishing_mod_fishingrod_weapon_rodbobber_nukabobber.avif	For when you're open to catching fish and Nuka-Cola fans.  - ITEM IS CRAFTABLE AT TINKER'S WORKBENCHES. REQUIRES THE  FISHING ROD. -	SCORE_S21_ENTM_Weapons_Fishing_mod_FishingRod_Weapon_RodBobber_NukaBobber				B1	100
21	S21_P2_playericon_gonefission		Player Icon: Gone Fission	60		playerIcon	Gone Fission	player_icon	/wp-content/uploads/guide-images/atom-shop/player-icons/atx_playericon_s21_gonefission.avif	A succinct explanation of why you can't work.  - UNLOCKS A PLAYER ICON. -	SCORE_S21_ENTM_PlayerIcon_GoneFission				B1	100
21	S21_PB2_100_atoms		100 Atoms	250				atoms	/wp-content/uploads/season_images/utility/score_currency_atoms.avif	Reads '100 ATOMS' for 250 tickets on the bonus page - verified against a zoomed crop.					B2	150
21	S21_PB2_caps_x_5000		Caps x 5000	75				caps	/wp-content/uploads/season_images/utility/score_currency_caps.avif						B2	150
21	S21_PB2_gold_bullion_x_100		Gold Bullion x 100	75				gold_bullion	/wp-content/uploads/season_images/utility/score_currency_bullion.avif						B2	150
21	S21_PB2_legendary_module_x_10		Legendary Module x 10	75				legendary_module	/wp-content/uploads/season_images/utility/score_game_legendarymodule.avif						B2	150
21	S21_PB2_lunchbox_x_5		Lunchbox x 5	75				lunchbox	/wp-content/uploads/season_images/utility/atx_store_lunchbox001.avif						B2	150
21	S21_PB2_nuclear_keycard_x_5		Nuclear Keycard x 5	75				nuclear_keycard	/wp-content/uploads/season_images/utility/score_utility_nuclearkeycard.avif						B2	150
21	S21_PB2_perk_coin_x_25		Perk Coin x 25	75				perk_coins	/wp-content/uploads/season_images/utility/score_currency_perkcoin.avif						B2	150
21	S21_PB2_repair_kit		Repair Kit	75				repair_kit	/wp-content/uploads/season_images/utility/atx_utility_repairkit_basic.avif						B2	150
21	S21_PB2_scouts_banner_x_5		Scout's Banner x 5	75				scouts_banner	/wp-content/uploads/season_images/utility/score_coen_utility_banner.avif						B2	150
21	S21_PB2_superb_bait_x_5		Superb Bait x 5	75				superb_bait	/wp-content/uploads/season_images/utility/score_utility_superbait.avif						B2	150
21	S21_P14_camp_ceilingdecor_fishingnets		Hanging Fishing Net	25					/wp-content/uploads/season_images/score_s21_camp_ceilingdecor_fishingnets.webp	That's one way to store it.  - C.A.M.P. ITEMS APPEAR WHILE IN C.A.M.P. MODE. -	zzzSCORE_S21_ENTM_CAMP_CeilingDecor_FishingNets					
21	S21_P14_camp_ceilingdecor_hangingbuoy		Ceiling Decor Hanging Buoy	0					/wp-content/uploads/season_images/score_s21_camp_ceilingdecor_hangingbuoy.webp	- C.A.M.P. ITEMS APPEAR WHILE IN C.A.M.P. MODE. -	zzzSCORE_S21_ENTM_CAMP_CeilingDecor_HangingBuoy					
21	S21_P10_camp_floordecor_fishingcutout		Floor Decor Fishing Cutout	0					/wp-content/uploads/season_images/score_s21_camp_floordecor_fishingcutout.webp	- C.A.M.P. ITEMS APPEAR WHILE IN C.A.M.P. MODE. -	zzzSCORE_S21_ENTM_CAMP_FloorDecor_FishingCutout					
21	S21_P3_playericon_linda_lee		Player Icon: Linda-Lee	0		playerIcon	Linda-Lee	player_icon	/wp-content/uploads/guide-images/atom-shop/player-icons/atx_playericon_s21_linda-lee.avif	Takes a bit to come out of her shell.  - UNLOCKS A PLAYER ICON. -	SCORE_S21_ENTM_PlayerIcon_Linda-Lee					
21	S21_P3_playericon_poseidon		Player Icon: Poseidon	0		playerIcon	Poseidon	player_icon	/wp-content/uploads/guide-images/atom-shop/player-icons/atx_playericon_s21_poseidon.avif	God of the Sea, and unfortunate uncle to many.  - UNLOCKS A PLAYER ICON. -	SCORE_S21_ENTM_PlayerIcon_Poseidon					
21	S21_P3_playericon_spikesnapper		Player Icon: Spikesnapper	0		playerIcon	Spikesnapper	player_icon	/wp-content/uploads/guide-images/atom-shop/player-icons/atx_playericon_s21_spikesnapper.avif	If you want your spikes in one piece, don't leave them around him.  - UNLOCKS A PLAYER ICON. -	SCORE_S21_ENTM_PlayerIcon_Spikesnapper					
22	S22_P12_camp_displaycase_bowlingballrack_nukacola		Nuka-Cola Bowling Ball Rack Display Case	35					/wp-content/uploads/season_images/score_s22_camp_displaycase_bowlingballrack_nukacola.avif	The best spot for displaying bowling balls is on this Nuka-Cola Bowling Ball Rack!  - C.A.M.P. ITEMS APPEAR WHILE IN C.A.M.P. MODE. -	SCORE_S22_ENTM_CAMP_Displaycase_BowlingBallRack_NukaCola				1	0
22	S22_P1_200_atoms		200 Atoms	25				atoms	/wp-content/uploads/season_images/utility/score_currency_atoms.avif						1	0
22	S22_P10_camp_floordecor_bowlingball_nukacola		Nuka-Cola Bowling Ball	20					/wp-content/uploads/season_images/score_s22_camp_floordecor_bowlingball_nukacola.avif	Earn some caps at the local alley with the Nuka-Cola Bowling Ball!  - C.A.M.P. ITEMS APPEAR WHILE IN C.A.M.P. MODE. -	SCORE_S22_ENTM_CAMP_FloorDecor_BowlingBall_NukaCola				1	0
22	S22_P1_re_roller_x_5		Re-Roller x 5	20				re_roller	/wp-content/uploads/season_images/utility/score_utility_reroller.avif						1	0
22	S22_P1_mystery_bobblehead_x_3		Mystery Bobblehead x 3	15				mystery_bobblehead	/wp-content/uploads/season_images/utility/score_utility_mysterybobblehead.avif						1	0
22	S22_P9_camp_furniture_jukebox_nukacolajuke		Nuka-Cola Jukebox	45	TRUE				/wp-content/uploads/season_images/score_s22_camp_furniture_jukebox_nukacolajuke.avif	Pop a cap and drop a track with this Nuka-Cola Jukebox!  - C.A.M.P. ITEMS APPEAR WHILE IN C.A.M.P. MODE. -	SCORE_S22_ENTM_CAMP_Furniture_Jukebox_NukaColaJuke				1	0
22	S22_P14_skin_backpack_nukacolagrapebottleopener_flair		Nuka-Grape Bottle Opener Backpack Flair	15	TRUE				/wp-content/uploads/season_images/score_s22_skin_backpack_nukacolagrapebottleopener_flair.avif	Craving a Nuka-Grape without an opener on hand? Try hanging one off your backpack!  - SKIN IS CRAFTABLE AT ARMOR WORKBENCHES. -	SCORE_S22_ENTM_Skin_Backpack_NukaColaGrapeBottleOpener_Flair				1	0
22	S22_P1_account_scoreboost_1		5% S.C.O.R.E. Boost	0	TRUE			score_booster	/wp-content/uploads/season_images/utility/score_s24_account_scoreboost_1.avif	Gain 5% bonus S.C.O.R.E. when you complete challenges for the rest of Season 22!  - UNLOCKS BOOST FOR ALL CHARACTERS ON YOUR ACCOUNT. -  - BONUS IS APPLIED TO BASE CHALLENGE S.C.O.R.E. -  - DOES NOT APPLY TO PREVIOUSLY COMPLETED CHALLENGES. -	SCORE_S22_ENTM_Account_ScoreBoost_1				1	0
22	S22_P10_camp_floordecor_plushie_mrfuzzy_nukacola_cranberry		Mr.Cran Plushie	30					/wp-content/uploads/season_images/score_s22_camp_floordecor_plushie_mrfuzzy_nukacola_cranberry.avif	Nuka-Cola is a proud sponsor of Camden Park! In honor of this sponsorship we are introducing the new Mr.Cran Plushie!  - C.A.M.P. ITEMS APPEAR WHILE IN C.A.M.P. MODE. -	SCORE_S22_ENTM_CAMP_FloorDecor_Plushie_MrFuzzy_NukaCola_Cranberry				2	6
22	S22_P4_playertitles_suffix_reader		"Player Title Suffix: ""Reader"""	20		playerTitleSuffix	Reader	camp_player_title	/wp-content/uploads/storefront/titles-player/score_s22_playertitles_suffix_reader.avif	Player Title Suffix	SCORE_S22_ENTM_PlayerTitles_Suffix_Reader				2	6
22	S22_P2_lunchbox_x_3		Lunchbox x 3	15				lunchbox	/wp-content/uploads/season_images/utility/atx_store_lunchbox001.avif						2	6
22	S22_P2_playericon_mrfuzzy_cranberry		Player Icon: Mr. Cran	15		playerIcon	Mr. Cran	player_icon	/wp-content/uploads/guide-images/atom-shop/player-icons/atx_playericon_s22_mrfuzzy_nukacolacranberry.avif	A fuzzy friend with the faint smell of Thanksgiving dinner.  - UNLOCKS A PLAYER ICON. -	SCORE_S22_ENTM_PlayerIcon_MrFuzzy_Cranberry				2	6
22	S22_P2_nuclear_keycard_x_5		Nuclear Keycard x 5	10				nuclear_keycard	/wp-content/uploads/season_images/utility/score_utility_nuclearkeycard.avif						2	6
22	S22_P11_camp_walldecor_cranfuzzyposter		Nuka-Cola Cranberry Mr. Fuzzy Poster	0					/wp-content/uploads/season_images/score_s22_camp_walldecor_cranfuzzyposter.avif	Show off your favorite Mr. Fuzzy AND Nuka flavor with one poster.  - C.A.M.P. ITEMS APPEAR WHILE IN C.A.M.P. MODE. -	SCORE_S22_ENTM_CAMP_WallDecor_CranFuzzyPoster				2	6
22	S22_P13_furniture_foosballtable_nukacola		Nuka-Cola Foosball Table	45	TRUE				/wp-content/uploads/season_images/score_s22_furniture_foosballtable_nukacola.avif	Wondering if Bottle or Cappy are better at kicking things? Guess it's time to play a friendly Nuka-Cola approved foosball game!  - C.A.M.P. ITEMS APPEAR WHILE IN C.A.M.P. MODE. -	SCORE_S22_ENTM_Furniture_FoosballTable_NukaCola				2	6
22	S22_P2_200_atoms		200 Atoms	15	TRUE			atoms	/wp-content/uploads/season_images/utility/score_currency_atoms.avif						2	6
22	S22_P12_camp_stashbox_h_htools		H&H Tools Stash Box	45					/wp-content/uploads/season_images/score_s22_camp_stashbox_h&htools.avif	Stash all your tools in the new company authorized H&H Tools Stash Box!  - C.A.M.P. ITEMS APPEAR WHILE IN C.A.M.P. MODE. -	SCORE_S22_ENTM_CAMP_StashBox_H&HTools				3	12
22	S22_P9_camp_floordecor_bowlingball_h_h		H&H Bowling Ball	25					/wp-content/uploads/season_images/score_s22_camp_floordecor_bowlingball_h&h.avif	Represent H&H Tools on the lanes with this H&H Bowling Ball!  - C.A.M.P. ITEMS APPEAR WHILE IN C.A.M.P. MODE. -	SCORE_S22_ENTM_CAMP_FloorDecor_BowlingBall_H&H				3	12
22	S22_P3_carry_weight_booster_x_5		Carry Weight Booster x 5	20				carry_weight_booster	/wp-content/uploads/season_images/utility/score_utility_carryweight.avif						3	12
22	S22_P12_skin_backpack_circleg_flair		Circle G Backpack Flair	15					/wp-content/uploads/season_images/score_s22_skin_backpack_circleg_flair.avif	Blast em away in style with the Circle G Backpack Flair!  - SKIN IS CRAFTABLE AT ARMOR WORKBENCHES. -	SCORE_S22_ENTM_Skin_Backpack_CircleG_Flair				3	12
22	S22_P3_superb_bait_x_5		Superb Bait x 5	25	TRUE			superb_bait	/wp-content/uploads/season_images/utility/score_utility_superbait.avif						3	12
22	S22_P9_camp_floordecor_bowlingball_circleg		Circle G Bowling Ball	20	TRUE				/wp-content/uploads/season_images/score_s22_camp_floordecor_bowlingball_circleg.avif	Lock 'n' Load at the lanes with the power of the Circle G Bowling Ball at your fingertips!  - C.A.M.P. ITEMS APPEAR WHILE IN C.A.M.P. MODE. -	SCORE_S22_ENTM_CAMP_FloorDecor_BowlingBall_CircleG				3	12
22	S22_P12_camp_ammostashbox_circleg		Circle G Ammo Stash Box	0	TRUE				/wp-content/uploads/season_images/score_s22_camp_ammostashbox_circleg.avif	Unload that ammo at the new company authorized Circle G Ammo Stash Box!  Included with membership in Fallout 1st. You must be an active Member to deposit ammo into the Ammo Storage Box.  - C.A.M.P. ITEMS APPEAR WHILE IN C.A.M.P. MODE. -	SCORE_S22_ENTM_CAMP_AmmoStashBox_CircleG				3	12
22	S22_P6_weapons_cosmicknife		Cosmic Knife	50					/wp-content/uploads/season_images/score_s22_weapons_cosmicknife.avif	Developed by military scientists & precision forged from space-age materials, get your Cosmic Knife today!  (Superheated mod craftable at weapon workbenches)  - ITEM IS CRAFTABLE AT WEAPON WORKBENCHES. -	SCORE_S22_ENTM_Weapons_CosmicKnife				4	18
22	S22_P4_200_atoms		200 Atoms	25				atoms	/wp-content/uploads/season_images/utility/score_currency_atoms.avif						4	18
22	S22_P14_photomode_frame_knifeframe		Cosmic Knife Photomode Frame	15					/wp-content/uploads/season_images/score_s22_photomode_frame_knifeframe.avif	Cut out of a slice of your life with the Cosmic Knife Photomode Frame!  - UNLOCKS A PHOTOMODE FRAME. -	SCORE_S22_ENTM_Photomode_Frame_KnifeFrame				4	18
22	S22_P2_playericon_beheadedchicken		Player Icon: Beheaded Chicken	15		playerIcon	Beheaded Chicken	player_icon	/wp-content/uploads/guide-images/atom-shop/player-icons/atx_playericon_s22_beheadedchicken.avif	Might be smart to quit while you're a head.  - UNLOCKS A PLAYER ICON. -	SCORE_S22_ENTM_PlayerIcon_BeheadedChicken				4	18
22	S22_P9_camp_floordecor_bowlingball_saturnite		Saturnite Bowling Ball	0					/wp-content/uploads/season_images/score_s22_camp_floordecor_bowlingball_saturnite.avif	Set 'em up and knock 'em down with this bowling ball made of Saturnite!  - C.A.M.P. ITEMS APPEAR WHILE IN C.A.M.P. MODE. -	SCORE_S22_ENTM_CAMP_FloorDecor_BowlingBall_Saturnite				4	18
22	S22_P14_camp_decor_cosmicknifead		Cosmic Knife Advertisements	25	TRUE				/wp-content/uploads/season_images/score_s22_camp_decor_cosmicknifead.avif	Let everybody know about your favorite bladed cooking utensil with these Cosmic Knife Advertisements!  (Includes Cosmic Knife Poster wall decor and Cosmic Knife Sign floor decor)  - C.A.M.P. ITEMS APPEAR WHILE IN C.A.M.P. MODE. -	SCORE_S22_ENTM_CAMP_Decor_CosmicKnifeAd				4	18
22	S22_P2_playericon_cosmicknife_man		Player Icon: Cosmic Knife Chef	10	TRUE	playerIcon	Cosmic Knife Chef	player_icon	/wp-content/uploads/guide-images/atom-shop/player-icons/atx_playericon_s22_cosmicknife_mascot.avif	Stays sharp and will last a lifetime!	SCORE_S22_ENTM_PlayerIcon_CosmicKnife_Man				4	18
22	S22_P4_playertitles_prefix_saturnite		"Player Title Prefix: ""Saturnite"""	10	TRUE	playerTitlePrefix	Saturnite	camp_player_title	/wp-content/uploads/storefront/titles-player/score_s22_playertitles_prefix_saturnite.avif	Player Title Prefix	SCORE_S22_ENTM_PlayerTitles_Prefix_Saturnite				4	18
22	S22_P10_camp_floordecor_rug_mothmanmuseum		Mothman Museum Rug	35					/wp-content/uploads/season_images/score_s22_camp_floordecor_rug_mothmanmuseum.avif	It is said that this very Mothman Museum Rug was donated by an anonymous source, left directly at the door step.  - C.A.M.P. ITEMS APPEAR WHILE IN C.A.M.P. MODE. -	SCORE_S22_ENTM_CAMP_FloorDecor_Rug_MothmanMuseum				5	26
22	S22_P10_camp_floordecor_bowlingballmothman		Mothman Bowling Ball	25					/wp-content/uploads/season_images/score_s22_camp_floordecor_bowlingballmothman.avif	His strike is righteous, and the pins are willfully ignorant.  - C.A.M.P. ITEMS APPEAR WHILE IN C.A.M.P. MODE. -	SCORE_S22_ENTM_CAMP_FloorDecor_BowlingBallMothman				5	26
22	S22_P5_s_c_o_r_e_booster_x_3		S.C.O.R.E. Booster x 3	25				score_booster	/wp-content/uploads/season_images/utility/score_utility_scorebooster.avif						5	26
22	S22_P13_camp_floordecor_statue_miniature_mothman		Miniature Mothman Statue	20					/wp-content/uploads/season_images/score_s22_camp_floordecor_statue_miniature_mothman.avif	His reputation is large! This statue... Less so.  - C.A.M.P. ITEMS APPEAR WHILE IN C.A.M.P. MODE. -	SCORE_S22_ENTM_CAMP_Floordecor_Statue_Miniature_Mothman				5	26
22	S22_P5_superb_bait_x_5		Superb Bait x 5	20				superb_bait	/wp-content/uploads/season_images/utility/score_utility_superbait.avif						5	26
22	S22_P4_playertitles_prefix_wellread		"Player Title Prefix: ""Well-Read"""	15		playerTitlePrefix	Well-Read	camp_player_title	/wp-content/uploads/storefront/titles-player/score_s22_playertitles_prefix_wellread.avif	Player Title Prefix	SCORE_S22_ENTM_PlayerTitles_Prefix_WellRead				5	26
22	S22_P11_camp_walldecor_mothmanmuseumsign		Mothman Museum Sign	25	TRUE				/wp-content/uploads/season_images/score_s22_camp_walldecor_mothmanmuseumsign.avif	Show your love for the famous Mothman Museum with this sign that may or may not have been pried from the exterior.  - C.A.M.P. ITEMS APPEAR WHILE IN C.A.M.P. MODE. -	SCORE_S22_ENTM_CAMP_WallDecor_MothmanMuseumSign				5	26
22	S22_P5_200_atoms		200 Atoms	20	TRUE			atoms	/wp-content/uploads/season_images/utility/score_currency_atoms.avif						5	26
22	S22_P14_skin_backpackflair_mothmanlogo		Mothman Museum Backpack Flair	15	TRUE				/wp-content/uploads/season_images/score_s22_skin_backpackflair_mothmanlogo.avif	A nice keepsake from when you followed the light!  - SKIN IS CRAFTABLE AT ARMOR WORKBENCHES. -	SCORE_S22_ENTM_Skin_BackpackFlair_MothmanLogo				5	26
22	S22_P5_apparel_outfit_mothmanmuseum_tshirtjeans		Mothman Museum T-shirt & Jeans Outfit	0	TRUE				/wp-content/uploads/season_images/score_s22_apparel_outfit_mothmanmuseum_tshirtjeans.avif	You followed the light and all you got was this snazzy T-shirt.  - APPAREL IS CRAFTABLE AT ARMOR WORKBENCHES. -	SCORE_S22_ENTM_Apparel_Outfit_MothmanMuseum_TshirtJeans				5	26
22	S22_P14_camp_camppets_cat_vaulttec_ragdoll		Ragdoll Cat	40					/wp-content/uploads/season_images/score_s22_camp_camppets_cat_vaulttec_ragdoll.avif	The purr-fect companion to help you through the apocalypse! Comes with a Vault-Tec cat bed!  Generates 1, 2, or 3 Star Legendary Items   - C.A.M.P. PETS  APPEAR ONCE THEIR FURNITURE IS PLACED IN C.A.M.P. MODE. -	SCORE_S22_ENTM_CAMP_CAMPPets_Cat_VaultTec_Ragdoll				6	32
22	S22_P13_camp_camppets_dog_sable		Sable Shepherd	40					/wp-content/uploads/season_images/score_s22_camp_camppets_dog_sable.avif	A Vault Dweller's dream dog, the Sable Shepherd! Comes with a Vault-Tec dog house!   Generates 1, 2, or 3 Star Legendary Items  - C.A.M.P. PETS  APPEAR ONCE THEIR FURNITURE IS PLACED IN C.A.M.P. MODE. -	SCORE_S22_ENTM_CAMP_CAMPPets_Dog_Sable				6	32
22	S22_P6_200_atoms		200 Atoms	30				atoms	/wp-content/uploads/season_images/utility/score_currency_atoms.avif						6	32
22	S22_P6_nuclear_keycard_x_5		Nuclear Keycard x 5	10				nuclear_keycard	/wp-content/uploads/season_images/utility/score_utility_nuclearkeycard.avif						6	32
22	S22_P3_playericon_vb_soup		Player Icon: Soup Chef	10		playerIcon	Soup Chef	player_icon	/wp-content/uploads/guide-images/atom-shop/player-icons/atx_playericon_s22_chef.avif	Perfect for whipping up a soup-er dish.  - UNLOCKS A PLAYER ICON. -	SCORE_S22_ENTM_PlayerIcon_VB_Soup				6	32
22	S22_P6_caps_x_5000		Caps x 5000	10	TRUE			caps	/wp-content/uploads/season_images/utility/score_currency_caps.avif						6	32
22	S22_P6_stamps_x_10		Stamps x 10	10	TRUE			stamps	/wp-content/uploads/season_images/utility/score_currency_stamps.avif						6	32
22	S22_P1_account_scoreboost_2		10% S.C.O.R.E. Boost	0	TRUE			score_booster	/wp-content/uploads/season_images/utility/score_s24_account_scoreboost_1.avif	Gain another 10% bonus S.C.O.R.E. when you complete challenges for the rest of Season 22!  - UNLOCKS BOOST FOR ALL CHARACTERS ON YOUR ACCOUNT. -  - BONUS IS APPLIED TO BASE CHALLENGE S.C.O.R.E.. -  - DOES NOT APPLY TO PREVIOUSLY COMPLETED CHALLENGES. -	SCORE_S22_ENTM_Account_ScoreBoost_2				6	32
22	S22_P8_camp_collector_soulsoupserver		SoulSoup Server	50					/wp-content/uploads/season_images/score_s22_camp_collector_soulsoupserver.avif	"Bring that ""Home Sweet Home"" taste to the Vault with the SoulSoup Server!  Generates herbivore based meals.  - C.A.M.P. ITEMS APPEAR WHILE IN C.A.M.P. MODE. -"	SCORE_S22_ENTM_CAMP_Collector_SoulSoupServer				7	38
22	S22_P2_playericon_queencorn		Player Icon: Queen Corn	15		playerIcon	Queen Corn	player_icon	/wp-content/uploads/guide-images/atom-shop/player-icons/atx_playericon_s22_queencorn.avif	It's everything you need to serve delicious, nutritious, vegetable-ful goodness!	SCORE_S22_ENTM_PlayerIcon_QueenCorn				7	38
22	S22_P4_playertitles_prefix_homecooked		"Player Title Prefix: ""Homecooked"""	15		playerTitlePrefix	Homecooked	camp_player_title	/wp-content/uploads/storefront/titles-player/score_s22_playertitles_prefix_homecooked.avif	Player Title Prefix	SCORE_S22_ENTM_PlayerTitles_Prefix_Homecooked				7	38
22	S22_P7_scout_s_banner_x_5		Scout's Banner x 5	10				scouts_banner	/wp-content/uploads/season_images/utility/score_coen_utility_banner.avif						7	38
22	S22_P13_camp_decor_vaultteckit_fireworklauncher		Vault-Tec Firework Launcher	40	TRUE				/wp-content/uploads/season_images/score_s22_camp_decor_vaultteckit_fireworklauncher.avif	Light up the Wasteland the Vault-Tec way with this Vault-Tec Firework Launcher!  - C.A.M.P. ITEMS APPEAR WHILE IN C.A.M.P. MODE. -	SCORE_S22_ENTM_CAMP_Decor_VaultTecKit_FireworkLauncher				7	38
22	S22_P7_200_atoms		200 Atoms	20	TRUE			atoms	/wp-content/uploads/season_images/utility/score_currency_atoms.avif						7	38
22	S22_P7_doctor_bag_aid_box		Doctor Bag Aid Box	0	TRUE				/wp-content/uploads/season_images/score_s22_f1_camp_aidbox_doctorbag.avif	A suitable storage for all the aid you need to prescribe across the Wasteland!  Included with membership in Fallout 1st. You must be an active Member to deposit aid items into the Aid Box.  - C.A.M.P. ITEMS APPEAR WHILE IN C.A.M.P. MODE. -	SCORE_S22_F1_ENTM_CAMP_AidBox_DoctorBag				7	38
22	S22_P9_camp_furniture_chrysluscarracinggame		Chryslus Motors Mechanical Derby Game	40					/wp-content/uploads/season_images/score_s22_camp_furniture_chrysluscarracinggame.avif	Burn rubber and race to victory with the Chryslus Motors Mechanical Derby Game.  - C.A.M.P. ITEMS APPEAR WHILE IN C.A.M.P. MODE. -	SCORE_S22_ENTM_CAMP_Furniture_ChryslusCarRacingGame				8	46
22	S22_P8_200_atoms		200 Atoms	25				atoms	/wp-content/uploads/season_images/utility/score_currency_atoms.avif						8	46
22	S22_P13_camp_lights_wall_neonchryslusmotorscompanysign		Chryslus Motors Company Neon Sign	25					/wp-content/uploads/season_images/score_s22_camp_lights_wall_neonchryslusmotorscompanysign.avif	Show off your power and prestige with this Chryslus Motors Company Neon Sign!  - C.A.M.P. ITEMS APPEAR WHILE IN C.A.M.P. MODE. -	SCORE_S22_ENTM_CAMP_Lights_Wall_NeonChryslusMotorsCompanySign				8	46
22	S22_P8_caps_x_5000		Caps x 5000	15				caps	/wp-content/uploads/season_images/utility/score_currency_caps.avif						8	46
22	S22_P2_playericon_racecardriver		Player Icon: Racecar Driver	15		playerIcon	Racecar Driver	player_icon	/wp-content/uploads/guide-images/atom-shop/player-icons/atx_playericon_s22_racecardriver.avif	Life is a Race. Win!	SCORE_S22_ENTM_PlayerIcon_RacecarDriver				8	46
22	S22_P7_camp_machinery_workbench_tinker_hotrodbench		Cherry Bomb Tinker's Workbench	50	TRUE				/wp-content/uploads/season_images/score_s22_camp_machinery_workbench_tinker_hotrodbench.avif	Tinkering on your project car until it's ready for the roads.  Requires the Tinker's Workbench to be Learned.  - C.A.M.P. ITEMS APPEAR WHILE IN C.A.M.P. MODE. -	SCORE_S22_ENTM_CAMP_Machinery_Workbench_Tinker_HotRodBench				8	46
22	S22_P11_camp_floordecor_bowlingball_chryslusbowling		Chryslus Motors Bowling Ball	15	TRUE				/wp-content/uploads/season_images/score_s22_camp_floordecor_bowlingball_chryslusbowling.avif	Hit the lane like a highway with this Chryslus Motors Bowling Ball!  - C.A.M.P. ITEMS APPEAR WHILE IN C.A.M.P. MODE. -	SCORE_S22_ENTM_CAMP_FloorDecor_BowlingBall_ChryslusBowling				8	46
22	S22_P8_mystery_magazine_package_x_3		Mystery Magazine Package x 3	15	TRUE			mystery_magazine	/wp-content/uploads/season_images/utility/score_utility_magazinebookbox.avif						8	46
22	S22_P5_apparel_outfit_jumpsuit_abraxo		Abraxo Jumpsuit	30					/wp-content/uploads/season_images/score_s22_apparel_outfit_jumpsuit_abraxo.avif	Get ready to clean up well with this Abraxo Jumpsuit!   - APPAREL IS CRAFTABLE AT ARMOR WORKBENCHES. -	SCORE_S22_ENTM_Apparel_Outfit_Jumpsuit_Abraxo				9	51
22	S22_P12_camp_lights_wall_abraxosign		Abraxo Neon Sign	25					/wp-content/uploads/season_images/score_s22_camp_lights_wall_abraxosign.avif	A sign for the most loyal of Abraxo customers!  - C.A.M.P. ITEMS APPEAR WHILE IN C.A.M.P. MODE. -	SCORE_S22_ENTM_CAMP_Lights_Wall_AbraxoSign				9	51
22	S22_P2_playericon_abraxo		Player Icon: Abraxo	15		playerIcon	Abraxo	player_icon	/wp-content/uploads/guide-images/atom-shop/player-icons/atx_playericon_s22_abraxo.avif	A new look for when you want to clean up well.  - UNLOCKS A PLAYER ICON. -	SCORE_S22_ENTM_PlayerIcon_Abraxo				9	51
22	S22_P14_photomode_frame_magazineframe		Modern Living Photomode Frame	10					/wp-content/uploads/season_images/score_s22_photomode_frame_magazineframe.avif	Appear in your favorite article with the Modern Living Photomode Frame!  - UNLOCKS A PHOTOMODE FRAME. -	SCORE_S22_ENTM_Photomode_Frame_MagazineFrame				9	51
22	S22_P4_playertitles_prefix_squeakyclean		"Player Title Prefix: ""Squeaky-Clean"""	10		playerTitlePrefix	Squeaky-Clean	camp_player_title	/wp-content/uploads/storefront/titles-player/score_s22_playertitles_prefix_squeakyclean.avif	Player Title Prefix	SCORE_S22_ENTM_PlayerTitles_Prefix_SqueakyClean				9	51
22	S22_P11_camp_floordecor_abraxostoredisplay		Abraxo Store Display	20	TRUE				/wp-content/uploads/season_images/score_s22_camp_floordecor_abraxostoredisplay.avif	Keep you C.A.M.P. squeaky clean with Abraxo!   - C.A.M.P. ITEMS APPEAR WHILE IN C.A.M.P. MODE. -	SCORE_S22_ENTM_CAMP_FloorDecor_AbraxoStoreDisplay				9	51
22	S22_P9_200_atoms		200 Atoms	15	TRUE			atoms	/wp-content/uploads/season_images/utility/score_currency_atoms.avif						9	51
22	S22_P1_account_scoreboost_3		10% S.C.O.R.E. Boost	0	TRUE			score_booster	/wp-content/uploads/season_images/utility/score_s24_account_scoreboost_1.avif	Gain another 10% bonus S.C.O.R.E. when you complete challenges for the rest of Season 22!  - UNLOCKS BOOST FOR ALL CHARACTERS ON YOUR ACCOUNT. -  - BONUS IS APPLIED TO BASE CHALLENGE S.C.O.R.E.. -  - DOES NOT APPLY TO PREVIOUSLY COMPLETED CHALLENGES. -	SCORE_S22_ENTM_Account_ScoreBoost_3				9	51
22	S22_P10_200_atoms		200 Atoms	30				atoms	/wp-content/uploads/season_images/utility/score_currency_atoms.avif						10	59
22	S22_P10_re_roller_x_5		Re-Roller x 5	25				re_roller	/wp-content/uploads/season_images/utility/score_utility_reroller.avif						10	59
22	S22_P10_lunchbox_x_3		Lunchbox x 3	20				lunchbox	/wp-content/uploads/season_images/utility/atx_store_lunchbox001.avif						10	59
22	S22_P10_mystery_magazine_package_x_3		Mystery Magazine Package x 3	20				mystery_magazine	/wp-content/uploads/season_images/utility/score_utility_magazinebookbox.avif						10	59
22	S22_P3_playericon_sunsetsarsaparilladeputy		Player Icon: Sunset Sarsaparilla Deputy	20		playerIcon	Sunset Sarsaparilla Deputy	player_icon	/wp-content/uploads/guide-images/atom-shop/player-icons/atx_playericon_s22_sunsetsarsaparilla_deputy.avif	Wahoo, you did it pardner!  - UNLOCKS A PLAYER ICON. -	SCORE_S22_ENTM_PlayerIcon_SunsetSarsaparillaDeputy				10	59
22	S22_P10_stamps_x_10		Stamps x 10	20				stamps	/wp-content/uploads/season_images/utility/score_currency_stamps.avif						10	59
22	S22_P3_playericon_sarsaparilla_girl		Player Icon: Sunset Sarsaparilla Girl	0		playerIcon	Sunset Sarsaparilla Girl	player_icon	/wp-content/uploads/guide-images/atom-shop/player-icons/atx_playericon_s22_sunsetsarsaparilla_girl.avif	A Fresh Delight!	SCORE_S22_ENTM_PlayerIcon_Sarsaparilla_Girl				10	59
22	S22_P10_perk_coin_x_50		Perk Coin x 50	30	TRUE			perk_coins	/wp-content/uploads/season_images/utility/score_currency_perkcoin.avif						10	59
22	S22_P10_camp_floordecor_bowlingball_sunsetsarsaparillabowling		Sunset Sarsaparilla Bowling Ball	20	TRUE				/wp-content/uploads/season_images/score_s22_camp_floordecor_bowlingball_sunsetsarsaparillabowling.avif	Sarsaparilla smooth, strike after strike!  - C.A.M.P. ITEMS APPEAR WHILE IN C.A.M.P. MODE. -	SCORE_S22_ENTM_CAMP_FloorDecor_BowlingBall_SunsetSarsaparillaBowling				10	59
22	S22_P4_playertitles_suffix_deputy		"Player Title Suffix: ""Deputy"""	15	TRUE	playerTitleSuffix	Deputy	camp_player_title	/wp-content/uploads/storefront/titles-player/score_s22_playertitles_suffix_deputy.avif	Player Title Suffix	SCORE_S22_ENTM_PlayerTitles_Suffix_Deputy				10	59
22	S22_P5_skin_powerarmor_model_garrahanminingco		Garrahan Mineral Extractor Power Armor Paint	75					/wp-content/uploads/season_images/score_s22_skin_powerarmor_model_garrahanminingco.avif	From the same Company that brought you the Excavator Power Armor, introducing the official Garrahan Mineral Extractor Power Armor Paint!  This is a unique skin that completely alters the appearance of your Power Armor. It can be equipped on all main Power Armors.  - SKIN IS CRAFTABLE AT POWER ARMOR STATIONS. -	SCORE_S22_ENTM_Skin_PowerArmor_Model_GarrahanMiningCo				11	67
22	S22_P10_camp_floordecor_bowlingballgarrahan		Garrahan Bowling Ball	20					/wp-content/uploads/season_images/score_s22_camp_floordecor_bowlingballgarrahan.avif	Dig in and hit the lanes with the Garrahan Bowling Ball!  - C.A.M.P. ITEMS APPEAR WHILE IN C.A.M.P. MODE. -	SCORE_S22_ENTM_CAMP_FloorDecor_BowlingBallGarrahan				11	67
22	S22_P10_camp_floordecor_garrahanlunchpail		Garrahan Lunch Pail	20					/wp-content/uploads/season_images/score_s22_camp_floordecor_garrahanlunchpail.avif	Dig into your lunch, courtesy of the Garrahan Lunch Pail!  - C.A.M.P. ITEMS APPEAR WHILE IN C.A.M.P. MODE. -	SCORE_S22_ENTM_CAMP_FloorDecor_GarrahanLunchpail				11	67
22	S22_P2_playericon_garrahanmining		Player Icon: Garrahan Mining	15		playerIcon	Garrahan Mining	player_icon	/wp-content/uploads/guide-images/atom-shop/player-icons/atx_playericon_s22_garrahanmining_logo.avif	Perfect for someone with a Miner interest in ores.  - UNLOCKS A PLAYER ICON. -	SCORE_S22_ENTM_PlayerIcon_GarrahanMining				11	67
22	S22_P7_camp_machinery_resource_extractor_garrahancompanyext		Garrahan Company Extractor	40	TRUE				/wp-content/uploads/season_images/score_s22_camp_machinery_resource_extractor_garrahancompanyext.avif	Dig what you do with the Garrahan Company Extractor!   - Collects resources at designated Mineral Spots. Includes Acid, Aluminum, Coal, Concrete, Copper, Crystal, Fertilizer, Gold, Junk, Lead, Nuclear Material, Oil, Silver, Steel, and Titanium Spots -  - C.A.M.P. ITEMS APPEAR WHILE IN C.A.M.P. MODE. -	SCORE_S22_ENTM_CAMP_Machinery_Resource_Extractor_GarrahanCompanyExt				11	67
22	S22_P11_200_atoms		200 Atoms	15	TRUE			atoms	/wp-content/uploads/season_images/utility/score_currency_atoms.avif						11	67
22	S22_P10_camp_floordecor_steelingotpile		Steel Ingot Pile	15	TRUE				/wp-content/uploads/season_images/score_s22_camp_floordecor_steelingotpile.avif	The foundation of a properly built machine starts with a Steel Ingot Pile!  - C.A.M.P. ITEMS APPEAR WHILE IN C.A.M.P. MODE. -	SCORE_S22_ENTM_CAMP_FloorDecor_SteelIngotPile				11	67
22	S22_P13_skin_lootbag_garrahanlunchpail		Garrahan Lunch Pail Loot Bag	0	TRUE				/wp-content/uploads/season_images/score_s22_skin_lootbag_garrahanlunchpail.avif	Even in death, company pride will never die with the Garrahan Lunch Pail Loot Bag!  - UNLOCKS A PLAYER LOOT BAG SKIN FOR ALL CHARACTERS. -	SCORE_S22_ENTM_Skin_LootBag_GarrahanLunchPail				11	67
22	S22_P9_camp_furniture_kitchenset_modularkitchensetpink		Pink Modern Home Kitchen Set	60					/wp-content/uploads/season_images/score_s22_camp_furniture_kitchenset_modularkitchensetpink.avif	Build the kitchen of your dreams with this 9-piece Pink Modern Home Kitchen Set!  Set includes functional sink that provides water.  - C.A.M.P. ITEMS APPEAR WHILE IN C.A.M.P. MODE. -	SCORE_S22_ENTM_CAMP_Furniture_KitchenSet_ModularKitchenSetPink				12	75
22	S22_P8_camp_utility_refrigerator_millersfridge		Pink Modern Home Refrigerator	45					/wp-content/uploads/season_images/score_s22_camp_utility_refrigerator_millersfridge.avif	Chill your drinks with this Pink Modern Home Refrigerator!  - C.A.M.P. ITEMS APPEAR WHILE IN C.A.M.P. MODE. -	SCORE_S22_ENTM_CAMP_Utility_Refrigerator_MillersFridge				12	75
22	S22_P12_legendary_module_x_10		Legendary Module x 10	10				legendary_module	/wp-content/uploads/season_images/utility/score_game_legendarymodule.avif						12	75
22	S22_P7_camp_machinery_workbench_cooking_millerstove		Pink Modern Home Stove Cooking Station	40	TRUE				/wp-content/uploads/season_images/score_s22_camp_machinery_workbench_cooking_millerstove.avif	Turn up the gas on your Pink Modern Home Stove Cooking Station and serve up your favorite dishes!  - C.A.M.P. ITEMS APPEAR WHILE IN C.A.M.P. MODE. -	SCORE_S22_ENTM_CAMP_Machinery_Workbench_Cooking_MillerStove				12	75
22	S22_P12_re_roller_x_5		Re-Roller x 5	20	TRUE			re_roller	/wp-content/uploads/season_images/utility/score_utility_reroller.avif						12	75
22	S22_P12_superb_bait_x_5		Superb Bait x 5	0	TRUE			superb_bait	/wp-content/uploads/season_images/utility/score_utility_superbait.avif						12	75
22	S22_P14_skin_armorskin_jetpack_nukacolajp		Nuka-Cola Jetpack	50					/wp-content/uploads/season_images/score_s22_skin_armorskin_jetpack_nukacolajp.avif	Fuel your flight, and quench your thirst with this Nuka-Cola Jetpack!   (Requires the Jetpack Plan for the Secret Service armor, Civil Engineer armor, or the Brotherhood Recon armor to be learned.)  This item is a mod for your armor and can be applied to the Chest Piece of the Secret Service armor,Civil Engineer armor, or the Brotherhood Recon armor.  - SKIN IS CRAFTABLE AT ARMOR STATIONS. -	SCORE_S22_ENTM_Skin_ArmorSkin_Jetpack_NukaColaJP				13	80
22	S22_P7_camp_floor_nukacolatiled		Nuka-Cola Tiles Floor and Foundations	40					/wp-content/uploads/season_images/score_s22_camp_floor_nukacolatiled.avif	The most refreshing way to step into your C.A.M.P.!  - C.A.M.P. ITEMS APPEAR WHILE IN C.A.M.P. MODE. -	SCORE_S22_ENTM_CAMP_Floor_NukaColaTiled				13	80
22	S22_P13_sugar_free_nukashine_x_3		Sugar-Free Nukashine x 3	15				nukashine	/wp-content/uploads/season_images/utility/score_item_nukashine_sugarfree.avif						13	80
22	S22_P13_mystery_bobblehead_x_3		Mystery Bobblehead x 3	0				mystery_bobblehead	/wp-content/uploads/season_images/utility/score_utility_mysterybobblehead.avif						13	80
22	S22_P12_skin_pipboyskin_nukacolaquantum		Nuka-Cola Quantum Pip-Boy Paint	35	TRUE				/wp-content/uploads/season_images/score_s22_skin_pipboyskin_nukacolaquantum.avif	Wear your love for strontium-90 infused beverages on your sleeve with the Nuka-Cola Quantum Pip-Boy Paint!  - SKIN IS CRAFTABLE AT ARMOR WORKBENCHES. -	SCORE_S22_ENTM_Skin_PipBoySkin_NukaColaQuantum				13	80
22	S22_P2_playericon_nuka_cola_logo		Player Icon: Nuka-Cola Logo	10	TRUE	playerIcon	Nuka-Cola Logo	player_icon	/wp-content/uploads/guide-images/atom-shop/player-icons/atx_playericon_s22_nukacola_logo.avif	Zap That Thirst!  - UNLOCKS A PLAYER ICON. -	SCORE_S22_ENTM_PlayerIcon_Nuka-Cola_Logo				13	80
22	S22_P13_utility_sarsaparillamachine		Sunset Sarsaparilla Vending Machine	50					/wp-content/uploads/season_images/score_s22_utility_sarsaparillamachine.avif	Satisfy your thirst with a Sunset Sarsaparilla! If you're lucky, you might get a rare Star Size Sunset Sarsaparilla - a super sized edition released in limited quantities to select Canadian and U.S. test markets!  Be warned, there is a 5 minute restocking period before you will be able to quench your thirst again.  - C.A.M.P. ITEMS APPEAR WHILE IN C.A.M.P. MODE. -	SCORE_S22_ENTM_Utility_SarsaparillaMachine				14	84
22	S22_P14_caps_x_5000		Caps x 5000	20				caps	/wp-content/uploads/season_images/utility/score_currency_caps.avif						14	84
22	S22_P12_camp_stabbedweaponrypickaxes		Stabbed Weaponry - Pickaxe Set	20					/wp-content/uploads/season_images/score_s22_camp_stabbedweaponrypickaxes.avif	Not picking an axe, but a pickaxe.  - C.A.M.P. ITEMS APPEAR WHILE IN C.A.M.P. MODE. -	SCORE_S22_ENTM_CAMP_StabbedWeaponryPickAxes				14	84
22	S22_P3_playericon_sarsaparilla_boy		Player Icon: Sunset Sarsaparilla Boy	10	TRUE	playerIcon	Sunset Sarsaparilla Boy	player_icon	/wp-content/uploads/guide-images/atom-shop/player-icons/atx_playericon_s22_sunsetsarsaparilla_boy.avif	The most popular BEVERAGE in the west!	SCORE_S22_ENTM_PlayerIcon_Sarsaparilla_Boy				14	84
22	S22_P11_camp_walldecor_sunsetsarsaparillaposter		Sunset Sarsaparilla Poster	0	TRUE				/wp-content/uploads/season_images/score_s22_camp_walldecor_sunsetsarsaparillaposter.avif	Show off your love for the rootin'est, tootin'est tonic in the Wasteland!  - C.A.M.P. ITEMS APPEAR WHILE IN C.A.M.P. MODE. -	SCORE_S22_ENTM_CAMP_WallDecor_SunsetSarsaparillaPoster				14	84
22	S22_P8_camp_utility_collectron_robobutler		Whitespring Robo Butler Collectron Station	60					/wp-content/uploads/season_images/score_s22_camp_utility_collectron_robobutler.avif	Whitespring's legendary service now comes home with the Whitespring's Robo Butler Collectron!  This item cannot be built inside of a Shelter.  - C.A.M.P. ITEMS APPEAR WHILE IN C.A.M.P. MODE. -	SCORE_S22_ENTM_CAMP_Utility_Collectron_RoboButler				15	92
22	S22_P9_camp_floordecor_stein_magazine		Modern Kettle Stein	25					/wp-content/uploads/season_images/score_s22_camp_floordecor_stein_magazine.avif	"The perfect middle point between ""Vintage"" and ""Futuristic"".  - C.A.M.P. ITEMS APPEAR WHILE IN C.A.M.P. MODE. -"	SCORE_S22_ENTM_CAMP_FloorDecor_Stein_Magazine				15	92
22	S22_P15_lunchbox_x_3		Lunchbox x 3	15				lunchbox	/wp-content/uploads/season_images/utility/atx_store_lunchbox001.avif						15	92
22	S22_P4_playertitles_suffix_renovator		"Player Title Suffix: ""Renovator"""	15		playerTitleSuffix	Renovator	camp_player_title	/wp-content/uploads/storefront/titles-player/score_s22_playertitles_suffix_renovator.avif	Player Title Suffix	SCORE_S22_ENTM_PlayerTitles_Suffix_Renovator				15	92
22	S22_P11_camp_walldecor_endofseasonart		Appalachian Modern Living Corkboard	0					/wp-content/uploads/season_images/score_s22_camp_walldecor_endofseasonart.avif	Show off your favorite ads with this Appalachian Modern Living Corkboard!  - C.A.M.P. ITEMS APPEAR WHILE IN C.A.M.P. MODE. -	SCORE_S22_ENTM_CAMP_WallDecor_EndOfSeasonArt				15	92
22	S22_P8_camp_collector_spicerack		Spice Rack	35	TRUE				/wp-content/uploads/season_images/score_s22_camp_collector_spicerack.avif	Put a variety of spice into your life.  Generates different seasonings.  This item cannot be built inside of a Shelter.  - C.A.M.P. ITEMS APPEAR WHILE IN C.A.M.P. MODE. -	SCORE_S22_ENTM_CAMP_Collector_SpiceRack				15	92
22	S22_P14_camp_lights_patiofireplace		Patio Fireplace	25	TRUE				/wp-content/uploads/season_images/score_s22_camp_lights_patiofireplace.avif	Gather around and cozy up to this Patio Fireplace!  - C.A.M.P. ITEMS APPEAR WHILE IN C.A.M.P. MODE. -	SCORE_S22_ENTM_CAMP_Lights_PatioFireplace				15	92
22	S22_P15_s_c_o_r_e_booster_x_3		S.C.O.R.E. Booster x 3	25	TRUE			score_booster	/wp-content/uploads/season_images/utility/score_utility_scorebooster.avif						15	92
22	S22_P6_camp_kit_prefabhomekit_derelict		Destroyed House of Tomorrow C.A.M.P. Kit	250					/wp-content/uploads/season_images/score_s22_camp_kit_prefabhomekit_derelict.avif	Show you have an eye for potential with this Destroyed House of Tomorrow C.A.M.P. Kit!  - C.A.M.P. ITEMS APPEAR WHILE IN C.A.M.P. MODE. -	SCORE_S22_ENTM_CAMP_Kit_PrefabHomeKit_Derelict				B1	100
22	S22_P5_apparel_headwear_tvglasses		TV Glasses	175					/wp-content/uploads/season_images/score_s22_apparel_headwear_tvglasses.avif	Make reality look like TV!  2 craftable variants: Regular headwear and a headwear that changes the world to black and white!  - APPAREL IS CRAFTABLE AT ARMOR WORKBENCHES. -	SCORE_S22_ENTM_Apparel_Headwear_TVGlasses				B1	100
22	S22_P6_skin_weaponskin_powerfist_saturnite		Saturnite Fist Paint	160					/wp-content/uploads/season_images/score_s22_skin_weaponskin_powerfist_saturnite.avif	Give your power fist a space-age alloy punch-up.  - SKIN IS CRAFTABLE AT WEAPON WORKBENCHES. -	SCORE_S22_ENTM_Skin_WeaponSkin_PowerFist_Saturnite				B1	100
22	S22_P11_camp_walldecor_painting_mistressofmysteries		Mistress of Mysteries Painting	140					/wp-content/uploads/season_images/score_s22_camp_walldecor_painting_mistressofmysteries.avif	This hauntingly elegant Mistress of Mysteries Painting is perfect for any lair or lounge!   - C.A.M.P. ITEMS APPEAR WHILE IN C.A.M.P. MODE. -	SCORE_S22_ENTM_CAMP_WallDecor_Painting_MistressofMysteries				B1	100
22	S22_P13_camp_camppets_idlefurniture_mushroomsscratchingpost		Mushroom Scratching Post	130					/wp-content/uploads/season_images/score_s22_camp_camppets_idlefurniture_mushroomsscratchingpost.avif	Fungi, Felines, fair reduction of claws. What more does a cat lover need?  - C.A.M.P. ITEMS APPEAR WHILE IN C.A.M.P. MODE. -	SCORE_S22_ENTM_CAMP_CAMPPets_IdleFurniture_MushroomsScratchingPost				B1	100
22	S22_P6_weapons_fishing_mod_fishingrod_weapon_rodbobber_eyeofra		Fishing Rod Eye of Ra Bobber Mod	90					/wp-content/uploads/season_images/score_s22_weapons_fishing_mod_fishingrod_weapon_rodbobber_eyeofra.avif	Entice fish with the mystical Eye of Ra fishing bobber!  - ITEM IS CRAFTABLE AT WEAPON WORKBENCHES. REQUIRES THE  FISHING ROD. -	SCORE_S22_ENTM_Weapons_Fishing_mod_FishingRod_Weapon_RodBobber_EyeofRa				B1	100
22	S22_P9_camp_floordecor_bowlingball_hubriscomics		Hubris Comics Bowling Ball	80					/wp-content/uploads/season_images/score_s22_camp_floordecor_bowlingball_hubriscomics.avif	The perfect ball for when you want to be Unstoppable!  - C.A.M.P. ITEMS APPEAR WHILE IN C.A.M.P. MODE. -	SCORE_S22_ENTM_CAMP_FloorDecor_BowlingBall_HubrisComics				B1	100
22	S22_P12_skin_backpack_nukacolaorangebottleopener_flair		Nuka-Cola Orange Bottle Opener Backpack Flair	75					/wp-content/uploads/season_images/score_s22_skin_backpack_nukacolaorangebottleopener_flair.avif	Craving a Nuka-Cola Orange without an opener on hand? Try hanging one off your backpack!  - SKIN IS CRAFTABLE AT ARMOR WORKBENCHES. -	SCORE_S22_ENTM_Skin_Backpack_NukaColaOrangeBottleOpener_Flair				B1	100
22	S22_P3_playericon_sunsetsarsaparilla		Player Icon: Sunset Sarsaparilla	75		playerIcon	Sunset Sarsaparilla	player_icon	/wp-content/uploads/guide-images/atom-shop/player-icons/atx_playericon_s22_sunsetsarsaparilla_logo.avif	Build Mass with SASS!	SCORE_S22_ENTM_PlayerIcon_SunsetSarsaparilla				B1	100
22	S22_P4_playertitles_suffix_housewifehousehousband		"Player Title Suffix: ""Housewife/Househusband"""	75		playerTitleSuffix	Housewife/Househusband	camp_player_title	/wp-content/uploads/storefront/titles-player/score_s22_playertitles_suffix_housewifehousehousband.avif	"""Househusband"" Player Title Suffix"	SCORE_S22_ENTM_PlayerTitles_Suffix_HouseWifeHouseHousband				B1	100
22	S22_B2_100_atoms		100 Atoms	250				atoms	/wp-content/uploads/season_images/utility/score_currency_atoms.avif						B2	150
22	S22_B2_basic_repair_kit_x_5		Basic Repair Kit x 5	75				repair_kit	/wp-content/uploads/season_images/utility/atx_utility_repairkit_basic.avif						B2	150
22	S22_B2_caps_x_5000		Caps x 5000	75				caps	/wp-content/uploads/season_images/utility/score_currency_caps.avif						B2	150
22	S22_B2_gold_bullion_x_100		Gold Bullion x 100	75				gold_bullion	/wp-content/uploads/season_images/utility/score_currency_bullion.avif						B2	150
22	S22_B2_legendary_module_x_10		Legendary Module x 10	75				legendary_module	/wp-content/uploads/season_images/utility/score_game_legendarymodule.avif						B2	150
22	S22_B2_lunchbox_x_5		Lunchbox x 5	75				lunchbox	/wp-content/uploads/season_images/utility/atx_store_lunchbox001.avif						B2	150
22	S22_B2_nuclear_keycard_x_5		Nuclear Keycard x 5	75				nuclear_keycard	/wp-content/uploads/season_images/utility/score_utility_nuclearkeycard.avif						B2	150
22	S22_B2_perk_coin_x_25		Perk Coin x 25	75				perk_coins	/wp-content/uploads/season_images/utility/score_currency_perkcoin.avif						B2	150
22	S22_B2_scout_s_banner_x_5		Scout's Banner x 5	75				scouts_banner	/wp-content/uploads/season_images/utility/score_coen_utility_banner.avif						B2	150
22	S22_B2_superb_bait_x_5		Superb Bait x 5	75				superb_bait	/wp-content/uploads/season_images/utility/score_utility_superbait.avif						B2	150
23	S23_P4_apparel_outfit_cowboy_vaultteccb		Vault-Tec Cowboy Outfit	35					/wp-content/uploads/season_images/score_s23_apparel_outfit_cowboy_vaultteccb.avif	Vault Tec's newly engineered fronteering uniform, yee-haw partners!   - APPAREL IS CRAFTABLE AT ARMOR WORKBENCHES. -	SCORE_S23_ENTM_Apparel_Outfit_Cowboy_VaultTecCB				1	0
23	S23_P9_camp_floordecor_raiderbrazier		Raider Metal Braziers	25					/wp-content/uploads/season_images/score_s23_camp_floordecor_raiderbrazier.avif	Even Raiders need to light their path!   - C.A.M.P. ITEMS APPEAR WHILE IN C.A.M.P. MODE. -	SCORE_S23_ENTM_CAMP_FloorDecor_RaiderBrazier				1	0
23	S23_P1_200_atoms		200 Atoms	20				atoms	/wp-content/uploads/season_images/utility/score_currency_atoms.avif						1	0
23	S23_P13_camp_stabbedweaponry_sickle		Stabbed Weaponry - Sickle	20					/wp-content/uploads/season_images/score_s23_camp_stabbedweaponry_sickle.avif	You swear it's meant to be a decoration, not that you couldn't get it unstuck.  - C.A.M.P. ITEMS APPEAR WHILE IN C.A.M.P. MODE. -	SCORE_S23_ENTM_CAMP_StabbedWeaponry_Sickle				1	0
23	S23_P2_playericon_radhog		Player Icon: Radhog	15		playerIcon	Radhog	player_icon	/wp-content/uploads/guide-images/atom-shop/player-icons/atx_playericon_s23_radhog.avif	Bacon with bite.  - UNLOCKS A PLAYER ICON. -	SCORE_S23_ENTM_PlayerIcon_Radhog				1	0
23	S23_P3_playertitles_prefix_crushing		"Player Title Prefix: ""Crushing"""	15		playerTitlePrefix	Crushing	camp_player_title	/wp-content/uploads/storefront/titles-player/score_s23_playertitles_prefix_crushing.avif	Player Title Prefix	SCORE_S23_ENTM_PlayerTitles_Prefix_Crushing				1	0
23	S23_P1_re_roller_x_5		Re-Roller x 5	15				re_roller	/wp-content/uploads/season_images/utility/score_utility_reroller.avif						1	0
23	S23_P4_apparel_headwear_cowboy_vaultteccbhat		Vault-Tec Cowboy Hat	20	TRUE				/wp-content/uploads/season_images/score_s23_apparel_headwear_cowboy_vaultteccbhat.avif	Vault Tec has engineered a new kind of headwear, yee-haw.  - APPAREL IS CRAFTABLE AT ARMOR WORKBENCHES. -	SCORE_S23_ENTM_Apparel_Headwear_Cowboy_VaultTecCBHat				1	0
23	S23_P1_stamps_x_10		Stamps x 10	10	TRUE			stamps	/wp-content/uploads/season_images/utility/score_currency_stamps.avif						1	0
23	S23_P1_account_scoreboost_1		5% S.C.O.R.E. Boost	0	TRUE			score_booster	/wp-content/uploads/season_images/utility/score_s24_account_scoreboost_1.avif	Gain 5% bonus S.C.O.R.E. when you complete challenges for the rest of Season 23!  - UNLOCKS BOOST FOR ALL CHARACTERS ON YOUR ACCOUNT. -  - BONUS IS APPLIED TO BASE CHALLENGE S.C.O.R.E. -  - DOES NOT APPLY TO PREVIOUSLY COMPLETED CHALLENGES. -	SCORE_S23_ENTM_Account_ScoreBoost_1				1	0
23	S23_P9_camp_floordecor_bodyinbathtub		Unfortunate End: Bathtub Blunder	35					/wp-content/uploads/season_images/score_s23_camp_floordecor_bodyinbathtub.avif	Sometimes a good soak takes ages!   - C.A.M.P. ITEMS APPEAR WHILE IN C.A.M.P. MODE. -	SCORE_S23_ENTM_CAMP_FloorDecor_BodyinBathtub				2	7
23	S23_P7_camp_machinery_pressureplate_bathroomscale		Bathroom Scale Pressure Plate	25					/wp-content/uploads/season_images/score_s23_camp_machinery_pressureplate_bathroomscale.avif	Need a weigh in? This Bathroom Scale Pressure Plate should do the trick!  - C.A.M.P. ITEMS APPEAR WHILE IN C.A.M.P. MODE. -	SCORE_S23_ENTM_CAMP_Machinery_PressurePlate_BathroomScale				2	7
23	S23_P12_camp_lights_skulldesklamp		Skull Desk Lamp	25					/wp-content/uploads/season_images/score_s23_camp_lights_skulldesklamp.avif	Reduce, Reuse, Recycle as they say. In this case reuse the skulls of the fallen to emit light on your work.  - C.A.M.P. ITEMS APPEAR WHILE IN C.A.M.P. MODE. -	SCORE_S23_ENTM_CAMP_Lights_SkullDeskLamp				2	7
23	S23_P13_camp_stabbedweaponry_meatcleaver		Stabbed Weaponry - Meat Cleaver	20					/wp-content/uploads/season_images/score_s23_camp_stabbedweaponry_meatcleaver.avif	You swear it's meant to be a decoration, not that you couldn't get it unstuck.  - C.A.M.P. ITEMS APPEAR WHILE IN C.A.M.P. MODE. -	SCORE_S23_ENTM_CAMP_StabbedWeaponry_MeatCleaver				2	7
23	S23_P2_playericon_burningspringsfish		Player Icon: Withered Radeye	15		playerIcon	Withered Radeye	player_icon	/wp-content/uploads/guide-images/atom-shop/player-icons/atx_playericon_s23_witheredradeyefish.avif	A charred catch.  - UNLOCKS A PLAYER ICON. -	SCORE_S23_ENTM_PlayerIcon_BurningSpringsFish				2	7
23	S23_P10_camp_floordecor_scorcheddeterrent		Scorched Deterrents	0					/wp-content/uploads/season_images/score_s23_camp_floordecor_scorcheddeterrent.avif	Get the message across to unwelcome guests with these Scorched Deterrents!  - C.A.M.P. ITEMS APPEAR WHILE IN C.A.M.P. MODE. -	SCORE_S23_ENTM_CAMP_FloorDecor_ScorchedDeterrent				2	7
23	S23_P11_camp_walldecor_appalachiafishposters_burnfish		Fish of Appalachia: Burning Springs Poster	20	TRUE				/wp-content/uploads/season_images/score_s23_camp_walldecor_appalachiafishposters_burnfish.avif	Study your prey with the Fish of Appalachia: Burning Springs Poster!  - C.A.M.P. ITEMS APPEAR WHILE IN C.A.M.P. MODE. -	SCORE_S23_ENTM_CAMP_WallDecor_AppalachiaFishPosters_BurnFish				2	7
23	S23_P2_200_atoms		200 Atoms	15	TRUE			atoms	/wp-content/uploads/season_images/utility/score_currency_atoms.avif						2	7
23	S23_P2_mystery_magazine_package_x_3		Mystery Magazine Package x 3	10	TRUE			mystery_magazine	/wp-content/uploads/season_images/utility/score_utility_magazinebookbox.avif						2	7
23	S23_P3_playertitles_suffix_gourmand		"Player Title Suffix: ""Gourmand"""	10	TRUE	playerTitleSuffix	Gourmand	camp_player_title	/wp-content/uploads/storefront/titles-player/score_s23_playertitles_suffix_gourmand.avif	Player Title Suffix	SCORE_S23_ENTM_PlayerTitles_Suffix_Gourmand				2	7
23	S23_P14_camp_defense_fence_dinogolffence		Dino Golf Fence Set	30					/wp-content/uploads/season_images/score_s23_camp_defense_fence_dinogolffence.avif	Keep your putt-putt paradise safe from critters and creeps with this prehistoric-themed Dino Golf Fence Set. Fore... or roar?  - C.A.M.P. ITEMS APPEAR WHILE IN C.A.M.P. MODE. -	SCORE_S23_ENTM_CAMP_Defense_Fence_DinoGolfFence				3	15
23	S23_P11_camp_walldecor_dinoinfoboard		Dino Golf Info Board	30					/wp-content/uploads/season_images/score_s23_camp_walldecor_dinoinfoboard.avif	All the dino info you could want!  - C.A.M.P. ITEMS APPEAR WHILE IN C.A.M.P. MODE. -	SCORE_S23_ENTM_CAMP_WallDecor_DinoInfoBoard				3	15
23	S23_P3_200_atoms		200 Atoms	25				atoms	/wp-content/uploads/season_images/utility/score_currency_atoms.avif						3	15
23	S23_P3_lunchbox_x_5		Lunchbox x 5	15				lunchbox	/wp-content/uploads/season_images/utility/atx_store_lunchbox001.avif						3	15
23	S23_P3_scout_s_banner_x_5		Scout's Banner x 5	15				scouts_banner	/wp-content/uploads/season_images/utility/score_coen_utility_banner.avif						3	15
23	S23_P11_camp_walldecor_dinogolfdinersign_copy01		Dino Golf Diner Sign	0					/wp-content/uploads/season_images/score_s23_camp_walldecor_dinogolfdinersign_copy01.avif	Dine with the Dino's at Dino Golf!  - C.A.M.P. ITEMS APPEAR WHILE IN C.A.M.P. MODE. -	SCORE_S23_ENTM_CAMP_WallDecor_DinoGolfDinerSign_Copy01				3	15
23	S23_P5_apparel_outfit_dinothemetshirt01		Ace the Tee Rex Shirt	40	TRUE				/wp-content/uploads/season_images/score_s23_apparel_outfit_dinothemetshirt01.avif	From the land before the bombs - Ace still rules the wasteland in style. Enjoy the Ace The Tee Rex Shirt!   - APPAREL IS CRAFTABLE AT ARMOR WORKBENCHES. -	SCORE_S23_ENTM_Apparel_Outfit_DinoThemeTShirt01				3	15
23	S23_P10_camp_floordecor_dinogolfcutout		Putter Collect Dino Golf Cutout	20	TRUE				/wp-content/uploads/season_images/score_s23_camp_floordecor_dinogolfcutout.avif	Take a piece of prehistoric Mini-Golf home with the Dino Golf Cutout!  - C.A.M.P. ITEMS APPEAR WHILE IN C.A.M.P. MODE. -	SCORE_S23_ENTM_CAMP_FloorDecor_DinoGolfCutout				3	15
23	S23_P3_playertitles_prefix_slashing		"Player Title Prefix: ""Slashing"""	15	TRUE	playerTitlePrefix	Slashing	camp_player_title	/wp-content/uploads/storefront/titles-player/score_s23_playertitles_prefix_slashing.avif	Player Title Prefix	SCORE_S23_ENTM_PlayerTitles_Prefix_Slashing				3	15
23	S23_P2_playericon_deathclawlogo		Player Icon: Blood x Rust	10	TRUE	playerIcon	Blood x Rust	player_icon	/wp-content/uploads/guide-images/atom-shop/player-icons/atx_playericon_s23_bloodxrustlogo.avif	In the Wasteland, everything eventually boils down to one of two things: blood or rust.  - UNLOCKS A PLAYER ICON. -	SCORE_S23_ENTM_PlayerIcon_DeathclawLogo				3	15
23	S23_P9_camp_floordecor_taxidermy_scorpionstanding		Taxidermy Radscorpion	50					/wp-content/uploads/season_images/score_s23_camp_floordecor_taxidermy_scorpionstanding.avif	Watch out for that stinger!  - C.A.M.P. ITEMS APPEAR WHILE IN C.A.M.P. MODE. -	SCORE_S23_ENTM_CAMP_FloorDecor_Taxidermy_ScorpionStanding				4	24
23	S23_P12_skin_backpack_junkiesbackpack		Junkie's Backpack	40					/wp-content/uploads/season_images/score_s23_skin_backpack_junkiesbackpack.avif	A Backpack built for the chemically commited!   This skin can be applied to both the Small and Standard Backpack as a mod.   - SKIN IS CRAFTABLE AT ARMOR WORKBENCHES. -	SCORE_S23_ENTM_Skin_Backpack_JunkiesBackpack				4	24
23	S23_P12_camp_defense_bonefence		Bone Fence Set	20					/wp-content/uploads/season_images/score_s23_camp_defense_bonefence.avif	Bring out your true Raider and let others know they're not welcome, with this Bone Fence Set!   - C.A.M.P. ITEMS APPEAR WHILE IN C.A.M.P. MODE. -	SCORE_S23_ENTM_CAMP_Defense_BoneFence				4	24
23	S23_P4_nuclear_keycard_x_5		Nuclear Keycard x 5	20				nuclear_keycard	/wp-content/uploads/season_images/utility/score_utility_nuclearkeycard.avif						4	24
23	S23_P13_camp_stabbedweaponry_meathook		Stabbed Weaponry - Meat Hook	20					/wp-content/uploads/season_images/score_s23_camp_stabbedweaponry_meathook.avif	You swear it's meant to be a decoration, not that you couldn't get it unstuck.  - C.A.M.P. ITEMS APPEAR WHILE IN C.A.M.P. MODE. -	SCORE_S23_ENTM_CAMP_StabbedWeaponry_MeatHook				4	24
23	S23_P2_playericon_radscorpion		Player Icon: Radscorpion	10		playerIcon	Radscorpion	player_icon	/wp-content/uploads/guide-images/atom-shop/player-icons/atx_playericon_s23_radscorpion.avif	Chittering, stinging, and stronger than you'd like.  - UNLOCKS A PLAYER ICON. -	SCORE_S23_ENTM_PlayerIcon_Radscorpion				4	24
23	S23_P14_camp_decor_pyrotechnickit_firepillar		Fire Pillar Pyrotechnic Kit	30	TRUE				/wp-content/uploads/season_images/score_s23_camp_decor_pyrotechnickit_firepillar.avif	Light the beacons using your Fire Pillar Pyrotechnic Kit!   - C.A.M.P. ITEMS APPEAR WHILE IN C.A.M.P. MODE. -	SCORE_S23_ENTM_CAMP_Decor_PyrotechnicKit_FirePillar				4	24
23	S23_P4_200_atoms		200 Atoms	20	TRUE			atoms	/wp-content/uploads/season_images/utility/score_currency_atoms.avif						4	24
23	S23_P3_playertitles_suffix_cutthroat		"Player Title Suffix: ""Cutthroat"""	15	TRUE	playerTitleSuffix	Cutthroat	camp_player_title	/wp-content/uploads/storefront/titles-player/score_s23_playertitles_suffix_cutthroat.avif	Player Title Suffix	SCORE_S23_ENTM_PlayerTitles_Suffix_Cutthroat				4	24
23	S23_P1_account_scoreboost_3		10% S.C.O.R.E. Boost	0	TRUE			score_booster	/wp-content/uploads/season_images/utility/score_s24_account_scoreboost_1.avif	Gain another 10% bonus S.C.O.R.E. when you complete challenges for the rest of Season 23!  - UNLOCKS BOOST FOR ALL CHARACTERS ON YOUR ACCOUNT. -  - BONUS IS APPLIED TO BASE CHALLENGE S.C.O.R.E.. -  - DOES NOT APPLY TO PREVIOUSLY COMPLETED CHALLENGES. -	SCORE_S23_ENTM_Account_ScoreBoost_3				4	24
23	S23_P4_apparel_outfit_checkeredsuit		Checkered Suit Outfit	45					/wp-content/uploads/season_images/score_s23_apparel_outfit_checkeredsuit.avif	This suit checks all the boxes.  - APPAREL IS CRAFTABLE AT ARMOR WORKBENCHES. -	SCORE_S23_ENTM_Apparel_Outfit_CheckeredSuit				5	34
23	S23_P7_camp_machinery_workbench_tinker_munitionsbench		Reloading Tinker's Workbench	40					/wp-content/uploads/season_images/score_s23_camp_machinery_workbench_tinker_munitionsbench.avif	Calling all Munitions experts, it's time to tinker.  Requires the Tinker's Workbench to be Learned.  - C.A.M.P. ITEMS APPEAR WHILE IN C.A.M.P. MODE. -	SCORE_S23_ENTM_CAMP_Machinery_Workbench_Tinker_MunitionsBench				5	34
23	S23_P13_skin_weaponmodel_supersledge_rebarclub		Rebar Club (Super Sledge)	30					/wp-content/uploads/season_images/score_s23_skin_weaponmodel_supersledge_rebarclub.avif	Nothing hits harder than a slab of concrete.  - SKIN IS CRAFTABLE AT WEAPON WORKBENCHES. -	SCORE_S23_ENTM_Skin_WeaponModel_SuperSledge_RebarClub				5	34
23	S23_P4_apparel_headwear_whitemask		White Mask	30					/wp-content/uploads/season_images/score_s23_apparel_headwear_whitemask.avif	It is said this mask was used by high society at one of those big casinos in Vegas.  - APPAREL IS CRAFTABLE AT ARMOR WORKBENCHES. -	SCORE_S23_ENTM_Apparel_Headwear_WhiteMask				5	34
23	S23_P5_200_atoms		200 Atoms	20				atoms	/wp-content/uploads/season_images/utility/score_currency_atoms.avif						5	34
23	S23_P5_basic_repair_kit_x_5		Basic Repair Kit x 5	15				repair_kit	/wp-content/uploads/season_images/utility/atx_utility_repairkit_basic.avif						5	34
23	S23_P2_playericon_bountyhunter		Player Icon: Bounty Hunter Icon	10		playerIcon	Bounty Hunter Icon	player_icon	/wp-content/uploads/guide-images/atom-shop/player-icons/atx_playericon_s23_bountyhunter.avif	No law left but your own. Bring in your mark -  dead or alive.  - UNLOCKS A PLAYER ICON. -	SCORE_S23_ENTM_PlayerIcon_BountyHunter				5	34
23	S23_P14_skin_pipboyskin_pimpboy		Pimp-Boy 2 Billion Paint	40	TRUE				/wp-content/uploads/season_images/score_s23_skin_pipboyskin_pimpboy.avif	Living up to this standard? It ain't easy.  - SKIN IS CRAFTABLE AT ARMOR WORKBENCHES. -	SCORE_S23_ENTM_Skin_PipBoySkin_PimpBoy				5	34
23	S23_P5_caps_x_5000		Caps x 5000	20	TRUE			caps	/wp-content/uploads/season_images/utility/score_currency_caps.avif						5	34
23	S23_P13_camp_scrapbox_freshlyduggrave		Newly Dug Grave Scrap Box	0	TRUE				/wp-content/uploads/season_images/score_s23_camp_scrapbox_freshlyduggrave.avif	Nothing but scraps in this grave.  - C.A.M.P. ITEMS APPEAR WHILE IN C.A.M.P. MODE. -	SCORE_S23_ENTM_CAMP_scrapbox_FreshlyDugGrave				5	34
23	S23_P7_camp_machinery_workbench_brewing_raiderizedbrew		Raider Brewing Station	40					/wp-content/uploads/season_images/score_s23_camp_machinery_workbench_brewing_raiderizedbrew.avif	Trouble isn't the only thing brewing.  Requires the Brewing Workstation to be learned.  - C.A.M.P. ITEMS APPEAR WHILE IN C.A.M.P. MODE. -	SCORE_S23_ENTM_CAMP_Machinery_Workbench_Brewing_RaiderizedBrew				6	43
23	S23_P9_camp_floordecor_lawnmower		Lawn Mower	35					/wp-content/uploads/season_images/score_s23_camp_floordecor_lawnmower.avif	There may not be a lot of grass in the Wasteland, but you'll be able to keep it trimmed when you see it.  - C.A.M.P. ITEMS APPEAR WHILE IN C.A.M.P. MODE. -	SCORE_S23_ENTM_CAMP_FloorDecor_LawnMower				6	43
23	S23_P4_playertitles_prefix_skull		"Player Title Prefix: ""Skull"""	15		playerTitlePrefix	Skull	camp_player_title	/wp-content/uploads/storefront/titles-player/score_s23_playertitles_prefix_skull.avif	Player Title Prefix	SCORE_S23_ENTM_PlayerTitles_Prefix_Skull				6	43
23	S23_P6_scout_s_banner_x_5		Scout's Banner x 5	15				scouts_banner	/wp-content/uploads/season_images/utility/score_coen_utility_banner.avif						6	43
23	S23_P2_playericon_skullandsawblade		Player Icon: Skull and Sawblade	10		playerIcon	Skull and Sawblade	player_icon	/wp-content/uploads/guide-images/atom-shop/player-icons/atx_playericon_s23_skullandsawblade.avif	You don't have to be too sharp to understand the point of this warning.  - UNLOCKS A PLAYER ICON. -	SCORE_S23_ENTM_PlayerIcon_SkullandSawblade				6	43
23	S23_P8_camp_furniture_table_sawtable		Saw Table	0					/wp-content/uploads/season_images/score_s23_camp_furniture_table_sawtable.avif	A cutting edge table for your C.A.M.P. !  - C.A.M.P. ITEMS APPEAR WHILE IN C.A.M.P. MODE. -	SCORE_S23_ENTM_CAMP_Furniture_Table_SawTable				6	43
23	S23_P14_utility_sarsaparillaraiderized		Raider Sarsaparilla Vending Machine	60	TRUE				/wp-content/uploads/season_images/score_s23_utility_sarsaparillaraiderized.avif	Satisfy your thirst with a Sunset Sarsaparilla! If you're lucky, you might get a rare Star Size Sunset Sarsaparilla - a super sized edition released in limited quantities to select Canadian and U.S. test markets!  Be warned, there is a 5 minute restocking period before you will be able to quench your thirst again.  - C.A.M.P. ITEMS APPEAR WHILE IN C.A.M.P. MODE. -	SCORE_S23_ENTM_Utility_SarsaparillaRaiderized				6	43
23	S23_P12_wall_lights_wallglowingskull		Glowing Skull	20	TRUE				/wp-content/uploads/season_images/score_s23_wall_lights_wallglowingskull.avif	Brighten up your C.A.M.P. with this spooky Glowing Skull!  - C.A.M.P. ITEMS APPEAR WHILE IN C.A.M.P. MODE. -	SCORE_S23_ENTM_Wall_Lights_WallGlowingSkull				6	43
23	S23_P6_200_atoms		200 Atoms	15	TRUE			atoms	/wp-content/uploads/season_images/utility/score_currency_atoms.avif						6	43
23	S23_P13_camp_stabbedweaponry_throwingknife		Stabbed Weaponry - Throwing Knife	15	TRUE				/wp-content/uploads/season_images/score_s23_camp_stabbedweaponry_throwingknife.avif	You swear it's meant to be a decoration, not that you couldn't get it unstuck.  - C.A.M.P. ITEMS APPEAR WHILE IN C.A.M.P. MODE. -	SCORE_S23_ENTM_CAMP_StabbedWeaponry_ThrowingKnife				6	43
23	S23_P5_weapons_nitro		Dom Pedro	75					/wp-content/uploads/season_images/score_s23_weapons_nitro.avif	Named after the man who buried it.  - ITEM IS CRAFTABLE AT WEAPON WORKBENCHES. -	SCORE_S23_ENTM_Weapons_Nitro				7	55
23	S23_P7_camp_machinery_workbench_raiderfermenter		Raider Fermenter	45					/wp-content/uploads/season_images/score_s23_camp_machinery_workbench_raiderfermenter.avif	Prepare a drink for the raider with refined taste.  Requires Fermenting Station to be learned.  - C.A.M.P. ITEMS APPEAR WHILE IN C.A.M.P. MODE. -	SCORE_S23_ENTM_CAMP_Machinery_Workbench_RaiderFermenter				7	55
23	S23_P12_camp_lights_ghoulvaultboylamp		Ghoul Vault Boy Lamp	30					/wp-content/uploads/season_images/score_s23_camp_lights_ghoulvaultboylamp.avif	With that ghoulish glow, make your C.A.M.P. shine bright with the Ghoul Vault Boy Lamp.  - C.A.M.P. ITEMS APPEAR WHILE IN C.A.M.P. MODE. -	SCORE_S23_ENTM_CAMP_Lights_GhoulVaultBoyLamp				7	55
23	S23_P7_200_atoms		200 Atoms	25				atoms	/wp-content/uploads/season_images/utility/score_currency_atoms.avif						7	55
23	S23_P7_mystery_bobblehead_x_3		Mystery Bobblehead x 3	20				mystery_bobblehead	/wp-content/uploads/season_images/utility/score_utility_mysterybobblehead.avif						7	55
23	S23_P3_playertitles_suffix_bandit		"Player Title Suffix: ""Bandit"""	20		playerTitleSuffix	Bandit	camp_player_title	/wp-content/uploads/storefront/titles-player/score_s23_playertitles_suffix_bandit.avif	Player Title Suffix	SCORE_S23_ENTM_PlayerTitles_Suffix_Bandit				7	55
23	S23_P6_camp_structure_raidertruck		Raiderized Truck	50	TRUE				/wp-content/uploads/season_images/score_s23_camp_structure_raidertruck.avif	Raid tonight with this Raiderized Truck.  - C.A.M.P. ITEMS APPEAR WHILE IN C.A.M.P. MODE. -	SCORE_S23_ENTM_CAMP_Structure_RaiderTruck				7	55
23	S23_P7_s_c_o_r_e_booster_x_3		S.C.O.R.E. Booster x 3	20	TRUE			score_booster	/wp-content/uploads/season_images/utility/score_utility_scorebooster.avif						7	55
23	S23_P7_perk_coin_x_25		Perk Coin x 25	15	TRUE			perk_coins	/wp-content/uploads/season_images/utility/score_currency_perkcoin.avif						7	55
23	S23_P1_account_scoreboost_2		10% S.C.O.R.E. Boost	0	TRUE			score_booster	/wp-content/uploads/season_images/utility/score_s24_account_scoreboost_1.avif	Gain another 10% bonus S.C.O.R.E. when you complete challenges for the rest of Season 23!  - UNLOCKS BOOST FOR ALL CHARACTERS ON YOUR ACCOUNT. -  - BONUS IS APPLIED TO BASE CHALLENGE S.C.O.R.E.. -  - DOES NOT APPLY TO PREVIOUSLY COMPLETED CHALLENGES. -	SCORE_S23_ENTM_Account_ScoreBoost_2				7	55
23	S23_P14_camp_camppets_lykoi		Lykoi Cat	45					/wp-content/uploads/season_images/score_s23_camp_camppets_lykoi.avif	"The Lykoi Cat is also known as the ""Werewolf Cat"" by layman, or the ""Ugly Cat"" by mean people.  Generates 1, 2, or 3 Star Legendary Items  - C.A.M.P. PETS  APPEAR ONCE THEIR FURNITURE IS PLACED IN C.A.M.P. MODE. -"	SCORE_S23_ENTM_CAMP_CAMPPets_Lykoi				8	64
23	S23_P14_camp_camppets_idlefurniture_scratchingpost_skeletal		Skeletal Scratching Post	25					/wp-content/uploads/season_images/score_s23_camp_camppets_idlefurniture_scratchingpost_skeletal.avif	Have your feline friend sharpen those claws with the Skeletal Scratching Post!  - C.A.M.P. ITEMS APPEAR WHILE IN C.A.M.P. MODE. -	SCORE_S23_ENTM_CAMP_CAMPPets_IdleFurniture_ScratchingPost_Skeletal				8	64
23	S23_P8_caps_x_5000		Caps x 5000	20				caps	/wp-content/uploads/season_images/utility/score_currency_caps.avif						8	64
23	S23_P8_stamps_x_10		Stamps x 10	20				stamps	/wp-content/uploads/season_images/utility/score_currency_stamps.avif						8	64
23	S23_P3_playertitles_suffix_trapper		"Player Title Suffix: ""Trapper"""	15		playerTitleSuffix	Trapper	camp_player_title	/wp-content/uploads/storefront/titles-player/score_s23_playertitles_suffix_trapper.avif	Player Title Suffix	SCORE_S23_ENTM_PlayerTitles_Suffix_Trapper				8	64
23	S23_P2_playericon_raiderwithpistol		Player Icon: Raider With Pistol	10		playerIcon	Raider With Pistol	player_icon	/wp-content/uploads/guide-images/atom-shop/player-icons/atx_playericon_s23_raiderwithpistol.avif	Every shot a warning, every warning ignored.  - UNLOCKS A PLAYER ICON. -	SCORE_S23_ENTM_PlayerIcon_RaiderWithPistol				8	64
23	S23_P11_camp_walldecor_wallwalkwayraid		Raider Wall-Mounted Walkway	50	TRUE				/wp-content/uploads/season_images/score_s23_camp_walldecor_wallwalkwayraid.avif	When you want to forge your own path, use the Raider Wall-Mounted Walkway!  - C.A.M.P. ITEMS APPEAR WHILE IN C.A.M.P. MODE. -	SCORE_S23_ENTM_CAMP_WallDecor_WallWalkwayRaid				8	64
23	S23_P8_200_atoms		200 Atoms	20	TRUE			atoms	/wp-content/uploads/season_images/utility/score_currency_atoms.avif						8	64
23	S23_P4_apparel_camppets_cat_neckwear_collarnailscat		Rusty Nails Collar (Cat)	20	TRUE				/wp-content/uploads/season_images/score_s23_apparel_camppets_cat_neckwear_collarnailscat.avif	Really nail the point that your cat is not to be touched with the Rusty Nail Collar!  - CAMP PET CLOTHING IS CRAFTABLE AT ARMOR WORKBENCHES. -	SCORE_S23_ENTM_Apparel_CAMPPets_Cat_Neckwear_CollarNailsCat				8	64
23	S23_P13_camp_ammobox_freshlyduggrave		Newly Dug Grave Ammo Box	0	TRUE				/wp-content/uploads/season_images/score_s23_camp_ammobox_freshlyduggrave.avif	This grave is fully loaded!  - C.A.M.P. ITEMS APPEAR WHILE IN C.A.M.P. MODE. -	SCORE_S23_ENTM_CAMP_AmmoBox_FreshlyDugGrave				8	64
23	S23_P14_utility_chemmysterymachine		Chem Mystery Machine	50					/wp-content/uploads/season_images/score_s23_utility_chemmysterymachine.avif	Chemically curious? Luckily this Chem mystery machine is loaded with many different chems for all to try...  Be warned, there is a 5 minute restocking period before you can get your fix again.  - C.A.M.P. ITEMS APPEAR WHILE IN C.A.M.P. MODE. -	SCORE_S23_ENTM_Utility_ChemMysteryMachine				9	72
23	S23_P12_camp_lights_ghoulvaultgirllamp		Ghoul Vault Girl Lamp	30					/wp-content/uploads/season_images/score_s23_camp_lights_ghoulvaultgirllamp.avif	With that ghoulish glow, make your C.A.M.P. shine bright with the Ghoul Vault Girl Lamp.  - C.A.M.P. ITEMS APPEAR WHILE IN C.A.M.P. MODE. -	SCORE_S23_ENTM_CAMP_Lights_GhoulVaultGirlLamp				9	72
23	S23_P9_200_atoms		200 Atoms	25				atoms	/wp-content/uploads/season_images/utility/score_currency_atoms.avif						9	72
23	S23_P5_weapons_nitro_grip_mods		Dom Pedro Grip Mods	20					/wp-content/uploads/season_images/score_s23_weapons_nitro_grip_mods.avif	Enjoy your hand cannon in comfort with these enhanced grips.  - ITEM IS CRAFTABLE AT WEAPON WORKBENCHES. REQUIRES DOM PEDRO. -	SCORE_S23_ENTM_Weapons_Nitro_Grip_Mods				9	72
23	S23_P10_camp_floordecor_dinobin_full_copy01		Dino Bins	0					/wp-content/uploads/season_images/score_s23_camp_floordecor_dinobin_full_copy01.avif	These Dino Bins have a full belly!  - C.A.M.P. ITEMS APPEAR WHILE IN C.A.M.P. MODE. -	SCORE_S23_ENTM_CAMP_FloorDecor_DinoBin_Full_Copy01				9	72
23	S23_P5_apparel_outfit_dinothemetshirt02		Dino Peak Bogey Shirt	30	TRUE				/wp-content/uploads/season_images/score_s23_apparel_outfit_dinothemetshirt02.avif	Roar through the wasteland in prehistoric style with the Dino Peaks Bogey Shirt.  - APPAREL IS CRAFTABLE AT ARMOR WORKBENCHES. -	SCORE_S23_ENTM_Apparel_Outfit_DinoThemeTShirt02				9	72
23	S23_P10_camp_floordecor_dinoentrancesign_copy01		Dino Peaks Entrance Sign	25	TRUE				/wp-content/uploads/season_images/score_s23_camp_floordecor_dinoentrancesign_copy01.avif	Welcome the dinos with this Dino Peaks Entrance Sign!  - C.A.M.P. ITEMS APPEAR WHILE IN C.A.M.P. MODE. -	SCORE_S23_ENTM_CAMP_FloorDecor_DinoEntranceSign_Copy01				9	72
23	S23_P10_camp_floordecor_dinogolfphotoboard		Dino Peaks Photo Board Cutout	20	TRUE				/wp-content/uploads/season_images/score_s23_camp_floordecor_dinogolfphotoboard.avif	Come have a roar of a time and smile with the Dino Peaks Photo Board Cutout!   - C.A.M.P. ITEMS APPEAR WHILE IN C.A.M.P. MODE. -	SCORE_S23_ENTM_CAMP_FloorDecor_DinoGolfPhotoboard				9	72
23	S23_P6_camp_structure_raidertavern		Raider Tavern	60					/wp-content/uploads/season_images/score_s23_camp_structure_raidertavern.avif	Bring the beauty of a barfight to your C.A.M.P. with the Raider Tavern.  - C.A.M.P. ITEMS APPEAR WHILE IN C.A.M.P. MODE. -	SCORE_S23_ENTM_CAMP_Structure_RaiderTavern				10	82
23	S23_P7_camp_workbench_chemistry_raiderized		Raider Chemistry Workstation	45					/wp-content/uploads/season_images/score_s23_camp_workbench_chemistry_raiderized.avif	Bring your Wasteland resources to a nearly Raider Chemistry Workstation for a REAL good time.  Requires the Chemistry Workstation to be learned.  - C.A.M.P. ITEMS APPEAR WHILE IN C.A.M.P. MODE. -	SCORE_S23_ENTM_CAMP_Workbench_Chemistry_Raiderized				10	82
23	S23_P6_camp_structure_volcano_copy01		Dino Golf Volcano	35					/wp-content/uploads/season_images/score_s23_camp_structure_volcano_copy01.avif	The best players struggle to get the golf ball into the Dino Golf Volcano.   - C.A.M.P. ITEMS APPEAR WHILE IN C.A.M.P. MODE. -	SCORE_S23_ENTM_CAMP_Structure_Volcano_Copy01				10	82
23	S23_P9_camp_floordecor_pikeset		Pike Set	30					/wp-content/uploads/season_images/score_s23_camp_floordecor_pikeset.avif	Defend your C.A.M.P. like a true Raider with this Pike Set!  - C.A.M.P. ITEMS APPEAR WHILE IN C.A.M.P. MODE. -	SCORE_S23_ENTM_CAMP_FloorDecor_PikeSet				10	82
23	S23_P5_weapons_nitro_receiver_mods		Dom Pedro Receiver Mods	25					/wp-content/uploads/season_images/score_s23_weapons_nitro_receiver_mods.avif	Push Dom Pedro to the limits with these receiver mods.   - ITEM IS CRAFTABLE AT WEAPON WORKBENCHES. REQUIRES THE DOM PEDRO. -	SCORE_S23_ENTM_Weapons_Nitro_Receiver_Mods				10	82
23	S23_P4_playertitles_prefix_fiendish		"Player Title Prefix: ""Fiendish"""	15		playerTitlePrefix	Fiendish	camp_player_title	/wp-content/uploads/storefront/titles-player/score_s23_playertitles_prefix_fiendish.avif	Player Title Prefix	SCORE_S23_ENTM_PlayerTitles_Prefix_Fiendish				10	82
23	S23_P8_camp_collector_crashedcargobot		Crashed Cargo Bot	40	TRUE				/wp-content/uploads/season_images/score_s23_camp_collector_crashedcargobot.avif	What is old can be used for parts!  Generates military themed junk.  This item cannot be built inside of a Shelter.  - C.A.M.P. ITEMS APPEAR WHILE IN C.A.M.P. MODE. -	SCORE_S23_ENTM_CAMP_Collector_CrashedCargoBot				10	82
23	S23_P12_camp_stashbox_stayaway		Stay Away Stash Box	0	TRUE				/wp-content/uploads/season_images/score_s23_camp_stashbox_stayaway.avif	Tell others to Stay Away from this Stash Box.  - C.A.M.P. ITEMS APPEAR WHILE IN C.A.M.P. MODE. -	SCORE_S23_ENTM_CAMP_StashBox_StayAway				10	82
23	S23_P5_skin_powerarmor_model_edison		Edison Power Armor Paint	60					/wp-content/uploads/season_images/score_s23_skin_powerarmor_model_edison.avif	Give your foes a lesson in SHOCK and awe with the Edison Power Armor Paint!  This is a unique skin that completely alters the appearance of your Power Armor. It can be equipped on all main Power Armors.  - SKIN IS CRAFTABLE AT POWER ARMOR STATIONS. -	SCORE_S23_ENTM_Skin_PowerArmor_Model_Edison				11	92
23	S23_P8_camp_furniture_couch_modularsofaset_vaulttecsofa		Vault-Tec Modular Sofa Set	35					/wp-content/uploads/season_images/score_s23_camp_furniture_couch_modularsofaset_vaulttecsofa.avif	Relax like a true Vault Dweller with this Vault-Tec Modular Sofa Set!  - C.A.M.P. ITEMS APPEAR WHILE IN C.A.M.P. MODE. -	SCORE_S23_ENTM_CAMP_Furniture_Couch_ModularSofaSet_VaultTecSofa				11	92
23	S23_P5_weapons_nitro_magazine_mods		Dom Pedro Magazine Mods	25					/wp-content/uploads/season_images/score_s23_weapons_nitro_magazine_mods.avif	Do you want to carry 4 shots, or do you want to carry 6? Better yet, ask yourself, do you feel lucky?  - ITEM IS CRAFTABLE AT WEAPON WORKBENCHES. REQUIRES DOM PEDRO. -	SCORE_S23_ENTM_Weapons_Nitro_Magazine_Mods				11	92
23	S23_P11_camp_walldecor_endofseasonart		Framed Blood x Rust Wall Art	20					/wp-content/uploads/season_images/score_s23_camp_walldecor_endofseasonart.avif	Take in the sandy scenery of the Burning Springs with this commemorative wall art!  - C.A.M.P. ITEMS APPEAR WHILE IN C.A.M.P. MODE. -	SCORE_S23_ENTM_CAMP_WallDecor_EndOfSeasonArt				11	92
23	S23_P9_camp_floordecor_stein_radhog		Radhog Stein	20					/wp-content/uploads/season_images/score_s23_camp_floordecor_stein_radhog.avif	A stein worth hogging.  - C.A.M.P. ITEMS APPEAR WHILE IN C.A.M.P. MODE. -	SCORE_S23_ENTM_CAMP_FloorDecor_Stein_Radhog				11	92
23	S23_P3_playertitles_suffix_diehard		"Player Title Suffix: ""Diehard"""	15		playerTitleSuffix	Diehard	camp_player_title	/wp-content/uploads/storefront/titles-player/score_s23_playertitles_suffix_diehard.avif	Player Title Suffix	SCORE_S23_ENTM_PlayerTitles_Suffix_Diehard				11	92
23	S23_P11_re_roller_x_5		Re-Roller x 5	15				re_roller	/wp-content/uploads/season_images/utility/score_utility_reroller.avif						11	92
23	S23_P6_camp_kit_scrapmetalporch		Scrap Metal Porch Kit	40	TRUE				/wp-content/uploads/season_images/score_s23_camp_kit_scrapmetalporch.avif	Protect yourself with this Scrap Metal Porch Kit!  - C.A.M.P. ITEMS APPEAR WHILE IN C.A.M.P. MODE. -	SCORE_S23_ENTM_CAMP_Kit_ScrapMetalPorch				11	92
23	S23_P11_200_atoms		200 Atoms	20	TRUE			atoms	/wp-content/uploads/season_images/utility/score_currency_atoms.avif						11	92
23	S23_P12_camp_aidbox_freshlyduggrave		Newly Dug Grave Aid Box	0	TRUE				/wp-content/uploads/season_images/score_s23_camp_aidbox_freshlyduggrave.avif	No one would expect a pile of stimpaks on a corpse.   - C.A.M.P. ITEMS APPEAR WHILE IN C.A.M.P. MODE. -	SCORE_S23_ENTM_CAMP_AidBox_FreshlyDugGrave				11	92
23	S23_P6_camp_kit_scrapmetal		Scrap Metal Kit	250					/wp-content/uploads/season_images/score_s23_camp_kit_scrapmetal.avif	A good C.A.M.P. can be built with metal and scrap!  Includes new Wall and Roof items.  - C.A.M.P. ITEMS APPEAR WHILE IN C.A.M.P. MODE. -	SCORE_S23_ENTM_CAMP_Kit_ScrapMetal				B1	100
23	S23_P8_camp_utility_collectron_cornbot		Cobby Collectron Station	200					/wp-content/uploads/season_images/score_s23_camp_utility_collectron_cornbot.avif	Come collect Corn and various other types of items with the Cobby Collectron Station!  This item cannot be built inside of a Shelter.  - C.A.M.P. ITEMS APPEAR WHILE IN C.A.M.P. MODE. -	SCORE_S23_ENTM_CAMP_Utility_Collectron_Cornbot				B1	100
23	S23_P8_camp_collector_raidfishtrap		Raider Fish Trap	160					/wp-content/uploads/season_images/score_s23_camp_collector_raidfishtrap.avif	Raid the lakes with the Raider Fish Trap!  Generates Fish.  This item cannot be built inside of a Shelter.  - C.A.M.P. ITEMS APPEAR WHILE IN C.A.M.P. MODE. -	SCORE_S23_ENTM_CAMP_Collector_RaidFishTrap				B1	100
23	S23_P10_camp_floordecor_crateplatform		Sunset Sarsaparilla Floating Crate Platform	150					/wp-content/uploads/season_images/score_s23_camp_floordecor_crateplatform.avif	Get creative with these floating Sunset Sarsaparilla crates!  - C.A.M.P. ITEMS APPEAR WHILE IN C.A.M.P. MODE. -	SCORE_S23_ENTM_CAMP_FloorDecor_CratePlatform				B1	100
23	S23_P5_weapons_nitro_explosive_mods		Dom Pedro Explosive Mods	100					/wp-content/uploads/season_images/score_s23_weapons_nitro_explosive_mods.avif	Dom Pedro  packs a powerful punch as is but what could give it that extra punch? Explosives...  - ITEM IS CRAFTABLE AT WEAPON WORKBENCHES. REQUIRES DOM PEDRO. -	SCORE_S23_ENTM_Weapons_Nitro_Explosive_Mods				B1	100
23	S23_P13_camp_stabbedweaponry_grognakaxe		Stabbed Weaponry - Grognak Axe	100					/wp-content/uploads/season_images/score_s23_camp_stabbedweaponry_grognakaxe.avif	You swear it's meant to be a decoration, not that you couldn't get it unstuck.  - C.A.M.P. ITEMS APPEAR WHILE IN C.A.M.P. MODE. -	SCORE_S23_ENTM_CAMP_StabbedWeaponry_GrognakAxe				B1	100
23	S23_P10_camp_floordecor_dinobin_empty		Empty Dino Bins	80					/wp-content/uploads/season_images/score_s23_camp_floordecor_dinobin_empty.avif	Decorate your C.A.M.P with these Empty Dino Bins!  - C.A.M.P. ITEMS APPEAR WHILE IN C.A.M.P. MODE. -	SCORE_S23_ENTM_CAMP_FloorDecor_DinoBin_Empty				B1	100
23	S23_P2_playericon_rustkingdom		Player Icon: Rust Kingdom	75		playerIcon	Rust Kingdom	player_icon	/wp-content/uploads/guide-images/atom-shop/player-icons/atx_playericon_s23_rustkingdomfaction.avif	The sign of the new ruler.  - UNLOCKS A PLAYER ICON. -	SCORE_S23_ENTM_PlayerIcon_RustKingdom				B1	100
23	S23_P3_playertitles_prefix_raiding		"Player Title Prefix: ""Raiding"""	75		playerTitlePrefix	Raiding	camp_player_title	/wp-content/uploads/storefront/titles-player/score_s23_playertitles_prefix_raiding.avif	Player Title Prefix	SCORE_S23_ENTM_PlayerTitles_Prefix_Raiding				B1	100
23	S23_P4_apparel_camppets_dog_neckwear_collarnailsdog		Rusty Nails Collar (Dog)	60					/wp-content/uploads/season_images/score_s23_apparel_camppets_dog_neckwear_collarnailsdog.avif	The message will be sent when Wastelanders see your pup sporting the Rusty Nail Collar!  - CAMP PET CLOTHING IS CRAFTABLE AT ARMOR WORKBENCHES. -	SCORE_S23_ENTM_Apparel_CAMPPets_Dog_Neckwear_CollarNailsDog				B1	100
23	S23_B2_100_atoms		100 Atoms	250				atoms	/wp-content/uploads/season_images/utility/score_currency_atoms.avif						B2	150
23	S23_B2_caps_x_5000		Caps x 5000	75				caps	/wp-content/uploads/season_images/utility/score_currency_caps.avif						B2	150
23	S23_B2_carry_weight_booster_x_5		Carry Weight Booster x 5	75				carry_weight_booster	/wp-content/uploads/season_images/utility/score_utility_carryweight.avif						B2	150
23	S23_B2_gold_bullion_x_100		Gold Bullion x 100	75				gold_bullion	/wp-content/uploads/season_images/utility/score_currency_bullion.avif						B2	150
23	S23_B2_lunchbox_x_5		Lunchbox x 5	75				lunchbox	/wp-content/uploads/season_images/utility/atx_store_lunchbox001.avif						B2	150
23	S23_B2_nuclear_keycard_x_5		Nuclear Keycard x 5	75				nuclear_keycard	/wp-content/uploads/season_images/utility/score_utility_nuclearkeycard.avif						B2	150
23	S23_B2_perk_coin_x_25		Perk Coin x 25	75				perk_coins	/wp-content/uploads/season_images/utility/score_currency_perkcoin.avif						B2	150
23	S23_B2_scout_s_banner_x_5		Scout's Banner x 5	75				scouts_banner	/wp-content/uploads/season_images/utility/score_coen_utility_banner.avif						B2	150
23	S23_B2_stamps_x_10		Stamps x 10	75				stamps	/wp-content/uploads/season_images/utility/score_currency_stamps.avif						B2	150
23	S23_B2_superb_bait_x_5		Superb Bait x 5	75				superb_bait	/wp-content/uploads/season_images/utility/score_utility_superbait.avif						B2	150
23	S23_P9_camp_floordecor_plushie_armordeathclaw		Armored Deathclaw Plushie	0					/wp-content/uploads/season_images/score_s23_camp_floordecor_plushie_armordeathclaw.webp	He's a cute little guy!  - C.A.M.P. ITEMS APPEAR WHILE IN C.A.M.P. MODE. -	SCORE_S23_ENTM_CAMP_FloorDecor_Plushie_ArmorDeathclaw					
23	S23_P14_photomode_frame_bloodandrust		Blood x Rust Photomode Frame	0					/wp-content/uploads/season_images/score_s23_photomode_frame_bloodandrust.avif	Show off your survival scars with the Blood x Rust Photomode Frame!  - UNLOCKS A PHOTOMODE FRAME. -	SCORE_S23_ENTM_Photomode_Frame_BloodAndRust					
23	S23_P6_weapons_nitro_reflexsight_mods		Dom Pedro Reflex Sight Mod	0					/wp-content/uploads/season_images/score_s23_weapons_nitro_reflexsight_mods.avif	Lock down on target with these Reflex Sights.  - ITEM IS CRAFTABLE AT WEAPON WORKBENCHES. REQUIRES DOM PEDRO. -	SCORE_S23_ENTM_Weapons_Nitro_ReflexSight_Mods					
23	S23_P9_camp_floordecor_plushie_rustplush		Rust King Plushie	0					/wp-content/uploads/season_images/score_s23_camp_floordecor_plushie_rustplush.webp	What king wouldn't comission a plushie of themself?  - C.A.M.P. ITEMS APPEAR WHILE IN C.A.M.P. MODE. -	SCORE_S23_ENTM_CAMP_FloorDecor_Plushie_RustPlush					
23	S23_P11_camp_walldecor_wallwalkwayraider		Wall-Mounted Raider Walkway	0					/wp-content/uploads/season_images/score_s23_camp_walldecor_wallwalkwayraider.webp	When you want to forge your own path, use the Wall-Mounted Raider Walkway!  - C.A.M.P. ITEMS APPEAR WHILE IN C.A.M.P. MODE. -	zzzSCORE_S23_ENTM_CAMP_WallDecor_WallWalkwayRaider					
24	S24_P01_score_boost_5	1	5% S.C.O.R.E. Boost	0	TRUE			score_booster	/wp-content/uploads/season_images/utility/score_s24_account_scoreboost_1.avif	Gain 5% bonus S.C.O.R.E. when you complete challenges for the rest of Season 24!    - UNLOCKS BOOST FOR ALL CHARACTERS ON YOUR ACCOUNT. -    - BONUS IS APPLIED TO BASE CHALLENGE S.C.O.R.E. -    - DOES NOT APPLY TO PREVIOUSLY COMPLETED CHALLENGES. -	SCORE_S24_ENTM_Account_ScoreBoost_1					
24	S24_P01_ufo_fishing_bobber_mod	1	UFO Fishing Bobber Mod	25	TRUE				/wp-content/uploads/season_images/score_s24_weapons_fishing_mod_fishingrod_weapon_rodbobber_ufobobber.avif	Abduct those fish with the UFO Fishing Bobber!    - ITEM IS CRAFTABLE AT WEAPON WORKBENCHES. REQUIRES THE  FISHING ROD. -	SCORE_S24_ENTM_Weapons_Fishing_mod_FishingRod_Weapon_RodBobber_UFOBobber					
24	S24_P01_bloody_space_helmet	1	Bloody Space Helmet	25	FALSE				/wp-content/uploads/season_images/score_s24_apparel_headwear_spacesuitbloody.avif	What REALLY happens if you shoot for the stars and miss!    - APPAREL IS CRAFTABLE AT ARMOR WORKBENCHES. -	SCORE_S24_ENTM_Apparel_Headwear_SpaceSuitBloody					
24	S24_P01_200_atoms	1	200 Atoms	20	FALSE			atoms	/wp-content/uploads/season_images/utility/score_currency_atoms.avif							
24	S24_P01_bloody_space_suit	1	Bloody Space Suit	40	FALSE				/wp-content/uploads/season_images/score_s24_apparel_outfit_spacesuitbloody.avif	What REALLY happens if you shoot for the stars and miss!    - APPAREL IS CRAFTABLE AT ARMOR WORKBENCHES. -	SCORE_S24_ENTM_Apparel_Outfit_SpaceSuitBloody					
24	S24_P01_superb_bait_x5	1	Superb Bait x5	0	FALSE			superb_bait	/wp-content/uploads/season_images/utility/score_utility_superbait.avif							
24	S24_P01_space_cow_icon	1	Player Icon: Space Cow	15	FALSE	playerIcon	Space Cow	player_icon	/wp-content/uploads/guide-images/atom-shop/player-icons/atx_playericon_s24_spacecow.avif	Moooooving along a new frontier.    - UNLOCKS A PLAYER ICON. -	SCORE_S24_ENTM_PlayerIcon_SpaceCow					
24	S24_P02_alien_ammo_box	2	Alien Ammo Box	30	TRUE				/wp-content/uploads/season_images/score_s24_camp_ammobox_alienbox.avif	Even advanced cosmic civilizations need storage!    - C.A.M.P. ITEMS APPEAR WHILE IN C.A.M.P. MODE. -	SCORE_S24_ENTM_CAMP_AmmoBox_AlienBox					
24	S24_P02_prefix_alien	2	"C.A.M.P. Title Prefix: ""Alien"""	25	TRUE	campTitlePrefix	Alien	camp_player_title	/wp-content/uploads/storefront/titles-camp/score_s24_camptitles_prefix_alien.avif	"Unlocks the C.A.M.P. Title Prefix ""Alien"".    - C.A.M.P. TITLES ARE SELECTABLE IN THE C.A.M.P. MENU ON THE MAP -"	SCORE_S24_ENTM_CAMPTitles_Prefix_Alien					
24	S24_P02_improved_bait_x5	2	Improved Bait x5	0	FALSE			improved_bait	/wp-content/uploads/season_images/utility/score_utility_improvedbait.avif							
24	S24_P02_alien_warning_signs	2	Alien Warning Signs	15	FALSE				/wp-content/uploads/season_images/score_s24_camp_walldecor_alienwarningsign.avif	Warn others of the intergalactic threat with the Alien Warning Signs!    - C.A.M.P. ITEMS APPEAR WHILE IN C.A.M.P. MODE. -	SCORE_S24_ENTM_CAMP_WallDecor_AlienWarningSign					
24	S24_P02_repair_kit	2	Repair Kit	10	FALSE			repair_kit	/wp-content/uploads/season_images/utility/atx_utility_repairkit_basic.avif							
24	S24_P02_starlight_drive_in_marquee	2	Starlight Drive-In Marquee	50	FALSE				/wp-content/uploads/season_images/score_s24_camp_structure_driveinsign.avif	Get the popcorn and a frosty Nuka-Cola, because the Starlight Drive-In Marquee is close by!    - C.A.M.P. ITEMS APPEAR WHILE IN C.A.M.P. MODE. -	SCORE_S24_ENTM_CAMP_Structure_DriveinSign					
24	S24_P02_200_atoms	2	200 Atoms	20	TRUE			atoms	/wp-content/uploads/season_images/utility/score_currency_atoms.avif							
24	S24_P02_alien_patch_icon	2	Player Icon: Alien Patch	25	FALSE	playerIcon	Alien Patch	player_icon	/wp-content/uploads/guide-images/atom-shop/player-icons/atx_playericon_s24_cryptidpatchalien.avif	They're amongst us, in the stars and in Appalachia.    - UNLOCKS A PLAYER ICON. -	SCORE_S24_ENTM_PlayerIcon_AlienPatch					
24	S24_P03_alien_aid_box	3	Alien Aid Box	25	TRUE				/wp-content/uploads/season_images/score_s24_camp_aidbox_alienbox.avif	Even advanced cosmic civilizations need storage!    - C.A.M.P. ITEMS APPEAR WHILE IN C.A.M.P. MODE. -	SCORE_S24_ENTM_CAMP_AidBox_AlienBox					
24	S24_P03_score_booster_x3	3	S.C.O.R.E. Booster x3	20	TRUE			score_booster	/wp-content/uploads/season_images/utility/score_utility_scorebooster.avif							
24	S24_P03_gold_bullion_x	3	Gold Bullion	0	FALSE			gold_bullion	/wp-content/uploads/season_images/utility/score_currency_bullion.avif							
24	S24_P03_flatwoods_monster_patch_icon	3	Player Icon: Flatwoods Monster Patch	25	FALSE	playerIcon	Flatwoods Monster Patch	player_icon	/wp-content/uploads/guide-images/atom-shop/player-icons/atx_playericon_s24_cryptidpatchflatwoodsmonster.avif	Time to play.    - UNLOCKS A PLAYER ICON. -	SCORE_S24_ENTM_PlayerIcon_FlatwoodsMonsterPatch					
24	S24_P03_abduction_icon	3	Player Icon: Abduction	25	TRUE	playerIcon	Abduction	player_icon	/wp-content/uploads/guide-images/atom-shop/player-icons/atx_playericon_s24_ufoabduction.avif	They're taking them to the Mooon.    - UNLOCKS A PLAYER ICON. -	SCORE_S24_ENTM_PlayerIcon_UFOAbduction					
24	S24_P03_bigfoot_stein_display	3	Bigfoot Stein Display	40	FALSE				/wp-content/uploads/season_images/score_s24_displaycase_beersteins_bigfootsteindisplay.avif	You know what they say about guys with big feet? Big stein collection!    - C.A.M.P. ITEMS APPEAR WHILE IN C.A.M.P. MODE. -	SCORE_S24_ENTM_DisplayCase_BeerSteins_BigfootSteinDisplay					
24	S24_P03_prefix_suffix_alien	3	"Player Title Prefix/Suffix: ""Alien"""	20	FALSE	playerTitlePrefixSuffix	Alien	camp_player_title	/wp-content/uploads/storefront/titles-player/score_s24_playertitles_both_alien.avif	"Unlocks the C.A.M.P. Title Prefix ""Alien"".    - C.A.M.P. TITLES ARE SELECTABLE IN THE C.A.M.P. MENU ON THE MAP -"	SCORE_S24_ENTM_CAMPTitles_Prefix_Alien					
24	S24_P03_200_atoms	3	200 Atoms	20	FALSE			atoms	/wp-content/uploads/season_images/utility/score_currency_atoms.avif							
24	S24_P04_healing_arch	4	Healing Arch	50	TRUE				/wp-content/uploads/season_images/score_s24_camp_utility_healingarch.avif	Revitalize yourself by stepping through this Healing Arch.    - C.A.M.P. ITEMS APPEAR WHILE IN C.A.M.P. MODE. -	SCORE_S24_ENTM_CAMP_Utility_HealingArch					
24	S24_P04_200_atoms	4	200 Atoms	20	TRUE			atoms	/wp-content/uploads/season_images/utility/score_currency_atoms.avif							
24	S24_P04_lunchbox_x3	4	Lunchbox x3	20	FALSE			lunchbox	/wp-content/uploads/season_images/utility/atx_store_lunchbox001.avif							
24	S24_P04_score_boost_10	4	10% S.C.O.R.E. Boost	0	TRUE			score_booster	/wp-content/uploads/season_images/utility/score_s24_account_scoreboost_1.avif	Gain another 10% bonus S.C.O.R.E. when you complete challenges for the rest of Season 24!    - UNLOCKS BOOST FOR ALL CHARACTERS ON YOUR ACCOUNT. -    - BONUS IS APPLIED TO BASE CHALLENGE S.C.O.R.E.. -    - DOES NOT APPLY TO PREVIOUSLY COMPLETED CHALLENGES. -	SCORE_S24_ENTM_Account_ScoreBoost_3					
24	S24_P04_legendary_scrip_x100	4	Legendary Scrip x100	25	FALSE			legendary_scrip	/wp-content/uploads/season_images/utility/score_currency_scrip.avif							
24	S24_P04_suffix_retreat	4	"C.A.M.P. Title Suffix: ""Retreat"""	25	FALSE	campTitleSuffix	Retreat	camp_player_title	/wp-content/uploads/storefront/titles-camp/score_s24_camptitles_suffix_retreat.avif	"Unlocks the C.A.M.P. Title Suffix ""Retreat"".    - C.A.M.P. TITLES ARE SELECTABLE IN THE C.A.M.P. MENU ON THE MAP -"	SCORE_S24_ENTM_CAMPTitles_Suffix_Retreat					
24	S24_P04_alien_scrap_box	4	Alien Scrap Box	35	TRUE				/wp-content/uploads/season_images/score_s24_camp_scrapbox_alienbox.avif	Even advanced cosmic civilizations need storage!    - C.A.M.P. ITEMS APPEAR WHILE IN C.A.M.P. MODE. -	SCORE_S24_ENTM_CAMP_scrapbox_AlienBox					
24	S24_P04_prefix_space	4	"Player Title Prefix: ""Space"""	25	FALSE	playerTitlePrefix	Space	camp_player_title	/wp-content/uploads/storefront/titles-player/score_s24_playertitles_prefix_space.avif	"Unlocks the Player Title Prefix ""Space"".    - PLAYER TITLES ARE SELECTABLE IN THE PIP-BOY. -"	SCORE_S24_ENTM_PlayerTitles_Prefix_Space					
24	S24_P04_legendary_module_x3	4	Legendary Module x3	0	FALSE			legendary_module	/wp-content/uploads/season_images/utility/score_game_legendarymodule.avif							
24	S24_P04_stamps_x10	4	Stamps x10	25	FALSE			stamps	/wp-content/uploads/season_images/utility/score_currency_stamps.avif							
24	S24_P05_fur_carpet	5	Fur Carpet	50	FALSE				/wp-content/uploads/season_images/score_s24_camp_floor_furcarpet.webp	Sink your feet into luxury! This plush pre-war rug brings warmth, comfort, and just a hint of wilderness chic to any camp.    - C.A.M.P. ITEMS APPEAR WHILE IN C.A.M.P. MODE. -	SCORE_S24_ENTM_CAMP_Floor_FurCarpet					
24	S24_P05_survival_cache	5	Survival Cache	60	FALSE				/wp-content/uploads/season_images/score_s24_camp_collector_survivalcache.avif	A rugged supply stash inspired by Rip Daring's legendary expeditions.    This item cannot be built inside of a Shelter.    - CAMP ITEMS APPEAR WHILE IN CAMP MODE. -	SCORE_S24_ENTM_CAMP_Collector_SurvivalCache					
24	S24_P05_rip_daring_logo_neon_wall_sign	5	Rip Daring Logo Neon Wall Sign	35	TRUE				/wp-content/uploads/season_images/score_s24_camp_lights_wall_daringneonsign.avif	Light up your C.A.M.P. with this neon sign that's as bright as Rip Daring himself! Especially when it's off.    - C.A.M.P. ITEMS APPEAR WHILE IN C.A.M.P. MODE. -	SCORE_S24_ENTM_CAMP_Lights_Wall_DaringNeonSign					
24	S24_P05_nuclear_keycard_x5	5	Nuclear Keycard x5	15	FALSE			nuclear_keycard	/wp-content/uploads/season_images/utility/score_utility_nuclearkeycard.avif							
24	S24_P05_carry_weight_booster_x5	5	Carry Weight Booster x5	15	FALSE			carry_weight_booster	/wp-content/uploads/season_images/utility/score_utility_carryweight.avif							
24	S24_P05_prefix_suffix_bigfoot	5	"Player Title Prefix/Suffix: ""Bigfoot"""	25	FALSE	playerTitlePrefixSuffix	Bigfoot	camp_player_title	/wp-content/uploads/storefront/titles-player/score_s24_playertitles_both_bigfoot.avif	"Unlocks the Player Title Prefix & Suffix ""Bigfoot"".    - PLAYER TITLES ARE SELECTABLE IN THE PIP-BOY. -"	SCORE_S24_ENTM_PlayerTitles_Both_Bigfoot					
24	S24_P05_re_roller_x5	5	Re-Roller x5	15	TRUE			re_roller	/wp-content/uploads/season_images/utility/score_utility_reroller.avif							
24	S24_P05_repair_kit	5	Repair Kit	15	FALSE			repair_kit	/wp-content/uploads/season_images/utility/atx_utility_repairkit_basic.avif							
24	S24_P05_legendary_scrip_x100	5	Legendary Scrip x100	0	TRUE			legendary_scrip	/wp-content/uploads/season_images/utility/score_currency_scrip.avif							
24	S24_P05_200_atoms	5	200 Atoms	20	FALSE			atoms	/wp-content/uploads/season_images/utility/score_currency_atoms.avif							
24	S24_P06_daring_devil_pip_boy_paint	6	Daring Devil Pip-Boy Paint	25	FALSE				/wp-content/uploads/season_images/score_s24_skin_pipboyskin_cremator.avif	This Daring Devil Pip-Boy Paint is too hot for most to handle.    - SKIN IS CRAFTABLE AT ARMOR WORKBENCHES. -	SCORE_S24_ENTM_Skin_PipBoySkin_Cremator					
24	S24_P06_smiling_man_patch_icon	6	Player Icon: Smiling Man Patch	20	FALSE	playerIcon	Smiling Man Patch	player_icon	/wp-content/uploads/guide-images/atom-shop/player-icons/atx_playericon_s24_cryptidpatchsmilingman.avif	A big smile that somehow feels Cold.    - UNLOCKS A PLAYER ICON. -	SCORE_S24_ENTM_PlayerIcon_SmilingManPatch					
24	S24_P06_ranger_obsidian_paint	6	Ranger Obsidian Paint	40	TRUE				/wp-content/uploads/season_images/score_s24_skin_clothing_rangersuniform_paint_blackranger.avif	Command the shadows with the Obsidian Paint for the Ranger Armor Outfit.     Compatible with the standard Ranger Armor Outfit included with Fallout 1st!    Exclusive to Fallout 1st Members    - SKIN IS CRAFTABLE AT ARMOR WORKBENCHES. -	SCORE_S24_ENTM_Skin_Clothing_RangersUniform_Paint_BlackRanger					
24	S24_P06_suffix_extraterrestrial	6	"Player Title Suffix: ""Extraterrestrial"""	0	FALSE	playerTitleSuffix	Extraterrestrial	camp_player_title	/wp-content/uploads/storefront/titles-player/score_s24_playertitles_suffix_extraterrestrial.avif	"Unlocks the Player Title Suffix ""Extraterrestrial"".    - PLAYER TITLES ARE SELECTABLE IN THE PIP-BOY. -"	SCORE_S24_ENTM_PlayerTitles_Suffix_Extraterrestrial					
24	S24_P06_alien_display	6	Alien Display	50	TRUE				/wp-content/uploads/season_images/score_s24_camp_displaycase_aliendisplay.avif	Show off your favorite stuff with an out of this world display!    - C.A.M.P. ITEMS APPEAR WHILE IN C.A.M.P. MODE. -	SCORE_S24_ENTM_CAMP_Displaycase_AlienDisplay					
24	S24_P06_200_atoms	6	200 Atoms	20	TRUE			atoms	/wp-content/uploads/season_images/utility/score_currency_atoms.avif							
24	S24_P06_legendary_module_x10	6	Legendary Module x10	25	FALSE			legendary_module	/wp-content/uploads/season_images/utility/score_game_legendarymodule.avif							
24	S24_P06_mystery_bobblehead_x3	6	Mystery Bobblehead x3	15	FALSE			mystery_bobblehead	/wp-content/uploads/season_images/utility/score_utility_mysterybobblehead.avif							
24	S24_P06_mystery_magazine_package_x3	6	Mystery Magazine Package x3	15	TRUE			mystery_magazine	/wp-content/uploads/season_images/utility/score_utility_magazinebookbox.avif							
24	S24_P06_gold_bullion_x100	6	Gold Bullion x100	15	FALSE			gold_bullion	/wp-content/uploads/season_images/utility/score_currency_bullion.avif							
24	S24_P07_phoropter	7	Phoropter	60	FALSE				/wp-content/uploads/season_images/score_s24_camp_utility_phoropter.avif	Your eyes aren't playing tricks on you, it's a Phoropter!     - C.A.M.P. ITEMS APPEAR WHILE IN C.A.M.P. MODE. -	SCORE_S24_ENTM_CAMP_Utility_Phoropter					
24	S24_P07_re_roller_x5	7	Re-Roller x5	25	FALSE			re_roller	/wp-content/uploads/season_images/utility/score_utility_reroller.avif							
24	S24_P07_score_boost_10	7	10% S.C.O.R.E. Boost	0	TRUE			score_booster	/wp-content/uploads/season_images/utility/score_s24_account_scoreboost_1.avif	Gain another 10% bonus S.C.O.R.E. when you complete challenges for the rest of Season 24!    - UNLOCKS BOOST FOR ALL CHARACTERS ON YOUR ACCOUNT. -    - BONUS IS APPLIED TO BASE CHALLENGE S.C.O.R.E.. -    - DOES NOT APPLY TO PREVIOUSLY COMPLETED CHALLENGES. -	SCORE_S24_ENTM_Account_ScoreBoost_3					
24	S24_P07_200_atoms	7	200 Atoms	20	FALSE			atoms	/wp-content/uploads/season_images/utility/score_currency_atoms.avif							
24	S24_P07_prefix_rip	7	"Player Title Prefix: ""Rip"""	0	FALSE	playerTitlePrefix	Rip	camp_player_title	/wp-content/uploads/storefront/titles-player/score_s24_playertitles_prefix_rip.avif	"Unlocks the Player Title Prefix ""Rip"".    - PLAYER TITLES ARE SELECTABLE IN THE PIP-BOY. -"	SCORE_S24_ENTM_PlayerTitles_Prefix_Rip					
24	S24_P07_prefix_bigfoots	7	"C.A.M.P. Title Prefix: ""Bigfoot's"""	25	TRUE	campTitlePrefix	Bigfoot's	camp_player_title	/wp-content/uploads/storefront/titles-camp/score_s24_camptitles_prefix_bigfoots.avif	"Unlocks the C.A.M.P. Title Prefix ""Bigfoot's"".    - C.A.M.P. TITLES ARE SELECTABLE IN THE C.A.M.P. MENU ON THE MAP -"	SCORE_S24_ENTM_CAMPTitles_Prefix_Bigfoots					
24	S24_P07_unknown_origins_curio_cabinet	7	Unknown Origins Curio Cabinet	40	TRUE				/wp-content/uploads/season_images/score_s24_camp_collector_strangecuriocabinet.avif	Oddities from beyond human knowledge, directly in your C.A.M.P. for your viewing pleasure!    Generates Adhesive, Asbestos, and Ceramic.    This item cannot be built inside of a Shelter.    - C.A.M.P. ITEMS APPEAR WHILE IN C.A.M.P. MODE. -	SCORE_S24_ENTM_CAMP_Collector_StrangeCurioCabinet					
24	S24_P07_sugar_free_nukashine	7	Sugar-Free Nukashine	25	FALSE			nukashine	/wp-content/uploads/season_images/utility/score_item_nukashine_sugarfree.avif							
24	S24_P07_carry_weight_booster_x5	7	Carry Weight Booster x5	25	TRUE			carry_weight_booster	/wp-content/uploads/season_images/utility/score_utility_carryweight.avif							
24	S24_P07_jersey_devil_patch_icon	7	Player Icon: Jersey Devil Patch	30	FALSE	playerIcon	Jersey Devil Patch	player_icon	/wp-content/uploads/guide-images/atom-shop/player-icons/atx_playericon_s24_cryptidpatchjerseydevil.avif	This patch appears Once in a Blue Moon.    - UNLOCKS A PLAYER ICON. -	SCORE_S24_ENTM_PlayerIcon_JerseyDevilPatch					
24	S24_P08_200_atoms	8	200 Atoms	20	TRUE			atoms	/wp-content/uploads/season_images/utility/score_currency_atoms.avif							
24	S24_P08_stamps_x10	8	Stamps x10	15	FALSE			stamps	/wp-content/uploads/season_images/utility/score_currency_stamps.avif							
24	S24_P08_perk_coin_x50	8	Perk Coin x50	15	FALSE			perk_coins	/wp-content/uploads/season_images/utility/score_currency_perkcoin.avif							
24	S24_P08_rip_daring_cosmos_photomode_logo	8	Rip Daring Cosmos Photomode Logo	25	FALSE				/wp-content/uploads/season_images/score_s24_ripdaringcosmos_photomode_logo_marquee.webp	Flex your photogenic, American self anywhere in the Universe with the Rip Daring and The Cryptids from Beyond the Cosmos Photomode Logo!    - UNLOCKS A PHOTOMODE LOGO. -	SCORE_S24_RipDaringCosmos_Photomode_Logo_Marquee					
24	S24_P08_taxidermy_beast_of_beckley	8	Taxidermy Beast of Beckley	75	TRUE				/wp-content/uploads/season_images/score_s24_camp_floordecor_taxidermybeast.avif	A gruesome trophy from Appalachian legend. Locals say it once stalked Beckly's ruins - now it guards your camp instead. Still smells a bit... fresh.    - C.A.M.P. ITEMS APPEAR WHILE IN C.A.M.P. MODE. -	SCORE_S24_ENTM_CAMP_FloorDecor_TaxidermyBeast					
24	S24_P08_framed_house_kit	8	Framed House Kit	50	FALSE				/wp-content/uploads/season_images/score_s24_camp_kit_framed.avif	It's a work in progress, with some tarps to try and keep things dry.    Includes new Wall and Roof items.    - C.A.M.P. ITEMS APPEAR WHILE IN C.A.M.P. MODE. -	SCORE_S24_ENTM_CAMP_Kit_Framed					
24	S24_P08_mothman_patch_icon	8	Player Icon: Mothman Patch	25	TRUE	playerIcon	Mothman Patch	player_icon	/wp-content/uploads/guide-images/atom-shop/player-icons/atx_playericon_s24_cryptidpatchmothman.avif	This patch will help you find His Light.    - UNLOCKS A PLAYER ICON. -	SCORE_S24_ENTM_PlayerIcon_MothmanPatch					
24	S24_P08_prefix_guineveres	8	"Player Title Prefix: ""Guinevere's"""	25	FALSE	playerTitlePrefix	Guinevere's	camp_player_title	/wp-content/uploads/storefront/titles-player/score_s24_playertitles_prefix_guinevere.avif	"Unlocks the Player Title Prefix ""Guinevere's"".    - PLAYER TITLES ARE SELECTABLE IN THE PIP-BOY. -"	SCORE_S24_ENTM_PlayerTitles_Prefix_Guinevere					
24	S24_P08_scouts_banner_x5	8	Scout's Banner x5	0	FALSE			scouts_banner	/wp-content/uploads/season_images/utility/score_coen_utility_banner.avif							
24	S24_P08_repair_kit	8	Repair Kit	25	TRUE			repair_kit	/wp-content/uploads/season_images/utility/atx_utility_repairkit_basic.avif							
24	S24_P09_weather_station_alien_invasion	9	Weather Station (Alien Invasion)	75	TRUE				/wp-content/uploads/season_images/score_s24_camp_utility_weatherstation_invasion.avif	They're just floating there... menacingly.    Weather Control Station will change weather in the C.A.M.P. radius when connected to power.    - C.A.M.P. ITEMS APPEAR WHILE IN C.A.M.P. MODE. -	SCORE_S24_ENTM_CAMP_Utility_WeatherStation_Invasion					
24	S24_P09_prefix_suffix_cryptid_hunter	9	"Player Title Prefix/Suffix: ""Cryptid Hunter"""	30	FALSE	playerTitlePrefixSuffix	Cryptid Hunter	camp_player_title	/wp-content/uploads/storefront/titles-player/score_s24_playertitles_both_cryptidhunter.avif	"Unlocks the Player Title Prefix & Suffix ""Cryptid Hunter"".    - PLAYER TITLES ARE SELECTABLE IN THE PIP-BOY. -"	SCORE_S24_ENTM_PlayerTitles_Both_CryptidHunter					
24	S24_P09_grafton_monster_patch_icon	9	Player Icon: Grafton Monster Patch	30	FALSE	playerIcon	Grafton Monster Patch	player_icon	/wp-content/uploads/guide-images/atom-shop/player-icons/atx_playericon_s24_cryptidpatchgraftonmonster.avif	Don't forget to pick one up for Grafton Day!    - UNLOCKS A PLAYER ICON. -	SCORE_S24_ENTM_PlayerIcon_GraftonMonsterPatch					
24	S24_P09_re_roller_x5	9	Re-Roller x5	0	TRUE			re_roller	/wp-content/uploads/season_images/utility/score_utility_reroller.avif							
24	S24_P09_mystery_magazine_package_x3	9	Mystery Magazine Package x3	0	FALSE			mystery_magazine	/wp-content/uploads/season_images/utility/score_utility_magazinebookbox.avif							
24	S24_P09_abduction_stein	9	Abduction Stein	45	FALSE				/wp-content/uploads/season_images/score_s24_camp_floordecor_stein_abduction.avif	For those who want to believe.    - C.A.M.P. ITEMS APPEAR WHILE IN C.A.M.P. MODE. -	SCORE_S24_ENTM_CAMP_FloorDecor_Stein_Abduction					
24	S24_P09_caps_x5000	9	Caps x5000	25	FALSE			caps	/wp-content/uploads/season_images/utility/score_currency_caps.avif							
24	S24_P09_interstellar_daring_power_armor_paint	9	Interstellar Daring Power Armor Paint	75	FALSE				/wp-content/uploads/season_images/score_s24_skin_powerarmor_model_armed.avif	"A prop for the film, ""Rip Daring and the Cryptids From Beyond the Cosmos."" Despite being finished, it went unreleased due to the start of the Great War.    This is a unique skin that alters the appearance of your Power Armor. It can be equipped on all base Power Armors.    - SKIN IS CRAFTABLE AT POWER ARMOR STATIONS. -"	SCORE_S24_ENTM_Skin_PowerArmor_Model_Armed					
24	S24_P09_200_atoms	9	200 Atoms	20	FALSE			atoms	/wp-content/uploads/season_images/utility/score_currency_atoms.avif							
24	S24_P09_legendary_module_x10	9	Legendary Module x10	25	TRUE			legendary_module	/wp-content/uploads/season_images/utility/score_game_legendarymodule.avif							
24	S24_P10_space_glasses	10	Space Glasses	100	FALSE				/wp-content/uploads/season_images/score_s24_apparel_headwear_spaceageglasses.avif	This pre-war toy will let you see how space really looks! Which is apparently green.    2 craftable variants: Regular headwear and a headwear that changes the world to be green tinted    - APPAREL IS CRAFTABLE AT ARMOR WORKBENCHES. -	SCORE_S24_ENTM_Apparel_Headwear_SpaceAgeGlasses					
24	S24_P10_200_atoms	10	200 Atoms	20	TRUE			atoms	/wp-content/uploads/season_images/utility/score_currency_atoms.avif							
24	S24_P10_prefix_interstellar	10	"Player Title Prefix: ""Interstellar"""	30	TRUE	playerTitlePrefix	Interstellar	camp_player_title	/wp-content/uploads/storefront/titles-player/score_s24_playertitles_prefix_interstellar.avif	"Unlocks the Player Title Prefix ""Interstellar"".    - PLAYER TITLES ARE SELECTABLE IN THE PIP-BOY. -"	SCORE_S24_ENTM_PlayerTitles_Prefix_Interstellar					
24	S24_P10_carry_weight_booster_x5	10	Carry Weight Booster x5	30	FALSE			carry_weight_booster	/wp-content/uploads/season_images/utility/score_utility_carryweight.avif							
24	S24_P10_rip_daring_ammo_construction_appliance	10	Rip Daring Ammo Construction Appliance	75	FALSE				/wp-content/uploads/season_images/score_s24_ammoconstructionmachine_collector_riparmco.avif	There is nothing better than the smell of fresh, American ammo in your C.A.M.P. in the morning.    This item cannot be built inside of a Shelter.    - C.A.M.P. ITEMS APPEAR WHILE IN C.A.M.P. MODE. -	SCORE_S24_ENTM_AmmoConstructionmachine_Collector_RipArmCo					
24	S24_P10_film_noir_light_style	10	Film Noir Light Style	100	FALSE				/wp-content/uploads/season_images/score_s24_photomode_vanitylight_filmnoir.avif							
24	S24_P10_drive_in_ufo_sculpture	10	Drive-In UFO Sculpture	40	TRUE				/wp-content/uploads/season_images/score_s24_camp_structure_driveinstatue.avif	Do you believe that this is more than just a statue?    - C.A.M.P. ITEMS APPEAR WHILE IN C.A.M.P. MODE. -	SCORE_S24_ENTM_CAMP_Structure_DriveInStatue					
24	S24_P10_framed_cryptids_from_beyond_the_cosmos	10	Framed Cryptids From Beyond the Cosmos	25	FALSE				/wp-content/uploads/season_images/score_s24_camp_walldecor_endofseasonart.avif	Reminisce on another out of this world adventure with Rip Daring when you look at this framed art.    - C.A.M.P. ITEMS APPEAR WHILE IN C.A.M.P. MODE. -	SCORE_S24_ENTM_CAMP_WallDecor_EndOfSeasonArt					
24	S24_P10_cold_shoulder_pip_boy_paint	10	Cold Shoulder Pip-Boy Paint	30	TRUE				/wp-content/uploads/season_images/score_s24_skin_pipboyskin_coldshoulder.avif	Give your enemies the frosty feeling of the Cold Shoulder, now conveniently located on your wrist!    - SKIN IS CRAFTABLE AT ARMOR WORKBENCHES. -	SCORE_S24_ENTM_Skin_PipBoySkin_ColdShoulder					
24	S24_P10_suffix_terrestrial	10	"Player Title Suffix: ""Terrestrial"""	0	FALSE	playerTitleSuffix	Terrestrial	camp_player_title	/wp-content/uploads/storefront/titles-player/score_s24_playertitles_suffix_terrestrial.avif	"Unlocks the Player Title Suffix ""Terrestrial"".    - PLAYER TITLES ARE SELECTABLE IN THE PIP-BOY. -"	SCORE_S24_ENTM_PlayerTitles_Suffix_Terrestrial					
24	S24_B01_prefix_rip_darings	B1	"C.A.M.P. Title Prefix: ""Rip Daring's"""	100	FALSE	campTitlePrefix	Rip Daring's	camp_player_title	/wp-content/uploads/storefront/titles-camp/score_s24_camptitles_prefix_ripdarings.avif	"Unlocks the C.A.M.P. Title Prefix ""Rip Daring's"".    - C.A.M.P. TITLES ARE SELECTABLE IN THE C.A.M.P. MENU ON THE MAP -"	SCORE_S24_ENTM_CAMPTitles_Prefix_RipDarings					
24	S24_B01_glowing_cat	B1	Glowing Cat	200	FALSE				/wp-content/uploads/season_images/score_s24_camp_camppets_cat_glowingcat.avif	A radiant feline friend to light your way through the wasteland! Equal parts adorable and radioactive. Comes with a cozy radiation bed!    - C.A.M.P. PETS  APPEAR ONCE THEIR FURNITURE IS PLACED IN C.A.M.P. MODE. -	SCORE_S24_ENTM_CAMP_CAMPPets_Cat_GlowingCat					
24	S24_B01_pip_boy_display_stand	B1	Pip-Boy Display Stand	225	FALSE				/wp-content/uploads/season_images/score_s24_pipboyreplica_displaystand.avif	Decorate with the finest RobCo technology when you bring home the Pip-Boy Display Stand!  Note: Only displays non-functioning Replica Pip-Boys.    - Replica Pip-Boys can be crafted at an Armor Workbench -	SCORE_S24_ENTM_PipBoyReplica_DisplayStand					
24	S24_B01_guinevere_in_space_icon	B1	Player Icon: Guinevere in Space	100	FALSE	playerIcon	Guinevere in Space	player_icon	/wp-content/uploads/guide-images/atom-shop/player-icons/atx_playericon_s24_spaceguinevere.avif	In space, no one will hear Rip scream post-treatment!    - UNLOCKS A PLAYER ICON. -	SCORE_S24_ENTM_PlayerIcon_SpaceGuinevere					
24	S24_B01_prefix_armed	B1	"Player Title Prefix: ""Armed"""	100	FALSE	playerTitlePrefix	Armed	camp_player_title	/wp-content/uploads/storefront/titles-player/score_s24_playertitles_prefix_armed.avif	"Unlocks the Player Title Prefix ""Armed"".    - PLAYER TITLES ARE SELECTABLE IN THE PIP-BOY. -"	SCORE_S24_ENTM_PlayerTitles_Prefix_Armed					
24	S24_B01_mountain_retreat_home	B1	Mountain Retreat Home	225	FALSE				/wp-content/uploads/season_images/score_s24_camp_structure_prefab_mountainretreat.avif	This Mountain Retreat Home is the perfect place to get away from the hustle and bustle of the city life!    - C.A.M.P. ITEMS APPEAR WHILE IN C.A.M.P. MODE. -	SCORE_S24_ENTM_CAMP_Structure_Prefab_MountainRetreat					
24	S24_B01_orange_tarp_roof_kit	B1	Orange Tarp Roof Kit	200	FALSE				/wp-content/uploads/season_images/score_s24_camp_roofs_kit_framed_tarped.avif	It's a colorful work in progress.     Includes new Roof items.    - C.A.M.P. ITEMS APPEAR WHILE IN C.A.M.P. MODE. -	SCORE_S24_ENTM_CAMP_Roofs_Kit_Framed_Tarped					
24	S24_B01_stamps_x10	B1	Stamps x10	75	FALSE			stamps	/wp-content/uploads/season_images/utility/score_currency_stamps.avif							
24	S24_B02_scouts_banner_x5	B2	Scout's Banner x5	75	FALSE			scouts_banner	/wp-content/uploads/season_images/utility/score_coen_utility_banner.avif							
24	S24_B02_caps_x5000	B2	Caps x5000	75	FALSE			caps	/wp-content/uploads/season_images/utility/score_currency_caps.avif							
24	S24_B02_perk_coin_x25	B2	Perk Coin x25	75	FALSE			perk_coins	/wp-content/uploads/season_images/utility/score_currency_perkcoin.avif							
24	S24_B02_score_booster_x3	B2	S.C.O.R.E. Booster x3	125	FALSE			score_booster	/wp-content/uploads/season_images/utility/score_utility_scorebooster.avif							
24	S24_B02_lunchbox_x5	B2	Lunchbox x5	75	FALSE			lunchbox	/wp-content/uploads/season_images/utility/atx_store_lunchbox001.avif							
24	S24_B02_100_atoms	B2	100 Atoms	250	FALSE			atoms	/wp-content/uploads/season_images/utility/score_currency_atoms.avif							
24	S24_B02_superb_bait_x5	B2	Superb Bait x5	75	FALSE			superb_bait	/wp-content/uploads/season_images/utility/score_utility_superbait.avif							
24	S24_B02_stamps_x10	B2	Stamps x10	75	FALSE			stamps	/wp-content/uploads/season_images/utility/score_currency_stamps.avif							
24	S24_B02_gold_bullion_x100	B2	Gold Bullion x100	75	FALSE			gold_bullion	/wp-content/uploads/season_images/utility/score_currency_bullion.avif							
24	S24_B02_re_roller_x5	B2	Re-Roller x5	125	FALSE			re_roller	/wp-content/uploads/season_images/utility/score_utility_reroller.avif							
25	S25_P01_score_boost_5	1	5% S.C.O.R.E. Boost	0	TRUE			score_booster	/wp-content/uploads/season_images/utility/score_s24_account_scoreboost_1.avif	Gain 5% bonus S.C.O.R.E. when you complete challenges for the rest of Season 25!    - UNLOCKS BOOST FOR ALL CHARACTERS ON YOUR ACCOUNT. -    - BONUS IS APPLIED TO BASE CHALLENGE S.C.O.R.E. -    - DOES NOT APPLY TO PREVIOUSLY COMPLETED CHALLENGES. -						
25	S25_P01_glowing_kanawha_piranha_icon	1	Player Icon: Glowing Kanawha Piranha	25	TRUE	playerIcon	Glowing Kanawha Piranha	player_icon	/wp-content/uploads/guide-images/atom-shop/player-icons/atx_playericon_s25_glowingkanawhapiranha.avif	The waters of Appalachia glow with menace.    - UNLOCKS A PLAYER ICON. -	SCORE_S25_ENTM_PlayerIcon_GlowingKanawhaPiranha					
25	S25_P01_200_atoms	1	200 Atoms	30	FALSE			atoms	/wp-content/uploads/season_images/utility/score_currency_atoms.avif							
25	S25_P01_repair_kit	1	Repair Kit	25	FALSE			repair_kit	/wp-content/uploads/season_images/utility/atx_utility_repairkit_basic.avif							
25	S25_P01_perk_coins_x25	1	Perk Coin x25	25	TRUE			perk_coins	/wp-content/uploads/season_images/utility/score_currency_perkcoin.avif							
25	S25_P01_prefix_fortified	1	"C.A.M.P. Title Prefix: ""Fortified"""	25	FALSE	campTitlePrefix	Fortified	camp_player_title	/wp-content/uploads/storefront/titles-camp/score_s25_camptitles_prefix_fortified.avif	"Unlocks the C.A.M.P. Title Prefix ""Fortified"".    - C.A.M.P. TITLES ARE SELECTABLE IN THE C.A.M.P. MENU ON THE MAP -"	SCORE_S25_ENTM_CAMPTitles_Prefix_Fortified					
25	S25_P01_carry_weight_booster_x5	1	Carry Weight Booster x5	25	FALSE			carry_weight_booster	/wp-content/uploads/season_images/utility/score_utility_carryweight.avif							
25	S25_P01_wooden_outdoor_shower	1	Wooden Outdoor Shower	50	TRUE				/wp-content/uploads/season_images/score_s25_camp_woodenoutdoorshower.avif	A rustic shower for the wasteland wanderer.    - C.A.M.P. ITEMS APPEAR WHILE IN C.A.M.P. MODE. -						
25	S25_P01_responders_leather_armor_paint	1	Responders Leather Armor Paint	45	FALSE				/wp-content/uploads/season_images/score_s25_armor_paint_responders_leather.avif	Show your support for the Responders with this Leather Armor paint!    - ITEM IS CRAFTABLE AT ARMOR WORKBENCHES. -						
25	S25_P01_woodland_camo_10mm_smg	1	Woodland Camo Paint (10mm Submachine Gun)	50	FALSE				/wp-content/uploads/season_images/score_s25_weapons_paint_woodlandcamo_10mmsmg.avif	Blend into the Appalachian wilds with the Woodland Camo paint for the 10mm Submachine Gun!    - ITEM IS CRAFTABLE AT WEAPON WORKBENCHES. -						
25	S25_P02_prefix_safeguarded	2	"C.A.M.P. Title Prefix: ""Safeguarded"""	25	TRUE	campTitlePrefix	Safeguarded	camp_player_title	/wp-content/uploads/storefront/titles-camp/score_s25_camptitles_prefix_safeguarded.avif	"Unlocks the C.A.M.P. Title Prefix ""Safeguarded"".    - C.A.M.P. TITLES ARE SELECTABLE IN THE C.A.M.P. MENU ON THE MAP -"	SCORE_S25_ENTM_CAMPTitles_Prefix_Safeguarded					
25	S25_P02_cannery_recipe_bundle_1	2	Cannery Recipe Bundle #1	0	FALSE				/wp-content/uploads/season_images/score_s25_utility_canneryrecipebundle1.avif	Learn new recipes from Mama Dolce's Cannery! Includes: Canned Tato Salad, Canned Broiled Scorchbeast Brain, Canned Brain Bombs.						
25	S25_P02_timber_sawgill_icon	2	Player Icon: Timber Sawgill	20	FALSE	playerIcon	Timber Sawgill	player_icon	/wp-content/uploads/guide-images/atom-shop/player-icons/atx_playericon_s25_timbersawgill.avif	A fearsome fungal predator lurks in the woods.    - UNLOCKS A PLAYER ICON. -	SCORE_S25_ENTM_PlayerIcon_TimberSawgill					
25	S25_P02_200_atoms	2	200 Atoms	25	TRUE			atoms	/wp-content/uploads/season_images/utility/score_currency_atoms.avif							
25	S25_P02_score_booster_x3	2	S.C.O.R.E. Booster x3	25	FALSE			score_booster	/wp-content/uploads/season_images/utility/score_utility_scorebooster.avif							
25	S25_P02_fish_of_appalachia_mire_poster	2	Fish of Appalachia: The Mire Poster	40	TRUE				/wp-content/uploads/season_images/score_s25_camp_walldecor_fishofappalachia_mire.avif	A detailed poster showcasing the fish of The Mire.    - C.A.M.P. ITEMS APPEAR WHILE IN C.A.M.P. MODE. -						
25	S25_P02_stamps_x10	2	Stamps x10	20	FALSE			stamps	/wp-content/uploads/season_images/utility/score_currency_stamps.avif							
25	S25_P02_re_roller_x5	2	Re-Roller x5	20	FALSE			re_roller	/wp-content/uploads/season_images/utility/score_utility_reroller.avif							
25	S25_P02_taxidermy_ogua	2	Taxidermy Ogua	50	FALSE				/wp-content/uploads/season_images/score_s25_camp_taxidermy_ogua.avif	Mount the fearsome Ogua as a trophy in your C.A.M.P.!    - C.A.M.P. ITEMS APPEAR WHILE IN C.A.M.P. MODE. -						
25	S25_P02_teal_bathroom_urinal	2	Teal Bathroom Urinal	25	FALSE				/wp-content/uploads/season_images/score_s25_camp_tealbathroomurinal.avif	A stylish teal urinal for your C.A.M.P. bathroom.    - C.A.M.P. ITEMS APPEAR WHILE IN C.A.M.P. MODE. -						
25	S25_P03_vault_tec_snow_machine	3	Vault-Tec Snow Machine	50	TRUE				/wp-content/uploads/season_images/score_s25_camp_vaulttecsnowmachine.avif	Bring a flurry of fun to your C.A.M.P. with the Vault-Tec Snow Machine!    - C.A.M.P. ITEMS APPEAR WHILE IN C.A.M.P. MODE. -						
25	S25_P03_suffix_bunker	3	"C.A.M.P. Title Suffix: ""Bunker"""	25	FALSE	campTitleSuffix	Bunker	camp_player_title	/wp-content/uploads/storefront/titles-camp/score_s25_camptitles_suffix_bunker.avif	"Unlocks the C.A.M.P. Title Suffix ""Bunker"".    - C.A.M.P. TITLES ARE SELECTABLE IN THE C.A.M.P. MENU ON THE MAP -"	SCORE_S25_ENTM_CAMPTitles_Suffix_Bunker					
25	S25_P03_cannery_recipe_bundle_2	3	Cannery Recipe Bundle #2	40	FALSE				/wp-content/uploads/season_images/score_s25_utility_canneryrecipebundle2.avif	Learn more recipes from Mama Dolce's Cannery! Includes: Canned Blight Soup, Canned Smoked Mirelurk Fillets, Canned Deathclaw Wellington.						
25	S25_P03_legendary_module_x10	3	Legendary Module x10	25	TRUE			legendary_module	/wp-content/uploads/season_images/utility/score_game_legendarymodule.avif							
25	S25_P03_glowing_bog_lurker_icon	3	Player Icon: Glowing Bog Lurker	20	FALSE	playerIcon	Glowing Bog Lurker	player_icon	/wp-content/uploads/guide-images/atom-shop/player-icons/atx_playericon_s25_glowingboglurker.avif	From the murky depths of the Cranberry Bog.    - UNLOCKS A PLAYER ICON. -	SCORE_S25_ENTM_PlayerIcon_GlowingBogLurker					
25	S25_P03_teal_sink	3	Teal Sink	25	FALSE				/wp-content/uploads/season_images/score_s25_camp_tealsink.avif	A stylish teal sink for your C.A.M.P.    - C.A.M.P. ITEMS APPEAR WHILE IN C.A.M.P. MODE. -						
25	S25_P03_200_atoms	3	200 Atoms	0	FALSE			atoms	/wp-content/uploads/season_images/utility/score_currency_atoms.avif							
25	S25_P03_caps_x5000	3	Caps x5000	20	TRUE			caps	/wp-content/uploads/season_images/utility/score_currency_caps.avif							
25	S25_P03_woodland_camo_smg	3	Woodland Camo Paint (Submachine Gun)	50	TRUE				/wp-content/uploads/season_images/score_s25_weapons_paint_woodlandcamo_smg.avif	Blend into the Appalachian wilds with the Woodland Camo paint for the Submachine Gun!    - ITEM IS CRAFTABLE AT WEAPON WORKBENCHES. -						
25	S25_P03_responders_metal_armor_paint	3	Responders Metal Armor Paint	45	FALSE				/wp-content/uploads/season_images/score_s25_armor_paint_responders_metal.avif	Show your support for the Responders with this Metal Armor paint!    - ITEM IS CRAFTABLE AT ARMOR WORKBENCHES. -						
25	S25_P04_suffix_last_stand	4	"C.A.M.P. Title Suffix: ""Last Stand"""	30	FALSE	campTitleSuffix	Last Stand	camp_player_title	/wp-content/uploads/storefront/titles-camp/score_s25_camptitles_suffix_laststand.avif	"Unlocks the C.A.M.P. Title Suffix ""Last Stand"".    - C.A.M.P. TITLES ARE SELECTABLE IN THE C.A.M.P. MENU ON THE MAP -"	SCORE_S25_ENTM_CAMPTitles_Suffix_LastStand					
25	S25_P04_score_boost_10	4	10% S.C.O.R.E. Boost	0	TRUE			score_booster	/wp-content/uploads/season_images/utility/score_s24_account_scoreboost_1.avif	Gain 10% bonus S.C.O.R.E. when you complete challenges for the rest of Season 25!    - UNLOCKS BOOST FOR ALL CHARACTERS ON YOUR ACCOUNT. -    - BONUS IS APPLIED TO BASE CHALLENGE S.C.O.R.E. -    - DOES NOT APPLY TO PREVIOUSLY COMPLETED CHALLENGES. -						
25	S25_P04_perk_coins_x25	4	Perk Coin x25	30	FALSE			perk_coins	/wp-content/uploads/season_images/utility/score_currency_perkcoin.avif							
25	S25_P04_noxious_sawgill_icon	4	Player Icon: Noxious Sawgill	25	TRUE	playerIcon	Noxious Sawgill	player_icon	/wp-content/uploads/guide-images/atom-shop/player-icons/atx_playericon_s25_noxioussawgill.avif	Beware the toxic spores of the Noxious Sawgill.    - UNLOCKS A PLAYER ICON. -	SCORE_S25_ENTM_PlayerIcon_NoxiousSawgill					
25	S25_P04_200_atoms	4	200 Atoms	25	TRUE			atoms	/wp-content/uploads/season_images/utility/score_currency_atoms.avif							
25	S25_P04_responders_combat_armor_paint	4	Responders Combat Armor Paint	50	FALSE				/wp-content/uploads/season_images/score_s25_armor_paint_responders_combat.avif	Show your support for the Responders with this Combat Armor paint!    - ITEM IS CRAFTABLE AT ARMOR WORKBENCHES. -						
25	S25_P04_mystery_bobblehead_x3	4	Mystery Bobblehead x3	25	TRUE			mystery_bobblehead	/wp-content/uploads/season_images/utility/score_utility_mysterybobblehead.avif							
25	S25_P04_superb_bait_x5	4	Superb Bait x5	25	FALSE			superb_bait	/wp-content/uploads/season_images/utility/score_utility_superbait.avif							
25	S25_P04_fishn_hole_outfit	4	Fish'n Hole Outfit	60	FALSE				/wp-content/uploads/season_images/score_s25_apparel_outfit_fishnhole.avif	Cast a line and reel in style with the Fish'n Hole Outfit!    - APPAREL IS CRAFTABLE AT ARMOR WORKBENCHES. -						
25	S25_P04_fishn_hole_hat	4	Fish'n Hole Hat	30	FALSE				/wp-content/uploads/season_images/score_s25_apparel_headwear_fishnhole.avif	Top off your fishing look with the Fish'n Hole Hat!    - APPAREL IS CRAFTABLE AT ARMOR WORKBENCHES. -						
25	S25_P05_prefix_infested	5	"Player Title Prefix: ""Infested"""	0	TRUE	playerTitlePrefix	Infested	camp_player_title	/wp-content/uploads/storefront/titles-player/score_s25_playertitles_prefix_infested.avif	"Unlocks the Player Title Prefix ""Infested"".    - PLAYER TITLES ARE SELECTABLE IN THE PLAYER MENU. -"	SCORE_S25_ENTM_PlayerTitles_Prefix_Infested					
25	S25_P05_camden_park_trash_bin	5	Camden Park Trash Bin	60	TRUE				/wp-content/uploads/season_images/score_s25_camp_camdenparktrashbin.avif	Straight from Camden Park, a trash bin with character!    - C.A.M.P. ITEMS APPEAR WHILE IN C.A.M.P. MODE. -						
25	S25_P05_destroyed_cooling_tower	5	Destroyed Cooling Tower	80	FALSE				/wp-content/uploads/season_images/score_s25_camp_destroyedcoolingtower.avif	A crumbling relic of pre-war industry.    - C.A.M.P. ITEMS APPEAR WHILE IN C.A.M.P. MODE. -						
25	S25_P05_vault_girl_fish_icon	5	Player Icon: Vault Girl Holding Fish	25	FALSE	playerIcon	Vault Girl Holding Fish	player_icon	/wp-content/uploads/guide-images/atom-shop/player-icons/atx_playericon_s25_vaultgirlholdingfish.avif	A great catch for a great icon!    - UNLOCKS A PLAYER ICON. -	SCORE_S25_ENTM_PlayerIcon_VaultGirlHoldingFish					
25	S25_P05_score_booster_x3	5	S.C.O.R.E. Booster x3	30	TRUE			score_booster	/wp-content/uploads/season_images/utility/score_utility_scorebooster.avif							
25	S25_P05_200_atoms	5	200 Atoms	30	FALSE			atoms	/wp-content/uploads/season_images/utility/score_currency_atoms.avif							
25	S25_P05_re_roller_x5	5	Re-Roller x5	25	TRUE			re_roller	/wp-content/uploads/season_images/utility/score_utility_reroller.avif							
25	S25_P05_responders_civil_engineer_armor	5	Responders Civil Engineer Armor	50	FALSE				/wp-content/uploads/season_images/score_s25_armor_responders_civilengineer.avif	Suit up in Responders Civil Engineer Armor and serve the community!    - ITEM IS CRAFTABLE AT ARMOR WORKBENCHES. -						
25	S25_P06_prefix_outdoor	6	"Player Title Prefix: ""Outdoor"""	25	FALSE	playerTitlePrefix	Outdoor	camp_player_title	/wp-content/uploads/storefront/titles-player/score_s25_playertitles_prefix_outdoor.avif	"Unlocks the Player Title Prefix ""Outdoor"".    - PLAYER TITLES ARE SELECTABLE IN THE PLAYER MENU. -"	SCORE_S25_ENTM_PlayerTitles_Prefix_Outdoor					
25	S25_P06_10_score_boost	6	10% S.C.O.R.E. Boost	0	TRUE			score_booster	/wp-content/uploads/season_images/utility/score_s24_account_scoreboost_1.avif	Gain 10% bonus S.C.O.R.E. when you complete challenges for the rest of Season 25!    - UNLOCKS BOOST FOR ALL CHARACTERS ON YOUR ACCOUNT. -    - BONUS IS APPLIED TO BASE CHALLENGE S.C.O.R.E. -    - DOES NOT APPLY TO PREVIOUSLY COMPLETED CHALLENGES. -						
25	S25_P06_woodland_camo_compound_bow	6	Woodland Camo Paint (Compound Bow)	50	FALSE				/wp-content/uploads/season_images/score_s25_weapons_paint_woodlandcamo_compoundbow.avif	Blend into the Appalachian wilds with the Woodland Camo paint for the Compound Bow!    - ITEM IS CRAFTABLE AT WEAPON WORKBENCHES. -						
25	S25_P06_glowing_dog_icon	6	Player Icon: Glowing Dog	25	FALSE	playerIcon	Glowing Dog	player_icon	/wp-content/uploads/guide-images/atom-shop/player-icons/atx_playericon_s25_glowingdog.avif	Man's best (glowing) friend.    - UNLOCKS A PLAYER ICON. -	SCORE_S25_ENTM_PlayerIcon_GlowingDog					
25	S25_P06_200_atoms	6	200 Atoms	25	TRUE			atoms	/wp-content/uploads/season_images/utility/score_currency_atoms.avif							
25	S25_P06_glowing_dog	6	Glowing Dog	60	TRUE				/wp-content/uploads/season_images/score_s25_camp_glowingdog.avif	A loyal companion that lights up the darkness.    - C.A.M.P. ITEMS APPEAR WHILE IN C.A.M.P. MODE. -						
25	S25_P06_responders_civil_engineer_underarmor	6	Responders Civil Engineer Underarmor	40	FALSE				/wp-content/uploads/season_images/score_s25_apparel_underarmor_responders_civilengineer.avif	An underarmor bearing the Responders Civil Engineer insignia.    - APPAREL IS CRAFTABLE AT ARMOR WORKBENCHES. -						
25	S25_P06_scouts_banner_x5	6	Scout's Banner x5	25	FALSE			scouts_banner	/wp-content/uploads/season_images/utility/score_utility_scoutsbanner.webp							
25	S25_P06_mystery_magazine_x3	6	Mystery Magazine Package x3	25	TRUE			mystery_magazine	/wp-content/uploads/season_images/utility/score_utility_magazinebookbox.avif							
25	S25_P06_mama_dolces_cannery	6	Mama Dolce's Cannery	75	FALSE				/wp-content/uploads/season_images/score_s25_camp_mamadolcescannery.avif	Bring the iconic Mama Dolce's Cannery to your C.A.M.P.!    - C.A.M.P. ITEMS APPEAR WHILE IN C.A.M.P. MODE. -						
25	S25_P07_prefixsuffix_globetrotter	7	"Player Title Suffix: ""Globetrotter"""	0	TRUE	playerTitleSuffix	Globetrotter	camp_player_title	/wp-content/uploads/storefront/titles-player/score_s25_playertitles_suffix_globetrotter.avif	"Unlocks the Player Title Suffix ""Globetrotter"".    - PLAYER TITLES ARE SELECTABLE IN THE PLAYER MENU. -"	SCORE_S25_ENTM_PlayerTitles_Suffix_Globetrotter					
25	S25_P07_deathclaw_skull_weapon_rack	7	Deathclaw Skull Weapon Rack	45	FALSE				/wp-content/uploads/season_images/score_s25_camp_deathclawskullweaponrack.avif	Display your weapons on a fearsome Deathclaw skull mount!    - C.A.M.P. ITEMS APPEAR WHILE IN C.A.M.P. MODE. -						
25	S25_P07_deathclaw_stein_display	7	Deathclaw Stein Display	50	TRUE				/wp-content/uploads/season_images/score_s25_displaycase_beersteins_deathclawsteindisplay.avif	Show off your Deathclaw Stein collection!    - C.A.M.P. ITEMS APPEAR WHILE IN C.A.M.P. MODE. -						
25	S25_P07_responders_ss_underarmor	7	Responders Secret Service Underarmor	30	TRUE				/wp-content/uploads/season_images/score_s25_apparel_underarmor_responders_secretservice.avif	An underarmor bearing the Responders Secret Service insignia.    - APPAREL IS CRAFTABLE AT ARMOR WORKBENCHES. -						
25	S25_P07_woodland_camo_minigun	7	Woodland Camo Paint (Minigun)	50	FALSE				/wp-content/uploads/season_images/score_s25_weapons_paint_woodlandcamo_minigun.avif	Blend into the Appalachian wilds with the Woodland Camo paint for the Minigun!    - ITEM IS CRAFTABLE AT WEAPON WORKBENCHES. -						
25	S25_P07_vault_boy_fish_icon	7	Player Icon: Vault Boy Holding Fish	25	FALSE	playerIcon	Vault Boy Holding Fish	player_icon	/wp-content/uploads/guide-images/atom-shop/player-icons/atx_playericon_s25_vaultboyholdingfish.avif	A classic catch for a classic icon!    - UNLOCKS A PLAYER ICON. -	SCORE_S25_ENTM_PlayerIcon_VaultBoyHoldingFish					
25	S25_P07_responders_secret_service_armor	7	Responders Secret Service Armor	45	FALSE				/wp-content/uploads/season_images/score_s25_armor_paint_responders_secretservice.avif	Elite Responders paint for Secret Service Armor.    - ITEM IS CRAFTABLE AT ARMOR WORKBENCHES. -						
25	S25_P07_200_atoms	7	200 Atoms	30	FALSE			atoms	/wp-content/uploads/season_images/utility/score_currency_atoms.avif							
25	S25_P08_coffee_pot_stein	8	Coffee Pot Stein	0	FALSE				/wp-content/uploads/season_images/score_s25_displaycase_beersteins_coffeepotstein.avif	A stein shaped like a classic coffee pot!    - C.A.M.P. ITEMS APPEAR WHILE IN C.A.M.P. MODE. -						
25	S25_P08_200_atoms	8	200 Atoms	20	TRUE			atoms	/wp-content/uploads/season_images/utility/score_currency_atoms.avif							
25	S25_P08_nuclear_keycard_x5	8	Nuclear Keycard x5	25	FALSE			nuclear_keycard	/wp-content/uploads/season_images/utility/score_utility_nuclearkeycard.avif							
25	S25_P08_teal_bathtub	8	Teal Bathtub	30	TRUE				/wp-content/uploads/season_images/score_s25_camp_tealbathtub.avif	A stylish teal bathtub for your C.A.M.P. bathroom.    - C.A.M.P. ITEMS APPEAR WHILE IN C.A.M.P. MODE. -						
25	S25_P08_responders_recon_armor	8	Responders Recon Armor	45	FALSE				/wp-content/uploads/season_images/score_s25_armor_paint_responders_recon.avif	Elite Responders paint for Recon Armor.    - ITEM IS CRAFTABLE AT ARMOR WORKBENCHES. -						
25	S25_P08_framed_appalachia_under_siege	8	Framed Appalachia Under Siege Wall Art	30	FALSE				/wp-content/uploads/season_images/score_s25_camp_walldecor_framedappalachiaundersiege.avif	Hang the Season 25 key art on your C.A.M.P. wall!    - C.A.M.P. ITEMS APPEAR WHILE IN C.A.M.P. MODE. -						
25	S25_P09_cyprus_cat	9	Cyprus Cat	25	FALSE				/wp-content/uploads/season_images/score_s25_camp_cypruscat.avif	The purr-fect companion to help you through the apocalypse! Comes with a cat bed!  Generates 1, 2, or 3 Star Legendary Items   - C.A.M.P. PETS  APPEAR ONCE THEIR FURNITURE IS PLACED IN C.A.M.P. MODE. -	SCORE_S25_ENTM_CAMP_CAMPPets_Cat_CyprusCat					
25	S25_P09_suffix_pioneer	9	"Player Title Suffix: ""Pioneer"""	25	TRUE	playerTitleSuffix	Pioneer	camp_player_title	/wp-content/uploads/storefront/titles-player/score_s25_playertitles_suffix_pioneer.avif	"Unlocks the Player Title Suffix ""Pioneer"".    - PLAYER TITLES ARE SELECTABLE IN THE PLAYER MENU. -"	SCORE_S25_ENTM_PlayerTitles_Suffix_Pioneer					
25	S25_P09_hunters_blind_survival_tent	9	Hunter's Blind Survival Tent	80	TRUE				/wp-content/uploads/season_images/score_s25_camp_huntersblindsurvivaltent.avif	A camouflaged Survival Tent designed for the wilderness.    - SURVIVAL TENT SKINS ARE SELECTABLE IN THE ATOM SHOP. -						
25	S25_P09_mr_farmhand_collectron	9	Mr. Farmhand Collectron Station	60	FALSE				/wp-content/uploads/season_images/score_s25_camp_mrfarmhandcollectron.avif	Let Mr. Farmhand tend to the collecting while you explore!    - C.A.M.P. ITEMS APPEAR WHILE IN C.A.M.P. MODE. -						
25	S25_P09_200_atoms	9	200 Atoms	30	FALSE			atoms	/wp-content/uploads/season_images/utility/score_currency_atoms.avif							
25	S25_P09_silly_face_mr_fuzzy_icon	9	Player Icon: Silly Face Mr. Fuzzy	30	FALSE	playerIcon	Silly Face Mr. Fuzzy	player_icon	/wp-content/uploads/guide-images/atom-shop/player-icons/atx_playericon_s25_mrfuzzytongueout.avif	Mr. Fuzzy's silliest face yet!    - UNLOCKS A PLAYER ICON. -	SCORE_S25_ENTM_PlayerIcon_MrFuzzyTongueOut					
25	S25_P09_woodland_camo_auto_axe	9	Woodland Camo Paint (Auto Axe)	0	TRUE				/wp-content/uploads/season_images/score_s25_weapons_paint_woodlandcamo_autoaxe.avif	Blend into the Appalachian wilds with the Woodland Camo paint for the Auto Axe!    - ITEM IS CRAFTABLE AT WEAPON WORKBENCHES. -						
25	S25_B1_weather_station_rainbow	B1	Weather Station (Rainbow)	210	FALSE				/wp-content/uploads/season_images/score_s25_camp_weatherstation_rainbow.avif	A colorful rainbow weather station for your C.A.M.P.!    - C.A.M.P. ITEMS APPEAR WHILE IN C.A.M.P. MODE. -						
25	S25_B1_wasteland_farm	B1	Wasteland Farm	250	FALSE				/wp-content/uploads/season_images/score_s25_camp_wastelandfarm.avif	A full rustic farmstead for your C.A.M.P.    - C.A.M.P. ITEMS APPEAR WHILE IN C.A.M.P. MODE. -						
25	S25_B1_glowing_radhog	B1	Glowing Radhog	175	FALSE				/wp-content/uploads/season_images/score_s25_camp_glowningradhog.avif	A glowing Radhog to guard your C.A.M.P.    - C.A.M.P. ITEMS APPEAR WHILE IN C.A.M.P. MODE. -						
25	S25_B1_hanging_backpack_display	B1	Hanging Backpack Display	150	FALSE				/wp-content/uploads/season_images/score_s25_camp_hangingbackpackdisplay.avif	Display your favorite backpack on the wall!    - C.A.M.P. ITEMS APPEAR WHILE IN C.A.M.P. MODE. -						
25	S25_B1_teal_toilet	B1	Teal Toilet	125	FALSE				/wp-content/uploads/season_images/score_s25_camp_tealtoilet.avif	Complete your teal bathroom set with a matching toilet.    - C.A.M.P. ITEMS APPEAR WHILE IN C.A.M.P. MODE. -						
25	S25_B1_perk_coins_x50	B1	Perk Coin x50	75	FALSE			perk_coins	/wp-content/uploads/season_images/utility/score_currency_perkcoin.avif							
25	S25_B1_nuclear_bomb_ride	B1	Nuclear Bomb Ride	160	FALSE				/wp-content/uploads/season_images/score_s25_camp_nuclearbombride.avif	An amusement park ride shaped like a nuclear bomb!    - C.A.M.P. ITEMS APPEAR WHILE IN C.A.M.P. MODE. -						
25	S25_B1_stamps_x10	B1	Stamps x10	75	FALSE			stamps	/wp-content/uploads/season_images/utility/score_currency_stamps.avif							
25	S25_B2_re_roller_x5	B2	Re-Roller x5	125	FALSE			re_roller	/wp-content/uploads/season_images/utility/score_utility_reroller.avif							
25	S25_B2_caps_x5000	B2	Caps x5000	75	FALSE			caps	/wp-content/uploads/season_images/utility/score_currency_caps.avif							
25	S25_B2_perk_coins_x25	B2	Perk Coin x25	75	FALSE			perk_coins	/wp-content/uploads/season_images/utility/score_currency_perkcoin.avif							
25	S25_B2_score_booster_x3	B2	S.C.O.R.E. Booster x3	75	FALSE			score_booster	/wp-content/uploads/season_images/utility/score_utility_scorebooster.avif							
25	S25_B2_100_atoms	B2	100 Atoms	250	FALSE			atoms	/wp-content/uploads/season_images/utility/score_currency_atoms.avif							
25	S25_B2_lunchbox_x5	B2	Lunchbox x5	75	FALSE			lunchbox	/wp-content/uploads/season_images/utility/atx_store_lunchbox001.avif							
25	S25_B2_stamps_x10	B2	Stamps x10	75	FALSE			stamps	/wp-content/uploads/season_images/utility/score_currency_stamps.avif							
25	S25_B2_scouts_banner_x5	B2	Scout's Banner x5	75	FALSE			scouts_banner	/wp-content/uploads/season_images/utility/score_utility_scoutsbanner.webp							
25	S25_B2_superb_bait_x5	B2	Superb Bait x5	75	FALSE			superb_bait	/wp-content/uploads/season_images/utility/score_utility_superbait.avif							
25	S25_B2_gold_bullion_x100	B2	Gold Bullion x100	75	FALSE			gold_bullion	/wp-content/uploads/season_images/utility/score_currency_bullion.avif							
26	S26_P1_bloody_nurse_hat	1	Bloody Nurse Hat	25	FALSE				/wp-content/uploads/season_images/score_s26_apparel_headwear_bloodynurse_hat.avif	You got some red on you.  - APPAREL IS CRAFTABLE AT ARMOR WORKBENCHES. -	SCORE_S26_ENTM_Apparel_Headwear_BloodyNurse_Hat					
26	S26_P1_blood_moon_t_45_power_armor_paint	1	Blood Moon T-45 Power Armor Paint	50	FALSE				/wp-content/uploads/season_images/score_s26_skin_powerarmor_paint_t45_bloodmoon.avif	Terrorize the Wasteland with the Blood Moon Power Armor Paint!  - SKIN IS CRAFTABLE AT POWER ARMOR STATIONS. -	SCORE_S26_ENTM_Skin_PowerArmor_Paint_T45_BloodMoon					
26	S26_P1_bloody_mess_paint_mole_miner_gauntlet	1	Bloody Mess Paint (Mole Miner Gauntlet)	40	FALSE				/wp-content/uploads/season_images/score_s26_skin_weaponskin_moleminergauntlet_bloodmess.avif	That ain't ketchup...  - SKIN IS CRAFTABLE AT WEAPON WORKBENCHES. -	SCORE_S26_ENTM_Skin_WeaponSkin_MoleMinerGauntlet_BloodMess					
26	S26_P1_5_s_c_o_r_e_boost	1	5% S.C.O.R.E. Boost	0	TRUE			score_booster	/wp-content/uploads/season_images/utility/score_s24_account_scoreboost_1.avif	Gain 5% bonus S.C.O.R.E. when you complete challenges for the rest of Season 26!  - UNLOCKS BOOST FOR ALL CHARACTERS ON YOUR ACCOUNT. -  - BONUS IS APPLIED TO BASE CHALLENGE S.C.O.R.E. -  - DOES NOT APPLY TO PREVIOUSLY COMPLETED CHALLENGES. -	SCORE_S26_ENTM_Account_ScoreBoost_1					
26	S26_P1_bloodsucker_vault_boy_cutout	1	Bloodsucker Vault Boy Cutout	30	FALSE				/wp-content/uploads/season_images/score_s26_camp_floordecor_cutout_vaultboy_s26bloodsucker.avif	Quench the thirst for blood in your own C.A.M.P. with this Cutout!  - C.A.M.P. ITEMS APPEAR WHILE IN C.A.M.P. MODE. -	SCORE_S26_ENTM_CAMP_FloorDecor_Cutout_VaultBoy_S26Bloodsucker					
26	S26_P1_200_atoms	1	200 Atoms	20	TRUE			atoms	/wp-content/uploads/season_images/utility/score_currency_atoms.avif							
26	S26_P1_tales_from_the_west_virginia_hills_vol_1_poster	1	Tales from the West Virginia Hills Vol.1 Poster	25	TRUE				/wp-content/uploads/season_images/score_s26_camp_walldecor_wvhillposter1.avif	A poster that depicts a hunger far worse than any normal human could imagine.  - C.A.M.P. ITEMS APPEAR WHILE IN C.A.M.P. MODE. -	SCORE_S26_ENTM_CAMP_WallDecor_WVHillPoster1					
26	S26_P1_player_title_prefix_psycho	1	"Player Title Prefix: ""Psycho"""	15	TRUE	playerTitlePrefix	Psycho	camp_player_title	/wp-content/uploads/storefront/titles-player/score_s26_playertitles_prefix_psycho.avif	"Unlocks the Player Title Prefix ""Psycho"".  - PLAYER TITLES ARE SELECTABLE IN THE PIP-BOY. -"	SCORE_S26_ENTM_PlayerTitles_Prefix_Psycho					
26	S26_P1_player_icon_vamp	1	Player Icon: Vamp	25	FALSE	playerIcon	Vamp	player_icon	/wp-content/uploads/season_images/score_s26_playericon_bei.avif	The one who worships Bats and Blood Moons.  - UNLOCKS A PLAYER ICON. -	SCORE_S26_ENTM_PlayerIcon_Bei					
26	S26_P1_bloody_nurse_outfit	1	Bloody Nurse Outfit	45	FALSE				/wp-content/uploads/season_images/score_s26_apparel_outfit_bloodynurse.avif	That's one way to get a red outfit.  - APPAREL IS CRAFTABLE AT ARMOR WORKBENCHES. -	SCORE_S26_ENTM_Apparel_Outfit_BloodyNurse					
26	S26_P2_creepy_cultist_well_collector	2	Creepy Cultist Well Collector	50	FALSE				/wp-content/uploads/season_images/score_s26_camp_utility_collector_cultistwell.avif	Not all wells offer water - add this Creepy Cultists Well to your C.A.M.P.  - Collects blood over time -  This item cannot be built inside of a Shelter.  - C.A.M.P. ITEMS APPEAR WHILE IN C.A.M.P. MODE. -	SCORE_S26_ENTM_CAMP_Utility_Collector_CultistWell					
26	S26_P2_boarded_up_door	2	Boarded Up Door	20	TRUE				/wp-content/uploads/season_images/score_s26_camp_door_boardedup.avif	The perfect defense for when someone has taken a shining to your C.A.M.P.  - C.A.M.P. ITEMS APPEAR WHILE IN C.A.M.P. MODE. -	SCORE_S26_ENTM_CAMP_Door_BoardedUp					
26	S26_P2_c_a_m_p_title_prefix_haunted	2	"C.A.M.P. Title Prefix: ""Haunted"""	0	FALSE	campTitlePrefix	Haunted	camp_player_title	/wp-content/uploads/storefront/titles-camp/score_s26_camptitles_prefix_haunted.avif	"Unlocks the C.A.M.P. Title Prefix ""Haunted"".  - C.A.M.P. TITLES ARE SELECTABLE IN THE C.A.M.P. MENU ON THE MAP -"	SCORE_S26_ENTM_CAMPTitles_Prefix_Haunted					
26	S26_P2_psychopath_vault_boy_cutout	2	Psychopath Vault Boy Cutout	30	FALSE				/wp-content/uploads/season_images/score_s26_camp_floordecor_cutout_vaultboy_s26psychopath.avif	Things are getting out of control with this Psychopath Vault Boy Cutout!  - C.A.M.P. ITEMS APPEAR WHILE IN C.A.M.P. MODE. -	SCORE_S26_ENTM_CAMP_FloorDecor_Cutout_VaultBoy_S26Psychopath					
26	S26_P2_blood_moon_t_51_power_armor_paint	2	Blood Moon T-51 Power Armor Paint	50	FALSE				/wp-content/uploads/season_images/score_s26_skin_powerarmor_paint_t51_bloodmoon.avif	Terrorize the Wasteland with the Blood Moon Power Armor Paint!  - SKIN IS CRAFTABLE AT POWER ARMOR STATIONS. -	SCORE_S26_ENTM_Skin_PowerArmor_Paint_T51_BloodMoon					
26	S26_P2_200_atoms	2	200 Atoms	30	FALSE			atoms	/wp-content/uploads/season_images/utility/score_currency_atoms.avif							
26	S26_P2_bloodstained_chemistry_workstation	2	Bloodstained Chemistry Workstation	40	TRUE				/wp-content/uploads/season_images/score_s26_camp_workbench_chemistry_bloodstained.avif	A little blood in the mix never hurt anyone.  Requires the Chemistry Workstation to be learned.  - C.A.M.P. ITEMS APPEAR WHILE IN C.A.M.P. MODE. -	SCORE_S26_ENTM_CAMP_Workbench_Chemistry_BloodStained					
26	S26_P2_player_icon_night_person	2	Player Icon: Night Person	25	TRUE	playerIcon	Night Person	player_icon	/wp-content/uploads/season_images/score_s26_playericon_nightperson.avif	Beware those who lurk at night.  - UNLOCKS A PLAYER ICON. -	SCORE_S26_ENTM_PlayerIcon_NightPerson					
26	S26_P2_gold_bullion_x100	2	Gold Bullion x100	20	TRUE			gold_bullion	/wp-content/uploads/season_images/utility/score_currency_bullion.avif							
26	S26_P2_framed_magazine_display_5_slots	2	Framed Magazine Display (5 Slots)	35	FALSE				/wp-content/uploads/season_images/score_s26_camp_walldecor_display_magazinehalfframer.avif	Proudly frame those high quality pages with the Framed Magazine Display!  - C.A.M.P. ITEMS APPEAR WHILE IN C.A.M.P. MODE. -	SCORE_S26_ENTM_CAMP_WallDecor_Display_MagazineHalfFramer					
26	S26_P3_antique_chandelier	3	Antique Chandelier	30	TRUE				/wp-content/uploads/season_images/score_s26_camp_lights_ceiling_antiquechandelier.avif							
26	S26_P3_fish_of_appalachia_cranberry_bog_poster	3	Fish of Appalachia: Cranberry Bog Poster	30	TRUE				/wp-content/uploads/season_images/score_s26_camp_walldecor_appalachiafishposters_cranberryfish.avif	Study your prey with the Fish of Appalachia: Cranberry Bog Poster!  - C.A.M.P. ITEMS APPEAR WHILE IN C.A.M.P. MODE. -	SCORE_S26_ENTM_CAMP_WallDecor_AppalachiaFishPosters_CranberryFish					
26	S26_P3_blood_moon_excavator_power_armor_paint	3	Blood Moon Excavator Power Armor Paint	45	FALSE				/wp-content/uploads/season_images/score_s26_skin_powerarmor_paint_excavator_bloodmoon.avif	Terrorize the Wasteland with the Blood Moon Power Armor Paint!  - SKIN IS CRAFTABLE AT POWER ARMOR STATIONS. -	SCORE_S26_ENTM_Skin_PowerArmor_Paint_Excavator_BloodMoon					
26	S26_P3_10_s_c_o_r_e_boost	3	10% S.C.O.R.E. Boost	0	TRUE			score_booster	/wp-content/uploads/season_images/utility/score_s24_account_scoreboost_1.avif	Gain another 10% bonus S.C.O.R.E. when you complete challenges for the rest of Season 26!  - UNLOCKS BOOST FOR ALL CHARACTERS ON YOUR ACCOUNT. -  - BONUS IS APPLIED TO BASE CHALLENGE S.C.O.R.E.. -  - DOES NOT APPLY TO PREVIOUSLY COMPLETED CHALLENGES. -	SCORE_S26_ENTM_Account_ScoreBoost_2					
26	S26_P3_tales_from_the_west_virginia_hills_vol_4_poster	3	Tales from the West Virginia Hills Vol.4 Poster	30	FALSE				/wp-content/uploads/season_images/score_s26_camp_walldecor_wvhillposter2.avif	Find out why you should keep your eyes peeled when you go to the fairgrounds.  - C.A.M.P. ITEMS APPEAR WHILE IN C.A.M.P. MODE. -	SCORE_S26_ENTM_CAMP_WallDecor_WVHillPoster2					
26	S26_P3_blue_carpeted_stairs	3	Blue Carpeted Stairs	35	FALSE				/wp-content/uploads/season_images/score_s26_camp_structure_stairs_carpeted.avif	Add a touch of comfort to your C.A.M.P. with these Blue Carpeted Stairs.  - C.A.M.P. ITEMS APPEAR WHILE IN C.A.M.P. MODE. -	SCORE_S26_ENTM_CAMP_Structure_Stairs_Carpeted					
26	S26_P3_blasted_barrel_mod_cryolator	3	Blasted Barrel Mod (Cryolator)	30	FALSE				/wp-content/uploads/season_images/score_s26_weapons_cryolator_mods.avif	Blast away with the Blasted Barrel Mod.  This mod turns the Cryolator into a Shotgun.  - ITEM IS CRAFTABLE AT WEAPON WORKBENCHES. REQUIRES THE Cryolator. -	SCORE_S26_ENTM_Weapons_Cryolator_Barrel_Blasted					
26	S26_P3_200_atoms	3	200 Atoms	30	TRUE			atoms	/wp-content/uploads/season_images/utility/score_currency_atoms.avif							
26	S26_P3_re_roller_x5	3	Re-Roller x5	20	FALSE			re_roller	/wp-content/uploads/season_images/utility/score_utility_reroller.avif							
26	S26_P3_bloodstained_armor_workbench	3	Bloodstained Armor Workbench	50	FALSE				/wp-content/uploads/season_images/score_s26_camp_machinery_workbench_armor_bloodstained.avif	Craft a suit of armor with the blood of your enemies at this Bloodstained Armor Workbench  - C.A.M.P. ITEMS APPEAR WHILE IN C.A.M.P. MODE. -	SCORE_S26_ENTM_CAMP_Machinery_Workbench_Armor_BloodStained					
26	S26_P4_taxidermy_snallygaster	4	Taxidermy Snallygaster	40	FALSE				/wp-content/uploads/season_images/score_s26_camp_floordecor_taxidermy_taxigaster.avif	A Taxidermy version of one of many horrid reminders of the F.E.V.  - C.A.M.P. ITEMS APPEAR WHILE IN C.A.M.P. MODE. -	SCORE_S26_ENTM_CAMP_FloorDecor_Taxidermy_Taxigaster					
26	S26_P4_bloody_mess_paint_super_sledge	4	Bloody Mess Paint (Super Sledge)	40	FALSE				/wp-content/uploads/season_images/score_s26_skin_weaponskin_supersledge_bloodmess.avif	That ain't ketchup...  - SKIN IS CRAFTABLE AT WEAPON WORKBENCHES. -	SCORE_S26_ENTM_Skin_WeaponSkin_SuperSledge_BloodMess					
26	S26_P4_circuit_chiller_barrel_mod_cryolator	4	Circuit Chiller Barrel Mod (Cryolator)	0	FALSE				/wp-content/uploads/season_images/score_s26_weapons_cryolator_mods.avif	Amplify your chillness by deep freezing your enemies with the Circuit Chiller Barrel mod!  - ITEM IS CRAFTABLE AT WEAPON WORKBENCHES. REQUIRES THE CRYOLATOR. -	SCORE_S26_ENTM_Weapons_Cryolator_Barrel_CircuitChiller					
26	S26_P4_200_atoms	4	200 Atoms	30	FALSE			atoms	/wp-content/uploads/season_images/utility/score_currency_atoms.avif							
26	S26_P4_blood_moon_hellcat_power_armor_paint	4	Blood Moon Hellcat Power Armor Paint	45	TRUE				/wp-content/uploads/season_images/score_s26_entm_skin_powerarmor_paint_hellcat_bloodmoon.avif	Terrorize the Wasteland with the Blood Moon Power Armor Paint!  - SKIN IS CRAFTABLE AT POWER ARMOR STATIONS. -	SCORE_S26_ENTM_Skin_PowerArmor_Paint_Hellcat_BloodMoon					
26	S26_P4_c_a_m_p_title_prefix_eerie	4	"C.A.M.P. Title Prefix: ""Eerie"""	25	TRUE	campTitlePrefix	Eerie	camp_player_title	/wp-content/uploads/storefront/titles-camp/score_s26_camptitles_prefix_eerie.avif	"Unlocks the C.A.M.P. Title Prefix ""Eerie"".  - C.A.M.P. TITLES ARE SELECTABLE IN THE C.A.M.P. MENU ON THE MAP -"	SCORE_S26_ENTM_CAMPTitles_Prefix_Eerie					
26	S26_P4_batty_skirt_vault_girl_cutout	4	Batty Skirt Vault Girl Cutout	30	FALSE				/wp-content/uploads/season_images/score_s26_camp_floordecor_cutout_vaultboy_s26battyskirt.avif	A beautifully batty cutout for your terrifying C.A.M.P. needs!  - C.A.M.P. ITEMS APPEAR WHILE IN C.A.M.P. MODE. -	SCORE_S26_ENTM_CAMP_FloorDecor_Cutout_VaultBoy_S26BattySkirt					
26	S26_P4_ghost_boy	4	Ghost Boy	20	FALSE				/wp-content/uploads/season_images/utility/score_game_ghostboy.avif							
26	S26_P4_nuclear_keycard_x5	4	Nuclear Keycard x5	0	FALSE			nuclear_keycard	/wp-content/uploads/season_images/utility/score_utility_nuclearkeycard.avif							
26	S26_P4_batty_skirtn_outfit	4	Batty Skirtn Outfit	45	TRUE				/wp-content/uploads/season_images/score_s26_apparel_outfit_battyskirt.avif	Go batty for the Batty Skirt Outfit!  - APPAREL IS CRAFTABLE AT ARMOR WORKBENCHES. -	SCORE_S26_ENTM_Apparel_Outfit_BattySkirt					
26	S26_P5_bloody_mess_paint_ripper	5	Bloody Mess Paint (Ripper)	0	TRUE				/wp-content/uploads/season_images/score_s26_skin_weaponskin_ripper_bloodmess.avif	That ain't ketchup...  - SKIN IS CRAFTABLE AT WEAPON WORKBENCHES. -	SCORE_S26_ENTM_Skin_WeaponSkin_Ripper_BloodMess					
26	S26_P5_bloodstained_tinker_s_workbench	5	Bloodstained Tinker's Workbench	50	FALSE				/wp-content/uploads/season_images/score_s26_camp_machinery_workbench_tinker_bloodstained.avif	Create bloody masterpieces at the Bloodstained Tinker's Workbench.  Requires the Tinker's Workbench to be Learned.  - C.A.M.P. ITEMS APPEAR WHILE IN C.A.M.P. MODE. -	SCORE_S26_ENTM_CAMP_Machinery_Workbench_Tinkers_BloodStained					
26	S26_P5_cultist_cauldron	5	Cultist Cauldron	45	FALSE				/wp-content/uploads/season_images/score_s26_camp_floordecor_cultistcauldron.avif	A ritual in motion - this Cultist Cauldron glows with eerie energy.  - C.A.M.P. ITEMS APPEAR WHILE IN C.A.M.P. MODE. -	SCORE_S26_ENTM_CAMP_FloorDecor_CultistCauldron					
26	S26_P5_200_atoms	5	200 Atoms	25	TRUE			atoms	/wp-content/uploads/season_images/utility/score_currency_atoms.avif							
26	S26_P5_vault_of_terror_catwalk	5	Vault of Terror Catwalk	40	TRUE				/wp-content/uploads/season_images/score_s26_camp_structure_vaultot_catwalk.avif	Watch your step - these Vault of Terror Catwalks overlook something best left alone.  - C.A.M.P. ITEMS APPEAR WHILE IN C.A.M.P. MODE. -	SCORE_S26_ENTM_CAMP_Structure_VaultOT_Catwalk					
26	S26_P5_blood_moon_t_60_power_armor_paint	5	Blood Moon T-60 Power Armor Paint	40	FALSE				/wp-content/uploads/season_images/score_s26_entm_skin_powerarmor_paint_t60_bloodmoon.avif	Terrorize the Wasteland with the Blood Moon Power Armor Paint!  - SKIN IS CRAFTABLE AT POWER ARMOR STATIONS. -	SCORE_S26_ENTM_Skin_PowerArmor_Paint_T60_BloodMoon					
26	S26_P5_s_c_o_r_e_booster_x3	5	S.C.O.R.E. Booster x3	25	FALSE			score_booster	/wp-content/uploads/season_images/utility/score_utility_scorebooster.avif							
26	S26_P6_blood_moon_ultracite_power_armor_paint	6	Blood Moon Ultracite Power Armor Paint	40	TRUE				/wp-content/uploads/season_images/score_s26_entm_skin_powerarmor_paint_ultracite_bloodmoon.avif	Terrorize the Wasteland with the Blood Moon Power Armor Paint!  - SKIN IS CRAFTABLE AT POWER ARMOR STATIONS. -	SCORE_S26_ENTM_Skin_PowerArmor_Paint_Ultracite_BloodMoon					
26	S26_P6_cryolator_magazine_mods	6	Cryolator Magazine Mods	30	FALSE				/wp-content/uploads/season_images/score_s26_weapons_cryolator_mods.avif	Load up your Cryolator with as many cryo cells as you can with the new Swift & Huge Magazine Mods!  - ITEM IS CRAFTABLE AT WEAPON WORKBENCHES. REQUIRES CRYOLATOR. -	SCORE_S26_ENTM_Weapons_Cryolator_Magazine_Mods					
26	S26_P6_10_s_c_o_r_e_boost	6	10% S.C.O.R.E. Boost	0	TRUE			score_booster	/wp-content/uploads/season_images/utility/score_s24_account_scoreboost_1.avif	Gain another 10% bonus S.C.O.R.E. when you complete challenges for the rest of Season 26!  - UNLOCKS BOOST FOR ALL CHARACTERS ON YOUR ACCOUNT. -  - BONUS IS APPLIED TO BASE CHALLENGE S.C.O.R.E.. -  - DOES NOT APPLY TO PREVIOUSLY COMPLETED CHALLENGES. -	SCORE_S26_ENTM_Account_ScoreBoost_3					
26	S26_P6_200_atoms	6	200 Atoms	30	FALSE			atoms	/wp-content/uploads/season_images/utility/score_currency_atoms.avif							
26	S26_P6_altar_of_bones	6	Altar of Bones	45	FALSE				/wp-content/uploads/season_images/score_s26_camp_collector_skullcollector.avif	This Altar of Bones will serve your C.A.M.P. as a resting place for those whom have had their spirits laid to rest.  Generates Bone scraps and skulls.  - This item cannot be built inside of a Shelter. -  - C.A.M.P. ITEMS APPEAR WHILE IN C.A.M.P. MODE. -	SCORE_S26_ENTM_CAMP_Collector_SkullCollector					
26	S26_P6_blood_moon_vault_boy_cutout	6	Blood Moon Vault Boy Cutout	25	TRUE				/wp-content/uploads/season_images/score_s26_camp_floordecor_cutout_vaultboy_s26bloodmoon.avif	The blood moon is beautiful, especially in cutout form!  - C.A.M.P. ITEMS APPEAR WHILE IN C.A.M.P. MODE. -	SCORE_S26_ENTM_CAMP_FloorDecor_Cutout_VaultBoy_S26BloodMoon					
26	S26_P6_player_icon_bat_tamer	6	Player Icon: Bat Tamer	25	FALSE	playerIcon	Bat Tamer	player_icon	/wp-content/uploads/season_images/score_s26_playericon_battamer.avif	Tamer of night flyers.   - UNLOCKS A PLAYER ICON. -	SCORE_S26_ENTM_PlayerIcon_BatTamer					
26	S26_P6_player_title_suffix_killer	6	"Player Title Suffix: ""Killer"""	30	FALSE	playerTitleSuffix	Killer	camp_player_title	/wp-content/uploads/storefront/titles-player/score_s26_playertitles_suffix_killer.avif	"Unlocks the Player Title Suffix ""Killer"".  - PLAYER TITLES ARE SELECTABLE IN THE PIP-BOY. -"	SCORE_S26_ENTM_PlayerTitles_Suffix_Killer					
26	S26_P6_nuclear_keycard_x5	6	Nuclear Keycard x5	20	FALSE			nuclear_keycard	/wp-content/uploads/season_images/utility/score_utility_nuclearkeycard.avif							
26	S26_P6_perk_coin_x50	6	Perk Coin x50	30	FALSE			perk_coins	/wp-content/uploads/season_images/utility/score_currency_perkcoin.avif							
26	S26_P7_vault_of_terror_floor	7	Vault of Terror Floor	45	FALSE				/wp-content/uploads/season_images/score_s26_camp_floor_vaultot.avif	Stained and forgotten - these Vault of Terror Floors tell a grim story.  - C.A.M.P. ITEMS APPEAR WHILE IN C.A.M.P. MODE. -	SCORE_S26_ENTM_CAMP_Floor_VaultOT					
26	S26_P7_blood_moon_t_65_power_armor_paint	7	Blood Moon T-65 Power Armor Paint	40	FALSE				/wp-content/uploads/season_images/score_s26_entm_skin_powerarmor_paint_t65_bloodmoon.avif	Terrorize the Wasteland with the Blood Moon Power Armor Paint!  - SKIN IS CRAFTABLE AT POWER ARMOR STATIONS. -	SCORE_S26_ENTM_Skin_PowerArmor_Paint_T65_BloodMoon					
26	S26_P7_vault_of_terror_stairs	7	Vault of Terror Stairs	35	FALSE				/wp-content/uploads/season_images/score_s26_camp_structure_stairs_vaultot.avif	Stained with time - and worse - these Vault of Terror Stairs tell a grim story.  - C.A.M.P. ITEMS APPEAR WHILE IN C.A.M.P. MODE. -	SCORE_S26_ENTM_CAMP_Structure_Stairs_VaultOT					
26	S26_P7_polar_lobber_barrel_mod_cryolator	7	Polar Lobber Barrel Mod (Cryolator)	30	FALSE				/wp-content/uploads/season_images/score_s26_weapons_cryolator_mods.avif	Lob large chunks of snow and ice with the Polar Lobber Barrel Mod.  This mod turns the Cryolator into a Explosive Launcher.  - ITEM IS CRAFTABLE AT WEAPON WORKBENCHES. REQUIRES THE CRYOLATOR. -	SCORE_S26_ENTM_Weapons_Cryolator_Barrel_PolarLobber					
26	S26_P7_c_a_m_p_title_suffix_mansion	7	"C.A.M.P. Title Suffix: ""Mansion"""	25	FALSE	campTitleSuffix	Mansion	camp_player_title	/wp-content/uploads/storefront/titles-camp/score_s26_camptitles_suffix_mansion.avif	"Unlocks the C.A.M.P. Title Suffix ""Mansion"".  - C.A.M.P. TITLES ARE SELECTABLE IN THE C.A.M.P. MENU ON THE MAP -"	SCORE_S26_ENTM_CAMPTitles_Suffix_Mansion					
26	S26_P7_200_atoms	7	200 Atoms	20	TRUE			atoms	/wp-content/uploads/season_images/utility/score_currency_atoms.avif							
26	S26_P7_blood_spore_plant_bed	7	Blood Spore Plant Bed	0	TRUE				/wp-content/uploads/season_images/score_s26_camp_bed_redsporeplant.avif	This blood red plant seems suspicious...ly comfortable.  - C.A.M.P. ITEMS APPEAR WHILE IN C.A.M.P. MODE. -	SCORE_S26_ENTM_CAMP_Bed_RedSporePlant					
26	S26_P7_player_icon_psychopath	7	Player Icon: Psychopath	25	TRUE	playerIcon	Psychopath	player_icon	/wp-content/uploads/season_images/score_s26_playericon_psychopath.avif	Killer on the loose!  - UNLOCKS A PLAYER ICON. -	SCORE_S26_ENTM_PlayerIcon_Psychopath					
26	S26_P7_framed_magazine_display	7	Framed Magazine Display	30	TRUE				/wp-content/uploads/season_images/score_s26_camp_walldecor_display_magazineframer.avif	Proudly frame those high quality covers with a Framed Magazine Display!  - C.A.M.P. ITEMS APPEAR WHILE IN C.A.M.P. MODE. -	SCORE_S26_ENTM_CAMP_WallDecor_Display_MagazineFramer					
26	S26_P7_stamps_x10	7	Stamps x10	25	FALSE			stamps	/wp-content/uploads/season_images/utility/score_currency_stamps.avif							
26	S26_P8_alto_saxophone	8	Alto Saxophone	35	FALSE				/wp-content/uploads/season_images/score_s26_camp_furniture_instrument_altosax.avif	Put those lungs to good use and let the feelings fly with an Alto Saxophone!  - C.A.M.P. ITEMS APPEAR WHILE IN C.A.M.P. MODE. -	SCORE_S26_ENTM_CAMP_Furniture_Instrument_AltoSax					
26	S26_P8_cold_surge_muzzle_mod_cryolator	8	Cold Surge Muzzle Mod (Cryolator)	35	FALSE				/wp-content/uploads/season_images/score_s26_weapons_cryolator_mods.avif	Chill your enemies with the Cold Surge Muzzle mod!  - ITEM IS CRAFTABLE AT WEAPON WORKBENCHES. REQUIRES THE CRYOLATOR. -	SCORE_S26_ENTM_Weapons_Cryolator_Muzzle_ColdSurgeMuzzle					
26	S26_P8_200_atoms	8	200 Atoms	40	FALSE			atoms	/wp-content/uploads/season_images/utility/score_currency_atoms.avif							
26	S26_P8_player_icon_t_51b	8	Player Icon: T-51b	20	TRUE	playerIcon	T-51b	player_icon	/wp-content/uploads/season_images/score_s26_playericon_t-51b.avif	Armor Up!  - UNLOCKS A PLAYER ICON. -	SCORE_S26_ENTM_PlayerIcon_T51B					
26	S26_P8_blood_moon_x_01_power_armor_paint	8	Blood Moon X-01 Power Armor Paint	50	FALSE				/wp-content/uploads/season_images/score_s26_entm_skin_powerarmor_paint_x01_bloodmoon.avif	Terrorize the Wasteland with the Blood Moon Power Armor Paint!  - SKIN IS CRAFTABLE AT POWER ARMOR STATIONS. -	SCORE_S26_ENTM_Skin_PowerArmor_Paint_X01_BloodMoon					
26	S26_P8_mystery_magazine_package_x3	8	Mystery Magazine Package x3	25	FALSE			mystery_magazine	/wp-content/uploads/season_images/utility/score_utility_magazinebookbox.avif							
26	S26_P8_bloody_mess_paint_chainsaw	8	Bloody Mess Paint (Chainsaw)	0	TRUE				/wp-content/uploads/season_images/score_s26_skin_weaponskin_chainsaw_bloodmess.avif	That ain't ketchup...  - SKIN IS CRAFTABLE AT WEAPON WORKBENCHES. -	SCORE_S26_ENTM_Skin_WeaponSkin_Chainsaw_BloodMess					
26	S26_P8_ghost_boy	8	Ghost Boy	25	FALSE				/wp-content/uploads/season_images/utility/score_game_ghostboy.avif							
26	S26_P8_carry_weight_booster_x5	8	Carry Weight Booster x5	0	FALSE			carry_weight_booster	/wp-content/uploads/season_images/utility/score_utility_carryweight.avif							
26	S26_P8_bloodstained_weapons_workbench	8	Bloodstained Weapons Workbench	45	TRUE				/wp-content/uploads/season_images/score_s26_camp_machinery_workbench_weapon_bloodstained.avif	Paint the town and your C.A.M.P. red with the Bloodstained Weapons Workbench  - C.A.M.P. ITEMS APPEAR WHILE IN C.A.M.P. MODE. -	SCORE_S26_ENTM_CAMP_Machinery_Workbench_Weapon_BloodStained					
26	S26_P9_blood_moon_stein	9	Blood Moon Stein	0	FALSE				/wp-content/uploads/season_images/score_s26_camp_floordecor_stein_bloodmoon.avif	Though the memories may be faded, the hunter's moon will haunt you again through the Blood Moon Stein.  - C.A.M.P. ITEMS APPEAR WHILE IN C.A.M.P. MODE. -	SCORE_S26_ENTM_CAMP_FloorDecor_Stein_BloodMoon					
26	S26_P9_hypothermic_muzzle_mod_cryolator	9	Hypothermic Muzzle Mod (Cryolator)	35	FALSE				/wp-content/uploads/season_images/score_s26_weapons_cryolator_mods.avif	Freeze away by adding this Hypothermic Muzzle mod to your Cryolator!  - ITEM IS CRAFTABLE AT WEAPON WORKBENCHES. REQUIRES THE CRYOLATOR. -	SCORE_S26_ENTM_Weapons_Cryolator_Muzzle_HypothermicMuzzle					
26	S26_P9_framed_beware_the_blood_moon_wall_art	9	Framed Beware The Blood Moon Wall Art	20	FALSE				/wp-content/uploads/season_images/score_s26_camp_walldecor_bewaremoon_endofseasonart.avif	Be wary... be very wary.  - C.A.M.P. ITEMS APPEAR WHILE IN C.A.M.P. MODE. -	SCORE_S26_ENTM_CAMP_WallDecor_BewareMoon_EndOfSeasonArt					
26	S26_P9_blood_moon_union_power_armor_paint	9	Blood Moon Union Power Armor Paint	45	TRUE				/wp-content/uploads/season_images/score_s26_entm_skin_powerarmor_paint_union_bloodmoon.avif	Terrorize the Wasteland with the Blood Moon Power Armor Paint!  - SKIN IS CRAFTABLE AT POWER ARMOR STATIONS. -	SCORE_S26_ENTM_Skin_PowerArmor_Paint_Union_BloodMoon					
26	S26_P9_200_atoms	9	200 Atoms	20	TRUE			atoms	/wp-content/uploads/season_images/utility/score_currency_atoms.avif							
26	S26_P9_jack_gourdon_power_armor_paint	9	Jack Gourdon Power Armor Paint	70	FALSE				/wp-content/uploads/season_images/score_s26_skin_powerarmor_model_jackgourdon.avif	Ready to carve up pumpkins or anything else that gets in the way.  This is a unique skin that alters the appearance of your Power Armor. It can be equipped on all base Power Armors.  - SKIN IS CRAFTABLE AT POWER ARMOR STATIONS. -	SCORE_S26_ENTM_Skin_PowerArmor_Model_JackGourdon					
26	S26_P9_mystery_bobblehead_x3	9	Mystery Bobblehead x3	25	TRUE			mystery_bobblehead	/wp-content/uploads/season_images/utility/score_utility_mysterybobblehead.avif							
26	S26_P9_vault_of_terror_house_kit	9	Vault of Terror House Kit	60	FALSE				/wp-content/uploads/season_images/score_s26_camp_kit_vaultot.avif	Time stood still here. Whatever happened didn't. Bring the nightmare home with the Vault of Terror House Kit.  Includes new Wall and Roof items.  - C.A.M.P. ITEMS APPEAR WHILE IN C.A.M.P. MODE. -	SCORE_S26_ENTM_CAMP_Kit_VaultOT					
26	S26_PB1_cyberdog	B1	Cyberdog	200	FALSE				/wp-content/uploads/season_images/score_s26_camp_camppets_dog_cyber.avif							
26	S26_PB1_service_truck	B1	Service Truck	100	FALSE				/wp-content/uploads/season_images/score_s26_camp_floordecor_servicetruck.avif							
26	S26_PB1_200_atoms	B1	200 Atoms	40	FALSE			atoms	/wp-content/uploads/season_images/utility/score_currency_atoms.avif							
26	S26_PB1_player_icon_castle	B1	Player Icon: Castle	50	FALSE	playerIcon	Castle	player_icon	/wp-content/uploads/season_images/score_s26_playericon_castle.avif	King of the Castle.  - UNLOCKS A PLAYER ICON. -	SCORE_S26_ENTM_PlayerIcon_Castle					
26	S26_PB1_cultist_mansion	B1	Cultist Mansion	150	FALSE				/wp-content/uploads/season_images/score_s26_camp_structure_cultistmansion.avif	Make your home among the faithful with this Cultist Mansion.  - C.A.M.P. ITEMS APPEAR WHILE IN C.A.M.P. MODE. -	SCORE_S26_ENTM_CAMP_Structure_CultistMansion					
26	S26_PB1_bloody_mess_paint_auto_axe	B1	Bloody Mess Paint (Auto Axe)	120	FALSE				/wp-content/uploads/season_images/score_s26_skin_weaponskin_autoaxe_bloodmess.avif	That ain't ketchup...  - SKIN IS CRAFTABLE AT WEAPON WORKBENCHES. -	SCORE_S26_ENTM_Skin_WeaponSkin_AutoAxe_BloodMess					
26	S26_PB1_camden_park_claw_machine	B1	Camden Park Claw Machine	175	FALSE				/wp-content/uploads/season_images/score_s26_camp_furniture_clawmachine.avif							
26	S26_PB1_ghost_boy	B1	Ghost Boy	50	FALSE				/wp-content/uploads/season_images/utility/score_game_ghostboy.avif							
26	S26_PB1_brotherhood_scribe_robes	B1	Brotherhood Scribe Robes	140	FALSE				/wp-content/uploads/season_images/score_s26_apparel_outfit_bosscriberobes.avif							
26	S26_PB1_weather_control_station_blood_moon	B1	Weather Control Station (Blood Moon)	225	FALSE				/wp-content/uploads/season_images/score_s26_camp_utility_weatherstation_bloodmoon.avif	When the red moon hangs low... the line between man and monster is blurred.  Weather Control Station will change weather in the C.A.M.P. radius when connected to power.  - C.A.M.P. ITEMS APPEAR WHILE IN C.A.M.P. MODE. -	SCORE_S26_ENTM_CAMP_Utility_WeatherStation_BloodMoon					
26	S26_PB2_stamps_x10	B2	Stamps x10	75	FALSE			stamps	/wp-content/uploads/season_images/utility/score_currency_stamps.avif							
26	S26_PB2_s_c_o_r_e_booster_x3	B2	S.C.O.R.E. Booster x3	75	FALSE			score_booster	/wp-content/uploads/season_images/utility/score_utility_scorebooster.avif							
26	S26_PB2_gold_bullion_x100	B2	Gold Bullion x100	75	FALSE			gold_bullion	/wp-content/uploads/season_images/utility/score_currency_bullion.avif							
26	S26_PB2_lunchbox_x5	B2	Lunchbox x5	75	FALSE			lunchbox	/wp-content/uploads/season_images/utility/atx_store_lunchbox001.avif							
26	S26_PB2_caps_x5000	B2	Caps x5000	75	FALSE			caps	/wp-content/uploads/season_images/utility/score_currency_caps.avif							
26	S26_PB2_legendary_module_x10	B2	Legendary Module x10	75	FALSE			legendary_module	/wp-content/uploads/season_images/utility/score_game_legendarymodule.avif							
26	S26_PB2_perk_coin_x25	B2	Perk Coin x25	75	FALSE			perk_coins	/wp-content/uploads/season_images/utility/score_currency_perkcoin.avif							
26	S26_PB2_basic_repair_kit_x5	B2	Basic Repair Kit x5	75	FALSE			repair_kit	/wp-content/uploads/season_images/utility/atx_utility_repairkit_basic.avif							
26	S26_PB2_mystery_bobblehead_x3	B2	Mystery Bobblehead x3	75	FALSE			mystery_bobblehead	/wp-content/uploads/season_images/utility/score_utility_mysterybobblehead.avif							
26	S26_PB2_100_atoms	B2	100 Atoms	250	FALSE			atoms	/wp-content/uploads/season_images/utility/score_currency_atoms.avif							
