season	page	unlockRank	slot	name	qty	cost	isFirst	formId	wikiIcon	notes
16	1	0	1	Rip Daring Adventurer Outfit		45		0074E3D2	score_s16_apparel_outfit_ripdaringcostume_l.webp	
16	1	0	2	Peepers Paint (Double-Barrel Shotgun & Cold Shoulder)		40		00746CA9	score_s16_skin_weaponskin_doublebarrelshotgun_peepers_l.webp	
16	1	0	3	Heating Up Player Icon		5		0074DC8A	atx_playericon_s16_ripdaringcremator.webp	
16	1	0	4	Liquid Courage	3	5		0060A0CE	SCORE Game LiquidCourage L.webp	
16	1	0	5	Legendary Core	10	5		0060A0CD	Score game legendary core l.webp	
16	1	0	6	Perk Card Pack	5	5		005AD5B4	Score item perkcardpack l.webp	
16	1	0	7	Percival's Pith Helmet		25	TRUE	00684ED2	score_s16_apparel_headwear_pithhelmet_l.webp	
16	1	0	8	Big Feet Rug		15	TRUE	0074621D	score_s16_camp_floordecor_rug_bigfeet_l.webp	
16	1	0	9	Mystery Bobblehead	3	5	TRUE	0072D4FD	SCORE Utility MysteryBobblehead L.webp	
16	1	0	10	5% SCORE Boost		0	TRUE	0075BFBB	Score account scoreboost l.webp	
16	2	7	1	Devilish T-45 Power Armor Paint		45		0074847E	score_s16_skin_powerarmor_paint_t45_devilish_l.webp	
16	2	7	2	Beach Fence Set		30		00752297	score_s16_camp_defense_beachfences_l.webp	
16	2	7	3	Atoms	200	25			Score currency atoms l.webp	
16	2	7	4	Rose Room Poster		15		0075334B	score_s16_camp_walldecor_roseroomposter_l.webp	
16	2	7	5	Gold Bullion	500	5		005AD5B2	Score currency bullion l.webp	
16	2	7	6	Nuclear Keycard	5	5		005DC2BF	Atx playericon object 09 l.webp	
16	2	7	7	Ship Wheel		0		00753348	score_s16_camp_floordecor_shipwheel_l.webp	
16	2	7	8	Rip and Friends Surfboard Wall Decoration Set		30	TRUE	0074621E	score_s16_camp_walldecor_surfboard_l.webp	
16	2	7	9	Hot Dog Sign		15	TRUE	00753349	score_s16_camp_floordecor_hotdogsign_l.webp	
16	2	7	10	Jersey Shore Vacation Photomode Frame		5	TRUE	007515BE	score_s16_photomode_frame_jerseyshorevacation_l.webp	
16	3	14	1	Cryptid Tiki Statues		40		007479E8	score_s16_camp_floordecor_tikistatue_l.webp	
16	3	14	2	Rip and Friends Surfboard Shelf Set		30		007461F6	score_s16_camp_wallshelving_surfboard_l.webp	
16	3	14	3	Tiki Torches		30		007479E7	score_s16_camp_lights_floorlamps_tikitorch_l.webp	
16	3	14	4	Atoms	200	25			Score currency atoms l.webp	
16	3	14	5	Tiki Music Box		20		0074E3D3	score_s16_entm_camp_floordecor_tikimusicbox_l.webp	
16	3	14	6	SCORE Booster	3	5		0069F2C6	SCORE_Utility_ScoreBooster_L.webp	
16	3	14	7	Tropical Cryptid Shirt and Shorts Outfit		30	TRUE	007515AD	score_s16_apparel_outfit_tropicalcryptidprintoutfit_l.webp	
16	3	14	8	Glass Float Lights		25	TRUE	0074DC81	score_s16_camp_lights_ceiling_glassfloat_tikilights_l.webp	
16	3	14	9	Legendary Modules	10	5	TRUE	005EE7EF	Score game legendarymodule l.webp	
16	3	14	10	Gun Show Player Icon		0	TRUE	0074DC8B	atx_playericon_s16_ripdaringflex.webp	
16	4	22	1	Cremator		55		00729BD2	score_s16_weapons_cremator_l.webp	
16	4	22	2	Devilish Excavator Power Armor Paint		45		00748481	score_s16_skin_powerarmor_paint_excavator_devilish_l.webp	
16	4	22	3	Rip Daring Flag		15		0074847B	score_s16_camp_walldecor_ripdaringflag_l.webp	
16	4	22	4	Stamps	10	15		0066EFB4	SCORE Currency Stamps.webp	
16	4	22	5	"Rip Daring ""Duel with the Devil"" Poster"		10		0074621F	score_s16_camp_walldecor_poweredposter_ripdaring01_l.webp	
16	4	22	6	Jersey Devil Player Icon		5		0074DC8C	atx_playericon_s16_jerseydevil.webp	
16	4	22	7	Ultracite Supply Crate	3	0		0072864C	SCORE S15 Consumable UltraciteScrapSupply L.webp	
16	4	22	8	Peepers Paint (Lever Action Rifle)		35	TRUE	00746CF4	score_s16_skin_weaponskin_leveractionrifle_peepers_l.webp	
16	4	22	9	Atoms	200	15	TRUE		Score currency atoms l.webp	
16	4	22	10	Legendary Scrip	300	5	TRUE	005AD5B1	Score currency scrip l.webp	
16	5	30	1	Lite Ally: Adelaide		50		0073E941	Score s16 camp ally adelaide l.png	
16	5	30	2	Peepers Paint (Gauss Rifle)		40		00746CF2	score_s16_skin_weaponskin_gaussrifle_peepers_l.webp	
16	5	30	3	Chessboard Display		25		0074F556	score_s16_camp_displaycase_chessboard_l.webp	
16	5	30	4	Toy Robot Set		15		0074F2E5	score_s16_camp_floordecor_toyrobotset_l.webp	
16	5	30	5	Adelaide Player Icon		5		0074DC8D	atx_playericon_s16_adelaide.webp	
16	5	30	6	Re-Roller	5	0		0068D465	SCORE Utility Reroller L.webp	
16	5	30	7	Bullseye Trampoline		30	TRUE	007461F4	score_s16_camp_furniture_bullseyetrampoline_l.webp	
16	5	30	8	Ball Buddies		20	TRUE	0074DC71	score_s16_camp_floordecor_ballbuddies_l.webp	
16	5	30	9	Caps	5000	10	TRUE	005AD5B3	Score currency caps l.webp	
16	5	30	10	10% SCORE Boost		5	TRUE	0075BFBC	Score account scoreboost l.webp	
16	6	38	1	Devilish Union Power Armor Paint		45		00748480	score_s16_skin_powerarmor_paint_union_devilish_l.webp	
16	6	38	2	Construction Loader		30		0074F2E7	score_s16_camp_floordecor_constructionloader_l.webp	
16	6	38	3	Hanging Tire Baskets		20		007515AC	score_s16_camp_ceilingdecor_hangingtirebasket_l.webp	
16	6	38	4	Raider Cages		20		00750BAA	score_s16_camp_floordecor_raidercage_l.webp	
16	6	38	5	Atoms	200	20			Score currency atoms l.webp	
16	6	38	6	Carry Weight Booster	5	5		005FD9AC	Score utility carryweight l.webp	
16	6	38	7	Peepers Paint (Auto Axe)		40	TRUE	00746CF1	score_s16_skin_weaponskin_autoaxe_peepers_l.webp	
16	6	38	8	Construction Barrier		15	TRUE	0074F2F2	score_s16_camp_floordecor_constructionbarrier_l.webp	
16	6	38	9	SCORE Booster	3	5	TRUE	0069F2C6	SCORE_Utility_ScoreBooster_L.webp	
16	6	38	10	Cage Sign		0	TRUE	0074F2E6	score_s16_camp_walldecor_cagesign_l.webp	
16	7	46	1	Cryptid Skull Backpack		45		00746CA8	score_s16_skin_backpack_cryptidskull_l.webp	
16	7	46	2	Devilish Hellcat Power Armor Paint		45		00748479	score_s16_skin_powerarmor_paint_hellcat_devilish_l.webp	
16	7	46	3	Daring Binoculars		25		00752294	score_s16_weapons_daringbinoculars_l.webp	
16	7	46	4	Jersey Devil's Shoe Backpack Flair		25		0074621C	score_s16_skin_backpackflair_jerseydevilshoe_l.webp	
16	7	46	5	Legendary Scrip	300	10		005AD5B1	Score currency scrip l.webp	
16	7	46	6	Basic Repair Kit	5	5		0041ADED	Atx utility repairkit basic l.webp	
16	7	46	7	Peepers Paint (Cremator)		40	TRUE	00729BD1	score_s16_skin_weaponskin_cremator_peepers_l.webp	
16	7	46	8	Jersey Devil's Horseshoe Rug		25	TRUE	007479E9	score_s16_camp_floordecor_rug_horseshoe_l.webp	
16	7	46	9	Scrap Kit	5	5	TRUE	0054E322	Atx utility repairkit scraptostash l.webp	
16	7	46	10	Atoms	200	0	TRUE		Score currency atoms l.webp	
16	8	55	1	Devilish Ultracite Power Armor Paint		45		00748478	score_s16_skin_powerarmor_paint_ultracite_devilish_l.webp	
16	8	55	2	Rip Daring Paint (Cremator)		40		00729BD0	score_s16_skin_weaponskin_cremator_ripdaring_l.webp	
16	8	55	3	Slowburner Mod (Cremator)		25		0075154E	score_s16_weaponmod_plan_cremator_l.webp	
16	8	55	4	Atoms	200	25			Score currency atoms l.webp	
16	8	55	5	Lunchboxes	5	5		005AD5B0	Atx store lunchbox001 l.webp	
16	8	55	6	Legendary Modules	10	5		005EE7EF	Score game legendarymodule l.webp	
16	8	55	7	Scout's Banner	5	5		0067A855	SCORE COEN Utility Banner L.webp	
16	8	55	8	Water Boiler		45	TRUE	007461F9	score_s16_camp_collector_waterboiler_l.webp	
16	8	55	9	Legendary Scrip	300	5	TRUE	005AD5B1	Score currency scrip l.webp	
16	8	55	10	Stamps	10	0	TRUE	0066EFB4	SCORE Currency Stamps.webp	
16	9	63	1	Devilish T-65 Power Armor Paint		45		0074847D	score_s16_skin_powerarmor_paint_t65_devilish_l.webp	
16	9	63	2	World of Cryptids Trunk		40		007479E5	score_s16_camp_stashbox_worldofcryptidstrunk_l.webp	
16	9	63	3	Heavy Mod (Cremator)		35		00751550	score_s16_weaponmod_plan_cremator_l.webp	
16	9	63	4	Cryptid Hunt Wallpaper		15		00767779	score_s16_camp_wallpaper_cryptidhunt_l.webp	
16	9	63	5	"Rip Daring ""Surf's Up"" Poster"		10		00746220	score_s16_camp_walldecor_poweredposter_ripdaring02_l.webp	
16	9	63	6	Legendary Core	10	5		0060A0CD	Score game legendary core l.webp	
16	9	63	7	Large Vault-Tec Supply Package	3	5		005C3004	Atx utility scrapball level3 l.webp	
16	9	63	8	Peepers Paint (Pump Action Shotgun)		40	TRUE	0074723C	score_s16_skin_weaponskin_pumpactionshotgun_peepers_l.webp	
16	9	63	9	Devilish Player Icon		5	TRUE	0074DC8E	atx_playericon_s16_devilishskull.webp	
16	9	63	10	Gold Bullion	500	0	TRUE	005AD5B2	Score currency bullion l.webp	
16	10	71	1	Autopsy Table Chemistry Workstation		50		007461F5	score_s16_camp_workbench_chemistry_autopsy_l.webp	
16	10	71	2	Good Luck Emote		30		00747A06	score_s16_emotes_interaction_goodluck_l.webp	
16	10	71	3	Brahmin Corpse		25		0074E404	score_s16_camp_floordecor_brahmincorpse_l.webp	
16	10	71	4	Caps	5000	15		005AD5B3	Score currency caps l.webp	
16	10	71	5	Scrap Kit	5	5		0054E322	Atx utility repairkit scraptostash l.webp	
16	10	71	6	Mystery Magazine Package	3	5		0075887C	Score utility magazinebookbox l.webp	
16	10	71	7	Devilish X-01 Power Armor Paint		45	TRUE	0074847F	score_s16_skin_powerarmor_paint_x01_devilish_l.webp	
16	10	71	8	Wet Floor Sign		15	TRUE	0075334C	score_s16_camp_floordecor_wetfloorsign_l.webp	
16	10	71	9	Atoms	200	10	TRUE		Score currency atoms l.webp	
16	10	71	10	10% SCORE Boost		0	TRUE	0075BFBD	Score account scoreboost l.webp	cost 0 per in-game screenshot S16_Page_10.jpg (wiki said 5)
16	11	79	1	Peepers Paint (Plasma Caster)		40		00746CF3	score_s16_skin_weaponskin_plasmacaster_peepers_l.webp	
16	11	79	2	Grass Roof Kit		25		00747C69	score_s16_camp_kit_grassroofkit_l.webp	
16	11	79	3	Napalmer Mod (Cremator)		20		00761382	score_s16_weaponmod_plan_cremator_l.webp	
16	11	79	4	Pine Barrens Devil Hunt Photomode Frame		5		007515BD	score_s16_photomode_frame_pinebarrensdevilhunt_l.webp	
16	11	79	5	Legendary Scrip	300	5		005AD5B1	Score currency scrip l.webp	
16	11	79	6	Carry Weight Booster	5	5		005FD9AC	Score utility carryweight l.webp	
16	11	79	7	Pine Barrens Wallpaper		0		00746CA2	score_s16_camp_wallpaper_pinebarrens_l.webp	
16	11	79	8	Jersey Devil Shooting Gallery		40	TRUE	007461F8	score_s16_camp_furniture_shootinggallery_jerseydevil_l.webp	
16	11	79	9	Atoms	200	5	TRUE		Score currency atoms l.webp	
16	11	79	10	Basic Repair Kit	5	5	TRUE	0041ADED	Atx utility repairkit basic l.webp	
16	12	85	1	Devilish T-60 Power Armor Paint		40		0074847A	score_s16_skin_powerarmor_paint_t60_devilish_l.webp	
16	12	85	2	Double Shot and Multi Shot Barrel Mods (Cremator)		30		0075154F	score_s16_weaponmod_plan_cremator_l.webp	
16	12	85	3	Jersey Devil Stein		25		0074621B	score_s16_camp_floordecor_stein_jerseydevil_l.webp	
16	12	85	4	Atoms	200	20			Score currency atoms l.webp	
16	12	85	5	Beach Guinevere Player Icon		5		0074DC8F	atx_playericon_s16_guineverevacation.webp	
16	12	85	6	Scout's Banner	5	5		0067A855	SCORE COEN Utility Banner L.webp	
16	12	85	7	Gold Bullion	500	0		005AD5B2	Score currency bullion l.webp	
16	12	85	8	Homemade Xylophone		40	TRUE	0066F1EF	score_s16_camp_furniture_instrument_homemadexylophone_l.webp	
16	12	85	9	Lunchboxes	5	5	TRUE	005AD5B0	Atx store lunchbox001 l.webp	
16	12	85	10	Re-Roller	5	5	TRUE	0068D465	SCORE Utility Reroller L.webp	
16	13	92	1	Cryptid Hunter Power Armor Paint		75		00746C92	score_s16_skin_powerarmor_model_cryptidhunter_l.webp	
16	13	92	2	Framed Duel with the Devil Wall Art		15		00746221	score_s16_camp_walldecor_endofseasonart_l.webp	
16	13	92	3	Perk Coins	50	10		005EE7F0	Score currency perkcoin l.webp	
16	13	92	4	Basic Repair Kit	5	5		0041ADED	Atx utility repairkit basic l.webp	
16	13	92	5	Caps	5000	5		005AD5B3	Score currency caps l.webp	
16	13	92	6	Legendary Scrip	300	5		005AD5B1	Score currency scrip l.webp	
16	13	92	7	Duel with the Devil Player Icon		0		0074DC90	atx_playericon_s16_dfordevil.webp	
16	13	92	8	Devilish T-51 Power Armor Paint		40	TRUE	0074847C	score_s16_skin_powerarmor_paint_t51_devilish_l.webp	
16	13	92	9	Devil's Wings Jet Pack		40	TRUE	007479E6	score_s16_skin_powerarmor_jetpack_devilswings_l.webp	
16	13	92	10	Atoms	200	5	TRUE		Score currency atoms l.webp	
16	B1	100	1	Pine Barrens Cabin Kit		200		00747C68	score_s16_camp_kit_pinebarrencabin_l.webp	
16	B1	100	2	Cryptid Cyclops Power Armor Helmet		140		007461F7	score_s16_skin_powerarmor_helmet_cryptidcyclops_l.webp	
16	B1	100	3	Stairs (Pine Barrens Log Cabin)		130		007589BD	score_s16_camp_structure_stairs_pinebarrenslogcabin_l.webp	
16	B1	100	4	Peepers Paint (Combat Rifle + The Fixer)		130		00767E72	score_s16_skin_weaponskin_combatrifle_peepers_l.webp	
16	B1	100	5	Chemical Color Mods (Cremator)		120		00751551	score_s16_weaponmod_plan_cremator_l.webp	
16	B1	100	6	Road Signs		120		00749913	score_s16_camp_walldecor_roadsigns_l.webp	
16	B1	100	7	Gorilla Statue		110		0074E392	score_s16_camp_floordecor_gorillastatue_l.webp	
16	B1	100	8	Brand Favorites Surfboard Wall Decoration Set		100		0075FF9D	score_s16_camp_walldecor_surfboardset_02_l.webp	
16	B1	100	9	Brand Favorites Surfboard Shelf Set		100		0075FF9C	score_s16_camp_wallshelving_surfboardset_02_l.webp	
16	B1	100	10	Sports Balls		100		0074E3D5	score_s16_camp_floordecor_sportsballs_l.webp	
16	B2	150	1	Basic Repair Kit	5	75		0041ADED	Atx utility repairkit basic l.webp	
16	B2	150	2	Carry Weight Booster	5	75		005FD9AC	Score utility carryweight l.webp	
16	B2	150	3	Legendary Core	5	75		0060A0CD	Score game legendary core l.webp	
16	B2	150	4	Legendary Modules	10	75		005EE7EF	Score game legendarymodule l.webp	
16	B2	150	5	Lunchboxes	5	75		005AD5B0	Atx store lunchbox001 l.webp	
16	B2	150	6	Perk Coins	25	75		005EE7F0	Score currency perkcoin l.webp	
16	B2	150	7	Re-Roller	5	75		0068D465	SCORE Utility Reroller L.webp	
16	B2	150	8	SCORE Booster	3	75		0069F2C6	SCORE_Utility_ScoreBooster_L.webp	
16	B2	150	9	Scout's Banner	5	75		0067A855	SCORE COEN Utility Banner L.webp	
16	B2	150	10	Scrap Kit	5	75		0054E322	Atx utility repairkit scraptostash l.webp	
17	1	0	1	Pioneer Scouts T-45 Power Armor Paint		45		0076CFFF	score_s17_entm_skin_powerarmor_paint_t45_pioneerscouts_l.webp	
17	1	0	2	Crossed Paddles		25		0076DC61	score_s17_camp_walldecor_crossedpaddles_l.webp	
17	1	0	3	Re-Roller	5	5		0068D465	SCORE Utility Reroller L.webp	
17	1	0	4	Canoe		25	TRUE	0076DC57	score_s17_camp_floordecor_boat_canoe_l.webp	
17	1	0	5	5% S.C.O.R.E. Boost		0	TRUE	0076EFA7	score_account_scoreboost_l.webp	
17	2	5	1	Forest Service Armor Paint (Robot + Botsmith)		40		0076C7BF	score_s17_skin_armorskin_robot_forestservice_l.webp	
17	2	5	2	Atoms	200	25			Score currency atoms l.webp	
17	2	5	3	Lobster Trap		20		0076F4A8	score_s17_camp_floordecor_lobstercage_l.webp	
17	2	5	4	Purifying the Wilderness Poster		15		0076C76B	score_s17_camp_walldecor_scoutslifeposters_01_l.webp	
17	2	5	5	Gold Bullion	500	5		005AD5B2	Score currency bullion l.webp	
17	2	5	6	Marshal Mallow Player Icon		0		0077389D	atx_playericon_s17_marshalmallow.webp	
17	2	5	7	Camp Signs (Miscellaneous)		15	TRUE	0076F4AC	score_s17_camp_walldecor_campsigns_misc_l.webp	
17	2	5	8	Legendary Modules	10	5	TRUE	005EE7EF	Score game legendarymodule l.webp	
17	3	13	1	Pioneer Scouts Excavator Power Armor Paint		45		0076CFFD	score_s17_entm_skin_powerarmor_paint_excavator_pioneerscouts_l.webp	
17	3	13	2	Leather Quiver Backpack		30		0076BE6F	score_s17_skin_backpack_leatherquiver_l.webp	
17	3	13	3	Atoms	200	25			Score currency atoms l.webp	
17	3	13	4	Packing for the Trail Poster		15		0076C76C	score_s17_camp_walldecor_scoutslifeposters_02_l.webp	
17	3	13	5	Arrowhead Flair		5		007700F4	score_s17_skin_backpackflair_arrowheadflair_l.webp	
17	3	13	6	Thrasher Player Icon		5		0077389E	atx_playericon_s17_thrasher.webp	
17	3	13	7	Stack of Ammo (Ballistic)		0		0076B541	score_s17_camp_floordecor_stackofammo_ballistic_l.webp	
17	3	13	8	Forest Service Combat Armor Paint		40	TRUE	0076C76F	score_s17_skin_armorskin_combat_forestservice_l.webp	
17	3	13	9	Archery Shooting Target		20	TRUE	0076CD37	score_s17_camp_floordecor_shootingtarget_archery_l.webp	
17	3	13	10	Stabbed Weaponry - Arrows		15	TRUE	007700F9	score_s17_camp_stabbedweaponry_arrows_l.webp	
17	4	21	1	Tato Generator - Small		55		0076B547	score_s17_camp_machinery_generator_small_tato_l.webp	
17	4	21	2	Forest Service Scout Armor Paint		40		0076C7C0	score_s17_skin_armorskin_scout_forestservice_l.webp	
17	4	21	3	Dissection Kit		15		0076D896	score_s17_camp_floordecor_dissectionkit_l.webp	
17	4	21	4	Marshal Mallow Flair		10		00781BC8	score_s17_skin_backpackflair_marshalmallow_l.webp	
17	4	21	5	Lightning Photomode Frame		10		0077250F	score_s17_photomode_frame_lightning_l.webp	
17	4	21	6	Caps	5000	0		005AD5B3	Score currency caps l.webp	
17	4	21	7	Tato Lamp		25	TRUE	0076BE6C	score_s17_camp_lights_tatolamp_l.webp	
17	4	21	8	Blinky		20	TRUE	00784C10	score_s17_camp_floordecor_specimenjar_l.webp	
17	4	21	9	Healthy Hiking: Endurance Poster		15	TRUE	0076C769	score_s17_camp_walldecor_scoutslifeposters_03_l.webp	
17	4	21	10	Atoms	200	10	TRUE		Score currency atoms l.webp	
17	5	26	1	Pioneer Scouts T-51 Power Armor Paint		45		0076D089	score_s17_entm_skin_powerarmor_paint_t51_pioneerscouts_l.webp	
17	5	26	2	Rowboat		30		0076DC58	score_s17_camp_floordecor_boat_rowboat_l.webp	
17	5	26	3	Hang in There! Poster		20		0076C76D	score_s17_camp_walldecor_scoutslifeposters_04_l.webp	
17	5	26	4	Blue Lobster Trap Helmet		30	TRUE	0076F4AD	score_s17_apparel_headwear_lobstertrapper_helmet_blue_l.webp	
17	5	26	5	Lunchboxes	5	0	TRUE	005AD5B0	Atx store lunchbox001 l.webp	
17	6	32	1	Head Hunter Scythe		50		0075DF68	score_s17_weapons_headhunter_l.webp	
17	6	32	2	Camp Counselor Outfit		40		007703CB	score_s17_apparel_outfit_campcounselor_l.webp	
17	6	32	3	Stabbed Weaponry - Axes		30		007700F6	score_s17_camp_stabbedweaponry_axes_l.webp	
17	6	32	4	Icegang Mask		30	TRUE	0076D8D3	score_s17_apparel_headwear_hockeymask_icegang01_l.webp	
17	6	32	5	Reaper Player Icon		0	TRUE	007738A1	atx_playericon_s17_vaultboyreaper.webp	
17	7	39	1	Pioneer Scouts Hellcat Power Armor Paint		45		0076CFFE	score_s17_entm_skin_powerarmor_paint_hellcat_pioneerscouts_l.webp	
17	7	39	2	Forest Service Recon Armor Paint		40		0076C7BD	score_s17_skin_armorskin_recon_forestservice_l.webp	
17	7	39	3	Telegraph		30		0076B540	score_s17_entm_camp_floordecor_telegraph_l.webp	
17	7	39	4	Tower Viewer		15		007700F5	score_s17_camp_floordecor_towerviewer_l.webp	
17	7	39	5	Scout's Banner	5	5		0067A855	SCORE COEN Utility Banner L.webp	
17	7	39	6	Gold Bullion	500	5		005AD5B2	Score currency bullion l.webp	
17	7	39	7	Morse Code Poster		20	TRUE	0076C76E	score_s17_camp_walldecor_morsecode_poster_l.webp	
17	7	39	8	Atoms	200	10	TRUE		Score currency atoms l.webp	
17	7	39	9	10% SCORE Boost		5	TRUE	0076EFA8	Score account scoreboost l.webp	
17	7	39	10	Stack Of Ammo (Energy)		0	TRUE	0076B542	score_s17_camp_floordecor_stackofammo_energy_l.webp	
17	8	49	1	Pioneer Scouts Pip-Boy Paint		45		0076D898	score_s17_skin_pipboyskin_pioneerscout_l.webp	
17	8	49	2	Pioneer Scouts T-60 Power Armor Paint		45		0076D004	score_s17_entm_skin_powerarmor_paint_t60_pioneerscouts_l.webp	
17	8	49	3	Marshal Mallow Plushie		30		007738B9	score_s17_camp_floordecor_plushie_scoutmarshmallow_l.webp	
17	8	49	4	Pioneer Scouts Rug		20		007703CD	score_s17_camp_floordecor_rug_scouts_l.webp	
17	8	49	5	Stabbed Weaponry - Tomahawks		20		007700F3	score_s17_camp_stabbedweaponry_tomahawks_l.webp	
17	8	49	6	Camp Signs (Accommodations)		15		0076F4A9	score_s17_camp_walldecor_campsigns_accommodations_l.webp	
17	8	49	7	Forest Service Secret Service Armor Paint		40	TRUE	0076C7C1	score_s17_skin_armorskin_secretservice_forestservice_l.webp	
17	8	49	8	Pioneer Scouts Scrapbox		20	TRUE	0076D897	score_s17_camp_scrapbox_pioneerscouts_l.webp	
17	8	49	9	Identifying Rabies & Other Diseases Poster		15	TRUE	0076C76A	score_s17_camp_walldecor_scoutslifeposters_05_l.webp	
17	8	49	10	Scout Emblem Light		0	TRUE	0077B59C	score_s17_camp_lights_wall_scoutemblem_l.webp	
17	9	55	1	Pioneer Scouts Inner Tube Chair		45		0076BE6D	score_s17_camp_furniture_chair_scout_tube_l.webp	
17	9	55	2	Atoms	200	20			Score currency atoms l.webp	
17	9	55	3	Campfire: Special Edition Poster		15		0077B699	score_s17_camp_walldecor_scoutslifeposters_06_l.webp	
17	9	55	4	Pioneer Scout Photomode Frame		10		00772510	score_s17_photomode_frame_scoutmarshmallow_l.webp	
17	9	55	5	Lunchboxes	5	5		005AD5B0	Atx store lunchbox001 l.webp	
17	9	55	6	Caps	5000	5		005AD5B3	Score currency caps l.webp	
17	9	55	7	Pioneer Scouts X-01 Power Armor Paint		40	TRUE	0076D002	score_s17_entm_skin_powerarmor_paint_x01_pioneerscouts_l.webp	
17	9	55	8	Pioneer Scouts Player Icon		5	TRUE	007738A0	atx_playericon_s17_pioneerscoutslogo.webp	
17	9	55	9	Stamps	10	5	TRUE	0066EFB4	SCORE Currency Stamps.webp	
17	9	55	10	Pioneer Scouts Squirrel Mr. Fuzzy Plushie		0	TRUE	0076D889	score_s17_camp_floordecor_plushie_mrfuzzypioneerscoutsquirrel_l.webp	
17	10	65	1	Picnic Basket Stashbox		45		007700F7	score_s17_camp_stashbox_picnicbasket_l.webp	
17	10	65	2	Pioneer Scouts Ultracite Power Armor Paint		45		0076D000	score_s17_entm_skin_powerarmor_paint_ultracite_pioneerscouts_l.webp	
17	10	65	3	Joke Arrow Headwear		40		0077EE6A	score_s17_apparel_headwear_jokearrow_l.webp	
17	10	65	4	Bicycle		20		0076D887	score_s17_camp_floordecor_bicycle_l.webp	
17	10	65	5	Camp Signs (Activities)		20		0076F4AA	score_s17_camp_walldecor_campsigns_activities_l.webp	
17	10	65	6	Thrasher Egg		15		0078349B	score_s17_camp_floordecor_thrasheregg_l.webp	
17	10	65	7	The Animal Whisperer Poster		15		0077B69A	score_s17_camp_walldecor_scoutslifeposters_07_l.webp	
17	10	65	8	Outdoor Movie Projector		45	TRUE	0076C7BE	score_s17_camp_floordecor_outdoormovieprojector_l.webp	
17	10	65	9	10% SCORE Boost		5	TRUE	0076EFA9	Score account scoreboost l.webp	
17	10	65	10	Atoms	200	0	TRUE		Score currency atoms l.webp	
17	11	72	1	Thrasher Outfit and Mask		50		00779C9E	score_s17_apparel_outfit_radturkey_l.webp	
17	11	72	2	Pemmican Collector		40		0076D054	score_s17_camp_collector_pemmican_l.webp	
17	11	72	3	Atoms	200	20			Score currency atoms l.webp	
17	11	72	4	SCORE Booster	3	5		0069F2C6	SCORE_Utility_ScoreBooster_L.webp	
17	11	72	5	Antler Flair Display		30	TRUE	0076D055	score_s17_camp_walldeco_display_flairdisplay_antlers_l.webp	
17	11	72	6	Butchered Meats		25	TRUE	0076D8A4	score_s17_camp_floordecor_meat_clutter_l.webp	
17	11	72	7	Re-Roller	5	5	TRUE	0068D465	SCORE Utility Reroller L.webp	
17	11	72	8	Roast Thrasher		0	TRUE	0078349A	score_s17_camp_floordecor_roastthrasher_l.webp	
17	12	77	1	Scoutmaster Collectron Station		50		00771DC9	score_s17_camp_utility_collectron_scoutmaster_l.webp	
17	12	77	2	Natural Mosquito Repellants Poster		15		0077B69B	score_s17_camp_walldecor_scoutslifeposters_08_l.webp	
17	12	77	3	Legendary Scrip	300	5		005AD5B1	Score currency scrip l.webp	
17	12	77	4	Scoutmaster Player Icon		0		0077389F	atx_playericon_s17_pioneerscoutsprotectron.webp	
17	12	77	5	Forest Service Civil Engineer Armor Paint		35	TRUE	0076D0B5	score_s17_skin_armorskin_civilengineer_forestservice_l.webp	
17	12	77	6	Atoms	200	15	TRUE		Score currency atoms l.webp	
17	12	77	7	Gold Bullion	500	5	TRUE	005AD5B2	Score currency bullion l.webp	
17	13	85	1	Light Blue Vintage Camper		50		0077348A	score_s17_camp_structure_vintagecamper_l.webp	
17	13	85	2	Atoms	200	25			Score currency atoms l.webp	corrected from the in-game screenshot: isFirst TRUE -> -
17	13	85	3	Framed Skyline Valley Wall Art		15		0077B59D	score_s17_camp_walldecor_endofseasonart.webp	
17	13	85	4	Long Haul Sprinter Poster		15		0077B69C	score_s17_camp_walldecor_scoutslifeposters_09_l.webp	
17	13	85	5	Perk Coins	50	10		005EE7F0	Score currency perkcoin l.webp	
17	13	85	6	Rest N Wander Player Icon		5		007738A2	atx_playericon_s17_restnwander.webp	
17	13	85	7	Pioneer Scouts Union Power Armor Paint		45	TRUE	0076D001	score_s17_entm_skin_powerarmor_paint_union_pioneerscouts_l.webp	
17	13	85	8	Camping Cooler		20	TRUE	007703CC	score_s17_camp_utility_refrigerator_campingcooler_l.webp	
17	13	85	9	Totem Pole		15	TRUE	00781C13	score_s17_camp_floordecor_totempole_l.webp	
17	13	85	10	Garden Archway		0	TRUE	0076C768	score_s17_camp_floordecor_gardenarchway_l.webp	
17	14	95	1	Slocum's Joe Inner Tube Chair		45		0076BE6E	score_s17_camp_furniture_chair_slocumjoe_tube_l.webp	
17	14	95	2	Pioneer Scouts T-65 Power Armor Paint		45		0076D003	score_s17_entm_skin_powerarmor_paint_t65_pioneerscouts_l.webp	
17	14	95	3	S'more Hot Chocolate Stein		30		0076D886	score_s17_camp_floordecor_stein_smorestein_l.webp	
17	14	95	4	Stabbed Weaponry - Bowie Knives		15		007700F8	score_s17_camp_stabbedweaponry_bowieknives_l.webp	
17	14	95	5	Maintaining your Gear Poster		15		0077B69D	score_s17_camp_walldecor_scoutslifeposters_10_l.webp	
17	14	95	6	Toasty Player Icon		5		007738A3	atx_playericon_s17_marshalmallowtoasted.webp	
17	14	95	7	Vintage Camper Survival Tent		80	TRUE	007808BA	score_s17_f1_survivaltent_skin_vintagecamper_l.webp	
17	14	95	8	Atoms	200	10	TRUE		Score currency atoms l.webp	
17	14	95	9	Legendary Scrip	300	5	TRUE	005AD5B1	Score currency scrip l.webp	
17	14	95	10	Pioneer Scout Ammo Storage Box		0	TRUE	0076CD38	score_s17_utility_ammostoragebox_pioneerscout_l.webp	
17	B1	100	1	Stone Oven Cooking Station		200		0076E153	score_s17_camp_machinery_workbench_cooking_stoneoven_l.webp	
17	B1	100	2	Goon Mask		140		0076D8D4	score_s17_apparel_headwear_hockeymask_blood_l.webp	
17	B1	100	3	Pipe Quiver Backpack		130		00779C9F	score_s17_skin_backpack_pipequiver_l.webp	
17	B1	100	4	Hollow Stump Stashboxes		130		0076F4AB	score_s17_camp_stashbox_hollowstump_l.webp	
17	B1	100	5	Toasty Mallow Plushie		120		00781835	score_s17_camp_floordecor_plushie_scoutmarshmallow_toasty_l.webp	
17	B1	100	6	Vined Garden Archway		120		0076C767	score_s17_camp_floordecor_gardenarchway_vines_l.webp	
17	B1	100	7	Steel Jack Statue (Ghoul)		110		00782877	score_s17_camp_floordecor_steeljackstatue_ghoul_l.webp	
17	B1	100	8	Hazmat Mr. Fuzzy Plushie		100		0076D888	score_s17_camp_floordecor_plushie_mrfuzzyhazmat_l.webp	
17	B1	100	9	Board Games		100		0076D895	score_s17_camp_floordecor_boardgame_clutter_l.webp	
17	B1	100	10	Skyline Valley Player Icons		100		007892E7,007892E8,007892E9,007892EA	atx_playericon_s17_lostghoul.webp	
17	B2	150	1	Atoms	100	250			Score currency atoms l.webp	corrected from the in-game screenshot: qty 200 -> 100
17	B2	150	2	Legendary Scrip	100	75		005AD5B1	Score currency scrip l.webp	
17	B2	150	3	Basic Repair Kit	5	75		0041ADED	Atx utility repairkit basic l.webp	
17	B2	150	4	Carry Weight Booster	5	75		005FD9AC	Score utility carryweight l.webp	
17	B2	150	5	Legendary Core	5	75		0060A0CD	Score game legendary core l.webp	
17	B2	150	6	Legendary Modules	10	75		005EE7EF	Score game legendarymodule l.webp	
17	B2	150	7	Lunchboxes	5	75		005AD5B0	Atx store lunchbox001 l.webp	
17	B2	150	8	Perk Coins	25	75		005EE7F0	Score currency perkcoin l.webp	
17	B2	150	9	Scout's Banner	5	75		0067A855	SCORE COEN Utility Banner L.webp	
17	B2	150	10	Gold Bullion	100	75		005AD5B2	Score currency bullion l.webp	
18	1	0	1	Desperado Cowboy Hat		40		00791C55	s18_score_apparel_headwear_desperadohat_l.webp	
18	1	0	2	Rusted Paint (Hunting Rifle)		30		00784C05	score_s18_skin_weaponskin_huntingrifle_rusted_l.webp	
18	1	0	3	Sheriff Sign		20		007965D2	score_s18_camp_walldecor_sheriffsign_l.webp	
18	1	0	4	Desperado Player Icon		10		00796638	atx_playericon_s18_desperado.webp	
18	1	0	5	Nuclear Keycard	5	10		005DC2BF	Atx playericon object 09.webp	
18	1	0	6	Cactus		35	TRUE	00793A56	score_s18_camp_floordecor_cactus_l.webp	
18	1	0	7	Saloon Door Set		30	TRUE	00791C05	score_s18_camp_door_recolored_saloon_l.webp	
18	1	0	8	5% S.C.O.R.E. Boost		0	TRUE	007A0EF9	score_account_scoreboost_l.webp	
18	2	11	1	Barn		50		007964D8	score_s18_camp_structure_barn_l.webp	
18	2	11	2	Sheet Metal Barricade		45		00791C04	score_s18_camp_defense_metalsheetbarricade_l.webp	
18	2	11	3	Blue Ridge Armor Paint (Robot + Botsmith)		40		007860E7	score_s18_skin_armorskin_robot_blueridge_l.webp	
18	2	11	4	Gold Bullion	500	10		005AD5B2	Score currency bullion l.webp	
18	2	11	5	Eyebot Helmet Player Icon		10		00796633	atx_playericon_s18_blueridgeeyebothelmet.webp	corrected from the in-game screenshot: cost 5 -> 10
18	2	11	6	Caps	5000	0		005AD5B3	Score currency caps l.webp	
18	2	11	7	Rusted Excavator Power Armor Paint		50	TRUE	0078C5A9	score_s18_skin_powerarmor_paint_excavator_rusted_l.webp	
18	2	11	8	Standing Windmill Generator		40	TRUE	00793A4E	score_s18_camp_utility_standingwindmillgenerator_l.webp	
18	2	11	9	Tractor		20	TRUE	00791C06	score_s18_camp_floordecor_tractor_l.webp	
18	2	11	10	Atoms	200	10	TRUE		Score currency atoms l.webp	
18	3	21	1	Rusted T-45 Power Armor Paint		50		0079303F	score_s18_skin_powerarmor_paint_t45_rusted_l.webp	
18	3	21	2	Raider Armor Workbench		40		00780412	score_s18_camp_machinery_workbench_armor_raiders_l.webp	
18	3	21	3	Farm Wagon		25		0078E606	score_s18_camp_floordecor_farmwagon_l.webp	
18	3	21	4	Kill Or Be Killed Sign		20		007952E2	score_s18_camp_walldecor_killsign_l.webp	
18	3	21	5	Atoms	200	15			Score currency atoms l.webp	
18	3	21	6	SCORE Booster	3	10		0069F2C6	SCORE_Utility_ScoreBooster_L.webp	
18	3	21	7	Raider Boxing Ring		50	TRUE	007803FD	score_s18_camp_structure_boxingring_raiders_l.webp	
18	3	21	8	Wall Spikes		30	TRUE	007952E3	score_s18_camp_walldecor_raiderwallspikes_l.webp	
18	3	21	9	Super Mutant Super Sledge Player Icon		10	TRUE	00796F2D	atx_playericon_s18_supermutant.webp	
18	3	21	10	Blue Ridge Paint (.44)		0	TRUE	007852D5	score_s18_skin_weaponskin_44_blueridge_l.webp	
18	4	29	1	Blue Ridge Pit Stop Guard Post		50		00795282	score_s18_camp_defense_guardpost_blueridgepitstop_l.webp	
18	4	29	2	Rusted T-51 Power Armor Paint		50		0079303E	score_s18_skin_powerarmor_paint_t51_rusted_l.webp	
18	4	29	3	Blue Ridge Mr. Fuzzy Player Icon		10		00796636	atx_playericon_s18_blueridgemrfuzzy.webp	
18	4	29	4	Atoms	200	0			Score currency atoms l.webp	
18	4	29	5	Blue Ridge Machine Gun Turret Set		50	TRUE	00685954	score_s18_camp_defense_turret_blueridge_l.webp	
18	4	29	6	Blue Ridge Mr. Fuzzy Plushie		30	TRUE	00791C56	score_s18_camp_floordecor_plushie_mrfuzzyblueridge_l.webp	
18	4	29	7	Re-Roller	5	10	TRUE	0068D465	SCORE Utility Reroller L.webp	
18	5	36	1	Watch Tower		50		00795284	score_s18_camp_structure_watchtower_l.webp	
18	5	36	2	Rusted T-60 Power Armor Paint		50		0079303D	score_s18_skin_powerarmor_paint_t60_rusted_l.webp	
18	5	36	3	Stamps	10	10		0066EFB4	SCORE Currency Stamps.webp	
18	5	36	4	Gatling Gun Player Icon		10		00796634	atx_playericon_s18_blueridgegatlinggun.webp	
18	5	36	5	Blue Ridge Photomode Frame		0		007975D0	score_s18_photomode_frame_countryroads1_l.webp	
18	5	36	6	Blue Ridge Paint (Gatling Gun)		30	TRUE	007852D6	score_s18_skin_weaponskin_gatlinggun_blueridge_l.webp	
18	5	36	7	10% S.C.O.R.E. Boost		15	TRUE	007A0EF8	score_account_scoreboost_l.webp	
18	5	36	8	Atoms	200	10	TRUE		Score currency atoms l.webp	
18	6	43	1	Rusted Ultracite Power Armor Paint		50		0079303B	score_s18_skin_powerarmor_paint_ultracite_rusted_l.webp	
18	6	43	2	Stop Sign Paint		30		0078C33F	score_s18_skin_weaponskin_stopsign_l.webp	
18	6	43	3	Gas Awning		25		00793089	score_s18_camp_structure_gasawning_l.webp	
18	6	43	4	Wagon Player Icon		10		00796637	atx_playericon_s18_caravan.webp	
18	6	43	5	Legendary Scrip	300	10		005AD5B1	Score currency scrip l.webp	
18	6	43	6	Lunchboxes	5	10		005AD5B0	Atx store lunchbox001 l.webp	
18	6	43	7	Small Flatbed		20	TRUE	00795283	score_s18_camp_structure_flatbedsmall_l.webp	
18	6	43	8	Atoms	200	10	TRUE		Score currency atoms l.webp	
18	6	43	9	Scout's Banner	3	10	TRUE	0067A855	SCORE COEN Utility Banner L.webp	corrected from the in-game screenshot: qty 5 -> 3
18	6	43	10	Rusted Paint (Minigun)		0	TRUE	00784C06	score_s18_skin_weaponskin_minigun_rusted_l.webp	
18	7	43	1	Vault-Tec Train Car		50		0078E14F	score_s18_camp_structure_trainboxcarblue_l.webp	unlock rank 43 confirmed by the in-game screenshot (pages 6 and 7 both read 'Reach Rank 43')
18	7	43	2	Blue Ridge Secret Service Armor Paint		45		007860EB	score_s18_skin_armorskin_secretservice_blueridge_l.webp	unlock rank 43 confirmed by the in-game screenshot (pages 6 and 7 both read 'Reach Rank 43')
18	7	43	3	Blue Ridge Secret Service Underarmor		35		0078AC97	score_s18_apparel_underarmor_blueridge_secretservice_l.webp	unlock rank 43 confirmed by the in-game screenshot (pages 6 and 7 both read 'Reach Rank 43')
18	7	43	4	Perk Card Pack		10			Score item perkcardpack l.webp	unlock rank 43 confirmed by the in-game screenshot (pages 6 and 7 both read 'Reach Rank 43')
18	7	43	5	Blue Ridge Paint (Laser Rifle)		0		007852D7	score_s18_skin_weaponskin_lasergun_blueridge_l.webp	unlock rank 43 confirmed by the in-game screenshot (pages 6 and 7 both read 'Reach Rank 43')
18	7	43	6	Beehive (Black & Yellow)		55	TRUE	00791C03	score_s18_camp_collector_beehive_l.webp	unlock rank 43 confirmed by the in-game screenshot (pages 6 and 7 both read 'Reach Rank 43')
18	7	43	7	Rusted X-01 Power Armor Paint		45	TRUE	00792F7E	score_s18_skin_powerarmor_paint_x01_rusted_l.webp	unlock rank 43 confirmed by the in-game screenshot (pages 6 and 7 both read 'Reach Rank 43')
18	7	43	8	Atoms	200	10	TRUE		Score currency atoms l.webp	unlock rank 43 confirmed by the in-game screenshot (pages 6 and 7 both read 'Reach Rank 43')
18	8	53	1	Blue Ridge Civil Engineer Armor Paint		45		007860F4	score_s18_skin_armorskin_civilengineer_blueridge_l.webp	
18	8	53	2	Skyline Valley Snowglobe Display Case		30		007A9BEF	score_s18_camp_displaycase_skylinesnowglobes_l.webp	
18	8	53	3	Blacksmith Sign		20		00796EBB	score_s18_camp_walldecor_blacksmithsign_l.webp	
18	8	53	4	Hanging Cauldron		15		00791C02	score_s18_camp_ceilingdecor_hangingcauldron_l.webp	
18	8	53	5	Caps	5000	10		005AD5B3	Score currency caps l.webp	
18	8	53	6	Rusted Paint (Handmade Rifle)		20	TRUE	00784C04	scire_s18_skin_weaponskin_handmadegun_rusted_l.webp	
18	8	53	7	Stamps	10	10	TRUE	0066EFB4	SCORE Currency Stamps.webp	
18	8	53	8	10% S.C.O.R.E. Boost		0	TRUE	007A0EFA	score_account_scoreboost_l.webp	corrected from the in-game screenshot: isFirst - -> TRUE
18	9	59	1	Rusted T-65 Power Armor Paint		50		0079303C	score_s18_skin_powerarmor_paint_t65_rusted_l.webp	
18	9	59	2	Mountain Stein		25		00788A02	score_s18_camp_floordecor_stein_mountain_l.webp	
18	9	59	3	Atoms	200	15			Score currency atoms l.webp	
18	9	59	4	Destroyed Wagon		0		0078E605	score_s18_camp_floordecor_destroyedwagon_l.webp	
18	9	59	5	Brewing Vat		60	TRUE	0079308A	score_s18_camp_collector_brewingvat_l.webp	
18	10	72	1	Rusted Hellcat Power Armor Paint		50		0078C5A8	score_s18_skin_powerarmor_paint_rusted_hellcat_l.webp	
18	10	72	2	Blue Ridge Recon Armor Paint		45		007860F3	score_s18_skin_armorskin_bosinfantry_blueridge_l.webp	
18	10	72	3	Gunsmith Sign		20		007965D9	score_s18_camp_walldecor_gunsmithsign_l.webp	
18	10	72	4	Re-Roller	5	10		0068D465	SCORE Utility Reroller L.webp	
18	10	72	5	Blue Ridge Infantry Uniform and Hood		30	TRUE	0078AC96	score_s18_apparel_underarmor_blueridge_bos_l.webp	
18	10	72	6	SCORE Booster	3	10	TRUE	0069F2C6	SCORE_Utility_ScoreBooster_L.webp	
18	10	72	7	Atoms	200	10	TRUE		Score currency atoms l.webp	
18	10	72	8	Blue Ridge Logo Player Icon		0	TRUE	00796635	atx_playericon_s18_blueridgelogo.webp	
18	11	79	1	Backpack Display		50		00791C1B	score_s18_camp_walldeco_display_backpack_l.webp	
18	11	79	2	Rusted Paint (Tesla Rifle)		30		00784C07	score_s18_skin_weaponskin_teslarifle_rusted_l.webp	
18	11	79	3	Framed Country Roads Wall Art		25		007965D0	score_s18_camp_walldecor_endofseasonart_l.webp	
18	11	79	4	Atoms	200	0			Score currency atoms l.webp	
18	11	79	5	Rusted Union Power Armor Paint		50	TRUE	0079303A	score_s18_skin_powerarmor_paint_union_rusted_l.webp	
18	11	79	6	Gold Bullion	500	10	TRUE	005AD5B2	Score currency bullion l.webp	
18	11	79	7	Lunchboxes	5	10	TRUE	005AD5B0	Atx store lunchbox001 l.webp	
18	12	92	1	Roadside Warrior Power Armor Paint		80		0078E5E9	atx_skin_powerarmor_model_roadsidewarrior_l.webp	
18	12	92	2	Blue Ridge Scout Armor Paint		45		007860F2	score_s18_skin_armorskin_scout_blueridge_l.webp	
18	12	92	3	Road Sign Photomode Frame		15		00799409	score_s18_photomode_frame_countryroads2_l.webp	
18	12	92	4	Atoms	200	15			Score currency atoms l.webp	
18	12	92	5	Mystery Magazine Package	3	10		0075887C	Score utility magazinebookbox l.webp	
18	12	92	6	Perk Coins	50	10		005EE7F0	Score currency perkcoin l.webp	
18	12	92	7	Corroded Concrete Kit		100	TRUE	0078B7F8	score_s18_camp_kit_corrodedconcrete_l.webp	
18	12	92	8	Graffiti Stop Sign Paint		40	TRUE	007952E1	score_s18_skin_weaponskin_graffitistopsign_l.webp	
18	12	92	9	Mystery Bobblehead	3	10	TRUE	0072D4FD	SCORE Utility MysteryBobblehead L.webp	
18	12	92	10	Roadside Warrior Player Icon		0	TRUE	00796639	atx_playericon_s18_roadsidewarrior.webp	
18	B1	100	1	Raider Lodge		200		00780456	score_s18_camp_structure_raiderlodge_l.webp	
18	B1	100	2	Wall-Mounted Walkway		140		007915EE	score_s18_camp_walldecor_wallwalkway_l.webp	
18	B1	100	3	The Sicilian Espresso Machine		140		00791C1A	score_s18_camp_utility_espressomachine_l.webp	
18	B1	100	4	Rusted Machine Gun Turret Set		130		007964D7	score_s18_camp_defense_turret_rusted_l.webp	
18	B1	100	5	Blue Ridge Vending Machine		130		00787A7F	score_s18_camp_vendor_playervendingmachine_blueridge_l.webp	
18	B1	100	6	Reinforced Farm Wagon		130		0078E607	score_s18_camp_floordecor_reinforcedwagon_l.webp	
18	B1	100	7	Telephone Pole Power Connectors		120		0078E649	score_s18_camp_machinery_powerconnectors_telephonepole_l.webp	
18	B1	100	8	Blue Ridge Beer Keg Set		120		00795285	score_s18_camp_utility_blueridgebeerkeg_l.webp	
18	B1	100	9	Gangplank Ramp Stairs		100		0078E64A	score_s18_camp_structure_stairs_gangplankramp_l.webp	
18	B1	100	10	Pillar Display		100		00796EE0	score_s18_camp_displaycase_pillar_l.webp	
18	B2	150	1	Atoms	100	250			Score currency atoms l.webp	
18	B2	150	2	Basic Repair Kit	5	75		0041ADED	Atx utility repairkit basic l.webp	
18	B2	150	3	Carry Weight Booster	5	75		005FD9AC	Score utility carryweight l.webp	
18	B2	150	4	Gold Bullion	100	75		005AD5B2	Score currency bullion l.webp	
18	B2	150	5	Legendary Modules	10	75		005EE7EF	Score game legendarymodule l.webp	
18	B2	150	6	Legendary Scrip	100	75		005AD5B1	Score currency scrip l.webp	
18	B2	150	7	Lunchboxes	5	75		005AD5B0	Atx store lunchbox001 l.webp	
18	B2	150	8	Mystery Bobblehead	3	75		0072D4FD	SCORE Utility MysteryBobblehead L.webp	
18	B2	150	9	Perk Coins	25	75		005EE7F0	Score currency perkcoin l.webp	
18	B2	150	10	Scout's Banner	5	75		0067A855	SCORE COEN Utility Banner L.webp	
19	1	0	1	Enclave Officer T-45 Power Armor Paint		40		007984A7	score_s19_skin_powerarmor_paint_t45_enclaveofficer_l.webp	
19	1	0	2	Enclave Cot		30		00799A94	score_s19_camp_bed_enclavecot_l.webp	
19	1	0	3	Enclave Bandana		25		00799C59	score_s19_apparel_headwear_bandanaenclave_l.webp	
19	1	0	4	Atoms	200	20			Score currency atoms l.webp	
19	1	0	5	"""Trooper"" Player Title Suffix"		20		007A95C9	score_s19_playertitles_suffix_trooper.webp	
19	1	0	6	Nuclear Keycard	5	15		005DC2BF	Atx playericon object 09 l.webp	
19	1	0	7	Re-Roller	5	15		0068D465	SCORE Utility Reroller L.webp	
19	1	0	8	Enclave Military Fatigues		25	TRUE	0079956F	score_s19_apparel_outfit_enclavefatigues_l.webp	
19	1	0	9	Test Monkey Player Icon		10	TRUE	007B2909	atx_playericon_s19_testmonkey.webp	
19	1	0	10	5% S.C.O.R.E. Boost		0	TRUE	0079C875	score_account_scoreboost_l.webp	
19	2	9	1	Golden Enclave Officer Outfit		40		0079813D	score_s19_apparel_clothes_enclavegoldenenclaveofficer_outfit_l.webp	
19	2	9	2	Sigma Squad Paint (Plasma Cutter)		30		007A302A	score_s19_skin_weaponskin_plasmasword_enclavesigmasquad_l.webp	
19	2	9	3	Crystal Collector Frame		15		007AA18A	score_s19_photomode_frame_crystalcollector_l.webp	
19	2	9	4	Enclave Scientist Player Icon		15		007B290A	atx_playericon_s19_enclavescientist.webp	
19	2	9	5	SCORE Booster	3	10		0069F2C6	SCORE_Utility_ScoreBooster_L.webp	
19	2	9	6	Enclave Flag		0		0079887F	score_s19_camp_floordecor_enclaveflag_l.webp	
19	2	9	7	Enclave Officer T-51 Power Armor Paint		45	TRUE	00798F7C	score_s19_skin_powerarmor_paint_t51_enclaveofficer_l.webp	
19	2	9	8	Enclave Grill Cooking Station		30	TRUE	00799A95	score_s19_camp_machinery_workbench_cooking_enclavegrill_l.webp	
19	2	9	9	Enclave Eyepatch (Gold)		25	TRUE	0079938D	score_s19_apparel_headwear_goldenenclave_eyepatch_l.webp	
19	2	9	10	Atoms	200	15	TRUE		Score currency atoms l.webp	
19	3	18	1	Enclave Officer Excavator Power Armor Paint		45		00798F7A	score_s19_skin_powerarmor_paint_excavator_enclaveofficer_l.webp	
19	3	18	2	Miner Filter Backpack		35		0079A596	score_s19_skin_backpack_minerfilterbackpack_l.webp	
19	3	18	3	Taxidermy Mole Miner Head		25		0079A51F	score_s19_camp_walldecor_taxidermymoleminerhead_l.webp	
19	3	18	4	Atoms	200	20			Score currency atoms l.webp	
19	3	18	5	"""Delver"" Player Title Suffix"		20		007A95C8	score_s19_playertitles_suffix_delver.webp	
19	3	18	6	Mole Miner Junk		20		0079B37E	score_s19_camp_floordecor_moleminerjunk_l.webp	
19	3	18	7	Dynamite Plunger Power Switch		25	TRUE	007AE0D1	score_s19_camp_machinery_powerswitch_plunger_l.webp	
19	3	18	8	Small Industrial Fan		20	TRUE	0079A964	score_s19_camp_walldecor_smallindustrialfan_l.webp	
19	3	18	9	Auger Player Icon		15	TRUE	007B2906	atx_playericon_s19_drillaugerpa.webp	
19	3	18	10	Caps	5000	0	TRUE	005AD5B3	Score currency caps l.webp	
19	4	28	1	Tesla Cannon		60		007999F3	score_s19_weapons_teslacannon_l.webp	
19	4	28	2	Sigma Squad Paint (Gauss Minigun)		30		007A302D	Score s19 skin weaponskin gaussminigun enclavesigmasquad l.webp	wiki gives 007A3029 (the Gauss Shotgun paint, which is on Page 10); ENTM has the minigun paint at 007A302D
19	4	28	3	Alternate Current Muzzle Mod (Tesla Cannon)		25		0079A626	score_s19_weapons_teslacannon_assembly_alternatecurrentmuzzle_l.webp	
19	4	28	4	Tesla Cannon Player Icon		15		007B2907	atx_playericon_s19_teslacannon.webp	
19	4	28	5	Lunchboxes	5	10		005AD5B0	Atx store lunchbox001 l.webp	
19	4	28	6	Enclave Officer T-60 Power Armor Paint		45	TRUE	00798F79	score_s19_skin_powerarmor_paint_t60_enclaveofficer_l.webp	
19	4	28	7	Orbital Drop Crate Stashbox		30	TRUE	0079ACF3	score_s19_camp_stashbox_orbitaldropcrate_l.webp	
19	4	28	8	Radar		20	TRUE	00798881	score_s19_camp_floordecor_radar_l.webp	
19	4	28	9	Atoms	200	15	TRUE		Score currency atoms l.webp	
19	4	28	10	10% S.C.O.R.E. Boost		0	TRUE	0079C877	score_account_scoreboost_l.webp	
19	5	38	1	Enclave Officer Hellcat Power Armor Paint		45		007984A8	score_s19_skin_powerarmor_paint_hellcat_enclaveofficer_l.webp	
19	5	38	2	Enclave Lab Coat		40		00799A1B	score_s19_apparel_outfit_enclavescientist_l.webp	
19	5	38	3	Sigma Squad Paint (Gatling Plasma)		40		007A302E	score_s19_skin_weaponskin_gatlingplasma_enclavesigmasquad_l.webp	
19	5	38	4	Direct Current Muzzle Mod (Tesla Cannon)		25		0079A623	Score s19 weapons teslacannon assembly alternatecurrentmuzzle l.webp	
19	5	38	5	Atoms	200	20			Score currency atoms l.webp	
19	5	38	6	Scientific Forge Player Icon		15		007B290B	atx_playericon_s19_bacteriophage.webp	
19	5	38	7	Operating Table - Super Mutant		0		007981E9	score_s19_camp_floordecor_operatingtable_supermutant_l.webp	
19	5	38	8	Enclave Scientist Goggles		25	TRUE	00799C6B	score_s19_apparel_headwear_enclavescientistgoggles_l.webp	
19	5	38	9	Super Mutant Head in a Jar		25	TRUE	0079813B	score_s19_camp_floordecor_supermutantjar_l.webp	
19	5	38	10	Collection of Beakers		15	TRUE	00799CBF	score_s19_camp_floordecor_beakers_l.webp	
19	6	47	1	Enclave Officer X-01 Power Armor Paint		45		00798F76	score_s19_skin_powerarmor_paint_x01_enclaveofficer_l.webp	
19	6	47	2	Scientist Mr. Fuzzy Plushie		35		00798139	score_s19_camp_floordecor_plushie_mrfuzzyscientist_l.webp	
19	6	47	3	Tesla Cannon Barrel Mods		30		0079A625	Score s19 weapons teslacannon assembly alternatecurrentmuzzle l.webp	
19	6	47	4	"""Mad"" Player Title Prefix"		20		007A95CB	score_s19_playertitles_prefix_mad.webp	
19	6	47	5	Plasma Core Recharger		60	TRUE	0079A58D	score_s19_camp_utility_plasmacorerecharger_enclave_l.webp	
19	6	47	6	Re-Roller	5	20	TRUE	0068D465	SCORE Utility Reroller L.webp	
19	6	47	7	Ultracite Terror Player Icon		15	TRUE	007B290E	atx_playericon_s19_scorchtongue.webp	
19	6	47	8	Atoms	200	0	TRUE		Score currency atoms l.webp	
19	7	58	1	Enclave Water Cooler		50		00799A93	score_s19_camp_collector_enclavewatercooler_l.webp	
19	7	58	2	Enclave Officer T-65 Power Armor Paint		45		00798F7B	score_s19_skin_powerarmor_paint_t65_enclaveofficer_l.webp	
19	7	58	3	Oval Enclave Weapon Rack		40		007AA188	score_s19_camp_display_weaponrack_enclaveoval_l.webp	
19	7	58	4	Tesla Cannon Magazine Mods		30		0079CAA0	Score s19 weapons teslacannon assembly alternatecurrentmuzzle l.webp	
19	7	58	5	Vault-Boy Calendar		15		0079B589	score_s19_camp_walldecor_vaultboycalendar_l.webp	
19	7	58	6	Sugar Skull Player Icon		0		007B290C	atx_playericon_s19_sugarskull.webp	
19	7	58	7	Fatman Crate Ammo Storage Box		40	TRUE	0079B2E5	score_s19_f1_camp_ammostoragebox_fatmancrate_l.webp	
19	7	58	8	Deathclaw Hand in a Jar		25	TRUE	0079813A	score_s19_camp_floordecor_deathclawjar_l.webp	
19	7	58	9	Atoms	200	20	TRUE		Score currency atoms l.webp	
19	7	58	10	Boxes of Paper		10	TRUE	0079B37F	score_s19_camp_floordecor_boxofpapers_l.webp	
19	8	70	1	Lab Secret Door		50		00798880	score_s19_camp_door_secret_lab_l.webp	
19	8	70	2	Enclave Officer Union Power Armor Paint		45		00798F77	score_s19_skin_powerarmor_paint_union_enclaveofficer_l.webp	
19	8	70	3	Operating Table - Trog		35		007981EA	score_s19_camp_floordecor_operatingtable_trog_l.webp	
19	8	70	4	Glowing One Head in a Jar		30		0079887D	score_s19_camp_floordecor_glowingonejar_l.webp	
19	8	70	5	"""Scientist"" Player Title Suffix"		20		007A95C6	score_s19_playertitles_suffix_scientist.webp	
19	8	70	6	DNA Scientist Player Icon		15		007B2905	atx_playericon_s19_dnalaurel.webp	
19	8	70	7	Weather Control Station (Nuke Zone)		60	TRUE	007990A2	score_s19_camp_utility_weatherstation_nukezone_l.webp	
19	8	70	8	Enclave Hazmat Paint		30	TRUE	00799AA3	score_s19_skin_armorskin_hazmat_enclave_l.webp	
19	8	70	9	Atoms	200	15	TRUE		Score currency atoms l.webp	
19	8	70	10	10% S.C.O.R.E. Boost		0	TRUE	0079C876	score_account_scoreboost_l.webp	
19	9	81	1	Bombay Cat		50		007A19C4	score_s19_camp_camppets_cat_blackcat_l.webp	
19	9	81	2	White Shepherd		50		007A19B5	score_s19_camp_camppets_dog_whitegermanshepherd_l.webp	
19	9	81	3	Enclave Officer Ultracite Power Armor Paint		45		00798F78	score_s19_skin_powerarmor_paint_ultracite_enclaveofficer_l.webp	
19	9	81	4	Tesla Cannon Sight Mods		25		0079C796	Score s19 weapons teslacannon assembly alternatecurrentmuzzle l.webp	
19	9	81	5	"""Experimenter"" Player Title Suffix"		20		007A95C7	score_s19_playertitles_suffix_experimenter.webp	
19	9	81	6	Atoms	200	20			Score currency atoms l.webp	
19	9	81	7	M.O.D.U.S. Terminal Vending Machine		45	TRUE	00799930	score_s19_camp_vendor_playervendingmachine_modusterminal_l.webp	
19	9	81	8	Enclave Logo Player Icon		10	TRUE	007B290D	atx_playericon_factionenclave01.webp	
19	9	81	9	Stamps	10	10	TRUE	0066EFB4	SCORE Currency Stamps.webp	
19	9	81	10	Golden Skull Mask		0	TRUE	0079938C	score_s19_apparel_headwear_goldenskullmask_l.webp	
19	10	91	1	Enclave Hellfire Power Armor Paint		60		00799C58	score_s19_skin_powerarmor_model_enclavehellfire_l.webp	
19	10	91	2	Sigma Squad Paint (Gauss Shotgun)		40		007A3029	score_s19_skin_weaponskin_gaussshotgun_enclavesigmasquad_l.webp	
19	10	91	3	Scientific Beaker Stein		25		00799AA5	score_s19_camp_floordecor_stein_sciencestein_l.webp	
19	10	91	4	Eyes On You Frame		15		007AA189	score_s19_photomode_frame_eyesonyou_l.webp	
19	10	91	5	Enclave Hellfire Player Icon		10		007B2908	atx_playericon_s19_enclavehellfirepa.webp	
19	10	91	6	Framed Scientific Forge Wall Art		0		007AC30D	score_s19_camp_walldecor_endofseasonart_l.webp	
19	10	91	7	Rectangular Enclave Weapon Rack		35	TRUE	007AC28C	score_s19_camp_display_weaponrack_enclaverectangular_l.webp	
19	10	91	8	Sigma Squad Paint (Tesla Cannon)		30	TRUE	007A302B	score_s19_skin_weaponskin_teslacannon_enclavesigmasquad_l.webp	
19	10	91	9	"""Hellfire"" Player Title Prefix"		20	TRUE	007A95CC	score_s19_playertitles_prefix_hellfire.webp	
19	10	91	10	Atoms	200	15	TRUE		Score currency atoms l.webp	
19	B1	100	1	Auger Power Armor Paint		200		007A26EF	score_s19_skin_powerarmor_model_auger_l.webp	
19	B1	100	2	Enclave Extractor		150		0064EF36	atx_camp_resource_mineralextractor_enclave_l.webp	
19	B1	100	3	Enclave Armor Workbench		140		00799A96	score_s19_camp_machinery_workbench_armor_enclave_l.webp	
19	B1	100	4	Sigma Squad Paint (Cremator)		130		007A302C	score_s19_skin_weaponskin_cremator_enclavesigmasquad_l.webp	
19	B1	100	5	Tesla Cannon Receiver Mods		130		0079A624	Score s19 weapons teslacannon assembly alternatecurrentmuzzle l.webp	
19	B1	100	6	Enclave Lab Coat (Bloody)		120		00799AA4	score_s19_apparel_outfit_enclavescientist_bloody_l.webp	
19	B1	100	7	Catctus Scratching Post		100		007A27AD	score_s19_camp_camppets_idlefurniture_catcutsscratchingpost_l.webp	
19	B1	100	8	Dog Leaf Pile		100		007A27AC	score_s19_camp_camppets_idlefurniture_dogleafpile_l.webp	
19	B1	100	9	White Enclave Flag		100		007A9DAF	score_s19_camp_floordecor_enclaveflag_white_l.webp	
19	B1	100	10	"""Science Officer"" Player Title Suffix"		80		007A95CA	score_s19_playertitles_suffix_scienceofficer.webp	
19	B2	150	1	Atoms	100	250			Score currency atoms l.webp	
19	B2	150	2	Basic Repair Kit	5	75		0041ADED	Atx utility repairkit basic l.webp	
19	B2	150	3	Carry Weight Booster	5	75		005FD9AC	Score utility carryweight l.webp	
19	B2	150	4	Gold Bullion	100	75		005AD5B2	Score currency bullion l.webp	
19	B2	150	5	Legendary Modules	10	75		005EE7EF	Score game legendarymodule l.webp	
19	B2	150	6	Legendary Scrip	100	75		005AD5B1	Score currency scrip l.webp	
19	B2	150	7	Lunchboxes	5	75		005AD5B0	Atx store lunchbox001 l.webp	
19	B2	150	8	Mystery Bobblehead	3	75		0072D4FD	SCORE Utility MysteryBobblehead L.webp	
19	B2	150	9	Perk Coins	25	75		005EE7F0	Score currency perkcoin l.webp	
19	B2	150	10	Scout's Banner	5	75		0067A855	SCORE COEN Utility Banner L.webp	
20	1	0	1	5% S.C.O.R.E. Boost		0	TRUE	0079C879	score_account_scoreboost_l.webp	
20	1	0	2	Irradiated Paint (Western Revolver)		35		007AD3FC	score_s20_skin_weaponskin_westernrevolver_irradiated_l.webp	
20	1	0	3	Glowing Ghoul Mask		50		007AD4B8	score_s20_apparel_headwear_glowingghoulmask_l.webp	
20	1	0	4	Action Ghoul Girl Player Icon		15	TRUE	007D0ECC	atx_playericon_s20_actionghoulgirl.webp	
20	1	0	5	Atoms	200	15	TRUE		Score currency atoms l.webp	
20	1	0	6	Ghoul Signs		30		007ADCA5	score_s20_camp_walldecor_ghoulsign_l.webp	
20	1	0	7	Radium Armor Paint (Robot)		40	TRUE	007AEDC4	score_s20_skin_armorskin_robot_radium_l.webp	
20	1	0	8	Lunchboxes	5	15		005AD5B0	Atx store lunchbox001 l.webp	
20	2	7	1	"""Abominable"" Player Title Prefix"		20	TRUE	007D2A1E	score_s20_playertitles_prefix_abominable.webp	
20	2	7	2	Miniature Ghoul Vault Boy Statue		30		007D18CE	score_s20_camp_floordecor_statue_miniature_ghoul_vaultboy_l.webp	
20	2	7	3	"Glow of the Ghoul ""Resurrection"" Poster"		35		007D2A30	score_s20_camp_walldecor_poster_ghoul_01_l.webp	
20	2	7	4	Action Ghouls Photomode Frame		0		007AE748	score_s20_photomode_frame_actionghouls_l.webp	
20	2	7	5	Nosey Glasses		45	TRUE	007AD446	score_s20_apparel_headwear_noseyglasses_l.webp	
20	2	7	6	Action Ghoul Boy Player Icon		20		007D0ECD	atx_playericon_s20_actionghoulboy.webp	
20	2	7	7	Atoms	200	25			Score currency atoms l.webp	
20	3	15	1	Radium Scout Armor Paint		45		007AEDC1	score_s20_skin_armorskin_scout_radium_l.webp	
20	3	15	2	Bathroom Hook		0		007CE306	score_s20_camp_walldecor_bathroomhook_l.webp	
20	3	15	3	Bomb Scientist Player Icon		10	TRUE	007D0ED3	atx_playericon_s20_bombscientist.webp	
20	3	15	4	Atoms	200	15	TRUE		Score currency atoms l.webp	
20	3	15	5	Toxic Embrace Photomode Frame		15		007AE749	score_s20_photomode_frame_toxicembrace_l.webp	
20	3	15	6	Stack of Chems Set		25	TRUE	007ADCA4	score_s20_camp_floordecor_chem_clutter_l.webp	corrected from the in-game screenshot: isFirst - -> TRUE
20	3	15	7	"""Ghoulish"" Player Title Prefix"		20	TRUE	007D2A20	score_s20_playertitles_prefix_ghoulish.webp	
20	3	15	8	Stamps	10	10	TRUE	0066EFB4	SCORE Currency Stamps.webp	
20	3	15	9	SCORE Booster	3	10		0069F2C6	SCORE_Utility_ScoreBooster_L.webp	
20	3	15	10	Goo-Tub		50		007AD447	score_s20_camp_decoration_gootub_l.webp	
20	4	23	1	Battle Diet Player Icon		10	TRUE	007D0ECB	atx_playericon_s20_battlediet.webp	
20	4	23	2	Mutated Guts Loot Bag		45	TRUE	007AE860	score_s20_skin_lootbag_guts_l.webp	
20	4	23	3	Miniature Ghoul Vault Girl Statue		30	TRUE	007D18CF	score_s20_camp_floordecor_statue_miniature_ghoul_vaultgirl_l.webp	
20	4	23	4	"Glow of the Ghoul ""Duty"" Poster"		35		007D2A2E	score_s20_camp_walldecor_poster_ghoul_02_l.webp	
20	4	23	5	Slime Cake		55		007ACF9D	score_s20_camp_utility_slimecake_l.webp	
20	4	23	6	"""Sickly"" Player Title Prefix"		0		007D2A21	score_s20_playertitles_prefix_sickly.webp	
20	4	23	7	Atoms	200	25			Score currency atoms l.webp	
20	5	28	1	Radioac-table		25		007AE640	score_s20_camp_furniture_table_nuclearbarreltable_l.webp	
20	5	28	2	Toxic Gooler Cooler		60	TRUE	007AE651	score_s20_camp_collector_toxicgoo_l.webp	
20	5	28	3	Chemical Barrel Drums		40		007AE562	score_s20_camp_furniture_instrument_chemicalbarreldrum_l.webp	
20	5	28	4	10% S.C.O.R.E. Boost		0	TRUE	0079C87A	score_account_scoreboost_l.webp	
20	6	37	1	Atoms	200	15	TRUE		Score currency atoms l.webp	
20	6	37	2	Ultracite Furniture Set		60		007AECF9	score_s20_camp_furniture_set_ultracitefurnitureset_l.webp	
20	6	37	3	Nuke Fusion Generator		70	TRUE	007ADCA0	score_s20_camp_utility_nukegenerator_l.webp	
20	6	37	4	Breathe It In Player Icon		15		007D0ECE	atx_playericon_s20_breatheitin.webp	
20	6	37	5	"""Irradiated"" Player Title Prefix"		15		007D2A1C	score_s20_playertitles_prefix_irradiated.webp	
20	6	37	6	Gold Bullion	250	10		005AD5B2	Score currency bullion l.webp	corrected from the in-game screenshot: qty 500 -> 250
20	6	37	7	Irradiated Paint (V63 Laser Carbine)		40		007AD3FD	score_s20_skin_weaponskin_v63lasercarbine_irradiated_l.webp	
20	6	37	8	Re-Roller	5	0	TRUE	0068D465	SCORE Utility Reroller L.webp	
20	7	44	1	Radium Civil Engineer Armor Paint		45		007AEDC2	score_s20_skin_armorskin_civilengineer_radium_l.webp	
20	7	44	2	Merc Charmer Helmet		0	TRUE	007D0E1B	score_s20_apparel_headwear_greymerchelmet_l.webp	
20	7	44	3	Irradiated Paint (Gatling Gun)		30	TRUE	007AE538	score_s20_skin_weaponskin_gatlinggun_irradiated_l.webp	
20	7	44	4	"""Ghastly"" Player Title Prefix"		20		007D2A22	score_s20_playertitles_prefix_ghastly.webp	
20	7	44	5	Critter Cooker		50		007AEE0D	score_s20_camp_collector_meatcooker_l.webp	
20	7	44	6	Chem Diet Player Icon		10	TRUE	007D0ECA	atx_playericon_s20_chemdiet.webp	
20	7	44	7	Atoms	200	20			Score currency atoms l.webp	
20	8	52	1	Atoms	200	10	TRUE		Score currency atoms l.webp	
20	8	52	2	Ghoul Vault Girl Statue		40		007CEA8E	score_s20_camp_floordecor_statue_ghoul_vaultgirl_l.webp	corrected from the in-game screenshot: cost 30 -> 40
20	8	52	3	Merc Charmer Blouse Outfit		60	TRUE	007CF23C	score_s20_apparel_outfit_greymerc_blouse_l.webp	
20	8	52	4	"""Rotten"" Player Title Prefix"		20		007D2A1D	score_s20_playertitles_prefix_rotten.webp	
20	8	52	5	Fan The Hammer Player Icon		15		007D0ED1	atx_playericon_s20_wildwesthands.webp	
20	8	52	6	Perk Coins	50	15		005EE7F0	Score currency perkcoin l.webp	
20	8	52	7	Ghoul Vault Boy Statue		40		007D18CD	score_s20_camp_floordecor_statue_ghoul_vaultboy_l.webp	
20	8	52	8	10% S.C.O.R.E. Boost		0	TRUE	0079C87B	score_account_scoreboost_l.webp	
20	9	57	1	Irradiated Paint (.50 Cal Machine Gun)		35		007AD3F9	score_s20_skin_weaponskin_50calmachinegun_irradiated_l.webp	
20	9	57	2	Posing Skeletons		65	TRUE	007AD3E9	score_s20_camp_floordecor_posingskeletons_l.webp	
20	9	57	3	"Glow of the Ghoul ""Last Stand"" Poster"		25		007D2A2F	score_s20_camp_walldecor_poster_ghoul_03_l.webp	
20	9	57	4	Bathroom Urinal		0		007CE308	score_s20_camp_walldecor_bathroomurinalbroken_l.webp	
20	10	64	1	Trick Shot Player Icon		15		007D0ED5	atx_playericon_s20_guntricks.webp	
20	10	64	2	Unfortunate End		0		007AD331	score_s20_camp_floordecor_unfortunateend_l.webp	
20	10	64	3	Radium Recon Armor Paint		45		007AEDC0	score_s20_skin_armorskin_bosinfantry_radium_l.webp	
20	10	64	4	"""Undead"" Player Title Prefix"		15	TRUE	007D2A1A	score_s20_playertitles_prefix_undead.webp	
20	10	64	5	Goo Splatter		60		007AD449	score_s20_camp_walldecor_goosplatter_l.webp	
20	10	64	6	Correct Toilet Paper Holder		25	TRUE	007F55F1	score_s20_camp_walldecor_correctbathroomtoiletpaperholder_l.webp	
20	10	64	7	Merc Charmer Helmet (Hooded)		15	TRUE	007CF23B	score_s20_apparel_headwear_greymerchelmet_hooded_l.webp	
20	11	70	1	Nuclear-Powered Jetpack		75	TRUE	007AEEDA	score_s20_skin_armorskin_jetpack_nuclearpowered_l.webp	
20	11	70	2	Nuclear Waste Flair		0		007AE86C	score_s20_skin_backpackflair_nuclearwaste_l.webp	
20	11	70	3	Atoms	200	25			Score currency atoms l.webp	
20	11	70	4	Mystery Magazine Package	3	10	TRUE	0075887C	Score utility magazinebookbox l.webp	corrected from the in-game screenshot: isFirst - -> TRUE
20	11	70	5	Irradiated Paint (Auto Axe)		40		007AD3FB	score_s20_skin_weaponskin_autoaxe_irradiated_l.webp	
20	12	79	1	Irradiated Paint (Flamer)		30	TRUE	007AD3F8	score_s20_skin_weaponskin_flamer_irradiated_l.webp	
20	12	79	2	Mini Cooling Tower		55		007ADCA3	score_s20_camp_structure_minicoolingtower_l.webp	
20	12	79	3	Radium Secret Service Armor Paint		35	TRUE	007AEDC3	score_s20_skin_armorskin_secretservice_radium_l.webp	
20	12	79	4	Mad Scientist Player Icon		10	TRUE	007D0ED0	atx_playericon_s20_madscientist.webp	
20	12	79	5	Nuclear Pyrotechnic Kit		75		007ADCA1	score_s20_camp_decor_pyrotechnickit_nuclear_l.webp	
20	12	79	6	"""Feral"" Player Title Prefix"		0		007D2A1F	score_s20_playertitles_prefix_feral.webp	
20	12	79	7	Atoms	200	20	TRUE		Score currency atoms l.webp	
20	13	89	1	Ultracite Throne		60		007B3F86	score_s20_camp_furniture_set_ultracitethrone_l.webp	
20	13	89	2	Atoms	200	20			Score currency atoms l.webp	
20	13	89	3	Irradiated Paint (Fat Man)		30	TRUE	007AD3FA	score_s20_skin_weaponskin_fatman_irradiated_l.webp	
20	13	89	4	Ultracite Wall Lights		40	TRUE	007AE535	score_s20_camp_lights_ultracitewalllight_l.webp	
20	13	89	5	Mini Nuke Stein		0		007BA4D7	score_s20_camp_floordecor_stein_mininuke_l.webp	
20	13	89	6	SCORE Booster	3	15		0069F2C6	SCORE_Utility_ScoreBooster_L.webp	
20	13	89	7	Re-Roller	5	15		0068D465	SCORE Utility Reroller L.webp	
20	13	89	8	"""Cannibal"" Player Title Suffix"		15	TRUE	007D2A1B	score_s20_playertitles_suffix_cannibal.webp	
20	13	89	9	Science Monster Player Icon		15		007D0ED2	atx_playericon_s20_sciencemonster.webp	
20	13	89	10	Yellow Vault-Tec Hazmat Suit		40		007AD414	score_s20_apparel_outfit_vaulttecyellow_hazmatsuit_l.webp	
20	14	91	1	Mr. Ghoulie Plushie		0	TRUE	007AE9F9	score_s20_camp_floordecor_plushie_ghoul_mrfuzzy_l.webp	
20	14	91	2	Framed Glow of the Ghoul Wall Art		20		007AE537		"corrected from the in-game screenshot: name ""Glow of the Ghoul"" Movie Projector -> Framed Glow of the Ghoul Wall Art, formId 007CF791 -> 007AE537, wikiIcon score_s20_camp_floordecor_ghoulmovieprojector_l.webp -> -"
20	14	91	3	Metal Barrel Drums		30		007AE561	score_s20_camp_furniture_instrument_metalbarreldrum_l.webp	
20	B1	100	1	Sharpshooter Power Armor Paint		200		007AEDE6	score_s20_skin_powerarmor_model_sharpshooter_l.webp	
20	B1	100	2	Boneyard Planter Kit		150		007AE536	score_20_camp_floordecor_planter_boneyardpatch_l.webp	
20	B1	100	3	Petrified Corpse Target		120		007AE0C4	score_s20_camp_floordecor_shootingtarget_petrifiedcorpse_l.webp	
20	B1	100	4	"""Glow of the Ghoul"" Movie Projector"		120		007CF791	score_s20_camp_floordecor_ghoulmovieprojector_l.webp	
20	B1	100	5	Blue Nuka-Cola Vending Machine		120		007AE539	score_s20_camp_utility_bluenukacolavendingmachine_l.webp	
20	B1	100	6	Irradiated Paint (Railway Rifle)		120		007AD3F7	score_s20_skin_weaponskin_railwayrifle_irradiated_l.webp	
20	B1	100	7	"""Zombie"" Player Title Suffix"		80		007D2A19	score_s20_playertitles_suffix_zombie.webp	
20	B1	100	8	Merc Charmer Outfit		120		007D0E1A	score_s20_apparel_outfit_greymerc_l.webp	
20	B1	100	9	Correct Toilet Paper Holder		80		007F55F1	score_s20_camp_walldecor_correctbathroomtoiletpaperholder_l.webp	
20	B1	100	10	Skeleton Parts		140		007AD3E8	score_s20_camp_floordecor_skeletonparts_l.webp	
20	B2	150	1	Lunchboxes	5	75		005AD5B0	Atx store lunchbox001 l.webp	
20	B2	150	2	Gold Bullion	100	75		005AD5B2	Score currency bullion l.webp	corrected from the in-game screenshot: qty 500 -> 100
20	B2	150	3	Legendary Scrip	100	75		005AD5B1	Score currency scrip l.webp	
20	B2	150	4	Mystery Bobblehead	3	75		0072D4FD	SCORE Utility MysteryBobblehead L.webp	
20	B2	150	5	Atoms	100	250			Score currency atoms l.webp	
20	B2	150	6	Legendary Modules	10	75		005EE7EF	Score game legendarymodule l.webp	
20	B2	150	7	Scout's Banner	5	75		0067A855	SCORE COEN Utility Banner L.webp	
20	B2	150	8	Carry Weight Booster	5	75		005FD9AC	Score utility carryweight l.webp	
20	B2	150	9	Perk Coins	25	75		005EE7F0	Score currency perkcoin l.webp	
20	B2	150	10	Basic Repair Kit	5	75		0041ADED	Atx utility repairkit basic l.webp	
21	1	0	1	Superb Bait	5	20		00811379	Score utility superbbait l.webp	S21 taken from the in-game screenshots (season_ticket_costs.tsv), not the wiki
21	1	0	2	Hooked Fish Backpack Flair		10		007EDFF8	score_s21_skin_backpack_hookedfish_flair_l.webp	S21 taken from the in-game screenshots (season_ticket_costs.tsv), not the wiki
21	1	0	3	"""Reeling"" Player Title Prefix"		15		00815507	score_s21_playertitles_prefix_reeling.webp	S21 taken from the in-game screenshots (season_ticket_costs.tsv), not the wiki
21	1	0	4	Fisher Vault Boy Player Icon		15	TRUE	0081EDF2	atx_playericon_s21_fishervaultboy.webp	S21 taken from the in-game screenshots (season_ticket_costs.tsv), not the wiki
21	1	0	5	Atoms	200	20	TRUE		Score currency atoms l.webp	S21 taken from the in-game screenshots (season_ticket_costs.tsv), not the wiki
21	1	0	6	Hanging Dolphish		55		007EEC01	score_s21_camp_miscstructure_hangingdolphish_l.webp	S21 taken from the in-game screenshots (season_ticket_costs.tsv), not the wiki
21	1	0	7	Ruby Reel Fishing Rod Paint		45	TRUE	0080BD17	score_s21_skin_weaponskin_fishingrod_rubyreelrod_l.webp	S21 taken from the in-game screenshots (season_ticket_costs.tsv), not the wiki
21	1	0	8	5% S.C.O.R.E. Boost		0	TRUE	0079C875	score_account_scoreboost_l.webp	S21 taken from the in-game screenshots (season_ticket_costs.tsv), not the wiki
21	1	0	9	Nuclear Keycard	5	20		005DC2BF	Atx playericon object 09 l.webp	S21 taken from the in-game screenshots (season_ticket_costs.tsv), not the wiki
21	1	0	10	Hanging Fishing Net		25		007F514B	score_s21_camp_walldecor_fishingnet_l.webp	S21 taken from the in-game screenshots (season_ticket_costs.tsv), not the wiki
21	2	8	1	Baskets of Dead Fish		20		007F514A	score_s21_camp_floordecor_fishbasket_l.webp	S21 taken from the in-game screenshots (season_ticket_costs.tsv), not the wiki
21	2	8	2	Boat Fishing Rod Display		40		007DC657	score_s21_camp_display_weaponrack_fishingroddisplay_l.webp	S21 taken from the in-game screenshots (season_ticket_costs.tsv), not the wiki
21	2	8	3	Spitfire Paint (Ripper)		50		007FA248	score_s21_skin_weaponskin_ripper_spitfire_l.webp	S21 taken from the in-game screenshots (season_ticket_costs.tsv), not the wiki
21	2	8	4	Hanging Buoy		25	TRUE	007F55C5	score_s21_camp_walldecor_hangingbuoy_l.webp	S21 taken from the in-game screenshots (season_ticket_costs.tsv), not the wiki
21	2	8	5	Fish Bones Backpack Flair		10	TRUE	007EDFF7	score_s21_skin_backpack_fishbones_flair_l.webp	S21 taken from the in-game screenshots (season_ticket_costs.tsv), not the wiki
21	2	8	6	Gone Fission Hat		30	TRUE	007DBE0C	score_s21_apparel_headwear_companyfishinghat_l.webp	S21 taken from the in-game screenshots (season_ticket_costs.tsv), not the wiki
21	2	8	7	"""Trawler"" Player Title Suffix"		0		0081550C	score_s21_playertitles_suffix_trawler.webp	S21 taken from the in-game screenshots (season_ticket_costs.tsv), not the wiki
21	2	8	8	Atoms	200	25			Score currency atoms l.webp	S21 taken from the in-game screenshots (season_ticket_costs.tsv), not the wiki
21	3	15	1	Fish of Appalachia: Forest Poster		30		007F180E	score_s21_camp_walldecor_appalachiafishposters_04_l.webp	S21 taken from the in-game screenshots (season_ticket_costs.tsv), not the wiki
21	3	15	2	Atoms	200	20	TRUE		Score currency atoms l.webp	S21 taken from the in-game screenshots (season_ticket_costs.tsv), not the wiki
21	3	15	3	Seaweed Stash Box		45	TRUE	00808433	score_s21_camp_stashbox_seaweed_l.webp	S21 taken from the in-game screenshots (season_ticket_costs.tsv), not the wiki
21	3	15	4	Spitfire Paint (Gatling Gun)		55		007F625E	score_s21_skin_weaponskin_gatlinggun_spitfire_l.webp	S21 taken from the in-game screenshots (season_ticket_costs.tsv), not the wiki
21	3	15	5	S.C.O.R.E. Booster	3	15		0069F2C6	SCORE_Utility_ScoreBooster_L.webp	S21 taken from the in-game screenshots (season_ticket_costs.tsv), not the wiki
21	3	15	6	"""Sturdy"" Player Title Prefix"		10	TRUE	00815508	score_s21_playertitles_prefix_sturdy.webp	S21 taken from the in-game screenshots (season_ticket_costs.tsv), not the wiki
21	3	15	7	Snorkel Goggles		0		007DBE0A	score_s21_apparel_headwear_snorkelgoggles_l.webp	S21 taken from the in-game screenshots (season_ticket_costs.tsv), not the wiki
21	4	26	1	Lite Ally: Dottie		60		007FDC19	score_s21_camp_ally_dottie_l.webp	S21 taken from the in-game screenshots (season_ticket_costs.tsv), not the wiki
21	4	26	2	DSSBNUD Poster		30		00803608	score_s21_camp_walldecor_liteallyposterdottie_l.webp	S21 taken from the in-game screenshots (season_ticket_costs.tsv), not the wiki
21	4	26	3	"""Paranoid"" Player Title Prefix"		15	TRUE	00815505	score_s21_playertitles_prefix_paranoid.webp	S21 taken from the in-game screenshots (season_ticket_costs.tsv), not the wiki
21	4	26	4	"""Theorist"" Player Title Suffix"		20		0081550B	score_s21_playertitles_suffix_theorist.webp	S21 taken from the in-game screenshots (season_ticket_costs.tsv), not the wiki
21	4	26	5	Atoms	200	25			Score currency atoms l.webp	S21 taken from the in-game screenshots (season_ticket_costs.tsv), not the wiki
21	4	26	6	DSSBNUD Player Icon		15		0081EDF0	atx_playericon_s21_dottiedssbnud.webp	S21 taken from the in-game screenshots (season_ticket_costs.tsv), not the wiki
21	4	26	7	DSSBNUD T-Shirt & Jeans Outfit		45		00804723	score_s21_apparel_outfit_dssbnud_tshirtjeans_l.webp	S21 taken from the in-game screenshots (season_ticket_costs.tsv), not the wiki
21	4	26	8	10% S.C.O.R.E. Boost		0	TRUE	0079C875	score_account_scoreboost_l.webp	S21 taken from the in-game screenshots (season_ticket_costs.tsv), not the wiki
21	4	26	9	Superb Bait	5	15		00811379	Score utility superbbait l.webp	S21 taken from the in-game screenshots (season_ticket_costs.tsv), not the wiki
21	4	26	10	Spitfire Paint (Pepper Shaker)		50	TRUE	007F625C	score_s21_skin_weaponskin_peppershaker_spitfire_l.webp	S21 taken from the in-game screenshots (season_ticket_costs.tsv), not the wiki
21	5	37	1	Dirty Pond		55		007F555B	score_s21_camp_collector_dirtypond_l.webp	S21 taken from the in-game screenshots (season_ticket_costs.tsv), not the wiki
21	5	37	2	Buoy		40	TRUE	007F1F19	score_s21_camp_floordecor_buoy_l.webp	S21 taken from the in-game screenshots (season_ticket_costs.tsv), not the wiki
21	5	37	3	Fishing Nets		0		007F514D	score_s21_camp_floordecor_fishingnets_l.webp	S21 taken from the in-game screenshots (season_ticket_costs.tsv), not the wiki
21	5	37	4	"""Untangled"" Player Title Prefix"		20		00815509	score_s21_playertitles_prefix_untangled.webp	S21 taken from the in-game screenshots (season_ticket_costs.tsv), not the wiki
21	5	37	5	Atoms	200	20	TRUE		Score currency atoms l.webp	S21 taken from the in-game screenshots (season_ticket_costs.tsv), not the wiki
21	5	37	6	The Trip Framed Vinyl Cover		25		007FDEB8	score_s21_camp_walldecor_framedvinylcover02_l.webp	S21 taken from the in-game screenshots (season_ticket_costs.tsv), not the wiki
21	5	37	7	Fake Taxidermy Mermaid		50	TRUE	007DC4EE	score_s21_camp_floordecor_faketaxidermymermaid_l.webp	S21 taken from the in-game screenshots (season_ticket_costs.tsv), not the wiki
21	5	37	8	Triple Threat Player Icon		10		0081EDFD	atx_playericon_s21_triplethreat.webp	S21 taken from the in-game screenshots (season_ticket_costs.tsv), not the wiki
21	5	37	9	S.C.O.R.E. Booster	3	10	TRUE	0069F2C6	SCORE_Utility_ScoreBooster_L.webp	S21 taken from the in-game screenshots (season_ticket_costs.tsv), not the wiki
21	5	37	10	Gone Fission Camping Cooler		45		007DC658	score_s21_camp_utility_refrigerator_gonefissioncampingcooler_l.webp	S21 taken from the in-game screenshots (season_ticket_costs.tsv), not the wiki
21	6	45	1	Atoms	200	0			Score currency atoms l.webp	S21 taken from the in-game screenshots (season_ticket_costs.tsv), not the wiki
21	6	45	2	Poseidon Arm Wrestle Machine		50	TRUE	007DBEA9	score_s21_camp_utility_armwrestlemachine_poseidon_l.webp	S21 taken from the in-game screenshots (season_ticket_costs.tsv), not the wiki
21	6	45	3	Ice Breaker		60		007FA409	score_s21_weapons_harpoongun_icebreaker_l.webp	S21 taken from the in-game screenshots (season_ticket_costs.tsv), not the wiki
21	6	45	4	Amphitrite Player Icon		10		0081EDEE	atx_playericon_s21_amphitrite.webp	S21 taken from the in-game screenshots (season_ticket_costs.tsv), not the wiki
21	6	45	5	Gone Fission Photomode Frame		15		0080FC1F	score_s21_photomode_frame_gonefission_l.webp	S21 taken from the in-game screenshots (season_ticket_costs.tsv), not the wiki
21	6	45	6	Spitfire Paint (Combat Shotgun)		40	TRUE	007FA249	score_s21_skin_weaponskin_combatshotgun_spitfire_l.webp	S21 taken from the in-game screenshots (season_ticket_costs.tsv), not the wiki
21	6	45	7	Re-Roller	5	10	TRUE	0068D465	SCORE Utility Reroller L.webp	S21 taken from the in-game screenshots (season_ticket_costs.tsv), not the wiki
21	6	45	8	Sugar-Free Nukashine	3	15		005FD9A8	Nukashine Bundle Icon.png	S21 taken from the in-game screenshots (season_ticket_costs.tsv), not the wiki
21	7	56	1	Snorkel Mask		30		007DBE0B	score_s21_apparel_headwear_snorkelmask_l.webp	S21 taken from the in-game screenshots (season_ticket_costs.tsv), not the wiki
21	7	56	2	Loose Vinyl Records		20	TRUE	007EF096	score_s21_camp_floordecor_loosevinylrecords_l.webp	S21 taken from the in-game screenshots (season_ticket_costs.tsv), not the wiki
21	7	56	3	Crate of Vinyls		25		007EF097	score_s21_camp_floordecor_vinylcrate_l.webp	S21 taken from the in-game screenshots (season_ticket_costs.tsv), not the wiki
21	7	56	4	Fish Pot Player Icon		10		0081EDF3	atx_playericon_s21_fishpot.webp	S21 taken from the in-game screenshots (season_ticket_costs.tsv), not the wiki
21	7	56	5	Drowned Chaise Lounge		40		0080BD16	score_s21_camp_furniture_chair_drowned_l.webp	S21 taken from the in-game screenshots (season_ticket_costs.tsv), not the wiki
21	7	56	6	Bottle Clutter Set #1		20		007DBEB6	score_s21_camp_floordecor_bottleclutter01_l.webp	S21 taken from the in-game screenshots (season_ticket_costs.tsv), not the wiki
21	7	56	7	Neon Light Signs		50	TRUE	007F180D	score_s21_camp_lights_wall_neonsign_set.webp	S21 taken from the in-game screenshots (season_ticket_costs.tsv), not the wiki
21	7	56	8	Atoms	200	15	TRUE		Score currency atoms l.webp	S21 taken from the in-game screenshots (season_ticket_costs.tsv), not the wiki
21	7	56	9	10% S.C.O.R.E. Boost		0	TRUE	0079C877	score_account_scoreboost_l.webp	S21 taken from the in-game screenshots (season_ticket_costs.tsv), not the wiki
21	7	56	10	Goo Letter Kit Set		65		0080068C	score_s21_camp_walldecor_letterkit_gooletters_l.webp	S21 taken from the in-game screenshots (season_ticket_costs.tsv), not the wiki
21	8	66	1	Set of Display Fish Hooks		50	TRUE	0080BD18	score_s21_camp_display_fishdisplay_fishhook_l.webp	S21 taken from the in-game screenshots (season_ticket_costs.tsv), not the wiki
21	8	66	2	"""Bobber"" Player Title Suffix"		10	TRUE	00815506	score_s21_playertitles_suffix_bobber.webp	S21 taken from the in-game screenshots (season_ticket_costs.tsv), not the wiki
21	8	66	3	Jitter Bells Framed Vinyl Cover		20		007FDEB9	score_s21_camp_walldecor_framedvinylcover01_l.webp	S21 taken from the in-game screenshots (season_ticket_costs.tsv), not the wiki
21	8	66	4	Jitter Bell Player Icon		15		0081EDF7	atx_playericon_s21_jitterbell.webp	S21 taken from the in-game screenshots (season_ticket_costs.tsv), not the wiki
21	8	66	5	Drowned Spotlight Lamp		35	TRUE	0080F7EB	score_s21_camp_floordecor_drownedlamp_l.webp	S21 taken from the in-game screenshots (season_ticket_costs.tsv), not the wiki
21	8	66	6	Fishing Rod Baby Rattle Bobber Mod		20		00808432	score_s21_weapons_fishing_mod_fishingrod_weapon_rodbobber_babyrattle_l.webp	S21 taken from the in-game screenshots (season_ticket_costs.tsv), not the wiki
21	8	66	7	Gone Fission Neon Sign		0		0080F7ED	score_s21_camp_lights_wall_fissionsign_l.webp	S21 taken from the in-game screenshots (season_ticket_costs.tsv), not the wiki
21	8	66	8	Atoms	200	25			Score currency atoms l.webp	S21 taken from the in-game screenshots (season_ticket_costs.tsv), not the wiki
21	8	66	9	Mystery Magazine Package	3	15		0075887C	Score utility magazinebookbox l.webp	S21 taken from the in-game screenshots (season_ticket_costs.tsv), not the wiki
21	8	66	10	Cannery		60		007B2439	score_s21_camp_machinery_workbench_cannery_l.webp	S21 taken from the in-game screenshots (season_ticket_costs.tsv), not the wiki
21	9	74	1	Taxidermy Shark Jaw		30		007F180F	score_s21_camp_walldecor_taxidermysharkjaw_l.webp	S21 taken from the in-game screenshots (season_ticket_costs.tsv), not the wiki
21	9	74	2	Caps	5000	10		005AD5B3	Score currency caps l.webp	S21 taken from the in-game screenshots (season_ticket_costs.tsv), not the wiki
21	9	74	3	Chainsaw Vault Girl Player Icon		0		0081EDEF	atx_playericon_s21_chainsawvaultgirl.webp	S21 taken from the in-game screenshots (season_ticket_costs.tsv), not the wiki
21	9	74	4	Houseboat Survival Tent		80	TRUE	0081DECE	score_s21_f1_survivaltent_skin_houseboat_l.webp	S21 taken from the in-game screenshots (season_ticket_costs.tsv), not the wiki
21	9	74	5	Atoms	200	10	TRUE		Score currency atoms l.webp	S21 taken from the in-game screenshots (season_ticket_costs.tsv), not the wiki
21	9	74	6	Fishing Rod Grenade Bobber Mod		10	TRUE	007DC647	score_s21_weapons_fishing_mod_fishingrod_weapon_rodbobber_grenade_l.webp	S21 taken from the in-game screenshots (season_ticket_costs.tsv), not the wiki
21	9	74	7	Shark Tooth Backpack Flair		15		0080FC35	atx_skin_backpackflair_sharktooth_l.webp	S21 taken from the in-game screenshots (season_ticket_costs.tsv), not the wiki
21	9	74	8	Spitfire Paint (Chainsaw)		45	TRUE	007F625D	score_s21_entm_skin_weaponskin_chainsaw_spitfire_l.webp	S21 taken from the in-game screenshots (season_ticket_costs.tsv), not the wiki
21	10	85	1	Plesiosaur Statue		50		007EEBFE	score_s21_camp_floordecor_plesiosaurstatue_l.webp	S21 taken from the in-game screenshots (season_ticket_costs.tsv), not the wiki
21	10	85	2	Fish of Appalachia: Savage Divide Poster		30		0080F85C	score_s21_camp_walldecor_appalachiafishposters_03_l.webp	S21 taken from the in-game screenshots (season_ticket_costs.tsv), not the wiki
21	10	85	3	Euphonium Union Player Icon		15	TRUE	0081EDF1	atx_playericon_s21_euphonium.webp	S21 taken from the in-game screenshots (season_ticket_costs.tsv), not the wiki
21	10	85	4	"""Angler"" Player Title Suffix"		15		0081550A	score_s21_playertitles_suffix_angler.webp	S21 taken from the in-game screenshots (season_ticket_costs.tsv), not the wiki
21	10	85	5	Euphonium Union Framed Vinyl Cover		25		007FDEB7	score_s21_camp_walldecor_framedvinylcover03_l.webp	S21 taken from the in-game screenshots (season_ticket_costs.tsv), not the wiki
21	10	85	6	Atoms	200	25			Score currency atoms l.webp	S21 taken from the in-game screenshots (season_ticket_costs.tsv), not the wiki
21	10	85	7	Lily Pad Platforms		45	TRUE	007F1F18	score_s21_camp_floordecor_lilypads_l.webp	S21 taken from the in-game screenshots (season_ticket_costs.tsv), not the wiki
21	10	85	8	Lunchbox	5	15		005AD5B0	Atx store lunchbox001 l.webp	S21 taken from the in-game screenshots (season_ticket_costs.tsv), not the wiki
21	10	85	9	S.C.O.R.E. Booster	3	10	TRUE	0069F2C6	SCORE_Utility_ScoreBooster_L.webp	S21 taken from the in-game screenshots (season_ticket_costs.tsv), not the wiki
21	10	85	10	Spitfire Paint (Tesla Cannon)		45		007F625B	score_s21_skin_weaponskin_teslacannon_spitfire_l.webp	S21 taken from the in-game screenshots (season_ticket_costs.tsv), not the wiki
21	11	90	1	Fishie Stein		20		007EEBFF	score_s21_camp_floordecor_stein_fish_l.webp	S21 taken from the in-game screenshots (season_ticket_costs.tsv), not the wiki
21	11	90	2	Fish of Appalachia: Toxic Valley Poster		25	TRUE	0080F85A	score_s21_camp_walldecor_appalachiafishposters_01_l.webp	S21 taken from the in-game screenshots (season_ticket_costs.tsv), not the wiki
21	11	90	3	Fishing Rod Light Bulb Bobber Mod		15		007DC648	score_s21_weapons_fishing_mod_fishingrod_weapon_rodbobber_lightbulb_l.webp	S21 taken from the in-game screenshots (season_ticket_costs.tsv), not the wiki
21	11	90	4	Bottle Clutter Set #2		15		007DBEB7	score_s21_camp_floordecor_bottleclutter02_l.webp	S21 taken from the in-game screenshots (season_ticket_costs.tsv), not the wiki
21	11	90	5	Isotype Isaac Player Icon		10		0081EDF6	atx_playericon_s21_isotypeisaac.webp	S21 taken from the in-game screenshots (season_ticket_costs.tsv), not the wiki
21	11	90	6	Framed Gone Fission Wall Art		25		0080F9B3	score_s21_camp_walldecor_endofseasonart_l.webp	S21 taken from the in-game screenshots (season_ticket_costs.tsv), not the wiki
21	11	90	7	Isotype Isaac Framed Vinyl Cover		15	TRUE	007FDEBA	score_s21_camp_walldecor_framedvinylcover04_l.webp	S21 taken from the in-game screenshots (season_ticket_costs.tsv), not the wiki
21	11	90	8	Seaweed Scrapbox		0	TRUE	007AE106	score_s21_camp_scrapbox_seaweed_l.webp	S21 taken from the in-game screenshots (season_ticket_costs.tsv), not the wiki
21	B1	100	1	Houseboat		200		007EEC00		S21 taken from the in-game screenshots (season_ticket_costs.tsv), not the wiki
21	B1	100	2	Bottled Octopus		115		0081FBEA	score_s21_camp_floordecor_octopusinabottle_l.webp	S21 taken from the in-game screenshots (season_ticket_costs.tsv), not the wiki
21	B1	100	3	Oxygen Tank Backpack		125		007DC656	score_s21_skin_backpack_oxygentank_l.webp	S21 taken from the in-game screenshots (season_ticket_costs.tsv), not the wiki
21	B1	100	4	Fishing Rod Nuka Bobber Mod		80		00808434	score_s21_weapons_fishing_mod_fishingrod_weapon_rodbobber_nukabobber_l.webp	S21 taken from the in-game screenshots (season_ticket_costs.tsv), not the wiki
21	B1	100	5	Spitfire Paint (Auto Grenade Launcher)		130		007F625A	score_s21_skin_weaponskin_autogrenadelauncher_spitfire_l.webp	S21 taken from the in-game screenshots (season_ticket_costs.tsv), not the wiki
21	B1	100	6	Fish Head Fishing Rod Display		130		007F2335	score_s21_camp_display_weaponrack_fishheadfishingroddisplay.webp	S21 taken from the in-game screenshots (season_ticket_costs.tsv), not the wiki
21	B1	100	7	Blood Letter Kit Set		160		0080068B	score_s21_camp_walldecor_letterkit_blood_l.webp	S21 taken from the in-game screenshots (season_ticket_costs.tsv), not the wiki
21	B1	100	8	Fish of Appalachia: Ash Heap Poster		100		0080F85B	score_s21_camp_walldecor_appalachiafishposters_02_l.webp	S21 taken from the in-game screenshots (season_ticket_costs.tsv), not the wiki
21	B1	100	9	Gone Fission Player Icon		60		0081EDED	atx_playericon_s21_gonefission.webp	S21 taken from the in-game screenshots (season_ticket_costs.tsv), not the wiki
21	B1	100	10	Sea Serpent Statue		150		007DC629	score_s21_camp_floordecor_seaserpentstatue_l.webp	S21 taken from the in-game screenshots (season_ticket_costs.tsv), not the wiki
21	B2	150	1	Repair Kit		75		0041ADED	Atx utility repairkit basic l.webp	S21 taken from the in-game screenshots (season_ticket_costs.tsv), not the wiki
21	B2	150	2	Atoms	100	250			Score currency atoms l.webp	S21 taken from the in-game screenshots (season_ticket_costs.tsv), not the wiki
21	B2	150	3	Caps	5000	75		005AD5B3	Score currency caps l.webp	S21 taken from the in-game screenshots (season_ticket_costs.tsv), not the wiki
21	B2	150	4	Superb Bait	5	75		00811379	Score utility superbbait l.webp	S21 taken from the in-game screenshots (season_ticket_costs.tsv), not the wiki
21	B2	150	5	Perk Coin	25	75		005EE7F0	Score currency perkcoin l.webp	S21 taken from the in-game screenshots (season_ticket_costs.tsv), not the wiki
21	B2	150	6	Gold Bullion	100	75		005AD5B2	Score currency bullion l.webp	S21 taken from the in-game screenshots (season_ticket_costs.tsv), not the wiki
21	B2	150	7	Lunchbox	5	75		005AD5B0	Atx store lunchbox001 l.webp	S21 taken from the in-game screenshots (season_ticket_costs.tsv), not the wiki
21	B2	150	8	Legendary Module	10	75		005EE7EF	Score game legendarymodule l.webp	S21 taken from the in-game screenshots (season_ticket_costs.tsv), not the wiki
21	B2	150	9	Nuclear Keycard	5	75		005DC2BF	Atx playericon object 09 l.webp	S21 taken from the in-game screenshots (season_ticket_costs.tsv), not the wiki
21	B2	150	10	Scout's Banner	5	75		0067A855	SCORE COEN Utility Banner L.webp	S21 taken from the in-game screenshots (season_ticket_costs.tsv), not the wiki
22	1	0	1	Nuka-Grape Bottle Opener Backpack Flair		15	TRUE	008451E5	score_s22_skin_backpack_nukacolagrapebottleopener_flair_l.webp	
22	1	0	2	Nuka-Cola Bowling Ball Rack Display Case		35		0082E195	score_s22_camp_displaycase_bowlingballrack_nukacola_l.webp	
22	1	0	3	Nuka-Cola Jukebox		45	TRUE	0083921E	score_s22_camp_furniture_jukebox_nukacolajuke_l.webp	
22	1	0	4	5% S.C.O.R.E. Boost		0	TRUE	0079C881	score_account_scoreboost_l.webp	
22	1	0	5	Atoms	200	25			Score currency atoms l.webp	
22	1	0	6	Re-Roller	5	20		0068D465	SCORE Utility Reroller L.webp	
22	1	0	7	Nuka-Cola Bowling Ball		20		0082E197	score_s22_camp_floordecor_bowlingball_nukacola_l.webp	
22	1	0	8	Mystery Bobblehead	3	15		0072D4FD	SCORE Utility MysteryBobblehead L.webp	
22	2	6	1	Mr. Cran Player Icon		15		0084BC97	atx_playericon_s22_mrfuzzy_nukacolacranberry.webp	
22	2	6	2	Nuka-Cola Cranberry Mr. Fuzzy Poster		0		00849295	score_s22_camp_walldecor_cranfuzzyposter_l.webp	
22	2	6	3	Mr.Cran Plushie		30		0082E19C	score_s22_camp_floordecor_plushie_mrfuzzy_nukacola_cranberry_l.webp	
22	2	6	4	"""Reader"" Player Title Suffix"		20		008494A9	score_s22_playertitles_suffix_reader.webp	
22	2	6	5	Atoms	200	15	TRUE		Score currency atoms l.webp	
22	2	6	6	Lunchboxes	3	15		005AD5B0	Atx store lunchbox001 l.webp	corrected from the in-game screenshot: qty 5 -> 3
22	2	6	7	Nuka-Cola Foosball Table		45	TRUE	0082F819	score_s22_furniture_foosballtable_nukacola_l.webp	
22	2	6	8	Nuclear Keycard	5	10		005DC2BF	Atx playericon object 09 l.webp	
22	3	12	1	Circle G Bowling Ball		20	TRUE	0082E196	score_s22_camp_floordecor_bowlingball_circleg_l.webp	
22	3	12	2	Circle G Ammo Stash Box		0	TRUE	0082E17F	score_s22_camp_stashbox_circleg_l.webp	
22	3	12	3	H&H Bowling Ball		25		0082E17D	score_s22_camp_floordecor_bowlingball_h&h_l.webp	
22	3	12	4	Circle G Backpack Flair		15		0082E181	score_s22_skin_backpack_circleg_flair_l.webp	
22	3	12	5	H&H Tools Stash Box		45		0082E180	score_s22_camp_stashbox_h&htools_l.webp	
22	3	12	6	Superb Bait	5	25	TRUE	00811379	Score utility superbbait l.webp	
22	3	12	7	Carry Weight Booster	5	20		005FD9AC	Score utility carryweight l.webp	
22	4	18	1	Cosmic Knife Photomode Frame		15		0084B898	score_s22_photomode_frame_knifeframe_l.webp	
22	4	18	2	Saturnite Bowling Ball		0		0082E161	score_s22_camp_floordecor_bowlingball_saturnite_l.webp	
22	4	18	3	Cosmic Knife		50		00832CAA	score_s22_weapons_cosmicknife_l.webp	
22	4	18	4	Cosmic Knife Chef Player Icon		10	TRUE	0084BC99	atx_playericon_s22_cosmicknife_mascot.webp	
22	4	18	5	Beheaded Chicken Player Icon		15		0084BC98	atx_playericon_s22_beheadedchicken.webp	
22	4	18	6	"""Saturnite"" Player Title Prefix"		10	TRUE	008494A3	score_s22_playertitles_prefix_saturnite.webp	
22	4	18	7	Cosmic Knife Advertisements		25	TRUE	00848EC7	score_s22_camp_decor_cosmicknifead_l.webp	
22	4	18	8	Atoms	200	25			Score currency atoms l.webp	
22	5	26	1	Mothman Bowling Ball		25		0082F81E	score_s22_camp_floordecor_bowlingballmothman_l.webp	
22	5	26	2	Mothman Museum Sign		25	TRUE	0082E159	score_s22_camp_walldecor_mothmanmuseumsign_l.webp	
22	5	26	3	Mothman Museum Backpack Flair		15	TRUE	00833847	score_s22_skin_backpackflair_mothmanlogo_l.webp	
22	5	26	4	Miniature Mothman Statue		20		008335DC	score_s22_camp_floordecor_statue_miniature_mothman_l.webp	
22	5	26	5	"""Well-Read"" Player Title Prefix"		15		008494A6	score_s22_playertitles_prefix_well-read.webp	
22	5	26	6	Mothman Museum Rug		35		0082F81F	score_s22_camp_floordecor_rug_mothmanmuseum_l.webp	
22	5	26	7	Atoms	200	20	TRUE		Score currency atoms l.webp	
22	5	26	8	SCORE Booster	3	25		0069F2C6	SCORE_Utility_ScoreBooster_L.webp	
22	5	26	9	Superb Bait	5	20		00811379	Score utility superbbait l.webp	
22	5	26	10	Mothman Museum T-shirt & Jeans Outfit		0	TRUE	0082E15C	score_s22_apparel_outfit_mothmanmuseum_tshirtjeans_l.webp	
22	6	32	1	Caps	5000	10	TRUE	005AD5B3	Score currency caps l.webp	
22	6	32	2	Ragdoll Cat		40		0083646C	score_s22_camp_camppets_cat_vaulttec_ragdoll_l.webp	
22	6	32	3	10% S.C.O.R.E. Boost		0	TRUE	0079C882	score_account_scoreboost_l.webp	
22	6	32	4	Soup Chef Player Icon		10		0084BCA2	atx_playericon_s22_chef.webp	
22	6	32	5	Atoms	200	30			Score currency atoms l.webp	
22	6	32	6	Stamps	10	10	TRUE	0066EFB4	SCORE Currency Stamps.webp	
22	6	32	7	Sable Shepherd		40		008335DA	score_s22_camp_camppets_dog_sablegermanshepherd_l.webp	
22	6	32	8	Nuclear Keycard	5	10		005DC2BF	Atx playericon object 09 l.webp	
22	7	38	1	Queen Corn Player Icon		15		0084BC96	atx_playericon_s22_queencorn.webp	
22	7	38	2	Vault-Tec Firework Launcher		40	TRUE	0083000B	score_s22_camp_decor_vaultteckit_fireworklauncher_l.webp	
22	7	38	3	Doctor Bag Aid Box		0	TRUE	0083DB4B	score_s22_f1_camp_aidbox_doctorbag_l.webp	
22	7	38	4	"""Homecooked"" Player Title Prefix"		15		008494A5	score_s22_playertitles_prefix_homecooked.webp	
22	7	38	5	SoulSoup Server		50		008308D3	score_s22_camp_collector_soulsoupserver_l.webp	
22	7	38	6	Atoms	200	20	TRUE		Score currency atoms l.webp	
22	7	38	7	Scout's Banner	5	10		0067A855	SCORE COEN Utility Banner L.webp	
22	8	46	1	Chryslus Motors Bowling Ball		15	TRUE	0083001C	score_s22_camp_floordecor_bowlingball_chryslusbowling_l.webp	
22	8	46	2	Chryslus Motors Mechanical Derby Game		40		008308E8	score_s22_camp_furniture_chrysluscarracinggame_l.webp	
22	8	46	3	Cherry Bomb Tinker's Workbench		50	TRUE	00834D45	score_s22_camp_machinery_workbench_tinker_hotrodbench_l.webp	
22	8	46	4	Racecar Driver Player Icon		15		0084BC9D	atx_playericon_s22_racecardriver.webp	
22	8	46	5	Atoms	200	25			Score currency atoms l.webp	
22	8	46	6	Mystery Magazine Package	3	15	TRUE	0075887C	Score utility magazinebookbox l.webp	
22	8	46	7	Chryslus Motors Company Neon Sign		25		00830008	score_s22_camp_lights_wall_neonchryslusmotorscompanysign_l.webp	
22	8	46	8	Caps	5000	15		005AD5B3	Score currency caps l.webp	
22	9	51	1	Abraxo Player Icon		15		0084BC9B	atx_playericon_s22_abraxo.webp	
22	9	51	2	Abraxo Neon Sign		25		0082E15B	score_s22_camp_lights_wall_abraxosign_l.webp	
22	9	51	3	Abraxo Jumpsuit		30		00830009	score_s22_apparel_outfit_jumpsuit_abraxo_l.webp	
22	9	51	4	Modern Living Photomode Frame		10		0084B897	score_s22_photomode_frame_magazineframe_l.webp	
22	9	51	5	10% S.C.O.R.E. Boost		0	TRUE	0079C883	score_account_scoreboost_l.webp	
22	9	51	6	"""Squeaky-Clean"" Player Title Prefix"		10		008494A4	score_s22_playertitles_prefix_squeaky-clean.webp	
22	9	51	7	Abraxo Store Display		20	TRUE	008308DC	score_s22_camp_floordecor_abraxostoredisplay_l.webp	
22	9	51	8	Atoms	200	15	TRUE		Score currency atoms l.webp	
22	10	59	1	"""Deputy"" Player Title Suffix"		15	TRUE	008494A8	score_s22_playertitles_suffix_deputy.webp	
22	10	59	2	Sunset Sarsaparilla Deputy Player Icon		20		00833844	Atx playericon s22 sunsetsarsaparilla deputy.webp	
22	10	59	3	Re-Roller	5	25		0068D465	SCORE Utility Reroller L.webp	
22	10	59	4	Sunset Sarsaparilla Girl Player Icon		0		0084BC9F	atx_playericon_s22_sunsetsarsaparilla_girl.webp	
22	10	59	5	Atoms	200	30			Score currency atoms l.webp	
22	10	59	6	Mystery Magazine Package	3	20		0075887C	Score utility magazinebookbox l.webp	
22	10	59	7	Perk Coins	50	30	TRUE	005EE7F0	Score currency perkcoin l.webp	corrected from the in-game screenshot: qty 25 -> 50
22	10	59	8	Lunchboxes	3	20		005AD5B0	Atx store lunchbox001 l.webp	corrected from the in-game screenshot: qty 5 -> 3
22	10	59	9	Stamps	10	20		0066EFB4	SCORE Currency Stamps.webp	
22	10	59	10	Sunset Sarsaparilla Bowling Ball		20	TRUE	0083000F	score_s22_camp_floordecor_bowlingball_sunsetsarsaparilla_l.webp	
22	11	67	1	Garrahan Lunch Pail		20		0082EF13	Score s22 skin lootbag garrahanlunchpail l.webp	
22	11	67	2	Garrahan Company Extractor		40	TRUE	00839573	score_s22_camp_machinery_resource_extractor_garrahancompanyext_l.webp	
22	11	67	3	Garrahan Mineral Extractor Power Armor Paint		75		00839875	score_s22_skin_powerarmor_model_garrahanminingco_l.webp	
22	11	67	4	Garrahan Bowling Ball		20		0082E60E	score_s22_camp_floordecor_bowlingball_garrahan_l.webp	
22	11	67	5	Garrahan Mining Player Icon		15		0084BC9C	atx_playericon_s22_garrahanmining_logo.webp	
22	11	67	6	Steel Ingot Pile		15	TRUE	0082EE1D	score_s22_camp_floordecor_steelingotpile_l.webp	
22	11	67	7	Garrahan Lunch Pail Loot Bag		0	TRUE	0082F71C	score_s22_skin_lootbag_garrahanlunchpail_l.webp	
22	11	67	8	Atoms	200	15	TRUE		Score currency atoms l.webp	
22	12	75	1	Pink Modern Home Stove Cooking Station		40	TRUE	0082F825	score_s22_camp_machinery_workbench_cooking_millerstove_l.webp	unlock rank 75 per nuxgameguides (the fandom wiki's 84 is a typo; every other S22 page rank matches between the two)
22	12	75	2	Superb Bait	5	0	TRUE	00811379	Score utility superbbait l.webp	unlock rank 75 per nuxgameguides (the fandom wiki's 84 is a typo; every other S22 page rank matches between the two)
22	12	75	3	Re-Roller	5	20	TRUE	0068D465	SCORE Utility Reroller L.webp	unlock rank 75 per nuxgameguides (the fandom wiki's 84 is a typo; every other S22 page rank matches between the two)
22	12	75	4	Legendary Modules	10	10		005EE7EF	Score game legendarymodule l.webp	unlock rank 75 per nuxgameguides (the fandom wiki's 84 is a typo; every other S22 page rank matches between the two)
22	12	75	5	Pink Modern Home Kitchen Set		60		0082E5FD	score_s22_camp_furniture_kitchenset_modularkitchensetpink_l.webp	unlock rank 75 per nuxgameguides (the fandom wiki's 84 is a typo; every other S22 page rank matches between the two)
22	12	75	6	Pink Modern Home Refrigerator		45		0082F826	score_s22_camp_utility_refrigerator_millersfridge_l.webp	unlock rank 75 per nuxgameguides (the fandom wiki's 84 is a typo; every other S22 page rank matches between the two)
22	13	80	1	Nuka-Cola Quantum Pip-Boy Paint		35	TRUE	0082E19D	score_s22_skin_pipboyskin_nukacolaquantum_l.webp	
22	13	80	2	Nuka-Cola Logo Player Icon		10	TRUE	0084BC9A	atx_playericon_s22_nukacola_logo.webp	
22	13	80	3	Sugar-Free Nukashine	3	15		005FD9A8	Nukashine Bundle Icon.png	qty not on the wiki; 3 per the S21 screenshots
22	13	80	4	Mystery Bobblehead	3	0		0072D4FD	SCORE Utility MysteryBobblehead L.webp	
22	13	80	5	Nuka-Cola Jetpack		50		0083921B	score_s22_skin_armorskin_jetpack_nukacolajp_l.webp	
22	13	80	6	Nuka-Cola Tiles Floor and Foundations		40		00836463	score_s22_camp_floor_nukacolatiled_l.webp	
22	14	84	1	Sunset Sarsaparilla Vending Machine		50		00832CAB	score_s22_utility_sarsaparillamachine_l.webp	
22	14	84	2	Stabbed Weaponry - Pickaxe Set		20		0082E60F	score_s22_camp_stabbedweaponrypickaxes_l.webp	
22	14	84	3	Sunset Sarsaparilla Boy Player Icon		10	TRUE	0084BC9E	atx_playericon_s22_sunsetsarsaparilla_boy.webp	
22	14	84	4	Caps	5000	20		005AD5B3	Score currency caps l.webp	
22	14	84	5	Sunset Sarsaparilla Poster		0	TRUE	0083000A	score_s22_camp_walldecor_sunsetsarsaparillaposter_01_l.webp	
22	15	92	1	Patio Fireplace		25	TRUE	0083947B	score_s22_camp_lights_patiofireplace_l.webp	
22	15	92	2	Appalachian Modern Living Corkboard		0		00849296	score_s22_camp_walldecor_endofseasonart_l.webp	
22	15	92	3	Whitespring Robo Butler Collectron Station		60		00836464	score_s22_camp_utility_collectron_robobutler_l.webp	
22	15	92	4	"""Renovator"" Player Title Suffix"		15		008494A7	score_s22_playertitles_suffix_renovator.webp	
22	15	92	5	SCORE Booster	3	25	TRUE	0069F2C6	SCORE_Utility_ScoreBooster_L.webp	
22	15	92	6	Modern Kettle Stein		25		0082E17E	score_s22_camp_floordecor_stein_magazine_l.webp	
22	15	92	7	Spice Rack		35	TRUE	00848141	score_s22_camp_collector_spicerack.webp	
22	15	92	8	Lunchboxes	3	15		005AD5B0	Atx store lunchbox001 l.webp	corrected from the in-game screenshot: qty 5 -> 3
22	B1	100	1	TV Glasses		175		00834D46	score_s22_apparel_headwear_tvglasses_l.webp	
22	B1	100	2	Mushroom Scratching Post		130		0082EF12	score_s22_camp_camppets_idlefurniture_mushroomsscratchingpost_l.webp	
22	B1	100	3	Mistress of Mysteries Painting		140		0082E15A	score_s22_camp_walldecor_painting_mistressofmysteries_l.webp	
22	B1	100	4	Sunset Sarsaparilla Player Icon		75		0084BCA0	atx_playericon_s22_sunsetsarsaparilla_logo.webp	
22	B1	100	5	Nuka-Cola Orange Bottle Opener Backpack Flair		75		0082E182	score_s22_skin_backpack_nukacolaorangebottleopener_flair_l.webp	
22	B1	100	6	Saturnite Fist Paint		160		0082E15F	score_s22_skin_weaponskin_powerfist_saturnite_l.webp	
22	B1	100	7	"""Housewife"" ""Househusband"" Player Title Suffix"		75		008494AA	score_s22_playertitles_suffix_housewife_househusband.webp	
22	B1	100	8	Hubris Comics Bowling Ball		80		0082E162	score_s22_camp_floordecor_bowlingball_hubriscomics_l.webp	
22	B1	100	9	Fishing Rod Eye of Ra Bobber Mod		90		0082E160	score_s22_weapons_fishing_mod_fishingrod_weapon_rodbobber_eyeofra_l.webp	
22	B1	100	10	Destroyed House of Tomorrow C.A.M.P. Kit		250		0083195F	score_s22_camp_kit_prefabhomekit_derelict_l.webp	
22	B2	150	1	Basic Repair Kit	5	75		0041ADED	Atx utility repairkit basic l.webp	
22	B2	150	2	Atoms	100	250			Score currency atoms l.webp	
22	B2	150	3	Superb Bait	5	75		00811379	Score utility superbbait l.webp	
22	B2	150	4	Caps	5000	75		005AD5B3	Score currency caps l.webp	
22	B2	150	5	Perk Coins	25	75		005EE7F0	Score currency perkcoin l.webp	
22	B2	150	6	Lunchboxes	5	75		005AD5B0	Atx store lunchbox001 l.webp	
22	B2	150	7	Legendary Modules	10	75		005EE7EF	Score game legendarymodule l.webp	
22	B2	150	8	Gold Bullion	100	75		005AD5B2	Score currency bullion l.webp	
22	B2	150	9	Nuclear Keycard	5	75		005DC2BF	Atx playericon object 09 l.webp	
22	B2	150	10	Scout's Banner	5	75		0067A855	SCORE COEN Utility Banner L.webp	
23	1	0	1	Raider Metal Braziers		25		0084A4B7	score_s23_camp_floordecor_raiderbrazier_l.webp	
23	1	0	2	5% S.C.O.R.E. Boost		0	TRUE	0079C885	score_account_scoreboost_l.webp	corrected from the in-game screenshot: isFirst - -> TRUE
23	1	0	3	Stabbed Weaponry - Sickle		20		00853929	score_s23_camp_stabbedweaponry_sickle_l.webp	
23	1	0	4	"""Crushing"" Player Title Prefix"		15		0086803A	score_s23_playertitles_prefix_crushing.webp	
23	1	0	5	Stamps	10	10	TRUE	0066EFB4	SCORE Currency Stamps.webp	
23	1	0	6	Vault-Tec Cowboy Hat		20	TRUE	0085B69E	score_s23_apparel_headwear_cowboy_vaultteccbhat_l.webp	
23	1	0	7	Re-Roller	5	15		0068D465	SCORE Utility Reroller L.webp	
23	1	0	8	Radhog Player Icon		15		0086A88F	atx_playericon_s23_radhog.webp	
23	1	0	9	Atoms	200	20			Score currency atoms l.webp	
23	1	0	10	Vault-Tec Cowboy Outfit		35		0085B69F	score_s23_apparel_outfit_cowboy_vaultteccb_l.webp	
23	2	7	1	Scorched Deterrents		0		0085B80E	score_s23_camp_floordecor_scorcheddeterrent_l.webp	
23	2	7	2	Fish of Appalachia: Burning Springs Poster		20	TRUE	0085B2E3	score_s23_camp_walldecor_appalachiafishposters_burnfish_l.webp	
23	2	7	3	Stabbed Weaponry - Meat Cleaver		20		0085392B	score_s23_camp_stabbedweaponry_meatcleaver_l.webp	
23	2	7	4	Bathroom Scale Pressure Plate		25		0085B80F	score_s23_camp_machinery_pressureplate_bathroomscale_l.webp	
23	2	7	5	"""Gourmand"" Player Title Suffix"		10	TRUE	00868039	score_s23_playertitles_suffix_gourmand.webp	
23	2	7	6	Skull Desk Lamp		25		00852E72	score_s23_camp_lights_skulldesklamp_l.webp	
23	2	7	7	Mystery Magazine Package	3	10	TRUE	0075887C	Score utility magazinebookbox l.webp	
23	2	7	8	Withered Radeye Player Icon		15		0086A888	atx_playericon_s23_witheredradeyefish.webp	
23	2	7	9	Atoms	200	15	TRUE		Score currency atoms l.webp	
23	2	7	10	Unfortunate End: Bathtub Blunder		35		0084B0B8	score_s23_camp_floordecor_bodyinbathtub_l.webp	
23	3	15	1	Dino Golf Fence Set		30		008624AB	score_s23_camp_defense_fence_dinogolffence_l.webp	
23	3	15	2	Dino Golf Info Board		30		008624B1	score_s23_camp_walldecor_dinoinfoboard_l.webp	
23	3	15	3	Putter Collect Dino Golf Cutout		20	TRUE	008624AF	score_s23_camp_floordecor_dinogolfcutout_l.webp	
23	3	15	4	"""Slashing"" Player Title Prefix"		15	TRUE	00868035	score_s23_playertitles_prefix_slashing.webp	
23	3	15	5	Lunchboxes	5	15		005AD5B0	Atx store lunchbox001 l.webp	
23	3	15	6	Dino Golf Diner Sign		0		008624B2	score_s23_camp_walldecor_dinogolfdinersign_l.webp	
23	3	15	7	Scout's Banner	5	15		0067A855	SCORE COEN Utility Banner L.webp	
23	3	15	8	Blood x Rust Player Icon		10	TRUE	0086A88C	atx_playericon_s23_bloodxrustlogo.webp	
23	3	15	9	Atoms	200	25			Score currency atoms l.webp	
23	3	15	10	Ace the Tee Rex Shirt		40	TRUE	008624A9	score_s23_apparel_outfit_dinothemetshirt01_l.webp	
23	4	24	1	Fire Pillar Pyrotechnic Kit		30	TRUE	0085B1D8	score_s23_camp_decor_pyrotechnickit_firepillar_l.webp	
23	4	24	2	10% S.C.O.R.E. Boost		0	TRUE	0079C887	score_account_scoreboost_l.webp	
23	4	24	3	Bone Fence Set		20		0084B132	score_s23_camp_defense_bonefence_l.webp	
23	4	24	4	Stabbed Weaponry - Meat Hook		20		0085392A	score_s23_camp_stabbedweaponry_meathook_l.webp	
23	4	24	5	"""Cutthroat"" Player Title Suffix"		15	TRUE	0086803B	score_s23_playertitles_suffix_cutthroat.webp	
23	4	24	6	Junkie's Backpack		40		0084A363	score_s23_skin_backpack_junkiesbackpack_l.webp	
23	4	24	7	Nuclear Keycard	5	20		005DC2BF	Atx playericon object 09 l.webp	
23	4	24	8	Radscorpion Player Icon		10		0086A889	atx_playericon_s23_radscorpion.webp	
23	4	24	9	Atoms	200	20	TRUE		Score currency atoms l.webp	
23	4	24	10	Taxidermy Radscorpion		50		00856AE5	score_s23_camp_floordecor_taxidermyscorpionstanding_l.webp	
23	5	34	1	Pimp-Boy 2 Billion Paint		40	TRUE	00853B7F	score_s23_skin_pipboyskin_pimpboy_l.webp	
23	5	34	2	Newly Dug Grave Scrap Box		0	TRUE	00852E73	score_s23_camp_scrapbox_freshlyduggrave_l.webp	
23	5	34	3	Reloading Tinker's Workbench		40		0083EAEA	score_s23_camp_machinery_workbench_tinker_munitionsbench_l.webp	
23	5	34	4	Rebar Club (Super Sledge)		30		00853B6D	score_s23_skin_weaponmodel_supersledge_rebarclub_l.webp	
23	5	34	5	Caps	5000	20	TRUE	005AD5B3	Score currency caps l.webp	
23	5	34	6	White Mask		30		0085392E	score_s23_apparel_headwear_whitemask_l.webp	
23	5	34	7	Basic Repair Kit	5	15		0041ADED	Atx utility repairkit basic l.webp	
23	5	34	8	Bounty Hunter Icon		10		0086A88B	atx_playericon_s23_bountyhunter.webp	
23	5	34	9	Atoms	200	20			Score currency atoms l.webp	
23	5	34	10	Checkered Suit Outfit		45		0085B69D	score_s23_apparel_outfit_checkeredsuit_l.webp	
23	6	43	1	Lawn Mower		35		00833845	score_s23_camp_floordecor_lawnmower_l.webp	
23	6	43	2	Scout's Banner	5	15		0067A855	SCORE COEN Utility Banner L.webp	
23	6	43	3	Saw Table		0		0084A361	score_s23_camp_furniture_table_sawtable_l.webp	
23	6	43	4	Stabbed Weaponry - Throwing Knife		15	TRUE	00853928	score_s23_camp_stabbedweaponry_throwingknife_l.webp	
23	6	43	5	Glowing Skull		20	TRUE	0083FE36	score_s23_wall_lights_wallglowingskull_l.webp	
23	6	43	6	Raider Brewing Station		40		0085B810	score_s23_camp_machinery_workbench_brewing_raiderizedbrew_l.webp	
23	6	43	7	"""Skull"" Player Title Prefix"		15		0086803D	score_s23_playertitles_prefix_skull.webp	
23	6	43	8	Skull and Sawblade Player Icon		10		0086A88E	atx_playericon_s23_skullandsawblade.webp	
23	6	43	9	Atoms	200	15	TRUE		Score currency atoms l.webp	
23	6	43	10	Raider Sarsaparilla Vending Machine		60	TRUE	0085AD67	score_s23_utility_sarsaparillaraiderized_l.webp	
23	7	55	1	Raiderized Truck		50	TRUE	00853927		corrected from the in-game screenshot: name Raider Chemistry Workstation -> Raiderized Truck, formId 0085B80B -> 00853927, wikiIcon score_s23_camp_workbench_chemistry_raiderized_l.webp -> -
23	7	55	2	Ghoul Vault Boy Lamp		30		0083EAF5	score_s23_camp_lights_ghoulvaultboylamp_l.webp	
23	7	55	3	10% S.C.O.R.E. Boost		0	TRUE	0079C886	score_account_scoreboost_l.webp	
23	7	55	4	"""Bandit"" Player Title Suffix"		20		00868037	score_s23_playertitles_suffix_bandit.webp	
23	7	55	5	Mystery Bobblehead	3	20		0072D4FD	SCORE Utility MysteryBobblehead L.webp	
23	7	55	6	Raider Fermenter		45		0083EAEC	score_s23_camp_machinery_workbench_raiderfermenter_l.webp	
23	7	55	7	SCORE Booster	3	20	TRUE	0069F2C6	SCORE_Utility_ScoreBooster_L.webp	
23	7	55	8	Perk Coins	25	15	TRUE	005EE7F0	Score currency perkcoin l.webp	
23	7	55	9	Atoms	200	25			Score currency atoms l.webp	corrected from the in-game screenshot: isFirst TRUE -> -
23	7	55	10	Dom Pedro		75		00845124	score_s23_weapons_nitro_l.webp	
23	8	64	1	Raider Wall-Mounted Walkway		50	TRUE	00859B16	score_s23_camp_walldecor_wallwalkwayraid_l.webp	
23	8	64	2	Newly Dug Grave Ammo Box		0	TRUE	00852E74	score_s23_camp_ammobox_freshlyduggrave_l.webp	
23	8	64	3	Rusty Nails Collar (Cat)		20	TRUE	00853B81	score_s23_apparel_camppets_cat_neckwear_collarnailscat_l.webp	
23	8	64	4	Stamps	10	20		0066EFB4	SCORE Currency Stamps.webp	
23	8	64	5	"""Trapper"" Player Title Suffix"		15		00868036	score_s23_playertitles_suffix_trapper.webp	
23	8	64	6	Skeletal Scratching Post		25		00853B8A	score_s23_camp_camppets_idlefurniture_scratchingpost_skeletal_l.webp	
23	8	64	7	Caps	5000	20		005AD5B3	Score currency caps l.webp	
23	8	64	8	Raider With Pistol Player Icon		10		0086A88D	atx_playericon_s23_raiderwithpistol.webp	
23	8	64	9	Atoms	200	20	TRUE		Score currency atoms l.webp	
23	8	64	10	Lykoi Cat		45		00853B80	score_s23_camp_camppets_lykoi_l.webp	
23	9	72	1	Dino Bins		0		008624AD	score_s23_camp_floordecor_dinobin_full.webp	
23	9	72	2	Chem Mystery Machine		50		00853D3C	score_s23_utility_chemmysterymachine_l.webp	
23	9	72	3	Dino Peaks Photo Board Cutout		20	TRUE	008624B0	score_s23_camp_floordecor_dinogolfphotoboard_l.webp	
23	9	72	4	Ghoul Vault Girl Lamp		30		0083EAF6	score_s23_camp_lights_ghoulvaultgirllamp_l.webp	
23	9	72	5	Dom Pedro Grip Mods		20		0086902C	score_s23_weapons_nitro_grip_mods_l.webp	
23	9	72	6	Dino Peak Bogey Shirt		30	TRUE	008624AA	score_s23_apparel_outfit_dinothemetshirt02_l.webp	
23	9	72	7	Atoms	200	25			Score currency atoms l.webp	
23	9	72	8	Dino Peaks Entrance Sign		25	TRUE	008624AE		missing from the wiki; added from the in-game screenshot
23	10	82	1	Stay Away Stash Box		0	TRUE	0083EAEF	score_s23_camp_stashbox_stayaway_l.webp	
23	10	82	2	Crashed Cargo Bot		40	TRUE	0085D825	score_s23_camp_collector_crashedcargobot_l.webp	
23	10	82	3	Raider Tavern		60		0085B3DD	score_s23_camp_structure_raidertavern_l.webp	
23	10	82	4	Pike Set		30		0084A534	score_s23_camp_floordecor_pikeset_l.webp	
23	10	82	5	Dino Golf Volcano		35		008624B3	score_s23_camp_structure_volcano_l.webp	
23	10	82	6	"""Fiendish"" Player Title Prefix"		15		0086803E	score_s23_playertitles_prefix_fiendish.webp	
23	10	82	7	Raider Chemistry Workstation		45		0085B80B	score_s23_camp_workbench_chemistry_raiderized_l.webp	
23	10	82	8	Dom Pedro Receiver Mods		25		00869029	Score s23 weapons nitro grip mods l.webp	
23	11	92	1	Framed Blood x Rust Wall Art		20		00864CD5	score_s23_camp_walldecor_endofseasonart_l.webp	
23	11	92	2	Radhog Stein		20		0085392D	score_s23_camp_floordecor_stein_radhog_l.webp	
23	11	92	3	Newly Dug Grave Aid Box		0	TRUE	00852E71	score_s23_camp_aidbox_freshlyduggrave_l.webp	
23	11	92	4	"""Diehard"" Player Title Suffix"		15		0086803C	score_s23_playertitles_suffix_diehard.webp	
23	11	92	5	Dom Pedro Magazine Mods		25		00869028	Score s23 weapons nitro grip mods l.webp	
23	11	92	6	Scrap Metal Porch Kit		40	TRUE	0085B6A2	score_s23_camp_kit_scrapmetalporch_l.webp	
23	11	92	7	Atoms	200	20	TRUE		Score currency atoms l.webp	
23	11	92	8	Vault-Tec Modular Sofa Set		35		0083000E	score_s23_camp_furniture_couch_modularsofaset_vaulttec_l.webp	
23	11	92	9	Re-Roller	5	15		0068D465	SCORE Utility Reroller L.webp	
23	11	92	10	Edison Power Armor Paint		60		0085A89C	score_s23_skin_powerarmor_model_edison_l.webp	
23	B1	100	1	Cobby Collectron Station		200		0085CE4D	score_s23_camp_utility_collectron_cornbot_l.webp	
23	B1	100	2	Stabbed Weaponry - Grognak Axe		100		0085392C	score_s23_camp_stabbedweaponry_grognakaxe_l.webp	
23	B1	100	3	Empty Dino Bins		80		008624AC	score_s23_camp_floordecor_dinobin_empty_l.webp	
23	B1	100	4	"""Raiding"" Player Title Prefix"		75		00868038	score_s23_playertitles_prefix_raiding.webp	
23	B1	100	5	Rusty Nails Collar (Dog)		60		00853B82	score_s23_apparel_camppets_dog_neckwear_collarnailsdog_l.webp	
23	B1	100	6	Sunset Sarsaparilla Floating Crate Platform		150		0085A8F5	score_s23_camp_floordecor_crateplatform_l.webp	
23	B1	100	7	Raider Fish Trap		160		00864524	score_s23_camp_collector_raidfishtrap_l.webp	
23	B1	100	8	Dom Pedro Explosive Mods		100		0086902B	Score s23 weapons nitro grip mods l.webp	
23	B1	100	9	Rust Kingdom Player Icon		75		0086A886	atx_playericon_s23_rustkingdomfaction.webp	
23	B1	100	10	Scrap Metal Kit		250		00855383	score_s23_camp_kit_scrapmetal_l.webp	
23	B2	150	1	Scout's Banner	5	75		0067A855	SCORE COEN Utility Banner L.webp	
23	B2	150	2	Atoms	100	250			Score currency atoms l.webp	
23	B2	150	3	Superb Bait	5	75		00811379	Score utility superbbait l.webp	
23	B2	150	4	Caps	5000	75		005AD5B3	Score currency caps l.webp	
23	B2	150	5	Perk Coins	25	75		005EE7F0	Score currency perkcoin l.webp	
23	B2	150	6	Stamps	10	75		0066EFB4	SCORE Currency Stamps.webp	
23	B2	150	7	Carry Weight Booster	5	75		005FD9AC	Score utility carryweight l.webp	
23	B2	150	8	Gold Bullion	100	75		005AD5B2	Score currency bullion l.webp	
23	B2	150	9	Nuclear Keycard	5	75		005DC2BF	Atx playericon object 09 l.webp	
23	B2	150	10	Lunchboxes	5	75		005AD5B0	Atx store lunchbox001 l.webp	
