QuestFormID	QuestEDID	AllyGuess	TopicOrder	TopicFormID	TopicEDID	TopicPrompt	TopicSubtype	TopicCategory	TopicPriority	TopicFlags	Branch	InfoCount	LineCount
0054EB3E	COMP_Quest_Camp_Full_Astronaut	Astronaut	0	0054EB44			Greeting	Miscellaneous	50.000000			161	272
0054EB3E	COMP_Quest_Camp_Full_Astronaut	Astronaut	1	00553B0B	COMP_Astronaut_Camp_PlayerResponse	What am I looking for, exactly?	Custom@1313162067	Scene	50.000000			16	48
0054EB3E	COMP_Quest_Camp_Full_Astronaut	Astronaut	2	00553B0C			Custom@1313162067	Scene	50.000000			0	0
0054EB3E	COMP_Quest_Camp_Full_Astronaut	Astronaut	3	0055546C			Shared Info	Miscellaneous	50.000000			122	136
0054EB3E	COMP_Quest_Camp_Full_Astronaut	Astronaut	4	0055546D			Custom@1313162067	Scene	50.000000			24	56
0054EB3E	COMP_Quest_Camp_Full_Astronaut	Astronaut	5	0055F85E			Hello	Miscellaneous	60.000000			65	102
0054EB3E	COMP_Quest_Camp_Full_Astronaut	Astronaut	6	0055F85F			Idle	Miscellaneous	50.000000			69	127
0054EB3E	COMP_Quest_Camp_Full_Astronaut	Astronaut	7	00564476	Choice-06_Bye	I'll be back later, Commander.	Custom@1313162067	Scene	50.000000			14	42
0054EB3E	COMP_Quest_Camp_Full_Astronaut	Astronaut	8	00564477	Choice-01_SPECIALs	[SPECIAL] I have something SPECIAL to say.	Custom@1313162067	Scene	50.000000			8	21
0054EB3E	COMP_Quest_Camp_Full_Astronaut	Astronaut	9	00564478	Choice-03_Missions	Let's talk about these missions.	Custom@1313162067	Scene	50.000000			11	33
0054EB3E	COMP_Quest_Camp_Full_Astronaut	Astronaut	10	0056447E		I survived through Strength, Endurance, or Agility.	Custom@1313162067	Scene	50.000000			8	20
0054EB3E	COMP_Quest_Camp_Full_Astronaut	Astronaut	11	0056447F			Custom@1313162067	Scene	50.000000			0	0
0054EB3E	COMP_Quest_Camp_Full_Astronaut	Astronaut	12	00564482			Custom@1313162067	Scene	50.000000			6	8
0054EB3E	COMP_Quest_Camp_Full_Astronaut	Astronaut	13	005644A3			Custom@1313162067	Scene	50.000000			0	0
0054EB3E	COMP_Quest_Camp_Full_Astronaut	Astronaut	14	005644A4			Custom@1313162067	Scene	50.000000			0	0
0054EB3E	COMP_Quest_Camp_Full_Astronaut	Astronaut	15	005644A5			Custom@1313162067	Scene	50.000000			0	0
0054EB3E	COMP_Quest_Camp_Full_Astronaut	Astronaut	16	0056DCB4			Custom@1313162067	Scene	50.000000			1	3
0054EB3E	COMP_Quest_Camp_Full_Astronaut	Astronaut	17	0056F676			Custom@1313162067	Scene	50.000000			1	1
0054EB3E	COMP_Quest_Camp_Full_Astronaut	Astronaut	18	0056F677	Choice-04_Yourself	Let's talk about you, Commander.	Custom@1313162067	Scene	50.000000			10	27
0054EB3E	COMP_Quest_Camp_Full_Astronaut	Astronaut	19	0056F678			Custom@1313162067	Scene	50.000000			0	0
0054EB3E	COMP_Quest_Camp_Full_Astronaut	Astronaut	20	0056F679	Choice-05_World	Let's talk about the world.	Custom@1313162067	Scene	50.000000			2	7
0054EB3E	COMP_Quest_Camp_Full_Astronaut	Astronaut	21	0056F67A			Custom@1313162067	Scene	50.000000			0	0
0054EB3E	COMP_Quest_Camp_Full_Astronaut	Astronaut	22	00573180			Custom@1313162067	Scene	50.000000			1	3
0054EB3E	COMP_Quest_Camp_Full_Astronaut	Astronaut	23	00573181			Custom@1313162067	Scene	50.000000			1	1
0054EB3E	COMP_Quest_Camp_Full_Astronaut	Astronaut	24	00573182			Custom@1313162067	Scene	50.000000			2	5
0054EB3E	COMP_Quest_Camp_Full_Astronaut	Astronaut	25	0057319B			Custom@1313162067	Scene	50.000000			0	0
0054EB3E	COMP_Quest_Camp_Full_Astronaut	Astronaut	26	0057319C			Custom@1313162067	Scene	50.000000			0	0
0054EB3E	COMP_Quest_Camp_Full_Astronaut	Astronaut	27	0058532D	Choice-02_Specifics	I have an extra SPECIAL or unique	Custom@1313162067	Scene	50.000000			8	19
0054EB3E	COMP_Quest_Camp_Full_Astronaut	Astronaut	28	0058532E			Custom@1313162067	Scene	50.000000			0	0
0054EB3E	COMP_Quest_Camp_Full_Astronaut	Astronaut	29	0058532F	Choice01-MoreInfo		Custom@1313162067	Scene	50.000000			6	11
0054EB3E	COMP_Quest_Camp_Full_Astronaut	Astronaut	30	00585330			Custom@1313162067	Scene	50.000000			0	0
0054EB3E	COMP_Quest_Camp_Full_Astronaut	Astronaut	31	00585335			Custom@1313162067	Scene	50.000000			6	9
0054EB3E	COMP_Quest_Camp_Full_Astronaut	Astronaut	32	00585336	Choice03-Decline		Custom@1313162067	Scene	50.000000			7	11
0054EB3E	COMP_Quest_Camp_Full_Astronaut	Astronaut	33	00585337			Custom@1313162067	Scene	50.000000			0	0
0054EB3E	COMP_Quest_Camp_Full_Astronaut	Astronaut	34	00585338	Choice02-Accept		Custom@1313162067	Scene	50.000000			6	10
0054EB3E	COMP_Quest_Camp_Full_Astronaut	Astronaut	35	00585339			Custom@1313162067	Scene	50.000000			0	0
0054EB3E	COMP_Quest_Camp_Full_Astronaut	Astronaut	36	0058533B			Custom@1313162067	Scene	50.000000			6	12
0054EB3E	COMP_Quest_Camp_Full_Astronaut	Astronaut	37	00585676		[Confirm Relationship] We're just friends.	Custom@1313162067	Scene	50.000000			14	21
0054EB3E	COMP_Quest_Camp_Full_Astronaut	Astronaut	38	00585677			Custom@1313162067	Scene	50.000000			0	0
0054EB3E	COMP_Quest_Camp_Full_Astronaut	Astronaut	39	00585678			Custom@1313162067	Scene	50.000000			9	19
0054EB3E	COMP_Quest_Camp_Full_Astronaut	Astronaut	40	00585679			Custom@1313162067	Scene	50.000000			0	0
0054EB3E	COMP_Quest_Camp_Full_Astronaut	Astronaut	41	00589457			Custom@1313162067	Scene	50.000000			1	1
0054EB3E	COMP_Quest_Camp_Full_Astronaut	Astronaut	42	005896DB			Custom@1313162067	Scene	50.000000			1	3
0054EB3E	COMP_Quest_Camp_Full_Astronaut	Astronaut	43	00589E99			Custom@1313162067	Scene	50.000000			1	1
0054EB3E	COMP_Quest_Camp_Full_Astronaut	Astronaut	44	00589E9A			Custom@1313162067	Scene	50.000000			1	2
0054EB3E	COMP_Quest_Camp_Full_Astronaut	Astronaut	45	0058BE8C			Custom@1313162067	Scene	50.000000			1	3
0054EB3E	COMP_Quest_Camp_Full_Astronaut	Astronaut	46	0058BE8D			Custom@1313162067	Scene	50.000000			0	0
0054EB3E	COMP_Quest_Camp_Full_Astronaut	Astronaut	47	0058BE8E			Custom@1313162067	Scene	50.000000			1	3
0054EB3E	COMP_Quest_Camp_Full_Astronaut	Astronaut	48	0058BE8F			Custom@1313162067	Scene	50.000000			0	0
0054EB3E	COMP_Quest_Camp_Full_Astronaut	Astronaut	49	0058BE90			Custom@1313162067	Scene	50.000000			1	1
0054EB3E	COMP_Quest_Camp_Full_Astronaut	Astronaut	50	0058BE91			Custom@1313162067	Scene	50.000000			0	0
0054EB3E	COMP_Quest_Camp_Full_Astronaut	Astronaut	51	0058C8DE			Custom@1313162067	Scene	50.000000			7	11
0054EB3E	COMP_Quest_Camp_Full_Astronaut	Astronaut	52	0058EA08			Custom@1313162067	Scene	50.000000			6	9
0054EB3E	COMP_Quest_Camp_Full_Astronaut	Astronaut	53	0058EA09			Custom@1313162067	Scene	50.000000			0	0
0054EB3E	COMP_Quest_Camp_Full_Astronaut	Astronaut	54	0058EAF9			Custom@1313162067	Scene	50.000000			1	1
0054EB3E	COMP_Quest_Camp_Full_Astronaut	Astronaut	55	0058EAFA			Custom@1313162067	Scene	50.000000			1	1
0054EB3E	COMP_Quest_Camp_Full_Astronaut	Astronaut	56	0058EAFB			Custom@1313162067	Scene	50.000000			1	1
0054EB3E	COMP_Quest_Camp_Full_Astronaut	Astronaut	57	0058EAFC			Custom@1313162067	Scene	50.000000			1	1
0054EB3E	COMP_Quest_Camp_Full_Astronaut	Astronaut	58	0058EAFD			Custom@1313162067	Scene	50.000000			1	1
0054EB3E	COMP_Quest_Camp_Full_Astronaut	Astronaut	59	0058EAFE			Custom@1313162067	Scene	50.000000			1	2
0054EB3E	COMP_Quest_Camp_Full_Astronaut	Astronaut	60	0058EB12			Custom@1313162067	Scene	50.000000			0	0
0054EB3E	COMP_Quest_Camp_Full_Astronaut	Astronaut	61	0058EB13			Custom@1313162067	Scene	50.000000			0	0
0054EB3E	COMP_Quest_Camp_Full_Astronaut	Astronaut	62	0058EB14			Custom@1313162067	Scene	50.000000			0	0
0054EB3E	COMP_Quest_Camp_Full_Astronaut	Astronaut	63	0058EB15			Custom@1313162067	Scene	50.000000			0	0
0054EB3E	COMP_Quest_Camp_Full_Astronaut	Astronaut	64	0058EB16			Custom@1313162067	Scene	50.000000			0	0
0054EB3E	COMP_Quest_Camp_Full_Astronaut	Astronaut	65	0058F22E			Custom@1313162067	Scene	50.000000			1	2
0054EB3E	COMP_Quest_Camp_Full_Astronaut	Astronaut	66	0058F22F			Custom@1313162067	Scene	50.000000			1	2
0054EB3E	COMP_Quest_Camp_Full_Astronaut	Astronaut	67	0058F230			Custom@1313162067	Scene	50.000000			1	1
0054EB3E	COMP_Quest_Camp_Full_Astronaut	Astronaut	68	0058F231			Custom@1313162067	Scene	50.000000			1	1
0054EB3E	COMP_Quest_Camp_Full_Astronaut	Astronaut	69	0058F232			Custom@1313162067	Scene	50.000000			1	1
0054EB3E	COMP_Quest_Camp_Full_Astronaut	Astronaut	70	0058F233			Custom@1313162067	Scene	50.000000			1	1
0054EB3E	COMP_Quest_Camp_Full_Astronaut	Astronaut	71	0058F234			Custom@1313162067	Scene	50.000000			1	1
0054EB3E	COMP_Quest_Camp_Full_Astronaut	Astronaut	72	0058F235			Custom@1313162067	Scene	50.000000			1	1
0054EB3E	COMP_Quest_Camp_Full_Astronaut	Astronaut	73	0058F236			Custom@1313162067	Scene	50.000000			1	1
0054EB3E	COMP_Quest_Camp_Full_Astronaut	Astronaut	74	0058F237			Custom@1313162067	Scene	50.000000			1	1
0054EB3E	COMP_Quest_Camp_Full_Astronaut	Astronaut	75	0058F238			Custom@1313162067	Scene	50.000000			1	1
0054EB3E	COMP_Quest_Camp_Full_Astronaut	Astronaut	76	0058F239			Custom@1313162067	Scene	50.000000			1	1
0054EB3E	COMP_Quest_Camp_Full_Astronaut	Astronaut	77	0058F246			Custom@1313162067	Scene	50.000000			0	0
0054EB3E	COMP_Quest_Camp_Full_Astronaut	Astronaut	78	0058F247			Custom@1313162067	Scene	50.000000			0	0
0054EB3E	COMP_Quest_Camp_Full_Astronaut	Astronaut	79	0058F248			Custom@1313162067	Scene	50.000000			0	0
0054EB3E	COMP_Quest_Camp_Full_Astronaut	Astronaut	80	0058F249			Custom@1313162067	Scene	50.000000			0	0
0054EB3E	COMP_Quest_Camp_Full_Astronaut	Astronaut	81	0058F24A			Custom@1313162067	Scene	50.000000			0	0
0054EB3E	COMP_Quest_Camp_Full_Astronaut	Astronaut	82	0058F24B			Custom@1313162067	Scene	50.000000			0	0
0054EB3E	COMP_Quest_Camp_Full_Astronaut	Astronaut	83	0058F24C			Custom@1313162067	Scene	50.000000			0	0
0054EB3E	COMP_Quest_Camp_Full_Astronaut	Astronaut	84	0058F24D			Custom@1313162067	Scene	50.000000			0	0
0054EB3E	COMP_Quest_Camp_Full_Astronaut	Astronaut	85	0058F24E			Custom@1313162067	Scene	50.000000			0	0
0054EB3E	COMP_Quest_Camp_Full_Astronaut	Astronaut	86	0058F24F			Custom@1313162067	Scene	50.000000			0	0
0054EB3E	COMP_Quest_Camp_Full_Astronaut	Astronaut	87	0058F8CE			Custom@1313162067	Scene	50.000000			0	0
0054EB3E	COMP_Quest_Camp_Full_Astronaut	Astronaut	88	0058F8CF			Custom@1313162067	Scene	50.000000			0	0
0054EB3E	COMP_Quest_Camp_Full_Astronaut	Astronaut	89	0058F8D2			Custom@1313162067	Scene	50.000000			19	31
0054EB3E	COMP_Quest_Camp_Full_Astronaut	Astronaut	90	0058F8D3			Custom@1313162067	Scene	50.000000			7	13
0054EB3E	COMP_Quest_Camp_Full_Astronaut	Astronaut	91	005912FF		Where am I headed?	Custom@1313162067	Scene	50.000000			96	146
0054EB3E	COMP_Quest_Camp_Full_Astronaut	Astronaut	92	00591300			Custom@1313162067	Scene	50.000000			0	0
0054EB3E	COMP_Quest_Camp_Full_Astronaut	Astronaut	93	00591301		Is there anything dangerous nearby that I should know about?	Custom@1313162067	Scene	50.000000			184	278
0054EB3E	COMP_Quest_Camp_Full_Astronaut	Astronaut	94	00591302			Custom@1313162067	Scene	50.000000			0	0
0054EB3E	COMP_Quest_Camp_Full_Astronaut	Astronaut	95	00593179			Custom@1313162067	Scene	50.000000			1	3
0054EB3E	COMP_Quest_Camp_Full_Astronaut	Astronaut	96	0059E157			Custom@1313162067	Scene	50.000000			8	17
0054EB3E	COMP_Quest_Camp_Full_Astronaut	Astronaut	97	0059E158			Custom@1313162067	Scene	50.000000			7	9
0054EB3E	COMP_Quest_Camp_Full_Astronaut	Astronaut	98	0059F964		[Confirm Relationship] We're more than friends.	Custom@1313162067	Scene	50.000000			10	18
0054EB3E	COMP_Quest_Camp_Full_Astronaut	Astronaut	99	0059F965			Custom@1313162067	Scene	50.000000			0	0
0054EB3E	COMP_Quest_Camp_Full_Astronaut	Astronaut	100	0059F966			Custom@1313162067	Scene	50.000000			2	3
0054EB3E	COMP_Quest_Camp_Full_Astronaut	Astronaut	101	0059F967			Custom@1313162067	Scene	50.000000			0	0
0054EB3E	COMP_Quest_Camp_Full_Astronaut	Astronaut	102	0059F968			Custom@1313162067	Scene	50.000000			1	1
0054EB3E	COMP_Quest_Camp_Full_Astronaut	Astronaut	103	0059F969			Custom@1313162067	Scene	50.000000			0	0
0054EB3E	COMP_Quest_Camp_Full_Astronaut	Astronaut	104	0059F96A			Custom@1313162067	Scene	50.000000			1	2
0054EB3E	COMP_Quest_Camp_Full_Astronaut	Astronaut	105	0059F96B			Custom@1313162067	Scene	50.000000			0	0
0054EB3E	COMP_Quest_Camp_Full_Astronaut	Astronaut	106	0059F96C			Custom@1313162067	Scene	50.000000			4	10
0054EB3E	COMP_Quest_Camp_Full_Astronaut	Astronaut	107	0059F96D			Custom@1313162067	Scene	50.000000			0	0
0054EB3E	COMP_Quest_Camp_Full_Astronaut	Astronaut	108	0059F96E		I'll be back later, Sofia.	Custom@1313162067	Scene	50.000000			10	24
0054EB3E	COMP_Quest_Camp_Full_Astronaut	Astronaut	109	0059F96F			Custom@1313162067	Scene	50.000000			0	0
0054EB3E	COMP_Quest_Camp_Full_Astronaut	Astronaut	110	0059F970		I'll be back later, Commander.	Custom@1313162067	Scene	50.000000			8	20
0054EB3E	COMP_Quest_Camp_Full_Astronaut	Astronaut	111	0059F971			Custom@1313162067	Scene	50.000000			0	0
0054EB3E	COMP_Quest_Camp_Full_Astronaut	Astronaut	112	0059F972			Custom@1313162067	Scene	50.000000			3	9
0054EB3E	COMP_Quest_Camp_Full_Astronaut	Astronaut	113	0059F973			Custom@1313162067	Scene	50.000000			0	0
0054EB3E	COMP_Quest_Camp_Full_Astronaut	Astronaut	114	0059F974		I have something else to say, may or may not be SPECIAL.	Custom@1313162067	Scene	50.000000			4	10
0054EB3E	COMP_Quest_Camp_Full_Astronaut	Astronaut	115	0059F975			Custom@1313162067	Scene	50.000000			0	0
0054EB3E	COMP_Quest_Camp_Full_Astronaut	Astronaut	116	0059F976		Let's talk about the world.	Custom@1313162067	Scene	50.000000			11	29
0054EB3E	COMP_Quest_Camp_Full_Astronaut	Astronaut	117	0059F977			Custom@1313162067	Scene	50.000000			0	0
0054EB3E	COMP_Quest_Camp_Full_Astronaut	Astronaut	118	0059F978		Let's talk about the world.	Custom@1313162067	Scene	50.000000			8	18
0054EB3E	COMP_Quest_Camp_Full_Astronaut	Astronaut	119	0059F979			Custom@1313162067	Scene	50.000000			0	0
0054EB3E	COMP_Quest_Camp_Full_Astronaut	Astronaut	120	0059F97A		Let's talk about you, Commander.	Custom@1313162067	Scene	50.000000			19	39
0054EB3E	COMP_Quest_Camp_Full_Astronaut	Astronaut	121	0059F97B			Custom@1313162067	Scene	50.000000			0	0
0054EB3E	COMP_Quest_Camp_Full_Astronaut	Astronaut	122	0059F97C			Custom@1313162067	Scene	50.000000			4	12
0054EB3E	COMP_Quest_Camp_Full_Astronaut	Astronaut	123	0059F97D			Custom@1313162067	Scene	50.000000			0	0
0054EB3E	COMP_Quest_Camp_Full_Astronaut	Astronaut	124	0059F97E		Let's talk about these missions.	Custom@1313162067	Scene	50.000000			10	28
0054EB3E	COMP_Quest_Camp_Full_Astronaut	Astronaut	125	0059F97F			Custom@1313162067	Scene	50.000000			0	0
0054EB3E	COMP_Quest_Camp_Full_Astronaut	Astronaut	126	0059F980		[SPECIAL] I have something SPECIAL to say.	Custom@1313162067	Scene	50.000000			10	28
0054EB3E	COMP_Quest_Camp_Full_Astronaut	Astronaut	127	0059F981			Custom@1313162067	Scene	50.000000			0	0
0054EB3E	COMP_Quest_Camp_Full_Astronaut	Astronaut	128	0059F982		[Flirt] How are we doing, Commander?	Custom@1313162067	Scene	50.000000			10	27
0054EB3E	COMP_Quest_Camp_Full_Astronaut	Astronaut	129	0059F983			Custom@1313162067	Scene	50.000000			0	0
0054EB3E	COMP_Quest_Camp_Full_Astronaut	Astronaut	130	0059F984		Let's talk about these missions.	Custom@1313162067	Scene	50.000000			10	27
0054EB3E	COMP_Quest_Camp_Full_Astronaut	Astronaut	131	0059F985			Custom@1313162067	Scene	50.000000			0	0
0054EB3E	COMP_Quest_Camp_Full_Astronaut	Astronaut	132	0059F986		[SPECIAL] I have something SPECIAL to say.	Custom@1313162067	Scene	50.000000			8	20
0054EB3E	COMP_Quest_Camp_Full_Astronaut	Astronaut	133	0059F987			Custom@1313162067	Scene	50.000000			0	0
0054EB3E	COMP_Quest_Camp_Full_Astronaut	Astronaut	134	0059F988		[Flirt] How are we doing, Sofia?	Custom@1313162067	Scene	50.000000			18	34
0054EB3E	COMP_Quest_Camp_Full_Astronaut	Astronaut	135	0059F989			Custom@1313162067	Scene	50.000000			0	0
0054EB3E	COMP_Quest_Camp_Full_Astronaut	Astronaut	136	0059F98A		[Flirts] ATHENA was saved.	Custom@1313162067	Scene	50.000000			11	20
0054EB3E	COMP_Quest_Camp_Full_Astronaut	Astronaut	137	0059F98B			Custom@1313162067	Scene	50.000000			0	0
0054EB3E	COMP_Quest_Camp_Full_Astronaut	Astronaut	138	0059F98C			Custom@1313162067	Scene	50.000000			7	17
0054EB3E	COMP_Quest_Camp_Full_Astronaut	Astronaut	139	0059F98D			Custom@1313162067	Scene	50.000000			0	0
0054EB3E	COMP_Quest_Camp_Full_Astronaut	Astronaut	140	0059F98E		[Flirts] ATHENA was killed.	Custom@1313162067	Scene	50.000000			11	20
0054EB3E	COMP_Quest_Camp_Full_Astronaut	Astronaut	141	0059F98F			Custom@1313162067	Scene	50.000000			0	0
0054EB3E	COMP_Quest_Camp_Full_Astronaut	Astronaut	142	0059F990			Custom@1313162067	Scene	50.000000			5	8
0054EB3E	COMP_Quest_Camp_Full_Astronaut	Astronaut	143	0059F991			Custom@1313162067	Scene	50.000000			0	0
0054EB3E	COMP_Quest_Camp_Full_Astronaut	Astronaut	144	0059F992			Custom@1313162067	Scene	50.000000			0	0
0054EB3E	COMP_Quest_Camp_Full_Astronaut	Astronaut	145	0059F993			Custom@1313162067	Scene	50.000000			2	7
0054EB3E	COMP_Quest_Camp_Full_Astronaut	Astronaut	146	0059F994			Custom@1313162067	Scene	50.000000			0	0
0054EB3E	COMP_Quest_Camp_Full_Astronaut	Astronaut	147	0059F995			Custom@1313162067	Scene	50.000000			2	7
0054EB3E	COMP_Quest_Camp_Full_Astronaut	Astronaut	148	0059F996			Custom@1313162067	Scene	50.000000			0	0
0054EB3E	COMP_Quest_Camp_Full_Astronaut	Astronaut	149	0059F997			Custom@1313162067	Scene	50.000000			2	7
0054EB3E	COMP_Quest_Camp_Full_Astronaut	Astronaut	150	0059F998			Custom@1313162067	Scene	50.000000			0	0
0054EB3E	COMP_Quest_Camp_Full_Astronaut	Astronaut	151	0059F999			Custom@1313162067	Scene	50.000000			0	0
0054EB3E	COMP_Quest_Camp_Full_Astronaut	Astronaut	152	0059F99A			Custom@1313162067	Scene	50.000000			13	19
0054EB3E	COMP_Quest_Camp_Full_Astronaut	Astronaut	153	0059F99B			Custom@1313162067	Scene	50.000000			8	12
0054EB3E	COMP_Quest_Camp_Full_Astronaut	Astronaut	154	0059F99C			Custom@1313162067	Scene	50.000000			0	0
0054EB3E	COMP_Quest_Camp_Full_Astronaut	Astronaut	155	0059F99D			Custom@1313162067	Scene	50.000000			5	7
0054EB3E	COMP_Quest_Camp_Full_Astronaut	Astronaut	156	0059F99E			Custom@1313162067	Scene	50.000000			0	0
0054EB3E	COMP_Quest_Camp_Full_Astronaut	Astronaut	157	0059F99F			Custom@1313162067	Scene	50.000000			6	11
0054EB3E	COMP_Quest_Camp_Full_Astronaut	Astronaut	158	0059F9A0			Custom@1313162067	Scene	50.000000			0	0
0054EB3E	COMP_Quest_Camp_Full_Astronaut	Astronaut	159	0059F9A1			Custom@1313162067	Scene	50.000000			10	24
0054EB3E	COMP_Quest_Camp_Full_Astronaut	Astronaut	160	0059F9A2			Custom@1313162067	Scene	50.000000			0	0
0054EB3E	COMP_Quest_Camp_Full_Astronaut	Astronaut	161	0059F9A3		Consider it done.	Custom@1313162067	Scene	50.000000			6	12
0054EB3E	COMP_Quest_Camp_Full_Astronaut	Astronaut	162	0059F9A4			Custom@1313162067	Scene	50.000000			0	0
0054EB3E	COMP_Quest_Camp_Full_Astronaut	Astronaut	163	0059F9A5			Custom@1313162067	Scene	50.000000			8	14
0054EB3E	COMP_Quest_Camp_Full_Astronaut	Astronaut	164	0059F9A6			Custom@1313162067	Scene	50.000000			0	0
0054EB3E	COMP_Quest_Camp_Full_Astronaut	Astronaut	165	0059F9A7			Custom@1313162067	Scene	50.000000			7	12
0054EB3E	COMP_Quest_Camp_Full_Astronaut	Astronaut	166	0059F9A8			Custom@1313162067	Scene	50.000000			0	0
0054EB3E	COMP_Quest_Camp_Full_Astronaut	Astronaut	167	0059F9A9		Consider it done.	Custom@1313162067	Scene	50.000000			9	16
0054EB3E	COMP_Quest_Camp_Full_Astronaut	Astronaut	168	0059F9AA			Custom@1313162067	Scene	50.000000			0	0
0054EB3E	COMP_Quest_Camp_Full_Astronaut	Astronaut	169	0059F9AB			Custom@1313162067	Scene	50.000000			6	10
0054EB3E	COMP_Quest_Camp_Full_Astronaut	Astronaut	170	0059F9AC			Custom@1313162067	Scene	50.000000			6	9
0054EB3E	COMP_Quest_Camp_Full_Astronaut	Astronaut	171	0059F9AD			Custom@1313162067	Scene	50.000000			0	0
0054EB3E	COMP_Quest_Camp_Full_Astronaut	Astronaut	172	0059F9AE			Custom@1313162067	Scene	50.000000			12	28
0054EB3E	COMP_Quest_Camp_Full_Astronaut	Astronaut	173	0059F9AF			Custom@1313162067	Scene	50.000000			0	0
0054EB3E	COMP_Quest_Camp_Full_Astronaut	Astronaut	174	0059F9B0			Custom@1313162067	Scene	50.000000			3	8
0054EB3E	COMP_Quest_Camp_Full_Astronaut	Astronaut	175	0059F9B1			Custom@1313162067	Scene	50.000000			0	0
0054EB3E	COMP_Quest_Camp_Full_Astronaut	Astronaut	176	0059F9B2			Custom@1313162067	Scene	50.000000			0	0
0054EB3E	COMP_Quest_Camp_Full_Astronaut	Astronaut	177	0059F9B3			Custom@1313162067	Scene	50.000000			0	0
0054EB3E	COMP_Quest_Camp_Full_Astronaut	Astronaut	178	0059F9B4			Custom@1313162067	Scene	50.000000			2	5
0054EB3E	COMP_Quest_Camp_Full_Astronaut	Astronaut	179	0059F9B5			Custom@1313162067	Scene	50.000000			0	0
0054EB3E	COMP_Quest_Camp_Full_Astronaut	Astronaut	180	0059F9B6			Custom@1313162067	Scene	50.000000			7	9
0054EB3E	COMP_Quest_Camp_Full_Astronaut	Astronaut	181	0059F9B7			Custom@1313162067	Scene	50.000000			0	0
0054EB3E	COMP_Quest_Camp_Full_Astronaut	Astronaut	182	0059F9B8		I survived through Perception or Intelligence.	Custom@1313162067	Scene	50.000000			6	16
0054EB3E	COMP_Quest_Camp_Full_Astronaut	Astronaut	183	0059F9B9			Custom@1313162067	Scene	50.000000			0	0
0054EB3E	COMP_Quest_Camp_Full_Astronaut	Astronaut	184	0059F9BA		I survived through Luck.	Custom@1313162067	Scene	50.000000			4	9
0054EB3E	COMP_Quest_Camp_Full_Astronaut	Astronaut	185	0059F9BB			Custom@1313162067	Scene	50.000000			0	0
0054EB3E	COMP_Quest_Camp_Full_Astronaut	Astronaut	186	0059F9BC		I survived through Charisma.	Custom@1313162067	Scene	50.000000			4	11
0054EB3E	COMP_Quest_Camp_Full_Astronaut	Astronaut	187	0059F9BD			Custom@1313162067	Scene	50.000000			0	0
0054EB3E	COMP_Quest_Camp_Full_Astronaut	Astronaut	188	0059F9BE		I don't honestly know. I just survived.	Custom@1313162067	Scene	50.000000			1	1
0054EB3E	COMP_Quest_Camp_Full_Astronaut	Astronaut	189	0059F9BF			Custom@1313162067	Scene	50.000000			0	0
0054EB3E	COMP_Quest_Camp_Full_Astronaut	Astronaut	190	0059F9C0			Custom@1313162067	Scene	50.000000			2	4
0054EB3E	COMP_Quest_Camp_Full_Astronaut	Astronaut	191	0059F9C5			Custom@1313162067	Scene	50.000000			0	0
0054EB3E	COMP_Quest_Camp_Full_Astronaut	Astronaut	192	0059F9C6		We're in love.	Custom@1313162067	Scene	50.000000			9	22
0054EB3E	COMP_Quest_Camp_Full_Astronaut	Astronaut	193	0059F9C7			Custom@1313162067	Scene	50.000000			0	0
0054EB3E	COMP_Quest_Camp_Full_Astronaut	Astronaut	194	0059F9C8		Let's talk about the Finale.	Custom@1313162067	Scene	50.000000			6	14
0054EB3E	COMP_Quest_Camp_Full_Astronaut	Astronaut	195	0059FB26			Custom@1313162067	Scene	50.000000			8	10
0054EB3E	COMP_Quest_Camp_Full_Astronaut	Astronaut	196	0059FB27			Custom@1313162067	Scene	50.000000			0	0
0054EB3E	COMP_Quest_Camp_Full_Astronaut	Astronaut	197	0059FB28			Custom@1313162067	Scene	50.000000			4	6
0054EB3E	COMP_Quest_Camp_Full_Astronaut	Astronaut	198	0059FB29			Custom@1313162067	Scene	50.000000			0	0
0054EB3E	COMP_Quest_Camp_Full_Astronaut	Astronaut	199	0059FB2A		What's my target here?	Custom@1313162067	Scene	50.000000			176	269
0054EB3E	COMP_Quest_Camp_Full_Astronaut	Astronaut	200	0059FB2B			Custom@1313162067	Scene	50.000000			0	0
0054EB3E	COMP_Quest_Camp_Full_Astronaut	Astronaut	201	005A0B0E			Custom@1313162067	Scene	50.000000			3	9
0054EB3E	COMP_Quest_Camp_Full_Astronaut	Astronaut	202	005A0B0F			Custom@1313162067	Scene	50.000000			0	0
0054EB3E	COMP_Quest_Camp_Full_Astronaut	Astronaut	203	005A0B10			Custom@1313162067	Scene	50.000000			2	6
0054EB3E	COMP_Quest_Camp_Full_Astronaut	Astronaut	204	005A0B11			Custom@1313162067	Scene	50.000000			0	0
0054EB3E	COMP_Quest_Camp_Full_Astronaut	Astronaut	205	005A1125			Custom@1313162067	Scene	50.000000			1	4
0054EB3E	COMP_Quest_Camp_Full_Astronaut	Astronaut	206	005A1126			Custom@1313162067	Scene	50.000000			0	0
0054EB3E	COMP_Quest_Camp_Full_Astronaut	Astronaut	207	005A1127			Custom@1313162067	Scene	50.000000			2	2
0054EB3E	COMP_Quest_Camp_Full_Astronaut	Astronaut	208	005A1128			Custom@1313162067	Scene	50.000000			0	0
0054EB3E	COMP_Quest_Camp_Full_Astronaut	Astronaut	209	005A1129			Custom@1313162067	Scene	50.000000			1	1
0054EB3E	COMP_Quest_Camp_Full_Astronaut	Astronaut	210	005A112A			Custom@1313162067	Scene	50.000000			2	2
0054EB3E	COMP_Quest_Camp_Full_Astronaut	Astronaut	211	005A112B			Custom@1313162067	Scene	50.000000			1	1
0054EB3E	COMP_Quest_Camp_Full_Astronaut	Astronaut	212	005A112C			Custom@1313162067	Scene	50.000000			0	0
0054EB3E	COMP_Quest_Camp_Full_Astronaut	Astronaut	213	005A112D			Custom@1313162067	Scene	50.000000			1	1
0054EB3E	COMP_Quest_Camp_Full_Astronaut	Astronaut	214	005A112E			Custom@1313162067	Scene	50.000000			0	0
0054EB3E	COMP_Quest_Camp_Full_Astronaut	Astronaut	215	005A112F			Custom@1313162067	Scene	50.000000			1	1
0054EB3E	COMP_Quest_Camp_Full_Astronaut	Astronaut	216	005A1130			Custom@1313162067	Scene	50.000000			0	0
0054EB3E	COMP_Quest_Camp_Full_Astronaut	Astronaut	217	005A1131			Custom@1313162067	Scene	50.000000			1	1
0054EB3E	COMP_Quest_Camp_Full_Astronaut	Astronaut	218	005A1132			Custom@1313162067	Scene	50.000000			1	3
0054EB3E	COMP_Quest_Camp_Full_Astronaut	Astronaut	219	005A1133			Custom@1313162067	Scene	50.000000			0	0
0054EB3E	COMP_Quest_Camp_Full_Astronaut	Astronaut	220	005A1134			Custom@1313162067	Scene	50.000000			1	1
0054EB3E	COMP_Quest_Camp_Full_Astronaut	Astronaut	221	005A11F2			Custom@1313162067	Scene	50.000000			1	1
0054EB3E	COMP_Quest_Camp_Full_Astronaut	Astronaut	222	005A11F3			Custom@1313162067	Scene	50.000000			1	2
0054EB3E	COMP_Quest_Camp_Full_Astronaut	Astronaut	223	005A11F6			Custom@1313162067	Scene	50.000000			1	2
0054EB3E	COMP_Quest_Camp_Full_Astronaut	Astronaut	224	005A11F8			Custom@1313162067	Scene	50.000000			1	2
0054EB3E	COMP_Quest_Camp_Full_Astronaut	Astronaut	225	005A11F9			Custom@1313162067	Scene	50.000000			1	2
0054EB3E	COMP_Quest_Camp_Full_Astronaut	Astronaut	226	005A11FA			Custom@1313162067	Scene	50.000000			0	0
0054EB3E	COMP_Quest_Camp_Full_Astronaut	Astronaut	227	005A11FB			Custom@1313162067	Scene	50.000000			0	0
0054EB3E	COMP_Quest_Camp_Full_Astronaut	Astronaut	228	005A11FC			Custom@1313162067	Scene	50.000000			1	2
0054EB3E	COMP_Quest_Camp_Full_Astronaut	Astronaut	229	005A11FD			Custom@1313162067	Scene	50.000000			1	2
0054EB3E	COMP_Quest_Camp_Full_Astronaut	Astronaut	230	005A11FE			Custom@1313162067	Scene	50.000000			1	1
0054EB3E	COMP_Quest_Camp_Full_Astronaut	Astronaut	231	005A11FF			Custom@1313162067	Scene	50.000000			0	0
0054EB3E	COMP_Quest_Camp_Full_Astronaut	Astronaut	232	005A1200			Custom@1313162067	Scene	50.000000			0	0
0054EB3E	COMP_Quest_Camp_Full_Astronaut	Astronaut	233	005A1201			Custom@1313162067	Scene	50.000000			0	0
0054EB3E	COMP_Quest_Camp_Full_Astronaut	Astronaut	234	005A1202			Custom@1313162067	Scene	50.000000			0	0
0054EB3E	COMP_Quest_Camp_Full_Astronaut	Astronaut	235	005A1203			Custom@1313162067	Scene	50.000000			1	3
0054EB3E	COMP_Quest_Camp_Full_Astronaut	Astronaut	236	005A1204			Custom@1313162067	Scene	50.000000			0	0
0054EB3E	COMP_Quest_Camp_Full_Astronaut	Astronaut	237	005A1205			Custom@1313162067	Scene	50.000000			1	1
0054EB3E	COMP_Quest_Camp_Full_Astronaut	Astronaut	238	005A1206			Custom@1313162067	Scene	50.000000			1	3
0054EB3E	COMP_Quest_Camp_Full_Astronaut	Astronaut	239	005A1207			Custom@1313162067	Scene	50.000000			0	0
0054EB3E	COMP_Quest_Camp_Full_Astronaut	Astronaut	240	005A1208			Custom@1313162067	Scene	50.000000			0	0
0054EB3E	COMP_Quest_Camp_Full_Astronaut	Astronaut	241	005A1209			Custom@1313162067	Scene	50.000000			0	0
0054EB3E	COMP_Quest_Camp_Full_Astronaut	Astronaut	242	005A120B			Custom@1313162067	Scene	50.000000			1	1
0054EB3E	COMP_Quest_Camp_Full_Astronaut	Astronaut	243	005A120C			Custom@1313162067	Scene	50.000000			0	0
0054EB3E	COMP_Quest_Camp_Full_Astronaut	Astronaut	244	005A120D			Custom@1313162067	Scene	50.000000			1	2
0054EB3E	COMP_Quest_Camp_Full_Astronaut	Astronaut	245	005A120E			Custom@1313162067	Scene	50.000000			1	1
0054EB3E	COMP_Quest_Camp_Full_Astronaut	Astronaut	246	005A1210			Custom@1313162067	Scene	50.000000			1	1
0054EB3E	COMP_Quest_Camp_Full_Astronaut	Astronaut	247	005A1211			Custom@1313162067	Scene	50.000000			1	2
0054EB3E	COMP_Quest_Camp_Full_Astronaut	Astronaut	248	005A179B			Normal To Alert	Detection	50.000000			5	7
0054EB3E	COMP_Quest_Camp_Full_Astronaut	Astronaut	249	005A179C			Alert To Normal	Detection	50.000000			5	5
0054EB3E	COMP_Quest_Camp_Full_Astronaut	Astronaut	250	005A179D			Combat To Normal	Detection	50.000000			5	11
0054EB3E	COMP_Quest_Camp_Full_Astronaut	Astronaut	251	005A1906			Normal To Combat	Detection	50.000000			5	5
0054EB3E	COMP_Quest_Camp_Full_Astronaut	Astronaut	252	005A1907			Taunt	Combat	50.000000			6	8
0054EB3E	COMP_Quest_Camp_Full_Astronaut	Astronaut	253	005A1908			Hit	Combat	50.000000			6	8
0054EB3E	COMP_Quest_Camp_Full_Astronaut	Astronaut	254	005A1909			Bleed Out	Combat	50.000000			6	8
0054EB3E	COMP_Quest_Camp_Full_Astronaut	Astronaut	255	005A1A23			Custom@1313162067	Scene	50.000000			1	1
0054EB3E	COMP_Quest_Camp_Full_Astronaut	Astronaut	256	005A1A24			Custom@1313162067	Scene	50.000000			3	3
0054EB3E	COMP_Quest_Camp_Full_Astronaut	Astronaut	257	005A1A25			Custom@1313162067	Scene	50.000000			1	1
0054EB3E	COMP_Quest_Camp_Full_Astronaut	Astronaut	258	005A1A26			Custom@1313162067	Scene	50.000000			0	0
0054EB3E	COMP_Quest_Camp_Full_Astronaut	Astronaut	259	005A1A27			Custom@1313162067	Scene	50.000000			1	2
0054EB3E	COMP_Quest_Camp_Full_Astronaut	Astronaut	260	005A1A28			Custom@1313162067	Scene	50.000000			0	0
0054EB3E	COMP_Quest_Camp_Full_Astronaut	Astronaut	261	005A1A29			Custom@1313162067	Scene	50.000000			1	2
0054EB3E	COMP_Quest_Camp_Full_Astronaut	Astronaut	262	005A1A2A			Custom@1313162067	Scene	50.000000			0	0
0054EB3E	COMP_Quest_Camp_Full_Astronaut	Astronaut	263	005A1A2B			Custom@1313162067	Scene	50.000000			1	1
0054EB3E	COMP_Quest_Camp_Full_Astronaut	Astronaut	264	005A1A2C			Custom@1313162067	Scene	50.000000			0	0
0054EB3E	COMP_Quest_Camp_Full_Astronaut	Astronaut	265	005A1A2D			Custom@1313162067	Scene	50.000000			3	3
0054EB3E	COMP_Quest_Camp_Full_Astronaut	Astronaut	266	005A1A2E			Custom@1313162067	Scene	50.000000			1	3
0054EB3E	COMP_Quest_Camp_Full_Astronaut	Astronaut	267	005A1A2F			Custom@1313162067	Scene	50.000000			3	11
0054EB3E	COMP_Quest_Camp_Full_Astronaut	Astronaut	268	005A1A30			Custom@1313162067	Scene	50.000000			1	1
0054EB3E	COMP_Quest_Camp_Full_Astronaut	Astronaut	269	005A1A31			Custom@1313162067	Scene	50.000000			0	0
0054EB3E	COMP_Quest_Camp_Full_Astronaut	Astronaut	270	005A1A32			Custom@1313162067	Scene	50.000000			6	9
0054EB3E	COMP_Quest_Camp_Full_Astronaut	Astronaut	271	005A1A33			Custom@1313162067	Scene	50.000000			0	0
0054EB3E	COMP_Quest_Camp_Full_Astronaut	Astronaut	272	005A1A34			Custom@1313162067	Scene	50.000000			1	3
0054EB3E	COMP_Quest_Camp_Full_Astronaut	Astronaut	273	005A1A35			Custom@1313162067	Scene	50.000000			0	0
0054EB3E	COMP_Quest_Camp_Full_Astronaut	Astronaut	274	005A1A36			Custom@1313162067	Scene	50.000000			4	7
0054EB3E	COMP_Quest_Camp_Full_Astronaut	Astronaut	275	005A1A37			Custom@1313162067	Scene	50.000000			0	0
0054EB3E	COMP_Quest_Camp_Full_Astronaut	Astronaut	276	005A209C		Can we chat about something else?	Custom@1313162067	Scene	50.000000			6	18
0054EB3E	COMP_Quest_Camp_Full_Astronaut	Astronaut	277	005A209D			Custom@1313162067	Scene	50.000000			0	0
00557695	COMP_Dialogue_Astronaut_Grahm	Astronaut	0	00557696			Idle	Miscellaneous	50.000000			9	9
00557695	COMP_Dialogue_Astronaut_Grahm	Astronaut	1	00557697			Greeting	Miscellaneous	50.000000			0	0
00557695	COMP_Dialogue_Astronaut_Grahm	Astronaut	2	00557698			Custom@1313162067	Scene	50.000000			1	1
00557695	COMP_Dialogue_Astronaut_Grahm	Astronaut	3	00557699			Custom@1313162067	Scene	50.000000			1	1
00557695	COMP_Dialogue_Astronaut_Grahm	Astronaut	4	0055769A			Custom@1313162067	Scene	50.000000			1	1
00557695	COMP_Dialogue_Astronaut_Grahm	Astronaut	5	0055769B			Custom@1313162067	Scene	50.000000			1	1
00557695	COMP_Dialogue_Astronaut_Grahm	Astronaut	6	0055769C			Custom@1313162067	Scene	50.000000			1	1
00557695	COMP_Dialogue_Astronaut_Grahm	Astronaut	7	0055769D			Custom@1313162067	Scene	50.000000			1	1
00557695	COMP_Dialogue_Astronaut_Grahm	Astronaut	8	0055769E			Custom@1313162067	Scene	50.000000			1	1
00557695	COMP_Dialogue_Astronaut_Grahm	Astronaut	9	0055769F			Custom@1313162067	Scene	50.000000			1	1
00557695	COMP_Dialogue_Astronaut_Grahm	Astronaut	10	005576A0			Custom@1313162067	Scene	50.000000			1	1
00557695	COMP_Dialogue_Astronaut_Grahm	Astronaut	11	005576A1			Custom@1313162067	Scene	50.000000			1	1
00557695	COMP_Dialogue_Astronaut_Grahm	Astronaut	12	005576A2			Custom@1313162067	Scene	50.000000			1	1
00557695	COMP_Dialogue_Astronaut_Grahm	Astronaut	13	005576A3			Custom@1313162067	Scene	50.000000			1	1
00557695	COMP_Dialogue_Astronaut_Grahm	Astronaut	14	005576A4			Custom@1313162067	Scene	50.000000			0	0
00557695	COMP_Dialogue_Astronaut_Grahm	Astronaut	15	005576A5			Custom@1313162067	Scene	50.000000			1	1
00557695	COMP_Dialogue_Astronaut_Grahm	Astronaut	16	005576A6			Custom@1313162067	Scene	50.000000			1	1
00557695	COMP_Dialogue_Astronaut_Grahm	Astronaut	17	005576A7			Custom@1313162067	Scene	50.000000			0	0
00557695	COMP_Dialogue_Astronaut_Grahm	Astronaut	18	005A4D03			Hello	Miscellaneous	50.000000			2	2
00563F8B	COMP_Conversation_Astronaut_Emerson_003_FirstMet	Astronaut	0	00563F92			Custom@1313162067	Scene	50.000000			1	1
00563F8B	COMP_Conversation_Astronaut_Emerson_003_FirstMet	Astronaut	1	00563F94			Custom@1313162067	Scene	50.000000			1	2
00563F8B	COMP_Conversation_Astronaut_Emerson_003_FirstMet	Astronaut	2	00563F96			Custom@1313162067	Scene	50.000000			1	1
00563F8B	COMP_Conversation_Astronaut_Emerson_003_FirstMet	Astronaut	3	00563F97			Custom@1313162067	Scene	50.000000			1	2
00563F8B	COMP_Conversation_Astronaut_Emerson_003_FirstMet	Astronaut	4	00563F98			Custom@1313162067	Scene	50.000000			1	1
00563F8B	COMP_Conversation_Astronaut_Emerson_003_FirstMet	Astronaut	5	00563F99			Custom@1313162067	Scene	50.000000			1	1
00563F8B	COMP_Conversation_Astronaut_Emerson_003_FirstMet	Astronaut	6	00563F9A			Custom@1313162067	Scene	50.000000			1	1
00563F8B	COMP_Conversation_Astronaut_Emerson_003_FirstMet	Astronaut	7	00563F9B			Custom@1313162067	Scene	50.000000			1	1
00563F8B	COMP_Conversation_Astronaut_Emerson_003_FirstMet	Astronaut	8	00568CC2			Custom@1313162067	Scene	50.000000			1	1
00563F8B	COMP_Conversation_Astronaut_Emerson_003_FirstMet	Astronaut	9	00568CC3			Custom@1313162067	Scene	50.000000			1	1
00563F8B	COMP_Conversation_Astronaut_Emerson_003_FirstMet	Astronaut	10	00568CC4			Custom@1313162067	Scene	50.000000			6	8
00563F8B	COMP_Conversation_Astronaut_Emerson_003_FirstMet	Astronaut	11	0057237E			Custom@1313162067	Scene	50.000000			1	2
00563F8B	COMP_Conversation_Astronaut_Emerson_003_FirstMet	Astronaut	12	0057237F			Custom@1313162067	Scene	50.000000			2	4
00563F8B	COMP_Conversation_Astronaut_Emerson_003_FirstMet	Astronaut	13	0058DD78			Custom@1313162067	Scene	50.000000			1	1
00563F8B	COMP_Conversation_Astronaut_Emerson_003_FirstMet	Astronaut	14	0058DD79			Custom@1313162067	Scene	50.000000			1	2
00563F8B	COMP_Conversation_Astronaut_Emerson_003_FirstMet	Astronaut	15	0058DD7A			Custom@1313162067	Scene	50.000000			0	0
00563F8B	COMP_Conversation_Astronaut_Emerson_003_FirstMet	Astronaut	16	0058DD7B			Custom@1313162067	Scene	50.000000			1	1
00563F8B	COMP_Conversation_Astronaut_Emerson_003_FirstMet	Astronaut	17	0058DD7C			Custom@1313162067	Scene	50.000000			0	0
00563F8B	COMP_Conversation_Astronaut_Emerson_003_FirstMet	Astronaut	18	0058DD7D			Custom@1313162067	Scene	50.000000			1	1
00563F8B	COMP_Conversation_Astronaut_Emerson_003_FirstMet	Astronaut	19	0058DD7E			Custom@1313162067	Scene	50.000000			0	0
00563F8B	COMP_Conversation_Astronaut_Emerson_003_FirstMet	Astronaut	20	0058DD7F			Custom@1313162067	Scene	50.000000			1	2
00563F8B	COMP_Conversation_Astronaut_Emerson_003_FirstMet	Astronaut	21	0058DD80			Custom@1313162067	Scene	50.000000			0	0
00563F8B	COMP_Conversation_Astronaut_Emerson_003_FirstMet	Astronaut	22	0058DD81			Custom@1313162067	Scene	50.000000			1	1
00563F8B	COMP_Conversation_Astronaut_Emerson_003_FirstMet	Astronaut	23	0058DD82			Custom@1313162067	Scene	50.000000			1	1
00563F8B	COMP_Conversation_Astronaut_Emerson_003_FirstMet	Astronaut	24	0058DD83			Custom@1313162067	Scene	50.000000			0	0
00563F8B	COMP_Conversation_Astronaut_Emerson_003_FirstMet	Astronaut	25	0058DD84			Custom@1313162067	Scene	50.000000			1	1
00563F8B	COMP_Conversation_Astronaut_Emerson_003_FirstMet	Astronaut	26	0058DD85			Custom@1313162067	Scene	50.000000			1	2
00563F8B	COMP_Conversation_Astronaut_Emerson_003_FirstMet	Astronaut	27	0058DD86			Custom@1313162067	Scene	50.000000			1	1
00563F8B	COMP_Conversation_Astronaut_Emerson_003_FirstMet	Astronaut	28	0058DD87			Custom@1313162067	Scene	50.000000			1	3
00563F8B	COMP_Conversation_Astronaut_Emerson_003_FirstMet	Astronaut	29	0058DD88			Custom@1313162067	Scene	50.000000			0	0
00563F8B	COMP_Conversation_Astronaut_Emerson_003_FirstMet	Astronaut	30	0058DD89			Custom@1313162067	Scene	50.000000			1	2
00563F8B	COMP_Conversation_Astronaut_Emerson_003_FirstMet	Astronaut	31	0058DD8A			Custom@1313162067	Scene	50.000000			0	0
00563F8B	COMP_Conversation_Astronaut_Emerson_003_FirstMet	Astronaut	32	0058DD8B			Custom@1313162067	Scene	50.000000			1	2
00563F8B	COMP_Conversation_Astronaut_Emerson_003_FirstMet	Astronaut	33	0058DD8C			Custom@1313162067	Scene	50.000000			0	0
00563F8B	COMP_Conversation_Astronaut_Emerson_003_FirstMet	Astronaut	34	0058DD8D			Custom@1313162067	Scene	50.000000			1	2
00563F8B	COMP_Conversation_Astronaut_Emerson_003_FirstMet	Astronaut	35	0058DD8E			Custom@1313162067	Scene	50.000000			0	0
00563F8B	COMP_Conversation_Astronaut_Emerson_003_FirstMet	Astronaut	36	0058DD8F			Custom@1313162067	Scene	50.000000			1	2
00563F8B	COMP_Conversation_Astronaut_Emerson_003_FirstMet	Astronaut	37	0058DD90			Custom@1313162067	Scene	50.000000			0	0
00563F8B	COMP_Conversation_Astronaut_Emerson_003_FirstMet	Astronaut	38	0058DD91			Custom@1313162067	Scene	50.000000			1	3
00563F8B	COMP_Conversation_Astronaut_Emerson_003_FirstMet	Astronaut	39	0058DD92			Custom@1313162067	Scene	50.000000			0	0
00563F8B	COMP_Conversation_Astronaut_Emerson_003_FirstMet	Astronaut	40	0058DD93			Custom@1313162067	Scene	50.000000			1	1
00563F8B	COMP_Conversation_Astronaut_Emerson_003_FirstMet	Astronaut	41	0058DD94			Custom@1313162067	Scene	50.000000			1	1
00563F8B	COMP_Conversation_Astronaut_Emerson_003_FirstMet	Astronaut	42	0058DD95			Custom@1313162067	Scene	50.000000			1	1
00563F8B	COMP_Conversation_Astronaut_Emerson_003_FirstMet	Astronaut	43	0058DD96			Custom@1313162067	Scene	50.000000			0	0
00563F8B	COMP_Conversation_Astronaut_Emerson_003_FirstMet	Astronaut	44	0058DD97			Custom@1313162067	Scene	50.000000			1	2
00563F8B	COMP_Conversation_Astronaut_Emerson_003_FirstMet	Astronaut	45	0058DD98			Custom@1313162067	Scene	50.000000			0	0
00563F8B	COMP_Conversation_Astronaut_Emerson_003_FirstMet	Astronaut	46	0058DD99			Custom@1313162067	Scene	50.000000			1	1
00563F8B	COMP_Conversation_Astronaut_Emerson_003_FirstMet	Astronaut	47	0058DD9A			Custom@1313162067	Scene	50.000000			0	0
00563F8B	COMP_Conversation_Astronaut_Emerson_003_FirstMet	Astronaut	48	0058DD9B			Custom@1313162067	Scene	50.000000			2	2
00563F8B	COMP_Conversation_Astronaut_Emerson_003_FirstMet	Astronaut	49	0058DD9C			Custom@1313162067	Scene	50.000000			1	1
00563F8B	COMP_Conversation_Astronaut_Emerson_003_FirstMet	Astronaut	50	0058DD9D			Custom@1313162067	Scene	50.000000			1	1
00563F8B	COMP_Conversation_Astronaut_Emerson_003_FirstMet	Astronaut	51	0058DD9E			Custom@1313162067	Scene	50.000000			0	0
00563F8B	COMP_Conversation_Astronaut_Emerson_003_FirstMet	Astronaut	52	0058DD9F			Custom@1313162067	Scene	50.000000			1	1
00563F8B	COMP_Conversation_Astronaut_Emerson_003_FirstMet	Astronaut	53	0058DDA0			Custom@1313162067	Scene	50.000000			0	0
00563F8B	COMP_Conversation_Astronaut_Emerson_003_FirstMet	Astronaut	54	0058DDA1			Custom@1313162067	Scene	50.000000			1	2
00563F8B	COMP_Conversation_Astronaut_Emerson_003_FirstMet	Astronaut	55	0058DDA2			Custom@1313162067	Scene	50.000000			0	0
00563F8B	COMP_Conversation_Astronaut_Emerson_003_FirstMet	Astronaut	56	0058EA02			Custom@1313162067	Scene	50.000000			1	1
00563F8B	COMP_Conversation_Astronaut_Emerson_003_FirstMet	Astronaut	57	0058EA03			Custom@1313162067	Scene	50.000000			0	0
00563F8B	COMP_Conversation_Astronaut_Emerson_003_FirstMet	Astronaut	58	0058EA04			Custom@1313162067	Scene	50.000000			1	1
00563F8B	COMP_Conversation_Astronaut_Emerson_003_FirstMet	Astronaut	59	0058EA05			Custom@1313162067	Scene	50.000000			0	0
00563F8B	COMP_Conversation_Astronaut_Emerson_003_FirstMet	Astronaut	60	0058EA06			Custom@1313162067	Scene	50.000000			1	1
00563F8B	COMP_Conversation_Astronaut_Emerson_003_FirstMet	Astronaut	61	0058EA07			Custom@1313162067	Scene	50.000000			0	0
00563F8B	COMP_Conversation_Astronaut_Emerson_003_FirstMet	Astronaut	62	005A176A			Hello	Miscellaneous	50.000000			4	6
00563F8B	COMP_Conversation_Astronaut_Emerson_003_FirstMet	Astronaut	63	005A176B			Greeting	Miscellaneous	50.000000			1	1
00563F8B	COMP_Conversation_Astronaut_Emerson_003_FirstMet	Astronaut	64	005A176C			Custom@1313162067	Scene	50.000000			0	0
00563F8B	COMP_Conversation_Astronaut_Emerson_003_FirstMet	Astronaut	65	005A176D			Custom@1313162067	Scene	50.000000			0	0
00563F8B	COMP_Conversation_Astronaut_Emerson_003_FirstMet	Astronaut	66	005A176E			Custom@1313162067	Scene	50.000000			0	0
00568CB1	COMP_Quest_Camp_Lite_RaiderPunk	RaiderPunk	0	00568CB3			Idle	Miscellaneous	50.000000			27	33
00568CB1	COMP_Quest_Camp_Lite_RaiderPunk	RaiderPunk	1	00568CB8			Custom@1313162067	Scene	50.000000			18	24
00568CB1	COMP_Quest_Camp_Lite_RaiderPunk	RaiderPunk	2	00568CBB			Shared Info	Miscellaneous	50.000000			7	7
00568CB1	COMP_Quest_Camp_Lite_RaiderPunk	RaiderPunk	3	00568CBC			Custom@1313162067	Scene	50.000000			6	8
00568CB1	COMP_Quest_Camp_Lite_RaiderPunk	RaiderPunk	4	00568CBD			Custom@1313162067	Scene	50.000000			0	0
00568CB1	COMP_Quest_Camp_Lite_RaiderPunk	RaiderPunk	5	00568CBE			Custom@1313162067	Scene	50.000000			33	55
00568CB1	COMP_Quest_Camp_Lite_RaiderPunk	RaiderPunk	6	00568CBF			Custom@1313162067	Scene	50.000000			0	0
00568CB1	COMP_Quest_Camp_Lite_RaiderPunk	RaiderPunk	7	00568CC0			Custom@1313162067	Scene	50.000000			28	43
00568CB1	COMP_Quest_Camp_Lite_RaiderPunk	RaiderPunk	8	00568CC1			Greeting	Miscellaneous	50.000000			58	70
00568CB1	COMP_Quest_Camp_Lite_RaiderPunk	RaiderPunk	9	0056FB7C		Is there anything dangerous nearby that I should know about?	Custom@1313162067	Scene	50.000000			188	290
00568CB1	COMP_Quest_Camp_Lite_RaiderPunk	RaiderPunk	10	0056FB7D		Got it. I'm on my way.	Custom@1313162067	Scene	50.000000			20	32
00568CB1	COMP_Quest_Camp_Lite_RaiderPunk	RaiderPunk	11	0056FB7E		Where am I headed?	Custom@1313162067	Scene	50.000000			100	174
00568CB1	COMP_Quest_Camp_Lite_RaiderPunk	RaiderPunk	12	0056FBBA			Custom@1313162067	Scene	50.000000			0	0
00568CB1	COMP_Quest_Camp_Lite_RaiderPunk	RaiderPunk	13	0056FBBB			Custom@1313162067	Scene	50.000000			0	0
00568CB1	COMP_Quest_Camp_Lite_RaiderPunk	RaiderPunk	14	0056FBBC			Custom@1313162067	Scene	50.000000			0	0
00568CB1	COMP_Quest_Camp_Lite_RaiderPunk	RaiderPunk	15	00571FD7		What's my target here?	Custom@1313162067	Scene	50.000000			188	311
00568CB1	COMP_Quest_Camp_Lite_RaiderPunk	RaiderPunk	16	00571FD8			Custom@1313162067	Scene	50.000000			0	0
00568CB1	COMP_Quest_Camp_Lite_RaiderPunk	RaiderPunk	17	0059C2CB			Hello	Miscellaneous	50.000000			38	50
00568CB1	COMP_Quest_Camp_Lite_RaiderPunk	RaiderPunk	18	0059F901		What do you know about this missing person?	Custom@1313162067	Scene	50.000000			4	6
00568CB1	COMP_Quest_Camp_Lite_RaiderPunk	RaiderPunk	19	0059F902			Custom@1313162067	Scene	50.000000			0	0
00568CB1	COMP_Quest_Camp_Lite_RaiderPunk	RaiderPunk	20	0059F905			Custom@1313162067	Scene	50.000000			1	1
00568CB1	COMP_Quest_Camp_Lite_RaiderPunk	RaiderPunk	21	0059F906			Custom@1313162067	Scene	50.000000			0	0
00568CB1	COMP_Quest_Camp_Lite_RaiderPunk	RaiderPunk	22	0059F907			Custom@1313162067	Scene	50.000000			1	1
00568CB1	COMP_Quest_Camp_Lite_RaiderPunk	RaiderPunk	23	0059F908			Custom@1313162067	Scene	50.000000			0	0
00568CB1	COMP_Quest_Camp_Lite_RaiderPunk	RaiderPunk	24	0059F909			Custom@1313162067	Scene	50.000000			1	2
00568CB1	COMP_Quest_Camp_Lite_RaiderPunk	RaiderPunk	25	0059F90A			Custom@1313162067	Scene	50.000000			0	0
00568CB1	COMP_Quest_Camp_Lite_RaiderPunk	RaiderPunk	26	0059F90B			Custom@1313162067	Scene	50.000000			1	2
00568CB1	COMP_Quest_Camp_Lite_RaiderPunk	RaiderPunk	27	0059F90C			Custom@1313162067	Scene	50.000000			0	0
00568CB1	COMP_Quest_Camp_Lite_RaiderPunk	RaiderPunk	28	0059F90D			Custom@1313162067	Scene	50.000000			1	1
00568CB1	COMP_Quest_Camp_Lite_RaiderPunk	RaiderPunk	29	0059F90E			Custom@1313162067	Scene	50.000000			0	0
00568CB1	COMP_Quest_Camp_Lite_RaiderPunk	RaiderPunk	30	0059F90F			Custom@1313162067	Scene	50.000000			1	2
00568CB1	COMP_Quest_Camp_Lite_RaiderPunk	RaiderPunk	31	0059F910			Custom@1313162067	Scene	50.000000			1	1
00568CB1	COMP_Quest_Camp_Lite_RaiderPunk	RaiderPunk	32	0059F911			Custom@1313162067	Scene	50.000000			1	2
00568CB1	COMP_Quest_Camp_Lite_RaiderPunk	RaiderPunk	33	0059F912			Custom@1313162067	Scene	50.000000			0	0
00568CB1	COMP_Quest_Camp_Lite_RaiderPunk	RaiderPunk	34	0059F913			Custom@1313162067	Scene	50.000000			1	2
00568CB1	COMP_Quest_Camp_Lite_RaiderPunk	RaiderPunk	35	0059F914			Custom@1313162067	Scene	50.000000			0	0
00568CB1	COMP_Quest_Camp_Lite_RaiderPunk	RaiderPunk	36	0059F915			Custom@1313162067	Scene	50.000000			1	3
00568CB1	COMP_Quest_Camp_Lite_RaiderPunk	RaiderPunk	37	0059F916			Custom@1313162067	Scene	50.000000			0	0
00568CB1	COMP_Quest_Camp_Lite_RaiderPunk	RaiderPunk	38	0059F917			Custom@1313162067	Scene	50.000000			1	1
00568CB1	COMP_Quest_Camp_Lite_RaiderPunk	RaiderPunk	39	0059F918			Custom@1313162067	Scene	50.000000			0	0
00568CB1	COMP_Quest_Camp_Lite_RaiderPunk	RaiderPunk	40	0059F919			Custom@1313162067	Scene	50.000000			1	2
00568CB1	COMP_Quest_Camp_Lite_RaiderPunk	RaiderPunk	41	0059F91A			Custom@1313162067	Scene	50.000000			1	1
00568CB1	COMP_Quest_Camp_Lite_RaiderPunk	RaiderPunk	42	0059F91B			Custom@1313162067	Scene	50.000000			0	0
00568CB1	COMP_Quest_Camp_Lite_RaiderPunk	RaiderPunk	43	0059F91C			Custom@1313162067	Scene	50.000000			1	1
00568CB1	COMP_Quest_Camp_Lite_RaiderPunk	RaiderPunk	44	0059F91D			Custom@1313162067	Scene	50.000000			0	0
00568CB1	COMP_Quest_Camp_Lite_RaiderPunk	RaiderPunk	45	0059F91E			Custom@1313162067	Scene	50.000000			1	2
00568CB1	COMP_Quest_Camp_Lite_RaiderPunk	RaiderPunk	46	0059F91F			Custom@1313162067	Scene	50.000000			0	0
00568CB1	COMP_Quest_Camp_Lite_RaiderPunk	RaiderPunk	47	0059F920			Custom@1313162067	Scene	50.000000			1	1
00568CB1	COMP_Quest_Camp_Lite_RaiderPunk	RaiderPunk	48	0059F921			Custom@1313162067	Scene	50.000000			0	0
00568CB1	COMP_Quest_Camp_Lite_RaiderPunk	RaiderPunk	49	0059F922			Custom@1313162067	Scene	50.000000			1	1
00568CB1	COMP_Quest_Camp_Lite_RaiderPunk	RaiderPunk	50	0059F923			Custom@1313162067	Scene	50.000000			0	0
00568CB1	COMP_Quest_Camp_Lite_RaiderPunk	RaiderPunk	51	0059F924			Custom@1313162067	Scene	50.000000			1	3
00568CB2	COMP_Quest_Intro_Lite_RaiderPunk	RaiderPunk	0	005693E1			Custom@1313162067	Scene	50.000000			1	3
00568CB2	COMP_Quest_Intro_Lite_RaiderPunk	RaiderPunk	1	005693E2			Custom@1313162067	Scene	50.000000			1	3
00568CB2	COMP_Quest_Intro_Lite_RaiderPunk	RaiderPunk	2	005693E3			Greeting	Miscellaneous	50.000000			12	16
00568CB2	COMP_Quest_Intro_Lite_RaiderPunk	RaiderPunk	3	005693EE			Custom@1313162067	Scene	50.000000			0	0
00568CB2	COMP_Quest_Intro_Lite_RaiderPunk	RaiderPunk	4	005693EF			Custom@1313162067	Scene	50.000000			0	0
00568CB2	COMP_Quest_Intro_Lite_RaiderPunk	RaiderPunk	5	0056940B			Idle	Miscellaneous	50.000000			11	13
00568CB2	COMP_Quest_Intro_Lite_RaiderPunk	RaiderPunk	6	00582FF0			Shared Info	Miscellaneous	50.000000			1	1
00568CB2	COMP_Quest_Intro_Lite_RaiderPunk	RaiderPunk	7	00582FF1			Custom@1313162067	Scene	50.000000			1	3
00568CB2	COMP_Quest_Intro_Lite_RaiderPunk	RaiderPunk	8	00582FF2			Custom@1313162067	Scene	50.000000			0	0
00568CB2	COMP_Quest_Intro_Lite_RaiderPunk	RaiderPunk	9	00582FF3			Custom@1313162067	Scene	50.000000			1	1
00568CB2	COMP_Quest_Intro_Lite_RaiderPunk	RaiderPunk	10	00582FF4			Custom@1313162067	Scene	50.000000			0	0
00568CB2	COMP_Quest_Intro_Lite_RaiderPunk	RaiderPunk	11	00582FF5			Custom@1313162067	Scene	50.000000			1	1
00568CB2	COMP_Quest_Intro_Lite_RaiderPunk	RaiderPunk	12	00582FF6			Custom@1313162067	Scene	50.000000			0	0
00568CB2	COMP_Quest_Intro_Lite_RaiderPunk	RaiderPunk	13	00582FF7			Custom@1313162067	Scene	50.000000			1	2
00568CB2	COMP_Quest_Intro_Lite_RaiderPunk	RaiderPunk	14	00582FF8			Custom@1313162067	Scene	50.000000			0	0
00568CB2	COMP_Quest_Intro_Lite_RaiderPunk	RaiderPunk	15	00582FF9			Custom@1313162067	Scene	50.000000			1	3
00568CB2	COMP_Quest_Intro_Lite_RaiderPunk	RaiderPunk	16	00582FFA			Custom@1313162067	Scene	50.000000			1	1
00568CB2	COMP_Quest_Intro_Lite_RaiderPunk	RaiderPunk	17	00582FFB			Custom@1313162067	Scene	50.000000			0	0
00568CB2	COMP_Quest_Intro_Lite_RaiderPunk	RaiderPunk	18	00582FFE			Custom@1313162067	Scene	50.000000			1	1
00568CB2	COMP_Quest_Intro_Lite_RaiderPunk	RaiderPunk	19	00582FFF			Custom@1313162067	Scene	50.000000			0	0
00568CB2	COMP_Quest_Intro_Lite_RaiderPunk	RaiderPunk	20	00583000			Custom@1313162067	Scene	50.000000			1	1
00568CB2	COMP_Quest_Intro_Lite_RaiderPunk	RaiderPunk	21	00583001			Custom@1313162067	Scene	50.000000			0	0
00568CB2	COMP_Quest_Intro_Lite_RaiderPunk	RaiderPunk	22	00583002			Custom@1313162067	Scene	50.000000			1	1
00568CB2	COMP_Quest_Intro_Lite_RaiderPunk	RaiderPunk	23	00583003			Custom@1313162067	Scene	50.000000			0	0
00568CB2	COMP_Quest_Intro_Lite_RaiderPunk	RaiderPunk	24	00583004			Custom@1313162067	Scene	50.000000			1	2
00568CB2	COMP_Quest_Intro_Lite_RaiderPunk	RaiderPunk	25	00583005			Custom@1313162067	Scene	50.000000			0	0
00568CB2	COMP_Quest_Intro_Lite_RaiderPunk	RaiderPunk	26	00583006			Custom@1313162067	Scene	50.000000			1	1
00568CB2	COMP_Quest_Intro_Lite_RaiderPunk	RaiderPunk	27	00583007			Hello	Miscellaneous	50.000000			6	8
0057235A	COMP_Conversation_Astronaut_Emerson_008_Revelations	Astronaut	0	00572360			Custom@1313162067	Scene	50.000000			1	1
0057235A	COMP_Conversation_Astronaut_Emerson_008_Revelations	Astronaut	1	00572361			Custom@1313162067	Scene	50.000000			1	1
0057235A	COMP_Conversation_Astronaut_Emerson_008_Revelations	Astronaut	2	00572362			Custom@1313162067	Scene	50.000000			1	1
0057235A	COMP_Conversation_Astronaut_Emerson_008_Revelations	Astronaut	3	00572363			Custom@1313162067	Scene	50.000000			1	1
0057235A	COMP_Conversation_Astronaut_Emerson_008_Revelations	Astronaut	4	00572364			Custom@1313162067	Scene	50.000000			1	1
0057235A	COMP_Conversation_Astronaut_Emerson_008_Revelations	Astronaut	5	00572365			Custom@1313162067	Scene	50.000000			1	1
0057235A	COMP_Conversation_Astronaut_Emerson_008_Revelations	Astronaut	6	00572366			Custom@1313162067	Scene	50.000000			1	1
0057235A	COMP_Conversation_Astronaut_Emerson_008_Revelations	Astronaut	7	00572367			Custom@1313162067	Scene	50.000000			1	1
0057235A	COMP_Conversation_Astronaut_Emerson_008_Revelations	Astronaut	8	00572368			Custom@1313162067	Scene	50.000000			1	1
0057235A	COMP_Conversation_Astronaut_Emerson_008_Revelations	Astronaut	9	0058EACE			Custom@1313162067	Scene	50.000000			1	1
0057235A	COMP_Conversation_Astronaut_Emerson_008_Revelations	Astronaut	10	0058EACF			Custom@1313162067	Scene	50.000000			2	6
0057235A	COMP_Conversation_Astronaut_Emerson_008_Revelations	Astronaut	11	0058EAD0			Custom@1313162067	Scene	50.000000			2	6
0057235A	COMP_Conversation_Astronaut_Emerson_008_Revelations	Astronaut	12	0058EAD1			Custom@1313162067	Scene	50.000000			2	6
0057235A	COMP_Conversation_Astronaut_Emerson_008_Revelations	Astronaut	13	0058EAD2			Custom@1313162067	Scene	50.000000			1	1
0057235A	COMP_Conversation_Astronaut_Emerson_008_Revelations	Astronaut	14	0058EAD3			Custom@1313162067	Scene	50.000000			2	6
0057235A	COMP_Conversation_Astronaut_Emerson_008_Revelations	Astronaut	15	0058EAD4			Custom@1313162067	Scene	50.000000			1	1
0057235A	COMP_Conversation_Astronaut_Emerson_008_Revelations	Astronaut	16	0058EAD5			Custom@1313162067	Scene	50.000000			1	1
0057235A	COMP_Conversation_Astronaut_Emerson_008_Revelations	Astronaut	17	0058EAD6			Custom@1313162067	Scene	50.000000			1	1
0057235A	COMP_Conversation_Astronaut_Emerson_008_Revelations	Astronaut	18	0058EAD7			Custom@1313162067	Scene	50.000000			1	1
0057235A	COMP_Conversation_Astronaut_Emerson_008_Revelations	Astronaut	19	0058EAD8			Custom@1313162067	Scene	50.000000			1	1
0057235A	COMP_Conversation_Astronaut_Emerson_008_Revelations	Astronaut	20	0058EAD9			Custom@1313162067	Scene	50.000000			1	2
0057235A	COMP_Conversation_Astronaut_Emerson_008_Revelations	Astronaut	21	0058EAEE			Custom@1313162067	Scene	50.000000			0	0
0057235A	COMP_Conversation_Astronaut_Emerson_008_Revelations	Astronaut	22	0058EAEF			Custom@1313162067	Scene	50.000000			0	0
0057235A	COMP_Conversation_Astronaut_Emerson_008_Revelations	Astronaut	23	0058EAF0			Custom@1313162067	Scene	50.000000			0	0
0057235A	COMP_Conversation_Astronaut_Emerson_008_Revelations	Astronaut	24	0058EAF1			Custom@1313162067	Scene	50.000000			0	0
0057235A	COMP_Conversation_Astronaut_Emerson_008_Revelations	Astronaut	25	0058EAF2			Custom@1313162067	Scene	50.000000			0	0
0057235A	COMP_Conversation_Astronaut_Emerson_008_Revelations	Astronaut	26	0058EAF3			Custom@1313162067	Scene	50.000000			0	0
0057235A	COMP_Conversation_Astronaut_Emerson_008_Revelations	Astronaut	27	0058EAF4			Custom@1313162067	Scene	50.000000			0	0
0057235A	COMP_Conversation_Astronaut_Emerson_008_Revelations	Astronaut	28	0058EAF5			Custom@1313162067	Scene	50.000000			0	0
0057235A	COMP_Conversation_Astronaut_Emerson_008_Revelations	Astronaut	29	0058EAF6			Custom@1313162067	Scene	50.000000			0	0
0057235A	COMP_Conversation_Astronaut_Emerson_008_Revelations	Astronaut	30	0058EAF7			Custom@1313162067	Scene	50.000000			0	0
0057235A	COMP_Conversation_Astronaut_Emerson_008_Revelations	Astronaut	31	0058EAF8			Custom@1313162067	Scene	50.000000			0	0
0057235A	COMP_Conversation_Astronaut_Emerson_008_Revelations	Astronaut	32	005A1762			Hello	Miscellaneous	50.000000			6	8
0057235A	COMP_Conversation_Astronaut_Emerson_008_Revelations	Astronaut	33	005A1763			Greeting	Miscellaneous	50.000000			5	5
0057235A	COMP_Conversation_Astronaut_Emerson_008_Revelations	Astronaut	34	005A1764			Custom@1313162067	Scene	50.000000			0	0
0057235A	COMP_Conversation_Astronaut_Emerson_008_Revelations	Astronaut	35	005A1765			Custom@1313162067	Scene	50.000000			0	0
0057235A	COMP_Conversation_Astronaut_Emerson_008_Revelations	Astronaut	36	005A1766			Custom@1313162067	Scene	50.000000			0	0
0057235A	COMP_Conversation_Astronaut_Emerson_008_Revelations	Astronaut	37	005A1767			Custom@1313162067	Scene	50.000000			0	0
0057235A	COMP_Conversation_Astronaut_Emerson_008_Revelations	Astronaut	38	005A1768			Custom@1313162067	Scene	50.000000			0	0
0057235A	COMP_Conversation_Astronaut_Emerson_008_Revelations	Astronaut	39	005A1769			Custom@1313162067	Scene	50.000000			0	0
0057235A	COMP_Conversation_Astronaut_Emerson_008_Revelations	Astronaut	40	005A19D1			Shared Info	Miscellaneous	50.000000			7	7
0057235A	COMP_Conversation_Astronaut_Emerson_008_Revelations	Astronaut	41	005A19D2			Custom@1313162067	Scene	50.000000			0	0
0057235A	COMP_Conversation_Astronaut_Emerson_008_Revelations	Astronaut	42	005A19D3			Custom@1313162067	Scene	50.000000			1	3
0057235A	COMP_Conversation_Astronaut_Emerson_008_Revelations	Astronaut	43	005A19D4			Custom@1313162067	Scene	50.000000			1	3
0057235A	COMP_Conversation_Astronaut_Emerson_008_Revelations	Astronaut	44	005A19D5			Custom@1313162067	Scene	50.000000			1	3
0057235B	COMP_Conversation_Astronaut_Emerson_011_Scared	Astronaut	0	0057236A			Custom@1313162067	Scene	50.000000			1	2
0057235B	COMP_Conversation_Astronaut_Emerson_011_Scared	Astronaut	1	0057236C			Custom@1313162067	Scene	50.000000			1	1
0057235B	COMP_Conversation_Astronaut_Emerson_011_Scared	Astronaut	2	0057236D			Custom@1313162067	Scene	50.000000			1	2
0057235B	COMP_Conversation_Astronaut_Emerson_011_Scared	Astronaut	3	0057236F			Custom@1313162067	Scene	50.000000			1	1
0057235B	COMP_Conversation_Astronaut_Emerson_011_Scared	Astronaut	4	0058EAFF			Custom@1313162067	Scene	50.000000			1	3
0057235B	COMP_Conversation_Astronaut_Emerson_011_Scared	Astronaut	5	0058EB00			Custom@1313162067	Scene	50.000000			1	2
0057235B	COMP_Conversation_Astronaut_Emerson_011_Scared	Astronaut	6	0058EB01			Custom@1313162067	Scene	50.000000			1	1
0057235B	COMP_Conversation_Astronaut_Emerson_011_Scared	Astronaut	7	0058EB17			Custom@1313162067	Scene	50.000000			0	0
0057235B	COMP_Conversation_Astronaut_Emerson_011_Scared	Astronaut	8	0058EB18			Custom@1313162067	Scene	50.000000			0	0
0057235B	COMP_Conversation_Astronaut_Emerson_011_Scared	Astronaut	9	0058EB19			Custom@1313162067	Scene	50.000000			0	0
0057235B	COMP_Conversation_Astronaut_Emerson_011_Scared	Astronaut	10	005A175E			Hello	Miscellaneous	50.000000			4	6
0057235B	COMP_Conversation_Astronaut_Emerson_011_Scared	Astronaut	11	005A175F			Greeting	Miscellaneous	50.000000			2	2
0057235B	COMP_Conversation_Astronaut_Emerson_011_Scared	Astronaut	12	005A1760			Custom@1313162067	Scene	50.000000			0	0
0057235B	COMP_Conversation_Astronaut_Emerson_011_Scared	Astronaut	13	005A1761			Custom@1313162067	Scene	50.000000			0	0
0057235C	COMP_Conversation_Astronaut_Emerson_005_RegretToInform	Astronaut	0	00572370			Custom@1313162067	Scene	50.000000			1	1
0057235C	COMP_Conversation_Astronaut_Emerson_005_RegretToInform	Astronaut	1	00572372			Custom@1313162067	Scene	50.000000			1	1
0057235C	COMP_Conversation_Astronaut_Emerson_005_RegretToInform	Astronaut	2	00572374			Custom@1313162067	Scene	50.000000			1	1
0057235C	COMP_Conversation_Astronaut_Emerson_005_RegretToInform	Astronaut	3	00572376			Custom@1313162067	Scene	50.000000			1	3
0057235C	COMP_Conversation_Astronaut_Emerson_005_RegretToInform	Astronaut	4	00572378			Custom@1313162067	Scene	50.000000			1	2
0057235C	COMP_Conversation_Astronaut_Emerson_005_RegretToInform	Astronaut	5	00572379			Custom@1313162067	Scene	50.000000			1	2
0057235C	COMP_Conversation_Astronaut_Emerson_005_RegretToInform	Astronaut	6	0057237B			Custom@1313162067	Scene	50.000000			1	1
0057235C	COMP_Conversation_Astronaut_Emerson_005_RegretToInform	Astronaut	7	0057237C			Custom@1313162067	Scene	50.000000			1	1
0057235C	COMP_Conversation_Astronaut_Emerson_005_RegretToInform	Astronaut	8	0057237D			Custom@1313162067	Scene	50.000000			1	1
0057235C	COMP_Conversation_Astronaut_Emerson_005_RegretToInform	Astronaut	9	0058DD6F			Custom@1313162067	Scene	50.000000			1	1
0057235C	COMP_Conversation_Astronaut_Emerson_005_RegretToInform	Astronaut	10	0058DD70			Custom@1313162067	Scene	50.000000			1	1
0057235C	COMP_Conversation_Astronaut_Emerson_005_RegretToInform	Astronaut	11	0058DD71			Custom@1313162067	Scene	50.000000			1	1
0057235C	COMP_Conversation_Astronaut_Emerson_005_RegretToInform	Astronaut	12	0058DD72			Custom@1313162067	Scene	50.000000			1	1
0057235C	COMP_Conversation_Astronaut_Emerson_005_RegretToInform	Astronaut	13	0058DD73			Custom@1313162067	Scene	50.000000			1	1
0057235C	COMP_Conversation_Astronaut_Emerson_005_RegretToInform	Astronaut	14	0058DD74			Custom@1313162067	Scene	50.000000			1	1
0057235C	COMP_Conversation_Astronaut_Emerson_005_RegretToInform	Astronaut	15	0058DD75			Custom@1313162067	Scene	50.000000			1	1
0057235C	COMP_Conversation_Astronaut_Emerson_005_RegretToInform	Astronaut	16	0058DD76			Custom@1313162067	Scene	50.000000			1	1
0057235C	COMP_Conversation_Astronaut_Emerson_005_RegretToInform	Astronaut	17	0058DD77			Custom@1313162067	Scene	50.000000			1	1
0057235C	COMP_Conversation_Astronaut_Emerson_005_RegretToInform	Astronaut	18	005912F6			Custom@1313162067	Scene	50.000000			0	0
0057235C	COMP_Conversation_Astronaut_Emerson_005_RegretToInform	Astronaut	19	005912F7			Custom@1313162067	Scene	50.000000			0	0
0057235C	COMP_Conversation_Astronaut_Emerson_005_RegretToInform	Astronaut	20	005912F8			Custom@1313162067	Scene	50.000000			0	0
0057235C	COMP_Conversation_Astronaut_Emerson_005_RegretToInform	Astronaut	21	005912F9			Custom@1313162067	Scene	50.000000			0	0
0057235C	COMP_Conversation_Astronaut_Emerson_005_RegretToInform	Astronaut	22	005912FA			Custom@1313162067	Scene	50.000000			0	0
0057235C	COMP_Conversation_Astronaut_Emerson_005_RegretToInform	Astronaut	23	005912FB			Custom@1313162067	Scene	50.000000			0	0
0057235C	COMP_Conversation_Astronaut_Emerson_005_RegretToInform	Astronaut	24	005912FC			Custom@1313162067	Scene	50.000000			0	0
0057235C	COMP_Conversation_Astronaut_Emerson_005_RegretToInform	Astronaut	25	005912FD			Custom@1313162067	Scene	50.000000			0	0
0057235C	COMP_Conversation_Astronaut_Emerson_005_RegretToInform	Astronaut	26	005912FE			Custom@1313162067	Scene	50.000000			0	0
0057235C	COMP_Conversation_Astronaut_Emerson_005_RegretToInform	Astronaut	27	005A1758			Hello	Miscellaneous	50.000000			4	6
0057235C	COMP_Conversation_Astronaut_Emerson_005_RegretToInform	Astronaut	28	005A1759			Greeting	Miscellaneous	50.000000			1	1
0057235C	COMP_Conversation_Astronaut_Emerson_005_RegretToInform	Astronaut	29	005A175A			Custom@1313162067	Scene	50.000000			0	0
0057235C	COMP_Conversation_Astronaut_Emerson_005_RegretToInform	Astronaut	30	005A175B			Custom@1313162067	Scene	50.000000			0	0
0057235C	COMP_Conversation_Astronaut_Emerson_005_RegretToInform	Astronaut	31	005A175C			Custom@1313162067	Scene	50.000000			0	0
0057235C	COMP_Conversation_Astronaut_Emerson_005_RegretToInform	Astronaut	32	005A175D			Custom@1313162067	Scene	50.000000			0	0
0057235D	COMP_Conversation_Astronaut_Emerson_014_Athena	Astronaut	0	00572652			Custom@1313162067	Scene	50.000000			2	2
0057235D	COMP_Conversation_Astronaut_Emerson_014_Athena	Astronaut	1	00572656			Custom@1313162067	Scene	50.000000			1	1
0057235D	COMP_Conversation_Astronaut_Emerson_014_Athena	Astronaut	2	00572659			Custom@1313162067	Scene	50.000000			1	2
0057235D	COMP_Conversation_Astronaut_Emerson_014_Athena	Astronaut	3	0057265B			Custom@1313162067	Scene	50.000000			1	1
0057235D	COMP_Conversation_Astronaut_Emerson_014_Athena	Astronaut	4	0057265E			Custom@1313162067	Scene	50.000000			1	1
0057235D	COMP_Conversation_Astronaut_Emerson_014_Athena	Astronaut	5	0057265F			Custom@1313162067	Scene	50.000000			1	1
0057235D	COMP_Conversation_Astronaut_Emerson_014_Athena	Astronaut	6	00572660			Custom@1313162067	Scene	50.000000			1	1
0057235D	COMP_Conversation_Astronaut_Emerson_014_Athena	Astronaut	7	0058F2A0			Custom@1313162067	Scene	50.000000			1	1
0057235D	COMP_Conversation_Astronaut_Emerson_014_Athena	Astronaut	8	0058F2A1			Custom@1313162067	Scene	50.000000			1	1
0057235D	COMP_Conversation_Astronaut_Emerson_014_Athena	Astronaut	9	0058F2A2			Custom@1313162067	Scene	50.000000			1	2
0057235D	COMP_Conversation_Astronaut_Emerson_014_Athena	Astronaut	10	0058F2A3			Custom@1313162067	Scene	50.000000			2	2
0057235D	COMP_Conversation_Astronaut_Emerson_014_Athena	Astronaut	11	0058F2A4			Custom@1313162067	Scene	50.000000			1	1
0057235D	COMP_Conversation_Astronaut_Emerson_014_Athena	Astronaut	12	0058F2A5			Custom@1313162067	Scene	50.000000			1	1
0057235D	COMP_Conversation_Astronaut_Emerson_014_Athena	Astronaut	13	0058F2A6			Custom@1313162067	Scene	50.000000			1	2
0057235D	COMP_Conversation_Astronaut_Emerson_014_Athena	Astronaut	14	0058F2A7			Custom@1313162067	Scene	50.000000			1	1
0057235D	COMP_Conversation_Astronaut_Emerson_014_Athena	Astronaut	15	0058F2A8			Custom@1313162067	Scene	50.000000			1	2
0057235D	COMP_Conversation_Astronaut_Emerson_014_Athena	Astronaut	16	0058F2A9			Custom@1313162067	Scene	50.000000			1	1
0057235D	COMP_Conversation_Astronaut_Emerson_014_Athena	Astronaut	17	0058F2AA			Custom@1313162067	Scene	50.000000			1	4
0057235D	COMP_Conversation_Astronaut_Emerson_014_Athena	Astronaut	18	0058F2AB			Custom@1313162067	Scene	50.000000			1	6
0057235D	COMP_Conversation_Astronaut_Emerson_014_Athena	Astronaut	19	0058F2AC			Custom@1313162067	Scene	50.000000			1	2
0057235D	COMP_Conversation_Astronaut_Emerson_014_Athena	Astronaut	20	0058F2AD			Custom@1313162067	Scene	50.000000			1	1
0057235D	COMP_Conversation_Astronaut_Emerson_014_Athena	Astronaut	21	0058F2AE			Custom@1313162067	Scene	50.000000			1	1
0057235D	COMP_Conversation_Astronaut_Emerson_014_Athena	Astronaut	22	0058F2C4			Custom@1313162067	Scene	50.000000			0	0
0057235D	COMP_Conversation_Astronaut_Emerson_014_Athena	Astronaut	23	0058F2C5			Custom@1313162067	Scene	50.000000			0	0
0057235D	COMP_Conversation_Astronaut_Emerson_014_Athena	Astronaut	24	0058F2C6			Custom@1313162067	Scene	50.000000			0	0
0057235D	COMP_Conversation_Astronaut_Emerson_014_Athena	Astronaut	25	0058F2C7			Custom@1313162067	Scene	50.000000			0	0
0057235D	COMP_Conversation_Astronaut_Emerson_014_Athena	Astronaut	26	0058F2C8			Custom@1313162067	Scene	50.000000			0	0
0057235D	COMP_Conversation_Astronaut_Emerson_014_Athena	Astronaut	27	0058F2C9			Custom@1313162067	Scene	50.000000			0	0
0057235D	COMP_Conversation_Astronaut_Emerson_014_Athena	Astronaut	28	0058F2CA			Custom@1313162067	Scene	50.000000			0	0
0057235D	COMP_Conversation_Astronaut_Emerson_014_Athena	Astronaut	29	0058F2CB			Custom@1313162067	Scene	50.000000			0	0
0057235D	COMP_Conversation_Astronaut_Emerson_014_Athena	Astronaut	30	0058F2CC			Custom@1313162067	Scene	50.000000			0	0
0057235D	COMP_Conversation_Astronaut_Emerson_014_Athena	Astronaut	31	0058F2CD			Custom@1313162067	Scene	50.000000			0	0
0057235D	COMP_Conversation_Astronaut_Emerson_014_Athena	Astronaut	32	0058F2CE			Custom@1313162067	Scene	50.000000			0	0
0057235D	COMP_Conversation_Astronaut_Emerson_014_Athena	Astronaut	33	0058F2CF			Custom@1313162067	Scene	50.000000			0	0
0057235D	COMP_Conversation_Astronaut_Emerson_014_Athena	Astronaut	34	005A03CE			Custom@1313162067	Scene	50.000000			1	1
0057235D	COMP_Conversation_Astronaut_Emerson_014_Athena	Astronaut	35	005A0F4C			Custom@1313162067	Scene	50.000000			0	0
0057235D	COMP_Conversation_Astronaut_Emerson_014_Athena	Astronaut	36	005A0F4D			Custom@1313162067	Scene	50.000000			0	0
0057235D	COMP_Conversation_Astronaut_Emerson_014_Athena	Astronaut	37	005A0F4E			Custom@1313162067	Scene	50.000000			1	2
0057235D	COMP_Conversation_Astronaut_Emerson_014_Athena	Astronaut	38	005A0F4F			Custom@1313162067	Scene	50.000000			1	2
0057235D	COMP_Conversation_Astronaut_Emerson_014_Athena	Astronaut	39	005A0F50			Custom@1313162067	Scene	50.000000			1	1
0057235D	COMP_Conversation_Astronaut_Emerson_014_Athena	Astronaut	40	005A0F51			Custom@1313162067	Scene	50.000000			1	3
0057235D	COMP_Conversation_Astronaut_Emerson_014_Athena	Astronaut	41	005A174D			Hello	Miscellaneous	50.000000			9	13
0057235D	COMP_Conversation_Astronaut_Emerson_014_Athena	Astronaut	42	005A174E			Greeting	Miscellaneous	50.000000			1	1
0057235D	COMP_Conversation_Astronaut_Emerson_014_Athena	Astronaut	43	005A174F			Custom@1313162067	Scene	50.000000			0	0
0057235D	COMP_Conversation_Astronaut_Emerson_014_Athena	Astronaut	44	005A1750			Custom@1313162067	Scene	50.000000			0	0
0057235D	COMP_Conversation_Astronaut_Emerson_014_Athena	Astronaut	45	005A1751			Custom@1313162067	Scene	50.000000			0	0
0057235D	COMP_Conversation_Astronaut_Emerson_014_Athena	Astronaut	46	005A1752			Custom@1313162067	Scene	50.000000			0	0
0057235D	COMP_Conversation_Astronaut_Emerson_014_Athena	Astronaut	47	005A1753			Custom@1313162067	Scene	50.000000			0	0
0057235D	COMP_Conversation_Astronaut_Emerson_014_Athena	Astronaut	48	005A1754			Custom@1313162067	Scene	50.000000			0	0
0057235D	COMP_Conversation_Astronaut_Emerson_014_Athena	Astronaut	49	005A1755			Custom@1313162067	Scene	50.000000			0	0
0057235D	COMP_Conversation_Astronaut_Emerson_014_Athena	Astronaut	50	005A1756			Custom@1313162067	Scene	50.000000			0	0
0057235D	COMP_Conversation_Astronaut_Emerson_014_Athena	Astronaut	51	005A1757			Custom@1313162067	Scene	50.000000			0	0
00574621	COMP_Conversation_Astronaut_Athena_017_Optional	Astronaut	0	0057462B			Shared Info	Miscellaneous	50.000000			4	4
00574621	COMP_Conversation_Astronaut_Athena_017_Optional	Astronaut	1	0057462E			Idle	Miscellaneous	50.000000			0	0
00574621	COMP_Conversation_Astronaut_Athena_017_Optional	Astronaut	2	0057462F			Custom@1313162067	Scene	50.000000			1	2
00574621	COMP_Conversation_Astronaut_Athena_017_Optional	Astronaut	3	00574630			Custom@1313162067	Scene	50.000000			1	2
00574621	COMP_Conversation_Astronaut_Athena_017_Optional	Astronaut	4	00574631			Custom@1313162067	Scene	50.000000			1	1
00574621	COMP_Conversation_Astronaut_Athena_017_Optional	Astronaut	5	00574632			Custom@1313162067	Scene	50.000000			1	1
00574621	COMP_Conversation_Astronaut_Athena_017_Optional	Astronaut	6	00574633			Custom@1313162067	Scene	50.000000			1	1
00574621	COMP_Conversation_Astronaut_Athena_017_Optional	Astronaut	7	00574634			Custom@1313162067	Scene	50.000000			1	1
00574621	COMP_Conversation_Astronaut_Athena_017_Optional	Astronaut	8	00574635			Custom@1313162067	Scene	50.000000			0	0
00574621	COMP_Conversation_Astronaut_Athena_017_Optional	Astronaut	9	00574636			Custom@1313162067	Scene	50.000000			1	1
00574621	COMP_Conversation_Astronaut_Athena_017_Optional	Astronaut	10	00574637			Custom@1313162067	Scene	50.000000			0	0
00574621	COMP_Conversation_Astronaut_Athena_017_Optional	Astronaut	11	00574638			Custom@1313162067	Scene	50.000000			1	1
00574621	COMP_Conversation_Astronaut_Athena_017_Optional	Astronaut	12	00574639			Custom@1313162067	Scene	50.000000			0	0
00574621	COMP_Conversation_Astronaut_Athena_017_Optional	Astronaut	13	0057463A			Custom@1313162067	Scene	50.000000			1	1
00574621	COMP_Conversation_Astronaut_Athena_017_Optional	Astronaut	14	0057463B			Custom@1313162067	Scene	50.000000			2	2
00574621	COMP_Conversation_Astronaut_Athena_017_Optional	Astronaut	15	0057463C			Greeting	Miscellaneous	50.000000			1	1
00574621	COMP_Conversation_Astronaut_Athena_017_Optional	Astronaut	16	005A19CB			Hello	Miscellaneous	50.000000			7	11
00574621	COMP_Conversation_Astronaut_Athena_017_Optional	Astronaut	17	005A19CC			Custom@1313162067	Scene	50.000000			1	1
00574621	COMP_Conversation_Astronaut_Athena_017_Optional	Astronaut	18	005A19CD			Custom@1313162067	Scene	50.000000			0	0
00574621	COMP_Conversation_Astronaut_Athena_017_Optional	Astronaut	19	005A19CE			Custom@1313162067	Scene	50.000000			0	0
00574621	COMP_Conversation_Astronaut_Athena_017_Optional	Astronaut	20	005A19CF			Custom@1313162067	Scene	50.000000			0	0
00574621	COMP_Conversation_Astronaut_Athena_017_Optional	Astronaut	21	005A19D0			Custom@1313162067	Scene	50.000000			0	0
00574622	COMP_Conversation_Astronaut_Emerson_020_Vendor_CUT	Astronaut	0	0057463D			Idle	Miscellaneous	50.000000			6	8
00574622	COMP_Conversation_Astronaut_Emerson_020_Vendor_CUT	Astronaut	1	0057463E			Shared Info	Miscellaneous	50.000000			8	10
00574622	COMP_Conversation_Astronaut_Emerson_020_Vendor_CUT	Astronaut	2	0057463F			Greeting	Miscellaneous	50.000000			8	12
00574623	COMP_Conversation_Astronaut_Emerson_017_Optional	Astronaut	0	00574626			Idle	Miscellaneous	50.000000			0	0
00574623	COMP_Conversation_Astronaut_Emerson_017_Optional	Astronaut	1	00574640			Custom@1313162067	Scene	50.000000			1	1
00574623	COMP_Conversation_Astronaut_Emerson_017_Optional	Astronaut	2	00574641			Custom@1313162067	Scene	50.000000			1	1
00574623	COMP_Conversation_Astronaut_Emerson_017_Optional	Astronaut	3	00574642			Custom@1313162067	Scene	50.000000			1	1
00574623	COMP_Conversation_Astronaut_Emerson_017_Optional	Astronaut	4	00574643			Greeting	Miscellaneous	50.000000			2	4
00574623	COMP_Conversation_Astronaut_Emerson_017_Optional	Astronaut	5	005A174C			Hello	Miscellaneous	50.000000			9	11
00574623	COMP_Conversation_Astronaut_Emerson_017_Optional	Astronaut	6	005A19C9			Custom@1313162067	Scene	50.000000			0	0
00574623	COMP_Conversation_Astronaut_Emerson_017_Optional	Astronaut	7	005A19CA			Custom@1313162067	Scene	50.000000			0	0
00574624	COMP_Conversation_Astronaut_Athena_020_Vendor_CUT	Astronaut	0	00574629			Shared Info	Miscellaneous	50.000000			2	6
00574624	COMP_Conversation_Astronaut_Athena_020_Vendor_CUT	Astronaut	1	0057462A			Hello	Miscellaneous	50.000000			6	8
00574624	COMP_Conversation_Astronaut_Athena_020_Vendor_CUT	Astronaut	2	0057462C			Idle	Miscellaneous	50.000000			16	18
00574624	COMP_Conversation_Astronaut_Athena_020_Vendor_CUT	Astronaut	3	0057462D			Greeting	Miscellaneous	50.000000			7	11
00582153	COMP_Quest_Intro_Lite_Hunter	Hunter	0	00585BE3			Custom@1313162067	Scene	50.000000			1	1
00582153	COMP_Quest_Intro_Lite_Hunter	Hunter	1	00585BE4			Custom@1313162067	Scene	50.000000			1	1
00582153	COMP_Quest_Intro_Lite_Hunter	Hunter	2	00585BE5			Custom@1313162067	Scene	50.000000			1	1
00582153	COMP_Quest_Intro_Lite_Hunter	Hunter	3	00585BE6			Custom@1313162067	Scene	50.000000			1	1
00582153	COMP_Quest_Intro_Lite_Hunter	Hunter	4	00585BE7			Custom@1313162067	Scene	50.000000			1	2
00582153	COMP_Quest_Intro_Lite_Hunter	Hunter	5	00585BE8			Custom@1313162067	Scene	50.000000			1	1
00582153	COMP_Quest_Intro_Lite_Hunter	Hunter	6	00585BE9			Custom@1313162067	Scene	50.000000			1	1
00582153	COMP_Quest_Intro_Lite_Hunter	Hunter	7	00585BEA			Custom@1313162067	Scene	50.000000			1	1
00582153	COMP_Quest_Intro_Lite_Hunter	Hunter	8	00585BEB			Custom@1313162067	Scene	50.000000			1	1
00582153	COMP_Quest_Intro_Lite_Hunter	Hunter	9	00585BEC			Custom@1313162067	Scene	50.000000			1	1
00582153	COMP_Quest_Intro_Lite_Hunter	Hunter	10	00585BED			Custom@1313162067	Scene	50.000000			1	1
00582153	COMP_Quest_Intro_Lite_Hunter	Hunter	11	00585BEE			Custom@1313162067	Scene	50.000000			1	1
00582153	COMP_Quest_Intro_Lite_Hunter	Hunter	12	00585BEF			Custom@1313162067	Scene	50.000000			1	1
00582153	COMP_Quest_Intro_Lite_Hunter	Hunter	13	00585BF0			Custom@1313162067	Scene	50.000000			1	4
00582153	COMP_Quest_Intro_Lite_Hunter	Hunter	14	00585BF1			Idle	Miscellaneous	50.000000			6	8
00582153	COMP_Quest_Intro_Lite_Hunter	Hunter	15	00585BF2			Hello	Miscellaneous	50.000000			6	8
00582153	COMP_Quest_Intro_Lite_Hunter	Hunter	16	00585BF3			Greeting	Miscellaneous	50.000000			12	16
00582153	COMP_Quest_Intro_Lite_Hunter	Hunter	17	00585CED			Custom@1313162067	Scene	50.000000			0	0
00582153	COMP_Quest_Intro_Lite_Hunter	Hunter	18	00585CEE			Custom@1313162067	Scene	50.000000			0	0
00582153	COMP_Quest_Intro_Lite_Hunter	Hunter	19	00585CEF			Custom@1313162067	Scene	50.000000			0	0
00582153	COMP_Quest_Intro_Lite_Hunter	Hunter	20	00585CF0			Custom@1313162067	Scene	50.000000			0	0
00582153	COMP_Quest_Intro_Lite_Hunter	Hunter	21	00585CF1			Custom@1313162067	Scene	50.000000			0	0
00582153	COMP_Quest_Intro_Lite_Hunter	Hunter	22	00585CF2			Custom@1313162067	Scene	50.000000			0	0
00582153	COMP_Quest_Intro_Lite_Hunter	Hunter	23	00585CF3			Custom@1313162067	Scene	50.000000			0	0
00582153	COMP_Quest_Intro_Lite_Hunter	Hunter	24	00585CF4			Custom@1313162067	Scene	50.000000			0	0
00582153	COMP_Quest_Intro_Lite_Hunter	Hunter	25	00585CF5			Custom@1313162067	Scene	50.000000			0	0
00582153	COMP_Quest_Intro_Lite_Hunter	Hunter	26	00585CF6			Custom@1313162067	Scene	50.000000			0	0
00582153	COMP_Quest_Intro_Lite_Hunter	Hunter	27	00585CF7			Custom@1313162067	Scene	50.000000			0	0
00582155	COMP_Quest_Camp_Lite_Beggar	Beggar	0	00582189			Greeting	Miscellaneous	50.000000			30	38
00582155	COMP_Quest_Camp_Lite_Beggar	Beggar	1	0058218A			Custom@1313162067	Scene	50.000000			18	24
00582155	COMP_Quest_Camp_Lite_Beggar	Beggar	2	0058218B			Custom@1313162067	Scene	50.000000			6	8
00582155	COMP_Quest_Camp_Lite_Beggar	Beggar	3	0058218C			Custom@1313162067	Scene	50.000000			0	0
00582155	COMP_Quest_Camp_Lite_Beggar	Beggar	4	0058218D			Custom@1313162067	Scene	50.000000			20	30
00582155	COMP_Quest_Camp_Lite_Beggar	Beggar	5	0058218E			Custom@1313162067	Scene	50.000000			0	0
00582155	COMP_Quest_Camp_Lite_Beggar	Beggar	6	0058218F			Custom@1313162067	Scene	50.000000			32	44
00582155	COMP_Quest_Camp_Lite_Beggar	Beggar	7	00582190			Custom@1313162067	Scene	50.000000			0	0
00582155	COMP_Quest_Camp_Lite_Beggar	Beggar	8	00582191			Custom@1313162067	Scene	50.000000			180	278
00582155	COMP_Quest_Camp_Lite_Beggar	Beggar	9	00582192			Custom@1313162067	Scene	50.000000			0	0
00582155	COMP_Quest_Camp_Lite_Beggar	Beggar	10	00582193			Custom@1313162067	Scene	50.000000			101	155
00582155	COMP_Quest_Camp_Lite_Beggar	Beggar	11	00582194			Custom@1313162067	Scene	50.000000			0	0
00582155	COMP_Quest_Camp_Lite_Beggar	Beggar	12	00582195			Custom@1313162067	Scene	50.000000			184	276
00582155	COMP_Quest_Camp_Lite_Beggar	Beggar	13	00582196			Custom@1313162067	Scene	50.000000			0	0
00582155	COMP_Quest_Camp_Lite_Beggar	Beggar	14	00582197			Custom@1313162067	Scene	50.000000			28	40
00582155	COMP_Quest_Camp_Lite_Beggar	Beggar	15	00585B4D			Hello	Miscellaneous	50.000000			11	13
00582155	COMP_Quest_Camp_Lite_Beggar	Beggar	16	00585B4E			Idle	Miscellaneous	50.000000			31	35
00582156	COMP_Conversation_Beckett_Visitor_011_Sage	Beckett	0	00590562			Custom@1313162067	Scene	50.000000			1	2
00582156	COMP_Conversation_Beckett_Visitor_011_Sage	Beckett	1	00590563			Custom@1313162067	Scene	50.000000			1	1
00582156	COMP_Conversation_Beckett_Visitor_011_Sage	Beckett	2	00590564			Custom@1313162067	Scene	50.000000			1	1
00582156	COMP_Conversation_Beckett_Visitor_011_Sage	Beckett	3	00590573			Custom@1313162067	Scene	50.000000			1	2
00582156	COMP_Conversation_Beckett_Visitor_011_Sage	Beckett	4	00590574			Custom@1313162067	Scene	50.000000			1	1
00582156	COMP_Conversation_Beckett_Visitor_011_Sage	Beckett	5	00590575			Custom@1313162067	Scene	50.000000			1	1
00582156	COMP_Conversation_Beckett_Visitor_011_Sage	Beckett	6	00590576			Custom@1313162067	Scene	50.000000			1	1
00582156	COMP_Conversation_Beckett_Visitor_011_Sage	Beckett	7	005A002C			Custom@1313162067	Scene	50.000000			1	1
00582156	COMP_Conversation_Beckett_Visitor_011_Sage	Beckett	8	005A002D			Custom@1313162067	Scene	50.000000			1	2
00582156	COMP_Conversation_Beckett_Visitor_011_Sage	Beckett	9	005A1936			Custom@1313162067	Scene	50.000000			0	0
00582156	COMP_Conversation_Beckett_Visitor_011_Sage	Beckett	10	005A1937			Hello	Miscellaneous	50.000000			4	6
00582156	COMP_Conversation_Beckett_Visitor_011_Sage	Beckett	11	005A1938			Greeting	Miscellaneous	50.000000			1	1
00582157	COMP_Conversation_Beckett_Visitor_PQ_Pet	Beckett	0	005905FA			Custom@1313162067	Scene	50.000000			1	1
00582157	COMP_Conversation_Beckett_Visitor_PQ_Pet	Beckett	1	005905FB			Custom@1313162067	Scene	50.000000			0	0
00582157	COMP_Conversation_Beckett_Visitor_PQ_Pet	Beckett	2	005905FC			Custom@1313162067	Scene	50.000000			1	1
00582157	COMP_Conversation_Beckett_Visitor_PQ_Pet	Beckett	3	005905FD			Custom@1313162067	Scene	50.000000			0	0
00582157	COMP_Conversation_Beckett_Visitor_PQ_Pet	Beckett	4	005905FE			Custom@1313162067	Scene	50.000000			1	1
00582157	COMP_Conversation_Beckett_Visitor_PQ_Pet	Beckett	5	005905FF			Custom@1313162067	Scene	50.000000			0	0
00582157	COMP_Conversation_Beckett_Visitor_PQ_Pet	Beckett	6	00590600			Custom@1313162067	Scene	50.000000			1	1
00582157	COMP_Conversation_Beckett_Visitor_PQ_Pet	Beckett	7	00590601			Custom@1313162067	Scene	50.000000			0	0
00582157	COMP_Conversation_Beckett_Visitor_PQ_Pet	Beckett	8	00590602			Custom@1313162067	Scene	50.000000			1	1
00582157	COMP_Conversation_Beckett_Visitor_PQ_Pet	Beckett	9	00590603			Custom@1313162067	Scene	50.000000			0	0
00582157	COMP_Conversation_Beckett_Visitor_PQ_Pet	Beckett	10	00590604			Custom@1313162067	Scene	50.000000			1	1
00582157	COMP_Conversation_Beckett_Visitor_PQ_Pet	Beckett	11	00590605			Custom@1313162067	Scene	50.000000			0	0
00582157	COMP_Conversation_Beckett_Visitor_PQ_Pet	Beckett	12	00590606			Custom@1313162067	Scene	50.000000			1	1
00582157	COMP_Conversation_Beckett_Visitor_PQ_Pet	Beckett	13	00590607			Custom@1313162067	Scene	50.000000			0	0
00582157	COMP_Conversation_Beckett_Visitor_PQ_Pet	Beckett	14	00590608			Custom@1313162067	Scene	50.000000			1	2
00582157	COMP_Conversation_Beckett_Visitor_PQ_Pet	Beckett	15	00590609			Custom@1313162067	Scene	50.000000			1	2
00582157	COMP_Conversation_Beckett_Visitor_PQ_Pet	Beckett	16	0059060A			Custom@1313162067	Scene	50.000000			0	0
00582157	COMP_Conversation_Beckett_Visitor_PQ_Pet	Beckett	17	0059060B			Custom@1313162067	Scene	50.000000			1	1
00582157	COMP_Conversation_Beckett_Visitor_PQ_Pet	Beckett	18	0059060C			Custom@1313162067	Scene	50.000000			0	0
00582157	COMP_Conversation_Beckett_Visitor_PQ_Pet	Beckett	19	0059060D			Custom@1313162067	Scene	50.000000			1	1
00582157	COMP_Conversation_Beckett_Visitor_PQ_Pet	Beckett	20	0059060E			Custom@1313162067	Scene	50.000000			0	0
00582157	COMP_Conversation_Beckett_Visitor_PQ_Pet	Beckett	21	0059060F			Custom@1313162067	Scene	50.000000			1	1
00582157	COMP_Conversation_Beckett_Visitor_PQ_Pet	Beckett	22	005A1930			Custom@1313162067	Scene	50.000000			0	0
00582157	COMP_Conversation_Beckett_Visitor_PQ_Pet	Beckett	23	005A1931			Custom@1313162067	Scene	50.000000			0	0
00582157	COMP_Conversation_Beckett_Visitor_PQ_Pet	Beckett	24	005A1932			Custom@1313162067	Scene	50.000000			0	0
00582157	COMP_Conversation_Beckett_Visitor_PQ_Pet	Beckett	25	005A1933			Custom@1313162067	Scene	50.000000			0	0
00582157	COMP_Conversation_Beckett_Visitor_PQ_Pet	Beckett	26	005A1934			Custom@1313162067	Scene	50.000000			0	0
00582157	COMP_Conversation_Beckett_Visitor_PQ_Pet	Beckett	27	005A1935			Greeting	Miscellaneous	50.000000			1	1
00582162	COMP_Quest_Camp_Full_Beckett	Beckett	0	005821C6			Idle	Miscellaneous	50.000000			36	41
00582162	COMP_Quest_Camp_Full_Beckett	Beckett	1	005821C7			Hello	Miscellaneous	50.000000			52	60
00582162	COMP_Quest_Camp_Full_Beckett	Beckett	2	005821C8			Greeting	Miscellaneous	50.000000			83	113
00582162	COMP_Quest_Camp_Full_Beckett	Beckett	3	005821EF			Shared Info	Miscellaneous	50.000000			145	208
00582162	COMP_Quest_Camp_Full_Beckett	Beckett	4	005821F1		Eh, maybe later.	Custom@1313162067	Scene	50.000000			7	9
00582162	COMP_Quest_Camp_Full_Beckett	Beckett	5	005821F2			Custom@1313162067	Scene	50.000000			0	0
00582162	COMP_Quest_Camp_Full_Beckett	Beckett	6	005821F3		Consider it done.	Custom@1313162067	Scene	50.000000			55	117
00582162	COMP_Quest_Camp_Full_Beckett	Beckett	7	005821F4			Custom@1313162067	Scene	50.000000			0	0
00582162	COMP_Quest_Camp_Full_Beckett	Beckett	8	005821F5		How did you find out about this?	Custom@1313162067	Scene	50.000000			50	118
00582162	COMP_Quest_Camp_Full_Beckett	Beckett	9	005821F6			Custom@1313162067	Scene	50.000000			0	0
00582162	COMP_Quest_Camp_Full_Beckett	Beckett	10	005821F7		Anything dangerous around there?	Custom@1313162067	Scene	50.000000			176	293
00582162	COMP_Quest_Camp_Full_Beckett	Beckett	11	005821F8			Custom@1313162067	Scene	50.000000			0	0
00582162	COMP_Quest_Camp_Full_Beckett	Beckett	12	005821F9		Where do I need to go?	Custom@1313162067	Scene	50.000000			100	159
00582162	COMP_Quest_Camp_Full_Beckett	Beckett	13	005821FA			Custom@1313162067	Scene	50.000000			0	0
00582162	COMP_Quest_Camp_Full_Beckett	Beckett	14	005821FB		What am I supposed to do?	Custom@1313162067	Scene	50.000000			180	278
00582162	COMP_Quest_Camp_Full_Beckett	Beckett	15	005821FC			Custom@1313162067	Scene	50.000000			0	0
00582162	COMP_Quest_Camp_Full_Beckett	Beckett	16	005821FD			Custom@1313162067	Scene	50.000000			50	66
00582162	COMP_Quest_Camp_Full_Beckett	Beckett	17	0058F922			Custom@1313162067	Scene	50.000000			1	1
00582162	COMP_Quest_Camp_Full_Beckett	Beckett	18	0058F923			Custom@1313162067	Scene	50.000000			0	0
00582162	COMP_Quest_Camp_Full_Beckett	Beckett	19	0058F924			Custom@1313162067	Scene	50.000000			1	3
00582162	COMP_Quest_Camp_Full_Beckett	Beckett	20	0058F925			Custom@1313162067	Scene	50.000000			0	0
00582162	COMP_Quest_Camp_Full_Beckett	Beckett	21	0058F926			Custom@1313162067	Scene	50.000000			1	1
00582162	COMP_Quest_Camp_Full_Beckett	Beckett	22	0058F927			Custom@1313162067	Scene	50.000000			0	0
00582162	COMP_Quest_Camp_Full_Beckett	Beckett	23	0058F928			Custom@1313162067	Scene	50.000000			1	2
00582162	COMP_Quest_Camp_Full_Beckett	Beckett	24	0058F929			Custom@1313162067	Scene	50.000000			1	1
00582162	COMP_Quest_Camp_Full_Beckett	Beckett	25	0058F92A			Custom@1313162067	Scene	50.000000			0	0
00582162	COMP_Quest_Camp_Full_Beckett	Beckett	26	0058F92B			Custom@1313162067	Scene	50.000000			1	1
00582162	COMP_Quest_Camp_Full_Beckett	Beckett	27	0058F92C			Custom@1313162067	Scene	50.000000			0	0
00582162	COMP_Quest_Camp_Full_Beckett	Beckett	28	0058F92D			Custom@1313162067	Scene	50.000000			1	1
00582162	COMP_Quest_Camp_Full_Beckett	Beckett	29	0058F92E			Custom@1313162067	Scene	50.000000			0	0
00582162	COMP_Quest_Camp_Full_Beckett	Beckett	30	0058F92F			Custom@1313162067	Scene	50.000000			1	1
00582162	COMP_Quest_Camp_Full_Beckett	Beckett	31	00590580			Custom@1313162067	Scene	50.000000			1	2
00582162	COMP_Quest_Camp_Full_Beckett	Beckett	32	00590581			Custom@1313162067	Scene	50.000000			0	0
00582162	COMP_Quest_Camp_Full_Beckett	Beckett	33	00590582			Custom@1313162067	Scene	50.000000			1	3
00582162	COMP_Quest_Camp_Full_Beckett	Beckett	34	00590583			Custom@1313162067	Scene	50.000000			0	0
00582162	COMP_Quest_Camp_Full_Beckett	Beckett	35	00590588			Custom@1313162067	Scene	50.000000			1	3
00582162	COMP_Quest_Camp_Full_Beckett	Beckett	36	00590589			Custom@1313162067	Scene	50.000000			0	0
00582162	COMP_Quest_Camp_Full_Beckett	Beckett	37	0059058C			Custom@1313162067	Scene	50.000000			1	1
00582162	COMP_Quest_Camp_Full_Beckett	Beckett	38	0059058D			Custom@1313162067	Scene	50.000000			0	0
00582162	COMP_Quest_Camp_Full_Beckett	Beckett	39	0059058E			Custom@1313162067	Scene	50.000000			1	2
00582162	COMP_Quest_Camp_Full_Beckett	Beckett	40	0059058F			Custom@1313162067	Scene	50.000000			0	0
00582162	COMP_Quest_Camp_Full_Beckett	Beckett	41	00590592			Custom@1313162067	Scene	50.000000			1	2
00582162	COMP_Quest_Camp_Full_Beckett	Beckett	42	00590593			Custom@1313162067	Scene	50.000000			0	0
00582162	COMP_Quest_Camp_Full_Beckett	Beckett	43	00590594			Custom@1313162067	Scene	50.000000			1	2
00582162	COMP_Quest_Camp_Full_Beckett	Beckett	44	00590595			Custom@1313162067	Scene	50.000000			0	0
00582162	COMP_Quest_Camp_Full_Beckett	Beckett	45	00590596			Custom@1313162067	Scene	50.000000			1	2
00582162	COMP_Quest_Camp_Full_Beckett	Beckett	46	005905A6			Custom@1313162067	Scene	50.000000			1	1
00582162	COMP_Quest_Camp_Full_Beckett	Beckett	47	005905A8			Custom@1313162067	Scene	50.000000			1	3
00582162	COMP_Quest_Camp_Full_Beckett	Beckett	48	005905A9			Custom@1313162067	Scene	50.000000			0	0
00582162	COMP_Quest_Camp_Full_Beckett	Beckett	49	005905AA			Custom@1313162067	Scene	50.000000			1	1
00582162	COMP_Quest_Camp_Full_Beckett	Beckett	50	005905AB			Custom@1313162067	Scene	50.000000			0	0
00582162	COMP_Quest_Camp_Full_Beckett	Beckett	51	005905AE			Custom@1313162067	Scene	50.000000			1	2
00582162	COMP_Quest_Camp_Full_Beckett	Beckett	52	005905AF			Custom@1313162067	Scene	50.000000			0	0
00582162	COMP_Quest_Camp_Full_Beckett	Beckett	53	005905B4			Custom@1313162067	Scene	50.000000			1	2
00582162	COMP_Quest_Camp_Full_Beckett	Beckett	54	005905B5			Custom@1313162067	Scene	50.000000			0	0
00582162	COMP_Quest_Camp_Full_Beckett	Beckett	55	005905BA			Custom@1313162067	Scene	50.000000			1	2
00582162	COMP_Quest_Camp_Full_Beckett	Beckett	56	005905BD			Custom@1313162067	Scene	50.000000			1	1
00582162	COMP_Quest_Camp_Full_Beckett	Beckett	57	005905BE			Custom@1313162067	Scene	50.000000			0	0
00582162	COMP_Quest_Camp_Full_Beckett	Beckett	58	005905C1			Custom@1313162067	Scene	50.000000			1	3
00582162	COMP_Quest_Camp_Full_Beckett	Beckett	59	005905C2			Custom@1313162067	Scene	50.000000			0	0
00582162	COMP_Quest_Camp_Full_Beckett	Beckett	60	005905C3			Custom@1313162067	Scene	50.000000			1	3
00582162	COMP_Quest_Camp_Full_Beckett	Beckett	61	005905C4			Custom@1313162067	Scene	50.000000			0	0
00582162	COMP_Quest_Camp_Full_Beckett	Beckett	62	005905C5			Custom@1313162067	Scene	50.000000			1	3
00582162	COMP_Quest_Camp_Full_Beckett	Beckett	63	005905C6			Custom@1313162067	Scene	50.000000			0	0
00582162	COMP_Quest_Camp_Full_Beckett	Beckett	64	005905C7			Custom@1313162067	Scene	50.000000			1	2
00582162	COMP_Quest_Camp_Full_Beckett	Beckett	65	005905CA			Custom@1313162067	Scene	50.000000			1	1
00582162	COMP_Quest_Camp_Full_Beckett	Beckett	66	005905CB			Custom@1313162067	Scene	50.000000			0	0
00582162	COMP_Quest_Camp_Full_Beckett	Beckett	67	005905E6			Custom@1313162067	Scene	50.000000			1	1
00582162	COMP_Quest_Camp_Full_Beckett	Beckett	68	005905E7			Custom@1313162067	Scene	50.000000			0	0
00582162	COMP_Quest_Camp_Full_Beckett	Beckett	69	005905EC			Custom@1313162067	Scene	50.000000			1	3
00582162	COMP_Quest_Camp_Full_Beckett	Beckett	70	005905ED			Custom@1313162067	Scene	50.000000			0	0
00582162	COMP_Quest_Camp_Full_Beckett	Beckett	71	00590610			Custom@1313162067	Scene	50.000000			1	2
00582162	COMP_Quest_Camp_Full_Beckett	Beckett	72	00590611			Custom@1313162067	Scene	50.000000			1	1
00582162	COMP_Quest_Camp_Full_Beckett	Beckett	73	00590612			Custom@1313162067	Scene	50.000000			0	0
00582162	COMP_Quest_Camp_Full_Beckett	Beckett	74	00590613			Custom@1313162067	Scene	50.000000			1	1
00582162	COMP_Quest_Camp_Full_Beckett	Beckett	75	00590614			Custom@1313162067	Scene	50.000000			0	0
00582162	COMP_Quest_Camp_Full_Beckett	Beckett	76	00590617			Custom@1313162067	Scene	50.000000			1	3
00582162	COMP_Quest_Camp_Full_Beckett	Beckett	77	00590618			Custom@1313162067	Scene	50.000000			0	0
00582162	COMP_Quest_Camp_Full_Beckett	Beckett	78	00590619			Custom@1313162067	Scene	50.000000			1	3
00582162	COMP_Quest_Camp_Full_Beckett	Beckett	79	0059061A			Custom@1313162067	Scene	50.000000			0	0
00582162	COMP_Quest_Camp_Full_Beckett	Beckett	80	0059061D			Custom@1313162067	Scene	50.000000			1	1
00582162	COMP_Quest_Camp_Full_Beckett	Beckett	81	0059061E			Custom@1313162067	Scene	50.000000			0	0
00582162	COMP_Quest_Camp_Full_Beckett	Beckett	82	0059061F			Custom@1313162067	Scene	50.000000			1	3
00582162	COMP_Quest_Camp_Full_Beckett	Beckett	83	0059062D			Custom@1313162067	Scene	50.000000			1	1
00582162	COMP_Quest_Camp_Full_Beckett	Beckett	84	0059062E			Custom@1313162067	Scene	50.000000			0	0
00582162	COMP_Quest_Camp_Full_Beckett	Beckett	85	0059062F			Custom@1313162067	Scene	50.000000			1	1
00582162	COMP_Quest_Camp_Full_Beckett	Beckett	86	00590630			Custom@1313162067	Scene	50.000000			0	0
00582162	COMP_Quest_Camp_Full_Beckett	Beckett	87	00590633			Custom@1313162067	Scene	50.000000			1	3
00582162	COMP_Quest_Camp_Full_Beckett	Beckett	88	00590634			Custom@1313162067	Scene	50.000000			0	0
00582162	COMP_Quest_Camp_Full_Beckett	Beckett	89	00590635			Custom@1313162067	Scene	50.000000			1	1
00582162	COMP_Quest_Camp_Full_Beckett	Beckett	90	00590636			Custom@1313162067	Scene	50.000000			0	0
00582162	COMP_Quest_Camp_Full_Beckett	Beckett	91	00590637			Custom@1313162067	Scene	50.000000			1	3
00582162	COMP_Quest_Camp_Full_Beckett	Beckett	92	00590638			Custom@1313162067	Scene	50.000000			0	0
00582162	COMP_Quest_Camp_Full_Beckett	Beckett	93	0059063B			Custom@1313162067	Scene	50.000000			1	2
00582162	COMP_Quest_Camp_Full_Beckett	Beckett	94	0059063C			Custom@1313162067	Scene	50.000000			1	1
00582162	COMP_Quest_Camp_Full_Beckett	Beckett	95	0059063D			Custom@1313162067	Scene	50.000000			0	0
00582162	COMP_Quest_Camp_Full_Beckett	Beckett	96	00590644			Custom@1313162067	Scene	50.000000			1	1
00582162	COMP_Quest_Camp_Full_Beckett	Beckett	97	00590645			Custom@1313162067	Scene	50.000000			0	0
00582162	COMP_Quest_Camp_Full_Beckett	Beckett	98	00590646			Custom@1313162067	Scene	50.000000			1	3
00582162	COMP_Quest_Camp_Full_Beckett	Beckett	99	00590647			Custom@1313162067	Scene	50.000000			0	0
00582162	COMP_Quest_Camp_Full_Beckett	Beckett	100	0059064A			Custom@1313162067	Scene	50.000000			1	3
00582162	COMP_Quest_Camp_Full_Beckett	Beckett	101	0059064B			Custom@1313162067	Scene	50.000000			0	0
00582162	COMP_Quest_Camp_Full_Beckett	Beckett	102	0059064E			Custom@1313162067	Scene	50.000000			1	3
00582162	COMP_Quest_Camp_Full_Beckett	Beckett	103	0059064F			Custom@1313162067	Scene	50.000000			0	0
00582162	COMP_Quest_Camp_Full_Beckett	Beckett	104	00590650			Custom@1313162067	Scene	50.000000			1	3
00582162	COMP_Quest_Camp_Full_Beckett	Beckett	105	00590651			Custom@1313162067	Scene	50.000000			0	0
00582162	COMP_Quest_Camp_Full_Beckett	Beckett	106	00590652			Custom@1313162067	Scene	50.000000			1	2
00582162	COMP_Quest_Camp_Full_Beckett	Beckett	107	00590655			Custom@1313162067	Scene	50.000000			1	2
00582162	COMP_Quest_Camp_Full_Beckett	Beckett	108	00590656			Custom@1313162067	Scene	50.000000			0	0
00582162	COMP_Quest_Camp_Full_Beckett	Beckett	109	00590667			Custom@1313162067	Scene	50.000000			1	3
00582162	COMP_Quest_Camp_Full_Beckett	Beckett	110	00590668			Custom@1313162067	Scene	50.000000			0	0
00582162	COMP_Quest_Camp_Full_Beckett	Beckett	111	0059066B			Custom@1313162067	Scene	50.000000			1	2
00582162	COMP_Quest_Camp_Full_Beckett	Beckett	112	0059066C			Custom@1313162067	Scene	50.000000			0	0
00582162	COMP_Quest_Camp_Full_Beckett	Beckett	113	0059066F			Custom@1313162067	Scene	50.000000			1	3
00582162	COMP_Quest_Camp_Full_Beckett	Beckett	114	00590670			Custom@1313162067	Scene	50.000000			0	0
00582162	COMP_Quest_Camp_Full_Beckett	Beckett	115	00590675			Custom@1313162067	Scene	50.000000			1	1
00582162	COMP_Quest_Camp_Full_Beckett	Beckett	116	00590676			Custom@1313162067	Scene	50.000000			0	0
00582162	COMP_Quest_Camp_Full_Beckett	Beckett	117	00590677			Custom@1313162067	Scene	50.000000			1	3
00582162	COMP_Quest_Camp_Full_Beckett	Beckett	118	00590678			Custom@1313162067	Scene	50.000000			0	0
00582162	COMP_Quest_Camp_Full_Beckett	Beckett	119	00590679			Custom@1313162067	Scene	50.000000			1	1
00582162	COMP_Quest_Camp_Full_Beckett	Beckett	120	0059067A			Custom@1313162067	Scene	50.000000			0	0
00582162	COMP_Quest_Camp_Full_Beckett	Beckett	121	0059067B			Custom@1313162067	Scene	50.000000			1	2
00582162	COMP_Quest_Camp_Full_Beckett	Beckett	122	0059067C			Custom@1313162067	Scene	50.000000			1	1
00582162	COMP_Quest_Camp_Full_Beckett	Beckett	123	0059067D			Custom@1313162067	Scene	50.000000			0	0
00582162	COMP_Quest_Camp_Full_Beckett	Beckett	124	0059067E			Custom@1313162067	Scene	50.000000			1	1
00582162	COMP_Quest_Camp_Full_Beckett	Beckett	125	0059067F			Custom@1313162067	Scene	50.000000			0	0
00582162	COMP_Quest_Camp_Full_Beckett	Beckett	126	00590680			Custom@1313162067	Scene	50.000000			1	1
00582162	COMP_Quest_Camp_Full_Beckett	Beckett	127	00590681			Custom@1313162067	Scene	50.000000			0	0
00582162	COMP_Quest_Camp_Full_Beckett	Beckett	128	00590682			Custom@1313162067	Scene	50.000000			1	1
00582162	COMP_Quest_Camp_Full_Beckett	Beckett	129	00590683			Custom@1313162067	Scene	50.000000			0	0
00582162	COMP_Quest_Camp_Full_Beckett	Beckett	130	00590692			Custom@1313162067	Scene	50.000000			1	1
00582162	COMP_Quest_Camp_Full_Beckett	Beckett	131	00590693			Custom@1313162067	Scene	50.000000			0	0
00582162	COMP_Quest_Camp_Full_Beckett	Beckett	132	00590694			Custom@1313162067	Scene	50.000000			1	1
00582162	COMP_Quest_Camp_Full_Beckett	Beckett	133	00590695			Custom@1313162067	Scene	50.000000			0	0
00582162	COMP_Quest_Camp_Full_Beckett	Beckett	134	00590696			Custom@1313162067	Scene	50.000000			1	1
00582162	COMP_Quest_Camp_Full_Beckett	Beckett	135	00590697			Custom@1313162067	Scene	50.000000			1	3
00582162	COMP_Quest_Camp_Full_Beckett	Beckett	136	00590698			Custom@1313162067	Scene	50.000000			0	0
00582162	COMP_Quest_Camp_Full_Beckett	Beckett	137	00590699			Custom@1313162067	Scene	50.000000			1	3
00582162	COMP_Quest_Camp_Full_Beckett	Beckett	138	0059069A			Custom@1313162067	Scene	50.000000			0	0
00582162	COMP_Quest_Camp_Full_Beckett	Beckett	139	0059069B			Custom@1313162067	Scene	50.000000			1	3
00582162	COMP_Quest_Camp_Full_Beckett	Beckett	140	0059069C			Custom@1313162067	Scene	50.000000			0	0
00582162	COMP_Quest_Camp_Full_Beckett	Beckett	141	0059069F			Custom@1313162067	Scene	50.000000			1	2
00582162	COMP_Quest_Camp_Full_Beckett	Beckett	142	005906A0			Custom@1313162067	Scene	50.000000			0	0
00582162	COMP_Quest_Camp_Full_Beckett	Beckett	143	005906A1			Custom@1313162067	Scene	50.000000			1	1
00582162	COMP_Quest_Camp_Full_Beckett	Beckett	144	005906A2			Custom@1313162067	Scene	50.000000			0	0
00582162	COMP_Quest_Camp_Full_Beckett	Beckett	145	005906A5			Custom@1313162067	Scene	50.000000			1	2
00582162	COMP_Quest_Camp_Full_Beckett	Beckett	146	005906A7			Custom@1313162067	Scene	50.000000			1	1
00582162	COMP_Quest_Camp_Full_Beckett	Beckett	147	005906A8			Custom@1313162067	Scene	50.000000			0	0
00582162	COMP_Quest_Camp_Full_Beckett	Beckett	148	005906AB			Custom@1313162067	Scene	50.000000			1	1
00582162	COMP_Quest_Camp_Full_Beckett	Beckett	149	005906AC			Custom@1313162067	Scene	50.000000			0	0
00582162	COMP_Quest_Camp_Full_Beckett	Beckett	150	005906AF			Custom@1313162067	Scene	50.000000			1	1
00582162	COMP_Quest_Camp_Full_Beckett	Beckett	151	005906B0			Custom@1313162067	Scene	50.000000			1	3
00582162	COMP_Quest_Camp_Full_Beckett	Beckett	152	005906B1			Custom@1313162067	Scene	50.000000			0	0
00582162	COMP_Quest_Camp_Full_Beckett	Beckett	153	005906B4			Custom@1313162067	Scene	50.000000			1	3
00582162	COMP_Quest_Camp_Full_Beckett	Beckett	154	005906B5			Custom@1313162067	Scene	50.000000			0	0
00582162	COMP_Quest_Camp_Full_Beckett	Beckett	155	005906B6			Custom@1313162067	Scene	50.000000			1	2
00582162	COMP_Quest_Camp_Full_Beckett	Beckett	156	005906B7			Custom@1313162067	Scene	50.000000			1	3
00582162	COMP_Quest_Camp_Full_Beckett	Beckett	157	005906B8			Custom@1313162067	Scene	50.000000			0	0
00582162	COMP_Quest_Camp_Full_Beckett	Beckett	158	005906BD			Custom@1313162067	Scene	50.000000			1	1
00582162	COMP_Quest_Camp_Full_Beckett	Beckett	159	005906BE			Custom@1313162067	Scene	50.000000			0	0
00582162	COMP_Quest_Camp_Full_Beckett	Beckett	160	005906C7			Custom@1313162067	Scene	50.000000			1	3
00582162	COMP_Quest_Camp_Full_Beckett	Beckett	161	005906C8			Custom@1313162067	Scene	50.000000			0	0
00582162	COMP_Quest_Camp_Full_Beckett	Beckett	162	005906C9			Custom@1313162067	Scene	50.000000			1	1
00582162	COMP_Quest_Camp_Full_Beckett	Beckett	163	005906CC			Custom@1313162067	Scene	50.000000			1	3
00582162	COMP_Quest_Camp_Full_Beckett	Beckett	164	005906CD			Custom@1313162067	Scene	50.000000			0	0
00582162	COMP_Quest_Camp_Full_Beckett	Beckett	165	005906CE			Custom@1313162067	Scene	50.000000			1	3
00582162	COMP_Quest_Camp_Full_Beckett	Beckett	166	005906CF			Custom@1313162067	Scene	50.000000			0	0
00582162	COMP_Quest_Camp_Full_Beckett	Beckett	167	005906D0			Custom@1313162067	Scene	50.000000			1	3
00582162	COMP_Quest_Camp_Full_Beckett	Beckett	168	005906D1			Custom@1313162067	Scene	50.000000			0	0
00582162	COMP_Quest_Camp_Full_Beckett	Beckett	169	005906D2			Custom@1313162067	Scene	50.000000			1	3
00582162	COMP_Quest_Camp_Full_Beckett	Beckett	170	005906D3			Custom@1313162067	Scene	50.000000			0	0
00582162	COMP_Quest_Camp_Full_Beckett	Beckett	171	005906D6			Custom@1313162067	Scene	50.000000			1	1
00582162	COMP_Quest_Camp_Full_Beckett	Beckett	172	005906D7			Custom@1313162067	Scene	50.000000			0	0
00582162	COMP_Quest_Camp_Full_Beckett	Beckett	173	005906D8			Custom@1313162067	Scene	50.000000			1	2
00582162	COMP_Quest_Camp_Full_Beckett	Beckett	174	005906D9			Custom@1313162067	Scene	50.000000			1	1
00582162	COMP_Quest_Camp_Full_Beckett	Beckett	175	005906DA			Custom@1313162067	Scene	50.000000			0	0
00582162	COMP_Quest_Camp_Full_Beckett	Beckett	176	005906DB			Custom@1313162067	Scene	50.000000			1	2
00582162	COMP_Quest_Camp_Full_Beckett	Beckett	177	005906DC			Custom@1313162067	Scene	50.000000			0	0
00582162	COMP_Quest_Camp_Full_Beckett	Beckett	178	005906DD			Custom@1313162067	Scene	50.000000			1	2
00582162	COMP_Quest_Camp_Full_Beckett	Beckett	179	005906DE			Custom@1313162067	Scene	50.000000			0	0
00582162	COMP_Quest_Camp_Full_Beckett	Beckett	180	005906DF			Custom@1313162067	Scene	50.000000			1	1
00582162	COMP_Quest_Camp_Full_Beckett	Beckett	181	005906E0			Custom@1313162067	Scene	50.000000			0	0
00582162	COMP_Quest_Camp_Full_Beckett	Beckett	182	005906FF			Custom@1313162067	Scene	50.000000			12	12
00582162	COMP_Quest_Camp_Full_Beckett	Beckett	183	00590700			Custom@1313162067	Scene	50.000000			0	0
00582162	COMP_Quest_Camp_Full_Beckett	Beckett	184	00590705			Custom@1313162067	Scene	50.000000			2	2
00582162	COMP_Quest_Camp_Full_Beckett	Beckett	185	00590706			Custom@1313162067	Scene	50.000000			0	0
00582162	COMP_Quest_Camp_Full_Beckett	Beckett	186	0059070B			Custom@1313162067	Scene	50.000000			1	3
00582162	COMP_Quest_Camp_Full_Beckett	Beckett	187	0059070C			Custom@1313162067	Scene	50.000000			0	0
00582162	COMP_Quest_Camp_Full_Beckett	Beckett	188	0059070D			Custom@1313162067	Scene	50.000000			1	1
00582162	COMP_Quest_Camp_Full_Beckett	Beckett	189	0059070E			Custom@1313162067	Scene	50.000000			0	0
00582162	COMP_Quest_Camp_Full_Beckett	Beckett	190	00590711			Custom@1313162067	Scene	50.000000			1	2
00582162	COMP_Quest_Camp_Full_Beckett	Beckett	191	00590712			Custom@1313162067	Scene	50.000000			0	0
00582162	COMP_Quest_Camp_Full_Beckett	Beckett	192	00590713			Custom@1313162067	Scene	50.000000			1	3
00582162	COMP_Quest_Camp_Full_Beckett	Beckett	193	00590714			Custom@1313162067	Scene	50.000000			0	0
00582162	COMP_Quest_Camp_Full_Beckett	Beckett	194	00590715			Custom@1313162067	Scene	50.000000			1	1
00582162	COMP_Quest_Camp_Full_Beckett	Beckett	195	00590716			Custom@1313162067	Scene	50.000000			0	0
00582162	COMP_Quest_Camp_Full_Beckett	Beckett	196	00590717			Custom@1313162067	Scene	50.000000			1	1
00582162	COMP_Quest_Camp_Full_Beckett	Beckett	197	00590718			Custom@1313162067	Scene	50.000000			0	0
00582162	COMP_Quest_Camp_Full_Beckett	Beckett	198	00590719			Custom@1313162067	Scene	50.000000			1	3
00582162	COMP_Quest_Camp_Full_Beckett	Beckett	199	0059071A			Custom@1313162067	Scene	50.000000			0	0
00582162	COMP_Quest_Camp_Full_Beckett	Beckett	200	0059071D			Custom@1313162067	Scene	50.000000			1	3
00582162	COMP_Quest_Camp_Full_Beckett	Beckett	201	0059071E			Custom@1313162067	Scene	50.000000			0	0
00582162	COMP_Quest_Camp_Full_Beckett	Beckett	202	00590721			Custom@1313162067	Scene	50.000000			1	1
00582162	COMP_Quest_Camp_Full_Beckett	Beckett	203	00590722			Custom@1313162067	Scene	50.000000			0	0
00582162	COMP_Quest_Camp_Full_Beckett	Beckett	204	00590729			Custom@1313162067	Scene	50.000000			1	3
00582162	COMP_Quest_Camp_Full_Beckett	Beckett	205	0059072A			Custom@1313162067	Scene	50.000000			0	0
00582162	COMP_Quest_Camp_Full_Beckett	Beckett	206	0059072B			Custom@1313162067	Scene	50.000000			1	1
00582162	COMP_Quest_Camp_Full_Beckett	Beckett	207	0059072C			Custom@1313162067	Scene	50.000000			0	0
00582162	COMP_Quest_Camp_Full_Beckett	Beckett	208	0059072F			Custom@1313162067	Scene	50.000000			1	3
00582162	COMP_Quest_Camp_Full_Beckett	Beckett	209	00590730			Custom@1313162067	Scene	50.000000			0	0
00582162	COMP_Quest_Camp_Full_Beckett	Beckett	210	00590735			Custom@1313162067	Scene	50.000000			1	1
00582162	COMP_Quest_Camp_Full_Beckett	Beckett	211	00590736			Custom@1313162067	Scene	50.000000			0	0
00582162	COMP_Quest_Camp_Full_Beckett	Beckett	212	00590737			Custom@1313162067	Scene	50.000000			1	3
00582162	COMP_Quest_Camp_Full_Beckett	Beckett	213	00590738			Custom@1313162067	Scene	50.000000			0	0
00582162	COMP_Quest_Camp_Full_Beckett	Beckett	214	0059073B			Custom@1313162067	Scene	50.000000			1	3
00582162	COMP_Quest_Camp_Full_Beckett	Beckett	215	0059073C			Custom@1313162067	Scene	50.000000			0	0
00582162	COMP_Quest_Camp_Full_Beckett	Beckett	216	0059073D			Custom@1313162067	Scene	50.000000			1	3
00582162	COMP_Quest_Camp_Full_Beckett	Beckett	217	0059073E			Custom@1313162067	Scene	50.000000			0	0
00582162	COMP_Quest_Camp_Full_Beckett	Beckett	218	0059073F			Custom@1313162067	Scene	50.000000			1	1
00582162	COMP_Quest_Camp_Full_Beckett	Beckett	219	00590740			Custom@1313162067	Scene	50.000000			0	0
00582162	COMP_Quest_Camp_Full_Beckett	Beckett	220	00590741			Custom@1313162067	Scene	50.000000			1	3
00582162	COMP_Quest_Camp_Full_Beckett	Beckett	221	00590742			Custom@1313162067	Scene	50.000000			0	0
00582162	COMP_Quest_Camp_Full_Beckett	Beckett	222	00590747			Custom@1313162067	Scene	50.000000			1	1
00582162	COMP_Quest_Camp_Full_Beckett	Beckett	223	00590748			Custom@1313162067	Scene	50.000000			0	0
00582162	COMP_Quest_Camp_Full_Beckett	Beckett	224	00590759			Custom@1313162067	Scene	50.000000			1	1
00582162	COMP_Quest_Camp_Full_Beckett	Beckett	225	0059075A			Custom@1313162067	Scene	50.000000			0	0
00582162	COMP_Quest_Camp_Full_Beckett	Beckett	226	0059075F			Custom@1313162067	Scene	50.000000			1	3
00582162	COMP_Quest_Camp_Full_Beckett	Beckett	227	00590760			Custom@1313162067	Scene	50.000000			0	0
00582162	COMP_Quest_Camp_Full_Beckett	Beckett	228	00590761			Custom@1313162067	Scene	50.000000			1	1
00582162	COMP_Quest_Camp_Full_Beckett	Beckett	229	00590762			Custom@1313162067	Scene	50.000000			0	0
00582162	COMP_Quest_Camp_Full_Beckett	Beckett	230	00590763			Custom@1313162067	Scene	50.000000			1	1
00582162	COMP_Quest_Camp_Full_Beckett	Beckett	231	00590764			Custom@1313162067	Scene	50.000000			0	0
00582162	COMP_Quest_Camp_Full_Beckett	Beckett	232	00590765			Custom@1313162067	Scene	50.000000			1	3
00582162	COMP_Quest_Camp_Full_Beckett	Beckett	233	00590766			Custom@1313162067	Scene	50.000000			0	0
00582162	COMP_Quest_Camp_Full_Beckett	Beckett	234	00590767			Custom@1313162067	Scene	50.000000			1	3
00582162	COMP_Quest_Camp_Full_Beckett	Beckett	235	00590768			Custom@1313162067	Scene	50.000000			0	0
00582162	COMP_Quest_Camp_Full_Beckett	Beckett	236	0059076B			Custom@1313162067	Scene	50.000000			1	1
00582162	COMP_Quest_Camp_Full_Beckett	Beckett	237	0059076C			Custom@1313162067	Scene	50.000000			0	0
00582162	COMP_Quest_Camp_Full_Beckett	Beckett	238	00590771			Custom@1313162067	Scene	50.000000			1	1
00582162	COMP_Quest_Camp_Full_Beckett	Beckett	239	00590772			Custom@1313162067	Scene	50.000000			0	0
00582162	COMP_Quest_Camp_Full_Beckett	Beckett	240	00590773			Custom@1313162067	Scene	50.000000			1	3
00582162	COMP_Quest_Camp_Full_Beckett	Beckett	241	00590774			Custom@1313162067	Scene	50.000000			0	0
00582162	COMP_Quest_Camp_Full_Beckett	Beckett	242	00590775			Custom@1313162067	Scene	50.000000			1	3
00582162	COMP_Quest_Camp_Full_Beckett	Beckett	243	00590776			Custom@1313162067	Scene	50.000000			0	0
00582162	COMP_Quest_Camp_Full_Beckett	Beckett	244	0059077B			Custom@1313162067	Scene	50.000000			1	1
00582162	COMP_Quest_Camp_Full_Beckett	Beckett	245	0059077C			Custom@1313162067	Scene	50.000000			0	0
00582162	COMP_Quest_Camp_Full_Beckett	Beckett	246	0059077F			Custom@1313162067	Scene	50.000000			1	3
00582162	COMP_Quest_Camp_Full_Beckett	Beckett	247	00590780			Custom@1313162067	Scene	50.000000			0	0
00582162	COMP_Quest_Camp_Full_Beckett	Beckett	248	00590781			Custom@1313162067	Scene	50.000000			1	1
00582162	COMP_Quest_Camp_Full_Beckett	Beckett	249	00590782			Custom@1313162067	Scene	50.000000			0	0
00582162	COMP_Quest_Camp_Full_Beckett	Beckett	250	0059078B			Custom@1313162067	Scene	50.000000			1	1
00582162	COMP_Quest_Camp_Full_Beckett	Beckett	251	0059078C			Custom@1313162067	Scene	50.000000			0	0
00582162	COMP_Quest_Camp_Full_Beckett	Beckett	252	0059079F			Custom@1313162067	Scene	50.000000			1	2
00582162	COMP_Quest_Camp_Full_Beckett	Beckett	253	005907A0			Custom@1313162067	Scene	50.000000			0	0
00582162	COMP_Quest_Camp_Full_Beckett	Beckett	254	005907A1			Custom@1313162067	Scene	50.000000			1	1
00582162	COMP_Quest_Camp_Full_Beckett	Beckett	255	005907A2			Custom@1313162067	Scene	50.000000			0	0
00582162	COMP_Quest_Camp_Full_Beckett	Beckett	256	005907A3			Custom@1313162067	Scene	50.000000			1	2
00582162	COMP_Quest_Camp_Full_Beckett	Beckett	257	005907A4			Custom@1313162067	Scene	50.000000			0	0
00582162	COMP_Quest_Camp_Full_Beckett	Beckett	258	005907A5			Custom@1313162067	Scene	50.000000			1	1
00582162	COMP_Quest_Camp_Full_Beckett	Beckett	259	005907A6			Custom@1313162067	Scene	50.000000			0	0
00582162	COMP_Quest_Camp_Full_Beckett	Beckett	260	005907D4			Custom@1313162067	Scene	50.000000			1	2
00582162	COMP_Quest_Camp_Full_Beckett	Beckett	261	005907D5			Custom@1313162067	Scene	50.000000			0	0
00582162	COMP_Quest_Camp_Full_Beckett	Beckett	262	005907DA			Custom@1313162067	Scene	50.000000			1	2
00582162	COMP_Quest_Camp_Full_Beckett	Beckett	263	005907DB			Custom@1313162067	Scene	50.000000			0	0
00582162	COMP_Quest_Camp_Full_Beckett	Beckett	264	005907DC			Custom@1313162067	Scene	50.000000			1	2
00582162	COMP_Quest_Camp_Full_Beckett	Beckett	265	005907DD			Custom@1313162067	Scene	50.000000			6	8
00582162	COMP_Quest_Camp_Full_Beckett	Beckett	266	00590C79			Custom@1313162067	Scene	50.000000			1	1
00582162	COMP_Quest_Camp_Full_Beckett	Beckett	267	00590C7A			Custom@1313162067	Scene	50.000000			0	0
00582162	COMP_Quest_Camp_Full_Beckett	Beckett	268	00590C89			Custom@1313162067	Scene	50.000000			1	1
00582162	COMP_Quest_Camp_Full_Beckett	Beckett	269	00590C8A			Custom@1313162067	Scene	50.000000			1	3
00582162	COMP_Quest_Camp_Full_Beckett	Beckett	270	00590C8B			Custom@1313162067	Scene	50.000000			0	0
00582162	COMP_Quest_Camp_Full_Beckett	Beckett	271	00590C8E			Custom@1313162067	Scene	50.000000			1	3
00582162	COMP_Quest_Camp_Full_Beckett	Beckett	272	00590C8F			Custom@1313162067	Scene	50.000000			0	0
00582162	COMP_Quest_Camp_Full_Beckett	Beckett	273	00590C90			Custom@1313162067	Scene	50.000000			1	2
00582162	COMP_Quest_Camp_Full_Beckett	Beckett	274	00590C91			Custom@1313162067	Scene	50.000000			0	0
00582162	COMP_Quest_Camp_Full_Beckett	Beckett	275	00590CBE			Custom@1313162067	Scene	50.000000			1	2
00582162	COMP_Quest_Camp_Full_Beckett	Beckett	276	00596755			Custom@1313162067	Scene	50.000000			1	1
00582162	COMP_Quest_Camp_Full_Beckett	Beckett	277	00596756			Custom@1313162067	Scene	50.000000			0	0
00582162	COMP_Quest_Camp_Full_Beckett	Beckett	278	00596757			Custom@1313162067	Scene	50.000000			1	3
00582162	COMP_Quest_Camp_Full_Beckett	Beckett	279	00596758			Custom@1313162067	Scene	50.000000			0	0
00582162	COMP_Quest_Camp_Full_Beckett	Beckett	280	005993BB			Custom@1313162067	Scene	50.000000			1	1
00582162	COMP_Quest_Camp_Full_Beckett	Beckett	281	005993BC			Custom@1313162067	Scene	50.000000			0	0
00582162	COMP_Quest_Camp_Full_Beckett	Beckett	282	005993BD			Custom@1313162067	Scene	50.000000			1	3
00582162	COMP_Quest_Camp_Full_Beckett	Beckett	283	005993BE			Custom@1313162067	Scene	50.000000			1	1
00582162	COMP_Quest_Camp_Full_Beckett	Beckett	284	005993BF			Custom@1313162067	Scene	50.000000			0	0
00582162	COMP_Quest_Camp_Full_Beckett	Beckett	285	005993C0			Custom@1313162067	Scene	50.000000			1	1
00582162	COMP_Quest_Camp_Full_Beckett	Beckett	286	005993C1			Custom@1313162067	Scene	50.000000			0	0
00582162	COMP_Quest_Camp_Full_Beckett	Beckett	287	005993C2			Custom@1313162067	Scene	50.000000			1	1
00582162	COMP_Quest_Camp_Full_Beckett	Beckett	288	005993C3			Custom@1313162067	Scene	50.000000			0	0
00582162	COMP_Quest_Camp_Full_Beckett	Beckett	289	0059F5A5			Custom@1313162067	Scene	50.000000			1	3
00582162	COMP_Quest_Camp_Full_Beckett	Beckett	290	0059F5A6			Custom@1313162067	Scene	50.000000			1	2
00582162	COMP_Quest_Camp_Full_Beckett	Beckett	291	0059F5A7			Custom@1313162067	Scene	50.000000			0	0
00582162	COMP_Quest_Camp_Full_Beckett	Beckett	292	0059F5A8			Custom@1313162067	Scene	50.000000			1	1
00582162	COMP_Quest_Camp_Full_Beckett	Beckett	293	0059F5A9			Custom@1313162067	Scene	50.000000			0	0
00582162	COMP_Quest_Camp_Full_Beckett	Beckett	294	0059F5AA			Custom@1313162067	Scene	50.000000			1	3
00582162	COMP_Quest_Camp_Full_Beckett	Beckett	295	0059F5AB			Custom@1313162067	Scene	50.000000			0	0
00582162	COMP_Quest_Camp_Full_Beckett	Beckett	296	0059F5AC			Custom@1313162067	Scene	50.000000			1	2
00582162	COMP_Quest_Camp_Full_Beckett	Beckett	297	0059F5AD			Custom@1313162067	Scene	50.000000			0	0
00582162	COMP_Quest_Camp_Full_Beckett	Beckett	298	0059F5AE			Custom@1313162067	Scene	50.000000			1	1
00582162	COMP_Quest_Camp_Full_Beckett	Beckett	299	0059F5AF			Custom@1313162067	Scene	50.000000			1	2
00582162	COMP_Quest_Camp_Full_Beckett	Beckett	300	0059F5B0			Custom@1313162067	Scene	50.000000			0	0
00582162	COMP_Quest_Camp_Full_Beckett	Beckett	301	0059F5B1			Custom@1313162067	Scene	50.000000			1	2
00582162	COMP_Quest_Camp_Full_Beckett	Beckett	302	0059F5B2			Custom@1313162067	Scene	50.000000			0	0
00582162	COMP_Quest_Camp_Full_Beckett	Beckett	303	0059F5B3			Custom@1313162067	Scene	50.000000			1	1
00582162	COMP_Quest_Camp_Full_Beckett	Beckett	304	0059F5B4			Custom@1313162067	Scene	50.000000			0	0
00582162	COMP_Quest_Camp_Full_Beckett	Beckett	305	0059F5B5			Custom@1313162067	Scene	50.000000			1	2
00582162	COMP_Quest_Camp_Full_Beckett	Beckett	306	0059F5B6			Custom@1313162067	Scene	50.000000			1	3
00582162	COMP_Quest_Camp_Full_Beckett	Beckett	307	0059F5B7			Custom@1313162067	Scene	50.000000			0	0
00582162	COMP_Quest_Camp_Full_Beckett	Beckett	308	0059F5B8			Custom@1313162067	Scene	50.000000			1	2
00582162	COMP_Quest_Camp_Full_Beckett	Beckett	309	0059F5B9			Custom@1313162067	Scene	50.000000			0	0
00582162	COMP_Quest_Camp_Full_Beckett	Beckett	310	0059F5BA			Custom@1313162067	Scene	50.000000			1	1
00582162	COMP_Quest_Camp_Full_Beckett	Beckett	311	0059F5BB			Custom@1313162067	Scene	50.000000			0	0
00582162	COMP_Quest_Camp_Full_Beckett	Beckett	312	0059F5BC			Custom@1313162067	Scene	50.000000			1	2
00582162	COMP_Quest_Camp_Full_Beckett	Beckett	313	0059F5BD			Custom@1313162067	Scene	50.000000			0	0
00582162	COMP_Quest_Camp_Full_Beckett	Beckett	314	0059F5BE			Custom@1313162067	Scene	50.000000			1	1
00582162	COMP_Quest_Camp_Full_Beckett	Beckett	315	0059F5BF			Custom@1313162067	Scene	50.000000			0	0
00582162	COMP_Quest_Camp_Full_Beckett	Beckett	316	0059F5C0			Custom@1313162067	Scene	50.000000			1	1
00582162	COMP_Quest_Camp_Full_Beckett	Beckett	317	0059F5C1			Custom@1313162067	Scene	50.000000			0	0
00582162	COMP_Quest_Camp_Full_Beckett	Beckett	318	0059F5C2			Custom@1313162067	Scene	50.000000			1	2
00582162	COMP_Quest_Camp_Full_Beckett	Beckett	319	0059F5C5			Custom@1313162067	Scene	50.000000			1	2
00582162	COMP_Quest_Camp_Full_Beckett	Beckett	320	0059F5C6			Custom@1313162067	Scene	50.000000			0	0
00582162	COMP_Quest_Camp_Full_Beckett	Beckett	321	0059F5C7			Custom@1313162067	Scene	50.000000			1	1
00582162	COMP_Quest_Camp_Full_Beckett	Beckett	322	0059F5C8			Custom@1313162067	Scene	50.000000			0	0
00582162	COMP_Quest_Camp_Full_Beckett	Beckett	323	0059F5C9			Custom@1313162067	Scene	50.000000			1	2
00582162	COMP_Quest_Camp_Full_Beckett	Beckett	324	0059F5CA			Custom@1313162067	Scene	50.000000			1	2
00582162	COMP_Quest_Camp_Full_Beckett	Beckett	325	0059F5CB			Custom@1313162067	Scene	50.000000			0	0
00582162	COMP_Quest_Camp_Full_Beckett	Beckett	326	0059F5CC			Custom@1313162067	Scene	50.000000			1	1
00582162	COMP_Quest_Camp_Full_Beckett	Beckett	327	0059F5CD			Custom@1313162067	Scene	50.000000			0	0
00582162	COMP_Quest_Camp_Full_Beckett	Beckett	328	0059F5CE			Custom@1313162067	Scene	50.000000			1	3
00582162	COMP_Quest_Camp_Full_Beckett	Beckett	329	0059F5CF			Custom@1313162067	Scene	50.000000			0	0
00582162	COMP_Quest_Camp_Full_Beckett	Beckett	330	0059F5D0			Custom@1313162067	Scene	50.000000			1	2
00582162	COMP_Quest_Camp_Full_Beckett	Beckett	331	005A001A			Custom@1313162067	Scene	50.000000			1	2
00582162	COMP_Quest_Camp_Full_Beckett	Beckett	332	005A001B			Custom@1313162067	Scene	50.000000			0	0
00582162	COMP_Quest_Camp_Full_Beckett	Beckett	333	005A001C			Custom@1313162067	Scene	50.000000			1	2
00582162	COMP_Quest_Camp_Full_Beckett	Beckett	334	005A001D			Custom@1313162067	Scene	50.000000			0	0
00582162	COMP_Quest_Camp_Full_Beckett	Beckett	335	005A001E			Custom@1313162067	Scene	50.000000			1	2
00582162	COMP_Quest_Camp_Full_Beckett	Beckett	336	005A001F			Custom@1313162067	Scene	50.000000			0	0
00582162	COMP_Quest_Camp_Full_Beckett	Beckett	337	005A0020			Custom@1313162067	Scene	50.000000			1	2
00582162	COMP_Quest_Camp_Full_Beckett	Beckett	338	005A0021			Custom@1313162067	Scene	50.000000			0	0
00582162	COMP_Quest_Camp_Full_Beckett	Beckett	339	005A0022			Custom@1313162067	Scene	50.000000			1	2
00582162	COMP_Quest_Camp_Full_Beckett	Beckett	340	005A0023			Custom@1313162067	Scene	50.000000			0	0
00582162	COMP_Quest_Camp_Full_Beckett	Beckett	341	005A0024			Custom@1313162067	Scene	50.000000			1	2
00582162	COMP_Quest_Camp_Full_Beckett	Beckett	342	005A0025			Custom@1313162067	Scene	50.000000			0	0
00582162	COMP_Quest_Camp_Full_Beckett	Beckett	343	005A0026			Custom@1313162067	Scene	50.000000			1	2
00582162	COMP_Quest_Camp_Full_Beckett	Beckett	344	005A0027			Custom@1313162067	Scene	50.000000			0	0
00582162	COMP_Quest_Camp_Full_Beckett	Beckett	345	005A0028			Custom@1313162067	Scene	50.000000			1	2
00582162	COMP_Quest_Camp_Full_Beckett	Beckett	346	005A0029			Custom@1313162067	Scene	50.000000			0	0
00582162	COMP_Quest_Camp_Full_Beckett	Beckett	347	005A002A			Custom@1313162067	Scene	50.000000			1	2
00582162	COMP_Quest_Camp_Full_Beckett	Beckett	348	005A002B			Custom@1313162067	Scene	50.000000			0	0
00582162	COMP_Quest_Camp_Full_Beckett	Beckett	349	005A011F		Let's talk about your past.	Custom@1313162067	Scene	50.000000			1	1
00582162	COMP_Quest_Camp_Full_Beckett	Beckett	350	005A0120			Custom@1313162067	Scene	50.000000			0	0
00582162	COMP_Quest_Camp_Full_Beckett	Beckett	351	005A02C4			Custom@1313162067	Scene	50.000000			0	0
00582162	COMP_Quest_Camp_Full_Beckett	Beckett	352	005A02C5			Custom@1313162067	Scene	50.000000			0	0
00582162	COMP_Quest_Camp_Full_Beckett	Beckett	353	005A02C6			Custom@1313162067	Scene	50.000000			0	0
00582162	COMP_Quest_Camp_Full_Beckett	Beckett	354	005A02C7			Custom@1313162067	Scene	50.000000			0	0
00582162	COMP_Quest_Camp_Full_Beckett	Beckett	355	005A02C8			Custom@1313162067	Scene	50.000000			0	0
00582162	COMP_Quest_Camp_Full_Beckett	Beckett	356	005A02C9			Custom@1313162067	Scene	50.000000			0	0
00582162	COMP_Quest_Camp_Full_Beckett	Beckett	357	005A02CA			Custom@1313162067	Scene	50.000000			0	0
00582162	COMP_Quest_Camp_Full_Beckett	Beckett	358	005A02CB			Custom@1313162067	Scene	50.000000			0	0
00582162	COMP_Quest_Camp_Full_Beckett	Beckett	359	005A02CC			Custom@1313162067	Scene	50.000000			0	0
00582162	COMP_Quest_Camp_Full_Beckett	Beckett	360	005A02CD			Custom@1313162067	Scene	50.000000			0	0
00582162	COMP_Quest_Camp_Full_Beckett	Beckett	361	005A02CE			Custom@1313162067	Scene	50.000000			0	0
00582162	COMP_Quest_Camp_Full_Beckett	Beckett	362	005A02CF			Custom@1313162067	Scene	50.000000			0	0
00582162	COMP_Quest_Camp_Full_Beckett	Beckett	363	005A02D0			Custom@1313162067	Scene	50.000000			0	0
00582162	COMP_Quest_Camp_Full_Beckett	Beckett	364	005A02D1			Custom@1313162067	Scene	50.000000			0	0
00582162	COMP_Quest_Camp_Full_Beckett	Beckett	365	005A02D2			Custom@1313162067	Scene	50.000000			0	0
00582162	COMP_Quest_Camp_Full_Beckett	Beckett	366	005A02D3			Custom@1313162067	Scene	50.000000			0	0
00582162	COMP_Quest_Camp_Full_Beckett	Beckett	367	005A02D4			Custom@1313162067	Scene	50.000000			0	0
00582162	COMP_Quest_Camp_Full_Beckett	Beckett	368	005A02D5			Custom@1313162067	Scene	50.000000			0	0
00582162	COMP_Quest_Camp_Full_Beckett	Beckett	369	005A02D6			Custom@1313162067	Scene	50.000000			0	0
00582162	COMP_Quest_Camp_Full_Beckett	Beckett	370	005A02D7			Custom@1313162067	Scene	50.000000			0	0
00582162	COMP_Quest_Camp_Full_Beckett	Beckett	371	005A02D8			Custom@1313162067	Scene	50.000000			1	1
00582162	COMP_Quest_Camp_Full_Beckett	Beckett	372	005A02D9			Custom@1313162067	Scene	50.000000			1	1
00582162	COMP_Quest_Camp_Full_Beckett	Beckett	373	005A02DA			Custom@1313162067	Scene	50.000000			1	1
00582162	COMP_Quest_Camp_Full_Beckett	Beckett	374	005A02DB			Custom@1313162067	Scene	50.000000			1	3
00582162	COMP_Quest_Camp_Full_Beckett	Beckett	375	005A02DC			Custom@1313162067	Scene	50.000000			1	4
00582162	COMP_Quest_Camp_Full_Beckett	Beckett	376	005A02DD			Custom@1313162067	Scene	50.000000			1	4
00582162	COMP_Quest_Camp_Full_Beckett	Beckett	377	005A02DE			Custom@1313162067	Scene	50.000000			1	2
00582162	COMP_Quest_Camp_Full_Beckett	Beckett	378	005A02DF			Custom@1313162067	Scene	50.000000			1	4
00582162	COMP_Quest_Camp_Full_Beckett	Beckett	379	005A02E0			Custom@1313162067	Scene	50.000000			1	4
00582162	COMP_Quest_Camp_Full_Beckett	Beckett	380	005A02E1			Custom@1313162067	Scene	50.000000			1	4
00582162	COMP_Quest_Camp_Full_Beckett	Beckett	381	005A02E2			Custom@1313162067	Scene	50.000000			1	3
00582162	COMP_Quest_Camp_Full_Beckett	Beckett	382	005A02E3			Custom@1313162067	Scene	50.000000			1	3
00582162	COMP_Quest_Camp_Full_Beckett	Beckett	383	005A02E6			Custom@1313162067	Scene	50.000000			1	4
00582162	COMP_Quest_Camp_Full_Beckett	Beckett	384	005A02E7			Custom@1313162067	Scene	50.000000			1	4
00582162	COMP_Quest_Camp_Full_Beckett	Beckett	385	005A02E8			Custom@1313162067	Scene	50.000000			1	4
00582162	COMP_Quest_Camp_Full_Beckett	Beckett	386	005A02E9			Custom@1313162067	Scene	50.000000			1	3
00582162	COMP_Quest_Camp_Full_Beckett	Beckett	387	005A02EA			Custom@1313162067	Scene	50.000000			3	9
00582162	COMP_Quest_Camp_Full_Beckett	Beckett	388	005A02EB		Actually, I'm done talking for now.	Custom@1313162067	Scene	50.000000			1	1
00582162	COMP_Quest_Camp_Full_Beckett	Beckett	389	005A02EC		Let's talk about the future.	Custom@1313162067	Scene	50.000000			1	1
00582162	COMP_Quest_Camp_Full_Beckett	Beckett	390	005A02ED		Let's talk about the Blood Eagles.	Custom@1313162067	Scene	50.000000			1	1
00582162	COMP_Quest_Camp_Full_Beckett	Beckett	391	005A05F2			Custom@1313162067	Scene	50.000000			1	2
00582162	COMP_Quest_Camp_Full_Beckett	Beckett	392	005A05F3			Custom@1313162067	Scene	50.000000			0	0
00582162	COMP_Quest_Camp_Full_Beckett	Beckett	393	005A05F4			Custom@1313162067	Scene	50.000000			1	1
00582162	COMP_Quest_Camp_Full_Beckett	Beckett	394	005A05F5			Custom@1313162067	Scene	50.000000			0	0
00582162	COMP_Quest_Camp_Full_Beckett	Beckett	395	005A05F6			Custom@1313162067	Scene	50.000000			1	1
00582162	COMP_Quest_Camp_Full_Beckett	Beckett	396	005A05F7			Custom@1313162067	Scene	50.000000			0	0
00582162	COMP_Quest_Camp_Full_Beckett	Beckett	397	005A05F8			Custom@1313162067	Scene	50.000000			1	2
00582162	COMP_Quest_Camp_Full_Beckett	Beckett	398	005A05F9			Custom@1313162067	Scene	50.000000			0	0
00582162	COMP_Quest_Camp_Full_Beckett	Beckett	399	005A05FA			Custom@1313162067	Scene	50.000000			1	1
00582162	COMP_Quest_Camp_Full_Beckett	Beckett	400	005A05FB			Custom@1313162067	Scene	50.000000			1	2
00582162	COMP_Quest_Camp_Full_Beckett	Beckett	401	005A05FC			Custom@1313162067	Scene	50.000000			0	0
00582162	COMP_Quest_Camp_Full_Beckett	Beckett	402	005A05FD			Custom@1313162067	Scene	50.000000			1	2
00582162	COMP_Quest_Camp_Full_Beckett	Beckett	403	005A05FE			Custom@1313162067	Scene	50.000000			0	0
00582162	COMP_Quest_Camp_Full_Beckett	Beckett	404	005A05FF			Custom@1313162067	Scene	50.000000			1	2
00582162	COMP_Quest_Camp_Full_Beckett	Beckett	405	005A0600			Custom@1313162067	Scene	50.000000			0	0
00582162	COMP_Quest_Camp_Full_Beckett	Beckett	406	005A0601			Custom@1313162067	Scene	50.000000			1	2
00582162	COMP_Quest_Camp_Full_Beckett	Beckett	407	005A0602			Custom@1313162067	Scene	50.000000			0	0
00582162	COMP_Quest_Camp_Full_Beckett	Beckett	408	005A0603			Custom@1313162067	Scene	50.000000			2	2
00582162	COMP_Quest_Camp_Full_Beckett	Beckett	409	005A0604			Custom@1313162067	Scene	50.000000			1	2
00582162	COMP_Quest_Camp_Full_Beckett	Beckett	410	005A0F03			Custom@1313162067	Scene	50.000000			1	2
00582162	COMP_Quest_Camp_Full_Beckett	Beckett	411	005A0F04			Custom@1313162067	Scene	50.000000			1	2
00582162	COMP_Quest_Camp_Full_Beckett	Beckett	412	005A0F05			Custom@1313162067	Scene	50.000000			0	0
00582162	COMP_Quest_Camp_Full_Beckett	Beckett	413	005A0F06			Custom@1313162067	Scene	50.000000			1	2
00582162	COMP_Quest_Camp_Full_Beckett	Beckett	414	005A0F07			Custom@1313162067	Scene	50.000000			0	0
00582162	COMP_Quest_Camp_Full_Beckett	Beckett	415	005A0F08			Custom@1313162067	Scene	50.000000			1	1
00582162	COMP_Quest_Camp_Full_Beckett	Beckett	416	005A0F09			Custom@1313162067	Scene	50.000000			0	0
00582162	COMP_Quest_Camp_Full_Beckett	Beckett	417	005A0F0A			Custom@1313162067	Scene	50.000000			1	1
00582162	COMP_Quest_Camp_Full_Beckett	Beckett	418	005A0F0B			Custom@1313162067	Scene	50.000000			1	2
00582162	COMP_Quest_Camp_Full_Beckett	Beckett	419	005A0F0C			Custom@1313162067	Scene	50.000000			0	0
00582162	COMP_Quest_Camp_Full_Beckett	Beckett	420	005A0F0D			Custom@1313162067	Scene	50.000000			1	2
00582162	COMP_Quest_Camp_Full_Beckett	Beckett	421	005A0F0E			Custom@1313162067	Scene	50.000000			0	0
00582162	COMP_Quest_Camp_Full_Beckett	Beckett	422	005A0F0F			Custom@1313162067	Scene	50.000000			1	1
00582162	COMP_Quest_Camp_Full_Beckett	Beckett	423	005A0F10			Custom@1313162067	Scene	50.000000			0	0
00582162	COMP_Quest_Camp_Full_Beckett	Beckett	424	005A0F11			Custom@1313162067	Scene	50.000000			1	2
00582162	COMP_Quest_Camp_Full_Beckett	Beckett	425	005A0F1C			Custom@1313162067	Scene	50.000000			1	2
00582162	COMP_Quest_Camp_Full_Beckett	Beckett	426	005A0F1D			Custom@1313162067	Scene	50.000000			1	1
00582162	COMP_Quest_Camp_Full_Beckett	Beckett	427	005A0F1E			Custom@1313162067	Scene	50.000000			0	0
00582162	COMP_Quest_Camp_Full_Beckett	Beckett	428	005A0F1F			Custom@1313162067	Scene	50.000000			1	1
00582162	COMP_Quest_Camp_Full_Beckett	Beckett	429	005A0F20			Custom@1313162067	Scene	50.000000			0	0
00582162	COMP_Quest_Camp_Full_Beckett	Beckett	430	005A0F21			Custom@1313162067	Scene	50.000000			1	1
00582162	COMP_Quest_Camp_Full_Beckett	Beckett	431	005A0F22			Custom@1313162067	Scene	50.000000			0	0
00582162	COMP_Quest_Camp_Full_Beckett	Beckett	432	005A0F23			Custom@1313162067	Scene	50.000000			1	3
00582162	COMP_Quest_Camp_Full_Beckett	Beckett	433	005A0F24			Custom@1313162067	Scene	50.000000			1	1
00582162	COMP_Quest_Camp_Full_Beckett	Beckett	434	005A0F25			Custom@1313162067	Scene	50.000000			0	0
00582162	COMP_Quest_Camp_Full_Beckett	Beckett	435	005A0F26			Custom@1313162067	Scene	50.000000			1	1
00582162	COMP_Quest_Camp_Full_Beckett	Beckett	436	005A0F27			Custom@1313162067	Scene	50.000000			0	0
00582162	COMP_Quest_Camp_Full_Beckett	Beckett	437	005A0F28			Custom@1313162067	Scene	50.000000			1	1
00582162	COMP_Quest_Camp_Full_Beckett	Beckett	438	005A0F29			Custom@1313162067	Scene	50.000000			0	0
00582162	COMP_Quest_Camp_Full_Beckett	Beckett	439	005A0F2A			Custom@1313162067	Scene	50.000000			1	1
00582162	COMP_Quest_Camp_Full_Beckett	Beckett	440	005A0F2B			Custom@1313162067	Scene	50.000000			0	0
00582162	COMP_Quest_Camp_Full_Beckett	Beckett	441	005A0F2C			Custom@1313162067	Scene	50.000000			1	2
00582162	COMP_Quest_Camp_Full_Beckett	Beckett	442	005A1009			Custom@1313162067	Scene	50.000000			0	0
00582162	COMP_Quest_Camp_Full_Beckett	Beckett	443	005A100A			Custom@1313162067	Scene	50.000000			1	1
00582162	COMP_Quest_Camp_Full_Beckett	Beckett	444	005A100B			Custom@1313162067	Scene	50.000000			0	0
00582162	COMP_Quest_Camp_Full_Beckett	Beckett	445	005A100C		I'm going to head out and tackle that job now.	Custom@1313162067	Scene	50.000000			35	53
00582162	COMP_Quest_Camp_Full_Beckett	Beckett	446	005A100D			Custom@1313162067	Scene	50.000000			0	0
00582162	COMP_Quest_Camp_Full_Beckett	Beckett	447	005A100E			Custom@1313162067	Scene	50.000000			2	2
00582162	COMP_Quest_Camp_Full_Beckett	Beckett	448	005A100F			Custom@1313162067	Scene	50.000000			0	0
00582162	COMP_Quest_Camp_Full_Beckett	Beckett	449	005A1010			Custom@1313162067	Scene	50.000000			1	1
00582162	COMP_Quest_Camp_Full_Beckett	Beckett	450	005A1011			Custom@1313162067	Scene	50.000000			0	0
00582162	COMP_Quest_Camp_Full_Beckett	Beckett	451	005A1012			Custom@1313162067	Scene	50.000000			2	2
00582162	COMP_Quest_Camp_Full_Beckett	Beckett	452	005A1013			Custom@1313162067	Scene	50.000000			0	0
00582162	COMP_Quest_Camp_Full_Beckett	Beckett	453	005A1014			Custom@1313162067	Scene	50.000000			1	1
00582162	COMP_Quest_Camp_Full_Beckett	Beckett	454	005A11A7			Custom@1313162067	Scene	50.000000			0	0
00582162	COMP_Quest_Camp_Full_Beckett	Beckett	455	005A11A8			Custom@1313162067	Scene	50.000000			1	1
00582162	COMP_Quest_Camp_Full_Beckett	Beckett	456	005A11A9			Custom@1313162067	Scene	50.000000			1	1
00582162	COMP_Quest_Camp_Full_Beckett	Beckett	457	005A11AA			Custom@1313162067	Scene	50.000000			0	0
00582162	COMP_Quest_Camp_Full_Beckett	Beckett	458	005A11AC			Custom@1313162067	Scene	50.000000			1	1
00582162	COMP_Quest_Camp_Full_Beckett	Beckett	459	005A11AD			Custom@1313162067	Scene	50.000000			3	3
00582162	COMP_Quest_Camp_Full_Beckett	Beckett	460	005A11AE			Custom@1313162067	Scene	50.000000			0	0
00582162	COMP_Quest_Camp_Full_Beckett	Beckett	461	005A11AF			Custom@1313162067	Scene	50.000000			0	0
00582162	COMP_Quest_Camp_Full_Beckett	Beckett	462	005A11B0			Custom@1313162067	Scene	50.000000			1	1
00582162	COMP_Quest_Camp_Full_Beckett	Beckett	463	005A11B1			Custom@1313162067	Scene	50.000000			0	0
00582162	COMP_Quest_Camp_Full_Beckett	Beckett	464	005A11B2			Custom@1313162067	Scene	50.000000			0	0
00582162	COMP_Quest_Camp_Full_Beckett	Beckett	465	005A11B3			Custom@1313162067	Scene	50.000000			0	0
00582162	COMP_Quest_Camp_Full_Beckett	Beckett	466	005A11B4			Custom@1313162067	Scene	50.000000			0	0
00582162	COMP_Quest_Camp_Full_Beckett	Beckett	467	005A11B5			Custom@1313162067	Scene	50.000000			0	0
00582162	COMP_Quest_Camp_Full_Beckett	Beckett	468	005A11B6			Custom@1313162067	Scene	50.000000			3	3
00582162	COMP_Quest_Camp_Full_Beckett	Beckett	469	005A11B7			Custom@1313162067	Scene	50.000000			0	0
00582162	COMP_Quest_Camp_Full_Beckett	Beckett	470	005A11B8			Custom@1313162067	Scene	50.000000			0	0
00582162	COMP_Quest_Camp_Full_Beckett	Beckett	471	005A11B9			Custom@1313162067	Scene	50.000000			1	1
00582162	COMP_Quest_Camp_Full_Beckett	Beckett	472	005A11BA			Custom@1313162067	Scene	50.000000			0	0
00582162	COMP_Quest_Camp_Full_Beckett	Beckett	473	005A11BB			Custom@1313162067	Scene	50.000000			0	0
00582162	COMP_Quest_Camp_Full_Beckett	Beckett	474	005A11BC			Custom@1313162067	Scene	50.000000			0	0
00582162	COMP_Quest_Camp_Full_Beckett	Beckett	475	005A11BD			Custom@1313162067	Scene	50.000000			1	1
00582162	COMP_Quest_Camp_Full_Beckett	Beckett	476	005A11BE			Custom@1313162067	Scene	50.000000			1	1
00582162	COMP_Quest_Camp_Full_Beckett	Beckett	477	005A11C1			Custom@1313162067	Scene	50.000000			1	3
00582162	COMP_Quest_Camp_Full_Beckett	Beckett	478	005A11C2			Custom@1313162067	Scene	50.000000			1	2
00582162	COMP_Quest_Camp_Full_Beckett	Beckett	479	005A11C3			Custom@1313162067	Scene	50.000000			3	6
00582162	COMP_Quest_Camp_Full_Beckett	Beckett	480	005A11C4			Custom@1313162067	Scene	50.000000			3	3
00582162	COMP_Quest_Camp_Full_Beckett	Beckett	481	005A11C5			Custom@1313162067	Scene	50.000000			1	2
00582162	COMP_Quest_Camp_Full_Beckett	Beckett	482	005A11C6		I hope we've seen the last of the Blood Eagles.	Custom@1313162067	Scene	50.000000			1	1
00582162	COMP_Quest_Camp_Full_Beckett	Beckett	483	005A11C7			Custom@1313162067	Scene	50.000000			1	2
00582162	COMP_Quest_Camp_Full_Beckett	Beckett	484	005A11C8			Custom@1313162067	Scene	50.000000			2	6
00582162	COMP_Quest_Camp_Full_Beckett	Beckett	485	005A11C9			Custom@1313162067	Scene	50.000000			1	4
00582162	COMP_Quest_Camp_Full_Beckett	Beckett	486	005A11CA			Custom@1313162067	Scene	50.000000			2	3
00582162	COMP_Quest_Camp_Full_Beckett	Beckett	487	005A165A			Custom@1313162067	Scene	50.000000			12	16
00582162	COMP_Quest_Camp_Full_Beckett	Beckett	488	005A165B			Custom@1313162067	Scene	50.000000			0	0
00582162	COMP_Quest_Camp_Full_Beckett	Beckett	489	005A16FA			Taunt	Combat	50.000000			6	8
00582162	COMP_Quest_Camp_Full_Beckett	Beckett	490	005A16FB			Hit	Combat	50.000000			6	8
00582162	COMP_Quest_Camp_Full_Beckett	Beckett	491	005A16FC			Bleed Out	Combat	50.000000			6	8
00582162	COMP_Quest_Camp_Full_Beckett	Beckett	492	005A16FD			Combat To Normal	Detection	50.000000			6	8
00582162	COMP_Quest_Camp_Full_Beckett	Beckett	493	005A16FE			Normal To Combat	Detection	50.000000			6	8
00582162	COMP_Quest_Camp_Full_Beckett	Beckett	494	005A186C			Custom@1313162067	Scene	50.000000			0	0
00582162	COMP_Quest_Camp_Full_Beckett	Beckett	495	005A186D			Custom@1313162067	Scene	50.000000			0	0
00582162	COMP_Quest_Camp_Full_Beckett	Beckett	496	005A1870			Custom@1313162067	Scene	50.000000			0	0
00582162	COMP_Quest_Camp_Full_Beckett	Beckett	497	005A1871			Custom@1313162067	Scene	50.000000			0	0
00582162	COMP_Quest_Camp_Full_Beckett	Beckett	498	005A1874			Custom@1313162067	Scene	50.000000			1	2
00582162	COMP_Quest_Camp_Full_Beckett	Beckett	499	005A1875			Custom@1313162067	Scene	50.000000			1	1
00582162	COMP_Quest_Camp_Full_Beckett	Beckett	500	005A1876			Custom@1313162067	Scene	50.000000			1	1
00582162	COMP_Quest_Camp_Full_Beckett	Beckett	501	005A1877			Custom@1313162067	Scene	50.000000			1	2
00582162	COMP_Quest_Camp_Full_Beckett	Beckett	502	005A192B			Custom@1313162067	Scene	50.000000			0	0
00582162	COMP_Quest_Camp_Full_Beckett	Beckett	503	005A192C			Custom@1313162067	Scene	50.000000			1	2
00582162	COMP_Quest_Camp_Full_Beckett	Beckett	504	005A1FCF			Custom@1313162067	Scene	50.000000			5	15
00582162	COMP_Quest_Camp_Full_Beckett	Beckett	505	005A1FD0			Custom@1313162067	Scene	50.000000			0	0
00582162	COMP_Quest_Camp_Full_Beckett	Beckett	506	005A1FD1			Custom@1313162067	Scene	50.000000			0	0
00582162	COMP_Quest_Camp_Full_Beckett	Beckett	507	005A1FD2			Custom@1313162067	Scene	50.000000			0	0
00582162	COMP_Quest_Camp_Full_Beckett	Beckett	508	005A1FD3			Custom@1313162067	Scene	50.000000			0	0
00582162	COMP_Quest_Camp_Full_Beckett	Beckett	509	005A1FD4			Custom@1313162067	Scene	50.000000			5	7
0058216B	COMP_Conversation_Beckett_Visitor_004_Sage	Beckett	0	00590684			Custom@1313162067	Scene	50.000000			1	1
0058216B	COMP_Conversation_Beckett_Visitor_004_Sage	Beckett	1	00590685			Custom@1313162067	Scene	50.000000			1	1
0058216B	COMP_Conversation_Beckett_Visitor_004_Sage	Beckett	2	00590686			Custom@1313162067	Scene	50.000000			1	2
0058216B	COMP_Conversation_Beckett_Visitor_004_Sage	Beckett	3	00590687			Custom@1313162067	Scene	50.000000			1	1
0058216B	COMP_Conversation_Beckett_Visitor_004_Sage	Beckett	4	00590688			Custom@1313162067	Scene	50.000000			0	0
0058216B	COMP_Conversation_Beckett_Visitor_004_Sage	Beckett	5	00590689			Custom@1313162067	Scene	50.000000			1	1
0058216B	COMP_Conversation_Beckett_Visitor_004_Sage	Beckett	6	0059068A			Custom@1313162067	Scene	50.000000			0	0
0058216B	COMP_Conversation_Beckett_Visitor_004_Sage	Beckett	7	0059068B			Custom@1313162067	Scene	50.000000			1	1
0058216B	COMP_Conversation_Beckett_Visitor_004_Sage	Beckett	8	0059068C			Custom@1313162067	Scene	50.000000			0	0
0058216B	COMP_Conversation_Beckett_Visitor_004_Sage	Beckett	9	0059068D			Custom@1313162067	Scene	50.000000			1	1
0058216B	COMP_Conversation_Beckett_Visitor_004_Sage	Beckett	10	0059068E			Custom@1313162067	Scene	50.000000			0	0
0058216B	COMP_Conversation_Beckett_Visitor_004_Sage	Beckett	11	0059068F			Custom@1313162067	Scene	50.000000			1	2
0058216B	COMP_Conversation_Beckett_Visitor_004_Sage	Beckett	12	00590690			Custom@1313162067	Scene	50.000000			1	1
0058216B	COMP_Conversation_Beckett_Visitor_004_Sage	Beckett	13	005A1939			Custom@1313162067	Scene	50.000000			0	0
0058216B	COMP_Conversation_Beckett_Visitor_004_Sage	Beckett	14	005A193C			Hello	Miscellaneous	50.000000			4	6
0058216B	COMP_Conversation_Beckett_Visitor_004_Sage	Beckett	15	005A193D			Custom@1313162067	Scene	50.000000			1	1
0058216B	COMP_Conversation_Beckett_Visitor_004_Sage	Beckett	16	005A193E			Greeting	Miscellaneous	50.000000			1	1
0058216B	COMP_Conversation_Beckett_Visitor_004_Sage	Beckett	17	005A1C9B			Custom@1313162067	Scene	50.000000			0	0
0058216E	COMP_Quest_Camp_Lite_Wanderer	Wanderer	0	005821B7			Custom@1313162067	Scene	50.000000			18	24
0058216E	COMP_Quest_Camp_Lite_Wanderer	Wanderer	1	005821B8			Custom@1313162067	Scene	50.000000			6	8
0058216E	COMP_Quest_Camp_Lite_Wanderer	Wanderer	2	005821B9			Custom@1313162067	Scene	50.000000			0	0
0058216E	COMP_Quest_Camp_Lite_Wanderer	Wanderer	3	005821BA			Custom@1313162067	Scene	50.000000			16	24
0058216E	COMP_Quest_Camp_Lite_Wanderer	Wanderer	4	005821BB			Custom@1313162067	Scene	50.000000			0	0
0058216E	COMP_Quest_Camp_Lite_Wanderer	Wanderer	5	005821BC		How do you know about this?	Custom@1313162067	Scene	50.000000			18	24
0058216E	COMP_Quest_Camp_Lite_Wanderer	Wanderer	6	005821BD			Custom@1313162067	Scene	50.000000			0	0
0058216E	COMP_Quest_Camp_Lite_Wanderer	Wanderer	7	005821BE		Is there anything dangerous nearby that I should know about?	Custom@1313162067	Scene	50.000000			180	277
0058216E	COMP_Quest_Camp_Lite_Wanderer	Wanderer	8	005821BF			Custom@1313162067	Scene	50.000000			0	0
0058216E	COMP_Quest_Camp_Lite_Wanderer	Wanderer	9	005821C0		Where am I going?	Custom@1313162067	Scene	50.000000			101	154
0058216E	COMP_Quest_Camp_Lite_Wanderer	Wanderer	10	005821C1			Custom@1313162067	Scene	50.000000			0	0
0058216E	COMP_Quest_Camp_Lite_Wanderer	Wanderer	11	005821C2			Custom@1313162067	Scene	50.000000			192	289
0058216E	COMP_Quest_Camp_Lite_Wanderer	Wanderer	12	005821C3			Custom@1313162067	Scene	50.000000			0	0
0058216E	COMP_Quest_Camp_Lite_Wanderer	Wanderer	13	005821C4			Custom@1313162067	Scene	50.000000			24	37
0058216E	COMP_Quest_Camp_Lite_Wanderer	Wanderer	14	005821C5			Greeting	Miscellaneous	50.000000			30	42
0058216E	COMP_Quest_Camp_Lite_Wanderer	Wanderer	15	00585BF4			Idle	Miscellaneous	50.000000			17	21
0058216E	COMP_Quest_Camp_Lite_Wanderer	Wanderer	16	00585BF5			Hello	Miscellaneous	50.000000			33	39
0058216F	COMP_Quest_Camp_Lite_Hunter	Hunter	0	005821B6			Greeting	Miscellaneous	50.000000			6	8
0058216F	COMP_Quest_Camp_Lite_Hunter	Hunter	1	00583975			Custom@1313162067	Scene	50.000000			18	24
0058216F	COMP_Quest_Camp_Lite_Hunter	Hunter	2	00583976		Maybe later.	Custom@1313162067	Scene	50.000000			6	8
0058216F	COMP_Quest_Camp_Lite_Hunter	Hunter	3	00583977			Custom@1313162067	Scene	50.000000			0	0
0058216F	COMP_Quest_Camp_Lite_Hunter	Hunter	4	00583978		I can do this. I'll be back in no time.	Custom@1313162067	Scene	50.000000			20	30
0058216F	COMP_Quest_Camp_Lite_Hunter	Hunter	5	00583979			Custom@1313162067	Scene	50.000000			0	0
0058216F	COMP_Quest_Camp_Lite_Hunter	Hunter	6	0058397A		How did you find out about this, anyway?	Custom@1313162067	Scene	50.000000			32	44
0058216F	COMP_Quest_Camp_Lite_Hunter	Hunter	7	0058397B			Custom@1313162067	Scene	50.000000			0	0
0058216F	COMP_Quest_Camp_Lite_Hunter	Hunter	8	0058397C		Any danger I should know about?	Custom@1313162067	Scene	50.000000			180	278
0058216F	COMP_Quest_Camp_Lite_Hunter	Hunter	9	0058397D			Custom@1313162067	Scene	50.000000			0	0
0058216F	COMP_Quest_Camp_Lite_Hunter	Hunter	10	0058397E		Where am I headed?	Custom@1313162067	Scene	50.000000			100	152
0058216F	COMP_Quest_Camp_Lite_Hunter	Hunter	11	0058397F			Custom@1313162067	Scene	50.000000			0	0
0058216F	COMP_Quest_Camp_Lite_Hunter	Hunter	12	00583980		What should I expect to find here?	Custom@1313162067	Scene	50.000000			184	276
0058216F	COMP_Quest_Camp_Lite_Hunter	Hunter	13	00583981			Custom@1313162067	Scene	50.000000			0	0
0058216F	COMP_Quest_Camp_Lite_Hunter	Hunter	14	00583982			Custom@1313162067	Scene	50.000000			24	37
0058216F	COMP_Quest_Camp_Lite_Hunter	Hunter	15	0059D169			Hello	Miscellaneous	50.000000			2	4
00582171	COMP_Quest_Camp_Lite_Scavenger	Scavenger	0	00582198			Custom@1313162067	Scene	50.000000			17	23
00582171	COMP_Quest_Camp_Lite_Scavenger	Scavenger	1	00582199			Custom@1313162067	Scene	50.000000			6	8
00582171	COMP_Quest_Camp_Lite_Scavenger	Scavenger	2	0058219A			Custom@1313162067	Scene	50.000000			0	0
00582171	COMP_Quest_Camp_Lite_Scavenger	Scavenger	3	0058219B			Custom@1313162067	Scene	50.000000			20	30
00582171	COMP_Quest_Camp_Lite_Scavenger	Scavenger	4	0058219C			Custom@1313162067	Scene	50.000000			0	0
00582171	COMP_Quest_Camp_Lite_Scavenger	Scavenger	5	0058219D			Custom@1313162067	Scene	50.000000			27	39
00582171	COMP_Quest_Camp_Lite_Scavenger	Scavenger	6	0058219E			Custom@1313162067	Scene	50.000000			0	0
00582171	COMP_Quest_Camp_Lite_Scavenger	Scavenger	7	0058219F			Custom@1313162067	Scene	50.000000			188	292
00582171	COMP_Quest_Camp_Lite_Scavenger	Scavenger	8	005821A0			Custom@1313162067	Scene	50.000000			0	0
00582171	COMP_Quest_Camp_Lite_Scavenger	Scavenger	9	005821A1			Custom@1313162067	Scene	50.000000			100	152
00582171	COMP_Quest_Camp_Lite_Scavenger	Scavenger	10	005821A2			Custom@1313162067	Scene	50.000000			0	0
00582171	COMP_Quest_Camp_Lite_Scavenger	Scavenger	11	005821A3			Custom@1313162067	Scene	50.000000			208	313
00582171	COMP_Quest_Camp_Lite_Scavenger	Scavenger	12	005821A4			Custom@1313162067	Scene	50.000000			0	0
00582171	COMP_Quest_Camp_Lite_Scavenger	Scavenger	13	005821A5			Custom@1313162067	Scene	50.000000			24	37
00582171	COMP_Quest_Camp_Lite_Scavenger	Scavenger	14	005821A6			Greeting	Miscellaneous	50.000000			30	42
00582171	COMP_Quest_Camp_Lite_Scavenger	Scavenger	15	00585BD4			Hello	Miscellaneous	50.000000			33	39
00582171	COMP_Quest_Camp_Lite_Scavenger	Scavenger	16	00585BD5			Idle	Miscellaneous	50.000000			22	26
00582172	COMP_Quest_Intro_Lite_Beggar	Beggar	0	00582174			Custom@1313162067	Scene	50.000000			1	1
00582172	COMP_Quest_Intro_Lite_Beggar	Beggar	1	00582175			Custom@1313162067	Scene	50.000000			0	0
00582172	COMP_Quest_Intro_Lite_Beggar	Beggar	2	00582176			Custom@1313162067	Scene	50.000000			1	1
00582172	COMP_Quest_Intro_Lite_Beggar	Beggar	3	00582177			Custom@1313162067	Scene	50.000000			0	0
00582172	COMP_Quest_Intro_Lite_Beggar	Beggar	4	00582178			Custom@1313162067	Scene	50.000000			1	1
00582172	COMP_Quest_Intro_Lite_Beggar	Beggar	5	00582179			Custom@1313162067	Scene	50.000000			0	0
00582172	COMP_Quest_Intro_Lite_Beggar	Beggar	6	0058217A			Custom@1313162067	Scene	50.000000			1	1
00582172	COMP_Quest_Intro_Lite_Beggar	Beggar	7	0058217B			Custom@1313162067	Scene	50.000000			1	2
00582172	COMP_Quest_Intro_Lite_Beggar	Beggar	8	0058217C			Custom@1313162067	Scene	50.000000			1	2
00582172	COMP_Quest_Intro_Lite_Beggar	Beggar	9	0058217D			Custom@1313162067	Scene	50.000000			0	0
00582172	COMP_Quest_Intro_Lite_Beggar	Beggar	10	0058217E			Custom@1313162067	Scene	50.000000			1	1
00582172	COMP_Quest_Intro_Lite_Beggar	Beggar	11	0058217F			Custom@1313162067	Scene	50.000000			0	0
00582172	COMP_Quest_Intro_Lite_Beggar	Beggar	12	00582180			Custom@1313162067	Scene	50.000000			1	1
00582172	COMP_Quest_Intro_Lite_Beggar	Beggar	13	00582181			Custom@1313162067	Scene	50.000000			0	0
00582172	COMP_Quest_Intro_Lite_Beggar	Beggar	14	00582182			Custom@1313162067	Scene	50.000000			1	1
00582172	COMP_Quest_Intro_Lite_Beggar	Beggar	15	00582183			Custom@1313162067	Scene	50.000000			0	0
00582172	COMP_Quest_Intro_Lite_Beggar	Beggar	16	00582184			Custom@1313162067	Scene	50.000000			1	4
00582172	COMP_Quest_Intro_Lite_Beggar	Beggar	17	00582185			Custom@1313162067	Scene	50.000000			0	0
00582172	COMP_Quest_Intro_Lite_Beggar	Beggar	18	00582186			Custom@1313162067	Scene	50.000000			1	2
00582172	COMP_Quest_Intro_Lite_Beggar	Beggar	19	00582187			Custom@1313162067	Scene	50.000000			0	0
00582172	COMP_Quest_Intro_Lite_Beggar	Beggar	20	00582188			Greeting	Miscellaneous	50.000000			10	14
00582172	COMP_Quest_Intro_Lite_Beggar	Beggar	21	00585674			Idle	Miscellaneous	50.000000			11	13
00582172	COMP_Quest_Intro_Lite_Beggar	Beggar	22	00585675			Hello	Miscellaneous	50.000000			11	13
00582172	COMP_Quest_Intro_Lite_Beggar	Beggar	23	00585B4F			Custom@1313162067	Scene	50.000000			1	1
00582172	COMP_Quest_Intro_Lite_Beggar	Beggar	24	00585B50			Custom@1313162067	Scene	50.000000			1	1
00582172	COMP_Quest_Intro_Lite_Beggar	Beggar	25	00585B51			Custom@1313162067	Scene	50.000000			1	13
00582172	COMP_Quest_Intro_Lite_Beggar	Beggar	26	00585BB4			Custom@1313162067	Scene	50.000000			0	0
00582172	COMP_Quest_Intro_Lite_Beggar	Beggar	27	00585BB5			Custom@1313162067	Scene	50.000000			0	0
00582172	COMP_Quest_Intro_Lite_Beggar	Beggar	28	00585BB6			Custom@1313162067	Scene	50.000000			0	0
00582172	COMP_Quest_Intro_Lite_Beggar	Beggar	29	00585BB7			Custom@1313162067	Scene	50.000000			0	0
00582173	COMP_Quest_Intro_Lite_Wanderer	Wanderer	0	00585BF6			Idle	Miscellaneous	50.000000			6	8
00582173	COMP_Quest_Intro_Lite_Wanderer	Wanderer	1	00585BF7			Hello	Miscellaneous	50.000000			5	7
00582173	COMP_Quest_Intro_Lite_Wanderer	Wanderer	2	00585BF8			Greeting	Miscellaneous	50.000000			12	18
00582173	COMP_Quest_Intro_Lite_Wanderer	Wanderer	3	00585BF9			Custom@1313162067	Scene	50.000000			1	1
00582173	COMP_Quest_Intro_Lite_Wanderer	Wanderer	4	00585BFE			Custom@1313162067	Scene	50.000000			1	2
00582173	COMP_Quest_Intro_Lite_Wanderer	Wanderer	5	00585BFF			Custom@1313162067	Scene	50.000000			1	1
00582173	COMP_Quest_Intro_Lite_Wanderer	Wanderer	6	00585C00			Custom@1313162067	Scene	50.000000			1	1
00582173	COMP_Quest_Intro_Lite_Wanderer	Wanderer	7	00585C01			Custom@1313162067	Scene	50.000000			1	1
00582173	COMP_Quest_Intro_Lite_Wanderer	Wanderer	8	00585C02			Custom@1313162067	Scene	50.000000			1	1
00582173	COMP_Quest_Intro_Lite_Wanderer	Wanderer	9	00585C03			Custom@1313162067	Scene	50.000000			1	1
00582173	COMP_Quest_Intro_Lite_Wanderer	Wanderer	10	00585C04			Custom@1313162067	Scene	50.000000			1	2
00582173	COMP_Quest_Intro_Lite_Wanderer	Wanderer	11	00585CE8			Custom@1313162067	Scene	50.000000			0	0
00582173	COMP_Quest_Intro_Lite_Wanderer	Wanderer	12	00585CE9			Custom@1313162067	Scene	50.000000			0	0
00582173	COMP_Quest_Intro_Lite_Wanderer	Wanderer	13	00585CEA			Custom@1313162067	Scene	50.000000			0	0
00582173	COMP_Quest_Intro_Lite_Wanderer	Wanderer	14	00585CEB			Custom@1313162067	Scene	50.000000			0	0
00582173	COMP_Quest_Intro_Lite_Wanderer	Wanderer	15	00585CEC			Custom@1313162067	Scene	50.000000			0	0
00585BD2	COMP_Quest_Intro_Lite_Scavenger	Scavenger	0	00585BD6			Custom@1313162067	Scene	50.000000			1	1
00585BD2	COMP_Quest_Intro_Lite_Scavenger	Scavenger	1	00585BD7			Custom@1313162067	Scene	50.000000			1	1
00585BD2	COMP_Quest_Intro_Lite_Scavenger	Scavenger	2	00585BD8			Custom@1313162067	Scene	50.000000			1	2
00585BD2	COMP_Quest_Intro_Lite_Scavenger	Scavenger	3	00585BD9			Custom@1313162067	Scene	50.000000			1	3
00585BD2	COMP_Quest_Intro_Lite_Scavenger	Scavenger	4	00585BDA			Custom@1313162067	Scene	50.000000			1	1
00585BD2	COMP_Quest_Intro_Lite_Scavenger	Scavenger	5	00585BDB			Custom@1313162067	Scene	50.000000			1	1
00585BD2	COMP_Quest_Intro_Lite_Scavenger	Scavenger	6	00585BDC			Custom@1313162067	Scene	50.000000			1	3
00585BD2	COMP_Quest_Intro_Lite_Scavenger	Scavenger	7	00585BDD			Custom@1313162067	Scene	50.000000			1	1
00585BD2	COMP_Quest_Intro_Lite_Scavenger	Scavenger	8	00585BDE			Custom@1313162067	Scene	50.000000			1	1
00585BD2	COMP_Quest_Intro_Lite_Scavenger	Scavenger	9	00585BDF			Custom@1313162067	Scene	50.000000			1	1
00585BD2	COMP_Quest_Intro_Lite_Scavenger	Scavenger	10	00585BE0			Idle	Miscellaneous	50.000000			6	8
00585BD2	COMP_Quest_Intro_Lite_Scavenger	Scavenger	11	00585BE1			Hello	Miscellaneous	50.000000			6	8
00585BD2	COMP_Quest_Intro_Lite_Scavenger	Scavenger	12	00585BE2			Greeting	Miscellaneous	50.000000			12	16
00585BD2	COMP_Quest_Intro_Lite_Scavenger	Scavenger	13	00585CE1			Custom@1313162067	Scene	50.000000			0	0
00585BD2	COMP_Quest_Intro_Lite_Scavenger	Scavenger	14	00585CE2			Custom@1313162067	Scene	50.000000			0	0
00585BD2	COMP_Quest_Intro_Lite_Scavenger	Scavenger	15	00585CE3			Custom@1313162067	Scene	50.000000			0	0
00585BD2	COMP_Quest_Intro_Lite_Scavenger	Scavenger	16	00585CE4			Custom@1313162067	Scene	50.000000			0	0
00585BD2	COMP_Quest_Intro_Lite_Scavenger	Scavenger	17	00585CE5			Custom@1313162067	Scene	50.000000			0	0
00585BD2	COMP_Quest_Intro_Lite_Scavenger	Scavenger	18	00585CE6			Custom@1313162067	Scene	50.000000			0	0
00585BD2	COMP_Quest_Intro_Lite_Scavenger	Scavenger	19	00585CE7			Custom@1313162067	Scene	50.000000			0	0
00585BD2	COMP_Quest_Intro_Lite_Scavenger	Scavenger	20	005A20E3			Shared Info	Miscellaneous	50.000000			1	1
00585BD2	COMP_Quest_Intro_Lite_Scavenger	Scavenger	21	005A20E4			Custom@1313162067	Scene	50.000000			1	3
00585BD2	COMP_Quest_Intro_Lite_Scavenger	Scavenger	22	005A20E5			Custom@1313162067	Scene	50.000000			0	0
005C40FD	BS01_COMP_Medic_Camp	Medic	0	005C40FE			Idle	Miscellaneous	50.000000			24	24
005C40FD	BS01_COMP_Medic_Camp	Medic	1	005C40FF			Shared Info	Miscellaneous	50.000000			10	12
005C40FD	BS01_COMP_Medic_Camp	Medic	2	005C4100			Hello	Miscellaneous	50.000000			26	45
005C40FD	BS01_COMP_Medic_Camp	Medic	3	005C4101			Greeting	Miscellaneous	50.000000			15	24
005C40FD	BS01_COMP_Medic_Camp	Medic	4	005C4102		Actually, that's okay.	Custom@1313162067	Scene	50.000000			1	1
005C40FD	BS01_COMP_Medic_Camp	Medic	5	005C4103			Custom@1313162067	Scene	50.000000			0	0
005C40FD	BS01_COMP_Medic_Camp	Medic	6	005C4104		I understand. Can I ask something else?	Custom@1313162067	Scene	50.000000			1	1
005C40FD	BS01_COMP_Medic_Camp	Medic	7	005C4105			Custom@1313162067	Scene	50.000000			0	0
005C40FD	BS01_COMP_Medic_Camp	Medic	8	005C4106		Sounds like a load of bullshit.	Custom@1313162067	Scene	50.000000			1	2
005C40FD	BS01_COMP_Medic_Camp	Medic	9	005C4107			Custom@1313162067	Scene	50.000000			0	0
005C40FD	BS01_COMP_Medic_Camp	Medic	10	005C4108		Thanks for sharing, Solomon.	Custom@1313162067	Scene	50.000000			1	1
005C40FD	BS01_COMP_Medic_Camp	Medic	11	005C4109			Custom@1313162067	Scene	50.000000			0	0
005C40FD	BS01_COMP_Medic_Camp	Medic	12	005C410A			Custom@1313162067	Scene	50.000000			1	2
005C40FD	BS01_COMP_Medic_Camp	Medic	13	005C410B		So... you just learned surgery in the middle of a battle?	Custom@1313162067	Scene	50.000000			1	2
005C40FD	BS01_COMP_Medic_Camp	Medic	14	005C410C			Custom@1313162067	Scene	50.000000			0	0
005C40FD	BS01_COMP_Medic_Camp	Medic	15	005C410D		Sounds like life had a plan for you.	Custom@1313162067	Scene	50.000000			1	1
005C40FD	BS01_COMP_Medic_Camp	Medic	16	005C410E			Custom@1313162067	Scene	50.000000			0	0
005C40FD	BS01_COMP_Medic_Camp	Medic	17	005C410F			Custom@1313162067	Scene	50.000000			1	4
005C40FD	BS01_COMP_Medic_Camp	Medic	18	005C4110		Thanks. Let's change subjects.	Custom@1313162067	Scene	50.000000			1	1
005C40FD	BS01_COMP_Medic_Camp	Medic	19	005C4111			Custom@1313162067	Scene	50.000000			0	0
005C40FD	BS01_COMP_Medic_Camp	Medic	20	005C4112		Should I be worried that my doctor "couldn't make the grades?"	Custom@1313162067	Scene	50.000000			1	1
005C40FD	BS01_COMP_Medic_Camp	Medic	21	005C4113			Custom@1313162067	Scene	50.000000			0	0
005C40FD	BS01_COMP_Medic_Camp	Medic	22	005C4114		And how did that work out for you?	Custom@1313162067	Scene	50.000000			1	1
005C40FD	BS01_COMP_Medic_Camp	Medic	23	005C4115			Custom@1313162067	Scene	50.000000			0	0
005C40FD	BS01_COMP_Medic_Camp	Medic	24	005C4116		Hold on, who said I wasn't charging rent?	Custom@1313162067	Scene	50.000000			1	2
005C40FD	BS01_COMP_Medic_Camp	Medic	25	005C4117			Custom@1313162067	Scene	50.000000			0	0
005C40FD	BS01_COMP_Medic_Camp	Medic	26	005C4118		"Top brass?" Is it someone I know? Dish out the details, doc!	Custom@1313162067	Scene	50.000000			1	3
005C40FD	BS01_COMP_Medic_Camp	Medic	27	005C4119			Custom@1313162067	Scene	50.000000			0	0
005C40FD	BS01_COMP_Medic_Camp	Medic	28	005C411A		What kind of things do the Brotherhood of Steel need to talk about?	Custom@1313162067	Scene	50.000000			1	3
005C40FD	BS01_COMP_Medic_Camp	Medic	29	005C411B			Custom@1313162067	Scene	50.000000			0	0
005C40FD	BS01_COMP_Medic_Camp	Medic	30	005C411C		Wait, "getting your M.D.?" So you're not actually a doctor?	Custom@1313162067	Scene	50.000000			1	4
005C40FD	BS01_COMP_Medic_Camp	Medic	31	005C411D			Custom@1313162067	Scene	50.000000			0	0
005C40FD	BS01_COMP_Medic_Camp	Medic	32	005C411E		Thanks. I was curious about something else.	Custom@1313162067	Scene	50.000000			1	1
005C40FD	BS01_COMP_Medic_Camp	Medic	33	005C411F			Custom@1313162067	Scene	50.000000			0	0
005C40FD	BS01_COMP_Medic_Camp	Medic	34	005C4120		You mentioned being the "occasional therapist." What's that about?	Custom@1313162067	Scene	50.000000			1	4
005C40FD	BS01_COMP_Medic_Camp	Medic	35	005C4121			Custom@1313162067	Scene	50.000000			0	0
005C40FD	BS01_COMP_Medic_Camp	Medic	36	005C4122		"Solomon" is quite the name.	Custom@1313162067	Scene	50.000000			1	3
005C40FD	BS01_COMP_Medic_Camp	Medic	37	005C4123			Custom@1313162067	Scene	50.000000			0	0
005C40FD	BS01_COMP_Medic_Camp	Medic	38	005C4124		You said you used to be in the Army?	Custom@1313162067	Scene	50.000000			1	2
005C40FD	BS01_COMP_Medic_Camp	Medic	39	005C4125			Custom@1313162067	Scene	50.000000			0	0
005C40FD	BS01_COMP_Medic_Camp	Medic	40	005C4126		Where are you from?	Custom@1313162067	Scene	50.000000			1	3
005C40FD	BS01_COMP_Medic_Camp	Medic	41	005C4127			Custom@1313162067	Scene	50.000000			0	0
005C40FD	BS01_COMP_Medic_Camp	Medic	42	005C4128		On second thought, never mind.	Custom@1313162067	Scene	50.000000			1	3
005C40FD	BS01_COMP_Medic_Camp	Medic	43	005C4129			Custom@1313162067	Scene	50.000000			0	0
005C40FD	BS01_COMP_Medic_Camp	Medic	44	005C412A		Cure my diseases. [10 Caps]	Custom@1313162067	Scene	50.000000			1	2
005C40FD	BS01_COMP_Medic_Camp	Medic	45	005C412B			Custom@1313162067	Scene	50.000000			0	0
005C40FD	BS01_COMP_Medic_Camp	Medic	46	005C412C		On second thought, never mind.	Custom@1313162067	Scene	50.000000			1	3
005C40FD	BS01_COMP_Medic_Camp	Medic	47	005C412D			Custom@1313162067	Scene	50.000000			0	0
005C40FD	BS01_COMP_Medic_Camp	Medic	48	005C412E		Cure my rads [20 Caps]	Custom@1313162067	Scene	50.000000			1	2
005C40FD	BS01_COMP_Medic_Camp	Medic	49	005C412F			Custom@1313162067	Scene	50.000000			0	0
005C40FD	BS01_COMP_Medic_Camp	Medic	50	005C4130		On second thought, never mind.	Custom@1313162067	Scene	50.000000			1	3
005C40FD	BS01_COMP_Medic_Camp	Medic	51	005C4131			Custom@1313162067	Scene	50.000000			0	0
005C40FD	BS01_COMP_Medic_Camp	Medic	52	005C4132		Heal me, doc. [10 Caps]	Custom@1313162067	Scene	50.000000			1	2
005C40FD	BS01_COMP_Medic_Camp	Medic	53	005C4133			Custom@1313162067	Scene	50.000000			0	0
005C40FD	BS01_COMP_Medic_Camp	Medic	54	005C4134		Have you gotten the inoculation to the Scorched Plague?	Custom@1313162067	Scene	50.000000			1	3
005C40FD	BS01_COMP_Medic_Camp	Medic	55	005C4135			Custom@1313162067	Scene	50.000000			0	0
005C40FD	BS01_COMP_Medic_Camp	Medic	56	005C4136		I'm feeling a little sick. I think I may have come down with something.	Custom@1313162067	Scene	50.000000			2	4
005C40FD	BS01_COMP_Medic_Camp	Medic	57	005C4137			Custom@1313162067	Scene	50.000000			0	0
005C40FD	BS01_COMP_Medic_Camp	Medic	58	005C4138		I think I've taken too many Rads. Can you help?	Custom@1313162067	Scene	50.000000			2	4
005C40FD	BS01_COMP_Medic_Camp	Medic	59	005C4139			Custom@1313162067	Scene	50.000000			0	0
005C40FD	BS01_COMP_Medic_Camp	Medic	60	005C413A		I'm bleeding all over. Think you can patch me up?	Custom@1313162067	Scene	50.000000			2	2
005C40FD	BS01_COMP_Medic_Camp	Medic	61	005C413B			Custom@1313162067	Scene	50.000000			0	0
005C40FD	BS01_COMP_Medic_Camp	Medic	62	005C413C		I had another question about the Brotherhood.	Custom@1313162067	Scene	50.000000			1	1
005C40FD	BS01_COMP_Medic_Camp	Medic	63	005C413D			Custom@1313162067	Scene	50.000000			0	0
005C40FD	BS01_COMP_Medic_Camp	Medic	64	005C413E		Maxson and the others back in California.	Custom@1313162067	Scene	50.000000			1	3
005C40FD	BS01_COMP_Medic_Camp	Medic	65	005C413F			Custom@1313162067	Scene	50.000000			0	0
005C40FD	BS01_COMP_Medic_Camp	Medic	66	005C4140		Scribe Valdez.	Custom@1313162067	Scene	50.000000			1	2
005C40FD	BS01_COMP_Medic_Camp	Medic	67	005C4141			Custom@1313162067	Scene	50.000000			0	0
005C40FD	BS01_COMP_Medic_Camp	Medic	68	005C4142		Knight Shin.	Custom@1313162067	Scene	50.000000			1	3
005C40FD	BS01_COMP_Medic_Camp	Medic	69	005C4143			Custom@1313162067	Scene	50.000000			0	0
005C40FD	BS01_COMP_Medic_Camp	Medic	70	005C4144		Paladin Rahmani.	Custom@1313162067	Scene	50.000000			1	4
005C40FD	BS01_COMP_Medic_Camp	Medic	71	005C4145			Custom@1313162067	Scene	50.000000			0	0
005C40FD	BS01_COMP_Medic_Camp	Medic	72	005C4146		Are you okay with their methods of "reclaiming" technology?	Custom@1313162067	Scene	50.000000			1	4
005C40FD	BS01_COMP_Medic_Camp	Medic	73	005C4147			Custom@1313162067	Scene	50.000000			0	0
005C40FD	BS01_COMP_Medic_Camp	Medic	74	005C4148		Almost sounds like you're talking about mutiny.	Custom@1313162067	Scene	50.000000			1	2
005C40FD	BS01_COMP_Medic_Camp	Medic	75	005C4149			Custom@1313162067	Scene	50.000000			0	0
005C40FD	BS01_COMP_Medic_Camp	Medic	76	005C414A		Things are run differently in California? How so?	Custom@1313162067	Scene	50.000000			1	4
005C40FD	BS01_COMP_Medic_Camp	Medic	77	005C414B			Custom@1313162067	Scene	50.000000			0	0
005C40FD	BS01_COMP_Medic_Camp	Medic	78	005C414C		That's great information. Thanks, Solomon.	Custom@1313162067	Scene	50.000000			1	2
005C40FD	BS01_COMP_Medic_Camp	Medic	79	005C414D			Custom@1313162067	Scene	50.000000			0	0
005C40FD	BS01_COMP_Medic_Camp	Medic	80	005C414E		I see, thanks.	Custom@1313162067	Scene	50.000000			1	3
005C40FD	BS01_COMP_Medic_Camp	Medic	81	005C414F			Custom@1313162067	Scene	50.000000			0	0
005C40FD	BS01_COMP_Medic_Camp	Medic	82	005C4150		So that's it? Just a group that can keep you safe?	Custom@1313162067	Scene	50.000000			1	2
005C40FD	BS01_COMP_Medic_Camp	Medic	83	005C4151			Custom@1313162067	Scene	50.000000			0	0
005C40FD	BS01_COMP_Medic_Camp	Medic	84	005C4152		And what about as an organization?	Custom@1313162067	Scene	50.000000			1	5
005C40FD	BS01_COMP_Medic_Camp	Medic	85	005C4153			Custom@1313162067	Scene	50.000000			0	0
005C40FD	BS01_COMP_Medic_Camp	Medic	86	005C4154		On second thought, let's talk about something else.	Custom@1313162067	Scene	50.000000			1	1
005C40FD	BS01_COMP_Medic_Camp	Medic	87	005C4155			Custom@1313162067	Scene	50.000000			0	0
005C40FD	BS01_COMP_Medic_Camp	Medic	88	005C4156		What are your thoughts on the members that came from California?	Custom@1313162067	Scene	50.000000			1	1
005C40FD	BS01_COMP_Medic_Camp	Medic	89	005C4157			Custom@1313162067	Scene	50.000000			0	0
005C40FD	BS01_COMP_Medic_Camp	Medic	90	005C4158		Why did you join up?	Custom@1313162067	Scene	50.000000			1	7
005C40FD	BS01_COMP_Medic_Camp	Medic	91	005C4159			Custom@1313162067	Scene	50.000000			0	0
005C40FD	BS01_COMP_Medic_Camp	Medic	92	005C415A		What do you think about the Brotherhood?	Custom@1313162067	Scene	50.000000			1	1
005C40FD	BS01_COMP_Medic_Camp	Medic	93	005C415B			Custom@1313162067	Scene	50.000000			0	0
005C40FD	BS01_COMP_Medic_Camp	Medic	94	005C415C		Actually, never mind.	Custom@1313162067	Scene	50.000000			1	1
005C40FD	BS01_COMP_Medic_Camp	Medic	95	005C415D			Custom@1313162067	Scene	50.000000			0	0
005C40FD	BS01_COMP_Medic_Camp	Medic	96	005C415E		I want to know more about you.	Custom@1313162067	Scene	50.000000			1	2
005C40FD	BS01_COMP_Medic_Camp	Medic	97	005C415F			Custom@1313162067	Scene	50.000000			0	0
005C40FD	BS01_COMP_Medic_Camp	Medic	98	005C4160		I wanted to talk about the Brotherhood of Steel.	Custom@1313162067	Scene	50.000000			3	3
005C40FD	BS01_COMP_Medic_Camp	Medic	99	005C4161			Custom@1313162067	Scene	50.000000			0	0
005C40FD	BS01_COMP_Medic_Camp	Medic	100	005C4162		Let's talk about your medical services.	Custom@1313162067	Scene	50.000000			1	1
005C40FD	BS01_COMP_Medic_Camp	Medic	101	005C4163			Custom@1313162067	Scene	50.000000			0	0
005C40FD	BS01_COMP_Medic_Camp	Medic	102	005C4164		Just keep your head down and stay out of my way.	Custom@1313162067	Scene	50.000000			1	2
005C40FD	BS01_COMP_Medic_Camp	Medic	103	005C4165			Custom@1313162067	Scene	50.000000			0	0
005C40FD	BS01_COMP_Medic_Camp	Medic	104	005C4166		Alright. We can try this out.	Custom@1313162067	Scene	50.000000			1	3
005C40FD	BS01_COMP_Medic_Camp	Medic	105	005C4167			Custom@1313162067	Scene	50.000000			0	0
005C40FD	BS01_COMP_Medic_Camp	Medic	106	005C4168		Sounds good, Solomon. Make yourself at home.	Custom@1313162067	Scene	50.000000			1	3
005C40FD	BS01_COMP_Medic_Camp	Medic	107	005C4169			Custom@1313162067	Scene	50.000000			0	0
005C40FD	BS01_COMP_Medic_Camp	Medic	108	005C416A		[Brotherhood] Welcome aboard, Initiate. Ad Victoriam!	Custom@1313162067	Scene	50.000000			2	3
005C40FD	BS01_COMP_Medic_Camp	Medic	109	005C416B			Custom@1313162067	Scene	50.000000			0	0
005C40FD	BS01_COMP_Medic_Camp	Medic	110	005C416C			Custom@1313162067	Scene	50.000000			1	2
005C40FD	BS01_COMP_Medic_Camp	Medic	111	005C416D		Or I could just steal all your supplies right here, right now.	Custom@1313162067	Scene	50.000000			1	2
005C40FD	BS01_COMP_Medic_Camp	Medic	112	005C416E			Custom@1313162067	Scene	50.000000			0	0
005C40FD	BS01_COMP_Medic_Camp	Medic	113	005C416F		How do I know you're not just lying to me?	Custom@1313162067	Scene	50.000000			1	2
005C40FD	BS01_COMP_Medic_Camp	Medic	114	005C4170			Custom@1313162067	Scene	50.000000			0	0
005C40FD	BS01_COMP_Medic_Camp	Medic	115	005C4171		A "low cost?" You mean you'd still charge, even if I give you a place to stay?	Custom@1313162067	Scene	50.000000			1	2
005C40FD	BS01_COMP_Medic_Camp	Medic	116	005C4172			Custom@1313162067	Scene	50.000000			0	0
005C40FD	BS01_COMP_Medic_Camp	Medic	117	005C4173		Sounds like a noble cause.	Custom@1313162067	Scene	50.000000			1	2
005C40FD	BS01_COMP_Medic_Camp	Medic	118	005C4174			Custom@1313162067	Scene	50.000000			0	0
005C40FD	BS01_COMP_Medic_Camp	Medic	119	005C4175			Custom@1313162067	Scene	50.000000			1	4
005C40FD	BS01_COMP_Medic_Camp	Medic	120	005C4176		Proposition? This some kind of get-rich scheme? 'Cause if so, I'm in.	Custom@1313162067	Scene	50.000000			1	1
005C40FD	BS01_COMP_Medic_Camp	Medic	121	005C4177			Custom@1313162067	Scene	50.000000			0	0
005C40FD	BS01_COMP_Medic_Camp	Medic	122	005C4178		Tell me why I shouldn't just blast you away right now.	Custom@1313162067	Scene	50.000000			1	2
005C40FD	BS01_COMP_Medic_Camp	Medic	123	005C4179			Custom@1313162067	Scene	50.000000			0	0
005C40FD	BS01_COMP_Medic_Camp	Medic	124	005C417A			Custom@1313162067	Scene	50.000000			1	1
005C40FD	BS01_COMP_Medic_Camp	Medic	125	005C417B			Custom@1313162067	Scene	50.000000			0	0
005C40FD	BS01_COMP_Medic_Camp	Medic	126	005C417C		[Brotherhood] Ad Victoriam, Initiate. How can I be of service?	Custom@1313162067	Scene	50.000000			1	1
005C40FD	BS01_COMP_Medic_Camp	Medic	127	005C417D			Custom@1313162067	Scene	50.000000			0	0
005C40FD	BS01_COMP_Medic_Camp	Medic	128	005C417E			Custom@1313162067	Scene	50.000000			1	1
005C40FD	BS01_COMP_Medic_Camp	Medic	129	005C9B35			Custom@1313162067	Scene	50.000000			0	0
005C40FD	BS01_COMP_Medic_Camp	Medic	130	005C9B36			Custom@1313162067	Scene	50.000000			0	0
005C40FD	BS01_COMP_Medic_Camp	Medic	131	005C9B37		Who me? Couldn't be.	Custom@1313162067	Scene	50.000000			2	3
005C40FD	BS01_COMP_Medic_Camp	Medic	132	005C9B38		I'm just glad I could help.	Custom@1313162067	Scene	50.000000			1	2
005C40FD	BS01_COMP_Medic_Camp	Medic	133	005D29B0			Custom@1313162067	Scene	50.000000			0	0
005C40FD	BS01_COMP_Medic_Camp	Medic	134	005D29B1		I'd like to buy some surplus wares.	Custom@1313162067	Scene	50.000000			1	3
005DBE6D	BS01_COMP_Quest_Camp_Lite_Chef	Chef	0	005E426D			Shared Info	Miscellaneous	50.000000			6	8
005DBE6D	BS01_COMP_Quest_Camp_Lite_Chef	Chef	1	005E426E			Idle	Miscellaneous	50.000000			19	19
005DBE6D	BS01_COMP_Quest_Camp_Lite_Chef	Chef	2	005E426F			Hello	Miscellaneous	50.000000			18	30
005DBE6D	BS01_COMP_Quest_Camp_Lite_Chef	Chef	3	005E4270			Greeting	Miscellaneous	50.000000			15	17
005DBE6D	BS01_COMP_Quest_Camp_Lite_Chef	Chef	4	005E4271		Let's change the topic.	Custom@1313162067	Scene	50.000000			1	1
005DBE6D	BS01_COMP_Quest_Camp_Lite_Chef	Chef	5	005E4272			Custom@1313162067	Scene	50.000000			0	0
005DBE6D	BS01_COMP_Quest_Camp_Lite_Chef	Chef	6	005E4273		It's not for a special occaison, but you need to try pepperoni rolls.	Custom@1313162067	Scene	50.000000			1	3
005DBE6D	BS01_COMP_Quest_Camp_Lite_Chef	Chef	7	005E4274			Custom@1313162067	Scene	50.000000			0	0
005DBE6D	BS01_COMP_Quest_Camp_Lite_Chef	Chef	8	005E4275		You've got to see Meat Week. It's a giant cookout.	Custom@1313162067	Scene	50.000000			1	2
005DBE6D	BS01_COMP_Quest_Camp_Lite_Chef	Chef	9	005E4276			Custom@1313162067	Scene	50.000000			0	0
005DBE6D	BS01_COMP_Quest_Camp_Lite_Chef	Chef	10	005E4277		Check out Fasnacht in Helvetia. They have a masked parade and donuts!	Custom@1313162067	Scene	50.000000			1	2
005DBE6D	BS01_COMP_Quest_Camp_Lite_Chef	Chef	11	005E4278			Custom@1313162067	Scene	50.000000			0	0
005DBE6D	BS01_COMP_Quest_Camp_Lite_Chef	Chef	12	005E4279		I want to talk about something else.	Custom@1313162067	Scene	50.000000			1	1
005DBE6D	BS01_COMP_Quest_Camp_Lite_Chef	Chef	13	005E427A			Custom@1313162067	Scene	50.000000			0	0
005DBE6D	BS01_COMP_Quest_Camp_Lite_Chef	Chef	14	005E427B		What have you learned in your time here?	Custom@1313162067	Scene	50.000000			1	2
005DBE6D	BS01_COMP_Quest_Camp_Lite_Chef	Chef	15	005E427C			Custom@1313162067	Scene	50.000000			0	0
005DBE6D	BS01_COMP_Quest_Camp_Lite_Chef	Chef	16	005E427D		What happened to the other survivors?	Custom@1313162067	Scene	50.000000			1	4
005DBE6D	BS01_COMP_Quest_Camp_Lite_Chef	Chef	17	005E427E			Custom@1313162067	Scene	50.000000			0	0
005DBE6D	BS01_COMP_Quest_Camp_Lite_Chef	Chef	18	005E427F		Give me the short version.	Custom@1313162067	Scene	50.000000			1	3
005DBE6D	BS01_COMP_Quest_Camp_Lite_Chef	Chef	19	005E4280			Custom@1313162067	Scene	50.000000			0	0
005DBE6D	BS01_COMP_Quest_Camp_Lite_Chef	Chef	20	005E4281		I've got time, and I'd like to know.	Custom@1313162067	Scene	50.000000			1	6
005DBE6D	BS01_COMP_Quest_Camp_Lite_Chef	Chef	21	005E4282			Custom@1313162067	Scene	50.000000			0	0
005DBE6D	BS01_COMP_Quest_Camp_Lite_Chef	Chef	22	005E4283		I want to ask about something else.	Custom@1313162067	Scene	50.000000			1	1
005DBE6D	BS01_COMP_Quest_Camp_Lite_Chef	Chef	23	005E4284			Custom@1313162067	Scene	50.000000			0	0
005DBE6D	BS01_COMP_Quest_Camp_Lite_Chef	Chef	24	005E4285		The Wasteland is full of dangerous creatures.	Custom@1313162067	Scene	50.000000			1	3
005DBE6D	BS01_COMP_Quest_Camp_Lite_Chef	Chef	25	005E4286			Custom@1313162067	Scene	50.000000			0	0
005DBE6D	BS01_COMP_Quest_Camp_Lite_Chef	Chef	26	005E4287		Don't you fear being attacked?	Custom@1313162067	Scene	50.000000			1	3
005DBE6D	BS01_COMP_Quest_Camp_Lite_Chef	Chef	27	005E4288			Custom@1313162067	Scene	50.000000			0	0
005DBE6D	BS01_COMP_Quest_Camp_Lite_Chef	Chef	28	005E4289		A restaurant wouldn't have survived the war anyway.	Custom@1313162067	Scene	50.000000			1	2
005DBE6D	BS01_COMP_Quest_Camp_Lite_Chef	Chef	29	005E428A			Custom@1313162067	Scene	50.000000			0	0
005DBE6D	BS01_COMP_Quest_Camp_Lite_Chef	Chef	30	005E428B		I'm sorry you didn't get a chance to do that.	Custom@1313162067	Scene	50.000000			1	3
005DBE6D	BS01_COMP_Quest_Camp_Lite_Chef	Chef	31	005E428C			Custom@1313162067	Scene	50.000000			0	0
005DBE6D	BS01_COMP_Quest_Camp_Lite_Chef	Chef	32	005E428D		Do you always travel alone?	Custom@1313162067	Scene	50.000000			1	2
005DBE6D	BS01_COMP_Quest_Camp_Lite_Chef	Chef	33	005E428E			Custom@1313162067	Scene	50.000000			0	0
005DBE6D	BS01_COMP_Quest_Camp_Lite_Chef	Chef	34	005E428F		Where did you grow up?	Custom@1313162067	Scene	50.000000			1	3
005DBE6D	BS01_COMP_Quest_Camp_Lite_Chef	Chef	35	005E4290			Custom@1313162067	Scene	50.000000			0	0
005DBE6D	BS01_COMP_Quest_Camp_Lite_Chef	Chef	36	005E4291		What brought you to Appalachia?	Custom@1313162067	Scene	50.000000			1	1
005DBE6D	BS01_COMP_Quest_Camp_Lite_Chef	Chef	37	005E4292			Custom@1313162067	Scene	50.000000			0	0
005DBE6D	BS01_COMP_Quest_Camp_Lite_Chef	Chef	38	005E4293		Why would they need to know how to make fancy meals?	Custom@1313162067	Scene	50.000000			1	3
005DBE6D	BS01_COMP_Quest_Camp_Lite_Chef	Chef	39	005E4294			Custom@1313162067	Scene	50.000000			0	0
005DBE6D	BS01_COMP_Quest_Camp_Lite_Chef	Chef	40	005E4295		You can sign me up right now.	Custom@1313162067	Scene	50.000000			1	2
005DBE6D	BS01_COMP_Quest_Camp_Lite_Chef	Chef	41	005E4296			Custom@1313162067	Scene	50.000000			0	0
005DBE6D	BS01_COMP_Quest_Camp_Lite_Chef	Chef	42	005E4297		I want to talk about something else.	Custom@1313162067	Scene	50.000000			1	1
005DBE6D	BS01_COMP_Quest_Camp_Lite_Chef	Chef	43	005E4298			Custom@1313162067	Scene	50.000000			0	0
005DBE6D	BS01_COMP_Quest_Camp_Lite_Chef	Chef	44	005E4299		I'd like to buy some recipes from you.	Custom@1313162067	Scene	50.000000			1	1
005DBE6D	BS01_COMP_Quest_Camp_Lite_Chef	Chef	45	005E429A			Custom@1313162067	Scene	50.000000			0	0
005DBE6D	BS01_COMP_Quest_Camp_Lite_Chef	Chef	46	005E429B		What do you do with them all?	Custom@1313162067	Scene	50.000000			1	3
005DBE6D	BS01_COMP_Quest_Camp_Lite_Chef	Chef	47	005E429C			Custom@1313162067	Scene	50.000000			0	0
005DBE6D	BS01_COMP_Quest_Camp_Lite_Chef	Chef	48	005E429D		Actually, I want to talk about something else.	Custom@1313162067	Scene	50.000000			1	1
005DBE6D	BS01_COMP_Quest_Camp_Lite_Chef	Chef	49	005E429E			Custom@1313162067	Scene	50.000000			0	0
005DBE6D	BS01_COMP_Quest_Camp_Lite_Chef	Chef	50	005E429F		Is there a famous Appalachian food you haven't tried yet?	Custom@1313162067	Scene	50.000000			1	3
005DBE6D	BS01_COMP_Quest_Camp_Lite_Chef	Chef	51	005E42A0			Custom@1313162067	Scene	50.000000			0	0
005DBE6D	BS01_COMP_Quest_Camp_Lite_Chef	Chef	52	005E42A1		Why did you become a chef?	Custom@1313162067	Scene	50.000000			1	6
005DBE6D	BS01_COMP_Quest_Camp_Lite_Chef	Chef	53	005E42A2			Custom@1313162067	Scene	50.000000			0	0
005DBE6D	BS01_COMP_Quest_Camp_Lite_Chef	Chef	54	005E42A3		Do you mind if I use your cooking equipment?	Custom@1313162067	Scene	50.000000			1	1
005DBE6D	BS01_COMP_Quest_Camp_Lite_Chef	Chef	55	005E42A4			Custom@1313162067	Scene	50.000000			0	0
005DBE6D	BS01_COMP_Quest_Camp_Lite_Chef	Chef	56	005E42A5		I want to buy some recipes.	Custom@1313162067	Scene	50.000000			1	2
005DBE6D	BS01_COMP_Quest_Camp_Lite_Chef	Chef	57	005E42A6			Custom@1313162067	Scene	50.000000			0	0
005DBE6D	BS01_COMP_Quest_Camp_Lite_Chef	Chef	58	005E42A7		You mentioned trading stories. I want to know more about you.	Custom@1313162067	Scene	50.000000			1	1
005DBE6D	BS01_COMP_Quest_Camp_Lite_Chef	Chef	59	005E42A8			Custom@1313162067	Scene	50.000000			0	0
005DBE6D	BS01_COMP_Quest_Camp_Lite_Chef	Chef	60	005E42A9		Let's talk about cooking.	Custom@1313162067	Scene	50.000000			1	1
005DBE6D	BS01_COMP_Quest_Camp_Lite_Chef	Chef	61	005E42AA			Custom@1313162067	Scene	50.000000			0	0
005DBE6D	BS01_COMP_Quest_Camp_Lite_Chef	Chef	62	005E42AB		I've worked up an appetite. What do you have to eat?	Custom@1313162067	Scene	50.000000			2	3
005DBE6D	BS01_COMP_Quest_Camp_Lite_Chef	Chef	63	005E42AC			Custom@1313162067	Scene	50.000000			0	0
005DBE6D	BS01_COMP_Quest_Camp_Lite_Chef	Chef	64	005E42AD			Custom@1313162067	Scene	50.000000			1	1
005DBE6D	BS01_COMP_Quest_Camp_Lite_Chef	Chef	65	005E42AE			Custom@1313162067	Scene	50.000000			0	0
005DBE6D	BS01_COMP_Quest_Camp_Lite_Chef	Chef	66	005E42AF		A traveling chef, how does that work?	Custom@1313162067	Scene	50.000000			1	3
005DBE6D	BS01_COMP_Quest_Camp_Lite_Chef	Chef	67	005E42B0			Custom@1313162067	Scene	50.000000			0	0
005DBE6D	BS01_COMP_Quest_Camp_Lite_Chef	Chef	68	005E42B1		Do you make a habit of showing up at people's homes unannounced?	Custom@1313162067	Scene	50.000000			1	2
005DBE6D	BS01_COMP_Quest_Camp_Lite_Chef	Chef	69	005E42B2			Custom@1313162067	Scene	50.000000			1	2
005DBE6D	BS01_COMP_Quest_Camp_Lite_Chef	Chef	70	005E42B3			Custom@1313162067	Scene	50.000000			0	0
005DBE6D	BS01_COMP_Quest_Camp_Lite_Chef	Chef	71	005E42B4		I already cook for myself.	Custom@1313162067	Scene	50.000000			1	3
005DBE6D	BS01_COMP_Quest_Camp_Lite_Chef	Chef	72	005E42B5			Custom@1313162067	Scene	50.000000			0	0
005DBE6D	BS01_COMP_Quest_Camp_Lite_Chef	Chef	73	005E42B6		That sounds wonderful!	Custom@1313162067	Scene	50.000000			1	2
005DBE6D	BS01_COMP_Quest_Camp_Lite_Chef	Chef	74	005E42B7			Custom@1313162067	Scene	50.000000			0	0
005DBE6D	BS01_COMP_Quest_Camp_Lite_Chef	Chef	75	005E42B8		Buy recipes? Can't you just share them while you're staying here?	Custom@1313162067	Scene	50.000000			1	2
005DBE6D	BS01_COMP_Quest_Camp_Lite_Chef	Chef	76	005E42B9			Custom@1313162067	Scene	50.000000			0	0
005DBE6D	BS01_COMP_Quest_Camp_Lite_Chef	Chef	77	005E42BA		You'd better not poison me.	Custom@1313162067	Scene	50.000000			1	2
005DBE6D	BS01_COMP_Quest_Camp_Lite_Chef	Chef	78	005E42BB			Custom@1313162067	Scene	50.000000			1	3
005DBE6D	BS01_COMP_Quest_Camp_Lite_Chef	Chef	79	005E42BC			Custom@1313162067	Scene	50.000000			0	0
005DBE6D	BS01_COMP_Quest_Camp_Lite_Chef	Chef	80	005E42BD		I'd enjoy the company and the food.	Custom@1313162067	Scene	50.000000			1	1
005DBE6D	BS01_COMP_Quest_Camp_Lite_Chef	Chef	81	005E42BE			Custom@1313162067	Scene	50.000000			0	0
005DBE6D	BS01_COMP_Quest_Camp_Lite_Chef	Chef	82	005E42BF		Let's see how it goes.	Custom@1313162067	Scene	50.000000			1	1
005DBE6D	BS01_COMP_Quest_Camp_Lite_Chef	Chef	83	005E42C0			Custom@1313162067	Scene	50.000000			0	0
005DBE6D	BS01_COMP_Quest_Camp_Lite_Chef	Chef	84	005E42C1		It'll work as long as you don't bother me.	Custom@1313162067	Scene	50.000000			1	1
005DBE6D	BS01_COMP_Quest_Camp_Lite_Chef	Chef	85	005E4AF6			Custom@1313162067	Scene	50.000000			0	0
005DBE6D	BS01_COMP_Quest_Camp_Lite_Chef	Chef	86	005E4AF7		Why do you collect recipes?	Custom@1313162067	Scene	50.000000			1	4
005DBE6D	BS01_COMP_Quest_Camp_Lite_Chef	Chef	87	005E51E7			Custom@1313162067	Scene	50.000000			15	17
005DBE6D	BS01_COMP_Quest_Camp_Lite_Chef	Chef	88	005E8899		Let's talk about something else.	Custom@1313162067	Scene	50.000000			1	1
005DBE6D	BS01_COMP_Quest_Camp_Lite_Chef	Chef	89	005E889A			Custom@1313162067	Scene	50.000000			0	0
005DBE6D	BS01_COMP_Quest_Camp_Lite_Chef	Chef	90	005E9F0B			Custom@1313162067	Scene	50.000000			0	0
005DBE6D	BS01_COMP_Quest_Camp_Lite_Chef	Chef	91	005E9F0C			Custom@1313162067	Scene	50.000000			0	0
005DBE6D	BS01_COMP_Quest_Camp_Lite_Chef	Chef	92	005E9F0D			Custom@1313162067	Scene	50.000000			1	1
005DBE6D	BS01_COMP_Quest_Camp_Lite_Chef	Chef	93	005E9F0E		Where do I RSVP for that banquet?	Custom@1313162067	Scene	50.000000			1	1
005DBE6D	BS01_COMP_Quest_Camp_Lite_Chef	Chef	94	005E9F0F		[Give Scorchbeast Mixed Meat Stew] You're in luck. I have a bowl for you right here.	Custom@1313162067	Scene	50.000000			1	2
005DBE6D	BS01_COMP_Quest_Camp_Lite_Chef	Chef	95	005EA5D9			Custom@1313162067	Scene	50.000000			0	0
005DBE6D	BS01_COMP_Quest_Camp_Lite_Chef	Chef	96	005EA5DA		I have to be on my way.	Custom@1313162067	Scene	50.000000			1	3
0061E040	ATX_COMP_Quest_Camp_Lite_Mechanic	Mechanic	0	0061E07D			Greeting	Miscellaneous	50.000000			29	60
0061E040	ATX_COMP_Quest_Camp_Lite_Mechanic	Mechanic	1	0061E07E		You're right. There's only room for one master here.	Custom@1313162067	Scene	50.000000			1	2
0061E040	ATX_COMP_Quest_Camp_Lite_Mechanic	Mechanic	2	0061E07F			Custom@1313162067	Scene	50.000000			0	0
0061E040	ATX_COMP_Quest_Camp_Lite_Mechanic	Mechanic	3	0061E080			Custom@1313162067	Scene	50.000000			0	0
0061E040	ATX_COMP_Quest_Camp_Lite_Mechanic	Mechanic	4	0061E081		Sounds good. Can you fix my gear?	Custom@1313162067	Scene	50.000000			1	3
0061E040	ATX_COMP_Quest_Camp_Lite_Mechanic	Mechanic	5	0061E082		I'm not entirely sure I need someone.	Custom@1313162067	Scene	50.000000			1	2
0061E040	ATX_COMP_Quest_Camp_Lite_Mechanic	Mechanic	6	0061E083		[Low Intelligence] That's great. I'm not the brightest bulb in the ... place bulbs go.	Custom@1313162067	Scene	50.000000			1	2
0061E040	ATX_COMP_Quest_Camp_Lite_Mechanic	Mechanic	7	0061E084		[Intelligence 8+] I'm already pretty good at fixing stuff.	Custom@1313162067	Scene	50.000000			1	2
0061E040	ATX_COMP_Quest_Camp_Lite_Mechanic	Mechanic	8	0061E086			Custom@1313162067	Scene	50.000000			0	0
0061E040	ATX_COMP_Quest_Camp_Lite_Mechanic	Mechanic	9	0061E087			Custom@1313162067	Scene	50.000000			0	0
0061E040	ATX_COMP_Quest_Camp_Lite_Mechanic	Mechanic	10	0061E088		So you're a sycophant. Great.	Custom@1313162067	Scene	50.000000			1	3
0061E040	ATX_COMP_Quest_Camp_Lite_Mechanic	Mechanic	11	0061E089			Custom@1313162067	Scene	50.000000			0	0
0061E040	ATX_COMP_Quest_Camp_Lite_Mechanic	Mechanic	12	0061E08A			Custom@1313162067	Scene	50.000000			0	0
0061E040	ATX_COMP_Quest_Camp_Lite_Mechanic	Mechanic	13	0061E08B			Custom@1313162067	Scene	50.000000			0	0
0061E040	ATX_COMP_Quest_Camp_Lite_Mechanic	Mechanic	14	0061E08C		That didn't answer my question.	Custom@1313162067	Scene	50.000000			1	2
0061E040	ATX_COMP_Quest_Camp_Lite_Mechanic	Mechanic	15	0061E08D		Never mind what you can do. What do you want to do?	Custom@1313162067	Scene	50.000000			1	3
0061E040	ATX_COMP_Quest_Camp_Lite_Mechanic	Mechanic	16	0061E08E			Custom@1313162067	Scene	50.000000			0	0
0061E040	ATX_COMP_Quest_Camp_Lite_Mechanic	Mechanic	17	0061E08F			Custom@1313162067	Scene	50.000000			0	0
0061E040	ATX_COMP_Quest_Camp_Lite_Mechanic	Mechanic	18	0061E090			Custom@1313162067	Scene	50.000000			0	0
0061E040	ATX_COMP_Quest_Camp_Lite_Mechanic	Mechanic	19	0061E091			Custom@1313162067	Scene	50.000000			0	0
0061E040	ATX_COMP_Quest_Camp_Lite_Mechanic	Mechanic	20	0061E092		I could use a helping hand.	Custom@1313162067	Scene	50.000000			1	2
0061E040	ATX_COMP_Quest_Camp_Lite_Mechanic	Mechanic	21	0061E093		What do you do exactly?	Custom@1313162067	Scene	50.000000			1	4
0061E040	ATX_COMP_Quest_Camp_Lite_Mechanic	Mechanic	22	0061E094			Custom@1313162067	Scene	50.000000			1	1
0061E040	ATX_COMP_Quest_Camp_Lite_Mechanic	Mechanic	23	0061E095		I'm sorry, but who are you and how did you get past security?	Custom@1313162067	Scene	50.000000			1	2
0061E040	ATX_COMP_Quest_Camp_Lite_Mechanic	Mechanic	24	0061E096			Custom@1313162067	Scene	50.000000			0	0
0061E040	ATX_COMP_Quest_Camp_Lite_Mechanic	Mechanic	25	0061E097		The more the merrier.	Custom@1313162067	Scene	50.000000			1	2
0061E040	ATX_COMP_Quest_Camp_Lite_Mechanic	Mechanic	26	0061E09F			Custom@1313162067	Scene	50.000000			1	1
0061E040	ATX_COMP_Quest_Camp_Lite_Mechanic	Mechanic	27	0061E0A0			Custom@1313162067	Scene	50.000000			1	1
0061E040	ATX_COMP_Quest_Camp_Lite_Mechanic	Mechanic	28	0061E0A1		Beats me. I just saw people partying, making music, and joined in.	Custom@1313162067	Scene	50.000000			1	2
0061E040	ATX_COMP_Quest_Camp_Lite_Mechanic	Mechanic	29	0061E0A2			Custom@1313162067	Scene	50.000000			0	0
0061E040	ATX_COMP_Quest_Camp_Lite_Mechanic	Mechanic	30	0061E0A3		The Nightstalker is like any old person. They just want you noisy kids to be quiet and stay off their lawn.	Custom@1313162067	Scene	50.000000			1	2
0061E040	ATX_COMP_Quest_Camp_Lite_Mechanic	Mechanic	31	0061E0A4			Custom@1313162067	Scene	50.000000			0	0
0061E040	ATX_COMP_Quest_Camp_Lite_Mechanic	Mechanic	32	0061E0A5		You didn't know? The Nightstalker is an Appalachian music critic. So be careful where you play.	Custom@1313162067	Scene	50.000000			1	2
0061E040	ATX_COMP_Quest_Camp_Lite_Mechanic	Mechanic	33	0061E0A6			Custom@1313162067	Scene	50.000000			0	0
0061E040	ATX_COMP_Quest_Camp_Lite_Mechanic	Mechanic	34	0061E0A7		Apparently, constant partying from the Sons of Dane drove it insane.	Custom@1313162067	Scene	50.000000			1	2
0061E040	ATX_COMP_Quest_Camp_Lite_Mechanic	Mechanic	35	0061E0A8			Custom@1313162067	Scene	50.000000			0	0
0061E040	ATX_COMP_Quest_Camp_Lite_Mechanic	Mechanic	36	0061E0A9			Custom@1313162067	Scene	50.000000			1	2
0061E040	ATX_COMP_Quest_Camp_Lite_Mechanic	Mechanic	37	0061E0AA		It was no big deal.	Custom@1313162067	Scene	50.000000			2	4
0061E040	ATX_COMP_Quest_Camp_Lite_Mechanic	Mechanic	38	0061E0AB			Custom@1313162067	Scene	50.000000			0	0
0061E040	ATX_COMP_Quest_Camp_Lite_Mechanic	Mechanic	39	0061E0AC		You wouldn't say that if you saw this thing. It was terrifying.	Custom@1313162067	Scene	50.000000			1	2
0061E040	ATX_COMP_Quest_Camp_Lite_Mechanic	Mechanic	40	0061E0AD			Custom@1313162067	Scene	50.000000			0	0
0061E040	ATX_COMP_Quest_Camp_Lite_Mechanic	Mechanic	41	0061E0AE		I'm sorry you had to go through that. Were you heckled often?	Custom@1313162067	Scene	50.000000			1	3
0061E040	ATX_COMP_Quest_Camp_Lite_Mechanic	Mechanic	42	0061E0AF			Custom@1313162067	Scene	50.000000			0	0
0061E040	ATX_COMP_Quest_Camp_Lite_Mechanic	Mechanic	43	0061E0B0		That's because you're soft.	Custom@1313162067	Scene	50.000000			1	3
0061E040	ATX_COMP_Quest_Camp_Lite_Mechanic	Mechanic	44	0061E0B1			Custom@1313162067	Scene	50.000000			0	0
0061E040	ATX_COMP_Quest_Camp_Lite_Mechanic	Mechanic	45	0061E0B2		Not true. The Nightstalker I encountered said many hurtful things.	Custom@1313162067	Scene	50.000000			1	2
0061E040	ATX_COMP_Quest_Camp_Lite_Mechanic	Mechanic	46	0061E0B3			Custom@1313162067	Scene	50.000000			0	0
0061E040	ATX_COMP_Quest_Camp_Lite_Mechanic	Mechanic	47	0061E0B4		That's all.	Custom@1313162067	Scene	50.000000			1	2
0061E040	ATX_COMP_Quest_Camp_Lite_Mechanic	Mechanic	48	0061E0B5			Custom@1313162067	Scene	50.000000			0	0
0061E040	ATX_COMP_Quest_Camp_Lite_Mechanic	Mechanic	49	0061E0B6		Forget the camera, what the hell happened with the Floater?	Custom@1313162067	Scene	50.000000			1	2
0061E040	ATX_COMP_Quest_Camp_Lite_Mechanic	Mechanic	50	0061E0B7			Custom@1313162067	Scene	50.000000			0	0
0061E040	ATX_COMP_Quest_Camp_Lite_Mechanic	Mechanic	51	0061E0B8		Nothing that I bothered to remember.	Custom@1313162067	Scene	50.000000			1	2
0061E040	ATX_COMP_Quest_Camp_Lite_Mechanic	Mechanic	52	0061E0B9			Custom@1313162067	Scene	50.000000			0	0
0061E040	ATX_COMP_Quest_Camp_Lite_Mechanic	Mechanic	53	0061E0BA			Custom@1313162067	Scene	50.000000			8	17
0061E040	ATX_COMP_Quest_Camp_Lite_Mechanic	Mechanic	54	0061E0BB			Custom@1313162067	Scene	50.000000			0	0
0061E040	ATX_COMP_Quest_Camp_Lite_Mechanic	Mechanic	55	0061E0BC		I want to go back to my earlier questions.	Custom@1313162067	Scene	50.000000			1	3
0061E040	ATX_COMP_Quest_Camp_Lite_Mechanic	Mechanic	56	0061E0BD			Custom@1313162067	Scene	50.000000			0	0
0061E040	ATX_COMP_Quest_Camp_Lite_Mechanic	Mechanic	57	0061E0BE		[One Violent Night] I formed a band to draw out the Nightstalker.	Custom@1313162067	Scene	50.000000			1	4
0061E040	ATX_COMP_Quest_Camp_Lite_Mechanic	Mechanic	58	0061E0BF			Custom@1313162067	Scene	50.000000			0	0
0061E040	ATX_COMP_Quest_Camp_Lite_Mechanic	Mechanic	59	0061E0C0		[Bucket List] I fixed up a ProSnap Camera and helped finish a tourist's bucket list.	Custom@1313162067	Scene	50.000000			1	3
0061E040	ATX_COMP_Quest_Camp_Lite_Mechanic	Mechanic	60	0061E0C1			Custom@1313162067	Scene	50.000000			0	0
0061E040	ATX_COMP_Quest_Camp_Lite_Mechanic	Mechanic	61	0061E0C2		[Agility +8] I've learned it's helpful to be agile, both mentally and physically.	Custom@1313162067	Scene	50.000000			1	2
0061E040	ATX_COMP_Quest_Camp_Lite_Mechanic	Mechanic	62	0061E0C3			Custom@1313162067	Scene	50.000000			0	0
0061E040	ATX_COMP_Quest_Camp_Lite_Mechanic	Mechanic	63	0061E0C4		It's a miracle you're still alive. Formal training is important.	Custom@1313162067	Scene	50.000000			1	2
0061E040	ATX_COMP_Quest_Camp_Lite_Mechanic	Mechanic	64	0061E0C5			Custom@1313162067	Scene	50.000000			0	0
0061E040	ATX_COMP_Quest_Camp_Lite_Mechanic	Mechanic	65	0061E0C6		That kind of adaptability is good. You'll do well in the Wasteland.	Custom@1313162067	Scene	50.000000			1	2
0061E040	ATX_COMP_Quest_Camp_Lite_Mechanic	Mechanic	66	0061E0C7			Custom@1313162067	Scene	50.000000			0	0
0061E040	ATX_COMP_Quest_Camp_Lite_Mechanic	Mechanic	67	0061E0C8		Actually, I was just about to ask you to build me a spaceship.	Custom@1313162067	Scene	50.000000			1	2
0061E040	ATX_COMP_Quest_Camp_Lite_Mechanic	Mechanic	68	0061E0C9			Custom@1313162067	Scene	50.000000			0	0
0061E040	ATX_COMP_Quest_Camp_Lite_Mechanic	Mechanic	69	0061E0CA		That's a shame. What if I need you to fix my hair?	Custom@1313162067	Scene	50.000000			1	2
0061E040	ATX_COMP_Quest_Camp_Lite_Mechanic	Mechanic	70	0061E0CB			Custom@1313162067	Scene	50.000000			0	0
0061E040	ATX_COMP_Quest_Camp_Lite_Mechanic	Mechanic	71	0061E0CC			Custom@1313162067	Scene	50.000000			1	2
0061E040	ATX_COMP_Quest_Camp_Lite_Mechanic	Mechanic	72	0061E0CD		I'm sorry, I don't follow what you're saying.	Custom@1313162067	Scene	50.000000			1	2
0061E040	ATX_COMP_Quest_Camp_Lite_Mechanic	Mechanic	73	0061E0CE			Custom@1313162067	Scene	50.000000			0	0
0061E040	ATX_COMP_Quest_Camp_Lite_Mechanic	Mechanic	74	0061E0CF		That may have been the way the world was. But that doesn't have to be the way it is now.	Custom@1313162067	Scene	50.000000			1	2
0061E040	ATX_COMP_Quest_Camp_Lite_Mechanic	Mechanic	75	0061E0D0			Custom@1313162067	Scene	50.000000			0	0
0061E040	ATX_COMP_Quest_Camp_Lite_Mechanic	Mechanic	76	0061E0D1		Are we talking about race?	Custom@1313162067	Scene	50.000000			1	1
0061E040	ATX_COMP_Quest_Camp_Lite_Mechanic	Mechanic	77	0061E0D2			Custom@1313162067	Scene	50.000000			0	0
0061E040	ATX_COMP_Quest_Camp_Lite_Mechanic	Mechanic	78	0061E0D3		Well yeah. Portly, unattractive nerds don't sell records.	Custom@1313162067	Scene	50.000000			1	2
0061E040	ATX_COMP_Quest_Camp_Lite_Mechanic	Mechanic	79	0061E0D4			Custom@1313162067	Scene	50.000000			0	0
0061E040	ATX_COMP_Quest_Camp_Lite_Mechanic	Mechanic	80	0061E0D5		I'd still like to hear it. I feel like it'd be fun.	Custom@1313162067	Scene	50.000000			1	3
0061E040	ATX_COMP_Quest_Camp_Lite_Mechanic	Mechanic	81	0061E0D6			Custom@1313162067	Scene	50.000000			0	0
0061E040	ATX_COMP_Quest_Camp_Lite_Mechanic	Mechanic	82	0061E0D7		Interesting. My first love was an actual person, but you do you.	Custom@1313162067	Scene	50.000000			1	2
0061E040	ATX_COMP_Quest_Camp_Lite_Mechanic	Mechanic	83	0061E0D8			Custom@1313162067	Scene	50.000000			0	0
0061E040	ATX_COMP_Quest_Camp_Lite_Mechanic	Mechanic	84	0061E0D9		It's important to treasure the past, but grow and fight for the future.	Custom@1313162067	Scene	50.000000			1	2
0061E040	ATX_COMP_Quest_Camp_Lite_Mechanic	Mechanic	85	0061E0DA			Custom@1313162067	Scene	50.000000			0	0
0061E040	ATX_COMP_Quest_Camp_Lite_Mechanic	Mechanic	86	0061E0DB		Yeah. I try to look forward, not back.	Custom@1313162067	Scene	50.000000			1	2
0061E040	ATX_COMP_Quest_Camp_Lite_Mechanic	Mechanic	87	0061E0DC			Custom@1313162067	Scene	50.000000			0	0
0061E040	ATX_COMP_Quest_Camp_Lite_Mechanic	Mechanic	88	0061E0DD		I don't know about that. Growing up isn't necessarily a virtue.	Custom@1313162067	Scene	50.000000			1	2
0061E040	ATX_COMP_Quest_Camp_Lite_Mechanic	Mechanic	89	0061E0DE			Custom@1313162067	Scene	50.000000			0	0
0061E040	ATX_COMP_Quest_Camp_Lite_Mechanic	Mechanic	90	0061E0DF			Custom@1313162067	Scene	50.000000			1	1
0061E040	ATX_COMP_Quest_Camp_Lite_Mechanic	Mechanic	91	0061E0E0		A mousetrap and bobby pins? How does that even work?	Custom@1313162067	Scene	50.000000			1	2
0061E040	ATX_COMP_Quest_Camp_Lite_Mechanic	Mechanic	92	0061E0E1			Custom@1313162067	Scene	50.000000			0	0
0061E040	ATX_COMP_Quest_Camp_Lite_Mechanic	Mechanic	93	0061E0E2		That's a terrible name for an instrument.	Custom@1313162067	Scene	50.000000			1	2
0061E040	ATX_COMP_Quest_Camp_Lite_Mechanic	Mechanic	94	0061E0E3			Custom@1313162067	Scene	50.000000			0	0
0061E040	ATX_COMP_Quest_Camp_Lite_Mechanic	Mechanic	95	0061E0E4		You should build another one so I can hear you play it.	Custom@1313162067	Scene	50.000000			1	3
0061E040	ATX_COMP_Quest_Camp_Lite_Mechanic	Mechanic	96	0061E0E5			Custom@1313162067	Scene	50.000000			0	0
0061E040	ATX_COMP_Quest_Camp_Lite_Mechanic	Mechanic	97	0061E0E6		A hand instrument?	Custom@1313162067	Scene	50.000000			1	3
0061E040	ATX_COMP_Quest_Camp_Lite_Mechanic	Mechanic	98	0061E0E7			Custom@1313162067	Scene	50.000000			0	0
0061E040	ATX_COMP_Quest_Camp_Lite_Mechanic	Mechanic	99	0061E0E8		I want to go back to my earlier questions.	Custom@1313162067	Scene	50.000000			1	3
0061E040	ATX_COMP_Quest_Camp_Lite_Mechanic	Mechanic	100	0061E0E9			Custom@1313162067	Scene	50.000000			0	0
0061E040	ATX_COMP_Quest_Camp_Lite_Mechanic	Mechanic	101	0061E0EA		What's the first instrument you ever learned to play?	Custom@1313162067	Scene	50.000000			1	3
0061E040	ATX_COMP_Quest_Camp_Lite_Mechanic	Mechanic	102	0061E0EB			Custom@1313162067	Scene	50.000000			0	0
0061E040	ATX_COMP_Quest_Camp_Lite_Mechanic	Mechanic	103	0061E0EC		Do you have any aspirations?	Custom@1313162067	Scene	50.000000			1	3
0061E040	ATX_COMP_Quest_Camp_Lite_Mechanic	Mechanic	104	0061E0ED			Custom@1313162067	Scene	50.000000			0	0
0061E040	ATX_COMP_Quest_Camp_Lite_Mechanic	Mechanic	105	0061E0EE		Why did you come to Appalachia?	Custom@1313162067	Scene	50.000000			1	6
0061E040	ATX_COMP_Quest_Camp_Lite_Mechanic	Mechanic	106	0061E0EF			Custom@1313162067	Scene	50.000000			0	0
0061E040	ATX_COMP_Quest_Camp_Lite_Mechanic	Mechanic	107	0061E0F0		How did you learn to fix things?	Custom@1313162067	Scene	50.000000			1	5
0061E040	ATX_COMP_Quest_Camp_Lite_Mechanic	Mechanic	108	0061E0F1			Custom@1313162067	Scene	50.000000			0	0
0061E040	ATX_COMP_Quest_Camp_Lite_Mechanic	Mechanic	109	0061E0F2			Custom@1313162067	Scene	50.000000			1	1
0061E040	ATX_COMP_Quest_Camp_Lite_Mechanic	Mechanic	110	0061E0F3		I'm willing to give it a try.	Custom@1313162067	Scene	50.000000			1	1
0061E040	ATX_COMP_Quest_Camp_Lite_Mechanic	Mechanic	111	0061E0F4			Custom@1313162067	Scene	50.000000			0	0
0061E040	ATX_COMP_Quest_Camp_Lite_Mechanic	Mechanic	112	0061E0F5		I don't know, that sounds like bullshit.	Custom@1313162067	Scene	50.000000			1	2
0061E040	ATX_COMP_Quest_Camp_Lite_Mechanic	Mechanic	113	0061E0F6			Custom@1313162067	Scene	50.000000			0	0
0061E040	ATX_COMP_Quest_Camp_Lite_Mechanic	Mechanic	114	0061E0F7		I thought you were a mechanic, not a shaman.	Custom@1313162067	Scene	50.000000			1	3
0061E040	ATX_COMP_Quest_Camp_Lite_Mechanic	Mechanic	115	0061E0F8			Custom@1313162067	Scene	50.000000			0	0
0061E040	ATX_COMP_Quest_Camp_Lite_Mechanic	Mechanic	116	0061E0F9		Great, I'm always interested in alternative healing methods.	Custom@1313162067	Scene	50.000000			1	2
0061E040	ATX_COMP_Quest_Camp_Lite_Mechanic	Mechanic	117	0061E0FA			Custom@1313162067	Scene	50.000000			0	0
0061E040	ATX_COMP_Quest_Camp_Lite_Mechanic	Mechanic	118	0061E0FB		That's all.	Custom@1313162067	Scene	50.000000			1	1
0061E040	ATX_COMP_Quest_Camp_Lite_Mechanic	Mechanic	119	0061E0FC			Custom@1313162067	Scene	50.000000			0	0
0061E040	ATX_COMP_Quest_Camp_Lite_Mechanic	Mechanic	120	0061E0FD		Tell me more about Tune-Ups.	Custom@1313162067	Scene	50.000000			1	4
0061E040	ATX_COMP_Quest_Camp_Lite_Mechanic	Mechanic	121	0061E0FE			Custom@1313162067	Scene	50.000000			0	0
0061E040	ATX_COMP_Quest_Camp_Lite_Mechanic	Mechanic	122	0061E0FF		Can I get a Tune-Up?	Custom@1313162067	Scene	50.000000			9	18
0061E040	ATX_COMP_Quest_Camp_Lite_Mechanic	Mechanic	123	0061E100			Custom@1313162067	Scene	50.000000			0	0
0061E040	ATX_COMP_Quest_Camp_Lite_Mechanic	Mechanic	124	0061E101		Let's see what you got for sale.	Custom@1313162067	Scene	50.000000			6	8
0061E040	ATX_COMP_Quest_Camp_Lite_Mechanic	Mechanic	125	0061E102			Custom@1313162067	Scene	50.000000			0	0
0061E040	ATX_COMP_Quest_Camp_Lite_Mechanic	Mechanic	126	0061E103			Custom@1313162067	Scene	50.000000			1	2
0061E040	ATX_COMP_Quest_Camp_Lite_Mechanic	Mechanic	127	0061E104		[Slugger] I actually prefer melee attacks.	Custom@1313162067	Scene	50.000000			1	3
0061E040	ATX_COMP_Quest_Camp_Lite_Mechanic	Mechanic	128	0061E105			Custom@1313162067	Scene	50.000000			0	0
0061E040	ATX_COMP_Quest_Camp_Lite_Mechanic	Mechanic	129	0061E106		Where would we even find shit to shoot at this hour?	Custom@1313162067	Scene	50.000000			1	3
0061E040	ATX_COMP_Quest_Camp_Lite_Mechanic	Mechanic	130	0061E107			Custom@1313162067	Scene	50.000000			0	0
0061E040	ATX_COMP_Quest_Camp_Lite_Mechanic	Mechanic	131	0061E108		I'd enjoy a good talk every once and a while.	Custom@1313162067	Scene	50.000000			1	1
0061E040	ATX_COMP_Quest_Camp_Lite_Mechanic	Mechanic	132	0061E109			Custom@1313162067	Scene	50.000000			0	0
0061E040	ATX_COMP_Quest_Camp_Lite_Mechanic	Mechanic	133	0061E10A		I don't know, you seem like you'd be handy in a fight.	Custom@1313162067	Scene	50.000000			1	2
0061E040	ATX_COMP_Quest_Camp_Lite_Mechanic	Mechanic	134	0061E10B			Custom@1313162067	Scene	50.000000			0	0
0061E040	ATX_COMP_Quest_Camp_Lite_Mechanic	Mechanic	135	0061E10C		You're right. I'd never let you anywhere near a firearm.	Custom@1313162067	Scene	50.000000			1	1
0061E040	ATX_COMP_Quest_Camp_Lite_Mechanic	Mechanic	136	0061E10D			Custom@1313162067	Scene	50.000000			0	0
0061E040	ATX_COMP_Quest_Camp_Lite_Mechanic	Mechanic	137	0061E10E		We'll talk later.	Custom@1313162067	Scene	50.000000			1	1
0061E040	ATX_COMP_Quest_Camp_Lite_Mechanic	Mechanic	138	0061E10F			Custom@1313162067	Scene	50.000000			0	0
0061E040	ATX_COMP_Quest_Camp_Lite_Mechanic	Mechanic	139	0061E110		I'd like your opinion on some experiences I've had.	Custom@1313162067	Scene	50.000000			1	1
0061E040	ATX_COMP_Quest_Camp_Lite_Mechanic	Mechanic	140	0061E111			Custom@1313162067	Scene	50.000000			0	0
0061E040	ATX_COMP_Quest_Camp_Lite_Mechanic	Mechanic	141	0061E112		I want to know more about you.	Custom@1313162067	Scene	50.000000			1	1
0061E040	ATX_COMP_Quest_Camp_Lite_Mechanic	Mechanic	142	0061E113			Custom@1313162067	Scene	50.000000			0	0
0061E040	ATX_COMP_Quest_Camp_Lite_Mechanic	Mechanic	143	0061E114			Custom@1313162067	Scene	50.000000			2	4
0061E040	ATX_COMP_Quest_Camp_Lite_Mechanic	Mechanic	144	0061E115			Custom@1313162067	Scene	50.000000			0	0
0061E040	ATX_COMP_Quest_Camp_Lite_Mechanic	Mechanic	145	0061E116			Shared Info	Miscellaneous	50.000000			11	11
0061E040	ATX_COMP_Quest_Camp_Lite_Mechanic	Mechanic	146	0061E117			Idle	Miscellaneous	50.000000			31	33
0061E040	ATX_COMP_Quest_Camp_Lite_Mechanic	Mechanic	147	0061E118			Hello	Miscellaneous	50.000000			14	32
0061E040	ATX_COMP_Quest_Camp_Lite_Mechanic	Mechanic	148	0061E119		Okay, but try to be less annoying than you are right now.	Custom@1313162067	Scene	50.000000			1	2
0061E040	ATX_COMP_Quest_Camp_Lite_Mechanic	Mechanic	149	0061E11A			Custom@1313162067	Scene	50.000000			0	0
0061E040	ATX_COMP_Quest_Camp_Lite_Mechanic	Mechanic	150	0061E11B		I'm happy to have you on board.	Custom@1313162067	Scene	50.000000			1	1
0061E040	ATX_COMP_Quest_Camp_Lite_Mechanic	Mechanic	151	0061E11C			Custom@1313162067	Scene	50.000000			0	0
0061E040	ATX_COMP_Quest_Camp_Lite_Mechanic	Mechanic	152	0061E11D		All right. You can stay.	Custom@1313162067	Scene	50.000000			1	3
0061E040	ATX_COMP_Quest_Camp_Lite_Mechanic	Mechanic	153	0061E11E			Custom@1313162067	Scene	50.000000			0	0
0061E040	ATX_COMP_Quest_Camp_Lite_Mechanic	Mechanic	154	0061F688			Custom@1313162067	Scene	50.000000			0	0
0061E040	ATX_COMP_Quest_Camp_Lite_Mechanic	Mechanic	155	0061F689		Actually, I don't have anything to discuss.	Custom@1313162067	Scene	50.000000			1	3
0061E062	SCORE_S5_COMP_Quest_Camp_Lite_Inspector	Inspector	0	0061ECCD			Custom@1313162067	Scene	50.000000			0	0
0061E062	SCORE_S5_COMP_Quest_Camp_Lite_Inspector	Inspector	1	0061ECCE		Get lost, kid.	Custom@1313162067	Scene	50.000000			1	1
0061E062	SCORE_S5_COMP_Quest_Camp_Lite_Inspector	Inspector	2	0061ECCF		Do you mean a pet?	Custom@1313162067	Scene	50.000000			1	1
0061E062	SCORE_S5_COMP_Quest_Camp_Lite_Inspector	Inspector	3	0061ECD1			Custom@1313162067	Scene	50.000000			0	0
0061E062	SCORE_S5_COMP_Quest_Camp_Lite_Inspector	Inspector	4	0061ECD2			Custom@1313162067	Scene	50.000000			0	0
0061E062	SCORE_S5_COMP_Quest_Camp_Lite_Inspector	Inspector	5	0061ECD3			Custom@1313162067	Scene	50.000000			0	0
0061E062	SCORE_S5_COMP_Quest_Camp_Lite_Inspector	Inspector	6	0061ECD4			Custom@1313162067	Scene	50.000000			0	0
0061E062	SCORE_S5_COMP_Quest_Camp_Lite_Inspector	Inspector	7	0061ECD5		We? I only see you.	Custom@1313162067	Scene	50.000000			1	1
0061E062	SCORE_S5_COMP_Quest_Camp_Lite_Inspector	Inspector	8	0061ECD6			Custom@1313162067	Scene	50.000000			0	0
0061E062	SCORE_S5_COMP_Quest_Camp_Lite_Inspector	Inspector	9	0061ECD7		Welcome aboard, both of you.	Custom@1313162067	Scene	50.000000			1	1
0061E062	SCORE_S5_COMP_Quest_Camp_Lite_Inspector	Inspector	10	0061ECD8			Custom@1313162067	Scene	50.000000			0	0
0061E062	SCORE_S5_COMP_Quest_Camp_Lite_Inspector	Inspector	11	0061ECD9		Great, that kind of imagination is welcome here.	Custom@1313162067	Scene	50.000000			1	1
0061E062	SCORE_S5_COMP_Quest_Camp_Lite_Inspector	Inspector	12	0061ECDA			Custom@1313162067	Scene	50.000000			0	0
0061E062	SCORE_S5_COMP_Quest_Camp_Lite_Inspector	Inspector	13	0061ECDB		I'm totally going to regret this.	Custom@1313162067	Scene	50.000000			1	1
0061E062	SCORE_S5_COMP_Quest_Camp_Lite_Inspector	Inspector	14	0061ECDC		Of course you can.	Custom@1313162067	Scene	50.000000			1	1
0061E062	SCORE_S5_COMP_Quest_Camp_Lite_Inspector	Inspector	15	0061ECDD		Alter ego?	Custom@1313162067	Scene	50.000000			1	4
0061E062	SCORE_S5_COMP_Quest_Camp_Lite_Inspector	Inspector	16	0061ECDE		[Intelligence 4+] Intrepid. It means brave.	Custom@1313162067	Scene	50.000000			2	4
0061E062	SCORE_S5_COMP_Quest_Camp_Lite_Inspector	Inspector	17	0061ECDF			Custom@1313162067	Scene	50.000000			0	0
0061E062	SCORE_S5_COMP_Quest_Camp_Lite_Inspector	Inspector	18	0061ECE0		That's all.	Custom@1313162067	Scene	50.000000			7	21
0061E062	SCORE_S5_COMP_Quest_Camp_Lite_Inspector	Inspector	19	0061ECE1			Custom@1313162067	Scene	50.000000			0	0
0061E062	SCORE_S5_COMP_Quest_Camp_Lite_Inspector	Inspector	20	0061ECE2		Grognak just want to say hello to old friend.	Custom@1313162067	Scene	50.000000			5	10
0061E062	SCORE_S5_COMP_Quest_Camp_Lite_Inspector	Inspector	21	0061ECE3			Custom@1313162067	Scene	50.000000			0	0
0061E062	SCORE_S5_COMP_Quest_Camp_Lite_Inspector	Inspector	22	0061ECE4		Have you heard of the Order of Mysteries?	Custom@1313162067	Scene	50.000000			2	4
0061E062	SCORE_S5_COMP_Quest_Camp_Lite_Inspector	Inspector	23	0061ECE5			Custom@1313162067	Scene	50.000000			0	0
0061E062	SCORE_S5_COMP_Quest_Camp_Lite_Inspector	Inspector	24	0061ECE6		Have you ever thought of exploring a school? There's ruins full of books with useful knowledge.	Custom@1313162067	Scene	50.000000			1	3
0061E062	SCORE_S5_COMP_Quest_Camp_Lite_Inspector	Inspector	25	0061ECE7			Custom@1313162067	Scene	50.000000			0	0
0061E062	SCORE_S5_COMP_Quest_Camp_Lite_Inspector	Inspector	26	0061ECE8		I could be Grog-na-rok.	Custom@1313162067	Scene	50.000000			1	2
0061E062	SCORE_S5_COMP_Quest_Camp_Lite_Inspector	Inspector	27	0061ECE9			Custom@1313162067	Scene	50.000000			0	0
0061E062	SCORE_S5_COMP_Quest_Camp_Lite_Inspector	Inspector	28	0061ECEA		Yes, it me, Grognak. You, Inspector.	Custom@1313162067	Scene	50.000000			1	1
0061E062	SCORE_S5_COMP_Quest_Camp_Lite_Inspector	Inspector	29	0061ECEB			Custom@1313162067	Scene	50.000000			0	0
0061E062	SCORE_S5_COMP_Quest_Camp_Lite_Inspector	Inspector	30	0061ECEC		Nothing gets past you, Inspector.	Custom@1313162067	Scene	50.000000			1	2
0061E062	SCORE_S5_COMP_Quest_Camp_Lite_Inspector	Inspector	31	0061ECED			Custom@1313162067	Scene	50.000000			0	0
0061E062	SCORE_S5_COMP_Quest_Camp_Lite_Inspector	Inspector	32	0061ECEE		Who else would be wearing a loin cloth?	Custom@1313162067	Scene	50.000000			1	3
0061E062	SCORE_S5_COMP_Quest_Camp_Lite_Inspector	Inspector	33	0061ECEF			Custom@1313162067	Scene	50.000000			0	0
0061E062	SCORE_S5_COMP_Quest_Camp_Lite_Inspector	Inspector	34	0061ECF0		What happened with you and Sherman?	Custom@1313162067	Scene	50.000000			1	3
0061E062	SCORE_S5_COMP_Quest_Camp_Lite_Inspector	Inspector	35	0061ECF1			Custom@1313162067	Scene	50.000000			0	0
0061E062	SCORE_S5_COMP_Quest_Camp_Lite_Inspector	Inspector	36	0061ECF2		Let's change topics.	Custom@1313162067	Scene	50.000000			1	3
0061E062	SCORE_S5_COMP_Quest_Camp_Lite_Inspector	Inspector	37	0061ECF3			Custom@1313162067	Scene	50.000000			0	0
0061E062	SCORE_S5_COMP_Quest_Camp_Lite_Inspector	Inspector	38	0061ECF4		[Perception 4+] I don't think you actually know anything about the Order.	Custom@1313162067	Scene	50.000000			1	2
0061E062	SCORE_S5_COMP_Quest_Camp_Lite_Inspector	Inspector	39	0061ECF5			Custom@1313162067	Scene	50.000000			0	0
0061E062	SCORE_S5_COMP_Quest_Camp_Lite_Inspector	Inspector	40	0061ECF6		Ultimately, they ended up being destroyed from within.	Custom@1313162067	Scene	50.000000			1	2
0061E062	SCORE_S5_COMP_Quest_Camp_Lite_Inspector	Inspector	41	0061ECF7			Custom@1313162067	Scene	50.000000			0	0
0061E062	SCORE_S5_COMP_Quest_Camp_Lite_Inspector	Inspector	42	0061ECF8		The Order of Mysteries was filled with orphan girls, like yourself.	Custom@1313162067	Scene	50.000000			1	2
0061E062	SCORE_S5_COMP_Quest_Camp_Lite_Inspector	Inspector	43	0061ECF9			Custom@1313162067	Scene	50.000000			0	0
0061E062	SCORE_S5_COMP_Quest_Camp_Lite_Inspector	Inspector	44	0061ECFA		Shannon Rivers, the actress playing the Mistress of Mystery, started an actual faction of heroes.	Custom@1313162067	Scene	50.000000			1	2
0061E062	SCORE_S5_COMP_Quest_Camp_Lite_Inspector	Inspector	45	0061ECFB			Custom@1313162067	Scene	50.000000			0	0
0061E062	SCORE_S5_COMP_Quest_Camp_Lite_Inspector	Inspector	46	0061ECFC			Custom@1313162067	Scene	50.000000			1	1
0061E062	SCORE_S5_COMP_Quest_Camp_Lite_Inspector	Inspector	47	0061ECFD		Interpol. A Pre-War foreign police agency.	Custom@1313162067	Scene	50.000000			1	2
0061E062	SCORE_S5_COMP_Quest_Camp_Lite_Inspector	Inspector	48	0061ECFE			Custom@1313162067	Scene	50.000000			0	0
0061E062	SCORE_S5_COMP_Quest_Camp_Lite_Inspector	Inspector	49	0061ECFF		It's okay. You don't have to know every word in the dictionary.	Custom@1313162067	Scene	50.000000			1	2
0061E062	SCORE_S5_COMP_Quest_Camp_Lite_Inspector	Inspector	50	0061ED01			Custom@1313162067	Scene	50.000000			0	0
0061E062	SCORE_S5_COMP_Quest_Camp_Lite_Inspector	Inspector	51	0061ED02		Do you have any parents or family?	Custom@1313162067	Scene	50.000000			1	2
0061E062	SCORE_S5_COMP_Quest_Camp_Lite_Inspector	Inspector	52	0061ED03			Custom@1313162067	Scene	50.000000			0	0
0061E062	SCORE_S5_COMP_Quest_Camp_Lite_Inspector	Inspector	53	0061ED04		What does it take to become a superhero?	Custom@1313162067	Scene	50.000000			1	1
0061E062	SCORE_S5_COMP_Quest_Camp_Lite_Inspector	Inspector	54	0061ED05			Custom@1313162067	Scene	50.000000			0	0
0061E062	SCORE_S5_COMP_Quest_Camp_Lite_Inspector	Inspector	55	0061ED06		Any interesting cases as of late?	Custom@1313162067	Scene	50.000000			4	13
0061E062	SCORE_S5_COMP_Quest_Camp_Lite_Inspector	Inspector	56	0061ED07			Custom@1313162067	Scene	50.000000			0	0
0061E062	SCORE_S5_COMP_Quest_Camp_Lite_Inspector	Inspector	57	0061ED08		What kind of magician are you?	Custom@1313162067	Scene	50.000000			1	3
0061E062	SCORE_S5_COMP_Quest_Camp_Lite_Inspector	Inspector	58	0061ED09			Custom@1313162067	Scene	50.000000			0	0
0061E062	SCORE_S5_COMP_Quest_Camp_Lite_Inspector	Inspector	59	0061ED0A		Sounds simple enough.	Custom@1313162067	Scene	50.000000			1	2
0061E062	SCORE_S5_COMP_Quest_Camp_Lite_Inspector	Inspector	60	0061ED0B			Custom@1313162067	Scene	50.000000			0	0
0061E062	SCORE_S5_COMP_Quest_Camp_Lite_Inspector	Inspector	61	0061ED0C		Sadly, I don't have any of those things.	Custom@1313162067	Scene	50.000000			1	2
0061E062	SCORE_S5_COMP_Quest_Camp_Lite_Inspector	Inspector	62	0061ED0D			Custom@1313162067	Scene	50.000000			0	0
0061E062	SCORE_S5_COMP_Quest_Camp_Lite_Inspector	Inspector	63	0061ED0E		Can you give me an example?	Custom@1313162067	Scene	50.000000			1	2
0061E062	SCORE_S5_COMP_Quest_Camp_Lite_Inspector	Inspector	64	0061ED0F			Custom@1313162067	Scene	50.000000			0	0
0061E062	SCORE_S5_COMP_Quest_Camp_Lite_Inspector	Inspector	65	0061ED10		Succinctly summarized, my marvelously magnificent magician.	Custom@1313162067	Scene	50.000000			1	1
0061E062	SCORE_S5_COMP_Quest_Camp_Lite_Inspector	Inspector	66	0061ED11			Custom@1313162067	Scene	50.000000			0	0
0061E062	SCORE_S5_COMP_Quest_Camp_Lite_Inspector	Inspector	67	0061ED12		Are you in the market for an apprentice?	Custom@1313162067	Scene	50.000000			1	2
0061E062	SCORE_S5_COMP_Quest_Camp_Lite_Inspector	Inspector	68	0061ED13			Custom@1313162067	Scene	50.000000			0	0
0061E062	SCORE_S5_COMP_Quest_Camp_Lite_Inspector	Inspector	69	0061ED14		You'll make for a great sidekick.	Custom@1313162067	Scene	50.000000			1	2
0061E062	SCORE_S5_COMP_Quest_Camp_Lite_Inspector	Inspector	70	0061ED15			Custom@1313162067	Scene	50.000000			0	0
0061E062	SCORE_S5_COMP_Quest_Camp_Lite_Inspector	Inspector	71	0061ED16		Seems to me like you're completely useless.	Custom@1313162067	Scene	50.000000			1	2
0061E062	SCORE_S5_COMP_Quest_Camp_Lite_Inspector	Inspector	72	0061ED17			Custom@1313162067	Scene	50.000000			0	0
0061E062	SCORE_S5_COMP_Quest_Camp_Lite_Inspector	Inspector	73	0061ED18		That's great. Hopefully we'll make good use of your talents here.	Custom@1313162067	Scene	50.000000			1	1
0061E062	SCORE_S5_COMP_Quest_Camp_Lite_Inspector	Inspector	74	0061ED19			Custom@1313162067	Scene	50.000000			0	0
0061E062	SCORE_S5_COMP_Quest_Camp_Lite_Inspector	Inspector	75	0061ED1A		I'm the fourth kind of magician. The kind that's way better than the other kinds.	Custom@1313162067	Scene	50.000000			1	2
0061E062	SCORE_S5_COMP_Quest_Camp_Lite_Inspector	Inspector	76	0061ED1B			Custom@1313162067	Scene	50.000000			0	0
0061E062	SCORE_S5_COMP_Quest_Camp_Lite_Inspector	Inspector	77	0061ED1C		I hate to break it to you, but you're actually not a magician.	Custom@1313162067	Scene	50.000000			1	2
0061E062	SCORE_S5_COMP_Quest_Camp_Lite_Inspector	Inspector	78	0061ED1D			Custom@1313162067	Scene	50.000000			0	0
0061E062	SCORE_S5_COMP_Quest_Camp_Lite_Inspector	Inspector	79	0061ED1E		Don't you have any useful spells, like flight or invisibility?	Custom@1313162067	Scene	50.000000			1	2
0061E062	SCORE_S5_COMP_Quest_Camp_Lite_Inspector	Inspector	80	0061ED1F			Custom@1313162067	Scene	50.000000			0	0
0061E062	SCORE_S5_COMP_Quest_Camp_Lite_Inspector	Inspector	81	0061ED20		You would make a good trial lawyer, for sure.	Custom@1313162067	Scene	50.000000			1	2
0061E062	SCORE_S5_COMP_Quest_Camp_Lite_Inspector	Inspector	82	0061ED21			Custom@1313162067	Scene	50.000000			0	0
0061E062	SCORE_S5_COMP_Quest_Camp_Lite_Inspector	Inspector	83	0061ED22		I want to go back to my earlier questions.	Custom@1313162067	Scene	50.000000			8	24
0061E062	SCORE_S5_COMP_Quest_Camp_Lite_Inspector	Inspector	84	0061ED23			Custom@1313162067	Scene	50.000000			0	0
0061E062	SCORE_S5_COMP_Quest_Camp_Lite_Inspector	Inspector	85	0061ED24		How did you survive on your own? Do you have any friends?	Custom@1313162067	Scene	50.000000			1	1
0061E062	SCORE_S5_COMP_Quest_Camp_Lite_Inspector	Inspector	86	0061ED25		Give it up. It's time to move on.	Custom@1313162067	Scene	50.000000			1	1
0061E062	SCORE_S5_COMP_Quest_Camp_Lite_Inspector	Inspector	87	0061ED26			Custom@1313162067	Scene	50.000000			0	0
0061E062	SCORE_S5_COMP_Quest_Camp_Lite_Inspector	Inspector	88	0061ED27		Well, I hope you and the Inspector find them someday.	Custom@1313162067	Scene	50.000000			1	1
0061E062	SCORE_S5_COMP_Quest_Camp_Lite_Inspector	Inspector	89	0061ED28			Custom@1313162067	Scene	50.000000			0	0
0061E062	SCORE_S5_COMP_Quest_Camp_Lite_Inspector	Inspector	90	0061ED29		Has the Inspector found any leads?	Custom@1313162067	Scene	50.000000			1	2
0061E062	SCORE_S5_COMP_Quest_Camp_Lite_Inspector	Inspector	91	0061ED2A			Custom@1313162067	Scene	50.000000			0	0
0061E062	SCORE_S5_COMP_Quest_Camp_Lite_Inspector	Inspector	92	0061ED2B		What's the last thing you remember about your family?	Custom@1313162067	Scene	50.000000			1	4
0061E062	SCORE_S5_COMP_Quest_Camp_Lite_Inspector	Inspector	93	0061ED2C			Custom@1313162067	Scene	50.000000			0	0
0061E062	SCORE_S5_COMP_Quest_Camp_Lite_Inspector	Inspector	94	0061ED2D		Is that why you became the Inspector? To find your family?	Custom@1313162067	Scene	50.000000			1	3
0061E062	SCORE_S5_COMP_Quest_Camp_Lite_Inspector	Inspector	95	0061ED2E			Custom@1313162067	Scene	50.000000			0	0
0061E062	SCORE_S5_COMP_Quest_Camp_Lite_Inspector	Inspector	96	0061ED2F		Your parents are dead. So is the bear. And oh, your imaginary friend too.	Custom@1313162067	Scene	50.000000			1	3
0061E062	SCORE_S5_COMP_Quest_Camp_Lite_Inspector	Inspector	97	0061ED30			Custom@1313162067	Scene	50.000000			0	0
0061E062	SCORE_S5_COMP_Quest_Camp_Lite_Inspector	Inspector	98	0061ED31		You could have two mommies or daddies.	Custom@1313162067	Scene	50.000000			1	2
0061E062	SCORE_S5_COMP_Quest_Camp_Lite_Inspector	Inspector	99	0061ED32			Custom@1313162067	Scene	50.000000			0	0
0061E062	SCORE_S5_COMP_Quest_Camp_Lite_Inspector	Inspector	100	0061ED33		I'm so sorry, If you don't want to talk about it, that's fine.	Custom@1313162067	Scene	50.000000			1	2
0061E062	SCORE_S5_COMP_Quest_Camp_Lite_Inspector	Inspector	101	0061ED34			Custom@1313162067	Scene	50.000000			0	0
0061E062	SCORE_S5_COMP_Quest_Camp_Lite_Inspector	Inspector	102	0061ED35		That's so sad. Maybe I can help you look for them?	Custom@1313162067	Scene	50.000000			1	2
0061E062	SCORE_S5_COMP_Quest_Camp_Lite_Inspector	Inspector	103	0061ED36			Custom@1313162067	Scene	50.000000			0	0
0061E062	SCORE_S5_COMP_Quest_Camp_Lite_Inspector	Inspector	104	0061ED37		[Low Intelligence] Meathead?	Custom@1313162067	Scene	50.000000			1	2
0061E062	SCORE_S5_COMP_Quest_Camp_Lite_Inspector	Inspector	105	0061ED38			Custom@1313162067	Scene	50.000000			0	0
0061E062	SCORE_S5_COMP_Quest_Camp_Lite_Inspector	Inspector	106	0061ED39		[Charisma 8+] Meticulously Monitoring Mentor.	Custom@1313162067	Scene	50.000000			1	2
0061E062	SCORE_S5_COMP_Quest_Camp_Lite_Inspector	Inspector	107	0061ED3A			Custom@1313162067	Scene	50.000000			0	0
0061E062	SCORE_S5_COMP_Quest_Camp_Lite_Inspector	Inspector	108	0061ED3B		Mothman?	Custom@1313162067	Scene	50.000000			1	2
0061E062	SCORE_S5_COMP_Quest_Camp_Lite_Inspector	Inspector	109	0061ED3C			Custom@1313162067	Scene	50.000000			0	0
0061E062	SCORE_S5_COMP_Quest_Camp_Lite_Inspector	Inspector	110	0061ED3D		Friend. I'm your mighty friend.	Custom@1313162067	Scene	50.000000			1	1
0061E062	SCORE_S5_COMP_Quest_Camp_Lite_Inspector	Inspector	111	0061ED3E			Custom@1313162067	Scene	50.000000			0	0
0061E062	SCORE_S5_COMP_Quest_Camp_Lite_Inspector	Inspector	112	0061ED3F		Mother-in-law?	Custom@1313162067	Scene	50.000000			1	1
0061E062	SCORE_S5_COMP_Quest_Camp_Lite_Inspector	Inspector	113	0061ED40			Custom@1313162067	Scene	50.000000			0	0
0061E062	SCORE_S5_COMP_Quest_Camp_Lite_Inspector	Inspector	114	0061ED41		Miscreant?	Custom@1313162067	Scene	50.000000			1	1
0061E062	SCORE_S5_COMP_Quest_Camp_Lite_Inspector	Inspector	115	0061ED42			Custom@1313162067	Scene	50.000000			0	0
0061E062	SCORE_S5_COMP_Quest_Camp_Lite_Inspector	Inspector	116	0061ED43			Custom@1313162067	Scene	50.000000			1	3
0061E062	SCORE_S5_COMP_Quest_Camp_Lite_Inspector	Inspector	117	0061ED44			Custom@1313162067	Scene	50.000000			1	1
0061E062	SCORE_S5_COMP_Quest_Camp_Lite_Inspector	Inspector	118	0061ED45			Custom@1313162067	Scene	50.000000			2	2
0061E062	SCORE_S5_COMP_Quest_Camp_Lite_Inspector	Inspector	119	0061ED46		We aren't what you think we are. Stop projecting your history on me.	Custom@1313162067	Scene	50.000000			1	3
0061E062	SCORE_S5_COMP_Quest_Camp_Lite_Inspector	Inspector	120	0061ED47			Custom@1313162067	Scene	50.000000			0	0
0061E062	SCORE_S5_COMP_Quest_Camp_Lite_Inspector	Inspector	121	0061ED48		I'm more of a parental figure than a friend, but I get the sentiment.	Custom@1313162067	Scene	50.000000			1	1
0061E062	SCORE_S5_COMP_Quest_Camp_Lite_Inspector	Inspector	122	0061ED49			Custom@1313162067	Scene	50.000000			0	0
0061E062	SCORE_S5_COMP_Quest_Camp_Lite_Inspector	Inspector	123	0061ED4A		Thanks. I consider you a friend as well.	Custom@1313162067	Scene	50.000000			1	3
0061E062	SCORE_S5_COMP_Quest_Camp_Lite_Inspector	Inspector	124	0061ED4B			Custom@1313162067	Scene	50.000000			0	0
0061E062	SCORE_S5_COMP_Quest_Camp_Lite_Inspector	Inspector	125	0061ED4C		Is he standing here now? Has he been here the whole time?	Custom@1313162067	Scene	50.000000			1	4
0061E062	SCORE_S5_COMP_Quest_Camp_Lite_Inspector	Inspector	126	0061ED4D			Custom@1313162067	Scene	50.000000			0	0
0061E062	SCORE_S5_COMP_Quest_Camp_Lite_Inspector	Inspector	127	0061ED4E		I know Sherman. He may be your friend, but he's no friend of mine.	Custom@1313162067	Scene	50.000000			1	4
0061E062	SCORE_S5_COMP_Quest_Camp_Lite_Inspector	Inspector	128	0061ED4F			Custom@1313162067	Scene	50.000000			0	0
0061E062	SCORE_S5_COMP_Quest_Camp_Lite_Inspector	Inspector	129	0061ED50		I had an imaginary friend too once. I would've loved for yours to meet mine.	Custom@1313162067	Scene	50.000000			1	3
0061E062	SCORE_S5_COMP_Quest_Camp_Lite_Inspector	Inspector	130	0061ED51			Custom@1313162067	Scene	50.000000			0	0
0061E062	SCORE_S5_COMP_Quest_Camp_Lite_Inspector	Inspector	131	0061ED52		I'd love to meet Sherman someday. Can you introduce us?	Custom@1313162067	Scene	50.000000			1	2
0061E062	SCORE_S5_COMP_Quest_Camp_Lite_Inspector	Inspector	132	0061ED53			Custom@1313162067	Scene	50.000000			0	0
0061E062	SCORE_S5_COMP_Quest_Camp_Lite_Inspector	Inspector	133	0061ED54		I was thinking more of real people, but I guess that counts.	Custom@1313162067	Scene	50.000000			1	3
0061E062	SCORE_S5_COMP_Quest_Camp_Lite_Inspector	Inspector	134	0061ED55			Custom@1313162067	Scene	50.000000			0	0
0061E062	SCORE_S5_COMP_Quest_Camp_Lite_Inspector	Inspector	135	0061ED57			Custom@1313162067	Scene	50.000000			3	5
0061E062	SCORE_S5_COMP_Quest_Camp_Lite_Inspector	Inspector	136	0061ED58		I would like an enchantment.	Custom@1313162067	Scene	50.000000			6	8
0061E062	SCORE_S5_COMP_Quest_Camp_Lite_Inspector	Inspector	137	0061ED59			Custom@1313162067	Scene	50.000000			0	0
0061E062	SCORE_S5_COMP_Quest_Camp_Lite_Inspector	Inspector	138	0061ED5A		Let's see what you got for sale.	Custom@1313162067	Scene	50.000000			6	10
0061E062	SCORE_S5_COMP_Quest_Camp_Lite_Inspector	Inspector	139	0061ED5B			Custom@1313162067	Scene	50.000000			0	0
0061E062	SCORE_S5_COMP_Quest_Camp_Lite_Inspector	Inspector	140	0061ED5C		That's all.	Custom@1313162067	Scene	50.000000			6	18
0061E062	SCORE_S5_COMP_Quest_Camp_Lite_Inspector	Inspector	141	0061ED5D			Custom@1313162067	Scene	50.000000			0	0
0061E062	SCORE_S5_COMP_Quest_Camp_Lite_Inspector	Inspector	142	0061ED5E			Custom@1313162067	Scene	50.000000			1	2
0061E062	SCORE_S5_COMP_Quest_Camp_Lite_Inspector	Inspector	143	0061ED5F		I close my eyes and imagine they're an oil baron.	Custom@1313162067	Scene	50.000000			1	1
0061E062	SCORE_S5_COMP_Quest_Camp_Lite_Inspector	Inspector	144	0061ED60			Custom@1313162067	Scene	50.000000			0	0
0061E062	SCORE_S5_COMP_Quest_Camp_Lite_Inspector	Inspector	145	0061ED61		Dolphins aren't that adorable. Seals, on the other hand...	Custom@1313162067	Scene	50.000000			1	2
0061E062	SCORE_S5_COMP_Quest_Camp_Lite_Inspector	Inspector	146	0061ED62			Custom@1313162067	Scene	50.000000			0	0
0061E062	SCORE_S5_COMP_Quest_Camp_Lite_Inspector	Inspector	147	0061ED63		It's no different than shooting a Mirelurk.	Custom@1313162067	Scene	50.000000			1	1
0061E062	SCORE_S5_COMP_Quest_Camp_Lite_Inspector	Inspector	148	0061ED64			Custom@1313162067	Scene	50.000000			0	0
0061E062	SCORE_S5_COMP_Quest_Camp_Lite_Inspector	Inspector	149	0061ED65		I do what I must, for capitalism.	Custom@1313162067	Scene	50.000000			1	1
0061E062	SCORE_S5_COMP_Quest_Camp_Lite_Inspector	Inspector	150	0061ED66			Custom@1313162067	Scene	50.000000			0	0
0061E062	SCORE_S5_COMP_Quest_Camp_Lite_Inspector	Inspector	151	0061ED67		It's easy. You just punch them in the face.	Custom@1313162067	Scene	50.000000			1	1
0061E062	SCORE_S5_COMP_Quest_Camp_Lite_Inspector	Inspector	152	0061ED68			Custom@1313162067	Scene	50.000000			0	0
0061E062	SCORE_S5_COMP_Quest_Camp_Lite_Inspector	Inspector	153	0061ED69			Custom@1313162067	Scene	50.000000			1	1
0061E062	SCORE_S5_COMP_Quest_Camp_Lite_Inspector	Inspector	154	0061ED6A		Sorry, I don't know what you're talking about.	Custom@1313162067	Scene	50.000000			1	1
0061E062	SCORE_S5_COMP_Quest_Camp_Lite_Inspector	Inspector	155	0061ED6B			Custom@1313162067	Scene	50.000000			0	0
0061E062	SCORE_S5_COMP_Quest_Camp_Lite_Inspector	Inspector	156	0061ED6C		Actually, Communism has some good ideas.	Custom@1313162067	Scene	50.000000			1	2
0061E062	SCORE_S5_COMP_Quest_Camp_Lite_Inspector	Inspector	157	0061ED6D			Custom@1313162067	Scene	50.000000			0	0
0061E062	SCORE_S5_COMP_Quest_Camp_Lite_Inspector	Inspector	158	0061ED6E		A girl your age shouldn't be reading comic books.	Custom@1313162067	Scene	50.000000			1	1
0061E062	SCORE_S5_COMP_Quest_Camp_Lite_Inspector	Inspector	159	0061ED6F			Custom@1313162067	Scene	50.000000			0	0
0061E062	SCORE_S5_COMP_Quest_Camp_Lite_Inspector	Inspector	160	0061ED70		I would never let our oceans be corrupted by such filth.	Custom@1313162067	Scene	50.000000			1	1
0061E062	SCORE_S5_COMP_Quest_Camp_Lite_Inspector	Inspector	161	0061ED71			Custom@1313162067	Scene	50.000000			0	0
0061E062	SCORE_S5_COMP_Quest_Camp_Lite_Inspector	Inspector	162	0061ED72		The threat of Communism is everywhere. Even our oceans.	Custom@1313162067	Scene	50.000000			1	1
0061E062	SCORE_S5_COMP_Quest_Camp_Lite_Inspector	Inspector	163	0061ED73			Custom@1313162067	Scene	50.000000			0	0
0061E062	SCORE_S5_COMP_Quest_Camp_Lite_Inspector	Inspector	164	0061ED74		Sorry, I don't know who that is.	Custom@1313162067	Scene	50.000000			1	3
0061E062	SCORE_S5_COMP_Quest_Camp_Lite_Inspector	Inspector	165	0061ED75			Custom@1313162067	Scene	50.000000			0	0
0061E062	SCORE_S5_COMP_Quest_Camp_Lite_Inspector	Inspector	166	0061ED76		Of course. Together, we uphold justice.	Custom@1313162067	Scene	50.000000			1	2
0061E062	SCORE_S5_COMP_Quest_Camp_Lite_Inspector	Inspector	167	0061ED77			Custom@1313162067	Scene	50.000000			0	0
0061E062	SCORE_S5_COMP_Quest_Camp_Lite_Inspector	Inspector	168	0061ED78		We're taking a break.	Custom@1313162067	Scene	50.000000			1	3
0061E062	SCORE_S5_COMP_Quest_Camp_Lite_Inspector	Inspector	169	0061ED79			Custom@1313162067	Scene	50.000000			0	0
0061E062	SCORE_S5_COMP_Quest_Camp_Lite_Inspector	Inspector	170	0061ED7A		You're too young to be asking me about my love life.	Custom@1313162067	Scene	50.000000			1	3
0061E062	SCORE_S5_COMP_Quest_Camp_Lite_Inspector	Inspector	171	0061ED7B			Custom@1313162067	Scene	50.000000			0	0
0061E062	SCORE_S5_COMP_Quest_Camp_Lite_Inspector	Inspector	172	0061ED7C			Custom@1313162067	Scene	50.000000			1	2
0061E062	SCORE_S5_COMP_Quest_Camp_Lite_Inspector	Inspector	173	0061ED7D		It's dark and depressing, just like me.	Custom@1313162067	Scene	50.000000			1	1
0061E062	SCORE_S5_COMP_Quest_Camp_Lite_Inspector	Inspector	174	0061ED7E			Custom@1313162067	Scene	50.000000			0	0
0061E062	SCORE_S5_COMP_Quest_Camp_Lite_Inspector	Inspector	175	0061ED7F		The patrol goes well, my intrepid Inspector. Every night I deliver death upon the wicked.	Custom@1313162067	Scene	50.000000			1	3
0061E062	SCORE_S5_COMP_Quest_Camp_Lite_Inspector	Inspector	176	0061ED80			Custom@1313162067	Scene	50.000000			0	0
0061E062	SCORE_S5_COMP_Quest_Camp_Lite_Inspector	Inspector	177	0061ED81		Fine. I'm punishing evildoers and all that.	Custom@1313162067	Scene	50.000000			1	3
0061E062	SCORE_S5_COMP_Quest_Camp_Lite_Inspector	Inspector	178	0061ED82			Custom@1313162067	Scene	50.000000			0	0
0061E062	SCORE_S5_COMP_Quest_Camp_Lite_Inspector	Inspector	179	0061ED83		Easy. Compared to the Mechanist's mischief and mayhem, the thugs of Appalachia are nothing.	Custom@1313162067	Scene	50.000000			1	1
0061E062	SCORE_S5_COMP_Quest_Camp_Lite_Inspector	Inspector	180	0061ED84			Custom@1313162067	Scene	50.000000			0	0
0061E062	SCORE_S5_COMP_Quest_Camp_Lite_Inspector	Inspector	181	0061ED86		You are notoriously nosy, as neighbors go.	Custom@1313162067	Scene	50.000000			1	3
0061E062	SCORE_S5_COMP_Quest_Camp_Lite_Inspector	Inspector	182	0061ED87			Custom@1313162067	Scene	50.000000			0	0
0061E062	SCORE_S5_COMP_Quest_Camp_Lite_Inspector	Inspector	183	0061ED88			Custom@1313162067	Scene	50.000000			1	2
0061E062	SCORE_S5_COMP_Quest_Camp_Lite_Inspector	Inspector	184	0061ED89		I'm tracking down a mystery.	Custom@1313162067	Scene	50.000000			1	2
0061E062	SCORE_S5_COMP_Quest_Camp_Lite_Inspector	Inspector	185	0061ED8A			Custom@1313162067	Scene	50.000000			0	0
0061E062	SCORE_S5_COMP_Quest_Camp_Lite_Inspector	Inspector	186	0061ED8B		Just passing through.	Custom@1313162067	Scene	50.000000			1	1
0061E062	SCORE_S5_COMP_Quest_Camp_Lite_Inspector	Inspector	187	0061ED8C			Custom@1313162067	Scene	50.000000			0	0
0061E062	SCORE_S5_COMP_Quest_Camp_Lite_Inspector	Inspector	188	0061ED8D		No particular reason, my inquisitive Inspector.	Custom@1313162067	Scene	50.000000			1	1
0061E062	SCORE_S5_COMP_Quest_Camp_Lite_Inspector	Inspector	189	0061ED8E			Custom@1313162067	Scene	50.000000			0	0
0061E062	SCORE_S5_COMP_Quest_Camp_Lite_Inspector	Inspector	190	0061ED8F		I came to see you, my magnificent magician.	Custom@1313162067	Scene	50.000000			1	1
0061E062	SCORE_S5_COMP_Quest_Camp_Lite_Inspector	Inspector	191	0061ED90			Custom@1313162067	Scene	50.000000			0	0
0061E062	SCORE_S5_COMP_Quest_Camp_Lite_Inspector	Inspector	192	0061ED91		Inspect away, I have nothing to hide.	Custom@1313162067	Scene	50.000000			1	3
0061E062	SCORE_S5_COMP_Quest_Camp_Lite_Inspector	Inspector	193	0061ED92			Custom@1313162067	Scene	50.000000			0	0
0061E062	SCORE_S5_COMP_Quest_Camp_Lite_Inspector	Inspector	194	0061ED93		Just don't get in my way, you misguided miscreant.	Custom@1313162067	Scene	50.000000			1	2
0061E062	SCORE_S5_COMP_Quest_Camp_Lite_Inspector	Inspector	195	0061ED94			Custom@1313162067	Scene	50.000000			0	0
0061E062	SCORE_S5_COMP_Quest_Camp_Lite_Inspector	Inspector	196	0061ED95		It's good to have a rival. Iron sharpens iron.	Custom@1313162067	Scene	50.000000			1	2
0061E062	SCORE_S5_COMP_Quest_Camp_Lite_Inspector	Inspector	197	0061ED96			Custom@1313162067	Scene	50.000000			0	0
0061E062	SCORE_S5_COMP_Quest_Camp_Lite_Inspector	Inspector	198	0061ED97			Custom@1313162067	Scene	50.000000			0	0
0061E062	SCORE_S5_COMP_Quest_Camp_Lite_Inspector	Inspector	199	0061ED98		It doesn't bother me, my chronicling cohort.	Custom@1313162067	Scene	50.000000			1	3
0061E062	SCORE_S5_COMP_Quest_Camp_Lite_Inspector	Inspector	200	0061ED9A		Grognak forget. He have no calendar.	Custom@1313162067	Scene	50.000000			1	2
0061E062	SCORE_S5_COMP_Quest_Camp_Lite_Inspector	Inspector	201	0061ED9B			Custom@1313162067	Scene	50.000000			0	0
0061E062	SCORE_S5_COMP_Quest_Camp_Lite_Inspector	Inspector	202	0061ED9C		It's right now. You're late.	Custom@1313162067	Scene	50.000000			1	2
0061E062	SCORE_S5_COMP_Quest_Camp_Lite_Inspector	Inspector	203	0061ED9D			Custom@1313162067	Scene	50.000000			0	0
0061E062	SCORE_S5_COMP_Quest_Camp_Lite_Inspector	Inspector	204	0061ED9E		We stopped having those after the Mistress made fun of my hair.	Custom@1313162067	Scene	50.000000			1	2
0061E062	SCORE_S5_COMP_Quest_Camp_Lite_Inspector	Inspector	205	0061ED9F			Custom@1313162067	Scene	50.000000			0	0
0061E062	SCORE_S5_COMP_Quest_Camp_Lite_Inspector	Inspector	206	0061EDA0			Custom@1313162067	Scene	50.000000			1	2
0061E062	SCORE_S5_COMP_Quest_Camp_Lite_Inspector	Inspector	207	0061EDA1			Custom@1313162067	Scene	50.000000			1	1
0061E062	SCORE_S5_COMP_Quest_Camp_Lite_Inspector	Inspector	208	0061EDA2		I don't know.	Custom@1313162067	Scene	50.000000			1	2
0061E062	SCORE_S5_COMP_Quest_Camp_Lite_Inspector	Inspector	209	0061EDA3			Custom@1313162067	Scene	50.000000			0	0
0061E062	SCORE_S5_COMP_Quest_Camp_Lite_Inspector	Inspector	210	0061EDA5		I have some hero business I'd like to discuss.	Custom@1313162067	Scene	50.000000			2	2
0061E062	SCORE_S5_COMP_Quest_Camp_Lite_Inspector	Inspector	211	0061EDA6			Custom@1313162067	Scene	50.000000			0	0
0061E062	SCORE_S5_COMP_Quest_Camp_Lite_Inspector	Inspector	212	0061EDA7		I want to know more about you.	Custom@1313162067	Scene	50.000000			4	8
0061E062	SCORE_S5_COMP_Quest_Camp_Lite_Inspector	Inspector	213	0061EDA8			Custom@1313162067	Scene	50.000000			0	0
0061E062	SCORE_S5_COMP_Quest_Camp_Lite_Inspector	Inspector	214	0061EDA9		I'm in need of your services.	Custom@1313162067	Scene	50.000000			2	2
0061E062	SCORE_S5_COMP_Quest_Camp_Lite_Inspector	Inspector	215	0061EDAA			Custom@1313162067	Scene	50.000000			0	0
0061E062	SCORE_S5_COMP_Quest_Camp_Lite_Inspector	Inspector	216	0061EDAB		We'll talk later.	Custom@1313162067	Scene	50.000000			9	27
0061E062	SCORE_S5_COMP_Quest_Camp_Lite_Inspector	Inspector	217	0061EDAC			Custom@1313162067	Scene	50.000000			0	0
0061E062	SCORE_S5_COMP_Quest_Camp_Lite_Inspector	Inspector	218	0061EDAF			Custom@1313162067	Scene	50.000000			0	0
0061E062	SCORE_S5_COMP_Quest_Camp_Lite_Inspector	Inspector	219	0061EDB0		I have no idea. I'm not good with words.	Custom@1313162067	Scene	50.000000			1	1
0061E062	SCORE_S5_COMP_Quest_Camp_Lite_Inspector	Inspector	220	0061EDB1			Custom@1313162067	Scene	50.000000			0	0
0061E062	SCORE_S5_COMP_Quest_Camp_Lite_Inspector	Inspector	221	0061EDB2			Shared Info	Miscellaneous	50.000000			30	36
0061E062	SCORE_S5_COMP_Quest_Camp_Lite_Inspector	Inspector	222	0061EDB3			Idle	Miscellaneous	50.000000			36	40
0061E062	SCORE_S5_COMP_Quest_Camp_Lite_Inspector	Inspector	223	0061EDB4			Hello	Miscellaneous	50.000000			20	60
0061E062	SCORE_S5_COMP_Quest_Camp_Lite_Inspector	Inspector	224	0061EDB5			Greeting	Miscellaneous	50.000000			39	86
0061E062	SCORE_S5_COMP_Quest_Camp_Lite_Inspector	Inspector	225	0061F6B9			Death	Combat	50.000000			2	6
0061E063	SCORE_S5_COMP_Quest_Camp_Lite_SuperMutant	SuperMutant	0	0061EFEE			Idle	Miscellaneous	50.000000			32	34
0061E063	SCORE_S5_COMP_Quest_Camp_Lite_SuperMutant	SuperMutant	1	0061EFEF			Shared Info	Miscellaneous	50.000000			29	34
0061E063	SCORE_S5_COMP_Quest_Camp_Lite_SuperMutant	SuperMutant	2	0061EFF0			Hello	Miscellaneous	50.000000			33	99
0061E063	SCORE_S5_COMP_Quest_Camp_Lite_SuperMutant	SuperMutant	3	0061EFF1			Greeting	Miscellaneous	50.000000			37	109
0061E063	SCORE_S5_COMP_Quest_Camp_Lite_SuperMutant	SuperMutant	4	0061F25F			Custom@1313162067	Scene	50.000000			0	0
0061E063	SCORE_S5_COMP_Quest_Camp_Lite_SuperMutant	SuperMutant	5	0061F260		Is that any way to address a lady?	Custom@1313162067	Scene	50.000000			2	6
0061E063	SCORE_S5_COMP_Quest_Camp_Lite_SuperMutant	SuperMutant	6	0061F261			Custom@1313162067	Scene	50.000000			0	0
0061E063	SCORE_S5_COMP_Quest_Camp_Lite_SuperMutant	SuperMutant	7	0061F262		Yes, that's me. I'm Grognak the Barbarian.	Custom@1313162067	Scene	50.000000			1	2
0061E063	SCORE_S5_COMP_Quest_Camp_Lite_SuperMutant	SuperMutant	8	0061F263			Custom@1313162067	Scene	50.000000			0	0
0061E063	SCORE_S5_COMP_Quest_Camp_Lite_SuperMutant	SuperMutant	9	0061F264		[Grognak] What, you think I wear this outfit for fun?	Custom@1313162067	Scene	50.000000			1	2
0061E063	SCORE_S5_COMP_Quest_Camp_Lite_SuperMutant	SuperMutant	10	0061F265			Custom@1313162067	Scene	50.000000			0	0
0061E063	SCORE_S5_COMP_Quest_Camp_Lite_SuperMutant	SuperMutant	11	0061F266		No, but I've been told the resemblance is uncanny.	Custom@1313162067	Scene	50.000000			1	2
0061E063	SCORE_S5_COMP_Quest_Camp_Lite_SuperMutant	SuperMutant	12	0061F267			Custom@1313162067	Scene	50.000000			0	0
0061E063	SCORE_S5_COMP_Quest_Camp_Lite_SuperMutant	SuperMutant	13	0061F268		I think you've got me mistaken for someone else.	Custom@1313162067	Scene	50.000000			1	2
0061E063	SCORE_S5_COMP_Quest_Camp_Lite_SuperMutant	SuperMutant	14	0061F269			Custom@1313162067	Scene	50.000000			0	0
0061E063	SCORE_S5_COMP_Quest_Camp_Lite_SuperMutant	SuperMutant	15	0061F26A		Why are you looking for Grognak?	Custom@1313162067	Scene	50.000000			1	1
0061E063	SCORE_S5_COMP_Quest_Camp_Lite_SuperMutant	SuperMutant	16	0061F26B			Custom@1313162067	Scene	50.000000			0	0
0061E063	SCORE_S5_COMP_Quest_Camp_Lite_SuperMutant	SuperMutant	17	0061F26C		[Charisma 4+] Well I'm flattered you think I look like him, puny or otherwise.	Custom@1313162067	Scene	50.000000			1	2
0061E063	SCORE_S5_COMP_Quest_Camp_Lite_SuperMutant	SuperMutant	18	0061F26D			Custom@1313162067	Scene	50.000000			0	0
0061E063	SCORE_S5_COMP_Quest_Camp_Lite_SuperMutant	SuperMutant	19	0061F26E		Appalachia?	Custom@1313162067	Scene	50.000000			1	1
0061E063	SCORE_S5_COMP_Quest_Camp_Lite_SuperMutant	SuperMutant	20	0061F26F			Custom@1313162067	Scene	50.000000			0	0
0061E063	SCORE_S5_COMP_Quest_Camp_Lite_SuperMutant	SuperMutant	21	0061F270		Apple cider? Application? Appropriate apparel for appellate court?	Custom@1313162067	Scene	50.000000			1	2
0061E063	SCORE_S5_COMP_Quest_Camp_Lite_SuperMutant	SuperMutant	22	0061F271			Custom@1313162067	Scene	50.000000			0	0
0061E063	SCORE_S5_COMP_Quest_Camp_Lite_SuperMutant	SuperMutant	23	0061F272		Come on, you can say it. Just sound it out.	Custom@1313162067	Scene	50.000000			1	1
0061E063	SCORE_S5_COMP_Quest_Camp_Lite_SuperMutant	SuperMutant	24	0061F273			Custom@1313162067	Scene	50.000000			0	0
0061E063	SCORE_S5_COMP_Quest_Camp_Lite_SuperMutant	SuperMutant	25	0061F274		I don't have time for this you mumbling mutant trash.	Custom@1313162067	Scene	50.000000			1	1
0061E063	SCORE_S5_COMP_Quest_Camp_Lite_SuperMutant	SuperMutant	26	0061F275			Custom@1313162067	Scene	50.000000			0	0
0061E063	SCORE_S5_COMP_Quest_Camp_Lite_SuperMutant	SuperMutant	27	0061F276		Well, you can stay here and wait for him to show up if you like.	Custom@1313162067	Scene	50.000000			1	2
0061E063	SCORE_S5_COMP_Quest_Camp_Lite_SuperMutant	SuperMutant	28	0061F277			Custom@1313162067	Scene	50.000000			0	0
0061E063	SCORE_S5_COMP_Quest_Camp_Lite_SuperMutant	SuperMutant	29	0061F278		[Charisma 8+] I hate to break it to you, but Grognak isn't real. Santa Claus is though, so you better be nice.	Custom@1313162067	Scene	50.000000			1	4
0061E063	SCORE_S5_COMP_Quest_Camp_Lite_SuperMutant	SuperMutant	30	0061F279			Custom@1313162067	Scene	50.000000			0	0
0061E063	SCORE_S5_COMP_Quest_Camp_Lite_SuperMutant	SuperMutant	31	0061F27A		You wouldn't stand a chance in a fight.	Custom@1313162067	Scene	50.000000			1	2
0061E063	SCORE_S5_COMP_Quest_Camp_Lite_SuperMutant	SuperMutant	32	0061F27B			Custom@1313162067	Scene	50.000000			0	0
0061E063	SCORE_S5_COMP_Quest_Camp_Lite_SuperMutant	SuperMutant	33	0061F27C		All right. Just try not to make a mess.	Custom@1313162067	Scene	50.000000			1	3
0061E063	SCORE_S5_COMP_Quest_Camp_Lite_SuperMutant	SuperMutant	34	0061F27D			Custom@1313162067	Scene	50.000000			0	0
0061E063	SCORE_S5_COMP_Quest_Camp_Lite_SuperMutant	SuperMutant	35	0061F27E		I don't eat meat, but okay.	Custom@1313162067	Scene	50.000000			1	1
0061E063	SCORE_S5_COMP_Quest_Camp_Lite_SuperMutant	SuperMutant	36	0061F27F			Custom@1313162067	Scene	50.000000			0	0
0061E063	SCORE_S5_COMP_Quest_Camp_Lite_SuperMutant	SuperMutant	37	0061F280		All right.	Custom@1313162067	Scene	50.000000			1	3
0061E063	SCORE_S5_COMP_Quest_Camp_Lite_SuperMutant	SuperMutant	38	0061F281			Custom@1313162067	Scene	50.000000			0	0
0061E063	SCORE_S5_COMP_Quest_Camp_Lite_SuperMutant	SuperMutant	39	0061F282		Fine, whatever.	Custom@1313162067	Scene	50.000000			1	3
0061E063	SCORE_S5_COMP_Quest_Camp_Lite_SuperMutant	SuperMutant	40	0061F283			Custom@1313162067	Scene	50.000000			0	0
0061E063	SCORE_S5_COMP_Quest_Camp_Lite_SuperMutant	SuperMutant	41	0061F284		I'm in need of your services.	Custom@1313162067	Scene	50.000000			1	1
0061E063	SCORE_S5_COMP_Quest_Camp_Lite_SuperMutant	SuperMutant	42	0061F285			Custom@1313162067	Scene	50.000000			0	0
0061E063	SCORE_S5_COMP_Quest_Camp_Lite_SuperMutant	SuperMutant	43	0061F286		I want to know more about you.	Custom@1313162067	Scene	50.000000			1	1
0061E063	SCORE_S5_COMP_Quest_Camp_Lite_SuperMutant	SuperMutant	44	0061F287			Custom@1313162067	Scene	50.000000			0	0
0061E063	SCORE_S5_COMP_Quest_Camp_Lite_SuperMutant	SuperMutant	45	0061F288		I have some Wasteland encounters I'd like to discuss.	Custom@1313162067	Scene	50.000000			1	3
0061E063	SCORE_S5_COMP_Quest_Camp_Lite_SuperMutant	SuperMutant	46	0061F289			Custom@1313162067	Scene	50.000000			0	0
0061E063	SCORE_S5_COMP_Quest_Camp_Lite_SuperMutant	SuperMutant	47	0061F28A		Let's see what you got for sale.	Custom@1313162067	Scene	50.000000			1	1
0061E063	SCORE_S5_COMP_Quest_Camp_Lite_SuperMutant	SuperMutant	48	0061F28B			Custom@1313162067	Scene	50.000000			0	0
0061E063	SCORE_S5_COMP_Quest_Camp_Lite_SuperMutant	SuperMutant	49	0061F28C		Can you help me train?	Custom@1313162067	Scene	50.000000			2	2
0061E063	SCORE_S5_COMP_Quest_Camp_Lite_SuperMutant	SuperMutant	50	0061F28D			Custom@1313162067	Scene	50.000000			0	0
0061E063	SCORE_S5_COMP_Quest_Camp_Lite_SuperMutant	SuperMutant	51	0061F28E		Never mind, actually.	Custom@1313162067	Scene	50.000000			1	1
0061E063	SCORE_S5_COMP_Quest_Camp_Lite_SuperMutant	SuperMutant	52	0061F28F			Custom@1313162067	Scene	50.000000			0	0
0061E063	SCORE_S5_COMP_Quest_Camp_Lite_SuperMutant	SuperMutant	53	0061F290		How much do you know about Grognak?	Custom@1313162067	Scene	50.000000			1	2
0061E063	SCORE_S5_COMP_Quest_Camp_Lite_SuperMutant	SuperMutant	54	0061F291			Custom@1313162067	Scene	50.000000			0	0
0061E063	SCORE_S5_COMP_Quest_Camp_Lite_SuperMutant	SuperMutant	55	0061F292		Why do you want to be the strongest?	Custom@1313162067	Scene	50.000000			1	1
0061E063	SCORE_S5_COMP_Quest_Camp_Lite_SuperMutant	SuperMutant	56	0061F293			Custom@1313162067	Scene	50.000000			0	0
0061E063	SCORE_S5_COMP_Quest_Camp_Lite_SuperMutant	SuperMutant	57	0061F294		[Medium Affinity] How did you get introduced to Grognak?	Custom@1313162067	Scene	50.000000			1	1
0061E063	SCORE_S5_COMP_Quest_Camp_Lite_SuperMutant	SuperMutant	58	0061F295			Custom@1313162067	Scene	50.000000			0	0
0061E063	SCORE_S5_COMP_Quest_Camp_Lite_SuperMutant	SuperMutant	59	0061F296		[Max Affinity] I'd like to talk about the friend you lost, if you don't mind sharing.	Custom@1313162067	Scene	50.000000			1	3
0061E063	SCORE_S5_COMP_Quest_Camp_Lite_SuperMutant	SuperMutant	60	0061F297			Custom@1313162067	Scene	50.000000			0	0
0061E063	SCORE_S5_COMP_Quest_Camp_Lite_SuperMutant	SuperMutant	61	0061F298		Just twice? Those are rookie numbers, kid.	Custom@1313162067	Scene	50.000000			1	1
0061E063	SCORE_S5_COMP_Quest_Camp_Lite_SuperMutant	SuperMutant	62	0061F299			Custom@1313162067	Scene	50.000000			0	0
0061E063	SCORE_S5_COMP_Quest_Camp_Lite_SuperMutant	SuperMutant	63	0061F29A		It sounds like you're not just a Super Mutant, but a super fan as well.	Custom@1313162067	Scene	50.000000			1	1
0061E063	SCORE_S5_COMP_Quest_Camp_Lite_SuperMutant	SuperMutant	64	0061F29B			Custom@1313162067	Scene	50.000000			0	0
0061E063	SCORE_S5_COMP_Quest_Camp_Lite_SuperMutant	SuperMutant	65	0061F29C		So you're a comic book nerd?	Custom@1313162067	Scene	50.000000			1	1
0061E063	SCORE_S5_COMP_Quest_Camp_Lite_SuperMutant	SuperMutant	66	0061F29D			Custom@1313162067	Scene	50.000000			0	0
0061E063	SCORE_S5_COMP_Quest_Camp_Lite_SuperMutant	SuperMutant	67	0061F29E		I'm the same way. I love collecting the entire set.	Custom@1313162067	Scene	50.000000			1	1
0061E063	SCORE_S5_COMP_Quest_Camp_Lite_SuperMutant	SuperMutant	68	0061F29F			Custom@1313162067	Scene	50.000000			0	0
0061E063	SCORE_S5_COMP_Quest_Camp_Lite_SuperMutant	SuperMutant	69	0061F2A0		Fair enough.	Custom@1313162067	Scene	50.000000			1	1
0061E063	SCORE_S5_COMP_Quest_Camp_Lite_SuperMutant	SuperMutant	70	0061F2A1			Custom@1313162067	Scene	50.000000			0	0
0061E063	SCORE_S5_COMP_Quest_Camp_Lite_SuperMutant	SuperMutant	71	0061F2A2		I'm making it my business.	Custom@1313162067	Scene	50.000000			1	1
0061E063	SCORE_S5_COMP_Quest_Camp_Lite_SuperMutant	SuperMutant	72	0061F2A3			Custom@1313162067	Scene	50.000000			0	0
0061E063	SCORE_S5_COMP_Quest_Camp_Lite_SuperMutant	SuperMutant	73	0061F2A4		I was just curious, sorry I asked.	Custom@1313162067	Scene	50.000000			1	1
0061E063	SCORE_S5_COMP_Quest_Camp_Lite_SuperMutant	SuperMutant	74	0061F2A5			Custom@1313162067	Scene	50.000000			0	0
0061E063	SCORE_S5_COMP_Quest_Camp_Lite_SuperMutant	SuperMutant	75	0061F2A6		You know what, you're right. I should respect your boundaries.	Custom@1313162067	Scene	50.000000			1	1
0061E063	SCORE_S5_COMP_Quest_Camp_Lite_SuperMutant	SuperMutant	76	0061F2A7			Custom@1313162067	Scene	50.000000			0	0
0061E063	SCORE_S5_COMP_Quest_Camp_Lite_SuperMutant	SuperMutant	77	0061F2A8			Custom@1313162067	Scene	50.000000			0	0
0061E063	SCORE_S5_COMP_Quest_Camp_Lite_SuperMutant	SuperMutant	78	0061F2A9		What is the best way to fight Grognak?	Custom@1313162067	Scene	50.000000			1	3
0061E063	SCORE_S5_COMP_Quest_Camp_Lite_SuperMutant	SuperMutant	79	0061F2AA			Custom@1313162067	Scene	50.000000			0	0
0061E063	SCORE_S5_COMP_Quest_Camp_Lite_SuperMutant	SuperMutant	80	0061F2AB			Custom@1313162067	Scene	50.000000			0	0
0061E063	SCORE_S5_COMP_Quest_Camp_Lite_SuperMutant	SuperMutant	81	0061F2AC		Why kill him? Have you considered just a friendly fight?	Custom@1313162067	Scene	50.000000			1	2
0061E063	SCORE_S5_COMP_Quest_Camp_Lite_SuperMutant	SuperMutant	82	0061F2AD			Custom@1313162067	Scene	50.000000			0	0
0061E063	SCORE_S5_COMP_Quest_Camp_Lite_SuperMutant	SuperMutant	83	0061F2AE		Why become a Grognak expert?	Custom@1313162067	Scene	50.000000			1	1
0061E063	SCORE_S5_COMP_Quest_Camp_Lite_SuperMutant	SuperMutant	84	0061F2AF		What other helpful tips have you learned from the comics?	Custom@1313162067	Scene	50.000000			1	3
0061E063	SCORE_S5_COMP_Quest_Camp_Lite_SuperMutant	SuperMutant	85	0061F2B0		What are some of Grognak's strengths?	Custom@1313162067	Scene	50.000000			1	4
0061E063	SCORE_S5_COMP_Quest_Camp_Lite_SuperMutant	SuperMutant	86	0061F2B1			Custom@1313162067	Scene	50.000000			0	0
0061E063	SCORE_S5_COMP_Quest_Camp_Lite_SuperMutant	SuperMutant	87	0061F2B2		Will you be using weapons? Grognak has an axe.	Custom@1313162067	Scene	50.000000			1	3
0061E063	SCORE_S5_COMP_Quest_Camp_Lite_SuperMutant	SuperMutant	88	0061F2B3			Custom@1313162067	Scene	50.000000			0	0
0061E063	SCORE_S5_COMP_Quest_Camp_Lite_SuperMutant	SuperMutant	89	0061F2B4		I want to go back to my earlier questions.	Custom@1313162067	Scene	50.000000			1	3
0061E063	SCORE_S5_COMP_Quest_Camp_Lite_SuperMutant	SuperMutant	90	0061F358		What happened to him?	Custom@1313162067	Scene	50.000000			1	5
0061E063	SCORE_S5_COMP_Quest_Camp_Lite_SuperMutant	SuperMutant	91	0061F359			Custom@1313162067	Scene	50.000000			0	0
0061E063	SCORE_S5_COMP_Quest_Camp_Lite_SuperMutant	SuperMutant	92	0061F35A		Was this a mutant hound? Or a regular dog?	Custom@1313162067	Scene	50.000000			1	1
0061E063	SCORE_S5_COMP_Quest_Camp_Lite_SuperMutant	SuperMutant	93	0061F35B			Custom@1313162067	Scene	50.000000			0	0
0061E063	SCORE_S5_COMP_Quest_Camp_Lite_SuperMutant	SuperMutant	94	0061F35C		Dogs are both man and mutant's best friend.	Custom@1313162067	Scene	50.000000			1	1
0061E063	SCORE_S5_COMP_Quest_Camp_Lite_SuperMutant	SuperMutant	95	0061F35D			Custom@1313162067	Scene	50.000000			0	0
0061E063	SCORE_S5_COMP_Quest_Camp_Lite_SuperMutant	SuperMutant	96	0061F35E		He sounds like a great pet.	Custom@1313162067	Scene	50.000000			1	2
0061E063	SCORE_S5_COMP_Quest_Camp_Lite_SuperMutant	SuperMutant	97	0061F35F			Custom@1313162067	Scene	50.000000			0	0
0061E063	SCORE_S5_COMP_Quest_Camp_Lite_SuperMutant	SuperMutant	98	0061F360		It'd take a lot to make you feel small, big guy.	Custom@1313162067	Scene	50.000000			1	2
0061E063	SCORE_S5_COMP_Quest_Camp_Lite_SuperMutant	SuperMutant	99	0061F361			Custom@1313162067	Scene	50.000000			0	0
0061E063	SCORE_S5_COMP_Quest_Camp_Lite_SuperMutant	SuperMutant	100	0061F367			Custom@1313162067	Scene	50.000000			1	3
0061E063	SCORE_S5_COMP_Quest_Camp_Lite_SuperMutant	SuperMutant	101	0061F368		All right, let's talk about something else.	Custom@1313162067	Scene	50.000000			1	3
0061E063	SCORE_S5_COMP_Quest_Camp_Lite_SuperMutant	SuperMutant	102	0061F369			Custom@1313162067	Scene	50.000000			0	0
0061E063	SCORE_S5_COMP_Quest_Camp_Lite_SuperMutant	SuperMutant	103	0061F36A		Good advice. If you need me, I'll be over at the weight bench with a Grognak comic and a bottle of buffout.	Custom@1313162067	Scene	50.000000			1	1
0061E063	SCORE_S5_COMP_Quest_Camp_Lite_SuperMutant	SuperMutant	104	0061F36B			Custom@1313162067	Scene	50.000000			0	0
0061E063	SCORE_S5_COMP_Quest_Camp_Lite_SuperMutant	SuperMutant	105	0061F36C		What good are muscles against lasers and bullets?	Custom@1313162067	Scene	50.000000			1	1
0061E063	SCORE_S5_COMP_Quest_Camp_Lite_SuperMutant	SuperMutant	106	0061F36D			Custom@1313162067	Scene	50.000000			0	0
0061E063	SCORE_S5_COMP_Quest_Camp_Lite_SuperMutant	SuperMutant	107	0061F36E		"Super Mutant live" because I allow it. Don't forget that.	Custom@1313162067	Scene	50.000000			1	1
0061E063	SCORE_S5_COMP_Quest_Camp_Lite_SuperMutant	SuperMutant	108	0061F36F			Custom@1313162067	Scene	50.000000			0	0
0061E063	SCORE_S5_COMP_Quest_Camp_Lite_SuperMutant	SuperMutant	109	0061F370		No thanks, I think I'll just stay my puny, winsome self.	Custom@1313162067	Scene	50.000000			1	1
0061E063	SCORE_S5_COMP_Quest_Camp_Lite_SuperMutant	SuperMutant	110	0061F371			Custom@1313162067	Scene	50.000000			0	0
0061E063	SCORE_S5_COMP_Quest_Camp_Lite_SuperMutant	SuperMutant	111	0061F372		You keep defining strength with muscles. It's pretty reductive.	Custom@1313162067	Scene	50.000000			1	1
0061E063	SCORE_S5_COMP_Quest_Camp_Lite_SuperMutant	SuperMutant	112	0061F373			Custom@1313162067	Scene	50.000000			1	1
0061E063	SCORE_S5_COMP_Quest_Camp_Lite_SuperMutant	SuperMutant	113	0061F374		[Intelligence 4+] Grognak lost someone too, in "Blood in the Harp."	Custom@1313162067	Scene	50.000000			1	4
0061E063	SCORE_S5_COMP_Quest_Camp_Lite_SuperMutant	SuperMutant	114	0061F375			Custom@1313162067	Scene	50.000000			0	0
0061E063	SCORE_S5_COMP_Quest_Camp_Lite_SuperMutant	SuperMutant	115	0061F376		[Strength 4+] I'm strong, and even I can't save everyone. Let it go.	Custom@1313162067	Scene	50.000000			1	3
0061E063	SCORE_S5_COMP_Quest_Camp_Lite_SuperMutant	SuperMutant	116	0061F377			Custom@1313162067	Scene	50.000000			0	0
0061E063	SCORE_S5_COMP_Quest_Camp_Lite_SuperMutant	SuperMutant	117	0061F378		That's not how it works you dumb oaf.	Custom@1313162067	Scene	50.000000			1	3
0061E063	SCORE_S5_COMP_Quest_Camp_Lite_SuperMutant	SuperMutant	118	0061F379			Custom@1313162067	Scene	50.000000			0	0
0061E063	SCORE_S5_COMP_Quest_Camp_Lite_SuperMutant	SuperMutant	119	0061F37A		Your logic is sound. It's too bad Grognak isn't real.	Custom@1313162067	Scene	50.000000			1	2
0061E063	SCORE_S5_COMP_Quest_Camp_Lite_SuperMutant	SuperMutant	120	0061F37B			Custom@1313162067	Scene	50.000000			0	0
0061E063	SCORE_S5_COMP_Quest_Camp_Lite_SuperMutant	SuperMutant	121	0061F37C		You're plenty strong enough. It's not your fault what happened.	Custom@1313162067	Scene	50.000000			1	1
0061E063	SCORE_S5_COMP_Quest_Camp_Lite_SuperMutant	SuperMutant	122	0061F37D		I'm sorry. Thank you for sharing that.	Custom@1313162067	Scene	50.000000			1	1
0061E063	SCORE_S5_COMP_Quest_Camp_Lite_SuperMutant	SuperMutant	123	0061F37E			Custom@1313162067	Scene	50.000000			0	0
0061E063	SCORE_S5_COMP_Quest_Camp_Lite_SuperMutant	SuperMutant	124	0061F37F			Custom@1313162067	Scene	50.000000			0	0
0061E063	SCORE_S5_COMP_Quest_Camp_Lite_SuperMutant	SuperMutant	125	0061F380		You said Grognak never let friends die. Have you lost someone?	Custom@1313162067	Scene	50.000000			1	1
0061E063	SCORE_S5_COMP_Quest_Camp_Lite_SuperMutant	SuperMutant	126	0061F381			Custom@1313162067	Scene	50.000000			0	0
0061E063	SCORE_S5_COMP_Quest_Camp_Lite_SuperMutant	SuperMutant	127	0061F382			Custom@1313162067	Scene	50.000000			0	0
0061E063	SCORE_S5_COMP_Quest_Camp_Lite_SuperMutant	SuperMutant	128	0061F383			Custom@1313162067	Scene	50.000000			0	0
0061E063	SCORE_S5_COMP_Quest_Camp_Lite_SuperMutant	SuperMutant	129	0061F384			Custom@1313162067	Scene	50.000000			0	0
0061E063	SCORE_S5_COMP_Quest_Camp_Lite_SuperMutant	SuperMutant	130	0061F385		So you actually respect Grognak?	Custom@1313162067	Scene	50.000000			1	3
0061E063	SCORE_S5_COMP_Quest_Camp_Lite_SuperMutant	SuperMutant	131	0061F386		Okay, but I've got the time.	Custom@1313162067	Scene	50.000000			1	3
0061E063	SCORE_S5_COMP_Quest_Camp_Lite_SuperMutant	SuperMutant	132	0061F387			Custom@1313162067	Scene	50.000000			0	0
0061E063	SCORE_S5_COMP_Quest_Camp_Lite_SuperMutant	SuperMutant	133	0061F388			Custom@1313162067	Scene	50.000000			0	0
0061E063	SCORE_S5_COMP_Quest_Camp_Lite_SuperMutant	SuperMutant	134	0061F389			Custom@1313162067	Scene	50.000000			0	0
0061E063	SCORE_S5_COMP_Quest_Camp_Lite_SuperMutant	SuperMutant	135	0061F38A		But why fight Grognak?	Custom@1313162067	Scene	50.000000			1	1
0061E063	SCORE_S5_COMP_Quest_Camp_Lite_SuperMutant	SuperMutant	136	0061F38B		How did you meet your dog?	Custom@1313162067	Scene	50.000000			1	3
0061E063	SCORE_S5_COMP_Quest_Camp_Lite_SuperMutant	SuperMutant	137	0061F38C			Custom@1313162067	Scene	50.000000			0	0
0061E063	SCORE_S5_COMP_Quest_Camp_Lite_SuperMutant	SuperMutant	138	0061F38D		I still would like to hear it.	Custom@1313162067	Scene	50.000000			1	3
0061E063	SCORE_S5_COMP_Quest_Camp_Lite_SuperMutant	SuperMutant	139	0061F38E			Custom@1313162067	Scene	50.000000			0	0
0061E063	SCORE_S5_COMP_Quest_Camp_Lite_SuperMutant	SuperMutant	140	0061F38F		I don't think the Silver Shroud was his dog.	Custom@1313162067	Scene	50.000000			1	1
0061E063	SCORE_S5_COMP_Quest_Camp_Lite_SuperMutant	SuperMutant	141	0061F3E7		Speaking of names, did your dog have one?	Custom@1313162067	Scene	50.000000			1	1
0061E063	SCORE_S5_COMP_Quest_Camp_Lite_SuperMutant	SuperMutant	142	0061F3E8		At West Tek medical center, I found the origins of Appalachian super mutants.	Custom@1313162067	Scene	50.000000			1	2
0061E063	SCORE_S5_COMP_Quest_Camp_Lite_SuperMutant	SuperMutant	143	0061F3E9		I disagree. Eggs are better.	Custom@1313162067	Scene	50.000000			1	3
0061E063	SCORE_S5_COMP_Quest_Camp_Lite_SuperMutant	SuperMutant	144	0061F3EA			Custom@1313162067	Scene	50.000000			0	0
0061E063	SCORE_S5_COMP_Quest_Camp_Lite_SuperMutant	SuperMutant	145	0061F3EB		It does sound like a classic comic book origin story.	Custom@1313162067	Scene	50.000000			1	2
0061E063	SCORE_S5_COMP_Quest_Camp_Lite_SuperMutant	SuperMutant	146	0061F3EC			Custom@1313162067	Scene	50.000000			0	0
0061E063	SCORE_S5_COMP_Quest_Camp_Lite_SuperMutant	SuperMutant	147	0061F3ED		Humanity owes all Super Mutants an apology.	Custom@1313162067	Scene	50.000000			1	2
0061E063	SCORE_S5_COMP_Quest_Camp_Lite_SuperMutant	SuperMutant	148	0061F3EE			Custom@1313162067	Scene	50.000000			0	0
0061E063	SCORE_S5_COMP_Quest_Camp_Lite_SuperMutant	SuperMutant	149	0061F3EF		We made you, and so we are your gods.	Custom@1313162067	Scene	50.000000			1	2
0061E063	SCORE_S5_COMP_Quest_Camp_Lite_SuperMutant	SuperMutant	150	0061F3F0			Custom@1313162067	Scene	50.000000			0	0
0061E063	SCORE_S5_COMP_Quest_Camp_Lite_SuperMutant	SuperMutant	151	0061F3F1		Sorry birdbrain, but the chicken came first.	Custom@1313162067	Scene	50.000000			1	2
0061E063	SCORE_S5_COMP_Quest_Camp_Lite_SuperMutant	SuperMutant	152	0061F3F2			Custom@1313162067	Scene	50.000000			0	0
0061E063	SCORE_S5_COMP_Quest_Camp_Lite_SuperMutant	SuperMutant	153	0061F3F9			Custom@1313162067	Scene	50.000000			1	3
0061E063	SCORE_S5_COMP_Quest_Camp_Lite_SuperMutant	SuperMutant	154	0061F3FA			Custom@1313162067	Scene	50.000000			0	0
0061E063	SCORE_S5_COMP_Quest_Camp_Lite_SuperMutant	SuperMutant	155	0061F3FB		Bloppo? Was your dog some kind of clown?	Custom@1313162067	Scene	50.000000			1	1
0061E063	SCORE_S5_COMP_Quest_Camp_Lite_SuperMutant	SuperMutant	156	0061F3FC			Custom@1313162067	Scene	50.000000			0	0
0061E063	SCORE_S5_COMP_Quest_Camp_Lite_SuperMutant	SuperMutant	157	0061F3FD		Of course. After Bloppo in the Ruby Ruins.	Custom@1313162067	Scene	50.000000			1	2
0061E063	SCORE_S5_COMP_Quest_Camp_Lite_SuperMutant	SuperMutant	158	0061F3FE			Custom@1313162067	Scene	50.000000			0	0
0061E063	SCORE_S5_COMP_Quest_Camp_Lite_SuperMutant	SuperMutant	159	0061F3FF		Bloppo is as good a name as any for a dog.	Custom@1313162067	Scene	50.000000			1	1
0061E063	SCORE_S5_COMP_Quest_Camp_Lite_SuperMutant	SuperMutant	160	0061F400			Custom@1313162067	Scene	50.000000			0	0
0061E063	SCORE_S5_COMP_Quest_Camp_Lite_SuperMutant	SuperMutant	161	0061F401		That's a wonderful name.	Custom@1313162067	Scene	50.000000			1	1
0061E063	SCORE_S5_COMP_Quest_Camp_Lite_SuperMutant	SuperMutant	162	0061F402			Custom@1313162067	Scene	50.000000			0	0
0061E063	SCORE_S5_COMP_Quest_Camp_Lite_SuperMutant	SuperMutant	163	0061F403		That's an ... interesting choice.	Custom@1313162067	Scene	50.000000			1	1
0061E063	SCORE_S5_COMP_Quest_Camp_Lite_SuperMutant	SuperMutant	164	0061F404			Custom@1313162067	Scene	50.000000			1	2
0061E063	SCORE_S5_COMP_Quest_Camp_Lite_SuperMutant	SuperMutant	165	0061F422		Either way, he's a nuisance, and I had to put him back in jail.	Custom@1313162067	Scene	50.000000			1	1
0061E063	SCORE_S5_COMP_Quest_Camp_Lite_SuperMutant	SuperMutant	166	0061F423		His actual name is Harrison.	Custom@1313162067	Scene	50.000000			1	1
0061E063	SCORE_S5_COMP_Quest_Camp_Lite_SuperMutant	SuperMutant	167	0061F424		"Malone" means the opposite. So if your name was "Skinny Malone," I guarantee you won't be.	Custom@1313162067	Scene	50.000000			1	1
0061E063	SCORE_S5_COMP_Quest_Camp_Lite_SuperMutant	SuperMutant	168	0061F425		It's derived from the word "Maul" actually. Just like your name.	Custom@1313162067	Scene	50.000000			1	1
0061E063	SCORE_S5_COMP_Quest_Camp_Lite_SuperMutant	SuperMutant	169	0061F427		True. You've got to pick and choose.	Custom@1313162067	Scene	50.000000			1	1
0061E063	SCORE_S5_COMP_Quest_Camp_Lite_SuperMutant	SuperMutant	170	0061F428		I disagree. All food goes in the stomach, or else it wouldn't be food.	Custom@1313162067	Scene	50.000000			1	1
0061E063	SCORE_S5_COMP_Quest_Camp_Lite_SuperMutant	SuperMutant	171	0061F429		How do you know which food goes in the stomach?	Custom@1313162067	Scene	50.000000			1	1
0061E063	SCORE_S5_COMP_Quest_Camp_Lite_SuperMutant	SuperMutant	172	0061F42A		Chally looks pretty tasty. We should totally eat her.	Custom@1313162067	Scene	50.000000			1	1
0061E063	SCORE_S5_COMP_Quest_Camp_Lite_SuperMutant	SuperMutant	173	0061F42B		I'm a vegetarian, so I don't consider any meat to be food.	Custom@1313162067	Scene	50.000000			1	1
0061E063	SCORE_S5_COMP_Quest_Camp_Lite_SuperMutant	SuperMutant	174	0061F42C			Custom@1313162067	Scene	50.000000			1	2
0061E063	SCORE_S5_COMP_Quest_Camp_Lite_SuperMutant	SuperMutant	175	0061F42D			Custom@1313162067	Scene	50.000000			0	0
0061E063	SCORE_S5_COMP_Quest_Camp_Lite_SuperMutant	SuperMutant	176	0061F42E			Custom@1313162067	Scene	50.000000			0	0
0061E063	SCORE_S5_COMP_Quest_Camp_Lite_SuperMutant	SuperMutant	177	0061F42F			Custom@1313162067	Scene	50.000000			0	0
0061E063	SCORE_S5_COMP_Quest_Camp_Lite_SuperMutant	SuperMutant	178	0061F430			Custom@1313162067	Scene	50.000000			0	0
0061E063	SCORE_S5_COMP_Quest_Camp_Lite_SuperMutant	SuperMutant	179	0061F431		[Intelligence 8+] Malone is from the Irish "Mael Eoin," meaning a disciple of Saint John.	Custom@1313162067	Scene	50.000000			1	1
0061E063	SCORE_S5_COMP_Quest_Camp_Lite_SuperMutant	SuperMutant	180	0061F432			Custom@1313162067	Scene	50.000000			0	0
0061E063	SCORE_S5_COMP_Quest_Camp_Lite_SuperMutant	SuperMutant	181	0061F436			Custom@1313162067	Scene	50.000000			0	0
0061E063	SCORE_S5_COMP_Quest_Camp_Lite_SuperMutant	SuperMutant	182	0061F437		Have you met other Super Mutants?	Custom@1313162067	Scene	50.000000			1	2
0061E063	SCORE_S5_COMP_Quest_Camp_Lite_SuperMutant	SuperMutant	183	0061F438			Custom@1313162067	Scene	50.000000			0	0
0061E063	SCORE_S5_COMP_Quest_Camp_Lite_SuperMutant	SuperMutant	184	0061F439		Have you met Mad Dog Malone?	Custom@1313162067	Scene	50.000000			1	3
0061E063	SCORE_S5_COMP_Quest_Camp_Lite_SuperMutant	SuperMutant	185	0061F43A			Custom@1313162067	Scene	50.000000			0	0
0061E063	SCORE_S5_COMP_Quest_Camp_Lite_SuperMutant	SuperMutant	186	0061F43B			Custom@1313162067	Scene	50.000000			0	0
0061E063	SCORE_S5_COMP_Quest_Camp_Lite_SuperMutant	SuperMutant	187	0061F43C			Custom@1313162067	Scene	50.000000			0	0
0061E063	SCORE_S5_COMP_Quest_Camp_Lite_SuperMutant	SuperMutant	188	0061F43D			Custom@1313162067	Scene	50.000000			0	0
0061E063	SCORE_S5_COMP_Quest_Camp_Lite_SuperMutant	SuperMutant	189	0061F43E			Custom@1313162067	Scene	50.000000			0	0
0061E063	SCORE_S5_COMP_Quest_Camp_Lite_SuperMutant	SuperMutant	190	0061F43F			Custom@1313162067	Scene	50.000000			0	0
0061E063	SCORE_S5_COMP_Quest_Camp_Lite_SuperMutant	SuperMutant	191	0061F440			Custom@1313162067	Scene	50.000000			0	0
0061E063	SCORE_S5_COMP_Quest_Camp_Lite_SuperMutant	SuperMutant	192	0061F6B3		I want to go back to my earlier questions.	Custom@1313162067	Scene	50.000000			1	3
0061E063	SCORE_S5_COMP_Quest_Camp_Lite_SuperMutant	SuperMutant	193	0061F6B4			Custom@1313162067	Scene	50.000000			0	0
0061E063	SCORE_S5_COMP_Quest_Camp_Lite_SuperMutant	SuperMutant	194	0061F6B5		Let's change topics.	Custom@1313162067	Scene	50.000000			1	3
0061E063	SCORE_S5_COMP_Quest_Camp_Lite_SuperMutant	SuperMutant	195	0061F6B6			Custom@1313162067	Scene	50.000000			0	0
0061E063	SCORE_S5_COMP_Quest_Camp_Lite_SuperMutant	SuperMutant	196	0061F6B7			Custom@1313162067	Scene	50.000000			0	0
0061E063	SCORE_S5_COMP_Quest_Camp_Lite_SuperMutant	SuperMutant	197	0061F6B8		That's all for now.	Custom@1313162067	Scene	50.000000			2	6
006209CE	ATX_COMP_Doberman_Quest_Camp_Lite_Dog	Dog	0	006209CF			Greeting	Miscellaneous	50.000000			2	4
006209CE	ATX_COMP_Doberman_Quest_Camp_Lite_Dog	Dog	1	006209D0			Hello	Miscellaneous	50.000000			0	0
006209CE	ATX_COMP_Doberman_Quest_Camp_Lite_Dog	Dog	2	006209D1			Idle	Miscellaneous	50.000000			0	0
006209CE	ATX_COMP_Doberman_Quest_Camp_Lite_Dog	Dog	3	006209D2			Shared Info	Miscellaneous	50.000000			8	9
006209CE	ATX_COMP_Doberman_Quest_Camp_Lite_Dog	Dog	4	006209D3			Custom@1313162067	Scene	50.000000			0	0
006209CE	ATX_COMP_Doberman_Quest_Camp_Lite_Dog	Dog	5	006209D4		Hey girl, are you looking for someone?	Custom@1313162067	Scene	50.000000			1	3
006209CE	ATX_COMP_Doberman_Quest_Camp_Lite_Dog	Dog	6	006209D5			Custom@1313162067	Scene	50.000000			0	0
006209CE	ATX_COMP_Doberman_Quest_Camp_Lite_Dog	Dog	7	006209D6		What's wrong girl, are you lost?	Custom@1313162067	Scene	50.000000			1	3
006209CE	ATX_COMP_Doberman_Quest_Camp_Lite_Dog	Dog	8	006209D7			Custom@1313162067	Scene	50.000000			0	0
006209CE	ATX_COMP_Doberman_Quest_Camp_Lite_Dog	Dog	9	006209D8		Ugh, not another flea-ridden mutt.	Custom@1313162067	Scene	50.000000			1	3
006209CE	ATX_COMP_Doberman_Quest_Camp_Lite_Dog	Dog	10	006209D9			Custom@1313162067	Scene	50.000000			0	0
006209CE	ATX_COMP_Doberman_Quest_Camp_Lite_Dog	Dog	11	006209DA		Do you want to live here girl? Because I'd love that.	Custom@1313162067	Scene	50.000000			1	3
006209CE	ATX_COMP_Doberman_Quest_Camp_Lite_Dog	Dog	12	006209DB			Custom@1313162067	Scene	50.000000			0	0
006209CE	ATX_COMP_Doberman_Quest_Camp_Lite_Dog	Dog	13	006209DC		You can stay here, if you like.	Custom@1313162067	Scene	50.000000			1	3
006209CE	ATX_COMP_Doberman_Quest_Camp_Lite_Dog	Dog	14	006209DD			Custom@1313162067	Scene	50.000000			0	0
006209CE	ATX_COMP_Doberman_Quest_Camp_Lite_Dog	Dog	15	006209DE		Well, if you're going to stay, try not to make a mess.	Custom@1313162067	Scene	50.000000			1	3
006209CE	ATX_COMP_Doberman_Quest_Camp_Lite_Dog	Dog	16	006209DF			Custom@1313162067	Scene	50.000000			0	0
006209CE	ATX_COMP_Doberman_Quest_Camp_Lite_Dog	Dog	17	006209E0		Got anything for me, girl?	Custom@1313162067	Scene	50.000000			2	6
006209CE	ATX_COMP_Doberman_Quest_Camp_Lite_Dog	Dog	18	006209E1			Custom@1313162067	Scene	50.000000			0	0
006209CE	ATX_COMP_Doberman_Quest_Camp_Lite_Dog	Dog	19	006209E2		Wanna chat?	Custom@1313162067	Scene	50.000000			1	3
006209CE	ATX_COMP_Doberman_Quest_Camp_Lite_Dog	Dog	20	006209E3			Custom@1313162067	Scene	50.000000			0	0
006209CE	ATX_COMP_Doberman_Quest_Camp_Lite_Dog	Dog	21	006209E4		[Dog Treat] I've got some canned dog food for you.	Custom@1313162067	Scene	50.000000			7	21
006209CE	ATX_COMP_Doberman_Quest_Camp_Lite_Dog	Dog	22	006209E5			Custom@1313162067	Scene	50.000000			0	0
006209CE	ATX_COMP_Doberman_Quest_Camp_Lite_Dog	Dog	23	006209E6		Who's a good dog! You're a good dog!	Custom@1313162067	Scene	50.000000			4	12
006209CE	ATX_COMP_Doberman_Quest_Camp_Lite_Dog	Dog	24	006209E7			Custom@1313162067	Scene	50.000000			0	0
006209CE	ATX_COMP_Doberman_Quest_Camp_Lite_Dog	Dog	25	006209E8		You're a bad dog! Very bad!	Custom@1313162067	Scene	50.000000			1	3
006209CE	ATX_COMP_Doberman_Quest_Camp_Lite_Dog	Dog	26	006209E9			Custom@1313162067	Scene	50.000000			0	0
006209CE	ATX_COMP_Doberman_Quest_Camp_Lite_Dog	Dog	27	006209EA		You are neither good nor bad, you just are.	Custom@1313162067	Scene	50.000000			1	3
006209CE	ATX_COMP_Doberman_Quest_Camp_Lite_Dog	Dog	28	006209EB			Custom@1313162067	Scene	50.000000			0	0
006209CE	ATX_COMP_Doberman_Quest_Camp_Lite_Dog	Dog	29	006209EC		That's all I wanted to say.	Custom@1313162067	Scene	50.000000			1	3
006209CE	ATX_COMP_Doberman_Quest_Camp_Lite_Dog	Dog	30	006209ED			Custom@1313162067	Scene	50.000000			0	0
006209CE	ATX_COMP_Doberman_Quest_Camp_Lite_Dog	Dog	31	006209EE		We'll talk later.	Custom@1313162067	Scene	50.000000			1	3
0062CA7E	ATX_COMP_Quest_Camp_Lite_Ghoul	Ghoul	0	0062CA7F			Greeting	Miscellaneous	50.000000			8	12
0062CA7E	ATX_COMP_Quest_Camp_Lite_Ghoul	Ghoul	1	0062CA80			Hello	Miscellaneous	50.000000			5	15
0062CA7E	ATX_COMP_Quest_Camp_Lite_Ghoul	Ghoul	2	0062CA81			Idle	Miscellaneous	50.000000			19	21
0062CA7E	ATX_COMP_Quest_Camp_Lite_Ghoul	Ghoul	3	0062CA82			Shared Info	Miscellaneous	50.000000			16	25
0062CA7E	ATX_COMP_Quest_Camp_Lite_Ghoul	Ghoul	4	0062CA83			Custom@1313162067	Scene	50.000000			0	0
0062CA7E	ATX_COMP_Quest_Camp_Lite_Ghoul	Ghoul	5	0062CA84		Welcome to our planet, Xerxo.	Custom@1313162067	Scene	50.000000			1	2
0062CA7E	ATX_COMP_Quest_Camp_Lite_Ghoul	Ghoul	6	0062CA85			Custom@1313162067	Scene	50.000000			0	0
0062CA7E	ATX_COMP_Quest_Camp_Lite_Ghoul	Ghoul	7	0062CA86		Nice to meet you. Shall I take you to our leader?	Custom@1313162067	Scene	50.000000			1	3
0062CA7E	ATX_COMP_Quest_Camp_Lite_Ghoul	Ghoul	8	0062CA87			Custom@1313162067	Scene	50.000000			0	0
0062CA7E	ATX_COMP_Quest_Camp_Lite_Ghoul	Ghoul	9	0062CA88		I don't think you're any of the things you just said.	Custom@1313162067	Scene	50.000000			1	3
0062CA7E	ATX_COMP_Quest_Camp_Lite_Ghoul	Ghoul	10	0062CA89			Custom@1313162067	Scene	50.000000			0	0
0062CA7E	ATX_COMP_Quest_Camp_Lite_Ghoul	Ghoul	11	0062CA8A		Oh boy, this is going to be fun.	Custom@1313162067	Scene	50.000000			1	3
0062CA7E	ATX_COMP_Quest_Camp_Lite_Ghoul	Ghoul	12	0062CA8B			Custom@1313162067	Scene	50.000000			0	0
0062CA7E	ATX_COMP_Quest_Camp_Lite_Ghoul	Ghoul	13	0062CA8C		[Charisma 4+] You're invading our planet? At least buy us dinner first.	Custom@1313162067	Scene	50.000000			1	3
0062CA7E	ATX_COMP_Quest_Camp_Lite_Ghoul	Ghoul	14	0062CA8D			Custom@1313162067	Scene	50.000000			0	0
0062CA7E	ATX_COMP_Quest_Camp_Lite_Ghoul	Ghoul	15	0062CA8E		Why are you taking over our planet?	Custom@1313162067	Scene	50.000000			1	3
0062CA7E	ATX_COMP_Quest_Camp_Lite_Ghoul	Ghoul	16	0062CA8F			Custom@1313162067	Scene	50.000000			0	0
0062CA7E	ATX_COMP_Quest_Camp_Lite_Ghoul	Ghoul	17	0062CA90		You're reselling our planet for profit? Didn't you say Zebulon was an empire?	Custom@1313162067	Scene	50.000000			1	1
0062CA7E	ATX_COMP_Quest_Camp_Lite_Ghoul	Ghoul	18	0062CA91			Custom@1313162067	Scene	50.000000			0	0
0062CA7E	ATX_COMP_Quest_Camp_Lite_Ghoul	Ghoul	19	0062CA92		Do the Martians even have that kind of capital?	Custom@1313162067	Scene	50.000000			1	2
0062CA7E	ATX_COMP_Quest_Camp_Lite_Ghoul	Ghoul	20	0062CA93			Custom@1313162067	Scene	50.000000			0	0
0062CA7E	ATX_COMP_Quest_Camp_Lite_Ghoul	Ghoul	21	0062CA94		What if I bought the planet off you? I have the caps.	Custom@1313162067	Scene	50.000000			1	2
0062CA7E	ATX_COMP_Quest_Camp_Lite_Ghoul	Ghoul	22	0062CA95			Custom@1313162067	Scene	50.000000			0	0
0062CA7E	ATX_COMP_Quest_Camp_Lite_Ghoul	Ghoul	23	0062CA96		I'm not even going to dignify that nonsense with a response.	Custom@1313162067	Scene	50.000000			1	1
0062CA7E	ATX_COMP_Quest_Camp_Lite_Ghoul	Ghoul	24	0062CA97			Custom@1313162067	Scene	50.000000			0	0
0062CA7E	ATX_COMP_Quest_Camp_Lite_Ghoul	Ghoul	25	0062CA98		No one can own the planet. You can't sell it.	Custom@1313162067	Scene	50.000000			1	3
0062CA7E	ATX_COMP_Quest_Camp_Lite_Ghoul	Ghoul	26	0062CA99			Custom@1313162067	Scene	50.000000			0	0
0062CA7E	ATX_COMP_Quest_Camp_Lite_Ghoul	Ghoul	27	0062CA9A		Well, in any case, enjoy your stay.	Custom@1313162067	Scene	50.000000			1	1
0062CA7E	ATX_COMP_Quest_Camp_Lite_Ghoul	Ghoul	28	0062CA9B			Custom@1313162067	Scene	50.000000			0	0
0062CA7E	ATX_COMP_Quest_Camp_Lite_Ghoul	Ghoul	29	0062CA9C		I, for one, welcome our new Zebulonian overlords.	Custom@1313162067	Scene	50.000000			1	1
0062CA7E	ATX_COMP_Quest_Camp_Lite_Ghoul	Ghoul	30	0062CA9D			Custom@1313162067	Scene	50.000000			0	0
0062CA7E	ATX_COMP_Quest_Camp_Lite_Ghoul	Ghoul	31	0062CA9E		All right, whatever. Just don't touch my things.	Custom@1313162067	Scene	50.000000			1	1
0062CA7E	ATX_COMP_Quest_Camp_Lite_Ghoul	Ghoul	32	0062CA9F			Custom@1313162067	Scene	50.000000			1	1
0062CA7E	ATX_COMP_Quest_Camp_Lite_Ghoul	Ghoul	33	0062CAA0			Custom@1313162067	Scene	50.000000			0	0
0062CA7E	ATX_COMP_Quest_Camp_Lite_Ghoul	Ghoul	34	0062CAA1		I'm in need of your services.	Custom@1313162067	Scene	50.000000			2	4
0062CA7E	ATX_COMP_Quest_Camp_Lite_Ghoul	Ghoul	35	0062CAA2			Custom@1313162067	Scene	50.000000			0	0
0062CA7E	ATX_COMP_Quest_Camp_Lite_Ghoul	Ghoul	36	0062CAA3		I'd like to know more about you.	Custom@1313162067	Scene	50.000000			1	1
0062CA7E	ATX_COMP_Quest_Camp_Lite_Ghoul	Ghoul	37	0062CAA4			Custom@1313162067	Scene	50.000000			0	0
0062CA7E	ATX_COMP_Quest_Camp_Lite_Ghoul	Ghoul	38	0062CAA5		Have you discovered anything interesting about our planet?	Custom@1313162067	Scene	50.000000			6	6
0062CA7E	ATX_COMP_Quest_Camp_Lite_Ghoul	Ghoul	39	0062CAA6			Custom@1313162067	Scene	50.000000			0	0
0062CA7E	ATX_COMP_Quest_Camp_Lite_Ghoul	Ghoul	40	0062CAA7		That's all.	Custom@1313162067	Scene	50.000000			3	9
0062CA7E	ATX_COMP_Quest_Camp_Lite_Ghoul	Ghoul	41	0062CAA8			Custom@1313162067	Scene	50.000000			0	0
0062CA7E	ATX_COMP_Quest_Camp_Lite_Ghoul	Ghoul	42	0062CAA9		Let's see what you've got for sale.	Custom@1313162067	Scene	50.000000			4	4
0062CA7E	ATX_COMP_Quest_Camp_Lite_Ghoul	Ghoul	43	0062CAAA			Custom@1313162067	Scene	50.000000			0	0
0062CA7E	ATX_COMP_Quest_Camp_Lite_Ghoul	Ghoul	44	0062CAAB		How will you help me understand space flight?	Custom@1313162067	Scene	50.000000			6	6
0062CA7E	ATX_COMP_Quest_Camp_Lite_Ghoul	Ghoul	45	0062CAAC			Custom@1313162067	Scene	50.000000			0	0
0062CA7E	ATX_COMP_Quest_Camp_Lite_Ghoul	Ghoul	46	0062CAAD		Yeah, I'm going to need you to elaborate.	Custom@1313162067	Scene	50.000000			1	3
0062CA7E	ATX_COMP_Quest_Camp_Lite_Ghoul	Ghoul	47	0062CAAE			Custom@1313162067	Scene	50.000000			0	0
0062CA7E	ATX_COMP_Quest_Camp_Lite_Ghoul	Ghoul	48	0062CAAF		I don't know if that's a good idea.	Custom@1313162067	Scene	50.000000			1	3
0062CA7E	ATX_COMP_Quest_Camp_Lite_Ghoul	Ghoul	49	0062CAB0			Custom@1313162067	Scene	50.000000			0	0
0062CA7E	ATX_COMP_Quest_Camp_Lite_Ghoul	Ghoul	50	0062CAB1		Sure, sounds like a plan. I'll let you know when I need a blast.	Custom@1313162067	Scene	50.000000			1	1
0062CA7E	ATX_COMP_Quest_Camp_Lite_Ghoul	Ghoul	51	0062CAB2			Custom@1313162067	Scene	50.000000			0	0
0062CA7E	ATX_COMP_Quest_Camp_Lite_Ghoul	Ghoul	52	0062CAB3		[Charisma 8+] The face? But that's my moneymaker!	Custom@1313162067	Scene	50.000000			1	1
0062CA7E	ATX_COMP_Quest_Camp_Lite_Ghoul	Ghoul	53	0062CAB4			Custom@1313162067	Scene	50.000000			0	0
0062CA7E	ATX_COMP_Quest_Camp_Lite_Ghoul	Ghoul	54	0062CAB5		On second thought, I think I'll pass.	Custom@1313162067	Scene	50.000000			1	1
0062CA7E	ATX_COMP_Quest_Camp_Lite_Ghoul	Ghoul	55	0062CAB6			Custom@1313162067	Scene	50.000000			1	1
0062CA7E	ATX_COMP_Quest_Camp_Lite_Ghoul	Ghoul	56	0062CAB7			Custom@1313162067	Scene	50.000000			0	0
0062CA7E	ATX_COMP_Quest_Camp_Lite_Ghoul	Ghoul	57	0062CAB8		Yes, please do.	Custom@1313162067	Scene	50.000000			1	3
0062CA7E	ATX_COMP_Quest_Camp_Lite_Ghoul	Ghoul	58	0062CAB9			Custom@1313162067	Scene	50.000000			0	0
0062CA7E	ATX_COMP_Quest_Camp_Lite_Ghoul	Ghoul	59	0062CABA		I don't think your explanation will help, but by all means.	Custom@1313162067	Scene	50.000000			1	3
0062CA7E	ATX_COMP_Quest_Camp_Lite_Ghoul	Ghoul	60	0062CABB			Custom@1313162067	Scene	50.000000			0	0
0062CA7E	ATX_COMP_Quest_Camp_Lite_Ghoul	Ghoul	61	0062CABC		I trust you know what you're doing, but go ahead.	Custom@1313162067	Scene	50.000000			1	3
0062CA7E	ATX_COMP_Quest_Camp_Lite_Ghoul	Ghoul	62	0062CABD			Custom@1313162067	Scene	50.000000			0	0
0062CA7E	ATX_COMP_Quest_Camp_Lite_Ghoul	Ghoul	63	0062CABE		This oughta be good.	Custom@1313162067	Scene	50.000000			1	3
0062CA7E	ATX_COMP_Quest_Camp_Lite_Ghoul	Ghoul	64	0062CABF			Custom@1313162067	Scene	50.000000			0	0
0062CA7E	ATX_COMP_Quest_Camp_Lite_Ghoul	Ghoul	65	0062CAC0		Why does your suit say "Blast?"	Custom@1313162067	Scene	50.000000			1	2
0062CA7E	ATX_COMP_Quest_Camp_Lite_Ghoul	Ghoul	66	0062CAC1			Custom@1313162067	Scene	50.000000			0	0
0062CA7E	ATX_COMP_Quest_Camp_Lite_Ghoul	Ghoul	67	0062CAC2		Why have you come to Earth? Why not just invade?	Custom@1313162067	Scene	50.000000			1	2
0062CA7E	ATX_COMP_Quest_Camp_Lite_Ghoul	Ghoul	68	0062CAC3			Custom@1313162067	Scene	50.000000			0	0
0062CA7E	ATX_COMP_Quest_Camp_Lite_Ghoul	Ghoul	69	0062CAC4		Is there anything you want to discuss with me?	Custom@1313162067	Scene	50.000000			1	1
0062CA7E	ATX_COMP_Quest_Camp_Lite_Ghoul	Ghoul	70	0062CAC5			Custom@1313162067	Scene	50.000000			0	0
0062CA7E	ATX_COMP_Quest_Camp_Lite_Ghoul	Ghoul	71	0062CAC6		I don't know. Maybe you were an astronaut named Blast, and simply forgot.	Custom@1313162067	Scene	50.000000			1	3
0062CA7E	ATX_COMP_Quest_Camp_Lite_Ghoul	Ghoul	72	0062CAC7			Custom@1313162067	Scene	50.000000			0	0
0062CA7E	ATX_COMP_Quest_Camp_Lite_Ghoul	Ghoul	73	0062CAC8		I think you stole that suit from someone named Blast.	Custom@1313162067	Scene	50.000000			1	2
0062CA7E	ATX_COMP_Quest_Camp_Lite_Ghoul	Ghoul	74	0062CAC9			Custom@1313162067	Scene	50.000000			0	0
0062CA7E	ATX_COMP_Quest_Camp_Lite_Ghoul	Ghoul	75	0062CACA		You probably picked up that suit somewhere while scavenging.	Custom@1313162067	Scene	50.000000			1	2
0062CA7E	ATX_COMP_Quest_Camp_Lite_Ghoul	Ghoul	76	0062CACB			Custom@1313162067	Scene	50.000000			0	0
0062CA7E	ATX_COMP_Quest_Camp_Lite_Ghoul	Ghoul	77	0062CACC		It might not be a name. Maybe it means "blast off?"	Custom@1313162067	Scene	50.000000			1	2
0062CA7E	ATX_COMP_Quest_Camp_Lite_Ghoul	Ghoul	78	0062CACD			Custom@1313162067	Scene	50.000000			0	0
0062CA7E	ATX_COMP_Quest_Camp_Lite_Ghoul	Ghoul	79	0062CACE		[Intelligence 4+] The name Elliot Manfield mean anything to you? You know, the actor that played Blast Hannigan in "Invaders from Beyond Our Galaxy"?	Custom@1313162067	Scene	50.000000			1	5
0062CA7E	ATX_COMP_Quest_Camp_Lite_Ghoul	Ghoul	80	0062CACF			Custom@1313162067	Scene	50.000000			0	0
0062CA7E	ATX_COMP_Quest_Camp_Lite_Ghoul	Ghoul	81	0062CAD0		The name Blast does sound familiar, but I can't place where.	Custom@1313162067	Scene	50.000000			1	3
0062CA7E	ATX_COMP_Quest_Camp_Lite_Ghoul	Ghoul	82	0062CAD1			Custom@1313162067	Scene	50.000000			0	0
0062CA7E	ATX_COMP_Quest_Camp_Lite_Ghoul	Ghoul	83	0062CAD2		That's disgusting, Xerxo.	Custom@1313162067	Scene	50.000000			1	2
0062CA7E	ATX_COMP_Quest_Camp_Lite_Ghoul	Ghoul	84	0062CAD3			Custom@1313162067	Scene	50.000000			0	0
0062CA7E	ATX_COMP_Quest_Camp_Lite_Ghoul	Ghoul	85	0062CAD4		I'm probably going to regret this. Fine, let's do this.	Custom@1313162067	Scene	50.000000			1	2
0062CA7E	ATX_COMP_Quest_Camp_Lite_Ghoul	Ghoul	86	0062CAD5			Custom@1313162067	Scene	50.000000			0	0
0062CA7E	ATX_COMP_Quest_Camp_Lite_Ghoul	Ghoul	87	0062CAD6		Why would you need to mate with an Earthling?	Custom@1313162067	Scene	50.000000			1	2
0062CA7E	ATX_COMP_Quest_Camp_Lite_Ghoul	Ghoul	88	0062CAD7			Custom@1313162067	Scene	50.000000			0	0
0062CA7E	ATX_COMP_Quest_Camp_Lite_Ghoul	Ghoul	89	0062CAD8		What if the opportunity never presents itself?	Custom@1313162067	Scene	50.000000			1	2
0062CA7E	ATX_COMP_Quest_Camp_Lite_Ghoul	Ghoul	90	0062CAD9			Custom@1313162067	Scene	50.000000			0	0
0062CA7E	ATX_COMP_Quest_Camp_Lite_Ghoul	Ghoul	91	0062CADA		This is a roll of toilet paper.	Custom@1313162067	Scene	50.000000			1	2
0062CA7E	ATX_COMP_Quest_Camp_Lite_Ghoul	Ghoul	92	0062CADB			Custom@1313162067	Scene	50.000000			0	0
0062CA7E	ATX_COMP_Quest_Camp_Lite_Ghoul	Ghoul	93	0062CADC		Thank you. I'll wear it with pride.	Custom@1313162067	Scene	50.000000			1	2
0062CA7E	ATX_COMP_Quest_Camp_Lite_Ghoul	Ghoul	94	0062CADD			Custom@1313162067	Scene	50.000000			0	0
0062CA7E	ATX_COMP_Quest_Camp_Lite_Ghoul	Ghoul	95	0062CADE		Great, I'm always looking for more scrap.	Custom@1313162067	Scene	50.000000			1	1
0062CA7E	ATX_COMP_Quest_Camp_Lite_Ghoul	Ghoul	96	0062CADF			Custom@1313162067	Scene	50.000000			1	1
0062CA7E	ATX_COMP_Quest_Camp_Lite_Ghoul	Ghoul	97	0062CAE0			Custom@1313162067	Scene	50.000000			0	0
0062CA7E	ATX_COMP_Quest_Camp_Lite_Ghoul	Ghoul	98	0062CAE1		Let's talk about something else.	Custom@1313162067	Scene	50.000000			3	9
0062CA7E	ATX_COMP_Quest_Camp_Lite_Ghoul	Ghoul	99	0062CAE2			Custom@1313162067	Scene	50.000000			1	1
0062CA7E	ATX_COMP_Quest_Camp_Lite_Ghoul	Ghoul	100	0062CAE3			Custom@1313162067	Scene	50.000000			0	0
0062CA7E	ATX_COMP_Quest_Camp_Lite_Ghoul	Ghoul	101	0062CAE4		Do you know about Dr. Zorbo and the Legendary Run?	Custom@1313162067	Scene	50.000000			1	1
0062CA7E	ATX_COMP_Quest_Camp_Lite_Ghoul	Ghoul	102	0062CAE5			Custom@1313162067	Scene	50.000000			0	0
0062CA7E	ATX_COMP_Quest_Camp_Lite_Ghoul	Ghoul	103	0062CAE6		Have you heard of the film "Invaders from Beyond Our Galaxy?"	Custom@1313162067	Scene	50.000000			1	2
0062CA7E	ATX_COMP_Quest_Camp_Lite_Ghoul	Ghoul	104	0062CAE7			Custom@1313162067	Scene	50.000000			0	0
0062CA7E	ATX_COMP_Quest_Camp_Lite_Ghoul	Ghoul	105	0062CAE8		Close enough.	Custom@1313162067	Scene	50.000000			1	1
0062CA7E	ATX_COMP_Quest_Camp_Lite_Ghoul	Ghoul	106	0062CAE9			Custom@1313162067	Scene	50.000000			0	0
0062CA7E	ATX_COMP_Quest_Camp_Lite_Ghoul	Ghoul	107	0062CAEA		It's Dr. Zorbo, actually.	Custom@1313162067	Scene	50.000000			1	1
0062CA7E	ATX_COMP_Quest_Camp_Lite_Ghoul	Ghoul	108	0062CAEB			Custom@1313162067	Scene	50.000000			0	0
0062CA7E	ATX_COMP_Quest_Camp_Lite_Ghoul	Ghoul	109	0062CAEC		It's the Legendary Run.	Custom@1313162067	Scene	50.000000			1	1
0062CA7E	ATX_COMP_Quest_Camp_Lite_Ghoul	Ghoul	110	0062CAED			Custom@1313162067	Scene	50.000000			0	0
0062CA7E	ATX_COMP_Quest_Camp_Lite_Ghoul	Ghoul	111	0062CAEE		It wasn't a run, but a jog?	Custom@1313162067	Scene	50.000000			1	2
0062CA7E	ATX_COMP_Quest_Camp_Lite_Ghoul	Ghoul	112	0062CAEF			Custom@1313162067	Scene	50.000000			0	0
0062CA7E	ATX_COMP_Quest_Camp_Lite_Ghoul	Ghoul	113	0062CAF0		How is it propaganda?	Custom@1313162067	Scene	50.000000			1	1
0062CA7E	ATX_COMP_Quest_Camp_Lite_Ghoul	Ghoul	114	0062CAF1			Custom@1313162067	Scene	50.000000			0	0
0062CA7E	ATX_COMP_Quest_Camp_Lite_Ghoul	Ghoul	115	0062CAF2		What's the real story?	Custom@1313162067	Scene	50.000000			1	4
0062CA7E	ATX_COMP_Quest_Camp_Lite_Ghoul	Ghoul	116	0062CAF3			Custom@1313162067	Scene	50.000000			0	0
0062CA7E	ATX_COMP_Quest_Camp_Lite_Ghoul	Ghoul	117	0062CAF4		Blast Hannigan isn't a hero?	Custom@1313162067	Scene	50.000000			1	1
0062CA7E	ATX_COMP_Quest_Camp_Lite_Ghoul	Ghoul	118	0062CAF5			Custom@1313162067	Scene	50.000000			0	0
0062CA7E	ATX_COMP_Quest_Camp_Lite_Ghoul	Ghoul	119	0062CAF6		How do you think they even knew about the war?	Custom@1313162067	Scene	50.000000			1	1
0062CA7E	ATX_COMP_Quest_Camp_Lite_Ghoul	Ghoul	120	0062CAF7			Custom@1313162067	Scene	50.000000			0	0
0062CA7E	ATX_COMP_Quest_Camp_Lite_Ghoul	Ghoul	121	0062CAF8		I've never seen the movie myself.	Custom@1313162067	Scene	50.000000			1	1
0062CA7E	ATX_COMP_Quest_Camp_Lite_Ghoul	Ghoul	122	0062CAF9			Custom@1313162067	Scene	50.000000			0	0
0062CA7E	ATX_COMP_Quest_Camp_Lite_Ghoul	Ghoul	123	0062CAFA		The name on your suit says "Blast." Are you sure you aren't him?	Custom@1313162067	Scene	50.000000			1	1
0062CA7E	ATX_COMP_Quest_Camp_Lite_Ghoul	Ghoul	124	0062CAFB			Custom@1313162067	Scene	50.000000			0	0
0062CA7E	ATX_COMP_Quest_Camp_Lite_Ghoul	Ghoul	125	0062CAFC		That's all the questions I had on the film.	Custom@1313162067	Scene	50.000000			1	1
0062CA7E	ATX_COMP_Quest_Camp_Lite_Ghoul	Ghoul	126	0062CAFD			Custom@1313162067	Scene	50.000000			0	0
0062CA7E	ATX_COMP_Quest_Camp_Lite_Ghoul	Ghoul	127	0062CAFE		Let's talk about something else.	Custom@1313162067	Scene	50.000000			3	9
0062CA7E	ATX_COMP_Quest_Camp_Lite_Ghoul	Ghoul	128	0063099E		Let's talk about something else.	Custom@1313162067	Scene	50.000000			3	9
0062CA7E	ATX_COMP_Quest_Camp_Lite_Ghoul	Ghoul	129	0063099F			Custom@1313162067	Scene	50.000000			0	0
0062DC25	ATX_COMP_Quest_Camp_Lite_Astronomer	Astronomer	0	0062DC26			Shared Info	Miscellaneous	50.000000			9	13
0062DC25	ATX_COMP_Quest_Camp_Lite_Astronomer	Astronomer	1	0062DC27			Idle	Miscellaneous	50.000000			23	25
0062DC25	ATX_COMP_Quest_Camp_Lite_Astronomer	Astronomer	2	0062DC28			Hello	Miscellaneous	50.000000			5	7
0062DC25	ATX_COMP_Quest_Camp_Lite_Astronomer	Astronomer	3	0062DC29			Greeting	Miscellaneous	50.000000			13	19
0062DC25	ATX_COMP_Quest_Camp_Lite_Astronomer	Astronomer	4	0062DC2A			Custom@1313162067	Scene	50.000000			1	2
0062DC25	ATX_COMP_Quest_Camp_Lite_Astronomer	Astronomer	5	0062DC2B		I want to go back to my earlier questions.	Custom@1313162067	Scene	50.000000			1	3
0062DC25	ATX_COMP_Quest_Camp_Lite_Astronomer	Astronomer	6	0062DC2C			Custom@1313162067	Scene	50.000000			0	0
0062DC25	ATX_COMP_Quest_Camp_Lite_Astronomer	Astronomer	7	0062DC2D		Tell me more about this ex of yours.	Custom@1313162067	Scene	50.000000			1	3
0062DC25	ATX_COMP_Quest_Camp_Lite_Astronomer	Astronomer	8	0062DC2E			Custom@1313162067	Scene	50.000000			0	0
0062DC25	ATX_COMP_Quest_Camp_Lite_Astronomer	Astronomer	9	0062DC2F		You suspect your cat was an alien?	Custom@1313162067	Scene	50.000000			1	2
0062DC25	ATX_COMP_Quest_Camp_Lite_Astronomer	Astronomer	10	0062DC30			Custom@1313162067	Scene	50.000000			0	0
0062DC25	ATX_COMP_Quest_Camp_Lite_Astronomer	Astronomer	11	0062DC31		You think I'm an alien?	Custom@1313162067	Scene	50.000000			2	2
0062DC25	ATX_COMP_Quest_Camp_Lite_Astronomer	Astronomer	12	0062DC32			Custom@1313162067	Scene	50.000000			0	0
0062DC25	ATX_COMP_Quest_Camp_Lite_Astronomer	Astronomer	13	0062DC33		Why would the Brotherhood of Steel be villains?	Custom@1313162067	Scene	50.000000			1	4
0062DC25	ATX_COMP_Quest_Camp_Lite_Astronomer	Astronomer	14	0062DC34			Custom@1313162067	Scene	50.000000			0	0
0062DC25	ATX_COMP_Quest_Camp_Lite_Astronomer	Astronomer	15	0062DC35			Custom@1313162067	Scene	50.000000			1	2
0062DC25	ATX_COMP_Quest_Camp_Lite_Astronomer	Astronomer	16	0062DC36		Any thoughts on the Brotherhood of Steel taking it over?	Custom@1313162067	Scene	50.000000			2	2
0062DC25	ATX_COMP_Quest_Camp_Lite_Astronomer	Astronomer	17	0062DC37			Custom@1313162067	Scene	50.000000			0	0
0062DC25	ATX_COMP_Quest_Camp_Lite_Astronomer	Astronomer	18	0062DC38		I would love to get my hands on such a device.	Custom@1313162067	Scene	50.000000			1	1
0062DC25	ATX_COMP_Quest_Camp_Lite_Astronomer	Astronomer	19	0062DC39			Custom@1313162067	Scene	50.000000			0	0
0062DC25	ATX_COMP_Quest_Camp_Lite_Astronomer	Astronomer	20	0062DC3A		It's terrible that noble endeavors can be twisted like that.	Custom@1313162067	Scene	50.000000			1	2
0062DC25	ATX_COMP_Quest_Camp_Lite_Astronomer	Astronomer	21	0062DC3B			Custom@1313162067	Scene	50.000000			0	0
0062DC25	ATX_COMP_Quest_Camp_Lite_Astronomer	Astronomer	22	0062DC3C		What, you don't like blizzards in August?	Custom@1313162067	Scene	50.000000			1	3
0062DC25	ATX_COMP_Quest_Camp_Lite_Astronomer	Astronomer	23	0062DC3D			Custom@1313162067	Scene	50.000000			0	0
0062DC25	ATX_COMP_Quest_Camp_Lite_Astronomer	Astronomer	24	0062DC3E		Manipulating the weather isn't inherently evil. You can make rain for crops.	Custom@1313162067	Scene	50.000000			1	4
0062DC25	ATX_COMP_Quest_Camp_Lite_Astronomer	Astronomer	25	0062DC3F			Custom@1313162067	Scene	50.000000			0	0
0062DC25	ATX_COMP_Quest_Camp_Lite_Astronomer	Astronomer	26	0062DC40		You want to get abducted?	Custom@1313162067	Scene	50.000000			1	4
0062DC25	ATX_COMP_Quest_Camp_Lite_Astronomer	Astronomer	27	0062DC41			Custom@1313162067	Scene	50.000000			0	0
0062DC25	ATX_COMP_Quest_Camp_Lite_Astronomer	Astronomer	28	0062DC42			Custom@1313162067	Scene	50.000000			1	1
0062DC25	ATX_COMP_Quest_Camp_Lite_Astronomer	Astronomer	29	0062DC43		Do you think they wanted Colton to tell his story, to spread fear?	Custom@1313162067	Scene	50.000000			1	2
0062DC25	ATX_COMP_Quest_Camp_Lite_Astronomer	Astronomer	30	0062DC44			Custom@1313162067	Scene	50.000000			0	0
0062DC25	ATX_COMP_Quest_Camp_Lite_Astronomer	Astronomer	31	0062DC45		It's not complicated. The aliens just wanted to experiment on him.	Custom@1313162067	Scene	50.000000			1	2
0062DC25	ATX_COMP_Quest_Camp_Lite_Astronomer	Astronomer	32	0062DC46			Custom@1313162067	Scene	50.000000			0	0
0062DC25	ATX_COMP_Quest_Camp_Lite_Astronomer	Astronomer	33	0062DC47		I think Colton made the whole thing up.	Custom@1313162067	Scene	50.000000			1	2
0062DC25	ATX_COMP_Quest_Camp_Lite_Astronomer	Astronomer	34	0062DC48			Custom@1313162067	Scene	50.000000			0	0
0062DC25	ATX_COMP_Quest_Camp_Lite_Astronomer	Astronomer	35	0062DC49		Maybe Colton wasn't abducted, he was invited.	Custom@1313162067	Scene	50.000000			1	2
0062DC25	ATX_COMP_Quest_Camp_Lite_Astronomer	Astronomer	36	0062DC4A			Custom@1313162067	Scene	50.000000			0	0
0062DC25	ATX_COMP_Quest_Camp_Lite_Astronomer	Astronomer	37	0062DC4B		The aliens didn't want to kill him, so they just got him drunk.	Custom@1313162067	Scene	50.000000			1	2
0062DC25	ATX_COMP_Quest_Camp_Lite_Astronomer	Astronomer	38	0062DC4C			Custom@1313162067	Scene	50.000000			0	0
0062DC25	ATX_COMP_Quest_Camp_Lite_Astronomer	Astronomer	39	0062DC4D		What do you think happened to Colton?	Custom@1313162067	Scene	50.000000			1	3
0062DC25	ATX_COMP_Quest_Camp_Lite_Astronomer	Astronomer	40	0062DC4E			Custom@1313162067	Scene	50.000000			0	0
0062DC25	ATX_COMP_Quest_Camp_Lite_Astronomer	Astronomer	41	0062DC4F		I believe you're referring to the Flatwoods Monster.	Custom@1313162067	Scene	50.000000			1	3
0062DC25	ATX_COMP_Quest_Camp_Lite_Astronomer	Astronomer	42	0062DC50			Custom@1313162067	Scene	50.000000			0	0
0062DC25	ATX_COMP_Quest_Camp_Lite_Astronomer	Astronomer	43	0062DC51		I have no idea what you're referring to.	Custom@1313162067	Scene	50.000000			1	3
0062DC25	ATX_COMP_Quest_Camp_Lite_Astronomer	Astronomer	44	0062DC52			Custom@1313162067	Scene	50.000000			0	0
0062DC25	ATX_COMP_Quest_Camp_Lite_Astronomer	Astronomer	45	0062DC53		That sounds scary and oddly delicious.	Custom@1313162067	Scene	50.000000			1	2
0062DC25	ATX_COMP_Quest_Camp_Lite_Astronomer	Astronomer	46	0062DC54			Custom@1313162067	Scene	50.000000			0	0
0062DC25	ATX_COMP_Quest_Camp_Lite_Astronomer	Astronomer	47	0062DC55		The aliens have discovered hot dog technology?	Custom@1313162067	Scene	50.000000			1	2
0062DC25	ATX_COMP_Quest_Camp_Lite_Astronomer	Astronomer	48	0062DC56			Custom@1313162067	Scene	50.000000			0	0
0062DC25	ATX_COMP_Quest_Camp_Lite_Astronomer	Astronomer	49	0062DC57		Let's change topics.	Custom@1313162067	Scene	50.000000			1	3
0062DC25	ATX_COMP_Quest_Camp_Lite_Astronomer	Astronomer	50	0062DC58			Custom@1313162067	Scene	50.000000			0	0
0062DC25	ATX_COMP_Quest_Camp_Lite_Astronomer	Astronomer	51	0062DC59		Your thoughts on Stella Skyfire?	Custom@1313162067	Scene	50.000000			1	3
0062DC25	ATX_COMP_Quest_Camp_Lite_Astronomer	Astronomer	52	0062DC5A			Custom@1313162067	Scene	50.000000			0	0
0062DC25	ATX_COMP_Quest_Camp_Lite_Astronomer	Astronomer	53	0062DC5B		What about Jangles the Moon Monkey?	Custom@1313162067	Scene	50.000000			1	2
0062DC25	ATX_COMP_Quest_Camp_Lite_Astronomer	Astronomer	54	0062DC5C			Custom@1313162067	Scene	50.000000			0	0
0062DC25	ATX_COMP_Quest_Camp_Lite_Astronomer	Astronomer	55	0062DC5D		What do you think of Captain Cosmos?	Custom@1313162067	Scene	50.000000			1	2
0062DC25	ATX_COMP_Quest_Camp_Lite_Astronomer	Astronomer	56	0062DC5E			Custom@1313162067	Scene	50.000000			0	0
0062DC25	ATX_COMP_Quest_Camp_Lite_Astronomer	Astronomer	57	0062DC5F		You think Dr. Zorbo is real?	Custom@1313162067	Scene	50.000000			1	3
0062DC25	ATX_COMP_Quest_Camp_Lite_Astronomer	Astronomer	58	0062DC60			Custom@1313162067	Scene	50.000000			0	0
0062DC25	ATX_COMP_Quest_Camp_Lite_Astronomer	Astronomer	59	0062DC61		I met a uniformed astronaut named Sofia Daguerre. Have you heard of her?	Custom@1313162067	Scene	50.000000			1	1
0062DC25	ATX_COMP_Quest_Camp_Lite_Astronomer	Astronomer	60	0062DC62			Custom@1313162067	Scene	50.000000			0	0
0062DC25	ATX_COMP_Quest_Camp_Lite_Astronomer	Astronomer	61	0062DC63		Have you heard about the Valiant-1 space station? It's been taken over by raiders.	Custom@1313162067	Scene	50.000000			1	1
0062DC25	ATX_COMP_Quest_Camp_Lite_Astronomer	Astronomer	62	0062DC64			Custom@1313162067	Scene	50.000000			0	0
0062DC25	ATX_COMP_Quest_Camp_Lite_Astronomer	Astronomer	63	0062DC65		Have you ever met an extraterrestrial?	Custom@1313162067	Scene	50.000000			1	4
0062DC25	ATX_COMP_Quest_Camp_Lite_Astronomer	Astronomer	64	0062DC66			Custom@1313162067	Scene	50.000000			0	0
0062DC25	ATX_COMP_Quest_Camp_Lite_Astronomer	Astronomer	65	0062DC67		As an astronomer, have you been to the ATLAS Observatory?	Custom@1313162067	Scene	50.000000			1	2
0062DC25	ATX_COMP_Quest_Camp_Lite_Astronomer	Astronomer	66	0062DC68			Custom@1313162067	Scene	50.000000			0	0
0062DC25	ATX_COMP_Quest_Camp_Lite_Astronomer	Astronomer	67	0062DC69		What do you know about alien activity in Appalachia?	Custom@1313162067	Scene	50.000000			1	1
0062DC25	ATX_COMP_Quest_Camp_Lite_Astronomer	Astronomer	68	0062DC6A			Custom@1313162067	Scene	50.000000			0	0
0062DC25	ATX_COMP_Quest_Camp_Lite_Astronomer	Astronomer	69	0062DC6B		What are your thoughts on science fiction, like Dr. Zorbo and Captain Cosmos?	Custom@1313162067	Scene	50.000000			1	4
0062DC25	ATX_COMP_Quest_Camp_Lite_Astronomer	Astronomer	70	0062DC6C			Custom@1313162067	Scene	50.000000			0	0
0062DC25	ATX_COMP_Quest_Camp_Lite_Astronomer	Astronomer	71	0062DC6D		Let's talk about something else.	Custom@1313162067	Scene	50.000000			3	9
0062DC25	ATX_COMP_Quest_Camp_Lite_Astronomer	Astronomer	72	0062DC6E			Custom@1313162067	Scene	50.000000			0	0
0062DC25	ATX_COMP_Quest_Camp_Lite_Astronomer	Astronomer	73	0062DC6F		I want to go back to my other questions.	Custom@1313162067	Scene	50.000000			1	3
0062DC25	ATX_COMP_Quest_Camp_Lite_Astronomer	Astronomer	74	0062DC70			Custom@1313162067	Scene	50.000000			0	0
0062DC25	ATX_COMP_Quest_Camp_Lite_Astronomer	Astronomer	75	0062DC71		Where are your family now?	Custom@1313162067	Scene	50.000000			1	1
0062DC25	ATX_COMP_Quest_Camp_Lite_Astronomer	Astronomer	76	0062DC72			Custom@1313162067	Scene	50.000000			0	0
0062DC25	ATX_COMP_Quest_Camp_Lite_Astronomer	Astronomer	77	0062DC73		Did you ever have any concerns about your own mental health?	Custom@1313162067	Scene	50.000000			1	4
0062DC25	ATX_COMP_Quest_Camp_Lite_Astronomer	Astronomer	78	0062DC74			Custom@1313162067	Scene	50.000000			0	0
0062DC25	ATX_COMP_Quest_Camp_Lite_Astronomer	Astronomer	79	0062DC75		How did she get out?	Custom@1313162067	Scene	50.000000			1	3
0062DC25	ATX_COMP_Quest_Camp_Lite_Astronomer	Astronomer	80	0062DC76			Custom@1313162067	Scene	50.000000			0	0
0062DC25	ATX_COMP_Quest_Camp_Lite_Astronomer	Astronomer	81	0062DC77		I like board games, but I don't have time to play, sadly.	Custom@1313162067	Scene	50.000000			1	2
0062DC25	ATX_COMP_Quest_Camp_Lite_Astronomer	Astronomer	82	0062DC78			Custom@1313162067	Scene	50.000000			0	0
0062DC25	ATX_COMP_Quest_Camp_Lite_Astronomer	Astronomer	83	0062DC79		I love board games! What's your favorite?	Custom@1313162067	Scene	50.000000			1	2
0062DC25	ATX_COMP_Quest_Camp_Lite_Astronomer	Astronomer	84	0062DC7A			Custom@1313162067	Scene	50.000000			0	0
0062DC25	ATX_COMP_Quest_Camp_Lite_Astronomer	Astronomer	85	0062DC7B		Board games are for children.	Custom@1313162067	Scene	50.000000			1	3
0062DC25	ATX_COMP_Quest_Camp_Lite_Astronomer	Astronomer	86	0062DC7C			Custom@1313162067	Scene	50.000000			0	0
0062DC25	ATX_COMP_Quest_Camp_Lite_Astronomer	Astronomer	87	0062DC7D		We should play a board game sometime.	Custom@1313162067	Scene	50.000000			1	3
0062DC25	ATX_COMP_Quest_Camp_Lite_Astronomer	Astronomer	88	0062DC7E			Custom@1313162067	Scene	50.000000			0	0
0062DC25	ATX_COMP_Quest_Camp_Lite_Astronomer	Astronomer	89	0062DC7F			Custom@1313162067	Scene	50.000000			1	1
0062DC25	ATX_COMP_Quest_Camp_Lite_Astronomer	Astronomer	90	0062DC80		Not me. I've got all the free time in the world.	Custom@1313162067	Scene	50.000000			1	3
0062DC25	ATX_COMP_Quest_Camp_Lite_Astronomer	Astronomer	91	0062DC81			Custom@1313162067	Scene	50.000000			0	0
0062DC25	ATX_COMP_Quest_Camp_Lite_Astronomer	Astronomer	92	0062DC82		I don't have that problem. I never get tired of doing what I love.	Custom@1313162067	Scene	50.000000			1	2
0062DC25	ATX_COMP_Quest_Camp_Lite_Astronomer	Astronomer	93	0062DC83			Custom@1313162067	Scene	50.000000			0	0
0062DC25	ATX_COMP_Quest_Camp_Lite_Astronomer	Astronomer	94	0062DC84		That makes it sound ominous.	Custom@1313162067	Scene	50.000000			1	1
0062DC25	ATX_COMP_Quest_Camp_Lite_Astronomer	Astronomer	95	0062DC85			Custom@1313162067	Scene	50.000000			0	0
0062DC25	ATX_COMP_Quest_Camp_Lite_Astronomer	Astronomer	96	0062DC86			Custom@1313162067	Scene	50.000000			1	2
0062DC25	ATX_COMP_Quest_Camp_Lite_Astronomer	Astronomer	97	0062DC87		I'll never get those thirty seconds of my life back.	Custom@1313162067	Scene	50.000000			1	2
0062DC25	ATX_COMP_Quest_Camp_Lite_Astronomer	Astronomer	98	0062DC88			Custom@1313162067	Scene	50.000000			0	0
0062DC25	ATX_COMP_Quest_Camp_Lite_Astronomer	Astronomer	99	0062DC89		Is that it? I'm kind of disappointed.	Custom@1313162067	Scene	50.000000			1	1
0062DC25	ATX_COMP_Quest_Camp_Lite_Astronomer	Astronomer	100	0062DC8A			Custom@1313162067	Scene	50.000000			0	0
0062DC25	ATX_COMP_Quest_Camp_Lite_Astronomer	Astronomer	101	0062DC8B		Not my thing, but I can see why it inspired you.	Custom@1313162067	Scene	50.000000			1	1
0062DC25	ATX_COMP_Quest_Camp_Lite_Astronomer	Astronomer	102	0062DC8C			Custom@1313162067	Scene	50.000000			0	0
0062DC25	ATX_COMP_Quest_Camp_Lite_Astronomer	Astronomer	103	0062DC8D		I like it.	Custom@1313162067	Scene	50.000000			1	1
0062DC25	ATX_COMP_Quest_Camp_Lite_Astronomer	Astronomer	104	0062DC8E			Custom@1313162067	Scene	50.000000			0	0
0062DC25	ATX_COMP_Quest_Camp_Lite_Astronomer	Astronomer	105	0062DC8F		That's a beautiful poem.	Custom@1313162067	Scene	50.000000			1	1
0062DC25	ATX_COMP_Quest_Camp_Lite_Astronomer	Astronomer	106	0062DC90			Custom@1313162067	Scene	50.000000			0	0
0062DC25	ATX_COMP_Quest_Camp_Lite_Astronomer	Astronomer	107	0062DC91		Sure, I'd like to hear it.	Custom@1313162067	Scene	50.000000			1	6
0062DC25	ATX_COMP_Quest_Camp_Lite_Astronomer	Astronomer	108	0062DC92			Custom@1313162067	Scene	50.000000			0	0
0062DC25	ATX_COMP_Quest_Camp_Lite_Astronomer	Astronomer	109	0062DC93		Maybe later, when I'm trying to sleep.	Custom@1313162067	Scene	50.000000			1	1
0062DC25	ATX_COMP_Quest_Camp_Lite_Astronomer	Astronomer	110	0062DC94			Custom@1313162067	Scene	50.000000			0	0
0062DC25	ATX_COMP_Quest_Camp_Lite_Astronomer	Astronomer	111	0062DC95		No thanks.	Custom@1313162067	Scene	50.000000			1	2
0062DC25	ATX_COMP_Quest_Camp_Lite_Astronomer	Astronomer	112	0062DC96			Custom@1313162067	Scene	50.000000			0	0
0062DC25	ATX_COMP_Quest_Camp_Lite_Astronomer	Astronomer	113	0062DC97		What changed?	Custom@1313162067	Scene	50.000000			1	1
0062DC25	ATX_COMP_Quest_Camp_Lite_Astronomer	Astronomer	114	0062DC98			Custom@1313162067	Scene	50.000000			0	0
0062DC25	ATX_COMP_Quest_Camp_Lite_Astronomer	Astronomer	115	0062DC99		[Perception 4+] That tells me why humanity would want to study aliens. Not you.	Custom@1313162067	Scene	50.000000			1	3
0062DC25	ATX_COMP_Quest_Camp_Lite_Astronomer	Astronomer	116	0062DC9A			Custom@1313162067	Scene	50.000000			0	0
0062DC25	ATX_COMP_Quest_Camp_Lite_Astronomer	Astronomer	117	0062DC9B		I agree. Meeting other species would have a profound effect on us.	Custom@1313162067	Scene	50.000000			1	2
0062DC25	ATX_COMP_Quest_Camp_Lite_Astronomer	Astronomer	118	0062DC9C			Custom@1313162067	Scene	50.000000			0	0
0062DC25	ATX_COMP_Quest_Camp_Lite_Astronomer	Astronomer	119	0062DC9D		Fair enough.	Custom@1313162067	Scene	50.000000			1	2
0062DC25	ATX_COMP_Quest_Camp_Lite_Astronomer	Astronomer	120	0062DC9E			Custom@1313162067	Scene	50.000000			0	0
0062DC25	ATX_COMP_Quest_Camp_Lite_Astronomer	Astronomer	121	0062DC9F			Custom@1313162067	Scene	50.000000			1	3
0062DC25	ATX_COMP_Quest_Camp_Lite_Astronomer	Astronomer	122	0062DCA0		I like discovering a bottle of whiskey when I raid an empty warehouse.	Custom@1313162067	Scene	50.000000			1	3
0062DC25	ATX_COMP_Quest_Camp_Lite_Astronomer	Astronomer	123	0062DCA1			Custom@1313162067	Scene	50.000000			0	0
0062DC25	ATX_COMP_Quest_Camp_Lite_Astronomer	Astronomer	124	0062DCA2		Finding out the answer to life's greatest question is thrilling.	Custom@1313162067	Scene	50.000000			1	2
0062DC25	ATX_COMP_Quest_Camp_Lite_Astronomer	Astronomer	125	0062DCA3			Custom@1313162067	Scene	50.000000			0	0
0062DC25	ATX_COMP_Quest_Camp_Lite_Astronomer	Astronomer	126	0062DCA4		But why aliens?	Custom@1313162067	Scene	50.000000			1	1
0062DC25	ATX_COMP_Quest_Camp_Lite_Astronomer	Astronomer	127	0062DCA5			Custom@1313162067	Scene	50.000000			0	0
0062DC25	ATX_COMP_Quest_Camp_Lite_Astronomer	Astronomer	128	0062DCA6		Let's talk about something else.	Custom@1313162067	Scene	50.000000			3	9
0062DC25	ATX_COMP_Quest_Camp_Lite_Astronomer	Astronomer	129	0062DCA7			Custom@1313162067	Scene	50.000000			0	0
0062DC25	ATX_COMP_Quest_Camp_Lite_Astronomer	Astronomer	130	0062DCA8		Do you have any family?	Custom@1313162067	Scene	50.000000			1	2
0062DC25	ATX_COMP_Quest_Camp_Lite_Astronomer	Astronomer	131	0062DCA9			Custom@1313162067	Scene	50.000000			0	0
0062DC25	ATX_COMP_Quest_Camp_Lite_Astronomer	Astronomer	132	0062DCAA		What do you do in your free time?	Custom@1313162067	Scene	50.000000			1	1
0062DC25	ATX_COMP_Quest_Camp_Lite_Astronomer	Astronomer	133	0062DCAB			Custom@1313162067	Scene	50.000000			0	0
0062DC25	ATX_COMP_Quest_Camp_Lite_Astronomer	Astronomer	134	0062DCAC		Why the interest in extraterrestrials?	Custom@1313162067	Scene	50.000000			1	2
0062DC25	ATX_COMP_Quest_Camp_Lite_Astronomer	Astronomer	135	0062DCAD			Custom@1313162067	Scene	50.000000			0	0
0062DC25	ATX_COMP_Quest_Camp_Lite_Astronomer	Astronomer	136	0062DCAE		Are you comfortable selling your research materials?	Custom@1313162067	Scene	50.000000			1	3
0062DC25	ATX_COMP_Quest_Camp_Lite_Astronomer	Astronomer	137	0062DCAF			Custom@1313162067	Scene	50.000000			0	0
0062DC25	ATX_COMP_Quest_Camp_Lite_Astronomer	Astronomer	138	0062DCB0		What other services do you offer?	Custom@1313162067	Scene	50.000000			4	5
0062DC25	ATX_COMP_Quest_Camp_Lite_Astronomer	Astronomer	139	0062DCB1			Custom@1313162067	Scene	50.000000			0	0
0062DC25	ATX_COMP_Quest_Camp_Lite_Astronomer	Astronomer	140	0062DCB2		Let's see what you've got for sale.	Custom@1313162067	Scene	50.000000			4	4
0062DC25	ATX_COMP_Quest_Camp_Lite_Astronomer	Astronomer	141	0062DCB3			Custom@1313162067	Scene	50.000000			0	0
0062DC25	ATX_COMP_Quest_Camp_Lite_Astronomer	Astronomer	142	0062DCB4		That's all.	Custom@1313162067	Scene	50.000000			3	9
0062DC25	ATX_COMP_Quest_Camp_Lite_Astronomer	Astronomer	143	0062DCB5			Custom@1313162067	Scene	50.000000			0	0
0062DC25	ATX_COMP_Quest_Camp_Lite_Astronomer	Astronomer	144	0062DCB6		I have questions about your work.	Custom@1313162067	Scene	50.000000			1	1
0062DC25	ATX_COMP_Quest_Camp_Lite_Astronomer	Astronomer	145	0062DCB7			Custom@1313162067	Scene	50.000000			0	0
0062DC25	ATX_COMP_Quest_Camp_Lite_Astronomer	Astronomer	146	0062DCB8		I want to know more about you.	Custom@1313162067	Scene	50.000000			2	3
0062DC25	ATX_COMP_Quest_Camp_Lite_Astronomer	Astronomer	147	0062DCB9			Custom@1313162067	Scene	50.000000			0	0
0062DC25	ATX_COMP_Quest_Camp_Lite_Astronomer	Astronomer	148	0062DCBA		I'm in need of your services.	Custom@1313162067	Scene	50.000000			1	1
0062DC25	ATX_COMP_Quest_Camp_Lite_Astronomer	Astronomer	149	0062DCBB			Custom@1313162067	Scene	50.000000			0	0
0062DC25	ATX_COMP_Quest_Camp_Lite_Astronomer	Astronomer	150	0062DCBC			Custom@1313162067	Scene	50.000000			0	0
0062DC25	ATX_COMP_Quest_Camp_Lite_Astronomer	Astronomer	151	0062DCBD		Nice to meet you.	Custom@1313162067	Scene	50.000000			1	1
0062DC25	ATX_COMP_Quest_Camp_Lite_Astronomer	Astronomer	152	0062DCBE			Custom@1313162067	Scene	50.000000			0	0
0062DC25	ATX_COMP_Quest_Camp_Lite_Astronomer	Astronomer	153	0062DCBF		Oh wow, can you read me my horoscope?	Custom@1313162067	Scene	50.000000			1	1
0062DC25	ATX_COMP_Quest_Camp_Lite_Astronomer	Astronomer	154	0062DCC0			Custom@1313162067	Scene	50.000000			0	0
0062DC25	ATX_COMP_Quest_Camp_Lite_Astronomer	Astronomer	155	0062DCC1		Studying the infinite cosmos is a noble pursuit.	Custom@1313162067	Scene	50.000000			1	2
0062DC25	ATX_COMP_Quest_Camp_Lite_Astronomer	Astronomer	156	0062DCC2			Custom@1313162067	Scene	50.000000			0	0
0062DC25	ATX_COMP_Quest_Camp_Lite_Astronomer	Astronomer	157	0062DCC3		That's an interesting job to have, given the times.	Custom@1313162067	Scene	50.000000			1	2
0062DC25	ATX_COMP_Quest_Camp_Lite_Astronomer	Astronomer	158	0062DCC6			Custom@1313162067	Scene	50.000000			1	2
0062DC25	ATX_COMP_Quest_Camp_Lite_Astronomer	Astronomer	159	0062DCC7			Custom@1313162067	Scene	50.000000			0	0
0062DC25	ATX_COMP_Quest_Camp_Lite_Astronomer	Astronomer	160	0062DCC8		So you're not a real scientist, but a crazy person. Understood.	Custom@1313162067	Scene	50.000000			1	2
0062DC25	ATX_COMP_Quest_Camp_Lite_Astronomer	Astronomer	161	0062DCC9			Custom@1313162067	Scene	50.000000			0	0
0062DC25	ATX_COMP_Quest_Camp_Lite_Astronomer	Astronomer	162	0062DCCA		You mean aliens? Do you worry people won't take you seriously?	Custom@1313162067	Scene	50.000000			1	1
0062DC25	ATX_COMP_Quest_Camp_Lite_Astronomer	Astronomer	163	0062DCCB			Custom@1313162067	Scene	50.000000			0	0
0062DC25	ATX_COMP_Quest_Camp_Lite_Astronomer	Astronomer	164	0062DCCC		It's a worthy field study. There's a lot out there we don't know.	Custom@1313162067	Scene	50.000000			1	3
0062DC25	ATX_COMP_Quest_Camp_Lite_Astronomer	Astronomer	165	0062DCCD			Custom@1313162067	Scene	50.000000			0	0
0062DC25	ATX_COMP_Quest_Camp_Lite_Astronomer	Astronomer	166	0062DCCE		That's all very intriguing, but how do you survive? Studying aliens doesn't put food on the table.	Custom@1313162067	Scene	50.000000			1	2
0062DC25	ATX_COMP_Quest_Camp_Lite_Astronomer	Astronomer	167	0062DCCF			Custom@1313162067	Scene	50.000000			1	1
0062DC25	ATX_COMP_Quest_Camp_Lite_Astronomer	Astronomer	168	0062DCD0			Custom@1313162067	Scene	50.000000			1	1
0062DC25	ATX_COMP_Quest_Camp_Lite_Astronomer	Astronomer	169	0062DCD1			Custom@1313162067	Scene	50.000000			0	0
0062DC25	ATX_COMP_Quest_Camp_Lite_Astronomer	Astronomer	170	0062DCD2		All right. I look forward to seeing what you uncover.	Custom@1313162067	Scene	50.000000			1	1
0062DC25	ATX_COMP_Quest_Camp_Lite_Astronomer	Astronomer	171	0062DCD3			Custom@1313162067	Scene	50.000000			0	0
0062DC25	ATX_COMP_Quest_Camp_Lite_Astronomer	Astronomer	172	0062DCD4		Okay. We'll see how it goes.	Custom@1313162067	Scene	50.000000			1	1
0062DC25	ATX_COMP_Quest_Camp_Lite_Astronomer	Astronomer	173	0062DCD5			Custom@1313162067	Scene	50.000000			0	0
0062DC25	ATX_COMP_Quest_Camp_Lite_Astronomer	Astronomer	174	0062DCD6		Hopefully you'll get abducted by day's end.	Custom@1313162067	Scene	50.000000			1	1
0062DC25	ATX_COMP_Quest_Camp_Lite_Astronomer	Astronomer	175	0062DD77			Custom@1313162067	Scene	50.000000			0	0
0062DC25	ATX_COMP_Quest_Camp_Lite_Astronomer	Astronomer	176	0062DD78		Let's talk about something else.	Custom@1313162067	Scene	50.000000			3	9
0062DC25	ATX_COMP_Quest_Camp_Lite_Astronomer	Astronomer	177	0062DD79			Custom@1313162067	Scene	50.000000			1	1
0062DC25	ATX_COMP_Quest_Camp_Lite_Astronomer	Astronomer	178	0062DD7A		Actually they were lucky to be part of a great experiment, linking their brains to an A.I.	Custom@1313162067	Scene	50.000000			1	1
0062DC25	ATX_COMP_Quest_Camp_Lite_Astronomer	Astronomer	179	0062DD7B			Custom@1313162067	Scene	50.000000			0	0
0062DC25	ATX_COMP_Quest_Camp_Lite_Astronomer	Astronomer	180	0062DD7C		It gets worse. They were being experimented on, and had their brains linked to an A.I.	Custom@1313162067	Scene	50.000000			1	1
0062DC25	ATX_COMP_Quest_Camp_Lite_Astronomer	Astronomer	181	0062DD7D			Custom@1313162067	Scene	50.000000			0	0
0062DC25	ATX_COMP_Quest_Camp_Lite_Astronomer	Astronomer	182	0062DD7E		Because she's an alien.	Custom@1313162067	Scene	50.000000			1	1
0062DC25	ATX_COMP_Quest_Camp_Lite_Astronomer	Astronomer	183	0062DD7F			Custom@1313162067	Scene	50.000000			0	0
0062DC25	ATX_COMP_Quest_Camp_Lite_Astronomer	Astronomer	184	0062DD80		With strong determination, you can survive in space just by holding your breath.	Custom@1313162067	Scene	50.000000			1	1
0062DC25	ATX_COMP_Quest_Camp_Lite_Astronomer	Astronomer	185	0062DD81			Custom@1313162067	Scene	50.000000			0	0
0062DC25	ATX_COMP_Quest_Camp_Lite_Astronomer	Astronomer	186	0062DD82		She was put in suspended animation, as part of the Deep Sleep Project.	Custom@1313162067	Scene	50.000000			1	1
0062DC25	ATX_COMP_Quest_Camp_Lite_Astronomer	Astronomer	187	0062DD83			Custom@1313162067	Scene	50.000000			0	0
0062DC25	ATX_COMP_Quest_Camp_Lite_Astronomer	Astronomer	188	0062DD84			Custom@1313162067	Scene	50.000000			1	1
0062DC25	ATX_COMP_Quest_Camp_Lite_Astronomer	Astronomer	189	0062DD85		I know, it's terrible. What has the world come to?	Custom@1313162067	Scene	50.000000			1	2
0062DC25	ATX_COMP_Quest_Camp_Lite_Astronomer	Astronomer	190	0062DD86			Custom@1313162067	Scene	50.000000			0	0
0062DC25	ATX_COMP_Quest_Camp_Lite_Astronomer	Astronomer	191	0062DD87		[Strength 8+] Compared to me, everyone is puny.	Custom@1313162067	Scene	50.000000			1	1
0062DC25	ATX_COMP_Quest_Camp_Lite_Astronomer	Astronomer	192	0062DD88			Custom@1313162067	Scene	50.000000			0	0
0062DC25	ATX_COMP_Quest_Camp_Lite_Astronomer	Astronomer	193	0062DD89		Raiders talk a good game, but aren't all that dangerous.	Custom@1313162067	Scene	50.000000			1	1
0062DC25	ATX_COMP_Quest_Camp_Lite_Astronomer	Astronomer	194	0062DD8A			Custom@1313162067	Scene	50.000000			0	0
0062DC25	ATX_COMP_Quest_Camp_Lite_Astronomer	Astronomer	195	0062DD8B		Raiders are anything but meek.	Custom@1313162067	Scene	50.000000			1	1
0062DC25	ATX_COMP_Quest_Camp_Lite_Astronomer	Astronomer	196	0062DD8C			Custom@1313162067	Scene	50.000000			0	0
00674958	ATX_COMP_Quest_Camp_Lite_NukaAgent	NukaAgent	0	00674959			Greeting	Miscellaneous	50.000000			19	25
00674958	ATX_COMP_Quest_Camp_Lite_NukaAgent	NukaAgent	1	0067495A		I'm in need of your services.	Custom@1313162067	Scene	50.000000			1	1
00674958	ATX_COMP_Quest_Camp_Lite_NukaAgent	NukaAgent	2	0067495B			Custom@1313162067	Scene	50.000000			0	0
00674958	ATX_COMP_Quest_Camp_Lite_NukaAgent	NukaAgent	3	0067789E			Custom@1313162067	Scene	50.000000			0	0
00674958	ATX_COMP_Quest_Camp_Lite_NukaAgent	NukaAgent	4	0067789F		Nice Nuka-Cola jacket.	Custom@1313162067	Scene	50.000000			1	1
00674958	ATX_COMP_Quest_Camp_Lite_NukaAgent	NukaAgent	5	006778A0			Custom@1313162067	Scene	50.000000			0	0
00674958	ATX_COMP_Quest_Camp_Lite_NukaAgent	NukaAgent	6	006778A1			Custom@1313162067	Scene	50.000000			0	0
00674958	ATX_COMP_Quest_Camp_Lite_NukaAgent	NukaAgent	7	006778A2			Custom@1313162067	Scene	50.000000			0	0
00674958	ATX_COMP_Quest_Camp_Lite_NukaAgent	NukaAgent	8	006778A3			Custom@1313162067	Scene	50.000000			0	0
00674958	ATX_COMP_Quest_Camp_Lite_NukaAgent	NukaAgent	9	006778A4			Custom@1313162067	Scene	50.000000			0	0
00674958	ATX_COMP_Quest_Camp_Lite_NukaAgent	NukaAgent	10	006778A5			Custom@1313162067	Scene	50.000000			0	0
00674958	ATX_COMP_Quest_Camp_Lite_NukaAgent	NukaAgent	11	006778A6		Woah! You snuck up on me!	Custom@1313162067	Scene	50.000000			1	1
00674958	ATX_COMP_Quest_Camp_Lite_NukaAgent	NukaAgent	12	006778A7			Custom@1313162067	Scene	50.000000			0	0
00674958	ATX_COMP_Quest_Camp_Lite_NukaAgent	NukaAgent	13	006778A8			Custom@1313162067	Scene	50.000000			0	0
00674958	ATX_COMP_Quest_Camp_Lite_NukaAgent	NukaAgent	14	006778A9			Custom@1313162067	Scene	50.000000			0	0
00674958	ATX_COMP_Quest_Camp_Lite_NukaAgent	NukaAgent	15	006778AA			Custom@1313162067	Scene	50.000000			0	0
00674958	ATX_COMP_Quest_Camp_Lite_NukaAgent	NukaAgent	16	006778AB			Custom@1313162067	Scene	50.000000			0	0
00674958	ATX_COMP_Quest_Camp_Lite_NukaAgent	NukaAgent	17	006778AC			Custom@1313162067	Scene	50.000000			0	0
00674958	ATX_COMP_Quest_Camp_Lite_NukaAgent	NukaAgent	18	006778AD			Custom@1313162067	Scene	50.000000			1	1
00674958	ATX_COMP_Quest_Camp_Lite_NukaAgent	NukaAgent	19	006778AE			Custom@1313162067	Scene	50.000000			0	0
00674958	ATX_COMP_Quest_Camp_Lite_NukaAgent	NukaAgent	20	006778AF			Custom@1313162067	Scene	50.000000			0	0
00674958	ATX_COMP_Quest_Camp_Lite_NukaAgent	NukaAgent	21	006778B0			Custom@1313162067	Scene	50.000000			0	0
00674958	ATX_COMP_Quest_Camp_Lite_NukaAgent	NukaAgent	22	006778B1			Custom@1313162067	Scene	50.000000			0	0
00674958	ATX_COMP_Quest_Camp_Lite_NukaAgent	NukaAgent	23	006778B2			Custom@1313162067	Scene	50.000000			0	0
00674958	ATX_COMP_Quest_Camp_Lite_NukaAgent	NukaAgent	24	006778B3			Custom@1313162067	Scene	50.000000			0	0
00674958	ATX_COMP_Quest_Camp_Lite_NukaAgent	NukaAgent	25	006778B4			Custom@1313162067	Scene	50.000000			0	0
00674958	ATX_COMP_Quest_Camp_Lite_NukaAgent	NukaAgent	26	006778B5			Custom@1313162067	Scene	50.000000			0	0
00674958	ATX_COMP_Quest_Camp_Lite_NukaAgent	NukaAgent	27	006778B6			Custom@1313162067	Scene	50.000000			0	0
00674958	ATX_COMP_Quest_Camp_Lite_NukaAgent	NukaAgent	28	006778B7			Custom@1313162067	Scene	50.000000			0	0
00674958	ATX_COMP_Quest_Camp_Lite_NukaAgent	NukaAgent	29	006778B8			Custom@1313162067	Scene	50.000000			0	0
00674958	ATX_COMP_Quest_Camp_Lite_NukaAgent	NukaAgent	30	006778B9		Why do you love Nuka-Cola so much?	Custom@1313162067	Scene	50.000000			1	2
00674958	ATX_COMP_Quest_Camp_Lite_NukaAgent	NukaAgent	31	006778BA			Custom@1313162067	Scene	50.000000			0	0
00674958	ATX_COMP_Quest_Camp_Lite_NukaAgent	NukaAgent	32	006778BB			Custom@1313162067	Scene	50.000000			0	0
00674958	ATX_COMP_Quest_Camp_Lite_NukaAgent	NukaAgent	33	006778BC			Custom@1313162067	Scene	50.000000			0	0
00674958	ATX_COMP_Quest_Camp_Lite_NukaAgent	NukaAgent	34	006778BD			Custom@1313162067	Scene	50.000000			0	0
00674958	ATX_COMP_Quest_Camp_Lite_NukaAgent	NukaAgent	35	006778BE			Custom@1313162067	Scene	50.000000			0	0
00674958	ATX_COMP_Quest_Camp_Lite_NukaAgent	NukaAgent	36	006778BF			Custom@1313162067	Scene	50.000000			0	0
00674958	ATX_COMP_Quest_Camp_Lite_NukaAgent	NukaAgent	37	006778C0			Custom@1313162067	Scene	50.000000			0	0
00674958	ATX_COMP_Quest_Camp_Lite_NukaAgent	NukaAgent	38	006778C1			Custom@1313162067	Scene	50.000000			0	0
00674958	ATX_COMP_Quest_Camp_Lite_NukaAgent	NukaAgent	39	006778C2			Custom@1313162067	Scene	50.000000			0	0
00674958	ATX_COMP_Quest_Camp_Lite_NukaAgent	NukaAgent	40	006778C3			Custom@1313162067	Scene	50.000000			0	0
00674958	ATX_COMP_Quest_Camp_Lite_NukaAgent	NukaAgent	41	006778C4			Custom@1313162067	Scene	50.000000			0	0
00674958	ATX_COMP_Quest_Camp_Lite_NukaAgent	NukaAgent	42	006778C5			Custom@1313162067	Scene	50.000000			0	0
00674958	ATX_COMP_Quest_Camp_Lite_NukaAgent	NukaAgent	43	006778C6			Custom@1313162067	Scene	50.000000			0	0
00674958	ATX_COMP_Quest_Camp_Lite_NukaAgent	NukaAgent	44	006778C7			Custom@1313162067	Scene	50.000000			0	0
00674958	ATX_COMP_Quest_Camp_Lite_NukaAgent	NukaAgent	45	006778C8			Custom@1313162067	Scene	50.000000			0	0
00674958	ATX_COMP_Quest_Camp_Lite_NukaAgent	NukaAgent	46	006778C9			Custom@1313162067	Scene	50.000000			0	0
00674958	ATX_COMP_Quest_Camp_Lite_NukaAgent	NukaAgent	47	006778CA			Custom@1313162067	Scene	50.000000			0	0
00674958	ATX_COMP_Quest_Camp_Lite_NukaAgent	NukaAgent	48	006778CB			Custom@1313162067	Scene	50.000000			0	0
00674958	ATX_COMP_Quest_Camp_Lite_NukaAgent	NukaAgent	49	006778CC			Custom@1313162067	Scene	50.000000			0	0
00674958	ATX_COMP_Quest_Camp_Lite_NukaAgent	NukaAgent	50	006778CD			Custom@1313162067	Scene	50.000000			0	0
00674958	ATX_COMP_Quest_Camp_Lite_NukaAgent	NukaAgent	51	006778CE			Custom@1313162067	Scene	50.000000			0	0
00674958	ATX_COMP_Quest_Camp_Lite_NukaAgent	NukaAgent	52	006778CF			Custom@1313162067	Scene	50.000000			0	0
00674958	ATX_COMP_Quest_Camp_Lite_NukaAgent	NukaAgent	53	006778D0			Custom@1313162067	Scene	50.000000			0	0
00674958	ATX_COMP_Quest_Camp_Lite_NukaAgent	NukaAgent	54	006778D1			Custom@1313162067	Scene	50.000000			0	0
00674958	ATX_COMP_Quest_Camp_Lite_NukaAgent	NukaAgent	55	006778D2			Custom@1313162067	Scene	50.000000			0	0
00674958	ATX_COMP_Quest_Camp_Lite_NukaAgent	NukaAgent	56	006778D3			Custom@1313162067	Scene	50.000000			0	0
00674958	ATX_COMP_Quest_Camp_Lite_NukaAgent	NukaAgent	57	006778D4		What do you mean by "partnership"?	Custom@1313162067	Scene	50.000000			1	1
00674958	ATX_COMP_Quest_Camp_Lite_NukaAgent	NukaAgent	58	006778D5			Custom@1313162067	Scene	50.000000			0	0
00674958	ATX_COMP_Quest_Camp_Lite_NukaAgent	NukaAgent	59	006778D6		Sure. You can stay.	Custom@1313162067	Scene	50.000000			2	6
00674958	ATX_COMP_Quest_Camp_Lite_NukaAgent	NukaAgent	60	006778D7			Custom@1313162067	Scene	50.000000			0	0
00674958	ATX_COMP_Quest_Camp_Lite_NukaAgent	NukaAgent	61	006778D8			Custom@1313162067	Scene	50.000000			0	0
00674958	ATX_COMP_Quest_Camp_Lite_NukaAgent	NukaAgent	62	006778D9			Custom@1313162067	Scene	50.000000			1	3
00674958	ATX_COMP_Quest_Camp_Lite_NukaAgent	NukaAgent	63	006778DA			Custom@1313162067	Scene	50.000000			1	3
00674958	ATX_COMP_Quest_Camp_Lite_NukaAgent	NukaAgent	64	006778DB		It's a deal. But don't try anything funny.	Custom@1313162067	Scene	50.000000			1	3
00674958	ATX_COMP_Quest_Camp_Lite_NukaAgent	NukaAgent	65	006778DC			Custom@1313162067	Scene	50.000000			0	0
00674958	ATX_COMP_Quest_Camp_Lite_NukaAgent	NukaAgent	66	006778DD			Custom@1313162067	Scene	50.000000			0	0
00674958	ATX_COMP_Quest_Camp_Lite_NukaAgent	NukaAgent	67	006778DE			Custom@1313162067	Scene	50.000000			0	0
00674958	ATX_COMP_Quest_Camp_Lite_NukaAgent	NukaAgent	68	006778DF		Good enough for me.	Custom@1313162067	Scene	50.000000			2	6
00674958	ATX_COMP_Quest_Camp_Lite_NukaAgent	NukaAgent	69	006778E0		Are you from around here, Leo?	Custom@1313162067	Scene	50.000000			1	1
00674958	ATX_COMP_Quest_Camp_Lite_NukaAgent	NukaAgent	70	006778E1			Custom@1313162067	Scene	50.000000			0	0
00674958	ATX_COMP_Quest_Camp_Lite_NukaAgent	NukaAgent	71	006778E2			Custom@1313162067	Scene	50.000000			0	0
00674958	ATX_COMP_Quest_Camp_Lite_NukaAgent	NukaAgent	72	006778E3		I don't have a Nuka-Cola.	Custom@1313162067	Scene	50.000000			1	1
00674958	ATX_COMP_Quest_Camp_Lite_NukaAgent	NukaAgent	73	006778E4			Custom@1313162067	Scene	50.000000			0	0
00674958	ATX_COMP_Quest_Camp_Lite_NukaAgent	NukaAgent	74	006778E5			Custom@1313162067	Scene	50.000000			0	0
00674958	ATX_COMP_Quest_Camp_Lite_NukaAgent	NukaAgent	75	006778E6			Custom@1313162067	Scene	50.000000			0	0
00674958	ATX_COMP_Quest_Camp_Lite_NukaAgent	NukaAgent	76	006778E7		Fine. Stay. Don't do anything you'll regret.	Custom@1313162067	Scene	50.000000			1	3
00674958	ATX_COMP_Quest_Camp_Lite_NukaAgent	NukaAgent	77	006778E8		What's with the Nuka-Cola getup?	Custom@1313162067	Scene	50.000000			1	1
00674958	ATX_COMP_Quest_Camp_Lite_NukaAgent	NukaAgent	78	006778E9			Custom@1313162067	Scene	50.000000			1	1
00674958	ATX_COMP_Quest_Camp_Lite_NukaAgent	NukaAgent	79	006778EA		Wait, you've heard of me?	Custom@1313162067	Scene	50.000000			1	1
00674958	ATX_COMP_Quest_Camp_Lite_NukaAgent	NukaAgent	80	006778EB		[Perception 4+] I'm guessing you weren't just a security guard?	Custom@1313162067	Scene	50.000000			1	1
00674958	ATX_COMP_Quest_Camp_Lite_NukaAgent	NukaAgent	81	006778EC		Are you some sort of Nuka-Cola addict?	Custom@1313162067	Scene	50.000000			1	1
00674958	ATX_COMP_Quest_Camp_Lite_NukaAgent	NukaAgent	82	006778ED			Custom@1313162067	Scene	50.000000			1	1
00674958	ATX_COMP_Quest_Camp_Lite_NukaAgent	NukaAgent	83	006778EE			Custom@1313162067	Scene	50.000000			0	0
00674958	ATX_COMP_Quest_Camp_Lite_NukaAgent	NukaAgent	84	006778EF		Yes I have a Nuka Cola. Here.	Custom@1313162067	Scene	50.000000			1	1
00674958	ATX_COMP_Quest_Camp_Lite_NukaAgent	NukaAgent	85	006778F0		Sounds like you were a bad husband.	Custom@1313162067	Scene	50.000000			1	1
00674958	ATX_COMP_Quest_Camp_Lite_NukaAgent	NukaAgent	86	006778F1		[Endurance 8+] The past is in the past. Pick yourself up and carry on.	Custom@1313162067	Scene	50.000000			1	1
00674958	ATX_COMP_Quest_Camp_Lite_NukaAgent	NukaAgent	87	006778F2		I'm sorry. You've been through a lot.	Custom@1313162067	Scene	50.000000			1	1
00674958	ATX_COMP_Quest_Camp_Lite_NukaAgent	NukaAgent	88	006778F3		Do you think your family survived?	Custom@1313162067	Scene	50.000000			1	3
00674958	ATX_COMP_Quest_Camp_Lite_NukaAgent	NukaAgent	89	006778F4		You were married?	Custom@1313162067	Scene	50.000000			1	3
00674958	ATX_COMP_Quest_Camp_Lite_NukaAgent	NukaAgent	90	006778F5		[Charisma 4+] They live in your memory. Save them by surviving yourself.	Custom@1313162067	Scene	50.000000			1	1
00674958	ATX_COMP_Quest_Camp_Lite_NukaAgent	NukaAgent	91	006778F6		She sounds like an asshole.	Custom@1313162067	Scene	50.000000			1	1
00674958	ATX_COMP_Quest_Camp_Lite_NukaAgent	NukaAgent	92	006778F7			Custom@1313162067	Scene	50.000000			1	1
00674958	ATX_COMP_Quest_Camp_Lite_NukaAgent	NukaAgent	93	006778F8		Sounds like you have regrets.	Custom@1313162067	Scene	50.000000			1	1
00674958	ATX_COMP_Quest_Camp_Lite_NukaAgent	NukaAgent	94	006778F9		It was a heavily alcoholic drink cooked up by some university students at VTU.	Custom@1313162067	Scene	50.000000			1	2
00674958	ATX_COMP_Quest_Camp_Lite_NukaAgent	NukaAgent	95	006778FA		It's kind of complicated. I had to track down all sorts of keys.	Custom@1313162067	Scene	50.000000			1	3
00674958	ATX_COMP_Quest_Camp_Lite_NukaAgent	NukaAgent	96	006778FB			Custom@1313162067	Scene	50.000000			1	1
00674958	ATX_COMP_Quest_Camp_Lite_NukaAgent	NukaAgent	97	006778FC		Addiction is a disease and Nuka-Cola infected everyone. It's not your fault.	Custom@1313162067	Scene	50.000000			1	3
00674958	ATX_COMP_Quest_Camp_Lite_NukaAgent	NukaAgent	98	006778FD		I found a speakeasy in Big Al's Tattoo Parlor and a drink testing RoboBrain named "Biv".	Custom@1313162067	Scene	50.000000			1	2
00674958	ATX_COMP_Quest_Camp_Lite_NukaAgent	NukaAgent	99	006778FE		Want to hear about how I cured the Scorched Plague with my blood?	Custom@1313162067	Scene	50.000000			1	1
00674958	ATX_COMP_Quest_Camp_Lite_NukaAgent	NukaAgent	100	006778FF			Custom@1313162067	Scene	50.000000			1	1
00674958	ATX_COMP_Quest_Camp_Lite_NukaAgent	NukaAgent	101	00677900		It's the ultimate party drink! Really sends for a loop.	Custom@1313162067	Scene	50.000000			1	1
00674958	ATX_COMP_Quest_Camp_Lite_NukaAgent	NukaAgent	102	00677901		I have the recipe! Do you want it?	Custom@1313162067	Scene	50.000000			1	1
00674958	ATX_COMP_Quest_Camp_Lite_NukaAgent	NukaAgent	103	00677902		The creator was a student named Lewis.	Custom@1313162067	Scene	50.000000			1	2
00674958	ATX_COMP_Quest_Camp_Lite_NukaAgent	NukaAgent	104	00677903		There's something else I wanted to talk about.	Custom@1313162067	Scene	50.000000			1	1
00674958	ATX_COMP_Quest_Camp_Lite_NukaAgent	NukaAgent	105	00677904		Who cares if you're addicted to Nuka-Cola? It's not a big deal.	Custom@1313162067	Scene	50.000000			1	1
00674958	ATX_COMP_Quest_Camp_Lite_NukaAgent	NukaAgent	106	00677905		I think this explains your Nuka-Cola addiction.	Custom@1313162067	Scene	50.000000			1	1
00674958	ATX_COMP_Quest_Camp_Lite_NukaAgent	NukaAgent	107	00677906		Don't worry. Probably just a few rogue employees, right?	Custom@1313162067	Scene	50.000000			1	1
00674958	ATX_COMP_Quest_Camp_Lite_NukaAgent	NukaAgent	108	00677907		That's a little anticlimactic. You could have just solved all this yourself.	Custom@1313162067	Scene	50.000000			1	1
00674958	ATX_COMP_Quest_Camp_Lite_NukaAgent	NukaAgent	109	00677908			Custom@1313162067	Scene	50.000000			1	3
00674958	ATX_COMP_Quest_Camp_Lite_NukaAgent	NukaAgent	110	00677909			Custom@1313162067	Scene	50.000000			1	1
00674958	ATX_COMP_Quest_Camp_Lite_NukaAgent	NukaAgent	111	0067790A		You didn't buy that locker yourself, did you? Seems like something a Nuka-nerd would do.	Custom@1313162067	Scene	50.000000			1	1
00674958	ATX_COMP_Quest_Camp_Lite_NukaAgent	NukaAgent	112	0067790B		I used the Kanawha Nuka-Cola plant to manufacture a vaccine.	Custom@1313162067	Scene	50.000000			1	1
00674958	ATX_COMP_Quest_Camp_Lite_NukaAgent	NukaAgent	113	0067790C		I made my own Nuka-Cola product. With my blood!	Custom@1313162067	Scene	50.000000			1	1
00674958	ATX_COMP_Quest_Camp_Lite_NukaAgent	NukaAgent	114	0067790D		It was the best way to get the vaccine out to survivors.	Custom@1313162067	Scene	50.000000			1	2
00674958	ATX_COMP_Quest_Camp_Lite_NukaAgent	NukaAgent	115	0067790E		I guess so. I was mostly just following directions.	Custom@1313162067	Scene	50.000000			1	2
00674958	ATX_COMP_Quest_Camp_Lite_NukaAgent	NukaAgent	116	0067790F		So that's it? Case closed?	Custom@1313162067	Scene	50.000000			1	1
00674958	ATX_COMP_Quest_Camp_Lite_NukaAgent	NukaAgent	117	00677910		I got lucky and kind of just stumbled upon it.	Custom@1313162067	Scene	50.000000			1	3
00674958	ATX_COMP_Quest_Camp_Lite_NukaAgent	NukaAgent	118	00677911			Custom@1313162067	Scene	50.000000			0	0
00674958	ATX_COMP_Quest_Camp_Lite_NukaAgent	NukaAgent	119	00677912			Custom@1313162067	Scene	50.000000			0	0
00674958	ATX_COMP_Quest_Camp_Lite_NukaAgent	NukaAgent	120	00677913			Custom@1313162067	Scene	50.000000			0	0
00674958	ATX_COMP_Quest_Camp_Lite_NukaAgent	NukaAgent	121	00677914			Custom@1313162067	Scene	50.000000			0	0
00674958	ATX_COMP_Quest_Camp_Lite_NukaAgent	NukaAgent	122	00677915			Custom@1313162067	Scene	50.000000			0	0
00674958	ATX_COMP_Quest_Camp_Lite_NukaAgent	NukaAgent	123	00677916			Custom@1313162067	Scene	50.000000			0	0
00674958	ATX_COMP_Quest_Camp_Lite_NukaAgent	NukaAgent	124	00677917			Custom@1313162067	Scene	50.000000			0	0
00674958	ATX_COMP_Quest_Camp_Lite_NukaAgent	NukaAgent	125	00677918		Have you ever heard of Nukashine?	Custom@1313162067	Scene	50.000000			1	1
00674958	ATX_COMP_Quest_Camp_Lite_NukaAgent	NukaAgent	126	00677919		I found a bunker with plans for Nuka-Cola Quantum power armor paint.	Custom@1313162067	Scene	50.000000			1	2
00674958	ATX_COMP_Quest_Camp_Lite_NukaAgent	NukaAgent	127	0067791A		Actually, never mind.	Custom@1313162067	Scene	50.000000			1	1
00674958	ATX_COMP_Quest_Camp_Lite_NukaAgent	NukaAgent	128	0067791B		I found a secret bunker full of Nuka-Cola collector items.	Custom@1313162067	Scene	50.000000			1	1
00674958	ATX_COMP_Quest_Camp_Lite_NukaAgent	NukaAgent	129	0067791C		I found evidence that Nuka-Cola was using chemicals to make their drinks addictive.	Custom@1313162067	Scene	50.000000			1	1
00674958	ATX_COMP_Quest_Camp_Lite_NukaAgent	NukaAgent	130	0067791D		You had kids?	Custom@1313162067	Scene	50.000000			1	3
00674958	ATX_COMP_Quest_Camp_Lite_NukaAgent	NukaAgent	131	0067791E			Custom@1313162067	Scene	50.000000			0	0
00674958	ATX_COMP_Quest_Camp_Lite_NukaAgent	NukaAgent	132	0067791F			Custom@1313162067	Scene	50.000000			0	0
00674958	ATX_COMP_Quest_Camp_Lite_NukaAgent	NukaAgent	133	00677920			Custom@1313162067	Scene	50.000000			0	0
00674958	ATX_COMP_Quest_Camp_Lite_NukaAgent	NukaAgent	134	00677921			Custom@1313162067	Scene	50.000000			0	0
00674958	ATX_COMP_Quest_Camp_Lite_NukaAgent	NukaAgent	135	00677922			Custom@1313162067	Scene	50.000000			0	0
00674958	ATX_COMP_Quest_Camp_Lite_NukaAgent	NukaAgent	136	00677923			Custom@1313162067	Scene	50.000000			0	0
00674958	ATX_COMP_Quest_Camp_Lite_NukaAgent	NukaAgent	137	00677924			Custom@1313162067	Scene	50.000000			0	0
00674958	ATX_COMP_Quest_Camp_Lite_NukaAgent	NukaAgent	138	00677925			Custom@1313162067	Scene	50.000000			0	0
00674958	ATX_COMP_Quest_Camp_Lite_NukaAgent	NukaAgent	139	00677926			Custom@1313162067	Scene	50.000000			0	0
00674958	ATX_COMP_Quest_Camp_Lite_NukaAgent	NukaAgent	140	00677927			Custom@1313162067	Scene	50.000000			0	0
00674958	ATX_COMP_Quest_Camp_Lite_NukaAgent	NukaAgent	141	00677928			Custom@1313162067	Scene	50.000000			0	0
00674958	ATX_COMP_Quest_Camp_Lite_NukaAgent	NukaAgent	142	00677929			Custom@1313162067	Scene	50.000000			0	0
00674958	ATX_COMP_Quest_Camp_Lite_NukaAgent	NukaAgent	143	0067792A			Custom@1313162067	Scene	50.000000			0	0
00674958	ATX_COMP_Quest_Camp_Lite_NukaAgent	NukaAgent	144	0067792B			Custom@1313162067	Scene	50.000000			0	0
00674958	ATX_COMP_Quest_Camp_Lite_NukaAgent	NukaAgent	145	0067792C			Custom@1313162067	Scene	50.000000			0	0
00674958	ATX_COMP_Quest_Camp_Lite_NukaAgent	NukaAgent	146	0067792D			Custom@1313162067	Scene	50.000000			0	0
00674958	ATX_COMP_Quest_Camp_Lite_NukaAgent	NukaAgent	147	0067792E			Custom@1313162067	Scene	50.000000			0	0
00674958	ATX_COMP_Quest_Camp_Lite_NukaAgent	NukaAgent	148	0067792F		Let's talk about something else.	Custom@1313162067	Scene	50.000000			1	1
00674958	ATX_COMP_Quest_Camp_Lite_NukaAgent	NukaAgent	149	00677930		Can I ask about your family?	Custom@1313162067	Scene	50.000000			2	3
00674958	ATX_COMP_Quest_Camp_Lite_NukaAgent	NukaAgent	150	00677931		Where did you live before the bombs?	Custom@1313162067	Scene	50.000000			1	3
00674958	ATX_COMP_Quest_Camp_Lite_NukaAgent	NukaAgent	151	00677932		I'm a fan, but you seem almost like an addict.	Custom@1313162067	Scene	50.000000			1	2
00674958	ATX_COMP_Quest_Camp_Lite_NukaAgent	NukaAgent	152	00677933		Can you tell me about your job at Nuka-Cola?	Custom@1313162067	Scene	50.000000			1	1
00674958	ATX_COMP_Quest_Camp_Lite_NukaAgent	NukaAgent	153	00677934			Custom@1313162067	Scene	50.000000			0	0
00674958	ATX_COMP_Quest_Camp_Lite_NukaAgent	NukaAgent	154	00677935		You're right. You should give up.	Custom@1313162067	Scene	50.000000			1	1
00674958	ATX_COMP_Quest_Camp_Lite_NukaAgent	NukaAgent	155	00677936		You could still solve it!	Custom@1313162067	Scene	50.000000			1	1
00674958	ATX_COMP_Quest_Camp_Lite_NukaAgent	NukaAgent	156	00677937		The Kanawha Nuka-Cola Factory?	Custom@1313162067	Scene	50.000000			1	2
00674958	ATX_COMP_Quest_Camp_Lite_NukaAgent	NukaAgent	157	00677938		You never solved the case?	Custom@1313162067	Scene	50.000000			1	2
00674958	ATX_COMP_Quest_Camp_Lite_NukaAgent	NukaAgent	158	00677939		if I find something related to the case I'll bring it to you.	Custom@1313162067	Scene	50.000000			1	2
00674958	ATX_COMP_Quest_Camp_Lite_NukaAgent	NukaAgent	159	0067793A		Why would someone steal from their own company?	Custom@1313162067	Scene	50.000000			1	2
00674958	ATX_COMP_Quest_Camp_Lite_NukaAgent	NukaAgent	160	0067793B		I can see that! Nuka-merch is so much fun!	Custom@1313162067	Scene	50.000000			1	2
00674958	ATX_COMP_Quest_Camp_Lite_NukaAgent	NukaAgent	161	0067793C		I've never thought of it that way before.	Custom@1313162067	Scene	50.000000			1	1
00674958	ATX_COMP_Quest_Camp_Lite_NukaAgent	NukaAgent	162	0067793D		I'm pretty sure Nuka-Cola only cared about the money.	Custom@1313162067	Scene	50.000000			1	2
00674958	ATX_COMP_Quest_Camp_Lite_NukaAgent	NukaAgent	163	0067793E		Tell me about the last case you were investigating.	Custom@1313162067	Scene	50.000000			2	3
00674958	ATX_COMP_Quest_Camp_Lite_NukaAgent	NukaAgent	164	0067793F		Was Nuka-Cola a good company to work for?	Custom@1313162067	Scene	50.000000			1	3
00674958	ATX_COMP_Quest_Camp_Lite_NukaAgent	NukaAgent	165	00677940			Custom@1313162067	Scene	50.000000			1	1
00674958	ATX_COMP_Quest_Camp_Lite_NukaAgent	NukaAgent	166	00677941		So you just travel around like a rogue investigator?	Custom@1313162067	Scene	50.000000			1	1
00674958	ATX_COMP_Quest_Camp_Lite_NukaAgent	NukaAgent	167	00677942		"On the job" meaning Nuka-Cola business?	Custom@1313162067	Scene	50.000000			1	1
00674958	ATX_COMP_Quest_Camp_Lite_NukaAgent	NukaAgent	168	00677943		Nuka-Cola is liquid garbage.	Custom@1313162067	Scene	50.000000			1	2
00674958	ATX_COMP_Quest_Camp_Lite_NukaAgent	NukaAgent	169	00677944		It's too unhealthy. I prefer water.	Custom@1313162067	Scene	50.000000			1	2
00674958	ATX_COMP_Quest_Camp_Lite_NukaAgent	NukaAgent	170	00677945		I love Nuka-Cola!	Custom@1313162067	Scene	50.000000			1	1
00674958	ATX_COMP_Quest_Camp_Lite_NukaAgent	NukaAgent	171	00677946			Custom@1313162067	Scene	50.000000			1	1
00674958	ATX_COMP_Quest_Camp_Lite_NukaAgent	NukaAgent	172	00677947		Actually, I don't have any Nuka-Cola for you.	Custom@1313162067	Scene	50.000000			1	1
00674958	ATX_COMP_Quest_Camp_Lite_NukaAgent	NukaAgent	173	00677948		Nuka-Cola Vaccinated.	Custom@1313162067	Scene	50.000000			1	3
00674958	ATX_COMP_Quest_Camp_Lite_NukaAgent	NukaAgent	174	00677949		Nukashine.	Custom@1313162067	Scene	50.000000			1	1
00674958	ATX_COMP_Quest_Camp_Lite_NukaAgent	NukaAgent	175	0067794A		Nuka-Twist.	Custom@1313162067	Scene	50.000000			1	1
00674958	ATX_COMP_Quest_Camp_Lite_NukaAgent	NukaAgent	176	0067794B		Nuka-Cola Cranberry.	Custom@1313162067	Scene	50.000000			1	1
00674958	ATX_COMP_Quest_Camp_Lite_NukaAgent	NukaAgent	177	0067794C		Nuka-Grape.	Custom@1313162067	Scene	50.000000			1	1
00674958	ATX_COMP_Quest_Camp_Lite_NukaAgent	NukaAgent	178	0067794D		Nuka-Cherry.	Custom@1313162067	Scene	50.000000			1	1
00674958	ATX_COMP_Quest_Camp_Lite_NukaAgent	NukaAgent	179	0067794E		Nuka-Cola Dark.	Custom@1313162067	Scene	50.000000			1	1
00674958	ATX_COMP_Quest_Camp_Lite_NukaAgent	NukaAgent	180	0067794F		Nuka-Orange.	Custom@1313162067	Scene	50.000000			1	1
00674958	ATX_COMP_Quest_Camp_Lite_NukaAgent	NukaAgent	181	00677950		Nuka-Cola Quantum.	Custom@1313162067	Scene	50.000000			1	2
00674958	ATX_COMP_Quest_Camp_Lite_NukaAgent	NukaAgent	182	00677951		Nuka-Cola Wild.	Custom@1313162067	Scene	50.000000			1	1
00674958	ATX_COMP_Quest_Camp_Lite_NukaAgent	NukaAgent	183	00677952		A classic Nuka-Cola.	Custom@1313162067	Scene	50.000000			1	1
00674958	ATX_COMP_Quest_Camp_Lite_NukaAgent	NukaAgent	184	00677953		That's all I needed.	Custom@1313162067	Scene	50.000000			1	1
00674958	ATX_COMP_Quest_Camp_Lite_NukaAgent	NukaAgent	185	00677954		I have a Nuka-Cola for you, Leo.	Custom@1313162067	Scene	50.000000			5	7
00674958	ATX_COMP_Quest_Camp_Lite_NukaAgent	NukaAgent	186	00677955		You mentioned you needed Nuka-Cola?	Custom@1313162067	Scene	50.000000			1	3
00674958	ATX_COMP_Quest_Camp_Lite_NukaAgent	NukaAgent	187	00677956		Let's see what you've got to trade.	Custom@1313162067	Scene	50.000000			6	8
00674958	ATX_COMP_Quest_Camp_Lite_NukaAgent	NukaAgent	188	00677957		I discovered something related to Nuka-Cola.	Custom@1313162067	Scene	50.000000			1	1
00674958	ATX_COMP_Quest_Camp_Lite_NukaAgent	NukaAgent	189	00677958		Mind if I ask you some questions about yourself?	Custom@1313162067	Scene	50.000000			1	1
00674958	ATX_COMP_Quest_Camp_Lite_NukaAgent	NukaAgent	190	00677959			Shared Info	Miscellaneous	50.000000			6	7
00674958	ATX_COMP_Quest_Camp_Lite_NukaAgent	NukaAgent	191	00677A62			Custom@1313162067	Scene	50.000000			0	0
00674958	ATX_COMP_Quest_Camp_Lite_NukaAgent	NukaAgent	192	00677A63			Custom@1313162067	Scene	50.000000			0	0
00674958	ATX_COMP_Quest_Camp_Lite_NukaAgent	NukaAgent	193	00677A64		I had something else I wanted to talk about.	Custom@1313162067	Scene	50.000000			1	1
00674958	ATX_COMP_Quest_Camp_Lite_NukaAgent	NukaAgent	194	00677A65		See you around, Leo.	Custom@1313162067	Scene	50.000000			1	1
00674958	ATX_COMP_Quest_Camp_Lite_NukaAgent	NukaAgent	195	00677AF2			Hello	Miscellaneous	50.000000			8	10
00674958	ATX_COMP_Quest_Camp_Lite_NukaAgent	NukaAgent	196	00677AF3			Idle	Miscellaneous	50.000000			15	17
00674958	ATX_COMP_Quest_Camp_Lite_NukaAgent	NukaAgent	197	00679A83		Did you hear that Nuka-World On Tour is here?	Custom@1313162067	Scene	50.000000			1	1
00674958	ATX_COMP_Quest_Camp_Lite_NukaAgent	NukaAgent	198	00679A84			Custom@1313162067	Scene	50.000000			0	0
00674958	ATX_COMP_Quest_Camp_Lite_NukaAgent	NukaAgent	199	00679A85		Get lost. I don't have caps for you.	Custom@1313162067	Scene	50.000000			1	1
00674958	ATX_COMP_Quest_Camp_Lite_NukaAgent	NukaAgent	200	00679A86			Custom@1313162067	Scene	50.000000			0	0
00674958	ATX_COMP_Quest_Camp_Lite_NukaAgent	NukaAgent	201	00679A87		Nice to meet you, Leo.	Custom@1313162067	Scene	50.000000			1	1
00674958	ATX_COMP_Quest_Camp_Lite_NukaAgent	NukaAgent	202	00679A88			Custom@1313162067	Scene	50.000000			0	0
00674958	ATX_COMP_Quest_Camp_Lite_NukaAgent	NukaAgent	203	0067A4D0		Nuka-Cola My Blood's In It	Custom@1313162067	Scene	50.000000			1	3
00674958	ATX_COMP_Quest_Camp_Lite_NukaAgent	NukaAgent	204	0067A4D2		Nuka-Cola Scorched	Custom@1313162067	Scene	50.000000			1	3
00674958	ATX_COMP_Quest_Camp_Lite_NukaAgent	NukaAgent	205	0067A4D4		Let's change the topic.	Custom@1313162067	Scene	50.000000			1	1
00674958	ATX_COMP_Quest_Camp_Lite_NukaAgent	NukaAgent	206	0067A4D5			Custom@1313162067	Scene	50.000000			0	0
00674958	ATX_COMP_Quest_Camp_Lite_NukaAgent	NukaAgent	207	0067C2A8			Custom@1313162067	Scene	50.000000			0	0
00674958	ATX_COMP_Quest_Camp_Lite_NukaAgent	NukaAgent	208	0067C2A9			Custom@1313162067	Scene	50.000000			0	0
00674958	ATX_COMP_Quest_Camp_Lite_NukaAgent	NukaAgent	209	00683DF7			Custom@1313162067	Scene	50.000000			0	0
00674958	ATX_COMP_Quest_Camp_Lite_NukaAgent	NukaAgent	210	00683DF8		Let's talk about something else.	Custom@1313162067	Scene	50.000000			1	3
0068D3DC	ATX_COMP_Quest_Camp_Lite_Scarberry	Scarberry	0	0068DC11		How did you not get shot on your way in?	Custom@1313162067	Scene	50.000000			1	1
0068D3DC	ATX_COMP_Quest_Camp_Lite_Scarberry	Scarberry	1	0068DC12		[Charisma 4+] Finally! But I do seem to be running low on albino blood at the moment.	Custom@1313162067	Scene	50.000000			1	2
0068D3DC	ATX_COMP_Quest_Camp_Lite_Scarberry	Scarberry	2	0068DC13			Custom@1313162067	Scene	50.000000			1	2
0068D3DC	ATX_COMP_Quest_Camp_Lite_Scarberry	Scarberry	3	0068DC15		Don't you dare light a fire in my C.A.M.P.!	Custom@1313162067	Scene	50.000000			1	1
0068D3DC	ATX_COMP_Quest_Camp_Lite_Scarberry	Scarberry	4	0068DC16			Custom@1313162067	Scene	50.000000			0	0
0068D3DC	ATX_COMP_Quest_Camp_Lite_Scarberry	Scarberry	5	0068DC17			Custom@1313162067	Scene	50.000000			0	0
0068D3DC	ATX_COMP_Quest_Camp_Lite_Scarberry	Scarberry	6	0068DC18			Custom@1313162067	Scene	50.000000			0	0
0068D3DC	ATX_COMP_Quest_Camp_Lite_Scarberry	Scarberry	7	0068DDF9			Custom@1313162067	Scene	50.000000			1	1
0068D3DC	ATX_COMP_Quest_Camp_Lite_Scarberry	Scarberry	8	0068E20B			Custom@1313162067	Scene	50.000000			0	0
0068D3DC	ATX_COMP_Quest_Camp_Lite_Scarberry	Scarberry	9	0068E20C			Custom@1313162067	Scene	50.000000			0	0
0068D3DC	ATX_COMP_Quest_Camp_Lite_Scarberry	Scarberry	10	0068E20D			Custom@1313162067	Scene	50.000000			0	0
0068D3DC	ATX_COMP_Quest_Camp_Lite_Scarberry	Scarberry	11	0068E20E			Custom@1313162067	Scene	50.000000			0	0
0068D3DC	ATX_COMP_Quest_Camp_Lite_Scarberry	Scarberry	12	0068E20F			Custom@1313162067	Scene	50.000000			0	0
0068D3DC	ATX_COMP_Quest_Camp_Lite_Scarberry	Scarberry	13	0068E210			Custom@1313162067	Scene	50.000000			0	0
0068D3DC	ATX_COMP_Quest_Camp_Lite_Scarberry	Scarberry	14	0068E211			Custom@1313162067	Scene	50.000000			0	0
0068D3DC	ATX_COMP_Quest_Camp_Lite_Scarberry	Scarberry	15	0068E212			Greeting	Miscellaneous	50.000000			19	21
0068D3DC	ATX_COMP_Quest_Camp_Lite_Scarberry	Scarberry	16	0068E213		Of course! You are welcome here brother!	Custom@1313162067	Scene	50.000000			1	2
0068D3DC	ATX_COMP_Quest_Camp_Lite_Scarberry	Scarberry	17	0068E214		Not officially. I prefer to respect Mothman from afar.	Custom@1313162067	Scene	50.000000			1	3
0068D3DC	ATX_COMP_Quest_Camp_Lite_Scarberry	Scarberry	18	0068E215		Oh, I'm not, but I appreciate him nonetheless.	Custom@1313162067	Scene	50.000000			1	3
0068D3DC	ATX_COMP_Quest_Camp_Lite_Scarberry	Scarberry	19	0068E217			Custom@1313162067	Scene	50.000000			1	2
0068D3DC	ATX_COMP_Quest_Camp_Lite_Scarberry	Scarberry	20	0068E218		Are you included under "unwelcome guests"?	Custom@1313162067	Scene	50.000000			1	2
0068D3DC	ATX_COMP_Quest_Camp_Lite_Scarberry	Scarberry	21	0068E219		I guess you can stay. Just don't set my C.A.M.P. on fire.	Custom@1313162067	Scene	50.000000			1	1
0068D3DC	ATX_COMP_Quest_Camp_Lite_Scarberry	Scarberry	22	0068E21A			Custom@1313162067	Scene	50.000000			1	1
0068D3DC	ATX_COMP_Quest_Camp_Lite_Scarberry	Scarberry	23	0068E21B		I don't mind, but what will you do here?	Custom@1313162067	Scene	50.000000			1	3
0068D3DC	ATX_COMP_Quest_Camp_Lite_Scarberry	Scarberry	24	0068E21C		Depends on what you can offer me.	Custom@1313162067	Scene	50.000000			1	3
0068D3DC	ATX_COMP_Quest_Camp_Lite_Scarberry	Scarberry	25	0068E21D			Shared Info	Miscellaneous	50.000000			4	6
0068D3DC	ATX_COMP_Quest_Camp_Lite_Scarberry	Scarberry	26	0068E21E			Custom@1313162067	Scene	50.000000			1	1
0068D3DC	ATX_COMP_Quest_Camp_Lite_Scarberry	Scarberry	27	0068E21F		I don't worship Mothman, but I can see the appeal.	Custom@1313162067	Scene	50.000000			1	3
0068D3DC	ATX_COMP_Quest_Camp_Lite_Scarberry	Scarberry	28	0068E220			Custom@1313162067	Scene	50.000000			0	0
0068D3DC	ATX_COMP_Quest_Camp_Lite_Scarberry	Scarberry	29	0068E221		No. I just liked the statue.	Custom@1313162067	Scene	50.000000			1	1
0068D3DC	ATX_COMP_Quest_Camp_Lite_Scarberry	Scarberry	30	0068E222			Custom@1313162067	Scene	50.000000			0	0
0068D3DC	ATX_COMP_Quest_Camp_Lite_Scarberry	Scarberry	31	0068E23A		Interpreter Clarence walked me through the steps of the ritual.	Custom@1313162067	Scene	50.000000			1	3
0068D3DC	ATX_COMP_Quest_Camp_Lite_Scarberry	Scarberry	32	0068E23B		There was some "Moth Dust" and then I remember fighting some weird glowing cultists.	Custom@1313162067	Scene	50.000000			1	2
0068D3DC	ATX_COMP_Quest_Camp_Lite_Scarberry	Scarberry	33	0068E23C		There was an abundance of Albino Radstags.	Custom@1313162067	Scene	50.000000			1	3
0068D3DC	ATX_COMP_Quest_Camp_Lite_Scarberry	Scarberry	34	0068E23D		Say what you want, but they were able to summon Mothman.	Custom@1313162067	Scene	50.000000			1	2
0068D3DC	ATX_COMP_Quest_Camp_Lite_Scarberry	Scarberry	35	0068E23E		Why are there books by The Enlightened in the Point Pleasant church?	Custom@1313162067	Scene	50.000000			1	1
0068D3DC	ATX_COMP_Quest_Camp_Lite_Scarberry	Scarberry	36	0068E23F		Yes. There are multiple.	Custom@1313162067	Scene	50.000000			1	3
0068D3DC	ATX_COMP_Quest_Camp_Lite_Scarberry	Scarberry	37	0068E240		If by "His mark" you mean a creepy skull with wings, then yes.	Custom@1313162067	Scene	50.000000			1	3
0068D3DC	ATX_COMP_Quest_Camp_Lite_Scarberry	Scarberry	38	0068E241		I do not know.	Custom@1313162067	Scene	50.000000			1	1
0068D3DC	ATX_COMP_Quest_Camp_Lite_Scarberry	Scarberry	39	0068E242			Custom@1313162067	Scene	50.000000			0	0
0068D3DC	ATX_COMP_Quest_Camp_Lite_Scarberry	Scarberry	40	0068E243			Custom@1313162067	Scene	50.000000			0	0
0068D3DC	ATX_COMP_Quest_Camp_Lite_Scarberry	Scarberry	41	0068E244			Custom@1313162067	Scene	50.000000			0	0
0068D3DC	ATX_COMP_Quest_Camp_Lite_Scarberry	Scarberry	42	0068E245			Custom@1313162067	Scene	50.000000			0	0
0068D3DC	ATX_COMP_Quest_Camp_Lite_Scarberry	Scarberry	43	0068E246			Custom@1313162067	Scene	50.000000			0	0
0068D3DC	ATX_COMP_Quest_Camp_Lite_Scarberry	Scarberry	44	0068E247			Custom@1313162067	Scene	50.000000			0	0
0068D3DC	ATX_COMP_Quest_Camp_Lite_Scarberry	Scarberry	45	0068E248			Custom@1313162067	Scene	50.000000			0	0
0068D3DC	ATX_COMP_Quest_Camp_Lite_Scarberry	Scarberry	46	0068E249			Custom@1313162067	Scene	50.000000			0	0
0068D3DC	ATX_COMP_Quest_Camp_Lite_Scarberry	Scarberry	47	0068E24A			Custom@1313162067	Scene	50.000000			0	0
0068D3DC	ATX_COMP_Quest_Camp_Lite_Scarberry	Scarberry	48	0068E24B			Custom@1313162067	Scene	50.000000			0	0
0068D3DC	ATX_COMP_Quest_Camp_Lite_Scarberry	Scarberry	49	0068E24C			Custom@1313162067	Scene	50.000000			0	0
0068D3DC	ATX_COMP_Quest_Camp_Lite_Scarberry	Scarberry	50	0068E24D			Custom@1313162067	Scene	50.000000			0	0
0068D3DC	ATX_COMP_Quest_Camp_Lite_Scarberry	Scarberry	51	0068E24E			Custom@1313162067	Scene	50.000000			0	0
0068D3DC	ATX_COMP_Quest_Camp_Lite_Scarberry	Scarberry	52	0068E24F			Custom@1313162067	Scene	50.000000			0	0
0068D3DC	ATX_COMP_Quest_Camp_Lite_Scarberry	Scarberry	53	0068E250			Custom@1313162067	Scene	50.000000			0	0
0068D3DC	ATX_COMP_Quest_Camp_Lite_Scarberry	Scarberry	54	0068E251			Custom@1313162067	Scene	50.000000			0	0
0068D3DC	ATX_COMP_Quest_Camp_Lite_Scarberry	Scarberry	55	0068E252			Custom@1313162067	Scene	50.000000			0	0
0068D3DC	ATX_COMP_Quest_Camp_Lite_Scarberry	Scarberry	56	0068E253			Custom@1313162067	Scene	50.000000			0	0
0068D3DC	ATX_COMP_Quest_Camp_Lite_Scarberry	Scarberry	57	0068E254			Custom@1313162067	Scene	50.000000			0	0
0068D3DC	ATX_COMP_Quest_Camp_Lite_Scarberry	Scarberry	58	0068E255			Custom@1313162067	Scene	50.000000			0	0
0068D3DC	ATX_COMP_Quest_Camp_Lite_Scarberry	Scarberry	59	0068E256			Custom@1313162067	Scene	50.000000			0	0
0068D3DC	ATX_COMP_Quest_Camp_Lite_Scarberry	Scarberry	60	0068E257			Custom@1313162067	Scene	50.000000			1	1
0068D3DC	ATX_COMP_Quest_Camp_Lite_Scarberry	Scarberry	61	0068E258		[The Lowe-Down] I investigated the disappearance of a man who was apparently eaten by a Sheepsquatch.	Custom@1313162067	Scene	50.000000			1	1
0068D3DC	ATX_COMP_Quest_Camp_Lite_Scarberry	Scarberry	62	0068E259		[Over and Out] I've actually come across a Mothman while exploring an underground bunker.	Custom@1313162067	Scene	50.000000			1	1
0068D3DC	ATX_COMP_Quest_Camp_Lite_Scarberry	Scarberry	63	0068E25A		[Death and Taxidermy] Have you heard of the Beast of Beckley? It's another cryptid in the region.	Custom@1313162067	Scene	50.000000			1	1
0068D3DC	ATX_COMP_Quest_Camp_Lite_Scarberry	Scarberry	64	0068E25B		[The Mothman Equinox] I performed a ritual to summon Mothman.	Custom@1313162067	Scene	50.000000			1	3
0068D3DC	ATX_COMP_Quest_Camp_Lite_Scarberry	Scarberry	65	0068E25C		I want to go back to my earlier questions.	Custom@1313162067	Scene	50.000000			1	1
0068D3DC	ATX_COMP_Quest_Camp_Lite_Scarberry	Scarberry	66	0068E25D		He created a robot that thought it was a sheep. I think it killed him.	Custom@1313162067	Scene	50.000000			1	1
0068D3DC	ATX_COMP_Quest_Camp_Lite_Scarberry	Scarberry	67	0068E25E		Taxidermy, a secret room, lots of blood, but no body. Seems the Sheepsquatch took him somewhere.	Custom@1313162067	Scene	50.000000			1	1
0068D3DC	ATX_COMP_Quest_Camp_Lite_Scarberry	Scarberry	68	0068E25F		The Sheepsquatch is very real. And it can shoot lasers from its eyes.	Custom@1313162067	Scene	50.000000			1	1
0068D3DC	ATX_COMP_Quest_Camp_Lite_Scarberry	Scarberry	69	0068E260		[Lie]  Met the Sheepsquatch. Cool guy. Had a couple of beers.	Custom@1313162067	Scene	50.000000			1	1
0068D3DC	ATX_COMP_Quest_Camp_Lite_Scarberry	Scarberry	70	0068E261		It seemed to have been infected with some form of the Scorched Virus. I had to put it down.	Custom@1313162067	Scene	50.000000			1	2
0068D3DC	ATX_COMP_Quest_Camp_Lite_Scarberry	Scarberry	71	0068E262		It looked like it had been burned, and it had these bright green eyes	Custom@1313162067	Scene	50.000000			1	2
0068D3DC	ATX_COMP_Quest_Camp_Lite_Scarberry	Scarberry	72	0068E263		A group of Cryptid hunters were brutally killed by a large white wolf.	Custom@1313162067	Scene	50.000000			1	3
0068D3DC	ATX_COMP_Quest_Camp_Lite_Scarberry	Scarberry	73	0068E264		[The Mothman Equinox] I performed a ritual to summon Mothman.	Custom@1313162067	Scene	50.000000			1	3
0068D3DC	ATX_COMP_Quest_Camp_Lite_Scarberry	Scarberry	74	0068E83E			Custom@1313162067	Scene	50.000000			0	0
0068D3DC	ATX_COMP_Quest_Camp_Lite_Scarberry	Scarberry	75	0068E83F			Custom@1313162067	Scene	50.000000			0	0
0068D3DC	ATX_COMP_Quest_Camp_Lite_Scarberry	Scarberry	76	0068E840			Custom@1313162067	Scene	50.000000			0	0
0068D3DC	ATX_COMP_Quest_Camp_Lite_Scarberry	Scarberry	77	0068E841			Custom@1313162067	Scene	50.000000			0	0
0068D3DC	ATX_COMP_Quest_Camp_Lite_Scarberry	Scarberry	78	0068E842			Custom@1313162067	Scene	50.000000			0	0
0068D3DC	ATX_COMP_Quest_Camp_Lite_Scarberry	Scarberry	79	0068E843			Custom@1313162067	Scene	50.000000			0	0
0068D3DC	ATX_COMP_Quest_Camp_Lite_Scarberry	Scarberry	80	0068E844			Custom@1313162067	Scene	50.000000			0	0
0068D3DC	ATX_COMP_Quest_Camp_Lite_Scarberry	Scarberry	81	0068E845			Custom@1313162067	Scene	50.000000			5	7
0068D3DC	ATX_COMP_Quest_Camp_Lite_Scarberry	Scarberry	82	0068E846			Custom@1313162067	Scene	50.000000			0	0
0068D3DC	ATX_COMP_Quest_Camp_Lite_Scarberry	Scarberry	83	0068E847		Can I get Mothman's Blessing?	Custom@1313162067	Scene	50.000000			5	10
0068D3DC	ATX_COMP_Quest_Camp_Lite_Scarberry	Scarberry	84	0068E848		That's all I wanted.	Custom@1313162067	Scene	50.000000			1	1
0068D3DC	ATX_COMP_Quest_Camp_Lite_Scarberry	Scarberry	85	0068E849			Custom@1313162067	Scene	50.000000			0	0
0068D3DC	ATX_COMP_Quest_Camp_Lite_Scarberry	Scarberry	86	0068E84A			Custom@1313162067	Scene	50.000000			0	0
0068D3DC	ATX_COMP_Quest_Camp_Lite_Scarberry	Scarberry	87	0068E84B		Let's see what you've got for sale.	Custom@1313162067	Scene	50.000000			4	6
0068D3DC	ATX_COMP_Quest_Camp_Lite_Scarberry	Scarberry	88	0068E84C			Custom@1313162067	Scene	50.000000			0	0
0068D3DC	ATX_COMP_Quest_Camp_Lite_Scarberry	Scarberry	89	0068E84D			Custom@1313162067	Scene	50.000000			0	0
0068D3DC	ATX_COMP_Quest_Camp_Lite_Scarberry	Scarberry	90	0068E84E			Custom@1313162067	Scene	50.000000			0	0
0068D3DC	ATX_COMP_Quest_Camp_Lite_Scarberry	Scarberry	91	0068E84F			Custom@1313162067	Scene	50.000000			1	2
0068D3DC	ATX_COMP_Quest_Camp_Lite_Scarberry	Scarberry	92	0068E850		Radiation has already helped me grow quite a bit.	Custom@1313162067	Scene	50.000000			1	1
0068D3DC	ATX_COMP_Quest_Camp_Lite_Scarberry	Scarberry	93	0068E851		Finally! Long have I waited for Him to notice me.	Custom@1313162067	Scene	50.000000			1	1
0068D3DC	ATX_COMP_Quest_Camp_Lite_Scarberry	Scarberry	94	0068E852		My Pip-Boy has a built-in light source.	Custom@1313162067	Scene	50.000000			1	3
0068D3DC	ATX_COMP_Quest_Camp_Lite_Scarberry	Scarberry	95	0068E853		I'm confused. You're giving me a light of some kind?	Custom@1313162067	Scene	50.000000			1	2
0068D3DC	ATX_COMP_Quest_Camp_Lite_Scarberry	Scarberry	96	0068E854		So you say a prayer and that is supposed to do something?	Custom@1313162067	Scene	50.000000			1	1
0068D3DC	ATX_COMP_Quest_Camp_Lite_Scarberry	Scarberry	97	0068E855		See you around, Brother Stevie.	Custom@1313162067	Scene	50.000000			1	1
0068D3DC	ATX_COMP_Quest_Camp_Lite_Scarberry	Scarberry	98	0068E856		I have stories from the Wasteland.	Custom@1313162067	Scene	50.000000			1	1
0068D3DC	ATX_COMP_Quest_Camp_Lite_Scarberry	Scarberry	99	0068E857		Tell me more about yourself.	Custom@1313162067	Scene	50.000000			1	1
0068D3DC	ATX_COMP_Quest_Camp_Lite_Scarberry	Scarberry	100	0068E858		I'm in need of your services.	Custom@1313162067	Scene	50.000000			1	3
0068D3DC	ATX_COMP_Quest_Camp_Lite_Scarberry	Scarberry	101	0068E859		I'm in need of your services.	Custom@1313162067	Scene	50.000000			1	1
0068D3DC	ATX_COMP_Quest_Camp_Lite_Scarberry	Scarberry	102	0068E884		What exactly is "The Interloper"?	Custom@1313162067	Scene	50.000000			1	4
0068D3DC	ATX_COMP_Quest_Camp_Lite_Scarberry	Scarberry	103	0068E886		Do the followers realize that you're all cultists in a cryptid cult?	Custom@1313162067	Scene	50.000000			1	3
0068D3DC	ATX_COMP_Quest_Camp_Lite_Scarberry	Scarberry	104	0068E887			Custom@1313162067	Scene	50.000000			0	0
0068D3DC	ATX_COMP_Quest_Camp_Lite_Scarberry	Scarberry	105	0068E888			Custom@1313162067	Scene	50.000000			0	0
0068D3DC	ATX_COMP_Quest_Camp_Lite_Scarberry	Scarberry	106	0068E889			Custom@1313162067	Scene	50.000000			0	0
0068D3DC	ATX_COMP_Quest_Camp_Lite_Scarberry	Scarberry	107	0068E88A			Custom@1313162067	Scene	50.000000			0	0
0068D3DC	ATX_COMP_Quest_Camp_Lite_Scarberry	Scarberry	108	0068E88B		Why can't you finish your pilgrimage?	Custom@1313162067	Scene	50.000000			1	4
0068D3DC	ATX_COMP_Quest_Camp_Lite_Scarberry	Scarberry	109	0068E88C		I want to go back to my earlier questions.	Custom@1313162067	Scene	50.000000			1	1
0068D3DC	ATX_COMP_Quest_Camp_Lite_Scarberry	Scarberry	110	0068E88D		Is that how everyone joins?	Custom@1313162067	Scene	50.000000			1	5
0068D3DC	ATX_COMP_Quest_Camp_Lite_Scarberry	Scarberry	111	0068E88E		Then too, like a candle, you must guard it from the outside. Protect it.	Custom@1313162067	Scene	50.000000			1	2
0068D3DC	ATX_COMP_Quest_Camp_Lite_Scarberry	Scarberry	112	0068E88F			Custom@1313162067	Scene	50.000000			0	0
0068D3DC	ATX_COMP_Quest_Camp_Lite_Scarberry	Scarberry	113	0068E890			Custom@1313162067	Scene	50.000000			0	0
0068D3DC	ATX_COMP_Quest_Camp_Lite_Scarberry	Scarberry	114	0068E891			Custom@1313162067	Scene	50.000000			0	0
0068D3DC	ATX_COMP_Quest_Camp_Lite_Scarberry	Scarberry	115	0068E892		Perhaps you are on the right path but wrong direction. Have you considered the Sheepsquatch?	Custom@1313162067	Scene	50.000000			1	4
0068D3DC	ATX_COMP_Quest_Camp_Lite_Scarberry	Scarberry	116	0068E893		You're talking about a fucking bug. Pull yourself together.	Custom@1313162067	Scene	50.000000			1	5
0068D3DC	ATX_COMP_Quest_Camp_Lite_Scarberry	Scarberry	117	0068E894			Custom@1313162067	Scene	50.000000			0	0
0068D3DC	ATX_COMP_Quest_Camp_Lite_Scarberry	Scarberry	118	0068E895			Custom@1313162067	Scene	50.000000			0	0
0068D3DC	ATX_COMP_Quest_Camp_Lite_Scarberry	Scarberry	119	0068E896			Custom@1313162067	Scene	50.000000			0	0
0068D3DC	ATX_COMP_Quest_Camp_Lite_Scarberry	Scarberry	120	0068E897		Don't Mothman fanatics usually travel in groups? Why are you alone?	Custom@1313162067	Scene	50.000000			1	5
0068D3DC	ATX_COMP_Quest_Camp_Lite_Scarberry	Scarberry	121	0068E898		Any luck with finding Him?	Custom@1313162067	Scene	50.000000			1	1
0068D3DC	ATX_COMP_Quest_Camp_Lite_Scarberry	Scarberry	122	0068E899			Custom@1313162067	Scene	50.000000			1	2
0068D3DC	ATX_COMP_Quest_Camp_Lite_Scarberry	Scarberry	123	0068E89A		[Intelligence 8+] You do realize that Mothman left you there as food for his children.	Custom@1313162067	Scene	50.000000			1	3
0068D3DC	ATX_COMP_Quest_Camp_Lite_Scarberry	Scarberry	124	0068E89B		That's enough of that for now.	Custom@1313162067	Scene	50.000000			1	1
0068D3DC	ATX_COMP_Quest_Camp_Lite_Scarberry	Scarberry	125	0068E89C			Custom@1313162067	Scene	50.000000			0	0
0068D3DC	ATX_COMP_Quest_Camp_Lite_Scarberry	Scarberry	126	0068E89D		How does one join Mothman's Followers?	Custom@1313162067	Scene	50.000000			1	5
0068D3DC	ATX_COMP_Quest_Camp_Lite_Scarberry	Scarberry	127	0068E89E			Custom@1313162067	Scene	50.000000			0	0
0068D3DC	ATX_COMP_Quest_Camp_Lite_Scarberry	Scarberry	128	0068E89F			Custom@1313162067	Scene	50.000000			0	0
0068D3DC	ATX_COMP_Quest_Camp_Lite_Scarberry	Scarberry	129	0068E8A0			Custom@1313162067	Scene	50.000000			0	0
0068D3DC	ATX_COMP_Quest_Camp_Lite_Scarberry	Scarberry	130	0068E8A1			Custom@1313162067	Scene	50.000000			7	15
0068D3DC	ATX_COMP_Quest_Camp_Lite_Scarberry	Scarberry	131	0068E8A2		"Flesh Prisons"?	Custom@1313162067	Scene	50.000000			1	2
0068D3DC	ATX_COMP_Quest_Camp_Lite_Scarberry	Scarberry	132	0068EAD8			Idle	Miscellaneous	50.000000			27	29
0068D3DC	ATX_COMP_Quest_Camp_Lite_Scarberry	Scarberry	133	0068EAD9			Hello	Miscellaneous	50.000000			13	15
006A436A	ATX_COMP_Quest_Camp_Lite_JoeyBello	JoeyBello	0	006A5975		Who are you?	Custom@1313162067	Scene	50.000000			1	1
006A436A	ATX_COMP_Quest_Camp_Lite_JoeyBello	JoeyBello	1	006A5976			Custom@1313162067	Scene	50.000000			1	1
006A436A	ATX_COMP_Quest_Camp_Lite_JoeyBello	JoeyBello	2	006A5977		Thanks. I'm doing fine. Welcome?	Custom@1313162067	Scene	50.000000			1	2
006A436A	ATX_COMP_Quest_Camp_Lite_JoeyBello	JoeyBello	3	006A5978			Custom@1313162067	Scene	50.000000			0	0
006A436A	ATX_COMP_Quest_Camp_Lite_JoeyBello	JoeyBello	4	006A5979		Back up, stranger. This is private property.	Custom@1313162067	Scene	50.000000			1	2
006A436A	ATX_COMP_Quest_Camp_Lite_JoeyBello	JoeyBello	5	006A597A			Custom@1313162067	Scene	50.000000			0	0
006A436A	ATX_COMP_Quest_Camp_Lite_JoeyBello	JoeyBello	6	006A597B			Custom@1313162067	Scene	50.000000			1	2
006A436A	ATX_COMP_Quest_Camp_Lite_JoeyBello	JoeyBello	7	006A597C			Custom@1313162067	Scene	50.000000			0	0
006A436A	ATX_COMP_Quest_Camp_Lite_JoeyBello	JoeyBello	8	006A597D			Idle	Miscellaneous	50.000000			30	70
006A436A	ATX_COMP_Quest_Camp_Lite_JoeyBello	JoeyBello	9	006A597E			Hello	Miscellaneous	50.000000			27	35
006A436A	ATX_COMP_Quest_Camp_Lite_JoeyBello	JoeyBello	10	006A597F			Greeting	Miscellaneous	50.000000			14	16
006A436A	ATX_COMP_Quest_Camp_Lite_JoeyBello	JoeyBello	11	006A598B			Custom@1313162067	Scene	50.000000			0	0
006A436A	ATX_COMP_Quest_Camp_Lite_JoeyBello	JoeyBello	12	006A598C			Custom@1313162067	Scene	50.000000			0	0
006A436A	ATX_COMP_Quest_Camp_Lite_JoeyBello	JoeyBello	13	006A598D			Custom@1313162067	Scene	50.000000			0	0
006A436A	ATX_COMP_Quest_Camp_Lite_JoeyBello	JoeyBello	14	006A598E			Custom@1313162067	Scene	50.000000			0	0
006A436A	ATX_COMP_Quest_Camp_Lite_JoeyBello	JoeyBello	15	006A598F			Custom@1313162067	Scene	50.000000			0	0
006A436A	ATX_COMP_Quest_Camp_Lite_JoeyBello	JoeyBello	16	006A5990			Custom@1313162067	Scene	50.000000			0	0
006A436A	ATX_COMP_Quest_Camp_Lite_JoeyBello	JoeyBello	17	006A5991		What's the name of your act?	Custom@1313162067	Scene	50.000000			1	1
006A436A	ATX_COMP_Quest_Camp_Lite_JoeyBello	JoeyBello	18	006A5992		So... you tell jokes?	Custom@1313162067	Scene	50.000000			1	2
006A436A	ATX_COMP_Quest_Camp_Lite_JoeyBello	JoeyBello	19	006A5993		Okay, you can stay. But no funny business.	Custom@1313162067	Scene	50.000000			1	1
006A436A	ATX_COMP_Quest_Camp_Lite_JoeyBello	JoeyBello	20	006A5994		Welcome aboard Joey!	Custom@1313162067	Scene	50.000000			1	1
006A436A	ATX_COMP_Quest_Camp_Lite_JoeyBello	JoeyBello	21	006A5995			Custom@1313162067	Scene	50.000000			1	3
006A436A	ATX_COMP_Quest_Camp_Lite_JoeyBello	JoeyBello	22	006A5996		You're looking for a job? What can you do?	Custom@1313162067	Scene	50.000000			1	1
006A436A	ATX_COMP_Quest_Camp_Lite_JoeyBello	JoeyBello	23	006A5997		Are you some kind of comedian?	Custom@1313162067	Scene	50.000000			1	2
006A436A	ATX_COMP_Quest_Camp_Lite_JoeyBello	JoeyBello	24	006A9407			Shared Info	Miscellaneous	50.000000			32	32
006A436A	ATX_COMP_Quest_Camp_Lite_JoeyBello	JoeyBello	25	006A9408			Custom@1313162067	Scene	50.000000			0	0
006A436A	ATX_COMP_Quest_Camp_Lite_JoeyBello	JoeyBello	26	006A9409		Let's talk about your services.	Custom@1313162067	Scene	50.000000			1	1
006A436A	ATX_COMP_Quest_Camp_Lite_JoeyBello	JoeyBello	27	006A940A			Custom@1313162067	Scene	50.000000			0	0
006A436A	ATX_COMP_Quest_Camp_Lite_JoeyBello	JoeyBello	28	006A940B		What's your story, Joey?	Custom@1313162067	Scene	50.000000			3	5
006A436A	ATX_COMP_Quest_Camp_Lite_JoeyBello	JoeyBello	29	006A940C			Custom@1313162067	Scene	50.000000			0	0
006A436A	ATX_COMP_Quest_Camp_Lite_JoeyBello	JoeyBello	30	006A940D		Have you met anyone interesting in Appalachia?	Custom@1313162067	Scene	50.000000			4	6
006A436A	ATX_COMP_Quest_Camp_Lite_JoeyBello	JoeyBello	31	006A940E			Custom@1313162067	Scene	50.000000			0	0
006A436A	ATX_COMP_Quest_Camp_Lite_JoeyBello	JoeyBello	32	006A940F		Got a joke for me?	Custom@1313162067	Scene	50.000000			3	5
006A436A	ATX_COMP_Quest_Camp_Lite_JoeyBello	JoeyBello	33	006A9410			Custom@1313162067	Scene	50.000000			0	0
006A436A	ATX_COMP_Quest_Camp_Lite_JoeyBello	JoeyBello	34	006A9411		Catch you later, Joey.	Custom@1313162067	Scene	50.000000			7	11
006A436A	ATX_COMP_Quest_Camp_Lite_JoeyBello	JoeyBello	35	006A9412			Custom@1313162067	Scene	50.000000			0	0
006A436A	ATX_COMP_Quest_Camp_Lite_JoeyBello	JoeyBello	36	006A9413		Have you got anything good to trade?	Custom@1313162067	Scene	50.000000			10	14
006A436A	ATX_COMP_Quest_Camp_Lite_JoeyBello	JoeyBello	37	006A9414			Custom@1313162067	Scene	50.000000			0	0
006A436A	ATX_COMP_Quest_Camp_Lite_JoeyBello	JoeyBello	38	006A9415		You mentioned something about "comedian resilience" before?	Custom@1313162067	Scene	50.000000			1	1
006A436A	ATX_COMP_Quest_Camp_Lite_JoeyBello	JoeyBello	39	006A9416			Custom@1313162067	Scene	50.000000			0	0
006A436A	ATX_COMP_Quest_Camp_Lite_JoeyBello	JoeyBello	40	006A9417		Roast me, Joey!	Custom@1313162067	Scene	50.000000			7	10
006A436A	ATX_COMP_Quest_Camp_Lite_JoeyBello	JoeyBello	41	006A9418			Custom@1313162067	Scene	50.000000			0	0
006A436A	ATX_COMP_Quest_Camp_Lite_JoeyBello	JoeyBello	42	006A9419		I've got everything I need.	Custom@1313162067	Scene	50.000000			3	9
006A436A	ATX_COMP_Quest_Camp_Lite_JoeyBello	JoeyBello	43	006A941A			Custom@1313162067	Scene	50.000000			1	5
006A436A	ATX_COMP_Quest_Camp_Lite_JoeyBello	JoeyBello	44	006A941B			Custom@1313162067	Scene	50.000000			0	0
006A436A	ATX_COMP_Quest_Camp_Lite_JoeyBello	JoeyBello	45	006A941C		Capeesh.	Custom@1313162067	Scene	50.000000			1	1
006A436A	ATX_COMP_Quest_Camp_Lite_JoeyBello	JoeyBello	46	006A941D			Custom@1313162067	Scene	50.000000			0	0
006A436A	ATX_COMP_Quest_Camp_Lite_JoeyBello	JoeyBello	47	006A941E		What's a radgull?	Custom@1313162067	Scene	50.000000			1	1
006A436A	ATX_COMP_Quest_Camp_Lite_JoeyBello	JoeyBello	48	006A941F			Custom@1313162067	Scene	50.000000			1	3
006A436A	ATX_COMP_Quest_Camp_Lite_JoeyBello	JoeyBello	49	006A96E7			Custom@1313162067	Scene	50.000000			0	0
006A436A	ATX_COMP_Quest_Camp_Lite_JoeyBello	JoeyBello	50	006A96E8			Custom@1313162067	Scene	50.000000			0	0
006A436A	ATX_COMP_Quest_Camp_Lite_JoeyBello	JoeyBello	51	006A96E9			Custom@1313162067	Scene	50.000000			0	0
006A436A	ATX_COMP_Quest_Camp_Lite_JoeyBello	JoeyBello	52	006A96EA			Custom@1313162067	Scene	50.000000			1	3
006A436A	ATX_COMP_Quest_Camp_Lite_JoeyBello	JoeyBello	53	006A96EB		Ouch. That really stung.	Custom@1313162067	Scene	50.000000			6	14
006A436A	ATX_COMP_Quest_Camp_Lite_JoeyBello	JoeyBello	54	006A96EC		Fuck you too!	Custom@1313162067	Scene	50.000000			7	15
006A436A	ATX_COMP_Quest_Camp_Lite_JoeyBello	JoeyBello	55	006A96ED		Ha! Nice one, Joey!	Custom@1313162067	Scene	50.000000			5	11
006A436A	ATX_COMP_Quest_Camp_Lite_JoeyBello	JoeyBello	56	006A96EE			Custom@1313162067	Scene	50.000000			7	9
006A436A	ATX_COMP_Quest_Camp_Lite_JoeyBello	JoeyBello	57	006A96EF			Custom@1313162067	Scene	50.000000			20	22
006A436A	ATX_COMP_Quest_Camp_Lite_JoeyBello	JoeyBello	58	006A9937		I want to ask you about something else.	Custom@1313162067	Scene	50.000000			1	3
006A436A	ATX_COMP_Quest_Camp_Lite_JoeyBello	JoeyBello	59	006A9938		You use humor as a defense mechanism.	Custom@1313162067	Scene	50.000000			1	2
006A436A	ATX_COMP_Quest_Camp_Lite_JoeyBello	JoeyBello	60	006A9939		You trade jokes in exchange for your life?	Custom@1313162067	Scene	50.000000			1	2
006A436A	ATX_COMP_Quest_Camp_Lite_JoeyBello	JoeyBello	61	006A993A			Custom@1313162067	Scene	50.000000			1	1
006A436A	ATX_COMP_Quest_Camp_Lite_JoeyBello	JoeyBello	62	006A993B		That's it.	Custom@1313162067	Scene	50.000000			3	9
006A436A	ATX_COMP_Quest_Camp_Lite_JoeyBello	JoeyBello	63	006A993C		The mob is looking for you?	Custom@1313162067	Scene	50.000000			1	3
006A436A	ATX_COMP_Quest_Camp_Lite_JoeyBello	JoeyBello	64	006A993D		Should I be expecting trouble?	Custom@1313162067	Scene	50.000000			1	3
006A436A	ATX_COMP_Quest_Camp_Lite_JoeyBello	JoeyBello	65	006A993E			Custom@1313162067	Scene	50.000000			1	4
006A436A	ATX_COMP_Quest_Camp_Lite_JoeyBello	JoeyBello	66	006A993F		Do you have any family back home?	Custom@1313162067	Scene	50.000000			1	2
006A436A	ATX_COMP_Quest_Camp_Lite_JoeyBello	JoeyBello	67	006A9940		Is your mom in Atlantic City?	Custom@1313162067	Scene	50.000000			1	4
006A436A	ATX_COMP_Quest_Camp_Lite_JoeyBello	JoeyBello	68	006A9941		What happened to your dad?	Custom@1313162067	Scene	50.000000			1	2
006A436A	ATX_COMP_Quest_Camp_Lite_JoeyBello	JoeyBello	69	006A9942		Can I ask you about something else?	Custom@1313162067	Scene	50.000000			1	3
006A436A	ATX_COMP_Quest_Camp_Lite_JoeyBello	JoeyBello	70	006A9943		What's New Jersey like?	Custom@1313162067	Scene	50.000000			1	2
006A436A	ATX_COMP_Quest_Camp_Lite_JoeyBello	JoeyBello	71	006A9944		It's that bad?	Custom@1313162067	Scene	50.000000			1	1
006A436A	ATX_COMP_Quest_Camp_Lite_JoeyBello	JoeyBello	72	006A9945		New Jersey sucks. Noted.	Custom@1313162067	Scene	50.000000			1	1
006A436A	ATX_COMP_Quest_Camp_Lite_JoeyBello	JoeyBello	73	006A9946			Custom@1313162067	Scene	50.000000			1	2
006A436A	ATX_COMP_Quest_Camp_Lite_JoeyBello	JoeyBello	74	006A9947			Custom@1313162067	Scene	50.000000			0	0
006A436A	ATX_COMP_Quest_Camp_Lite_JoeyBello	JoeyBello	75	006A9949			Custom@1313162067	Scene	50.000000			0	0
006A436A	ATX_COMP_Quest_Camp_Lite_JoeyBello	JoeyBello	76	006A994C			Custom@1313162067	Scene	50.000000			0	0
006A436A	ATX_COMP_Quest_Camp_Lite_JoeyBello	JoeyBello	77	006A994E			Custom@1313162067	Scene	50.000000			0	0
006A436A	ATX_COMP_Quest_Camp_Lite_JoeyBello	JoeyBello	78	006A994F			Custom@1313162067	Scene	50.000000			0	0
006A436A	ATX_COMP_Quest_Camp_Lite_JoeyBello	JoeyBello	79	006A9950			Custom@1313162067	Scene	50.000000			0	0
006A436A	ATX_COMP_Quest_Camp_Lite_JoeyBello	JoeyBello	80	006A9951			Custom@1313162067	Scene	50.000000			0	0
006A436A	ATX_COMP_Quest_Camp_Lite_JoeyBello	JoeyBello	81	006A9953			Custom@1313162067	Scene	50.000000			0	0
006A436A	ATX_COMP_Quest_Camp_Lite_JoeyBello	JoeyBello	82	006A9954			Custom@1313162067	Scene	50.000000			0	0
006A436A	ATX_COMP_Quest_Camp_Lite_JoeyBello	JoeyBello	83	006A9955			Custom@1313162067	Scene	50.000000			0	0
006A436A	ATX_COMP_Quest_Camp_Lite_JoeyBello	JoeyBello	84	006A9956			Custom@1313162067	Scene	50.000000			0	0
006A436A	ATX_COMP_Quest_Camp_Lite_JoeyBello	JoeyBello	85	006A9957			Custom@1313162067	Scene	50.000000			0	0
006A436A	ATX_COMP_Quest_Camp_Lite_JoeyBello	JoeyBello	86	006A9959			Custom@1313162067	Scene	50.000000			0	0
006A436A	ATX_COMP_Quest_Camp_Lite_JoeyBello	JoeyBello	87	006A9E25		Why not just get yourself a gun?	Custom@1313162067	Scene	50.000000			1	3
006A436A	ATX_COMP_Quest_Camp_Lite_JoeyBello	JoeyBello	88	006A9E26		How does telling jokes keep you alive?	Custom@1313162067	Scene	50.000000			1	3
006A436A	ATX_COMP_Quest_Camp_Lite_JoeyBello	JoeyBello	89	006A9E27		Why did you leave New Jersey?	Custom@1313162067	Scene	50.000000			1	6
006A436A	ATX_COMP_Quest_Camp_Lite_JoeyBello	JoeyBello	90	006A9E28		Why did you become a comedian?	Custom@1313162067	Scene	50.000000			1	4
006A436A	ATX_COMP_Quest_Camp_Lite_JoeyBello	JoeyBello	91	006A9E29		You're not from around here?	Custom@1313162067	Scene	50.000000			1	2
006A436A	ATX_COMP_Quest_Camp_Lite_JoeyBello	JoeyBello	92	006A9E2F			Custom@1313162067	Scene	50.000000			0	0
006A436A	ATX_COMP_Quest_Camp_Lite_JoeyBello	JoeyBello	93	006A9E30			Custom@1313162067	Scene	50.000000			0	0
006A436A	ATX_COMP_Quest_Camp_Lite_JoeyBello	JoeyBello	94	006A9E31			Custom@1313162067	Scene	50.000000			0	0
006A436A	ATX_COMP_Quest_Camp_Lite_JoeyBello	JoeyBello	95	006A9E32			Custom@1313162067	Scene	50.000000			0	0
006A436A	ATX_COMP_Quest_Camp_Lite_JoeyBello	JoeyBello	96	006A9E33			Custom@1313162067	Scene	50.000000			0	0
006A436A	ATX_COMP_Quest_Camp_Lite_JoeyBello	JoeyBello	97	006A9E48			Custom@1313162067	Scene	50.000000			0	0
006A436A	ATX_COMP_Quest_Camp_Lite_JoeyBello	JoeyBello	98	006A9E49			Custom@1313162067	Scene	50.000000			0	0
006A436A	ATX_COMP_Quest_Camp_Lite_JoeyBello	JoeyBello	99	006A9E4A			Custom@1313162067	Scene	50.000000			0	0
006A436A	ATX_COMP_Quest_Camp_Lite_JoeyBello	JoeyBello	100	006A9E4B			Custom@1313162067	Scene	50.000000			0	0
006A436A	ATX_COMP_Quest_Camp_Lite_JoeyBello	JoeyBello	101	006A9E4C			Custom@1313162067	Scene	50.000000			0	0
006A436A	ATX_COMP_Quest_Camp_Lite_JoeyBello	JoeyBello	102	006A9E4D			Custom@1313162067	Scene	50.000000			0	0
006A436A	ATX_COMP_Quest_Camp_Lite_JoeyBello	JoeyBello	103	006A9E4E			Custom@1313162067	Scene	50.000000			0	0
006A436A	ATX_COMP_Quest_Camp_Lite_JoeyBello	JoeyBello	104	006A9E50		How to you come up with your jokes?	Custom@1313162067	Scene	50.000000			1	4
006A436A	ATX_COMP_Quest_Camp_Lite_JoeyBello	JoeyBello	105	006A9E52		No, I'm just curious.	Custom@1313162067	Scene	50.000000			1	1
006A436A	ATX_COMP_Quest_Camp_Lite_JoeyBello	JoeyBello	106	006A9E53		Actually, yes!	Custom@1313162067	Scene	50.000000			1	3
006A436A	ATX_COMP_Quest_Camp_Lite_JoeyBello	JoeyBello	107	006A9E54		Where do you get your chems from?	Custom@1313162067	Scene	50.000000			1	1
006A436A	ATX_COMP_Quest_Camp_Lite_JoeyBello	JoeyBello	108	006A9E55		I fucking love chems!	Custom@1313162067	Scene	50.000000			1	4
006A436A	ATX_COMP_Quest_Camp_Lite_JoeyBello	JoeyBello	109	006A9E56		That stuff will kill you.	Custom@1313162067	Scene	50.000000			1	4
006A436A	ATX_COMP_Quest_Camp_Lite_JoeyBello	JoeyBello	110	006A9E57		You take a lot of chems?	Custom@1313162067	Scene	50.000000			1	3
006A436A	ATX_COMP_Quest_Camp_Lite_JoeyBello	JoeyBello	111	006A9E60			Custom@1313162067	Scene	50.000000			0	0
006A436A	ATX_COMP_Quest_Camp_Lite_JoeyBello	JoeyBello	112	006A9E61			Custom@1313162067	Scene	50.000000			0	0
006A436A	ATX_COMP_Quest_Camp_Lite_JoeyBello	JoeyBello	113	006A9E62			Custom@1313162067	Scene	50.000000			0	0
006A436A	ATX_COMP_Quest_Camp_Lite_JoeyBello	JoeyBello	114	006A9E63			Custom@1313162067	Scene	50.000000			0	0
006A436A	ATX_COMP_Quest_Camp_Lite_JoeyBello	JoeyBello	115	006A9E64		Your act is shit. You're a terrible comedian.	Custom@1313162067	Scene	50.000000			1	2
006A436A	ATX_COMP_Quest_Camp_Lite_JoeyBello	JoeyBello	116	006A9E65		Your act needs more pizzazz. Have you considered using props?	Custom@1313162067	Scene	50.000000			1	1
006A436A	ATX_COMP_Quest_Camp_Lite_JoeyBello	JoeyBello	117	006A9E66		Keep it up! You're funny.	Custom@1313162067	Scene	50.000000			3	5
006A436A	ATX_COMP_Quest_Camp_Lite_JoeyBello	JoeyBello	118	006A9E67		I've got some feedback on your act.	Custom@1313162067	Scene	50.000000			1	1
006A436A	ATX_COMP_Quest_Camp_Lite_JoeyBello	JoeyBello	119	006A9F6E			Custom@1313162067	Scene	50.000000			5	7
006A436A	ATX_COMP_Quest_Camp_Lite_JoeyBello	JoeyBello	120	006A9F6F			Custom@1313162067	Scene	50.000000			3	5
006A436A	ATX_COMP_Quest_Camp_Lite_JoeyBello	JoeyBello	121	006A9F70			Custom@1313162067	Scene	50.000000			5	11
006A436A	ATX_COMP_Quest_Camp_Lite_JoeyBello	JoeyBello	122	006A9F71			Custom@1313162067	Scene	50.000000			3	6
006A436A	ATX_COMP_Quest_Camp_Lite_JoeyBello	JoeyBello	123	006A9F72			Custom@1313162067	Scene	50.000000			3	6
006A436A	ATX_COMP_Quest_Camp_Lite_JoeyBello	JoeyBello	124	006A9F73			Custom@1313162067	Scene	50.000000			9	11
006A436A	ATX_COMP_Quest_Camp_Lite_JoeyBello	JoeyBello	125	006A9F98			Custom@1313162067	Scene	50.000000			4	9
006A436A	ATX_COMP_Quest_Camp_Lite_JoeyBello	JoeyBello	126	006A9F99			Custom@1313162067	Scene	50.000000			1	2
006A436A	ATX_COMP_Quest_Camp_Lite_JoeyBello	JoeyBello	127	006AA5D5			Custom@1313162067	Scene	50.000000			40	54
006A436A	ATX_COMP_Quest_Camp_Lite_JoeyBello	JoeyBello	128	006AA62A			Custom@1313162067	Scene	50.000000			0	0
006A436A	ATX_COMP_Quest_Camp_Lite_JoeyBello	JoeyBello	129	006AA62B			Custom@1313162067	Scene	50.000000			0	0
006A436A	ATX_COMP_Quest_Camp_Lite_JoeyBello	JoeyBello	130	006AA62C			Custom@1313162067	Scene	50.000000			0	0
006A436A	ATX_COMP_Quest_Camp_Lite_JoeyBello	JoeyBello	131	006AA62D			Custom@1313162067	Scene	50.000000			0	0
006A436A	ATX_COMP_Quest_Camp_Lite_JoeyBello	JoeyBello	132	006AA62E		You can stay for now but don't get comfy.	Custom@1313162067	Scene	50.000000			1	1
006A436A	ATX_COMP_Quest_Camp_Lite_JoeyBello	JoeyBello	133	006AA62F		You're welcome to stay for as long as you need.	Custom@1313162067	Scene	50.000000			1	1
006A436A	ATX_COMP_Quest_Camp_Lite_JoeyBello	JoeyBello	134	006AA630		Where would you go?	Custom@1313162067	Scene	50.000000			1	3
006A436A	ATX_COMP_Quest_Camp_Lite_JoeyBello	JoeyBello	135	006AA631		Are you planning to stay in Appalachia?	Custom@1313162067	Scene	50.000000			1	1
006A436A	ATX_COMP_Quest_Camp_Lite_JoeyBello	JoeyBello	136	006AA95D			Custom@1313162067	Scene	50.000000			3	5
006A436A	ATX_COMP_Quest_Camp_Lite_JoeyBello	JoeyBello	137	006AE3D3			Custom@1313162067	Scene	50.000000			0	0
006A436A	ATX_COMP_Quest_Camp_Lite_JoeyBello	JoeyBello	138	006AE3D4			Custom@1313162067	Scene	50.000000			0	0
006A436A	ATX_COMP_Quest_Camp_Lite_JoeyBello	JoeyBello	139	006AE3D5			Custom@1313162067	Scene	50.000000			0	0
006A436A	ATX_COMP_Quest_Camp_Lite_JoeyBello	JoeyBello	140	006AE3D6			Custom@1313162067	Scene	50.000000			0	0
006A436A	ATX_COMP_Quest_Camp_Lite_JoeyBello	JoeyBello	141	006AE3D8			Custom@1313162067	Scene	50.000000			0	0
006A436A	ATX_COMP_Quest_Camp_Lite_JoeyBello	JoeyBello	142	006AE3D9			Custom@1313162067	Scene	50.000000			0	0
006A436A	ATX_COMP_Quest_Camp_Lite_JoeyBello	JoeyBello	143	006AE3DA			Custom@1313162067	Scene	50.000000			0	0
006A436A	ATX_COMP_Quest_Camp_Lite_JoeyBello	JoeyBello	144	006AE3DB		Sorry, Joey.  Maybe that was a little harsh.	Custom@1313162067	Scene	50.000000			1	1
006A436A	ATX_COMP_Quest_Camp_Lite_JoeyBello	JoeyBello	145	006AE3DD		Geez. What happend to "water off a radgull's back"?	Custom@1313162067	Scene	50.000000			1	1
006A436A	ATX_COMP_Quest_Camp_Lite_JoeyBello	JoeyBello	146	006AE3DE		Let me ask you about something else.	Custom@1313162067	Scene	50.000000			3	9
006A436A	ATX_COMP_Quest_Camp_Lite_JoeyBello	JoeyBello	147	006AE3DF		Got any more gossip?	Custom@1313162067	Scene	50.000000			5	11
006A436A	ATX_COMP_Quest_Camp_Lite_JoeyBello	JoeyBello	148	006AE3E0		That's enough jokes for now.	Custom@1313162067	Scene	50.000000			4	8
006A436A	ATX_COMP_Quest_Camp_Lite_JoeyBello	JoeyBello	149	006AE3E1		Haha! Tell me another one!	Custom@1313162067	Scene	50.000000			6	10
006A436A	ATX_COMP_Quest_Camp_Lite_JoeyBello	JoeyBello	150	006AE3E2		Good one, Joey!	Custom@1313162067	Scene	50.000000			4	6
006A436A	ATX_COMP_Quest_Camp_Lite_JoeyBello	JoeyBello	151	006B4F74			Custom@1313162067	Scene	50.000000			0	0
006A436A	ATX_COMP_Quest_Camp_Lite_JoeyBello	JoeyBello	152	006B4F75		What's with the jar on your stage?	Custom@1313162067	Scene	50.000000			1	1
006DC95D	ATX_COMP_Quest_Camp_Lite_GrandmaJunko	GrandmaJunko	0	006DC95E			Idle	Miscellaneous	50.000000			14	16
006DC95D	ATX_COMP_Quest_Camp_Lite_GrandmaJunko	GrandmaJunko	1	006DC95F			Hello	Miscellaneous	50.000000			20	22
006DC95D	ATX_COMP_Quest_Camp_Lite_GrandmaJunko	GrandmaJunko	2	006DC960			Greeting	Miscellaneous	50.000000			18	24
006DC95D	ATX_COMP_Quest_Camp_Lite_GrandmaJunko	GrandmaJunko	3	006E228D			Shared Info	Miscellaneous	50.000000			5	8
006DC95D	ATX_COMP_Quest_Camp_Lite_GrandmaJunko	GrandmaJunko	4	006E228E			Custom@1313162067	Scene	50.000000			1	2
006DC95D	ATX_COMP_Quest_Camp_Lite_GrandmaJunko	GrandmaJunko	5	006E228F		You can stay. For now.	Custom@1313162067	Scene	50.000000			1	3
006DC95D	ATX_COMP_Quest_Camp_Lite_GrandmaJunko	GrandmaJunko	6	006E2290			Custom@1313162067	Scene	50.000000			0	0
006DC95D	ATX_COMP_Quest_Camp_Lite_GrandmaJunko	GrandmaJunko	7	006E2291		Well, as long as you cook for me, I guess you can rest here.	Custom@1313162067	Scene	50.000000			1	3
006DC95D	ATX_COMP_Quest_Camp_Lite_GrandmaJunko	GrandmaJunko	8	006E2292			Custom@1313162067	Scene	50.000000			0	0
006DC95D	ATX_COMP_Quest_Camp_Lite_GrandmaJunko	GrandmaJunko	9	006E2293		Why should I let you stay?	Custom@1313162067	Scene	50.000000			1	2
006DC95D	ATX_COMP_Quest_Camp_Lite_GrandmaJunko	GrandmaJunko	10	006E2294			Custom@1313162067	Scene	50.000000			0	0
006DC95D	ATX_COMP_Quest_Camp_Lite_GrandmaJunko	GrandmaJunko	11	006E2295		Stay as long as you need.	Custom@1313162067	Scene	50.000000			1	2
006DC95D	ATX_COMP_Quest_Camp_Lite_GrandmaJunko	GrandmaJunko	12	006E2296			Custom@1313162067	Scene	50.000000			0	0
006DC95D	ATX_COMP_Quest_Camp_Lite_GrandmaJunko	GrandmaJunko	13	006E2297		I know a fool's errand when I see one.	Custom@1313162067	Scene	50.000000			1	2
006DC95D	ATX_COMP_Quest_Camp_Lite_GrandmaJunko	GrandmaJunko	14	006E2298			Custom@1313162067	Scene	50.000000			0	0
006DC95D	ATX_COMP_Quest_Camp_Lite_GrandmaJunko	GrandmaJunko	15	006E2299		Do you need something?	Custom@1313162067	Scene	50.000000			1	1
006DC95D	ATX_COMP_Quest_Camp_Lite_GrandmaJunko	GrandmaJunko	16	006E229A			Custom@1313162067	Scene	50.000000			0	0
006DC95D	ATX_COMP_Quest_Camp_Lite_GrandmaJunko	GrandmaJunko	17	006E229B		Can I help you look for them?	Custom@1313162067	Scene	50.000000			1	2
006DC95D	ATX_COMP_Quest_Camp_Lite_GrandmaJunko	GrandmaJunko	18	006E229C			Custom@1313162067	Scene	50.000000			0	0
006DC95D	ATX_COMP_Quest_Camp_Lite_GrandmaJunko	GrandmaJunko	19	006E229D			Custom@1313162067	Scene	50.000000			1	2
006DC95D	ATX_COMP_Quest_Camp_Lite_GrandmaJunko	GrandmaJunko	20	006E229E		This isn't the seniors' home. Get lost, granny.	Custom@1313162067	Scene	50.000000			1	1
006DC95D	ATX_COMP_Quest_Camp_Lite_GrandmaJunko	GrandmaJunko	21	006E229F			Custom@1313162067	Scene	50.000000			0	0
006DC95D	ATX_COMP_Quest_Camp_Lite_GrandmaJunko	GrandmaJunko	22	006E22A0		What are you doing here?	Custom@1313162067	Scene	50.000000			1	1
006DC95D	ATX_COMP_Quest_Camp_Lite_GrandmaJunko	GrandmaJunko	23	006E22A1			Custom@1313162067	Scene	50.000000			0	0
006DC95D	ATX_COMP_Quest_Camp_Lite_GrandmaJunko	GrandmaJunko	24	006E22A2		Excuse me, are you okay?	Custom@1313162067	Scene	50.000000			1	1
006DC95D	ATX_COMP_Quest_Camp_Lite_GrandmaJunko	GrandmaJunko	25	006E22A3			Custom@1313162067	Scene	50.000000			0	0
006DC95D	ATX_COMP_Quest_Camp_Lite_GrandmaJunko	GrandmaJunko	26	006E22A4			Custom@1313162067	Scene	50.000000			1	2
006DC95D	ATX_COMP_Quest_Camp_Lite_GrandmaJunko	GrandmaJunko	27	006E3432		I'm sorry, I didn't know.	Custom@1313162067	Scene	50.000000			1	3
006DC95D	ATX_COMP_Quest_Camp_Lite_GrandmaJunko	GrandmaJunko	28	006E3433			Custom@1313162067	Scene	50.000000			0	0
006DC95D	ATX_COMP_Quest_Camp_Lite_GrandmaJunko	GrandmaJunko	29	006E3434		Wow. That was a lot.	Custom@1313162067	Scene	50.000000			1	3
006DC95D	ATX_COMP_Quest_Camp_Lite_GrandmaJunko	GrandmaJunko	30	006E3435			Custom@1313162067	Scene	50.000000			0	0
006DC95D	ATX_COMP_Quest_Camp_Lite_GrandmaJunko	GrandmaJunko	31	006E3436		[Let her continue]	Custom@1313162067	Scene	50.000000			1	6
006DC95D	ATX_COMP_Quest_Camp_Lite_GrandmaJunko	GrandmaJunko	32	006E3437			Custom@1313162067	Scene	50.000000			0	0
006DC95D	ATX_COMP_Quest_Camp_Lite_GrandmaJunko	GrandmaJunko	33	006E3438		I get the idea. You don't need to keep going.	Custom@1313162067	Scene	50.000000			1	2
006DC95D	ATX_COMP_Quest_Camp_Lite_GrandmaJunko	GrandmaJunko	34	006E3439			Custom@1313162067	Scene	50.000000			0	0
006DC95D	ATX_COMP_Quest_Camp_Lite_GrandmaJunko	GrandmaJunko	35	006E343A		[Insist] I don't want secrets in my home.	Custom@1313162067	Scene	50.000000			1	5
006DC95D	ATX_COMP_Quest_Camp_Lite_GrandmaJunko	GrandmaJunko	36	006E343B			Custom@1313162067	Scene	50.000000			0	0
006DC95D	ATX_COMP_Quest_Camp_Lite_GrandmaJunko	GrandmaJunko	37	006E343C		I'm sorry. Let's talk about something else.	Custom@1313162067	Scene	50.000000			1	3
006DC95D	ATX_COMP_Quest_Camp_Lite_GrandmaJunko	GrandmaJunko	38	006E343D			Custom@1313162067	Scene	50.000000			0	0
006DC95D	ATX_COMP_Quest_Camp_Lite_GrandmaJunko	GrandmaJunko	39	006E343E		[Strength 8+] Tell me or else!	Custom@1313162067	Scene	50.000000			1	2
006DC95D	ATX_COMP_Quest_Camp_Lite_GrandmaJunko	GrandmaJunko	40	006E343F			Custom@1313162067	Scene	50.000000			0	0
006DC95D	ATX_COMP_Quest_Camp_Lite_GrandmaJunko	GrandmaJunko	41	006E3440		I'm sorry. Let's talk about something else.	Custom@1313162067	Scene	50.000000			1	3
006DC95D	ATX_COMP_Quest_Camp_Lite_GrandmaJunko	GrandmaJunko	42	006E3441			Custom@1313162067	Scene	50.000000			0	0
006DC95D	ATX_COMP_Quest_Camp_Lite_GrandmaJunko	GrandmaJunko	43	006E3442		[Intelligence 8+] Sounds like radiation poisoning.	Custom@1313162067	Scene	50.000000			1	1
006DC95D	ATX_COMP_Quest_Camp_Lite_GrandmaJunko	GrandmaJunko	44	006E3443			Custom@1313162067	Scene	50.000000			0	0
006DC95D	ATX_COMP_Quest_Camp_Lite_GrandmaJunko	GrandmaJunko	45	006E3444		I'm sorry. Let's talk about something else.	Custom@1313162067	Scene	50.000000			1	3
006DC95D	ATX_COMP_Quest_Camp_Lite_GrandmaJunko	GrandmaJunko	46	006E3445			Custom@1313162067	Scene	50.000000			0	0
006DC95D	ATX_COMP_Quest_Camp_Lite_GrandmaJunko	GrandmaJunko	47	006E3446		I insist.	Custom@1313162067	Scene	50.000000			1	1
006DC95D	ATX_COMP_Quest_Camp_Lite_GrandmaJunko	GrandmaJunko	48	006E3447			Custom@1313162067	Scene	50.000000			0	0
006DC95D	ATX_COMP_Quest_Camp_Lite_GrandmaJunko	GrandmaJunko	49	006E3448		Let's change topics.	Custom@1313162067	Scene	50.000000			1	3
006DC95D	ATX_COMP_Quest_Camp_Lite_GrandmaJunko	GrandmaJunko	50	006E3449			Custom@1313162067	Scene	50.000000			0	0
006DC95D	ATX_COMP_Quest_Camp_Lite_GrandmaJunko	GrandmaJunko	51	006E344A		That's terrible. What seems to be the issue?	Custom@1313162067	Scene	50.000000			1	1
006DC95D	ATX_COMP_Quest_Camp_Lite_GrandmaJunko	GrandmaJunko	52	006E344B			Custom@1313162067	Scene	50.000000			0	0
006DC95D	ATX_COMP_Quest_Camp_Lite_GrandmaJunko	GrandmaJunko	53	006E344C		Let's change topics.	Custom@1313162067	Scene	50.000000			1	3
006DC95D	ATX_COMP_Quest_Camp_Lite_GrandmaJunko	GrandmaJunko	54	006E344D			Custom@1313162067	Scene	50.000000			0	0
006DC95D	ATX_COMP_Quest_Camp_Lite_GrandmaJunko	GrandmaJunko	55	006E344E		But you said he was retired.	Custom@1313162067	Scene	50.000000			1	1
006DC95D	ATX_COMP_Quest_Camp_Lite_GrandmaJunko	GrandmaJunko	56	006E344F			Custom@1313162067	Scene	50.000000			0	0
006DC95D	ATX_COMP_Quest_Camp_Lite_GrandmaJunko	GrandmaJunko	57	006E3450		Let's change topics.	Custom@1313162067	Scene	50.000000			1	3
006DC95D	ATX_COMP_Quest_Camp_Lite_GrandmaJunko	GrandmaJunko	58	006E3451			Custom@1313162067	Scene	50.000000			0	0
006DC95D	ATX_COMP_Quest_Camp_Lite_GrandmaJunko	GrandmaJunko	59	006E3452		[Perception 8+] Why isn't your husband traveling with you?	Custom@1313162067	Scene	50.000000			1	1
006DC95D	ATX_COMP_Quest_Camp_Lite_GrandmaJunko	GrandmaJunko	60	006E3453			Custom@1313162067	Scene	50.000000			0	0
006DC95D	ATX_COMP_Quest_Camp_Lite_GrandmaJunko	GrandmaJunko	61	006E3454		You must miss them.	Custom@1313162067	Scene	50.000000			1	2
006DC95D	ATX_COMP_Quest_Camp_Lite_GrandmaJunko	GrandmaJunko	62	006E3455			Custom@1313162067	Scene	50.000000			0	0
006DC95D	ATX_COMP_Quest_Camp_Lite_GrandmaJunko	GrandmaJunko	63	006E3456			Custom@1313162067	Scene	50.000000			5	11
006DC95D	ATX_COMP_Quest_Camp_Lite_GrandmaJunko	GrandmaJunko	64	006E3457		That's all I wanted.	Custom@1313162067	Scene	50.000000			1	1
006DC95D	ATX_COMP_Quest_Camp_Lite_GrandmaJunko	GrandmaJunko	65	006E3458			Custom@1313162067	Scene	50.000000			0	0
006DC95D	ATX_COMP_Quest_Camp_Lite_GrandmaJunko	GrandmaJunko	66	006E3459		Could you cook something for me?	Custom@1313162067	Scene	50.000000			3	5
006DC95D	ATX_COMP_Quest_Camp_Lite_GrandmaJunko	GrandmaJunko	67	006E345A			Custom@1313162067	Scene	50.000000			0	0
006DC95D	ATX_COMP_Quest_Camp_Lite_GrandmaJunko	GrandmaJunko	68	006E345B		Let's see what you've got for sale.	Custom@1313162067	Scene	50.000000			4	6
006DC95D	ATX_COMP_Quest_Camp_Lite_GrandmaJunko	GrandmaJunko	69	006E345C			Custom@1313162067	Scene	50.000000			0	0
006DC95D	ATX_COMP_Quest_Camp_Lite_GrandmaJunko	GrandmaJunko	70	006E345D		I went to Flatwoods and learned how to cook.	Custom@1313162067	Scene	50.000000			1	2
006DC95D	ATX_COMP_Quest_Camp_Lite_GrandmaJunko	GrandmaJunko	71	006E345E			Custom@1313162067	Scene	50.000000			0	0
006DC95D	ATX_COMP_Quest_Camp_Lite_GrandmaJunko	GrandmaJunko	72	006E345F		Talk to you later.	Custom@1313162067	Scene	50.000000			4	4
006DC95D	ATX_COMP_Quest_Camp_Lite_GrandmaJunko	GrandmaJunko	73	006E3460			Custom@1313162067	Scene	50.000000			0	0
006DC95D	ATX_COMP_Quest_Camp_Lite_GrandmaJunko	GrandmaJunko	74	006E3461		I have stories from the Wasteland.	Custom@1313162067	Scene	50.000000			1	1
006DC95D	ATX_COMP_Quest_Camp_Lite_GrandmaJunko	GrandmaJunko	75	006E3462			Custom@1313162067	Scene	50.000000			0	0
006DC95D	ATX_COMP_Quest_Camp_Lite_GrandmaJunko	GrandmaJunko	76	006E3463		Tell me more about yourself.	Custom@1313162067	Scene	50.000000			1	1
006DC95D	ATX_COMP_Quest_Camp_Lite_GrandmaJunko	GrandmaJunko	77	006E3464			Custom@1313162067	Scene	50.000000			0	0
006DC95D	ATX_COMP_Quest_Camp_Lite_GrandmaJunko	GrandmaJunko	78	006E3465		I'm in need of your services.	Custom@1313162067	Scene	50.000000			1	1
006DC95D	ATX_COMP_Quest_Camp_Lite_GrandmaJunko	GrandmaJunko	79	006E3466			Custom@1313162067	Scene	50.000000			0	0
006DC95D	ATX_COMP_Quest_Camp_Lite_GrandmaJunko	GrandmaJunko	80	006E3467		I'm in need of your services.	Custom@1313162067	Scene	50.000000			1	2
006DC95D	ATX_COMP_Quest_Camp_Lite_GrandmaJunko	GrandmaJunko	81	006E3468			Custom@1313162067	Scene	50.000000			0	0
006DC95D	ATX_COMP_Quest_Camp_Lite_GrandmaJunko	GrandmaJunko	82	006E3469		I want to go back to my earlier questions.	Custom@1313162067	Scene	50.000000			1	1
006DC95D	ATX_COMP_Quest_Camp_Lite_GrandmaJunko	GrandmaJunko	83	006E346A			Custom@1313162067	Scene	50.000000			0	0
006DC95D	ATX_COMP_Quest_Camp_Lite_GrandmaJunko	GrandmaJunko	84	006E346B		Tell me about your family.	Custom@1313162067	Scene	50.000000			1	2
006DC95D	ATX_COMP_Quest_Camp_Lite_GrandmaJunko	GrandmaJunko	85	006E346C			Custom@1313162067	Scene	50.000000			0	0
006DC95D	ATX_COMP_Quest_Camp_Lite_GrandmaJunko	GrandmaJunko	86	006E346D		Tell me about your family.	Custom@1313162067	Scene	50.000000			1	4
006DC95D	ATX_COMP_Quest_Camp_Lite_GrandmaJunko	GrandmaJunko	87	006E346E			Custom@1313162067	Scene	50.000000			0	0
006DC95D	ATX_COMP_Quest_Camp_Lite_GrandmaJunko	GrandmaJunko	88	006E346F		Where are you from?	Custom@1313162067	Scene	50.000000			1	4
006DC95D	ATX_COMP_Quest_Camp_Lite_GrandmaJunko	GrandmaJunko	89	006E3470			Custom@1313162067	Scene	50.000000			0	0
006DC95D	ATX_COMP_Quest_Camp_Lite_GrandmaJunko	GrandmaJunko	90	006E3471		"Junk-o" is a very unique name.	Custom@1313162067	Scene	50.000000			1	3
006DC95D	ATX_COMP_Quest_Camp_Lite_GrandmaJunko	GrandmaJunko	91	006E3472			Custom@1313162067	Scene	50.000000			0	0
006DC95D	ATX_COMP_Quest_Camp_Lite_GrandmaJunko	GrandmaJunko	92	006E3473		What was your life like before the war?	Custom@1313162067	Scene	50.000000			1	1
006DC95D	ATX_COMP_Quest_Camp_Lite_GrandmaJunko	GrandmaJunko	93	006E3474			Custom@1313162067	Scene	50.000000			0	0
006DC95D	ATX_COMP_Quest_Camp_Lite_GrandmaJunko	GrandmaJunko	94	006E3475		How are you still alive?	Custom@1313162067	Scene	50.000000			1	2
006DC95D	ATX_COMP_Quest_Camp_Lite_GrandmaJunko	GrandmaJunko	95	006E3476			Custom@1313162067	Scene	50.000000			0	0
006DC95D	ATX_COMP_Quest_Camp_Lite_GrandmaJunko	GrandmaJunko	96	006E3477		Have you met anyone interesting recently?	Custom@1313162067	Scene	50.000000			1	3
006DC95D	ATX_COMP_Quest_Camp_Lite_GrandmaJunko	GrandmaJunko	97	006E3478			Custom@1313162067	Scene	50.000000			0	0
006DC95D	ATX_COMP_Quest_Camp_Lite_GrandmaJunko	GrandmaJunko	98	006E3479			Custom@1313162067	Scene	50.000000			0	0
006DC95D	ATX_COMP_Quest_Camp_Lite_GrandmaJunko	GrandmaJunko	99	006E347A		I helped create a cure for the Scorched Plague.	Custom@1313162067	Scene	50.000000			1	1
006DC95D	ATX_COMP_Quest_Camp_Lite_GrandmaJunko	GrandmaJunko	100	006E347B			Custom@1313162067	Scene	50.000000			0	0
006DC95D	ATX_COMP_Quest_Camp_Lite_GrandmaJunko	GrandmaJunko	101	006E347C		I joined the Order of Mysteries and became trained in different types of combat.	Custom@1313162067	Scene	50.000000			1	2
006DC95D	ATX_COMP_Quest_Camp_Lite_GrandmaJunko	GrandmaJunko	102	006E347D			Custom@1313162067	Scene	50.000000			0	0
006DC95D	ATX_COMP_Quest_Camp_Lite_GrandmaJunko	GrandmaJunko	103	006E347E		I graduated VTU and became an Overseer.	Custom@1313162067	Scene	50.000000			1	2
006DC95D	ATX_COMP_Quest_Camp_Lite_GrandmaJunko	GrandmaJunko	104	006E347F			Custom@1313162067	Scene	50.000000			0	0
006DC95D	ATX_COMP_Quest_Camp_Lite_GrandmaJunko	GrandmaJunko	105	006E3480		I became mayor of a town of robots.	Custom@1313162067	Scene	50.000000			1	1
006DC95D	ATX_COMP_Quest_Camp_Lite_GrandmaJunko	GrandmaJunko	106	006E3481			Custom@1313162067	Scene	50.000000			0	0
006DC95D	ATX_COMP_Quest_Camp_Lite_GrandmaJunko	GrandmaJunko	107	006E3482		I went to the Charleston Capitol building and fought through hoards of mindless creatures attacking me.	Custom@1313162067	Scene	50.000000			1	2
006DC95D	ATX_COMP_Quest_Camp_Lite_GrandmaJunko	GrandmaJunko	108	006E3483			Custom@1313162067	Scene	50.000000			0	0
006DC95D	ATX_COMP_Quest_Camp_Lite_GrandmaJunko	GrandmaJunko	109	006E3484		I want to go back to my earlier questions.	Custom@1313162067	Scene	50.000000			1	1
006DC95D	ATX_COMP_Quest_Camp_Lite_GrandmaJunko	GrandmaJunko	110	006E3485			Custom@1313162067	Scene	50.000000			0	0
006DC95D	ATX_COMP_Quest_Camp_Lite_GrandmaJunko	GrandmaJunko	111	006E3486		The cure is in a special bottle of Nuka-Cola.	Custom@1313162067	Scene	50.000000			1	3
006DC95D	ATX_COMP_Quest_Camp_Lite_GrandmaJunko	GrandmaJunko	112	006E3487			Custom@1313162067	Scene	50.000000			0	0
006DC95D	ATX_COMP_Quest_Camp_Lite_GrandmaJunko	GrandmaJunko	113	006E3488		The Scorched Plague is a very real threat. The cure is in Nuka-Cola.	Custom@1313162067	Scene	50.000000			1	3
006DC95D	ATX_COMP_Quest_Camp_Lite_GrandmaJunko	GrandmaJunko	114	006E3489			Custom@1313162067	Scene	50.000000			0	0
006DC95D	ATX_COMP_Quest_Camp_Lite_GrandmaJunko	GrandmaJunko	115	006E348A		Super Mutants. The big green guys.	Custom@1313162067	Scene	50.000000			1	4
006DC95D	ATX_COMP_Quest_Camp_Lite_GrandmaJunko	GrandmaJunko	116	006E348B			Custom@1313162067	Scene	50.000000			0	0
006DC95D	ATX_COMP_Quest_Camp_Lite_GrandmaJunko	GrandmaJunko	117	006E348C		Mothman Cultists. The fanatics praying to a bug.	Custom@1313162067	Scene	50.000000			1	3
006DC95D	ATX_COMP_Quest_Camp_Lite_GrandmaJunko	GrandmaJunko	118	006E348D			Custom@1313162067	Scene	50.000000			0	0
006DC95D	ATX_COMP_Quest_Camp_Lite_GrandmaJunko	GrandmaJunko	119	006E348E		Raiders. Those rough people wearing weird scraps of junk as outfits.	Custom@1313162067	Scene	50.000000			1	2
006DC95D	ATX_COMP_Quest_Camp_Lite_GrandmaJunko	GrandmaJunko	120	006E348F			Custom@1313162067	Scene	50.000000			0	0
006DC95D	ATX_COMP_Quest_Camp_Lite_GrandmaJunko	GrandmaJunko	121	006E3490		Responders. Those people helping out inside the Whitespring.	Custom@1313162067	Scene	50.000000			1	3
006DC95D	ATX_COMP_Quest_Camp_Lite_GrandmaJunko	GrandmaJunko	122	006E3491			Custom@1313162067	Scene	50.000000			0	0
006DC95D	ATX_COMP_Quest_Camp_Lite_GrandmaJunko	GrandmaJunko	123	006E3492		Scorched. The red people with green crystals.	Custom@1313162067	Scene	50.000000			1	2
006DC95D	ATX_COMP_Quest_Camp_Lite_GrandmaJunko	GrandmaJunko	124	006E3493			Custom@1313162067	Scene	50.000000			0	0
006DC95D	ATX_COMP_Quest_Camp_Lite_GrandmaJunko	GrandmaJunko	125	006E3494		Settlers. The people with a place at Spruce Knob.	Custom@1313162067	Scene	50.000000			1	3
006DC95D	ATX_COMP_Quest_Camp_Lite_GrandmaJunko	GrandmaJunko	126	006E3495			Custom@1313162067	Scene	50.000000			0	0
006DC95D	ATX_COMP_Quest_Camp_Lite_GrandmaJunko	GrandmaJunko	127	006E3496		Brotherhood of Steel. Those people walking around taking tech and wearing power armor.	Custom@1313162067	Scene	50.000000			1	3
006DC95D	ATX_COMP_Quest_Camp_Lite_GrandmaJunko	GrandmaJunko	128	006E3497			Custom@1313162067	Scene	50.000000			0	0
006DC95D	ATX_COMP_Quest_Camp_Lite_GrandmaJunko	GrandmaJunko	129	006E3498		Enclave. The secret agency that ran America right into the ground.	Custom@1313162067	Scene	50.000000			1	2
006DC95D	ATX_COMP_Quest_Camp_Lite_GrandmaJunko	GrandmaJunko	130	006E3499			Custom@1313162067	Scene	50.000000			0	0
006DC95D	ATX_COMP_Quest_Camp_Lite_GrandmaJunko	GrandmaJunko	131	006E349A		Let's talk about something else.	Custom@1313162067	Scene	50.000000			1	1
006DC95D	ATX_COMP_Quest_Camp_Lite_GrandmaJunko	GrandmaJunko	132	006E349B			Custom@1313162067	Scene	50.000000			1	1
006DC95D	ATX_COMP_Quest_Camp_Lite_GrandmaJunko	GrandmaJunko	133	006E349C			Custom@1313162067	Scene	50.000000			0	0
006DC95D	ATX_COMP_Quest_Camp_Lite_GrandmaJunko	GrandmaJunko	134	006E349D		Yes, I'm very sorry.	Custom@1313162067	Scene	50.000000			1	1
006DC95D	ATX_COMP_Quest_Camp_Lite_GrandmaJunko	GrandmaJunko	135	006E349E			Custom@1313162067	Scene	50.000000			0	0
006DC95D	ATX_COMP_Quest_Camp_Lite_GrandmaJunko	GrandmaJunko	136	006E349F		Nope!	Custom@1313162067	Scene	50.000000			3	3
006DC95D	ATX_COMP_Quest_Camp_Lite_GrandmaJunko	GrandmaJunko	137	006E34A0			Custom@1313162067	Scene	50.000000			0	0
006DC95D	ATX_COMP_Quest_Camp_Lite_GrandmaJunko	GrandmaJunko	138	006E34A1		I can cook my own food.	Custom@1313162067	Scene	50.000000			1	3
006DC95D	ATX_COMP_Quest_Camp_Lite_GrandmaJunko	GrandmaJunko	139	006E34A2			Custom@1313162067	Scene	50.000000			0	0
006DC95D	ATX_COMP_Quest_Camp_Lite_GrandmaJunko	GrandmaJunko	140	006E34A3		Sounds like that's just what I need.	Custom@1313162067	Scene	50.000000			1	1
006DC95D	ATX_COMP_Quest_Camp_Lite_GrandmaJunko	GrandmaJunko	141	006E34A4			Custom@1313162067	Scene	50.000000			0	0
006DC95D	ATX_COMP_Quest_Camp_Lite_GrandmaJunko	GrandmaJunko	142	006E34A5		So you're useless for anything except cooking.	Custom@1313162067	Scene	50.000000			1	3
006DC95D	ATX_COMP_Quest_Camp_Lite_GrandmaJunko	GrandmaJunko	143	006E34A6			Custom@1313162067	Scene	50.000000			1	1
006DC95D	ATX_COMP_Quest_Camp_Lite_GrandmaJunko	GrandmaJunko	144	006E34A7			Custom@1313162067	Scene	50.000000			0	0
006DC95D	ATX_COMP_Quest_Camp_Lite_GrandmaJunko	GrandmaJunko	145	006E34A8		That was delicious!	Custom@1313162067	Scene	50.000000			1	1
006DC95D	ATX_COMP_Quest_Camp_Lite_GrandmaJunko	GrandmaJunko	146	006E34A9			Custom@1313162067	Scene	50.000000			0	0
006DC95D	ATX_COMP_Quest_Camp_Lite_GrandmaJunko	GrandmaJunko	147	006E34AA		Thanks for the grub granny!	Custom@1313162067	Scene	50.000000			1	1
006DC95D	ATX_COMP_Quest_Camp_Lite_GrandmaJunko	GrandmaJunko	148	006E34AB			Custom@1313162067	Scene	50.000000			0	0
006DC95D	ATX_COMP_Quest_Camp_Lite_GrandmaJunko	GrandmaJunko	149	006E34AC		[BURP!]	Custom@1313162067	Scene	50.000000			1	1
006DC95D	ATX_COMP_Quest_Camp_Lite_GrandmaJunko	GrandmaJunko	150	006E34AD			Custom@1313162067	Scene	50.000000			0	0
006DC95D	ATX_COMP_Quest_Camp_Lite_GrandmaJunko	GrandmaJunko	151	006E34AE		I meant more in relation to the post-apocalyptic hellscape.	Custom@1313162067	Scene	50.000000			1	1
006DC95D	ATX_COMP_Quest_Camp_Lite_GrandmaJunko	GrandmaJunko	152	006E34AF			Custom@1313162067	Scene	50.000000			0	0
006DC95D	ATX_COMP_Quest_Camp_Lite_GrandmaJunko	GrandmaJunko	153	006E34B0		Not that. How have you not been shot at by the more violent locals?	Custom@1313162067	Scene	50.000000			1	2
006DC95D	ATX_COMP_Quest_Camp_Lite_GrandmaJunko	GrandmaJunko	154	006E34B1			Custom@1313162067	Scene	50.000000			0	0
006DC95D	ATX_COMP_Quest_Camp_Lite_GrandmaJunko	GrandmaJunko	155	006E34B2		I mean the Great War.	Custom@1313162067	Scene	50.000000			1	2
006DC95D	ATX_COMP_Quest_Camp_Lite_GrandmaJunko	GrandmaJunko	156	006E34B3			Custom@1313162067	Scene	50.000000			0	0
006DC95D	ATX_COMP_Quest_Camp_Lite_GrandmaJunko	GrandmaJunko	157	006E34B4		Ancient if I'm being quite honest.	Custom@1313162067	Scene	50.000000			1	2
0073E934	ATX_COMP_Quest_Camp_Lite_Adelaide	Adelaide	0	0073E935			Greeting	Miscellaneous	50.000000			10	12
0073E934	ATX_COMP_Quest_Camp_Lite_Adelaide	Adelaide	1	0073E936			Custom@1313162067	Scene	50.000000			1	1
0073E934	ATX_COMP_Quest_Camp_Lite_Adelaide	Adelaide	2	00746C01			Hello	Miscellaneous	50.000000			20	22
0073E934	ATX_COMP_Quest_Camp_Lite_Adelaide	Adelaide	3	00746C02			Custom@1313162067	Scene	50.000000			1	3
0073E934	ATX_COMP_Quest_Camp_Lite_Adelaide	Adelaide	4	00746C03		Why should I let you stay here?	Custom@1313162067	Scene	50.000000			1	1
0073E934	ATX_COMP_Quest_Camp_Lite_Adelaide	Adelaide	5	00746C04			Custom@1313162067	Scene	50.000000			0	0
0073E934	ATX_COMP_Quest_Camp_Lite_Adelaide	Adelaide	6	00746C05		You're an Assaultron, how do I know you won't try to kill me?	Custom@1313162067	Scene	50.000000			1	2
0073E934	ATX_COMP_Quest_Camp_Lite_Adelaide	Adelaide	7	00746C06			Custom@1313162067	Scene	50.000000			0	0
0073E934	ATX_COMP_Quest_Camp_Lite_Adelaide	Adelaide	8	00746C07		Sure, welcome to your temporary venue.	Custom@1313162067	Scene	50.000000			1	1
0073E934	ATX_COMP_Quest_Camp_Lite_Adelaide	Adelaide	9	00746C08			Custom@1313162067	Scene	50.000000			0	0
0073E934	ATX_COMP_Quest_Camp_Lite_Adelaide	Adelaide	10	00746C09			Custom@1313162067	Scene	50.000000			1	4
0073E934	ATX_COMP_Quest_Camp_Lite_Adelaide	Adelaide	11	00746C0A		[Lie] My name is also Adelaide.	Custom@1313162067	Scene	50.000000			1	1
0073E934	ATX_COMP_Quest_Camp_Lite_Adelaide	Adelaide	12	00746C0B			Custom@1313162067	Scene	50.000000			0	0
0073E934	ATX_COMP_Quest_Camp_Lite_Adelaide	Adelaide	13	00746C0C		I liked how it looked.	Custom@1313162067	Scene	50.000000			1	1
0073E934	ATX_COMP_Quest_Camp_Lite_Adelaide	Adelaide	14	00746C0D			Custom@1313162067	Scene	50.000000			0	0
0073E934	ATX_COMP_Quest_Camp_Lite_Adelaide	Adelaide	15	00746C0E		It goes with my C.A.M.P.	Custom@1313162067	Scene	50.000000			1	1
0073E934	ATX_COMP_Quest_Camp_Lite_Adelaide	Adelaide	16	00746C0F			Custom@1313162067	Scene	50.000000			0	0
0073E934	ATX_COMP_Quest_Camp_Lite_Adelaide	Adelaide	17	00746C10			Custom@1313162067	Scene	50.000000			1	1
0073E934	ATX_COMP_Quest_Camp_Lite_Adelaide	Adelaide	18	00746C11		Unless the performance is watching me sleep, then no.	Custom@1313162067	Scene	50.000000			1	2
0073E934	ATX_COMP_Quest_Camp_Lite_Adelaide	Adelaide	19	00746C12			Custom@1313162067	Scene	50.000000			0	0
0073E934	ATX_COMP_Quest_Camp_Lite_Adelaide	Adelaide	20	00746C13		No I'm afraid not.	Custom@1313162067	Scene	50.000000			1	1
0073E934	ATX_COMP_Quest_Camp_Lite_Adelaide	Adelaide	21	00746C14			Custom@1313162067	Scene	50.000000			0	0
0073E934	ATX_COMP_Quest_Camp_Lite_Adelaide	Adelaide	22	00746C15		Why on Earth would you think it is?	Custom@1313162067	Scene	50.000000			1	1
0073E934	ATX_COMP_Quest_Camp_Lite_Adelaide	Adelaide	23	00746C16			Custom@1313162067	Scene	50.000000			0	0
0073E934	ATX_COMP_Quest_Camp_Lite_Adelaide	Adelaide	24	00746C17			Custom@1313162067	Scene	50.000000			1	1
0073E934	ATX_COMP_Quest_Camp_Lite_Adelaide	Adelaide	25	00746C18		[Lie] Of course! Plenty of parking too.	Custom@1313162067	Scene	50.000000			1	2
0073E934	ATX_COMP_Quest_Camp_Lite_Adelaide	Adelaide	26	00746C19			Custom@1313162067	Scene	50.000000			0	0
0073E934	ATX_COMP_Quest_Camp_Lite_Adelaide	Adelaide	27	00746C1A		I think you're mistaken, I live here.	Custom@1313162067	Scene	50.000000			1	1
0073E934	ATX_COMP_Quest_Camp_Lite_Adelaide	Adelaide	28	00746C1B			Custom@1313162067	Scene	50.000000			0	0
0073E934	ATX_COMP_Quest_Camp_Lite_Adelaide	Adelaide	29	00746C1C		Who are you?	Custom@1313162067	Scene	50.000000			1	1
0073E934	ATX_COMP_Quest_Camp_Lite_Adelaide	Adelaide	30	00746C1D			Custom@1313162067	Scene	50.000000			0	0
0073E934	ATX_COMP_Quest_Camp_Lite_Adelaide	Adelaide	31	00748E7A			Custom@1313162067	Scene	50.000000			0	0
0073E934	ATX_COMP_Quest_Camp_Lite_Adelaide	Adelaide	32	00748E7B			Custom@1313162067	Scene	50.000000			0	0
0073E934	ATX_COMP_Quest_Camp_Lite_Adelaide	Adelaide	33	00748E7C			Custom@1313162067	Scene	50.000000			0	0
0073E934	ATX_COMP_Quest_Camp_Lite_Adelaide	Adelaide	34	00748E7D			Custom@1313162067	Scene	50.000000			0	0
0073E934	ATX_COMP_Quest_Camp_Lite_Adelaide	Adelaide	35	00748E7E			Custom@1313162067	Scene	50.000000			0	0
0073E934	ATX_COMP_Quest_Camp_Lite_Adelaide	Adelaide	36	00748E7F			Custom@1313162067	Scene	50.000000			0	0
0073E934	ATX_COMP_Quest_Camp_Lite_Adelaide	Adelaide	37	00748E80			Custom@1313162067	Scene	50.000000			0	0
0073E934	ATX_COMP_Quest_Camp_Lite_Adelaide	Adelaide	38	00748E81			Custom@1313162067	Scene	50.000000			0	0
0073E934	ATX_COMP_Quest_Camp_Lite_Adelaide	Adelaide	39	00748E82			Custom@1313162067	Scene	50.000000			0	0
0073E934	ATX_COMP_Quest_Camp_Lite_Adelaide	Adelaide	40	00748E83			Custom@1313162067	Scene	50.000000			0	0
0073E934	ATX_COMP_Quest_Camp_Lite_Adelaide	Adelaide	41	00748E84			Custom@1313162067	Scene	50.000000			0	0
0073E934	ATX_COMP_Quest_Camp_Lite_Adelaide	Adelaide	42	00748E85			Custom@1313162067	Scene	50.000000			0	0
0073E934	ATX_COMP_Quest_Camp_Lite_Adelaide	Adelaide	43	00748E86			Custom@1313162067	Scene	50.000000			0	0
0073E934	ATX_COMP_Quest_Camp_Lite_Adelaide	Adelaide	44	00748E87			Custom@1313162067	Scene	50.000000			0	0
0073E934	ATX_COMP_Quest_Camp_Lite_Adelaide	Adelaide	45	00748E88		I can hit your receiver with a hammer until we're sure it doesn't work anymore.	Custom@1313162067	Scene	50.000000			1	1
0073E934	ATX_COMP_Quest_Camp_Lite_Adelaide	Adelaide	46	00748E89			Custom@1313162067	Scene	50.000000			0	0
0073E934	ATX_COMP_Quest_Camp_Lite_Adelaide	Adelaide	47	00748E8A		[Fix her with Robotics Expert] I actually know a thing or two about the inner workings of robots.	Custom@1313162067	Scene	50.000000			1	1
0073E934	ATX_COMP_Quest_Camp_Lite_Adelaide	Adelaide	48	00748E8B		[Fix using Intelligence 12+] I can alter some functions and make it incapable of receiving a signal.	Custom@1313162067	Scene	50.000000			1	1
0073E934	ATX_COMP_Quest_Camp_Lite_Adelaide	Adelaide	49	00748E8C		[ Luck 12+] Let's try something. Enter Keyword "Ice Cream".	Custom@1313162067	Scene	50.000000			1	4
0073E934	ATX_COMP_Quest_Camp_Lite_Adelaide	Adelaide	50	00748E8D		Actually, let me think on it more.	Custom@1313162067	Scene	50.000000			1	1
0073E934	ATX_COMP_Quest_Camp_Lite_Adelaide	Adelaide	51	00748E8E			Custom@1313162067	Scene	50.000000			1	1
0073E934	ATX_COMP_Quest_Camp_Lite_Adelaide	Adelaide	52	00748E8F		How do you feel?	Custom@1313162067	Scene	50.000000			1	3
0073E934	ATX_COMP_Quest_Camp_Lite_Adelaide	Adelaide	53	00748E90		Feeling less susceptible to murderous suggestions?	Custom@1313162067	Scene	50.000000			1	3
0073E934	ATX_COMP_Quest_Camp_Lite_Adelaide	Adelaide	54	00748E91		I think I heard about that working somewhere before.	Custom@1313162067	Scene	50.000000			1	3
0073E934	ATX_COMP_Quest_Camp_Lite_Adelaide	Adelaide	55	00748E92		I guess Lady Luck was on my side.	Custom@1313162067	Scene	50.000000			1	3
0073E934	ATX_COMP_Quest_Camp_Lite_Adelaide	Adelaide	56	00748E93			Custom@1313162067	Scene	50.000000			1	1
0073E934	ATX_COMP_Quest_Camp_Lite_Adelaide	Adelaide	57	00748E94		[Romance] I want to be able to get close to you.	Custom@1313162067	Scene	50.000000			1	2
0073E934	ATX_COMP_Quest_Camp_Lite_Adelaide	Adelaide	58	00748E95		I wanted to set your mind at ease.	Custom@1313162067	Scene	50.000000			1	2
0073E934	ATX_COMP_Quest_Camp_Lite_Adelaide	Adelaide	59	00748E96		I wanted to know you weren't going to kill me.	Custom@1313162067	Scene	50.000000			1	1
0073E934	ATX_COMP_Quest_Camp_Lite_Adelaide	Adelaide	60	00748E97		I like that you're different. It's fun.	Custom@1313162067	Scene	50.000000			1	2
0073E934	ATX_COMP_Quest_Camp_Lite_Adelaide	Adelaide	61	00748E98		We may have different hardware, but I think we're still compatible.	Custom@1313162067	Scene	50.000000			1	1
0073E934	ATX_COMP_Quest_Camp_Lite_Adelaide	Adelaide	62	00748E99		You were never worried about being like someone else before. Why start now?	Custom@1313162067	Scene	50.000000			1	2
0073E934	ATX_COMP_Quest_Camp_Lite_Adelaide	Adelaide	63	00748E9A			Shared Info	Miscellaneous	50.000000			5	11
0073E934	ATX_COMP_Quest_Camp_Lite_Adelaide	Adelaide	64	00748E9B			Idle	Miscellaneous	50.000000			12	14
0073E934	ATX_COMP_Quest_Camp_Lite_Adelaide	Adelaide	65	00748E9C			Custom@1313162067	Scene	50.000000			1	4
0073E934	ATX_COMP_Quest_Camp_Lite_Adelaide	Adelaide	66	00748E9D		I'm not going to kick you out if that's what you're wondering. At least not yet.	Custom@1313162067	Scene	50.000000			1	1
0073E934	ATX_COMP_Quest_Camp_Lite_Adelaide	Adelaide	67	00748E9E			Custom@1313162067	Scene	50.000000			0	0
0073E934	ATX_COMP_Quest_Camp_Lite_Adelaide	Adelaide	68	00748E9F		No, but you can own it. Grow from it.	Custom@1313162067	Scene	50.000000			1	1
0073E934	ATX_COMP_Quest_Camp_Lite_Adelaide	Adelaide	69	00748EA0			Custom@1313162067	Scene	50.000000			0	0
0073E934	ATX_COMP_Quest_Camp_Lite_Adelaide	Adelaide	70	00748EA1		You're not defined by something that happened to you. What's important is how you handle it.	Custom@1313162067	Scene	50.000000			1	1
0073E934	ATX_COMP_Quest_Camp_Lite_Adelaide	Adelaide	71	00748EA2			Custom@1313162067	Scene	50.000000			0	0
0073E934	ATX_COMP_Quest_Camp_Lite_Adelaide	Adelaide	72	00748EA3			Custom@1313162067	Scene	50.000000			1	1
0073E934	ATX_COMP_Quest_Camp_Lite_Adelaide	Adelaide	73	00748EA4		You said you "resumed functions". Did you ever consider you got hacked?	Custom@1313162067	Scene	50.000000			1	1
0073E934	ATX_COMP_Quest_Camp_Lite_Adelaide	Adelaide	74	00748EA5			Custom@1313162067	Scene	50.000000			0	0
0073E934	ATX_COMP_Quest_Camp_Lite_Adelaide	Adelaide	75	00748EA6		That wasn't you. The paper said something about a remote receiver.	Custom@1313162067	Scene	50.000000			1	1
0073E934	ATX_COMP_Quest_Camp_Lite_Adelaide	Adelaide	76	00748EA7			Custom@1313162067	Scene	50.000000			0	0
0073E934	ATX_COMP_Quest_Camp_Lite_Adelaide	Adelaide	77	00748EA8			Custom@1313162067	Scene	50.000000			1	3
0073E934	ATX_COMP_Quest_Camp_Lite_Adelaide	Adelaide	78	00748EA9		Can you give me the short version?	Custom@1313162067	Scene	50.000000			1	2
0073E934	ATX_COMP_Quest_Camp_Lite_Adelaide	Adelaide	79	00748EAA			Custom@1313162067	Scene	50.000000			0	0
0073E934	ATX_COMP_Quest_Camp_Lite_Adelaide	Adelaide	80	00748EAB		What happened?	Custom@1313162067	Scene	50.000000			1	2
0073E934	ATX_COMP_Quest_Camp_Lite_Adelaide	Adelaide	81	00748EAC			Custom@1313162067	Scene	50.000000			0	0
0073E934	ATX_COMP_Quest_Camp_Lite_Adelaide	Adelaide	82	00748EAD		Who the hell is Frankie?	Custom@1313162067	Scene	50.000000			1	3
0073E934	ATX_COMP_Quest_Camp_Lite_Adelaide	Adelaide	83	00748EAE			Custom@1313162067	Scene	50.000000			0	0
0073E934	ATX_COMP_Quest_Camp_Lite_Adelaide	Adelaide	84	00748EAF		That doesn't answer a whole lot.	Custom@1313162067	Scene	50.000000			1	3
0073E934	ATX_COMP_Quest_Camp_Lite_Adelaide	Adelaide	85	00748EB0			Custom@1313162067	Scene	50.000000			0	0
0073E934	ATX_COMP_Quest_Camp_Lite_Adelaide	Adelaide	86	00748EB1		Sounds like it was something big. Does "Operation Bluebell" sound familiar?	Custom@1313162067	Scene	50.000000			1	3
0073E934	ATX_COMP_Quest_Camp_Lite_Adelaide	Adelaide	87	00748EB2			Custom@1313162067	Scene	50.000000			0	0
0073E934	ATX_COMP_Quest_Camp_Lite_Adelaide	Adelaide	88	00748EB3		It didn't make a lot of sense, but it did mention an "Operation Bluebell".	Custom@1313162067	Scene	50.000000			1	3
0073E934	ATX_COMP_Quest_Camp_Lite_Adelaide	Adelaide	89	00748EB4			Custom@1313162067	Scene	50.000000			0	0
0073E934	ATX_COMP_Quest_Camp_Lite_Adelaide	Adelaide	90	00748EB5			Custom@1313162067	Scene	50.000000			1	5
0073E934	ATX_COMP_Quest_Camp_Lite_Adelaide	Adelaide	91	00748EB6		So you do get self conscious.	Custom@1313162067	Scene	50.000000			1	2
0073E934	ATX_COMP_Quest_Camp_Lite_Adelaide	Adelaide	92	00748EB7			Custom@1313162067	Scene	50.000000			0	0
0073E934	ATX_COMP_Quest_Camp_Lite_Adelaide	Adelaide	93	00748EB8		What happened?	Custom@1313162067	Scene	50.000000			1	2
0073E934	ATX_COMP_Quest_Camp_Lite_Adelaide	Adelaide	94	00748EB9			Custom@1313162067	Scene	50.000000			0	0
0073E934	ATX_COMP_Quest_Camp_Lite_Adelaide	Adelaide	95	00748EBA		You still sound like a dangerous robot.	Custom@1313162067	Scene	50.000000			1	1
0073E934	ATX_COMP_Quest_Camp_Lite_Adelaide	Adelaide	96	00748EBB			Custom@1313162067	Scene	50.000000			0	0
0073E934	ATX_COMP_Quest_Camp_Lite_Adelaide	Adelaide	97	00748EBC		I'm sorry, I've just never met anyone like you before.	Custom@1313162067	Scene	50.000000			2	5
0073E934	ATX_COMP_Quest_Camp_Lite_Adelaide	Adelaide	98	00748EBD			Custom@1313162067	Scene	50.000000			0	0
0073E934	ATX_COMP_Quest_Camp_Lite_Adelaide	Adelaide	99	00748EBE			Custom@1313162067	Scene	50.000000			3	3
0073E934	ATX_COMP_Quest_Camp_Lite_Adelaide	Adelaide	100	00748EBF			Custom@1313162067	Scene	50.000000			3	6
0073E934	ATX_COMP_Quest_Camp_Lite_Adelaide	Adelaide	101	00748EC0			Custom@1313162067	Scene	50.000000			1	1
0073E934	ATX_COMP_Quest_Camp_Lite_Adelaide	Adelaide	102	00748EC1		[Flirt] I am well aware, I just wanted a... hands-on demonstration.	Custom@1313162067	Scene	50.000000			1	3
0073E934	ATX_COMP_Quest_Camp_Lite_Adelaide	Adelaide	103	00748EC2			Custom@1313162067	Scene	50.000000			0	0
0073E934	ATX_COMP_Quest_Camp_Lite_Adelaide	Adelaide	104	00748EC3		No I got it, I was just wondering if you know anything actually useful.	Custom@1313162067	Scene	50.000000			1	3
0073E934	ATX_COMP_Quest_Camp_Lite_Adelaide	Adelaide	105	00748EC4			Custom@1313162067	Scene	50.000000			0	0
0073E934	ATX_COMP_Quest_Camp_Lite_Adelaide	Adelaide	106	00748EC5		Wait, so you can't teach me anything about robots?	Custom@1313162067	Scene	50.000000			1	3
0073E934	ATX_COMP_Quest_Camp_Lite_Adelaide	Adelaide	107	00748EC6			Custom@1313162067	Scene	50.000000			0	0
0073E934	ATX_COMP_Quest_Camp_Lite_Adelaide	Adelaide	108	00748EC7		Talk to you later.	Custom@1313162067	Scene	50.000000			4	4
0073E934	ATX_COMP_Quest_Camp_Lite_Adelaide	Adelaide	109	00748EC8			Custom@1313162067	Scene	50.000000			0	0
0073E934	ATX_COMP_Quest_Camp_Lite_Adelaide	Adelaide	110	00748EC9		Tell me more about yourself.	Custom@1313162067	Scene	50.000000			1	1
0073E934	ATX_COMP_Quest_Camp_Lite_Adelaide	Adelaide	111	00748ECA			Custom@1313162067	Scene	50.000000			0	0
0073E934	ATX_COMP_Quest_Camp_Lite_Adelaide	Adelaide	112	00748ECB		Could you teach me about interfacing?	Custom@1313162067	Scene	50.000000			4	6
0073E934	ATX_COMP_Quest_Camp_Lite_Adelaide	Adelaide	113	00748ECC			Custom@1313162067	Scene	50.000000			0	0
0073E934	ATX_COMP_Quest_Camp_Lite_Adelaide	Adelaide	114	00748ECD		You mentioned something about helping me understand Human/Robot interfacing?	Custom@1313162067	Scene	50.000000			2	4
0073E934	ATX_COMP_Quest_Camp_Lite_Adelaide	Adelaide	115	00748ECE			Custom@1313162067	Scene	50.000000			0	0
0073E934	ATX_COMP_Quest_Camp_Lite_Adelaide	Adelaide	116	00748ECF		Let's see what you've got for sale.	Custom@1313162067	Scene	50.000000			3	3
0073E934	ATX_COMP_Quest_Camp_Lite_Adelaide	Adelaide	117	00748ED0			Custom@1313162067	Scene	50.000000			0	0
0073E934	ATX_COMP_Quest_Camp_Lite_Adelaide	Adelaide	118	00748ED1			Custom@1313162067	Scene	50.000000			0	0
0073E934	ATX_COMP_Quest_Camp_Lite_Adelaide	Adelaide	119	00748ED2		What's Atlantic City like?	Custom@1313162067	Scene	50.000000			1	4
0073E934	ATX_COMP_Quest_Camp_Lite_Adelaide	Adelaide	120	00748ED3			Custom@1313162067	Scene	50.000000			0	0
0073E934	ATX_COMP_Quest_Camp_Lite_Adelaide	Adelaide	121	00748ED4		How did an Assaultron become a performer?	Custom@1313162067	Scene	50.000000			1	3
0073E934	ATX_COMP_Quest_Camp_Lite_Adelaide	Adelaide	122	00748ED5			Custom@1313162067	Scene	50.000000			0	0
0073E934	ATX_COMP_Quest_Camp_Lite_Adelaide	Adelaide	123	00748ED6		That really does not answer my question.	Custom@1313162067	Scene	50.000000			1	3
0073E934	ATX_COMP_Quest_Camp_Lite_Adelaide	Adelaide	124	00748ED7			Custom@1313162067	Scene	50.000000			0	0
0073E934	ATX_COMP_Quest_Camp_Lite_Adelaide	Adelaide	125	00748ED8		[Flirt] It's hard not to notice a body as well manufactured as yours.	Custom@1313162067	Scene	50.000000			1	4
0073E934	ATX_COMP_Quest_Camp_Lite_Adelaide	Adelaide	126	00748ED9			Custom@1313162067	Scene	50.000000			0	0
0073E934	ATX_COMP_Quest_Camp_Lite_Adelaide	Adelaide	127	00748EDA		Where'd you get your name?	Custom@1313162067	Scene	50.000000			1	4
0073E934	ATX_COMP_Quest_Camp_Lite_Adelaide	Adelaide	128	00748EDB			Custom@1313162067	Scene	50.000000			0	0
0073E934	ATX_COMP_Quest_Camp_Lite_Adelaide	Adelaide	129	00748EDC		Aren't Assaultrons... you know, dangerous robots?	Custom@1313162067	Scene	50.000000			1	3
0073E934	ATX_COMP_Quest_Camp_Lite_Adelaide	Adelaide	130	00748EDD			Custom@1313162067	Scene	50.000000			0	0
0073E934	ATX_COMP_Quest_Camp_Lite_Adelaide	Adelaide	131	00748EDE		What's your favorite song to perform?	Custom@1313162067	Scene	50.000000			1	4
0073E934	ATX_COMP_Quest_Camp_Lite_Adelaide	Adelaide	132	00748EDF			Custom@1313162067	Scene	50.000000			0	0
0073E934	ATX_COMP_Quest_Camp_Lite_Adelaide	Adelaide	133	00748EE0		You mentioned that you don't do solo performances anymore, why is that?	Custom@1313162067	Scene	50.000000			1	2
0073E934	ATX_COMP_Quest_Camp_Lite_Adelaide	Adelaide	134	00748EE1			Custom@1313162067	Scene	50.000000			0	0
0073E934	ATX_COMP_Quest_Camp_Lite_Adelaide	Adelaide	135	00748EE2		Did you always know you were going to be a star?	Custom@1313162067	Scene	50.000000			1	3
0073E934	ATX_COMP_Quest_Camp_Lite_Adelaide	Adelaide	136	00748EE3			Custom@1313162067	Scene	50.000000			0	0
0073E934	ATX_COMP_Quest_Camp_Lite_Adelaide	Adelaide	137	00748EE4		Did you have to do anything to adjust to performing?	Custom@1313162067	Scene	50.000000			1	2
0073E934	ATX_COMP_Quest_Camp_Lite_Adelaide	Adelaide	138	00748EE5			Custom@1313162067	Scene	50.000000			0	0
0073E934	ATX_COMP_Quest_Camp_Lite_Adelaide	Adelaide	139	00748EE6		Let's talk about something else.	Custom@1313162067	Scene	50.000000			1	1
0073E934	ATX_COMP_Quest_Camp_Lite_Adelaide	Adelaide	140	00755F05		I think I know a way to fix your "Remote Control" issue.	Custom@1313162067	Scene	50.000000			1	1
0073E934	ATX_COMP_Quest_Camp_Lite_Adelaide	Adelaide	141	00755F06			Custom@1313162067	Scene	50.000000			0	0
0073E934	ATX_COMP_Quest_Camp_Lite_Adelaide	Adelaide	142	00755F07			Custom@1313162067	Scene	50.000000			0	0
0073E934	ATX_COMP_Quest_Camp_Lite_Adelaide	Adelaide	143	00755F08			Custom@1313162067	Scene	50.000000			0	0
0073E934	ATX_COMP_Quest_Camp_Lite_Adelaide	Adelaide	144	00755F09			Custom@1313162067	Scene	50.000000			0	0
0073E934	ATX_COMP_Quest_Camp_Lite_Adelaide	Adelaide	145	00755F0A		I found a note in Atlantic City with your name on it.	Custom@1313162067	Scene	50.000000			1	1
0073E934	ATX_COMP_Quest_Camp_Lite_Adelaide	Adelaide	146	007560F2			Custom@1313162067	Scene	50.000000			0	0
0073E934	ATX_COMP_Quest_Camp_Lite_Adelaide	Adelaide	147	007560F3			Custom@1313162067	Scene	50.000000			0	0
0073E934	ATX_COMP_Quest_Camp_Lite_Adelaide	Adelaide	148	007560F4			Custom@1313162067	Scene	50.000000			0	0
0073E934	ATX_COMP_Quest_Camp_Lite_Adelaide	Adelaide	149	007560F5			Custom@1313162067	Scene	50.000000			0	0
0073E934	ATX_COMP_Quest_Camp_Lite_Adelaide	Adelaide	150	007560F6			Custom@1313162067	Scene	50.000000			0	0
0073E934	ATX_COMP_Quest_Camp_Lite_Adelaide	Adelaide	151	007560F7		I noticed you don't always look at me when we talk. Do you have trouble keeping eye contact?	Custom@1313162067	Scene	50.000000			1	5
0073E934	ATX_COMP_Quest_Camp_Lite_Adelaide	Adelaide	152	007560F8		For you, what's the perfect date?	Custom@1313162067	Scene	50.000000			1	1
0073E934	ATX_COMP_Quest_Camp_Lite_Adelaide	Adelaide	153	007560F9		You know what a date is right?	Custom@1313162067	Scene	50.000000			1	1
0073E934	ATX_COMP_Quest_Camp_Lite_Adelaide	Adelaide	154	007560FA		What about dinner and a show?	Custom@1313162067	Scene	50.000000			1	1
0073E934	ATX_COMP_Quest_Camp_Lite_Adelaide	Adelaide	155	007560FB		I meant romantic dates. Lovers getting to know each other. You know what I mean?	Custom@1313162067	Scene	50.000000			1	3
0073E934	ATX_COMP_Quest_Camp_Lite_Adelaide	Adelaide	156	007560FC			Custom@1313162067	Scene	50.000000			6	8
0073E934	ATX_COMP_Quest_Camp_Lite_Adelaide	Adelaide	157	007560FD		Did you run into anything interesting on your walk here from Atlantic City?	Custom@1313162067	Scene	50.000000			1	1
0073E934	ATX_COMP_Quest_Camp_Lite_Adelaide	Adelaide	158	007560FE			Custom@1313162067	Scene	50.000000			0	0
0073E934	ATX_COMP_Quest_Camp_Lite_Adelaide	Adelaide	159	00756412			Custom@1313162067	Scene	50.000000			1	1
0073E934	ATX_COMP_Quest_Camp_Lite_Adelaide	Adelaide	160	00756413			Custom@1313162067	Scene	50.000000			3	3
0075C0EC	ATX_COMP_Quest_Camp_Lite_Lawson	Lawson	0	0075C0ED			Custom@1313162067	Scene	50.000000			0	0
0075C0EC	ATX_COMP_Quest_Camp_Lite_Lawson	Lawson	1	0075C0EE			Custom@1313162067	Scene	50.000000			0	0
0075C0EC	ATX_COMP_Quest_Camp_Lite_Lawson	Lawson	2	0075C0EF			Custom@1313162067	Scene	50.000000			0	0
0075C0EC	ATX_COMP_Quest_Camp_Lite_Lawson	Lawson	3	0075C0F0			Custom@1313162067	Scene	50.000000			0	0
0075C0EC	ATX_COMP_Quest_Camp_Lite_Lawson	Lawson	4	0075C0F1			Custom@1313162067	Scene	50.000000			0	0
0075C0EC	ATX_COMP_Quest_Camp_Lite_Lawson	Lawson	5	0075C0F2			Custom@1313162067	Scene	50.000000			0	0
0075C0EC	ATX_COMP_Quest_Camp_Lite_Lawson	Lawson	6	0075C0F3			Custom@1313162067	Scene	50.000000			0	0
0075C0EC	ATX_COMP_Quest_Camp_Lite_Lawson	Lawson	7	0075C0F4			Custom@1313162067	Scene	50.000000			0	0
0075C0EC	ATX_COMP_Quest_Camp_Lite_Lawson	Lawson	8	0075C0F5			Custom@1313162067	Scene	50.000000			0	0
0075C0EC	ATX_COMP_Quest_Camp_Lite_Lawson	Lawson	9	0075C0F6			Custom@1313162067	Scene	50.000000			1	1
0075C0EC	ATX_COMP_Quest_Camp_Lite_Lawson	Lawson	10	0075C0F7			Custom@1313162067	Scene	50.000000			2	6
0075C0EC	ATX_COMP_Quest_Camp_Lite_Lawson	Lawson	11	0075C0F8			Custom@1313162067	Scene	50.000000			0	0
0075C0EC	ATX_COMP_Quest_Camp_Lite_Lawson	Lawson	12	0075C0F9			Custom@1313162067	Scene	50.000000			1	2
0075C0EC	ATX_COMP_Quest_Camp_Lite_Lawson	Lawson	13	0075C0FA			Custom@1313162067	Scene	50.000000			0	0
0075C0EC	ATX_COMP_Quest_Camp_Lite_Lawson	Lawson	14	0075C0FB			Custom@1313162067	Scene	50.000000			0	0
0075C0EC	ATX_COMP_Quest_Camp_Lite_Lawson	Lawson	15	0075C0FC			Custom@1313162067	Scene	50.000000			1	2
0075C0EC	ATX_COMP_Quest_Camp_Lite_Lawson	Lawson	16	0075C0FD			Custom@1313162067	Scene	50.000000			2	4
0075C0EC	ATX_COMP_Quest_Camp_Lite_Lawson	Lawson	17	0075C0FE			Custom@1313162067	Scene	50.000000			2	2
0075C0EC	ATX_COMP_Quest_Camp_Lite_Lawson	Lawson	18	0075C0FF			Custom@1313162067	Scene	50.000000			1	1
0075C0EC	ATX_COMP_Quest_Camp_Lite_Lawson	Lawson	19	0075C100			Custom@1313162067	Scene	50.000000			1	5
0075C0EC	ATX_COMP_Quest_Camp_Lite_Lawson	Lawson	20	0075C101			Custom@1313162067	Scene	50.000000			1	3
0075C0EC	ATX_COMP_Quest_Camp_Lite_Lawson	Lawson	21	0075C102			Custom@1313162067	Scene	50.000000			4	12
0075C0EC	ATX_COMP_Quest_Camp_Lite_Lawson	Lawson	22	0075C103			Custom@1313162067	Scene	50.000000			0	0
0075C0EC	ATX_COMP_Quest_Camp_Lite_Lawson	Lawson	23	0075C104			Custom@1313162067	Scene	50.000000			1	7
0075C0EC	ATX_COMP_Quest_Camp_Lite_Lawson	Lawson	24	0075C105			Custom@1313162067	Scene	50.000000			1	1
0075C0EC	ATX_COMP_Quest_Camp_Lite_Lawson	Lawson	25	0075C106			Custom@1313162067	Scene	50.000000			0	0
0075C0EC	ATX_COMP_Quest_Camp_Lite_Lawson	Lawson	26	0075C107			Custom@1313162067	Scene	50.000000			1	1
0075C0EC	ATX_COMP_Quest_Camp_Lite_Lawson	Lawson	27	0075C108			Custom@1313162067	Scene	50.000000			0	0
0075C0EC	ATX_COMP_Quest_Camp_Lite_Lawson	Lawson	28	0075C109			Custom@1313162067	Scene	50.000000			0	0
0075C0EC	ATX_COMP_Quest_Camp_Lite_Lawson	Lawson	29	0075C10A			Custom@1313162067	Scene	50.000000			1	1
0075C0EC	ATX_COMP_Quest_Camp_Lite_Lawson	Lawson	30	0075C10B			Custom@1313162067	Scene	50.000000			1	1
0075C0EC	ATX_COMP_Quest_Camp_Lite_Lawson	Lawson	31	0075C10C			Custom@1313162067	Scene	50.000000			3	3
0075C0EC	ATX_COMP_Quest_Camp_Lite_Lawson	Lawson	32	0075C10D			Custom@1313162067	Scene	50.000000			0	0
0075C0EC	ATX_COMP_Quest_Camp_Lite_Lawson	Lawson	33	0075C10E			Custom@1313162067	Scene	50.000000			1	1
0075C0EC	ATX_COMP_Quest_Camp_Lite_Lawson	Lawson	34	0075C10F			Custom@1313162067	Scene	50.000000			1	7
0075C0EC	ATX_COMP_Quest_Camp_Lite_Lawson	Lawson	35	0075C110			Custom@1313162067	Scene	50.000000			1	3
0075C0EC	ATX_COMP_Quest_Camp_Lite_Lawson	Lawson	36	0075C111			Custom@1313162067	Scene	50.000000			0	0
0075C0EC	ATX_COMP_Quest_Camp_Lite_Lawson	Lawson	37	0075C112			Custom@1313162067	Scene	50.000000			1	3
0075C0EC	ATX_COMP_Quest_Camp_Lite_Lawson	Lawson	38	0075C113			Custom@1313162067	Scene	50.000000			1	2
0075C0EC	ATX_COMP_Quest_Camp_Lite_Lawson	Lawson	39	0075C114			Custom@1313162067	Scene	50.000000			0	0
0075C0EC	ATX_COMP_Quest_Camp_Lite_Lawson	Lawson	40	0075C115			Custom@1313162067	Scene	50.000000			0	0
0075C0EC	ATX_COMP_Quest_Camp_Lite_Lawson	Lawson	41	0075C116			Custom@1313162067	Scene	50.000000			0	0
0075C0EC	ATX_COMP_Quest_Camp_Lite_Lawson	Lawson	42	0075C117			Custom@1313162067	Scene	50.000000			0	0
0075C0EC	ATX_COMP_Quest_Camp_Lite_Lawson	Lawson	43	0075C118			Custom@1313162067	Scene	50.000000			4	12
0075C0EC	ATX_COMP_Quest_Camp_Lite_Lawson	Lawson	44	0075C119			Custom@1313162067	Scene	50.000000			1	3
0075C0EC	ATX_COMP_Quest_Camp_Lite_Lawson	Lawson	45	0075C11A			Custom@1313162067	Scene	50.000000			0	0
0075C0EC	ATX_COMP_Quest_Camp_Lite_Lawson	Lawson	46	0075C11B			Custom@1313162067	Scene	50.000000			0	0
0075C0EC	ATX_COMP_Quest_Camp_Lite_Lawson	Lawson	47	0075C11C			Custom@1313162067	Scene	50.000000			0	0
0075C0EC	ATX_COMP_Quest_Camp_Lite_Lawson	Lawson	48	0075C11D			Custom@1313162067	Scene	50.000000			1	3
0075C0EC	ATX_COMP_Quest_Camp_Lite_Lawson	Lawson	49	0075C11E			Custom@1313162067	Scene	50.000000			0	0
0075C0EC	ATX_COMP_Quest_Camp_Lite_Lawson	Lawson	50	0075C11F			Custom@1313162067	Scene	50.000000			1	3
0075C0EC	ATX_COMP_Quest_Camp_Lite_Lawson	Lawson	51	0075C120			Custom@1313162067	Scene	50.000000			1	1
0075C0EC	ATX_COMP_Quest_Camp_Lite_Lawson	Lawson	52	0075C121			Custom@1313162067	Scene	50.000000			1	6
0075C0EC	ATX_COMP_Quest_Camp_Lite_Lawson	Lawson	53	0075C122			Custom@1313162067	Scene	50.000000			1	1
0075C0EC	ATX_COMP_Quest_Camp_Lite_Lawson	Lawson	54	0075C123			Custom@1313162067	Scene	50.000000			4	12
0075C0EC	ATX_COMP_Quest_Camp_Lite_Lawson	Lawson	55	0075C124			Custom@1313162067	Scene	50.000000			3	3
0075C0EC	ATX_COMP_Quest_Camp_Lite_Lawson	Lawson	56	0075C125			Custom@1313162067	Scene	50.000000			1	4
0075C0EC	ATX_COMP_Quest_Camp_Lite_Lawson	Lawson	57	0075C126			Custom@1313162067	Scene	50.000000			0	0
0075C0EC	ATX_COMP_Quest_Camp_Lite_Lawson	Lawson	58	0075C127			Custom@1313162067	Scene	50.000000			0	0
0075C0EC	ATX_COMP_Quest_Camp_Lite_Lawson	Lawson	59	0075C128			Custom@1313162067	Scene	50.000000			0	0
0075C0EC	ATX_COMP_Quest_Camp_Lite_Lawson	Lawson	60	0075C129			Custom@1313162067	Scene	50.000000			0	0
0075C0EC	ATX_COMP_Quest_Camp_Lite_Lawson	Lawson	61	0075C12A			Custom@1313162067	Scene	50.000000			0	0
0075C0EC	ATX_COMP_Quest_Camp_Lite_Lawson	Lawson	62	0075C12B			Custom@1313162067	Scene	50.000000			0	0
0075C0EC	ATX_COMP_Quest_Camp_Lite_Lawson	Lawson	63	0075C12C			Custom@1313162067	Scene	50.000000			5	22
0075C0EC	ATX_COMP_Quest_Camp_Lite_Lawson	Lawson	64	0075C12D			Custom@1313162067	Scene	50.000000			0	0
0075C0EC	ATX_COMP_Quest_Camp_Lite_Lawson	Lawson	65	0075C12E			Custom@1313162067	Scene	50.000000			0	0
0075C0EC	ATX_COMP_Quest_Camp_Lite_Lawson	Lawson	66	0075C12F			Custom@1313162067	Scene	50.000000			1	1
0075C0EC	ATX_COMP_Quest_Camp_Lite_Lawson	Lawson	67	0075C130			Custom@1313162067	Scene	50.000000			3	3
0075C0EC	ATX_COMP_Quest_Camp_Lite_Lawson	Lawson	68	0075C131			Custom@1313162067	Scene	50.000000			1	1
0075C0EC	ATX_COMP_Quest_Camp_Lite_Lawson	Lawson	69	0075C132			Custom@1313162067	Scene	50.000000			0	0
0075C0EC	ATX_COMP_Quest_Camp_Lite_Lawson	Lawson	70	0075C133			Custom@1313162067	Scene	50.000000			0	0
0075C0EC	ATX_COMP_Quest_Camp_Lite_Lawson	Lawson	71	0075C134			Custom@1313162067	Scene	50.000000			0	0
0075C0EC	ATX_COMP_Quest_Camp_Lite_Lawson	Lawson	72	0075C135			Custom@1313162067	Scene	50.000000			1	4
0075C0EC	ATX_COMP_Quest_Camp_Lite_Lawson	Lawson	73	0075C136			Custom@1313162067	Scene	50.000000			1	5
0075C0EC	ATX_COMP_Quest_Camp_Lite_Lawson	Lawson	74	0075C137			Custom@1313162067	Scene	50.000000			0	0
0075C0EC	ATX_COMP_Quest_Camp_Lite_Lawson	Lawson	75	0075C138			Custom@1313162067	Scene	50.000000			1	3
0075C0EC	ATX_COMP_Quest_Camp_Lite_Lawson	Lawson	76	0075C139			Custom@1313162067	Scene	50.000000			3	3
0075C0EC	ATX_COMP_Quest_Camp_Lite_Lawson	Lawson	77	0075C13A			Custom@1313162067	Scene	50.000000			0	0
0075C0EC	ATX_COMP_Quest_Camp_Lite_Lawson	Lawson	78	0075C13C			Custom@1313162067	Scene	50.000000			3	8
0075C0EC	ATX_COMP_Quest_Camp_Lite_Lawson	Lawson	79	0075C13D			Custom@1313162067	Scene	50.000000			1	5
0075C0EC	ATX_COMP_Quest_Camp_Lite_Lawson	Lawson	80	0075C13E			Custom@1313162067	Scene	50.000000			0	0
0075C0EC	ATX_COMP_Quest_Camp_Lite_Lawson	Lawson	81	0075C13F			Custom@1313162067	Scene	50.000000			6	6
0075C0EC	ATX_COMP_Quest_Camp_Lite_Lawson	Lawson	82	0075C140			Custom@1313162067	Scene	50.000000			1	3
0075C0EC	ATX_COMP_Quest_Camp_Lite_Lawson	Lawson	83	0075C141			Custom@1313162067	Scene	50.000000			1	1
0075C0EC	ATX_COMP_Quest_Camp_Lite_Lawson	Lawson	84	0075C142			Custom@1313162067	Scene	50.000000			1	3
0075C0EC	ATX_COMP_Quest_Camp_Lite_Lawson	Lawson	85	0075C143			Custom@1313162067	Scene	50.000000			1	1
0075C0EC	ATX_COMP_Quest_Camp_Lite_Lawson	Lawson	86	0075C144			Custom@1313162067	Scene	50.000000			0	0
0075C0EC	ATX_COMP_Quest_Camp_Lite_Lawson	Lawson	87	0075C145			Custom@1313162067	Scene	50.000000			1	1
0075C0EC	ATX_COMP_Quest_Camp_Lite_Lawson	Lawson	88	0075C146			Custom@1313162067	Scene	50.000000			0	0
0075C0EC	ATX_COMP_Quest_Camp_Lite_Lawson	Lawson	89	0075C147			Custom@1313162067	Scene	50.000000			0	0
0075C0EC	ATX_COMP_Quest_Camp_Lite_Lawson	Lawson	90	0075C148			Custom@1313162067	Scene	50.000000			0	0
0075C0EC	ATX_COMP_Quest_Camp_Lite_Lawson	Lawson	91	0075C149			Custom@1313162067	Scene	50.000000			6	11
0075C0EC	ATX_COMP_Quest_Camp_Lite_Lawson	Lawson	92	0075C14A			Custom@1313162067	Scene	50.000000			1	3
0075C0EC	ATX_COMP_Quest_Camp_Lite_Lawson	Lawson	93	0075C14B			Custom@1313162067	Scene	50.000000			0	0
0075C0EC	ATX_COMP_Quest_Camp_Lite_Lawson	Lawson	94	0075C14C			Custom@1313162067	Scene	50.000000			1	1
0075C0EC	ATX_COMP_Quest_Camp_Lite_Lawson	Lawson	95	0075C14D			Custom@1313162067	Scene	50.000000			1	1
0075C0EC	ATX_COMP_Quest_Camp_Lite_Lawson	Lawson	96	0075C14E			Custom@1313162067	Scene	50.000000			0	0
0075C0EC	ATX_COMP_Quest_Camp_Lite_Lawson	Lawson	97	0075C14F			Custom@1313162067	Scene	50.000000			0	0
0075C0EC	ATX_COMP_Quest_Camp_Lite_Lawson	Lawson	98	0075C150			Custom@1313162067	Scene	50.000000			1	6
0075C0EC	ATX_COMP_Quest_Camp_Lite_Lawson	Lawson	99	0075C151			Custom@1313162067	Scene	50.000000			2	2
0075C0EC	ATX_COMP_Quest_Camp_Lite_Lawson	Lawson	100	0075C152			Custom@1313162067	Scene	50.000000			1	2
0075C0EC	ATX_COMP_Quest_Camp_Lite_Lawson	Lawson	101	0075C153			Custom@1313162067	Scene	50.000000			1	1
0075C0EC	ATX_COMP_Quest_Camp_Lite_Lawson	Lawson	102	0075C154			Custom@1313162067	Scene	50.000000			1	1
0075C0EC	ATX_COMP_Quest_Camp_Lite_Lawson	Lawson	103	0075C155			Custom@1313162067	Scene	50.000000			1	1
0075C0EC	ATX_COMP_Quest_Camp_Lite_Lawson	Lawson	104	0075C156			Custom@1313162067	Scene	50.000000			1	1
0075C0EC	ATX_COMP_Quest_Camp_Lite_Lawson	Lawson	105	0075C157			Custom@1313162067	Scene	50.000000			2	2
0075C0EC	ATX_COMP_Quest_Camp_Lite_Lawson	Lawson	106	0075C158			Custom@1313162067	Scene	50.000000			1	2
0075C0EC	ATX_COMP_Quest_Camp_Lite_Lawson	Lawson	107	0075C159			Custom@1313162067	Scene	50.000000			0	0
0075C0EC	ATX_COMP_Quest_Camp_Lite_Lawson	Lawson	108	0075C15A			Custom@1313162067	Scene	50.000000			2	4
0075C0EC	ATX_COMP_Quest_Camp_Lite_Lawson	Lawson	109	0075C15B			Custom@1313162067	Scene	50.000000			1	2
0075C0EC	ATX_COMP_Quest_Camp_Lite_Lawson	Lawson	110	0075C15C			Custom@1313162067	Scene	50.000000			1	3
0075C0EC	ATX_COMP_Quest_Camp_Lite_Lawson	Lawson	111	0075C15E			Custom@1313162067	Scene	50.000000			5	20
0075C0EC	ATX_COMP_Quest_Camp_Lite_Lawson	Lawson	112	0075C15F			Custom@1313162067	Scene	50.000000			1	1
0075C0EC	ATX_COMP_Quest_Camp_Lite_Lawson	Lawson	113	0075C160			Custom@1313162067	Scene	50.000000			0	0
0075C0EC	ATX_COMP_Quest_Camp_Lite_Lawson	Lawson	114	0075C161			Custom@1313162067	Scene	50.000000			0	0
0075C0EC	ATX_COMP_Quest_Camp_Lite_Lawson	Lawson	115	0075C162			Custom@1313162067	Scene	50.000000			0	0
0075C0EC	ATX_COMP_Quest_Camp_Lite_Lawson	Lawson	116	0075C163			Custom@1313162067	Scene	50.000000			4	4
0075C0EC	ATX_COMP_Quest_Camp_Lite_Lawson	Lawson	117	0075C164			Custom@1313162067	Scene	50.000000			1	1
0075C0EC	ATX_COMP_Quest_Camp_Lite_Lawson	Lawson	118	0075C165			Custom@1313162067	Scene	50.000000			1	1
0075C0EC	ATX_COMP_Quest_Camp_Lite_Lawson	Lawson	119	0075C16C			Idle	Miscellaneous	50.000000			12	14
0075C0EC	ATX_COMP_Quest_Camp_Lite_Lawson	Lawson	120	0075C16D			Hello	Miscellaneous	50.000000			14	16
0075C0EC	ATX_COMP_Quest_Camp_Lite_Lawson	Lawson	121	0075C16E			Greeting	Miscellaneous	50.000000			14	16
0075C0EC	ATX_COMP_Quest_Camp_Lite_Lawson	Lawson	122	0075C170			Shared Info	Miscellaneous	50.000000			9	12
007FDC0D	ATX_COMP_Quest_Camp_Lite_Dottie	Dottie	0	007FDC0E			Greeting	Miscellaneous	50.000000			8	10
007FDC0D	ATX_COMP_Quest_Camp_Lite_Dottie	Dottie	1	007FDEBC			Custom@1313162067	Scene	50.000000			0	0
007FDC0D	ATX_COMP_Quest_Camp_Lite_Dottie	Dottie	2	007FDEBD			Custom@1313162067	Scene	50.000000			0	0
007FDC0D	ATX_COMP_Quest_Camp_Lite_Dottie	Dottie	3	007FDEBE			Custom@1313162067	Scene	50.000000			0	0
007FDC0D	ATX_COMP_Quest_Camp_Lite_Dottie	Dottie	4	007FDEBF		Tell me about the Enclave.	Custom@1313162067	Scene	50.000000			1	2
007FDC0D	ATX_COMP_Quest_Camp_Lite_Dottie	Dottie	5	007FDEC0		Tell me about Super Mutants.	Custom@1313162067	Scene	50.000000			1	2
007FDC0D	ATX_COMP_Quest_Camp_Lite_Dottie	Dottie	6	007FDEC1		Tell me about Vault-Tec.	Custom@1313162067	Scene	50.000000			1	1
007FDC0D	ATX_COMP_Quest_Camp_Lite_Dottie	Dottie	7	007FDEC2		Tell me about the Mothman Cultists.	Custom@1313162067	Scene	50.000000			1	4
007FDC0D	ATX_COMP_Quest_Camp_Lite_Dottie	Dottie	8	007FDEC3		Tell me about the Scorched.	Custom@1313162067	Scene	50.000000			1	3
007FDC0D	ATX_COMP_Quest_Camp_Lite_Dottie	Dottie	9	007FDEC4		Tell me about the aliens.	Custom@1313162067	Scene	50.000000			1	2
007FDC0D	ATX_COMP_Quest_Camp_Lite_Dottie	Dottie	10	007FDEC5		Tell me about Watoga.	Custom@1313162067	Scene	50.000000			1	4
007FDC0D	ATX_COMP_Quest_Camp_Lite_Dottie	Dottie	11	007FDEC6		Did you know the Government made a vault filled with gold?	Custom@1313162067	Scene	50.000000			1	2
007FDC0D	ATX_COMP_Quest_Camp_Lite_Dottie	Dottie	12	007FDEC7		That's enough theories for now.	Custom@1313162067	Scene	50.000000			1	1
007FDC0D	ATX_COMP_Quest_Camp_Lite_Dottie	Dottie	13	007FDEC8			Custom@1313162067	Scene	50.000000			0	0
007FDC0D	ATX_COMP_Quest_Camp_Lite_Dottie	Dottie	14	007FDEC9			Custom@1313162067	Scene	50.000000			0	0
007FDC0D	ATX_COMP_Quest_Camp_Lite_Dottie	Dottie	15	007FDECA			Custom@1313162067	Scene	50.000000			0	0
007FDC0D	ATX_COMP_Quest_Camp_Lite_Dottie	Dottie	16	007FDECB			Custom@1313162067	Scene	50.000000			0	0
007FDC0D	ATX_COMP_Quest_Camp_Lite_Dottie	Dottie	17	007FDECC			Custom@1313162067	Scene	50.000000			0	0
007FDC0D	ATX_COMP_Quest_Camp_Lite_Dottie	Dottie	18	007FDECD			Custom@1313162067	Scene	50.000000			0	0
007FDC0D	ATX_COMP_Quest_Camp_Lite_Dottie	Dottie	19	007FDECE			Custom@1313162067	Scene	50.000000			0	0
007FDC0D	ATX_COMP_Quest_Camp_Lite_Dottie	Dottie	20	007FDECF			Custom@1313162067	Scene	50.000000			0	0
007FDC0D	ATX_COMP_Quest_Camp_Lite_Dottie	Dottie	21	007FDED0			Custom@1313162067	Scene	50.000000			0	0
007FDC0D	ATX_COMP_Quest_Camp_Lite_Dottie	Dottie	22	007FDED1			Custom@1313162067	Scene	50.000000			0	0
007FDC0D	ATX_COMP_Quest_Camp_Lite_Dottie	Dottie	23	007FDED2			Custom@1313162067	Scene	50.000000			0	0
007FDC0D	ATX_COMP_Quest_Camp_Lite_Dottie	Dottie	24	007FDED3			Custom@1313162067	Scene	50.000000			0	0
007FDC0D	ATX_COMP_Quest_Camp_Lite_Dottie	Dottie	25	007FDED4			Custom@1313162067	Scene	50.000000			0	0
007FDC0D	ATX_COMP_Quest_Camp_Lite_Dottie	Dottie	26	007FDED5			Custom@1313162067	Scene	50.000000			0	0
007FDC0D	ATX_COMP_Quest_Camp_Lite_Dottie	Dottie	27	007FDED6			Custom@1313162067	Scene	50.000000			0	0
007FDC0D	ATX_COMP_Quest_Camp_Lite_Dottie	Dottie	28	007FDED7		[Intelligence +8] For us to stand against the Government, I need to know what they already know.	Custom@1313162067	Scene	50.000000			1	1
007FDC0D	ATX_COMP_Quest_Camp_Lite_Dottie	Dottie	29	007FDED8		[Charisma +8] Well, maybe you're a Government plant. Only way to prove you're not is to tell me more.	Custom@1313162067	Scene	50.000000			1	1
007FDC0D	ATX_COMP_Quest_Camp_Lite_Dottie	Dottie	30	007FDED9		You're right. The less I know, the better.	Custom@1313162067	Scene	50.000000			1	1
007FDC0D	ATX_COMP_Quest_Camp_Lite_Dottie	Dottie	31	007FDEDA			Custom@1313162067	Scene	50.000000			1	1
007FDC0D	ATX_COMP_Quest_Camp_Lite_Dottie	Dottie	32	007FDEDB		Where are you from?	Custom@1313162067	Scene	50.000000			1	3
007FDC0D	ATX_COMP_Quest_Camp_Lite_Dottie	Dottie	33	007FDEDC		Where did you learn all of this information?	Custom@1313162067	Scene	50.000000			1	4
007FDC0D	ATX_COMP_Quest_Camp_Lite_Dottie	Dottie	34	007FDEDD		How hard did you have to hit your head for all this to make sense?	Custom@1313162067	Scene	50.000000			1	2
007FDC0D	ATX_COMP_Quest_Camp_Lite_Dottie	Dottie	35	007FDEDE		Assuming you're right about everything, what's the plan here?	Custom@1313162067	Scene	50.000000			1	1
007FDC0D	ATX_COMP_Quest_Camp_Lite_Dottie	Dottie	36	007FDEDF		How did you become a ghoul?	Custom@1313162067	Scene	50.000000			1	1
007FDC0D	ATX_COMP_Quest_Camp_Lite_Dottie	Dottie	37	007FDEE0		[Flirt] Since we're doing an under cover investigation, how about we investigate under some covers?	Custom@1313162067	Scene	50.000000			1	4
007FDC0D	ATX_COMP_Quest_Camp_Lite_Dottie	Dottie	38	007FDEE1		Let's talk about something else.	Custom@1313162067	Scene	50.000000			1	1
007FDC0D	ATX_COMP_Quest_Camp_Lite_Dottie	Dottie	39	007FDEE2		You're delusional! Do you even realize that nothing you've said is correct?	Custom@1313162067	Scene	50.000000			1	5
007FDC0D	ATX_COMP_Quest_Camp_Lite_Dottie	Dottie	40	007FDEE3		You know, the "unique" look you have.	Custom@1313162067	Scene	50.000000			1	3
007FDC0D	ATX_COMP_Quest_Camp_Lite_Dottie	Dottie	41	007FDEE4		The skin condition that affected your hair.	Custom@1313162067	Scene	50.000000			1	3
007FDC0D	ATX_COMP_Quest_Camp_Lite_Dottie	Dottie	42	007FDEE5		Ghoul. You know, the reason we look like this.	Custom@1313162067	Scene	50.000000			1	3
007FDC0D	ATX_COMP_Quest_Camp_Lite_Dottie	Dottie	43	007FDEE6		The "skin condition" we both have.	Custom@1313162067	Scene	50.000000			1	3
007FDC0D	ATX_COMP_Quest_Camp_Lite_Dottie	Dottie	44	007FDEE7		You said something about setting up shop?	Custom@1313162067	Scene	50.000000			1	1
007FDC0D	ATX_COMP_Quest_Camp_Lite_Dottie	Dottie	45	007FDEE8			Custom@1313162067	Scene	50.000000			0	0
007FDC0D	ATX_COMP_Quest_Camp_Lite_Dottie	Dottie	46	007FDEE9			Custom@1313162067	Scene	50.000000			6	13
007FDC0D	ATX_COMP_Quest_Camp_Lite_Dottie	Dottie	47	007FDEEA			Custom@1313162067	Scene	50.000000			0	0
007FDC0D	ATX_COMP_Quest_Camp_Lite_Dottie	Dottie	48	007FDEEB			Custom@1313162067	Scene	50.000000			0	0
007FDC0D	ATX_COMP_Quest_Camp_Lite_Dottie	Dottie	49	007FDEEC			Custom@1313162067	Scene	50.000000			0	0
007FDC0D	ATX_COMP_Quest_Camp_Lite_Dottie	Dottie	50	007FDEED			Custom@1313162067	Scene	50.000000			6	6
007FDC0D	ATX_COMP_Quest_Camp_Lite_Dottie	Dottie	51	007FDEEE			Custom@1313162067	Scene	50.000000			0	0
007FDC0D	ATX_COMP_Quest_Camp_Lite_Dottie	Dottie	52	007FDEEF			Custom@1313162067	Scene	50.000000			1	3
007FDC0D	ATX_COMP_Quest_Camp_Lite_Dottie	Dottie	53	007FDEF0		I have no idea what you're talking about.	Custom@1313162067	Scene	50.000000			1	3
007FDC0D	ATX_COMP_Quest_Camp_Lite_Dottie	Dottie	54	007FDEF1			Custom@1313162067	Scene	50.000000			0	0
007FDC0D	ATX_COMP_Quest_Camp_Lite_Dottie	Dottie	55	007FDEF2			Custom@1313162067	Scene	50.000000			0	0
007FDC0D	ATX_COMP_Quest_Camp_Lite_Dottie	Dottie	56	007FDEF3		Even if that made sense, why would the Government give that information to Nuka-Cola?	Custom@1313162067	Scene	50.000000			1	2
007FDC0D	ATX_COMP_Quest_Camp_Lite_Dottie	Dottie	57	007FDEF4		You are absolutely right.	Custom@1313162067	Scene	50.000000			1	1
007FDC0D	ATX_COMP_Quest_Camp_Lite_Dottie	Dottie	58	007FDEF5		Are you even listening to yourself? Fish are not cameras!	Custom@1313162067	Scene	50.000000			1	2
007FDC0D	ATX_COMP_Quest_Camp_Lite_Dottie	Dottie	59	007FDEF6		Obscure what?	Custom@1313162067	Scene	50.000000			1	3
007FDC0D	ATX_COMP_Quest_Camp_Lite_Dottie	Dottie	60	007FDEF7		[Intelligence +8] Shadow Eye?	Custom@1313162067	Scene	50.000000			1	3
007FDC0D	ATX_COMP_Quest_Camp_Lite_Dottie	Dottie	61	007FDEF8		How do you sneeze without a nose?	Custom@1313162067	Scene	50.000000			1	3
007FDC0D	ATX_COMP_Quest_Camp_Lite_Dottie	Dottie	62	007FDEF9			Custom@1313162067	Scene	50.000000			0	0
007FDC0D	ATX_COMP_Quest_Camp_Lite_Dottie	Dottie	63	007FDEFA		Bless you.	Custom@1313162067	Scene	50.000000			1	3
007FDC0D	ATX_COMP_Quest_Camp_Lite_Dottie	Dottie	64	007FDEFB			Custom@1313162067	Scene	50.000000			0	0
007FDC0D	ATX_COMP_Quest_Camp_Lite_Dottie	Dottie	65	007FDEFC		What?	Custom@1313162067	Scene	50.000000			1	3
007FDC0D	ATX_COMP_Quest_Camp_Lite_Dottie	Dottie	66	007FDEFD			Custom@1313162067	Scene	50.000000			0	0
007FDC0D	ATX_COMP_Quest_Camp_Lite_Dottie	Dottie	67	007FDEFE		See you later Dottie.	Custom@1313162067	Scene	50.000000			3	3
007FDC0D	ATX_COMP_Quest_Camp_Lite_Dottie	Dottie	68	007FDEFF			Custom@1313162067	Scene	50.000000			0	0
007FDC0D	ATX_COMP_Quest_Camp_Lite_Dottie	Dottie	69	007FDF00		Tell me about yourself.	Custom@1313162067	Scene	50.000000			1	1
007FDC0D	ATX_COMP_Quest_Camp_Lite_Dottie	Dottie	70	007FDF01			Custom@1313162067	Scene	50.000000			0	0
007FDC0D	ATX_COMP_Quest_Camp_Lite_Dottie	Dottie	71	007FDF02		I wanted to get your thoughts on something.	Custom@1313162067	Scene	50.000000			1	1
007FDC0D	ATX_COMP_Quest_Camp_Lite_Dottie	Dottie	72	007FDF03			Custom@1313162067	Scene	50.000000			0	0
007FDC0D	ATX_COMP_Quest_Camp_Lite_Dottie	Dottie	73	007FDF04		I'm ready to start "learning".	Custom@1313162067	Scene	50.000000			3	4
007FDC0D	ATX_COMP_Quest_Camp_Lite_Dottie	Dottie	74	007FDF05			Custom@1313162067	Scene	50.000000			0	0
007FDC0D	ATX_COMP_Quest_Camp_Lite_Dottie	Dottie	75	007FDF06			Custom@1313162067	Scene	50.000000			0	0
007FDC0D	ATX_COMP_Quest_Camp_Lite_Dottie	Dottie	76	007FDF07			Custom@1313162067	Scene	50.000000			0	0
007FDC0D	ATX_COMP_Quest_Camp_Lite_Dottie	Dottie	77	007FDF08		You said something about "staying away from the water". What did you mean by that?	Custom@1313162067	Scene	50.000000			1	2
007FDC0D	ATX_COMP_Quest_Camp_Lite_Dottie	Dottie	78	007FDF09			Custom@1313162067	Scene	50.000000			0	0
007FDC0D	ATX_COMP_Quest_Camp_Lite_Dottie	Dottie	79	007FDF0A			Custom@1313162067	Scene	50.000000			0	0
007FDC0D	ATX_COMP_Quest_Camp_Lite_Dottie	Dottie	80	007FDF0B		Let's see what you have for sale.	Custom@1313162067	Scene	50.000000			3	3
007FDC0D	ATX_COMP_Quest_Camp_Lite_Dottie	Dottie	81	007FDF0C			Custom@1313162067	Scene	50.000000			0	0
007FDC0D	ATX_COMP_Quest_Camp_Lite_Dottie	Dottie	82	007FDF0D			Custom@1313162067	Scene	50.000000			0	0
007FDC0D	ATX_COMP_Quest_Camp_Lite_Dottie	Dottie	83	007FDF0E			Custom@1313162067	Scene	50.000000			0	0
007FDC0D	ATX_COMP_Quest_Camp_Lite_Dottie	Dottie	84	007FDF0F			Custom@1313162067	Scene	50.000000			0	0
007FDC0D	ATX_COMP_Quest_Camp_Lite_Dottie	Dottie	85	007FDF10			Shared Info	Miscellaneous	50.000000			5	14
007FDC0D	ATX_COMP_Quest_Camp_Lite_Dottie	Dottie	86	007FDF11			Idle	Miscellaneous	50.000000			5	7
007FDC0D	ATX_COMP_Quest_Camp_Lite_Dottie	Dottie	87	007FDF12			Hello	Miscellaneous	50.000000			25	29
007FDC0D	ATX_COMP_Quest_Camp_Lite_Dottie	Dottie	88	007FDF13			Custom@1313162067	Scene	50.000000			1	3
007FDC0D	ATX_COMP_Quest_Camp_Lite_Dottie	Dottie	89	007FDF14		I'm actually part of the Enclave, which runs the government.	Custom@1313162067	Scene	50.000000			1	1
007FDC0D	ATX_COMP_Quest_Camp_Lite_Dottie	Dottie	90	007FDF15			Custom@1313162067	Scene	50.000000			0	0
007FDC0D	ATX_COMP_Quest_Camp_Lite_Dottie	Dottie	91	007FDF16		What the hell are you talking about?	Custom@1313162067	Scene	50.000000			1	1
007FDC0D	ATX_COMP_Quest_Camp_Lite_Dottie	Dottie	92	007FDF17			Custom@1313162067	Scene	50.000000			0	0
007FDC0D	ATX_COMP_Quest_Camp_Lite_Dottie	Dottie	93	007FDF18		I am concerned about you.	Custom@1313162067	Scene	50.000000			1	2
007FDC0D	ATX_COMP_Quest_Camp_Lite_Dottie	Dottie	94	007FDF19			Custom@1313162067	Scene	50.000000			0	0
007FDC0D	ATX_COMP_Quest_Camp_Lite_Dottie	Dottie	95	007FDF1A			Custom@1313162067	Scene	50.000000			1	3
007FDC0D	ATX_COMP_Quest_Camp_Lite_Dottie	Dottie	96	007FDF1B		Everything you say is more confusing than the last.	Custom@1313162067	Scene	50.000000			1	1
007FDC0D	ATX_COMP_Quest_Camp_Lite_Dottie	Dottie	97	007FDF1C			Custom@1313162067	Scene	50.000000			0	0
007FDC0D	ATX_COMP_Quest_Camp_Lite_Dottie	Dottie	98	007FDF1D		I know.	Custom@1313162067	Scene	50.000000			1	1
007FDC0D	ATX_COMP_Quest_Camp_Lite_Dottie	Dottie	99	007FDF1E			Custom@1313162067	Scene	50.000000			0	0
007FDC0D	ATX_COMP_Quest_Camp_Lite_Dottie	Dottie	100	007FDF1F			Custom@1313162067	Scene	50.000000			1	1
007FDC0D	ATX_COMP_Quest_Camp_Lite_Dottie	Dottie	101	007FDF20			Custom@1313162067	Scene	50.000000			0	0
007FDC0D	ATX_COMP_Quest_Camp_Lite_Dottie	Dottie	102	007FDF21		Just found them. Why do you want to know?	Custom@1313162067	Scene	50.000000			1	1
007FDC0D	ATX_COMP_Quest_Camp_Lite_Dottie	Dottie	103	007FDF22			Custom@1313162067	Scene	50.000000			0	0
007FDC0D	ATX_COMP_Quest_Camp_Lite_Dottie	Dottie	104	007FDF23		What's it to you?	Custom@1313162067	Scene	50.000000			1	1
007FDC0D	ATX_COMP_Quest_Camp_Lite_Dottie	Dottie	105	007FDF24			Custom@1313162067	Scene	50.000000			0	0
007FDC0D	ATX_COMP_Quest_Camp_Lite_Dottie	Dottie	106	007FDF25		[Lie] I don't have any boxes.	Custom@1313162067	Scene	50.000000			1	1
007FDC0D	ATX_COMP_Quest_Camp_Lite_Dottie	Dottie	107	007FDF26			Custom@1313162067	Scene	50.000000			1	2
007FDC0D	ATX_COMP_Quest_Camp_Lite_Dottie	Dottie	108	007FDF27			Custom@1313162067	Scene	50.000000			0	0
007FDC0D	ATX_COMP_Quest_Camp_Lite_Dottie	Dottie	109	007FDF28		Know what?	Custom@1313162067	Scene	50.000000			1	3
007FDC0D	ATX_COMP_Quest_Camp_Lite_Dottie	Dottie	110	007FDF29			Custom@1313162067	Scene	50.000000			0	0
007FDC0D	ATX_COMP_Quest_Camp_Lite_Dottie	Dottie	111	007FDF2A		What are you talking about?	Custom@1313162067	Scene	50.000000			1	3
008B43D2	ATX_COMP_Quest_Camp_Lite_Cambot	Cambot	0	008B43D3			Shared Info	Miscellaneous	50.000000			3	3
008B43D2	ATX_COMP_Quest_Camp_Lite_Cambot	Cambot	1	008B43D4			Idle	Miscellaneous	50.000000			17	19
008B43D2	ATX_COMP_Quest_Camp_Lite_Cambot	Cambot	2	008B43D5			Hello	Miscellaneous	50.000000			6	12
008B43D2	ATX_COMP_Quest_Camp_Lite_Cambot	Cambot	3	008B43D6			Greeting	Miscellaneous	50.000000			29	35
008B43D2	ATX_COMP_Quest_Camp_Lite_Cambot	Cambot	4	008B43D7		I want to ask you about something else.	Custom@1313162067	Scene	50.000000			1	1
008B43D2	ATX_COMP_Quest_Camp_Lite_Cambot	Cambot	5	008B43D8			Custom@1313162067	Scene	50.000000			0	0
008B43D2	ATX_COMP_Quest_Camp_Lite_Cambot	Cambot	6	008B43D9		Are there other Cambots out there?	Custom@1313162067	Scene	50.000000			1	2
008B43D2	ATX_COMP_Quest_Camp_Lite_Cambot	Cambot	7	008B43DA			Custom@1313162067	Scene	50.000000			0	0
008B43D2	ATX_COMP_Quest_Camp_Lite_Cambot	Cambot	8	008B43DB		Were you filming when the bombs dropped?	Custom@1313162067	Scene	50.000000			1	2
008B43D2	ATX_COMP_Quest_Camp_Lite_Cambot	Cambot	9	008B43DC			Custom@1313162067	Scene	50.000000			0	0
008B43D2	ATX_COMP_Quest_Camp_Lite_Cambot	Cambot	10	008B43DD		So you're from Michigan?	Custom@1313162067	Scene	50.000000			1	2
008B43D2	ATX_COMP_Quest_Camp_Lite_Cambot	Cambot	11	008B43DE			Custom@1313162067	Scene	50.000000			0	0
008B43D2	ATX_COMP_Quest_Camp_Lite_Cambot	Cambot	12	008B43E6		I'd like to learn more about you.	Custom@1313162067	Scene	50.000000			1	1
008B43D2	ATX_COMP_Quest_Camp_Lite_Cambot	Cambot	13	008B43E7			Custom@1313162067	Scene	50.000000			0	0
008B43D2	ATX_COMP_Quest_Camp_Lite_Cambot	Cambot	14	008B43EA			Custom@1313162067	Scene	50.000000			0	0
008B43D2	ATX_COMP_Quest_Camp_Lite_Cambot	Cambot	15	008B43EB			Custom@1313162067	Scene	50.000000			1	1
008B43D2	ATX_COMP_Quest_Camp_Lite_Cambot	Cambot	16	008B43EC			Custom@1313162067	Scene	50.000000			0	0
008B43D2	ATX_COMP_Quest_Camp_Lite_Cambot	Cambot	17	008B43ED			Custom@1313162067	Scene	50.000000			1	1
008B43D2	ATX_COMP_Quest_Camp_Lite_Cambot	Cambot	18	008B43EE			Custom@1313162067	Scene	50.000000			0	0
008B43D2	ATX_COMP_Quest_Camp_Lite_Cambot	Cambot	19	008B43EF			Custom@1313162067	Scene	50.000000			1	2
008B43D2	ATX_COMP_Quest_Camp_Lite_Cambot	Cambot	20	008B43F0			Custom@1313162067	Scene	50.000000			0	0
008B43D2	ATX_COMP_Quest_Camp_Lite_Cambot	Cambot	21	008B43F1			Custom@1313162067	Scene	50.000000			1	1
008B43D2	ATX_COMP_Quest_Camp_Lite_Cambot	Cambot	22	008B43F2		Let's see what you have for sale.	Custom@1313162067	Scene	50.000000			4	6
008B43D2	ATX_COMP_Quest_Camp_Lite_Cambot	Cambot	23	008B43F3			Custom@1313162067	Scene	50.000000			1	1
008B43D2	ATX_COMP_Quest_Camp_Lite_Cambot	Cambot	24	008B43F4			Custom@1313162067	Scene	50.000000			0	0
008B43D2	ATX_COMP_Quest_Camp_Lite_Cambot	Cambot	25	008B43F5			Custom@1313162067	Scene	50.000000			1	1
008B43D2	ATX_COMP_Quest_Camp_Lite_Cambot	Cambot	26	008B43F6			Custom@1313162067	Scene	50.000000			0	0
008B43D2	ATX_COMP_Quest_Camp_Lite_Cambot	Cambot	27	008B43F7			Custom@1313162067	Scene	50.000000			1	1
008B43D2	ATX_COMP_Quest_Camp_Lite_Cambot	Cambot	28	008B43F8			Custom@1313162067	Scene	50.000000			0	0
008B43D2	ATX_COMP_Quest_Camp_Lite_Cambot	Cambot	29	008B43F9			Custom@1313162067	Scene	50.000000			1	1
008B43D2	ATX_COMP_Quest_Camp_Lite_Cambot	Cambot	30	008B43FA			Custom@1313162067	Scene	50.000000			0	0
008B43D2	ATX_COMP_Quest_Camp_Lite_Cambot	Cambot	31	008B43FB			Custom@1313162067	Scene	50.000000			1	1
008B43D2	ATX_COMP_Quest_Camp_Lite_Cambot	Cambot	32	008B43FC			Custom@1313162067	Scene	50.000000			0	0
008B43D2	ATX_COMP_Quest_Camp_Lite_Cambot	Cambot	33	008B43FD			Custom@1313162067	Scene	50.000000			1	1
008B43D2	ATX_COMP_Quest_Camp_Lite_Cambot	Cambot	34	008B43FE			Custom@1313162067	Scene	50.000000			0	0
008B43D2	ATX_COMP_Quest_Camp_Lite_Cambot	Cambot	35	008B43FF			Custom@1313162067	Scene	50.000000			1	1
008B43D2	ATX_COMP_Quest_Camp_Lite_Cambot	Cambot	36	008B4400			Custom@1313162067	Scene	50.000000			1	5
008B43D2	ATX_COMP_Quest_Camp_Lite_Cambot	Cambot	37	008B4401			Custom@1313162067	Scene	50.000000			0	0
008B43D2	ATX_COMP_Quest_Camp_Lite_Cambot	Cambot	38	008B4402			Custom@1313162067	Scene	50.000000			1	1
008B43D2	ATX_COMP_Quest_Camp_Lite_Cambot	Cambot	39	008B4403			Custom@1313162067	Scene	50.000000			0	0
008B43D2	ATX_COMP_Quest_Camp_Lite_Cambot	Cambot	40	008B4404			Custom@1313162067	Scene	50.000000			1	1
008B43D2	ATX_COMP_Quest_Camp_Lite_Cambot	Cambot	41	008B4405			Custom@1313162067	Scene	50.000000			0	0
008B43D2	ATX_COMP_Quest_Camp_Lite_Cambot	Cambot	42	008B4406			Custom@1313162067	Scene	50.000000			1	1
008B43D2	ATX_COMP_Quest_Camp_Lite_Cambot	Cambot	43	008B4407			Custom@1313162067	Scene	50.000000			0	0
008B43D2	ATX_COMP_Quest_Camp_Lite_Cambot	Cambot	44	008B4408			Custom@1313162067	Scene	50.000000			1	1
008B43D2	ATX_COMP_Quest_Camp_Lite_Cambot	Cambot	45	008B4409			Custom@1313162067	Scene	50.000000			0	0
008B43D2	ATX_COMP_Quest_Camp_Lite_Cambot	Cambot	46	008B440A			Custom@1313162067	Scene	50.000000			1	1
008B43D2	ATX_COMP_Quest_Camp_Lite_Cambot	Cambot	47	008B440B			Custom@1313162067	Scene	50.000000			0	0
008B43D2	ATX_COMP_Quest_Camp_Lite_Cambot	Cambot	48	008B440C			Custom@1313162067	Scene	50.000000			1	1
008B43D2	ATX_COMP_Quest_Camp_Lite_Cambot	Cambot	49	008B440D			Custom@1313162067	Scene	50.000000			0	0
008B43D2	ATX_COMP_Quest_Camp_Lite_Cambot	Cambot	50	008B440E			Custom@1313162067	Scene	50.000000			1	1
008B43D2	ATX_COMP_Quest_Camp_Lite_Cambot	Cambot	51	008B440F			Custom@1313162067	Scene	50.000000			0	0
008B43D2	ATX_COMP_Quest_Camp_Lite_Cambot	Cambot	52	008B4410			Custom@1313162067	Scene	50.000000			1	1
008B43D2	ATX_COMP_Quest_Camp_Lite_Cambot	Cambot	53	008B4411			Custom@1313162067	Scene	50.000000			0	0
008B43D2	ATX_COMP_Quest_Camp_Lite_Cambot	Cambot	54	008B4412			Custom@1313162067	Scene	50.000000			1	1
008B43D2	ATX_COMP_Quest_Camp_Lite_Cambot	Cambot	55	008B4413			Custom@1313162067	Scene	50.000000			0	0
008B43D2	ATX_COMP_Quest_Camp_Lite_Cambot	Cambot	56	008B4414			Custom@1313162067	Scene	50.000000			1	1
008B43D2	ATX_COMP_Quest_Camp_Lite_Cambot	Cambot	57	008B4415			Custom@1313162067	Scene	50.000000			1	1
008B43D2	ATX_COMP_Quest_Camp_Lite_Cambot	Cambot	58	008B4416			Custom@1313162067	Scene	50.000000			0	0
008B43D2	ATX_COMP_Quest_Camp_Lite_Cambot	Cambot	59	008B4417			Custom@1313162067	Scene	50.000000			1	3
008B43D2	ATX_COMP_Quest_Camp_Lite_Cambot	Cambot	60	008B4418			Custom@1313162067	Scene	50.000000			0	0
008B43D2	ATX_COMP_Quest_Camp_Lite_Cambot	Cambot	61	008B4419			Custom@1313162067	Scene	50.000000			1	3
008B43D2	ATX_COMP_Quest_Camp_Lite_Cambot	Cambot	62	008B441A			Custom@1313162067	Scene	50.000000			0	0
008B43D2	ATX_COMP_Quest_Camp_Lite_Cambot	Cambot	63	008B441B			Custom@1313162067	Scene	50.000000			1	1
008B43D2	ATX_COMP_Quest_Camp_Lite_Cambot	Cambot	64	008B441C			Custom@1313162067	Scene	50.000000			1	1
008B43D2	ATX_COMP_Quest_Camp_Lite_Cambot	Cambot	65	008B441D			Custom@1313162067	Scene	50.000000			0	0
008B43D2	ATX_COMP_Quest_Camp_Lite_Cambot	Cambot	66	008B441E			Custom@1313162067	Scene	50.000000			1	1
008B43D2	ATX_COMP_Quest_Camp_Lite_Cambot	Cambot	67	008B441F			Custom@1313162067	Scene	50.000000			0	0
008B43D2	ATX_COMP_Quest_Camp_Lite_Cambot	Cambot	68	008B4420			Custom@1313162067	Scene	50.000000			1	1
008B43D2	ATX_COMP_Quest_Camp_Lite_Cambot	Cambot	69	008B4421			Custom@1313162067	Scene	50.000000			0	0
008B43D2	ATX_COMP_Quest_Camp_Lite_Cambot	Cambot	70	008B4422			Custom@1313162067	Scene	50.000000			1	1
008B43D2	ATX_COMP_Quest_Camp_Lite_Cambot	Cambot	71	008B4423			Custom@1313162067	Scene	50.000000			1	1
008B43D2	ATX_COMP_Quest_Camp_Lite_Cambot	Cambot	72	008B4433			Custom@1313162067	Scene	50.000000			0	0
008B43D2	ATX_COMP_Quest_Camp_Lite_Cambot	Cambot	73	008B4434		That's it for now.	Custom@1313162067	Scene	50.000000			4	6
008B43D2	ATX_COMP_Quest_Camp_Lite_Cambot	Cambot	74	008B4435			Custom@1313162067	Scene	50.000000			0	0
008B43D2	ATX_COMP_Quest_Camp_Lite_Cambot	Cambot	75	008B4436		[Robotics Expert] How can broadcast-quality recording and transmission equipment fit into an Eyebot?	Custom@1313162067	Scene	50.000000			1	1
008B43D2	ATX_COMP_Quest_Camp_Lite_Cambot	Cambot	76	008B4437			Custom@1313162067	Scene	50.000000			0	0
008B43D2	ATX_COMP_Quest_Camp_Lite_Cambot	Cambot	77	008B4438		Why did Galaxy News want an Eyebot TV camera?	Custom@1313162067	Scene	50.000000			1	2
008B43D2	ATX_COMP_Quest_Camp_Lite_Cambot	Cambot	78	008B4439			Custom@1313162067	Scene	50.000000			0	0
008B43D2	ATX_COMP_Quest_Camp_Lite_Cambot	Cambot	79	008B443A		[Intelligence 8+] Seems odd to program you with such a cowardly personality.	Custom@1313162067	Scene	50.000000			1	3
008B43D2	ATX_COMP_Quest_Camp_Lite_Cambot	Cambot	80	008B443B			Custom@1313162067	Scene	50.000000			0	0
008B43D2	ATX_COMP_Quest_Camp_Lite_Cambot	Cambot	81	008B443C		What can you tell me about where you're from?	Custom@1313162067	Scene	50.000000			1	4
008B43D2	ATX_COMP_Quest_Camp_Lite_Cambot	Cambot	82	008B443F			Custom@1313162067	Scene	50.000000			0	0
008B43D2	ATX_COMP_Quest_Camp_Lite_Cambot	Cambot	83	008B4440		Broadcast-quality video equipment would leave no no room for a decent computer.	Custom@1313162067	Scene	50.000000			1	1
008B43D2	ATX_COMP_Quest_Camp_Lite_Cambot	Cambot	84	008B4441			Custom@1313162067	Scene	50.000000			0	0
008B43D2	ATX_COMP_Quest_Camp_Lite_Cambot	Cambot	85	008B4442		I could just take you apart and see for myself.	Custom@1313162067	Scene	50.000000			1	1
008B43D2	ATX_COMP_Quest_Camp_Lite_Cambot	Cambot	86	008B4443			Custom@1313162067	Scene	50.000000			0	0
008B43D2	ATX_COMP_Quest_Camp_Lite_Cambot	Cambot	87	008B4444		Fine, forget I said anything.	Custom@1313162067	Scene	50.000000			1	1
008B43D2	ATX_COMP_Quest_Camp_Lite_Cambot	Cambot	88	008B4445			Custom@1313162067	Scene	50.000000			0	0
008B43D2	ATX_COMP_Quest_Camp_Lite_Cambot	Cambot	89	008B4446		You're being controlled remotely, aren't you?	Custom@1313162067	Scene	50.000000			1	3
008B43D2	ATX_COMP_Quest_Camp_Lite_Cambot	Cambot	90	008B4447			Custom@1313162067	Scene	50.000000			0	0
008B43D2	ATX_COMP_Quest_Camp_Lite_Cambot	Cambot	91	008B4448		You've been lying to me this whole time.	Custom@1313162067	Scene	50.000000			1	3
008B43D2	ATX_COMP_Quest_Camp_Lite_Cambot	Cambot	92	008B4449			Custom@1313162067	Scene	50.000000			1	4
008B43D2	ATX_COMP_Quest_Camp_Lite_Cambot	Cambot	93	008B444A			Custom@1313162067	Scene	50.000000			0	0
008B43D2	ATX_COMP_Quest_Camp_Lite_Cambot	Cambot	94	008B444B		Your secret's safe with me, Francis.	Custom@1313162067	Scene	50.000000			1	3
008B43D2	ATX_COMP_Quest_Camp_Lite_Cambot	Cambot	95	008B444C			Custom@1313162067	Scene	50.000000			0	0
008B43D2	ATX_COMP_Quest_Camp_Lite_Cambot	Cambot	96	008B444D		We'll see.	Custom@1313162067	Scene	50.000000			1	3
008B43D2	ATX_COMP_Quest_Camp_Lite_Cambot	Cambot	97	008B444E			Custom@1313162067	Scene	50.000000			0	0
008B43D2	ATX_COMP_Quest_Camp_Lite_Cambot	Cambot	98	008B444F		That's it for now.	Custom@1313162067	Scene	50.000000			1	1
008B43D2	ATX_COMP_Quest_Camp_Lite_Cambot	Cambot	99	008B4450			Custom@1313162067	Scene	50.000000			0	0
008B43D2	ATX_COMP_Quest_Camp_Lite_Cambot	Cambot	100	008B4451		I have some story ideas for GNN.	Custom@1313162067	Scene	50.000000			4	6
008B43D2	ATX_COMP_Quest_Camp_Lite_Cambot	Cambot	101	008B4452			Custom@1313162067	Scene	50.000000			0	0
008B43D2	ATX_COMP_Quest_Camp_Lite_Cambot	Cambot	102	008B4453		I could tell you about life inside Vault 76.	Custom@1313162067	Scene	50.000000			1	2
008B43D2	ATX_COMP_Quest_Camp_Lite_Cambot	Cambot	103	008B4454			Custom@1313162067	Scene	50.000000			0	0
008B43D2	ATX_COMP_Quest_Camp_Lite_Cambot	Cambot	104	008B4455		I made a special batch of Nuka-Cola with my blood on it.	Custom@1313162067	Scene	50.000000			1	2
008B43D2	ATX_COMP_Quest_Camp_Lite_Cambot	Cambot	105	008B4456			Custom@1313162067	Scene	50.000000			0	0
008B43D2	ATX_COMP_Quest_Camp_Lite_Cambot	Cambot	106	008B4457		Actually, it was quite pleasant.	Custom@1313162067	Scene	50.000000			1	1
008B43D2	ATX_COMP_Quest_Camp_Lite_Cambot	Cambot	107	008B4458			Custom@1313162067	Scene	50.000000			0	0
008B43D2	ATX_COMP_Quest_Camp_Lite_Cambot	Cambot	108	008B4459		No. And the Vault is sealed shut.	Custom@1313162067	Scene	50.000000			1	1
008B43D2	ATX_COMP_Quest_Camp_Lite_Cambot	Cambot	109	008B445A			Custom@1313162067	Scene	50.000000			0	0
008B43D2	ATX_COMP_Quest_Camp_Lite_Cambot	Cambot	110	008B445B		What about an exposé on inefficiencies and delays at the Charleston DMV?	Custom@1313162067	Scene	50.000000			1	4
008B43D2	ATX_COMP_Quest_Camp_Lite_Cambot	Cambot	111	008B445C			Custom@1313162067	Scene	50.000000			0	0
008B43D2	ATX_COMP_Quest_Camp_Lite_Cambot	Cambot	112	008B445D		I could do a piece on life as a ghoul.	Custom@1313162067	Scene	50.000000			1	3
008B43D2	ATX_COMP_Quest_Camp_Lite_Cambot	Cambot	113	008B445E			Custom@1313162067	Scene	50.000000			0	0
008B43D2	ATX_COMP_Quest_Camp_Lite_Cambot	Cambot	114	008B445F		How about an investigative piece about that strange fish man at Fisherman's Rest?	Custom@1313162067	Scene	50.000000			1	1
008B43D2	ATX_COMP_Quest_Camp_Lite_Cambot	Cambot	115	008B4460			Custom@1313162067	Scene	50.000000			0	0
008B43D2	ATX_COMP_Quest_Camp_Lite_Cambot	Cambot	116	008B4461		He doesn't talk so much as... gurgle.	Custom@1313162067	Scene	50.000000			1	1
008B43D2	ATX_COMP_Quest_Camp_Lite_Cambot	Cambot	117	008B4462			Custom@1313162067	Scene	50.000000			0	0
008B43D2	ATX_COMP_Quest_Camp_Lite_Cambot	Cambot	118	008B4463		We could do a story about a recent failed coup against the Rust King.	Custom@1313162067	Scene	50.000000			1	3
008B43D2	ATX_COMP_Quest_Camp_Lite_Cambot	Cambot	119	008B4464			Custom@1313162067	Scene	50.000000			0	0
008B43D2	ATX_COMP_Quest_Camp_Lite_Cambot	Cambot	120	008B4465		That's all I've got.	Custom@1313162067	Scene	50.000000			1	1
008B43D2	ATX_COMP_Quest_Camp_Lite_Cambot	Cambot	121	008B4C14			Custom@1313162067	Scene	50.000000			0	0
008B43D2	ATX_COMP_Quest_Camp_Lite_Cambot	Cambot	122	008B4C15			Custom@1313162067	Scene	50.000000			0	0
008B43D2	ATX_COMP_Quest_Camp_Lite_Cambot	Cambot	123	008B4C16		[Cannibal] What about a cooking segment on how to best prepare human flesh?	Custom@1313162067	Scene	50.000000			1	2
008B43D2	ATX_COMP_Quest_Camp_Lite_Cambot	Cambot	124	008B4C17		[Lie] Yes! Our Overseer subjected us to decades of inhumane experiments.	Custom@1313162067	Scene	50.000000			1	1
008B43D2	ATX_COMP_Quest_Camp_Lite_Cambot	Cambot	125	008B5460			Custom@1313162067	Scene	50.000000			0	0
008B43D2	ATX_COMP_Quest_Camp_Lite_Cambot	Cambot	126	008B5461		You're not controlled by an artificial intelligence at all, are you?	Custom@1313162067	Scene	50.000000			2	2
008B43D2	ATX_COMP_Quest_Camp_Lite_Cambot	Cambot	127	008B5464			Flee	Combat	50.000000			5	7
