SPEL_FormID	SPEL_EDID	EffectIndex	CondIndex	Type_Raw	Operator	AndOr	RunOn	Function	Param1	Param2	Param3	CompareValue	Reference	Condition
00023F1B	WaterRadiationHazard	0	0	10000000	=	AND	Subject	WornApparelHasKeywordCount	WaterRadiationImmune [KYWD:005EEAE5]	00 00 00 00		0.000000	0	Subject.WornApparelHasKeywordCount(WaterRadiationImmune [KYWD:005EEAE5], 00 00 00 00) = 0.000000 AND
00023F1B	WaterRadiationHazard	0	1	10000000	=	AND	Subject	GetInFaction	CurrentCompanionFaction [FACT:00023C01]	00 00 00 00		0.000000	0	Subject.GetInFaction(CurrentCompanionFaction [FACT:00023C01], 00 00 00 00) = 0.000000 AND
00023F1B	WaterRadiationHazard	0	2	10000000	=	AND	Subject	HasPerk	Aquaboy01 "Aquaboy" [PERK:000E36F9]	00 00 00 00		0.000000	0	Subject.HasPerk(Aquaboy01 "Aquaboy" [PERK:000E36F9], 00 00 00 00) = 0.000000 AND
00023F1B	WaterRadiationHazard	0	3	10000000	=	AND	Subject	HasPerk	Aquagirl01 "Aquagirl" [PERK:000E9453]	00 00 00 00		0.000000	0	Subject.HasPerk(Aquagirl01 "Aquagirl" [PERK:000E9453], 00 00 00 00) = 0.000000 AND
0004B260	AbPerkRockSteady	0	0	10000000	=	AND	Subject	IsMoving	00 00 00 00	00 00 00 00		0.000000	0	Subject.IsMoving(00 00 00 00, 00 00 00 00) = 0.000000 AND
0004C93A	AbPerkNightPerson	0	0	10000000	=	AND	Subject	IsTrueForConditionForm	Perk_Night_Condition [CNDF:0090ABDD]	00 00 00 00		1.000000	0	Subject.IsTrueForConditionForm(Perk_Night_Condition [CNDF:0090ABDD], 00 00 00 00) = 1.000000 AND
0004C93A	AbPerkNightPerson	1	0	10000000	=	AND	Subject	IsTrueForConditionForm	Perk_Night_Condition [CNDF:0090ABDD]	00 00 00 00		1.000000	0	Subject.IsTrueForConditionForm(Perk_Night_Condition [CNDF:0090ABDD], 00 00 00 00) = 1.000000 AND
0004D871	AbPerkActionBoyGirl	0	0	10000000	=	AND	Subject	HasPerk	ActionBoy02 "Action Boy" [PERK:00065DF5]	00 00 00 00		0.000000	0	Subject.HasPerk(ActionBoy02 "Action Boy" [PERK:00065DF5], 00 00 00 00) = 0.000000 AND
0004D871	AbPerkActionBoyGirl	0	1	10000000	=	AND	Subject	HasPerk	ActionGirl02 "Action Girl" [PERK:00065DF6]	00 00 00 00		0.000000	0	Subject.HasPerk(ActionGirl02 "Action Girl" [PERK:00065DF6], 00 00 00 00) = 0.000000 AND
0004D871	AbPerkActionBoyGirl	0	2	10000000	=	AND	Subject	HasPerk	ActionBoy03 "Action Boy" [PERK:0017ED8A]	00 00 00 00		0.000000	0	Subject.HasPerk(ActionBoy03 "Action Boy" [PERK:0017ED8A], 00 00 00 00) = 0.000000 AND
0004D871	AbPerkActionBoyGirl	0	3	10000000	=	AND	Subject	HasPerk	ActionGirl03 "Action Girl" [PERK:0017ED8B]	00 00 00 00		0.000000	0	Subject.HasPerk(ActionGirl03 "Action Girl" [PERK:0017ED8B], 00 00 00 00) = 0.000000 AND
0004D871	AbPerkActionBoyGirl	1	0	10010000	=	OR	Subject	HasPerk	ActionBoy02 "Action Boy" [PERK:00065DF5]	00 00 00 00		1.000000	0	Subject.HasPerk(ActionBoy02 "Action Boy" [PERK:00065DF5], 00 00 00 00) = 1.000000 OR
0004D871	AbPerkActionBoyGirl	1	1	10000000	=	AND	Subject	HasPerk	ActionGirl02 "Action Girl" [PERK:00065DF6]	00 00 00 00		1.000000	0	Subject.HasPerk(ActionGirl02 "Action Girl" [PERK:00065DF6], 00 00 00 00) = 1.000000 AND
0004D871	AbPerkActionBoyGirl	1	2	10000000	=	AND	Subject	HasPerk	ActionBoy03 "Action Boy" [PERK:0017ED8A]	00 00 00 00		0.000000	0	Subject.HasPerk(ActionBoy03 "Action Boy" [PERK:0017ED8A], 00 00 00 00) = 0.000000 AND
0004D871	AbPerkActionBoyGirl	1	3	10000000	=	AND	Subject	HasPerk	ActionGirl03 "Action Girl" [PERK:0017ED8B]	00 00 00 00		0.000000	0	Subject.HasPerk(ActionGirl03 "Action Girl" [PERK:0017ED8B], 00 00 00 00) = 0.000000 AND
0004D871	AbPerkActionBoyGirl	2	0	10010000	=	OR	Subject	HasPerk	ActionBoy03 "Action Boy" [PERK:0017ED8A]	00 00 00 00		1.000000	0	Subject.HasPerk(ActionBoy03 "Action Boy" [PERK:0017ED8A], 00 00 00 00) = 1.000000 OR
0004D871	AbPerkActionBoyGirl	2	1	10010000	=	OR	Subject	HasPerk	ActionGirl03 "Action Girl" [PERK:0017ED8B]	00 00 00 00		1.000000	0	Subject.HasPerk(ActionGirl03 "Action Girl" [PERK:0017ED8B], 00 00 00 00) = 1.000000 OR
0004D8A9	AbPerkSolarPowered	0	0	10000000	=	AND	Subject	IsTrueForConditionForm	Perk_Day_Condition [CNDF:0090ABDC]	00 00 00 00		1.000000	0	Subject.IsTrueForConditionForm(Perk_Day_Condition [CNDF:0090ABDC], 00 00 00 00) = 1.000000 AND
0004D8A9	AbPerkSolarPowered	1	0	10000000	=	AND	Subject	IsTrueForConditionForm	Perk_Day_Condition [CNDF:0090ABDC]	00 00 00 00		1.000000	0	Subject.IsTrueForConditionForm(Perk_Day_Condition [CNDF:0090ABDC], 00 00 00 00) = 1.000000 AND
0004DDEF	AbPerkMovingTarget1	0	0	00000000	!=	AND	Subject	HasPerk	MovingTarget02 "Moving Target" [PERK:001D2492]	00 00 00 00		1.000000	0	Subject.HasPerk(MovingTarget02 "Moving Target" [PERK:001D2492], 00 00 00 00) != 1.000000 AND
0004DDEF	AbPerkMovingTarget1	0	1	10000000	=	AND	Subject	IsSprinting	00 00 00 00	00 00 00 00		1.000000	0	Subject.IsSprinting(00 00 00 00, 00 00 00 00) = 1.000000 AND
0004DDEF	AbPerkMovingTarget1	0	2	10000000	=	AND	Subject	WornHasKeyword	ArmorTypePower [KYWD:0004D8A1]	00 00 00 00		0.000000	0	Subject.WornHasKeyword(ArmorTypePower [KYWD:0004D8A1], 00 00 00 00) = 0.000000 AND
0004DDEF	AbPerkMovingTarget1	1	0	10000000	=	AND	Subject	HasPerk	MovingTarget02 "Moving Target" [PERK:001D2492]	00 00 00 00		1.000000	0	Subject.HasPerk(MovingTarget02 "Moving Target" [PERK:001D2492], 00 00 00 00) = 1.000000 AND
0004DDEF	AbPerkMovingTarget1	1	1	00000000	!=	AND	Subject	HasPerk	MovingTarget03 "Moving Target" [PERK:00323F8E]	00 00 00 00		1.000000	0	Subject.HasPerk(MovingTarget03 "Moving Target" [PERK:00323F8E], 00 00 00 00) != 1.000000 AND
0004DDEF	AbPerkMovingTarget1	1	2	10000000	=	AND	Subject	IsSprinting	00 00 00 00	00 00 00 00		1.000000	0	Subject.IsSprinting(00 00 00 00, 00 00 00 00) = 1.000000 AND
0004DDEF	AbPerkMovingTarget1	1	3	10000000	=	AND	Subject	WornHasKeyword	ArmorTypePower [KYWD:0004D8A1]	00 00 00 00		0.000000	0	Subject.WornHasKeyword(ArmorTypePower [KYWD:0004D8A1], 00 00 00 00) = 0.000000 AND
0004DDEF	AbPerkMovingTarget1	2	0	10000000	=	AND	Subject	HasPerk	MovingTarget03 "Moving Target" [PERK:00323F8E]	00 00 00 00		1.000000	0	Subject.HasPerk(MovingTarget03 "Moving Target" [PERK:00323F8E], 00 00 00 00) = 1.000000 AND
0004DDEF	AbPerkMovingTarget1	2	1	10000000	=	AND	Subject	IsSprinting	00 00 00 00	00 00 00 00		1.000000	0	Subject.IsSprinting(00 00 00 00, 00 00 00 00) = 1.000000 AND
0004DDEF	AbPerkMovingTarget1	2	2	10000000	=	AND	Subject	WornHasKeyword	ArmorTypePower [KYWD:0004D8A1]	00 00 00 00		0.000000	0	Subject.WornHasKeyword(ArmorTypePower [KYWD:0004D8A1], 00 00 00 00) = 0.000000 AND
0004D6B9	AbPerkRadResistance	0	0	10000000	=	AND	Subject	HasPerk	RadResistant02 "Rad Resistant" [PERK:001D247A]	00 00 00 00		0.000000	0	Subject.HasPerk(RadResistant02 "Rad Resistant" [PERK:001D247A], 00 00 00 00) = 0.000000 AND
0004D6B9	AbPerkRadResistance	1	0	10000000	=	AND	Subject	HasPerk	RadResistant02 "Rad Resistant" [PERK:001D247A]	00 00 00 00		1.000000	0	Subject.HasPerk(RadResistant02 "Rad Resistant" [PERK:001D247A], 00 00 00 00) = 1.000000 AND
0004D6B9	AbPerkRadResistance	1	1	10000000	=	AND	Subject	HasPerk	RadResistant03 "Rad Resistant" [PERK:001D247B]	00 00 00 00		0.000000	0	Subject.HasPerk(RadResistant03 "Rad Resistant" [PERK:001D247B], 00 00 00 00) = 0.000000 AND
0004D6B9	AbPerkRadResistance	2	0	10000000	=	AND	Subject	HasPerk	RadResistant03 "Rad Resistant" [PERK:001D247B]	00 00 00 00		1.000000	0	Subject.HasPerk(RadResistant03 "Rad Resistant" [PERK:001D247B], 00 00 00 00) = 1.000000 AND
0005B2E0	PerkCannibalHeal	0	0	10000000	=	AND	Subject	HasPerk	Bloodsucker01 "Bloodsucker" [PERK:00382A57]	00 00 00 00		0.000000	0	Subject.HasPerk(Bloodsucker01 "Bloodsucker" [PERK:00382A57], 00 00 00 00) = 0.000000 AND
0005B2E0	PerkCannibalHeal	1	0	10000000	=	AND	Subject	HasSpell	Mutation_Carnivore "Carnivore" [SPEL:003C4049]	00 00 00 00		0.000000	0	Subject.HasSpell(Mutation_Carnivore "Carnivore" [SPEL:003C4049], 00 00 00 00) = 0.000000 AND
0005B2E0	PerkCannibalHeal	2	0	10000000	=	AND	Subject	HasSpell	Mutation_Carnivore "Carnivore" [SPEL:003C4049]	00 00 00 00		0.000000	0	Subject.HasSpell(Mutation_Carnivore "Carnivore" [SPEL:003C4049], 00 00 00 00) = 0.000000 AND
0005B2E0	PerkCannibalHeal	3	0	10000000	=	AND	Subject	HasSpell	Mutation_Carnivore "Carnivore" [SPEL:003C4049]	00 00 00 00		1.000000	0	Subject.HasSpell(Mutation_Carnivore "Carnivore" [SPEL:003C4049], 00 00 00 00) = 1.000000 AND
0005B2E0	PerkCannibalHeal	4	0	10000000	=	AND	Subject	HasSpell	Mutation_Carnivore "Carnivore" [SPEL:003C4049]	00 00 00 00		1.000000	0	Subject.HasSpell(Mutation_Carnivore "Carnivore" [SPEL:003C4049], 00 00 00 00) = 1.000000 AND
0005B2E0	PerkCannibalHeal	5	0	10000000	=	AND	Subject	HasPerk	Bloodsucker01 "Bloodsucker" [PERK:00382A57]	00 00 00 00		1.000000	0	Subject.HasPerk(Bloodsucker01 "Bloodsucker" [PERK:00382A57], 00 00 00 00) = 1.000000 AND
0006D2E2	PoisonStingwingBite	0	0	01000000	>	AND	Target	GetValuePercent	AvailableCondition1 [AVIF:00000373]	00 00 00 00		0.000000	0	Target.GetValuePercent(AvailableCondition1 [AVIF:00000373], 00 00 00 00) > 0.000000 AND
000BA450	mod_Lining_FieldGen_Radiation_Spell_1	0	0	10000000	=	AND	Subject	IsInCombat	0	00 00 00 00		1.000000	0	Subject.IsInCombat(0, 00 00 00 00) = 1.000000 AND
000BA457	mod_Lining_FieldGen_Radiation_Spell_2	0	0	10000000	=	AND	Subject	IsInCombat	0	00 00 00 00		1.000000	0	Subject.IsInCombat(0, 00 00 00 00) = 1.000000 AND
000BA458	mod_Lining_FieldGen_Radiation_Spell_3	0	0	10000000	=	AND	Subject	IsInCombat	0	00 00 00 00		1.000000	0	Subject.IsInCombat(0, 00 00 00 00) = 1.000000 AND
000BA459	mod_Lining_FieldGen_Radiation_Spell_4	0	0	10000000	=	AND	Subject	IsInCombat	0	00 00 00 00		1.000000	0	Subject.IsInCombat(0, 00 00 00 00) = 1.000000 AND
000BA461	mod_Lining_FieldGen_EMP_Spell_2	0	0	10000000	=	AND	Subject	IsInCombat	0	00 00 00 00		1.000000	0	Subject.IsInCombat(0, 00 00 00 00) = 1.000000 AND
000BA462	mod_Lining_FieldGen_EMP_Spell_1	0	0	10000000	=	AND	Target	IsInCombat	0	00 00 00 00		1.000000	0	Target.IsInCombat(0, 00 00 00 00) = 1.000000 AND
000BA463	mod_Lining_FieldGen_EMP_Spell_3	0	0	10000000	=	AND	Subject	IsInCombat	0	00 00 00 00		1.000000	0	Subject.IsInCombat(0, 00 00 00 00) = 1.000000 AND
000BA464	mod_Lining_FieldGen_EMP_Spell_4	0	0	10000000	=	AND	Subject	IsInCombat	0	00 00 00 00		1.000000	0	Subject.IsInCombat(0, 00 00 00 00) = 1.000000 AND
000E36FB	AbPerkAquaboy	1	0	10000000	=	AND	Subject	IsSwimming	00 00 00 00	00 00 00 00		1.000000	0	Subject.IsSwimming(00 00 00 00, 00 00 00 00) = 1.000000 AND
00115A93	PoisonRadstagHorn	1	0	10000000	=	AND	Target	HasKeyword	crCorrupted [KYWD:00115EAA]	00 00 00 00		1.000000	0	Target.HasKeyword(crCorrupted [KYWD:00115EAA], 00 00 00 00) = 1.000000 AND
00115A93	PoisonRadstagHorn	2	0	10000000	=	AND	Target	HasKeyword	crCorrupted [KYWD:00115EAA]	00 00 00 00		1.000000	0	Target.HasKeyword(crCorrupted [KYWD:00115EAA], 00 00 00 00) = 1.000000 AND
00115EA3	RadstagCorruption	0	0	10000000	=	AND	Target	HasKeyword	crInfected [KYWD:00115A92]	00 00 00 00		1.000000	0	Target.HasKeyword(crInfected [KYWD:00115A92], 00 00 00 00) = 1.000000 AND
00115EA3	RadstagCorruption	1	0	10000000	=	AND	Target	HasKeyword	crCorrupted [KYWD:00115EAA]	00 00 00 00		1.000000	0	Target.HasKeyword(crCorrupted [KYWD:00115EAA], 00 00 00 00) = 1.000000 AND
00115EB0	PoisonRadscorpion	0	0	01000000	>	AND	Target	GetValuePercent	AttackConditionAlt1 [AVIF:000002CA]	00 00 00 00		0.000000	0	Target.GetValuePercent(AttackConditionAlt1 [AVIF:000002CA], 00 00 00 00) > 0.000000 AND
00115EB0	PoisonRadscorpion	1	0	01000000	>	AND	Target	GetValuePercent	AttackConditionAlt1 [AVIF:000002CA]	00 00 00 00		0.000000	0	Target.GetValuePercent(AttackConditionAlt1 [AVIF:000002CA], 00 00 00 00) > 0.000000 AND
00115EB0	PoisonRadscorpion	2	0	01000000	>	AND	Target	GetValuePercent	AttackConditionAlt1 [AVIF:000002CA]	00 00 00 00		0.000000	0	Target.GetValuePercent(AttackConditionAlt1 [AVIF:000002CA], 00 00 00 00) > 0.000000 AND
001478ED	CritCryo	0	0	00000000	!=	AND	Target	HasKeyword	CriticalCryoNoFreeze [KYWD:00249D7A]	00 00 00 00		1.000000	0	Target.HasKeyword(CriticalCryoNoFreeze [KYWD:00249D7A], 00 00 00 00) != 1.000000 AND
0014AE57	PoisonMirelurkHunter	0	0	10000000	=	AND	Target	HasKeyword	crScorchedMirelurkHunter [KYWD:00148D91]	00 00 00 00		1.000000	0	Target.HasKeyword(crScorchedMirelurkHunter [KYWD:00148D91], 00 00 00 00) = 1.000000 AND
00171782	PerkPainTrainHitSpell	0	0	10000000	=	AND	Subject	IsHostileToActor	TARGET - Target Reference [00000000]	00 00 00 00		1.000000	0	Subject.IsHostileToActor(TARGET - Target Reference [00000000], 00 00 00 00) = 1.000000 AND
00171782	PerkPainTrainHitSpell	0	1	10000000	=	AND	Target	HasPerk	PainTrain02 "Pain Train" [PERK:00065E3C]	00 00 00 00		0.000000	0	Target.HasPerk(PainTrain02 "Pain Train" [PERK:00065E3C], 00 00 00 00) = 0.000000 AND
00171782	PerkPainTrainHitSpell	1	0	10000000	=	AND	Subject	IsHostileToActor	TARGET - Target Reference [00000000]	00 00 00 00		1.000000	0	Subject.IsHostileToActor(TARGET - Target Reference [00000000], 00 00 00 00) = 1.000000 AND
00171782	PerkPainTrainHitSpell	1	1	10000000	=	AND	Subject	HasKeyword	NoStaggerSpell [KYWD:001C5020]	00 00 00 00		0.000000	0	Subject.HasKeyword(NoStaggerSpell [KYWD:001C5020], 00 00 00 00) = 0.000000 AND
00171782	PerkPainTrainHitSpell	1	2	10000000	=	AND	Subject	GetSitting	00 00 00 00	00 00 00 00		0.000000	0	Subject.GetSitting(00 00 00 00, 00 00 00 00) = 0.000000 AND
00171782	PerkPainTrainHitSpell	1	3	10000000	=	AND	Target	HasPerk	PainTrain02 "Pain Train" [PERK:00065E3C]	00 00 00 00		0.000000	0	Target.HasPerk(PainTrain02 "Pain Train" [PERK:00065E3C], 00 00 00 00) = 0.000000 AND
00171782	PerkPainTrainHitSpell	2	0	10000000	=	AND	Subject	IsHostileToActor	TARGET - Target Reference [00000000]	00 00 00 00		1.000000	0	Subject.IsHostileToActor(TARGET - Target Reference [00000000], 00 00 00 00) = 1.000000 AND
00171782	PerkPainTrainHitSpell	2	1	10000000	=	AND	Target	HasPerk	PainTrain02 "Pain Train" [PERK:00065E3C]	00 00 00 00		1.000000	0	Target.HasPerk(PainTrain02 "Pain Train" [PERK:00065E3C], 00 00 00 00) = 1.000000 AND
00171782	PerkPainTrainHitSpell	2	2	10000000	=	AND	Target	HasPerk	PainTrain03 "Pain Train" [PERK:00065E3D]	00 00 00 00		0.000000	0	Target.HasPerk(PainTrain03 "Pain Train" [PERK:00065E3D], 00 00 00 00) = 0.000000 AND
00171782	PerkPainTrainHitSpell	3	0	10000000	=	AND	Subject	IsHostileToActor	TARGET - Target Reference [00000000]	00 00 00 00		1.000000	0	Subject.IsHostileToActor(TARGET - Target Reference [00000000], 00 00 00 00) = 1.000000 AND
00171782	PerkPainTrainHitSpell	3	1	10000000	=	AND	Subject	HasKeyword	NoStaggerSpell [KYWD:001C5020]	00 00 00 00		0.000000	0	Subject.HasKeyword(NoStaggerSpell [KYWD:001C5020], 00 00 00 00) = 0.000000 AND
00171782	PerkPainTrainHitSpell	3	2	10000000	=	AND	Subject	GetSitting	00 00 00 00	00 00 00 00		0.000000	0	Subject.GetSitting(00 00 00 00, 00 00 00 00) = 0.000000 AND
00171782	PerkPainTrainHitSpell	3	3	10000000	=	AND	Target	HasPerk	PainTrain02 "Pain Train" [PERK:00065E3C]	00 00 00 00		1.000000	0	Target.HasPerk(PainTrain02 "Pain Train" [PERK:00065E3C], 00 00 00 00) = 1.000000 AND
00171782	PerkPainTrainHitSpell	3	4	10000000	=	AND	Target	HasPerk	PainTrain03 "Pain Train" [PERK:00065E3D]	00 00 00 00		0.000000	0	Target.HasPerk(PainTrain03 "Pain Train" [PERK:00065E3D], 00 00 00 00) = 0.000000 AND
00171782	PerkPainTrainHitSpell	4	0	10000000	=	AND	Subject	IsHostileToActor	TARGET - Target Reference [00000000]	00 00 00 00		1.000000	0	Subject.IsHostileToActor(TARGET - Target Reference [00000000], 00 00 00 00) = 1.000000 AND
00171782	PerkPainTrainHitSpell	4	1	10000000	=	AND	Target	HasPerk	PainTrain03 "Pain Train" [PERK:00065E3D]	00 00 00 00		1.000000	0	Target.HasPerk(PainTrain03 "Pain Train" [PERK:00065E3D], 00 00 00 00) = 1.000000 AND
00171782	PerkPainTrainHitSpell	5	0	10000000	=	AND	Subject	IsHostileToActor	TARGET - Target Reference [00000000]	00 00 00 00		1.000000	0	Subject.IsHostileToActor(TARGET - Target Reference [00000000], 00 00 00 00) = 1.000000 AND
00171782	PerkPainTrainHitSpell	5	1	10000000	=	AND	Subject	HasKeyword	NoStaggerSpell [KYWD:001C5020]	00 00 00 00		0.000000	0	Subject.HasKeyword(NoStaggerSpell [KYWD:001C5020], 00 00 00 00) = 0.000000 AND
00171782	PerkPainTrainHitSpell	5	2	10000000	=	AND	Subject	GetSitting	00 00 00 00	00 00 00 00		0.000000	0	Subject.GetSitting(00 00 00 00, 00 00 00 00) = 0.000000 AND
00171782	PerkPainTrainHitSpell	5	3	10000000	=	AND	Target	HasPerk	PainTrain03 "Pain Train" [PERK:00065E3D]	00 00 00 00		1.000000	0	Target.HasPerk(PainTrain03 "Pain Train" [PERK:00065E3D], 00 00 00 00) = 1.000000 AND
00171784	abPerkPainTrain	0	0	10000000	=	AND	Target	HasPerk	PainTrain02 "Pain Train" [PERK:00065E3C]	00 00 00 00		0.000000	0	Target.HasPerk(PainTrain02 "Pain Train" [PERK:00065E3C], 00 00 00 00) = 0.000000 AND
00171784	abPerkPainTrain	1	0	10000000	=	AND	Target	HasPerk	PainTrain02 "Pain Train" [PERK:00065E3C]	00 00 00 00		1.000000	0	Target.HasPerk(PainTrain02 "Pain Train" [PERK:00065E3C], 00 00 00 00) = 1.000000 AND
00171784	abPerkPainTrain	1	1	10000000	=	AND	Target	HasPerk	PainTrain03 "Pain Train" [PERK:00065E3D]	00 00 00 00		0.000000	0	Target.HasPerk(PainTrain03 "Pain Train" [PERK:00065E3D], 00 00 00 00) = 0.000000 AND
00171784	abPerkPainTrain	2	0	10000000	=	AND	Target	HasPerk	PainTrain03 "Pain Train" [PERK:00065E3D]	00 00 00 00		1.000000	0	Target.HasPerk(PainTrain03 "Pain Train" [PERK:00065E3D], 00 00 00 00) = 1.000000 AND
0002B6D7	AbRaceProtectron	0	0	00000000	!=	AND	Subject	HasKeyword	if_Protectron_DrinkingBuddy [KYWD:00179612]	00 00 00 00		1.000000	0	Subject.HasKeyword(if_Protectron_DrinkingBuddy [KYWD:00179612], 00 00 00 00) != 1.000000 AND
0007C719	SpellPowerArmor_TeslaBracers	0	0	10000000	=	AND	Target	GetValue	UnarmedEnergyDamage "Unarmed Energy Damage" [AVIF:00239EBA]	00 00 00 00		1.000000	0	Target.GetValue(UnarmedEnergyDamage "Unarmed Energy Damage" [AVIF:00239EBA], 00 00 00 00) = 1.000000 AND
0007C719	SpellPowerArmor_TeslaBracers	1	0	10000000	=	AND	Target	GetValue	UnarmedEnergyDamage "Unarmed Energy Damage" [AVIF:00239EBA]	00 00 00 00		2.000000	0	Target.GetValue(UnarmedEnergyDamage "Unarmed Energy Damage" [AVIF:00239EBA], 00 00 00 00) = 2.000000 AND
00085332	AbBoSPaladin	0	0	01000000	>	AND	Subject	GetValue	PowerArmorBattery "Power Armor Battery" [AVIF:0000035C]	00 00 00 00		0.000000	0	Subject.GetValue(PowerArmorBattery "Power Armor Battery" [AVIF:0000035C], 00 00 00 00) > 0.000000 AND
00097344	AbPerkRootedDisarm	0	0	10000000	=	AND	Subject	IsMoving	00 00 00 00	00 00 00 00		0.000000	0	Subject.IsMoving(00 00 00 00, 00 00 00 00) = 0.000000 AND
000976E5	SpellPowerArmor_Stealth	0	0	01000000	>	AND	Subject	GetValue	ActionPoints "Action Points" [AVIF:000002D5]	00 00 00 00		1.000000	0	Subject.GetValue(ActionPoints "Action Points" [AVIF:000002D5], 00 00 00 00) > 1.000000 AND
000976E5	SpellPowerArmor_Stealth	0	1	10000000	=	AND	Subject	IsMoving	00 00 00 00	00 00 00 00		0.000000	0	Subject.IsMoving(00 00 00 00, 00 00 00 00) = 0.000000 AND
000976E5	SpellPowerArmor_Stealth	0	2	10000000	=	AND	Subject	IsSneaking	00 00 00 00	00 00 00 00		1.000000	0	Subject.IsSneaking(00 00 00 00, 00 00 00 00) = 1.000000 AND
000976E5	SpellPowerArmor_Stealth	1	0	10000000	=	AND	Subject	IsMoving	00 00 00 00	00 00 00 00		0.000000	0	Subject.IsMoving(00 00 00 00, 00 00 00 00) = 0.000000 AND
000976E5	SpellPowerArmor_Stealth	1	1	10000000	=	AND	Subject	IsSneaking	00 00 00 00	00 00 00 00		1.000000	0	Subject.IsSneaking(00 00 00 00, 00 00 00 00) = 1.000000 AND
0018C35A	CryoFreezeSpell	0	0	00000000	!=	AND	Subject	HasKeyword	IgnoreCryoSlowEffectKeyword [KYWD:005B5A90]	00 00 00 00		1.000000	0	Subject.HasKeyword(IgnoreCryoSlowEffectKeyword [KYWD:005B5A90], 00 00 00 00) != 1.000000 AND
0018C35A	CryoFreezeSpell	1	0	00000000	!=	AND	Subject	HasKeyword	IgnoreCryoSlowEffectKeyword [KYWD:005B5A90]	00 00 00 00		1.000000	0	Subject.HasKeyword(IgnoreCryoSlowEffectKeyword [KYWD:005B5A90], 00 00 00 00) != 1.000000 AND
001B34CD	PowerArmor_TargetingHUD_Spell	0	0	10000000	=	AND	Subject	IsHostileToActor	TARGET - Target Reference [00000000]	00 00 00 00		1.000000	0	Subject.IsHostileToActor(TARGET - Target Reference [00000000], 00 00 00 00) = 1.000000 AND
001B34CD	PowerArmor_TargetingHUD_Spell	0	1	10000000	=	AND	Subject	HasKeyword	ActorTypeRobot [KYWD:0002CB73]	00 00 00 00		0.000000	0	Subject.HasKeyword(ActorTypeRobot [KYWD:0002CB73], 00 00 00 00) = 0.000000 AND
001B34CD	PowerArmor_TargetingHUD_Spell	0	2	00000000	!=	AND	Subject	GetDead	00 00 00 00	00 00 00 00		1.000000	0	Subject.GetDead(00 00 00 00, 00 00 00 00) != 1.000000 AND
001C5E7B	RadStormSpell	0	0	10000000	=	AND	Subject	HasPerk	ImmuneToRadiation [PERK:000A2775]	00 00 00 00		0.000000	0	Subject.HasPerk(ImmuneToRadiation [PERK:000A2775], 00 00 00 00) = 0.000000 AND
001C5E7B	RadStormSpell	0	1	10000000	=	AND	Subject	IsInInterior	00 00 00 00	00 00 00 00		0.000000	0	Subject.IsInInterior(00 00 00 00, 00 00 00 00) = 0.000000 AND
001C5E7B	RadStormSpell	0	2	10010000	=	OR	Subject	GetIsCurrentWeather	NewWeatherRadstorm [WTHR:002DB891]	ForestObjectRegion [REGN:0001746B]		1.000000	0	Subject.GetIsCurrentWeather(NewWeatherRadstorm [WTHR:002DB891], ForestObjectRegion [REGN:0001746B]) = 1.000000 OR
001C5E7B	RadStormSpell	0	3	10010000	=	OR	Subject	GetIsCurrentWeather	NewWeatherRadstorm [WTHR:002DB891]	CranberryObjectRegion [REGN:001C943F]		1.000000	0	Subject.GetIsCurrentWeather(NewWeatherRadstorm [WTHR:002DB891], CranberryObjectRegion [REGN:001C943F]) = 1.000000 OR
001C5E7B	RadStormSpell	0	4	10010000	=	OR	Subject	GetIsCurrentWeather	NewWeatherRadstorm [WTHR:002DB891]	SwampObjectRegion [REGN:0020CFF8]		1.000000	0	Subject.GetIsCurrentWeather(NewWeatherRadstorm [WTHR:002DB891], SwampObjectRegion [REGN:0020CFF8]) = 1.000000 OR
001C5E7B	RadStormSpell	0	5	10010000	=	OR	Subject	GetIsCurrentWeather	NewWeatherRadstorm [WTHR:002DB891]	FloodObjectRegion [REGN:0001C74D]		1.000000	0	Subject.GetIsCurrentWeather(NewWeatherRadstorm [WTHR:002DB891], FloodObjectRegion [REGN:0001C74D]) = 1.000000 OR
001C5E7B	RadStormSpell	0	6	10010000	=	OR	Subject	GetIsCurrentWeather	NewWeatherRadstorm [WTHR:002DB891]	MountainObjectRegion [REGN:0012DFF1]		1.000000	0	Subject.GetIsCurrentWeather(NewWeatherRadstorm [WTHR:002DB891], MountainObjectRegion [REGN:0012DFF1]) = 1.000000 OR
001C5E7B	RadStormSpell	0	7	10010000	=	OR	Subject	GetIsCurrentWeather	NewWeatherRadstorm [WTHR:002DB891]	ToxicObjectRegion [REGN:001E7B77]		1.000000	0	Subject.GetIsCurrentWeather(NewWeatherRadstorm [WTHR:002DB891], ToxicObjectRegion [REGN:001E7B77]) = 1.000000 OR
001C5E7B	RadStormSpell	0	8	10010000	=	OR	Subject	GetIsCurrentWeather	NewWeatherRadstorm [WTHR:002DB891]	MtnRemovalObjectRegion [REGN:000724E6]		1.000000	0	Subject.GetIsCurrentWeather(NewWeatherRadstorm [WTHR:002DB891], MtnRemovalObjectRegion [REGN:000724E6]) = 1.000000 OR
001C63EA	AbPerkMagSwimSpeed	0	0	10000000	=	AND	Subject	IsSwimming	00 00 00 00	00 00 00 00		1.000000	0	Subject.IsSwimming(00 00 00 00, 00 00 00 00) = 1.000000 AND
001CCDA3	LegendaryCreatureChance_AbConvertLegendaryCreature	0	0	10000000	=	AND	Subject	IsTrueForConditionForm	LegendaryCreatureChance_Check [CNDF:004960C1]	00 00 00 00		1.000000	0	Subject.IsTrueForConditionForm(LegendaryCreatureChance_Check [CNDF:004960C1], 00 00 00 00) = 1.000000 AND
001D246C	abPerkLoneWanderer	0	0	10000000	=	AND	Subject	IsMemberOfAPlayerTeam	00 00 00 00	00 00 00 00		0.000000	0	Subject.IsMemberOfAPlayerTeam(00 00 00 00, 00 00 00 00) = 0.000000 AND
001D246C	abPerkLoneWanderer	1	0	10000000	=	AND	Subject	IsMemberOfAPlayerTeam	00 00 00 00	00 00 00 00		0.000000	0	Subject.IsMemberOfAPlayerTeam(00 00 00 00, 00 00 00 00) = 0.000000 AND
001D2481	AbPerkRooted	0	0	10000000	=	AND	Subject	HasPerk	Rooted02 "Rooted" [PERK:001D2480]	00 00 00 00		0.000000	0	Subject.HasPerk(Rooted02 "Rooted" [PERK:001D2480], 00 00 00 00) = 0.000000 AND
001D2481	AbPerkRooted	0	1	10000000	=	AND	Subject	IsMoving	00 00 00 00	00 00 00 00		0.000000	0	Subject.IsMoving(00 00 00 00, 00 00 00 00) = 0.000000 AND
001D2481	AbPerkRooted	1	0	10000000	=	AND	Subject	HasPerk	Rooted02 "Rooted" [PERK:001D2480]	00 00 00 00		0.000000	0	Subject.HasPerk(Rooted02 "Rooted" [PERK:001D2480], 00 00 00 00) = 0.000000 AND
001D2481	AbPerkRooted	1	1	10000000	=	AND	Subject	IsMoving	00 00 00 00	00 00 00 00		0.000000	0	Subject.IsMoving(00 00 00 00, 00 00 00 00) = 0.000000 AND
001D2481	AbPerkRooted	2	0	10000000	=	AND	Subject	HasPerk	Rooted02 "Rooted" [PERK:001D2480]	00 00 00 00		1.000000	0	Subject.HasPerk(Rooted02 "Rooted" [PERK:001D2480], 00 00 00 00) = 1.000000 AND
001D2481	AbPerkRooted	2	1	10000000	=	AND	Subject	IsMoving	00 00 00 00	00 00 00 00		0.000000	0	Subject.IsMoving(00 00 00 00, 00 00 00 00) = 0.000000 AND
001D2481	AbPerkRooted	3	0	10000000	=	AND	Subject	HasPerk	Rooted02 "Rooted" [PERK:001D2480]	00 00 00 00		1.000000	0	Subject.HasPerk(Rooted02 "Rooted" [PERK:001D2480], 00 00 00 00) = 1.000000 AND
001D2481	AbPerkRooted	3	1	10000000	=	AND	Subject	IsMoving	00 00 00 00	00 00 00 00		0.000000	0	Subject.IsMoving(00 00 00 00, 00 00 00 00) = 0.000000 AND
001E4502	AbMirelurkKingCloakSpell	0	0	00000000	!=	AND	Subject	GetCombatState	00 00 00 00	00 00 00 00		0.000000	0	Subject.GetCombatState(00 00 00 00, 00 00 00 00) != 0.000000 AND
001E4502	AbMirelurkKingCloakSpell	0	1	10000000	=	AND	Subject	GetValue	MirelurkKingCanCloak [AVIF:001E4504]	00 00 00 00		1.000000	0	Subject.GetValue(MirelurkKingCanCloak [AVIF:001E4504], 00 00 00 00) = 1.000000 AND
001FE6A3	WaterRadiationHighHazard	0	0	10000000	=	AND	Subject	GetInFaction	CurrentCompanionFaction [FACT:00023C01]	00 00 00 00		0.000000	0	Subject.GetInFaction(CurrentCompanionFaction [FACT:00023C01], 00 00 00 00) = 0.000000 AND
001FE6A3	WaterRadiationHighHazard	0	1	10000000	=	AND	Subject	HasPerk	Aquaboy01 "Aquaboy" [PERK:000E36F9]	00 00 00 00		0.000000	0	Subject.HasPerk(Aquaboy01 "Aquaboy" [PERK:000E36F9], 00 00 00 00) = 0.000000 AND
001FE6A3	WaterRadiationHighHazard	0	2	10000000	=	AND	Subject	HasPerk	Aquagirl01 "Aquagirl" [PERK:000E9453]	00 00 00 00		0.000000	0	Subject.HasPerk(Aquagirl01 "Aquagirl" [PERK:000E9453], 00 00 00 00) = 0.000000 AND
001FE6B7	Legendary_PoisonAttack	0	0	10100000	<=	AND	Target	GetLevel	00 00 00 00	00 00 00 00		10.000000	0	Target.GetLevel(00 00 00 00, 00 00 00 00) <= 10.000000 AND
001FE6B7	Legendary_PoisonAttack	1	0	01000000	>	AND	Target	GetLevel	00 00 00 00	00 00 00 00		10.000000	0	Target.GetLevel(00 00 00 00, 00 00 00 00) > 10.000000 AND
001FE6B7	Legendary_PoisonAttack	1	1	10100000	<=	AND	Target	GetLevel	00 00 00 00	00 00 00 00		15.000000	0	Target.GetLevel(00 00 00 00, 00 00 00 00) <= 15.000000 AND
001FE6B7	Legendary_PoisonAttack	2	0	01000000	>	AND	Target	GetLevel	00 00 00 00	00 00 00 00		15.000000	0	Target.GetLevel(00 00 00 00, 00 00 00 00) > 15.000000 AND
001FE6B7	Legendary_PoisonAttack	2	1	10100000	<=	AND	Target	GetLevel	00 00 00 00	00 00 00 00		20.000000	0	Target.GetLevel(00 00 00 00, 00 00 00 00) <= 20.000000 AND
001FE6B7	Legendary_PoisonAttack	3	0	01000000	>	AND	Target	GetLevel	00 00 00 00	00 00 00 00		20.000000	0	Target.GetLevel(00 00 00 00, 00 00 00 00) > 20.000000 AND
001FE6B7	Legendary_PoisonAttack	3	1	10100000	<=	AND	Target	GetLevel	00 00 00 00	00 00 00 00		30.000000	0	Target.GetLevel(00 00 00 00, 00 00 00 00) <= 30.000000 AND
001FE6B7	Legendary_PoisonAttack	4	0	01000000	>	AND	Target	GetLevel	00 00 00 00	00 00 00 00		30.000000	0	Target.GetLevel(00 00 00 00, 00 00 00 00) > 30.000000 AND
001FE6B7	Legendary_PoisonAttack	4	1	10100000	<=	AND	Target	GetLevel	00 00 00 00	00 00 00 00		40.000000	0	Target.GetLevel(00 00 00 00, 00 00 00 00) <= 40.000000 AND
001FE6B7	Legendary_PoisonAttack	5	0	01000000	>	AND	Target	GetLevel	00 00 00 00	00 00 00 00		40.000000	0	Target.GetLevel(00 00 00 00, 00 00 00 00) > 40.000000 AND
001FE6B7	Legendary_PoisonAttack	5	1	10100000	<=	AND	Target	GetLevel	00 00 00 00	00 00 00 00		50.000000	0	Target.GetLevel(00 00 00 00, 00 00 00 00) <= 50.000000 AND
001FE6B7	Legendary_PoisonAttack	6	0	01000000	>	AND	Target	GetLevel	00 00 00 00	00 00 00 00		50.000000	0	Target.GetLevel(00 00 00 00, 00 00 00 00) > 50.000000 AND
00204143	WorkshopTrapFlamethrowerSpell	0	0	10000000	=	AND	Subject	IsUsingAltCurveTable	00 00 00 00	00 00 00 00		0.000000	0	Subject.IsUsingAltCurveTable(00 00 00 00, 00 00 00 00) = 0.000000 AND
00204143	WorkshopTrapFlamethrowerSpell	1	0	10000000	=	AND	Subject	IsUsingAltCurveTable	00 00 00 00	00 00 00 00		1.000000	0	Subject.IsUsingAltCurveTable(00 00 00 00, 00 00 00 00) = 1.000000 AND
00209471	AbPainTrainImpactLanding	0	0	10000000	=	AND	Subject	HasPerk	PowerArmorPerk [PERK:0001F8A9]	00 00 00 00		0.000000	0	Subject.HasPerk(PowerArmorPerk [PERK:0001F8A9], 00 00 00 00) = 0.000000 AND
00215CD3	abDogmeatHealthBonus	0	0	11000000	>=	AND	Subject	GetLevel	00 00 00 00	00 00 00 00		10.000000	0	Subject.GetLevel(00 00 00 00, 00 00 00 00) >= 10.000000 AND
00215CD3	abDogmeatHealthBonus	1	0	11000000	>=	AND	Subject	GetLevel	00 00 00 00	00 00 00 00		20.000000	0	Subject.GetLevel(00 00 00 00, 00 00 00 00) >= 20.000000 AND
00215CD3	abDogmeatHealthBonus	2	0	11000000	>=	AND	Subject	GetLevel	00 00 00 00	00 00 00 00		30.000000	0	Subject.GetLevel(00 00 00 00, 00 00 00 00) >= 30.000000 AND
00215CD3	abDogmeatHealthBonus	3	0	11000000	>=	AND	Subject	GetLevel	00 00 00 00	00 00 00 00		40.000000	0	Subject.GetLevel(00 00 00 00, 00 00 00 00) >= 40.000000 AND
00215CD3	abDogmeatHealthBonus	4	0	11000000	>=	AND	Subject	GetLevel	00 00 00 00	00 00 00 00		50.000000	0	Subject.GetLevel(00 00 00 00, 00 00 00 00) >= 50.000000 AND
0022517A	DetectLifePACloakSpell	0	0	10000000	=	AND	Subject	IsHostileToActor	TARGET - Target Reference [00000000]	00 00 00 00		1.000000	0	Subject.IsHostileToActor(TARGET - Target Reference [00000000], 00 00 00 00) = 1.000000 AND
0022517A	DetectLifePACloakSpell	0	1	10000000	=	AND	Subject	HasKeyword	ActorTypeRobot [KYWD:0002CB73]	00 00 00 00		0.000000	0	Subject.HasKeyword(ActorTypeRobot [KYWD:0002CB73], 00 00 00 00) = 0.000000 AND
0022517A	DetectLifePACloakSpell	0	2	00000000	!=	AND	Subject	GetDead	00 00 00 00	00 00 00 00		1.000000	0	Subject.GetDead(00 00 00 00, 00 00 00 00) != 1.000000 AND
0022517F	DetectLifeCloakHostileSpell	0	0	00000000	!=	AND	Subject	GetDead	00 00 00 00	00 00 00 00		1.000000	0	Subject.GetDead(00 00 00 00, 00 00 00 00) != 1.000000 AND
0022517F	DetectLifeCloakHostileSpell	0	1	01000000	>	AND	Subject	IsHostileToActor	PlayerRef [PLYR:00000014]	00 00 00 00		0.000000	0	Subject.IsHostileToActor(PlayerRef [PLYR:00000014], 00 00 00 00) > 0.000000 AND
0022FC60	CUT_DogmeatInvisibility	0	0	10000000	=	AND	Reference	IsInCombat	0	00 00 00 00		0.000000	PlayerRef [PLYR:00000014]	Reference.IsInCombat(0, 00 00 00 00) = 0.000000 AND
0022FC60	CUT_DogmeatInvisibility	0	1	10000000	=	AND	Reference	IsSneaking	00 00 00 00	00 00 00 00		1.000000	PlayerRef [PLYR:00000014]	Reference.IsSneaking(00 00 00 00, 00 00 00 00) = 1.000000 AND
0023EC91	GlowingSeaPlayerRadiationRadStorm	0	0	10000000	=	AND	Subject	IsPlayerInRegion	AudioExtGlowingSeaOuter [REGN:000E50AF]	00 00 00 00		1.000000	0	Subject.IsPlayerInRegion(AudioExtGlowingSeaOuter [REGN:000E50AF], 00 00 00 00) = 1.000000 AND
0023EC91	GlowingSeaPlayerRadiationRadStorm	0	1	10000000	=	AND	Subject	GetIsCurrentWeather	NULL - Null Reference [00000000]	NULL - Null Reference [00000000]		1.000000	0	Subject.GetIsCurrentWeather(NULL - Null Reference [00000000], NULL - Null Reference [00000000]) = 1.000000 AND
0023EC91	GlowingSeaPlayerRadiationRadStorm	0	2	10000000	=	AND	Subject	HasPerk	ImmuneToRadiation [PERK:000A2775]	00 00 00 00		0.000000	0	Subject.HasPerk(ImmuneToRadiation [PERK:000A2775], 00 00 00 00) = 0.000000 AND
0024848D	SpellPowerArmor_CommonArm	0	0	10000000	=	AND	Target	GetValue	PA_RustyKnuckles_AV "Unarmed Bleed Damage over 3 seconds" [AVIF:0020D96F]	00 00 00 00		9.000000	0	Target.GetValue(PA_RustyKnuckles_AV "Unarmed Bleed Damage over 3 seconds" [AVIF:0020D96F], 00 00 00 00) = 9.000000 AND
0024848D	SpellPowerArmor_CommonArm	1	0	10000000	=	AND	Target	GetValue	PA_RustyKnuckles_AV "Unarmed Bleed Damage over 3 seconds" [AVIF:0020D96F]	00 00 00 00		18.000000	0	Target.GetValue(PA_RustyKnuckles_AV "Unarmed Bleed Damage over 3 seconds" [AVIF:0020D96F], 00 00 00 00) = 18.000000 AND
0024865C	SpellPowerArmor_ImpactLandingAggro	0	0	00100000	<	AND	Reference	GetValue	PowerArmorVent "Power Armor Vent" [AVIF:00084283]	00 00 00 00		1.000000	PlayerRef [PLYR:00000014]	Reference.GetValue(PowerArmorVent "Power Armor Vent" [AVIF:00084283], 00 00 00 00) < 1.000000 AND
0024865C	SpellPowerArmor_ImpactLandingAggro	1	0	10000000	=	AND	Reference	GetValue	PowerArmorVent "Power Armor Vent" [AVIF:00084283]	00 00 00 00		1.000000	PlayerRef [PLYR:00000014]	Reference.GetValue(PowerArmorVent "Power Armor Vent" [AVIF:00084283], 00 00 00 00) = 1.000000 AND
0024865C	SpellPowerArmor_ImpactLandingAggro	2	0	10000000	=	AND	Reference	GetValue	PowerArmorVent "Power Armor Vent" [AVIF:00084283]	00 00 00 00		2.000000	PlayerRef [PLYR:00000014]	Reference.GetValue(PowerArmorVent "Power Armor Vent" [AVIF:00084283], 00 00 00 00) = 2.000000 AND
002486F8	DetectLifeOnTargetSpell	0	0	00000000	!=	AND	Subject	GetDead	00 00 00 00	00 00 00 00		1.000000	0	Subject.GetDead(00 00 00 00, 00 00 00 00) != 1.000000 AND
002486F8	DetectLifeOnTargetSpell	0	1	10000000	=	AND	Subject	HasKeyword	ActorTypeRobot [KYWD:0002CB73]	00 00 00 00		0.000000	0	Subject.HasKeyword(ActorTypeRobot [KYWD:0002CB73], 00 00 00 00) = 0.000000 AND
002486F8	DetectLifeOnTargetSpell	0	2	10000000	=	AND	Subject	IsSneaking	00 00 00 00	00 00 00 00		0.000000	0	Subject.IsSneaking(00 00 00 00, 00 00 00 00) = 0.000000 AND
00248978	PowerArmor_ImpactLandingAggroDamageSpell	0	0	10000000	=	AND	Subject	HasPerk	PowerArmorPerk [PERK:0001F8A9]	00 00 00 00		0.000000	0	Subject.HasPerk(PowerArmorPerk [PERK:0001F8A9], 00 00 00 00) = 0.000000 AND
00248978	PowerArmor_ImpactLandingAggroDamageSpell	2	0	10000000	=	AND	Reference	GetValue	PowerArmorVent "Power Armor Vent" [AVIF:00084283]	00 00 00 00		2.000000	PlayerRef [PLYR:00000014]	Reference.GetValue(PowerArmorVent "Power Armor Vent" [AVIF:00084283], 00 00 00 00) = 2.000000 AND
00248978	PowerArmor_ImpactLandingAggroDamageSpell	2	1	10000000	=	AND	Subject	HasPerk	PowerArmorPerk [PERK:0001F8A9]	00 00 00 00		0.000000	0	Subject.HasPerk(PowerArmorPerk [PERK:0001F8A9], 00 00 00 00) = 0.000000 AND
00249D6A	PowerArmor_mod_Lining_FieldGen_EMP_Spell	0	0	10000000	=	AND	Subject	IsInCombat	0	00 00 00 00		1.000000	0	Subject.IsInCombat(0, 00 00 00 00) = 1.000000 AND
00008CC5	MTR_AshFireSpell	0	0	10000000	=	AND	Subject	HasPerk	PowerArmorPerk [PERK:0001F8A9]	00 00 00 00		0.000000	0	Subject.HasPerk(PowerArmorPerk [PERK:0001F8A9], 00 00 00 00) = 0.000000 AND
00008CC5	MTR_AshFireSpell	0	1	10000000	=	AND	Subject	GetEquipped	MTR_AshFireImmunityEquipment [FLST:00008CC7]	00 00 00 00		0.000000	0	Subject.GetEquipped(MTR_AshFireImmunityEquipment [FLST:00008CC7], 00 00 00 00) = 0.000000 AND
0010EB18	DLC01Bot_CommonArmorSpell	0	0	10000000	=	AND	Target	GetValue	DLC01Bot_BleedDamage_AV [AVIF:0010EB0A]	00 00 00 00		1.000000	0	Target.GetValue(DLC01Bot_BleedDamage_AV [AVIF:0010EB0A], 00 00 00 00) = 1.000000 AND
0010EB18	DLC01Bot_CommonArmorSpell	1	0	10000000	=	AND	Target	GetValue	DLC01Bot_BleedDamage_AV [AVIF:0010EB0A]	00 00 00 00		2.000000	0	Target.GetValue(DLC01Bot_BleedDamage_AV [AVIF:0010EB0A], 00 00 00 00) = 2.000000 AND
0010EB18	DLC01Bot_CommonArmorSpell	2	0	10000000	=	AND	Target	GetValue	DLC01Bot_BleedDamage_AV [AVIF:0010EB0A]	00 00 00 00		3.000000	0	Target.GetValue(DLC01Bot_BleedDamage_AV [AVIF:0010EB0A], 00 00 00 00) = 3.000000 AND
0010EB18	DLC01Bot_CommonArmorSpell	3	0	10000000	=	AND	Target	GetValue	DLC01Bot_BleedDamage_AV [AVIF:0010EB0A]	00 00 00 00		4.000000	0	Target.GetValue(DLC01Bot_BleedDamage_AV [AVIF:0010EB0A], 00 00 00 00) = 4.000000 AND
0010EB18	DLC01Bot_CommonArmorSpell	4	0	10000000	=	AND	Target	GetValue	DLC01Bot_BleedDamage_AV [AVIF:0010EB0A]	00 00 00 00		5.000000	0	Target.GetValue(DLC01Bot_BleedDamage_AV [AVIF:0010EB0A], 00 00 00 00) = 5.000000 AND
0010EB18	DLC01Bot_CommonArmorSpell	5	0	10000000	=	AND	Target	GetValue	DLC01Bot_BleedDamage_AV [AVIF:0010EB0A]	00 00 00 00		6.000000	0	Target.GetValue(DLC01Bot_BleedDamage_AV [AVIF:0010EB0A], 00 00 00 00) = 6.000000 AND
0010EB18	DLC01Bot_CommonArmorSpell	6	0	10000000	=	AND	Target	GetValue	DLC01Bot_BleedDamage_AV [AVIF:0010EB0A]	00 00 00 00		7.000000	0	Target.GetValue(DLC01Bot_BleedDamage_AV [AVIF:0010EB0A], 00 00 00 00) = 7.000000 AND
0010EB18	DLC01Bot_CommonArmorSpell	7	0	10000000	=	AND	Target	GetValue	DLC01Bot_BleedDamage_AV [AVIF:0010EB0A]	00 00 00 00		8.000000	0	Target.GetValue(DLC01Bot_BleedDamage_AV [AVIF:0010EB0A], 00 00 00 00) = 8.000000 AND
0010EB18	DLC01Bot_CommonArmorSpell	8	0	10000000	=	AND	Target	GetValue	DLC01Bot_PoisonDamage_AV [AVIF:0010EB0D]	00 00 00 00		1.000000	0	Target.GetValue(DLC01Bot_PoisonDamage_AV [AVIF:0010EB0D], 00 00 00 00) = 1.000000 AND
0010EB18	DLC01Bot_CommonArmorSpell	9	0	10000000	=	AND	Target	GetValue	DLC01Bot_PoisonDamage_AV [AVIF:0010EB0D]	00 00 00 00		2.000000	0	Target.GetValue(DLC01Bot_PoisonDamage_AV [AVIF:0010EB0D], 00 00 00 00) = 2.000000 AND
0010EB18	DLC01Bot_CommonArmorSpell	10	0	10000000	=	AND	Target	GetValue	DLC01Bot_RadsDamage_AV [AVIF:0010EB0C]	00 00 00 00		1.000000	0	Target.GetValue(DLC01Bot_RadsDamage_AV [AVIF:0010EB0C], 00 00 00 00) = 1.000000 AND
0010EB18	DLC01Bot_CommonArmorSpell	11	0	10000000	=	AND	Target	GetValue	DLC01Bot_RadsDamage_AV [AVIF:0010EB0C]	00 00 00 00		2.000000	0	Target.GetValue(DLC01Bot_RadsDamage_AV [AVIF:0010EB0C], 00 00 00 00) = 2.000000 AND
0010EB18	DLC01Bot_CommonArmorSpell	12	0	10000000	=	AND	Target	GetValue	DLC01Bot_RadsDamage_AV [AVIF:0010EB0C]	00 00 00 00		3.000000	0	Target.GetValue(DLC01Bot_RadsDamage_AV [AVIF:0010EB0C], 00 00 00 00) = 3.000000 AND
0010EB18	DLC01Bot_CommonArmorSpell	13	0	10000000	=	AND	Target	GetValue	DLC01Bot_RadsDamage_AV [AVIF:0010EB0C]	00 00 00 00		4.000000	0	Target.GetValue(DLC01Bot_RadsDamage_AV [AVIF:0010EB0C], 00 00 00 00) = 4.000000 AND
0010EB18	DLC01Bot_CommonArmorSpell	14	0	10100000	<=	AND	Subject	GetRandomPercent	00 00 00 00	00 00 00 00		15.000000	0	Subject.GetRandomPercent(00 00 00 00, 00 00 00 00) <= 15.000000 AND
0010EB18	DLC01Bot_CommonArmorSpell	14	1	10000000	=	AND	Target	GetValue	DLC01Bot_Knockdown_AV [AVIF:0010EB27]	00 00 00 00		1.000000	0	Target.GetValue(DLC01Bot_Knockdown_AV [AVIF:0010EB27], 00 00 00 00) = 1.000000 AND
0010EB18	DLC01Bot_CommonArmorSpell	15	0	10100000	<=	AND	Subject	GetRandomPercent	00 00 00 00	00 00 00 00		30.000000	0	Subject.GetRandomPercent(00 00 00 00, 00 00 00 00) <= 30.000000 AND
0010EB18	DLC01Bot_CommonArmorSpell	15	1	10000000	=	AND	Target	GetValue	DLC01Bot_Knockdown_AV [AVIF:0010EB27]	00 00 00 00		2.000000	0	Target.GetValue(DLC01Bot_Knockdown_AV [AVIF:0010EB27], 00 00 00 00) = 2.000000 AND
0010EB18	DLC01Bot_CommonArmorSpell	16	0	10100000	<=	AND	Subject	GetRandomPercent	00 00 00 00	00 00 00 00		15.000000	0	Subject.GetRandomPercent(00 00 00 00, 00 00 00 00) <= 15.000000 AND
0010EB18	DLC01Bot_CommonArmorSpell	16	1	10000000	=	AND	Target	GetValue	DLC01Bot_Stagger_AV [AVIF:0010EB2E]	00 00 00 00		1.000000	0	Target.GetValue(DLC01Bot_Stagger_AV [AVIF:0010EB2E], 00 00 00 00) = 1.000000 AND
0010EB18	DLC01Bot_CommonArmorSpell	17	0	10100000	<=	AND	Subject	GetRandomPercent	00 00 00 00	00 00 00 00		30.000000	0	Subject.GetRandomPercent(00 00 00 00, 00 00 00 00) <= 30.000000 AND
0010EB18	DLC01Bot_CommonArmorSpell	17	1	10000000	=	AND	Target	GetValue	DLC01Bot_Stagger_AV [AVIF:0010EB2E]	00 00 00 00		2.000000	0	Target.GetValue(DLC01Bot_Stagger_AV [AVIF:0010EB2E], 00 00 00 00) = 2.000000 AND
0010EB18	DLC01Bot_CommonArmorSpell	18	0	10000000	=	AND	Target	GetValue	DLC01Bot_BleedDamageUnstable_AV [AVIF:0010EC52]	00 00 00 00		1.000000	0	Target.GetValue(DLC01Bot_BleedDamageUnstable_AV [AVIF:0010EC52], 00 00 00 00) = 1.000000 AND
0010EB18	DLC01Bot_CommonArmorSpell	19	0	10000000	=	AND	Target	GetValue	DLC01Bot_BleedDamageUnstable_AV [AVIF:0010EC52]	00 00 00 00		1.000000	0	Target.GetValue(DLC01Bot_BleedDamageUnstable_AV [AVIF:0010EC52], 00 00 00 00) = 1.000000 AND
0010EB18	DLC01Bot_CommonArmorSpell	20	0	00000000	!=	AND	Target	GetValue	LeftAttackCondition "Left Arm" [AVIF:0000036E]	00 00 00 00		0.000000	0	Target.GetValue(LeftAttackCondition "Left Arm" [AVIF:0000036E], 00 00 00 00) != 0.000000 AND
0010EB18	DLC01Bot_CommonArmorSpell	20	1	10000000	=	AND	Target	GetValue	DLC01Bot_BurnDamage_AV [AVIF:0010ED22]	00 00 00 00		1.000000	0	Target.GetValue(DLC01Bot_BurnDamage_AV [AVIF:0010ED22], 00 00 00 00) = 1.000000 AND
0010EB18	DLC01Bot_CommonArmorSpell	20	2	00000000	!=	AND	Subject	HasKeyword	OnFireState [KYWD:001C246C]	00 00 00 00		1.000000	0	Subject.HasKeyword(OnFireState [KYWD:001C246C], 00 00 00 00) != 1.000000 AND
0010EB18	DLC01Bot_CommonArmorSpell	21	0	00000000	!=	AND	Target	GetValue	LeftAttackCondition "Left Arm" [AVIF:0000036E]	00 00 00 00		0.000000	0	Target.GetValue(LeftAttackCondition "Left Arm" [AVIF:0000036E], 00 00 00 00) != 0.000000 AND
0010EB18	DLC01Bot_CommonArmorSpell	21	1	10000000	=	AND	Target	GetValue	DLC01Bot_BurnDamage_AV [AVIF:0010ED22]	00 00 00 00		1.000000	0	Target.GetValue(DLC01Bot_BurnDamage_AV [AVIF:0010ED22], 00 00 00 00) = 1.000000 AND
0010EB18	DLC01Bot_CommonArmorSpell	21	2	00000000	!=	AND	Subject	HasKeyword	OnFireState [KYWD:001C246C]	00 00 00 00		1.000000	0	Subject.HasKeyword(OnFireState [KYWD:001C246C], 00 00 00 00) != 1.000000 AND
0010EB18	DLC01Bot_CommonArmorSpell	22	0	01000000	>	AND	Target	GetValue	LeftAttackCondition "Left Arm" [AVIF:0000036E]	00 00 00 00		0.000000	0	Target.GetValue(LeftAttackCondition "Left Arm" [AVIF:0000036E], 00 00 00 00) > 0.000000 AND
0010EB18	DLC01Bot_CommonArmorSpell	22	1	10000000	=	AND	Target	HasKeyword	DLC01Bot_Unstable_BleedDamage_Keyword [KYWD:0010ED38]	00 00 00 00		1.000000	0	Target.HasKeyword(DLC01Bot_Unstable_BleedDamage_Keyword [KYWD:0010ED38], 00 00 00 00) = 1.000000 AND
0010EB2A	DLC01Bot_KnockdownSpell	0	0	10000000	=	AND	Subject	HasKeyword	NoStaggerSpell [KYWD:001C5020]	00 00 00 00		0.000000	0	Subject.HasKeyword(NoStaggerSpell [KYWD:001C5020], 00 00 00 00) = 0.000000 AND
0010EB2A	DLC01Bot_KnockdownSpell	0	1	10000000	=	AND	Subject	GetSitting	00 00 00 00	00 00 00 00		0.000000	0	Subject.GetSitting(00 00 00 00, 00 00 00 00) = 0.000000 AND
0010EB2A	DLC01Bot_KnockdownSpell	0	2	10000000	=	AND	Reference	HasPerk	PainTrain02 "Pain Train" [PERK:00065E3C]	00 00 00 00		0.000000	PlayerRef [PLYR:00000014]	Reference.HasPerk(PainTrain02 "Pain Train" [PERK:00065E3C], 00 00 00 00) = 0.000000 AND
0010EB2A	DLC01Bot_KnockdownSpell	0	3	11000000	>=	AND	Reference	WornApparelHasKeywordCount	ArmorTypePower [KYWD:0004D8A1]	00 00 00 00		1.000000	PlayerRef [PLYR:00000014]	Reference.WornApparelHasKeywordCount(ArmorTypePower [KYWD:0004D8A1], 00 00 00 00) >= 1.000000 AND
0010EB2A	DLC01Bot_KnockdownSpell	1	0	10000000	=	AND	Subject	HasMagicEffect	PerkPainTrainBlockEffect "Pain Train Block Effect" [MGEF:00249BF2]	00 00 00 00		0.000000	0	Subject.HasMagicEffect(PerkPainTrainBlockEffect "Pain Train Block Effect" [MGEF:00249BF2], 00 00 00 00) = 0.000000 AND
0010EB2A	DLC01Bot_KnockdownSpell	1	1	01000000	>	AND	Subject	IsHostileToActor	PlayerRef [PLYR:00000014]	00 00 00 00		0.000000	0	Subject.IsHostileToActor(PlayerRef [PLYR:00000014], 00 00 00 00) > 0.000000 AND
0010EB2A	DLC01Bot_KnockdownSpell	1	2	10000000	=	AND	Reference	HasPerk	PainTrain02 "Pain Train" [PERK:00065E3C]	00 00 00 00		0.000000	PlayerRef [PLYR:00000014]	Reference.HasPerk(PainTrain02 "Pain Train" [PERK:00065E3C], 00 00 00 00) = 0.000000 AND
0010EB2A	DLC01Bot_KnockdownSpell	1	3	11000000	>=	AND	Reference	WornApparelHasKeywordCount	ArmorTypePower [KYWD:0004D8A1]	00 00 00 00		1.000000	PlayerRef [PLYR:00000014]	Reference.WornApparelHasKeywordCount(ArmorTypePower [KYWD:0004D8A1], 00 00 00 00) >= 1.000000 AND
0010EB2A	DLC01Bot_KnockdownSpell	2	0	10000000	=	AND	Subject	HasKeyword	NoStaggerSpell [KYWD:001C5020]	00 00 00 00		0.000000	0	Subject.HasKeyword(NoStaggerSpell [KYWD:001C5020], 00 00 00 00) = 0.000000 AND
0010EB2A	DLC01Bot_KnockdownSpell	2	1	10000000	=	AND	Subject	GetSitting	00 00 00 00	00 00 00 00		0.000000	0	Subject.GetSitting(00 00 00 00, 00 00 00 00) = 0.000000 AND
0010EB2A	DLC01Bot_KnockdownSpell	2	2	10000000	=	AND	Reference	HasPerk	PainTrain02 "Pain Train" [PERK:00065E3C]	00 00 00 00		1.000000	PlayerRef [PLYR:00000014]	Reference.HasPerk(PainTrain02 "Pain Train" [PERK:00065E3C], 00 00 00 00) = 1.000000 AND
0010EB2A	DLC01Bot_KnockdownSpell	2	3	10000000	=	AND	Reference	HasPerk	PainTrain03 "Pain Train" [PERK:00065E3D]	00 00 00 00		0.000000	PlayerRef [PLYR:00000014]	Reference.HasPerk(PainTrain03 "Pain Train" [PERK:00065E3D], 00 00 00 00) = 0.000000 AND
0010EB2A	DLC01Bot_KnockdownSpell	2	4	11000000	>=	AND	Reference	WornApparelHasKeywordCount	ArmorTypePower [KYWD:0004D8A1]	00 00 00 00		1.000000	PlayerRef [PLYR:00000014]	Reference.WornApparelHasKeywordCount(ArmorTypePower [KYWD:0004D8A1], 00 00 00 00) >= 1.000000 AND
0010EB2A	DLC01Bot_KnockdownSpell	3	0	10000000	=	AND	Subject	HasMagicEffect	PerkPainTrainBlockEffect "Pain Train Block Effect" [MGEF:00249BF2]	00 00 00 00		0.000000	0	Subject.HasMagicEffect(PerkPainTrainBlockEffect "Pain Train Block Effect" [MGEF:00249BF2], 00 00 00 00) = 0.000000 AND
0010EB2A	DLC01Bot_KnockdownSpell	3	1	10000000	=	AND	Reference	HasPerk	PainTrain02 "Pain Train" [PERK:00065E3C]	00 00 00 00		1.000000	PlayerRef [PLYR:00000014]	Reference.HasPerk(PainTrain02 "Pain Train" [PERK:00065E3C], 00 00 00 00) = 1.000000 AND
0010EB2A	DLC01Bot_KnockdownSpell	3	2	10000000	=	AND	Reference	HasPerk	PainTrain03 "Pain Train" [PERK:00065E3D]	00 00 00 00		0.000000	PlayerRef [PLYR:00000014]	Reference.HasPerk(PainTrain03 "Pain Train" [PERK:00065E3D], 00 00 00 00) = 0.000000 AND
0010EB2A	DLC01Bot_KnockdownSpell	3	3	11000000	>=	AND	Reference	WornApparelHasKeywordCount	ArmorTypePower [KYWD:0004D8A1]	00 00 00 00		1.000000	PlayerRef [PLYR:00000014]	Reference.WornApparelHasKeywordCount(ArmorTypePower [KYWD:0004D8A1], 00 00 00 00) >= 1.000000 AND
0010EB2A	DLC01Bot_KnockdownSpell	4	0	10000000	=	AND	Subject	HasKeyword	NoStaggerSpell [KYWD:001C5020]	00 00 00 00		0.000000	0	Subject.HasKeyword(NoStaggerSpell [KYWD:001C5020], 00 00 00 00) = 0.000000 AND
0010EB2A	DLC01Bot_KnockdownSpell	4	1	10000000	=	AND	Subject	GetSitting	00 00 00 00	00 00 00 00		0.000000	0	Subject.GetSitting(00 00 00 00, 00 00 00 00) = 0.000000 AND
0010EB2A	DLC01Bot_KnockdownSpell	4	2	10000000	=	AND	Reference	HasPerk	PainTrain03 "Pain Train" [PERK:00065E3D]	00 00 00 00		1.000000	PlayerRef [PLYR:00000014]	Reference.HasPerk(PainTrain03 "Pain Train" [PERK:00065E3D], 00 00 00 00) = 1.000000 AND
0010EB2A	DLC01Bot_KnockdownSpell	4	3	11000000	>=	AND	Reference	WornApparelHasKeywordCount	ArmorTypePower [KYWD:0004D8A1]	00 00 00 00		1.000000	PlayerRef [PLYR:00000014]	Reference.WornApparelHasKeywordCount(ArmorTypePower [KYWD:0004D8A1], 00 00 00 00) >= 1.000000 AND
0010EB2A	DLC01Bot_KnockdownSpell	5	0	10000000	=	AND	Subject	HasMagicEffect	PerkPainTrainBlockEffect "Pain Train Block Effect" [MGEF:00249BF2]	00 00 00 00		0.000000	0	Subject.HasMagicEffect(PerkPainTrainBlockEffect "Pain Train Block Effect" [MGEF:00249BF2], 00 00 00 00) = 0.000000 AND
0010EB2A	DLC01Bot_KnockdownSpell	5	1	10000000	=	AND	Reference	HasPerk	PainTrain03 "Pain Train" [PERK:00065E3D]	00 00 00 00		1.000000	PlayerRef [PLYR:00000014]	Reference.HasPerk(PainTrain03 "Pain Train" [PERK:00065E3D], 00 00 00 00) = 1.000000 AND
0010EB2A	DLC01Bot_KnockdownSpell	5	2	11000000	>=	AND	Reference	WornApparelHasKeywordCount	ArmorTypePower [KYWD:0004D8A1]	00 00 00 00		1.000000	PlayerRef [PLYR:00000014]	Reference.WornApparelHasKeywordCount(ArmorTypePower [KYWD:0004D8A1], 00 00 00 00) >= 1.000000 AND
0010EE0E	DLC01Bot_CommonArmorSpell_Unstable	0	0	10000000	=	AND	Target	HasKeyword	DLC01Bot_Unstable_ChanceExplode_Keyword [KYWD:0010EE14]	00 00 00 00		1.000000	0	Target.HasKeyword(DLC01Bot_Unstable_ChanceExplode_Keyword [KYWD:0010EE14], 00 00 00 00) = 1.000000 AND
0010EE0E	DLC01Bot_CommonArmorSpell_Unstable	0	1	10100000	<=	AND	Subject	GetRandomPercent	00 00 00 00	00 00 00 00		20.000000	0	Subject.GetRandomPercent(00 00 00 00, 00 00 00 00) <= 20.000000 AND
0010EE0E	DLC01Bot_CommonArmorSpell_Unstable	1	0	10100000	<=	AND	Subject	GetRandomPercent	00 00 00 00	00 00 00 00		20.000000	0	Subject.GetRandomPercent(00 00 00 00, 00 00 00 00) <= 20.000000 AND
0010EE0E	DLC01Bot_CommonArmorSpell_Unstable	1	1	10000000	=	AND	Target	HasKeyword	DLC01Bot_Unstable_ChanceFrenzy_Keyword [KYWD:0010EE16]	00 00 00 00		1.000000	0	Target.HasKeyword(DLC01Bot_Unstable_ChanceFrenzy_Keyword [KYWD:0010EE16], 00 00 00 00) = 1.000000 AND
0010EE0E	DLC01Bot_CommonArmorSpell_Unstable	2	0	10000000	=	AND	Target	HasKeyword	DLC01Bot_Unstable_ChanceExplodeHead_Keyword [KYWD:0010EE15]	00 00 00 00		1.000000	0	Target.HasKeyword(DLC01Bot_Unstable_ChanceExplodeHead_Keyword [KYWD:0010EE15], 00 00 00 00) = 1.000000 AND
0010EE0E	DLC01Bot_CommonArmorSpell_Unstable	2	1	10100000	<=	AND	Subject	GetRandomPercent	00 00 00 00	00 00 00 00		20.000000	0	Subject.GetRandomPercent(00 00 00 00, 00 00 00 00) <= 20.000000 AND
0010EE0E	DLC01Bot_CommonArmorSpell_Unstable	3	0	10100000	<=	AND	Subject	GetRandomPercent	00 00 00 00	00 00 00 00		20.000000	0	Subject.GetRandomPercent(00 00 00 00, 00 00 00 00) <= 20.000000 AND
0010EE0E	DLC01Bot_CommonArmorSpell_Unstable	3	1	10000000	=	AND	Target	HasKeyword	DLC01Bot_Unstable_ChanceParalyze_Keyword [KYWD:0010EE33]	00 00 00 00		1.000000	0	Target.HasKeyword(DLC01Bot_Unstable_ChanceParalyze_Keyword [KYWD:0010EE33], 00 00 00 00) = 1.000000 AND
0010F271	DLC01EnchBot_Cloak_EMPSpell	0	0	10000000	=	AND	Target	IsInCombat	0	00 00 00 00		1.000000	0	Target.IsInCombat(0, 00 00 00 00) = 1.000000 AND
0010F280	POST_DLC01EnchBot_Cloak_RadiationSpell	0	0	10000000	=	AND	Target	IsInCombat	0	00 00 00 00		1.000000	0	Target.IsInCombat(0, 00 00 00 00) = 1.000000 AND
0010F284	DLC01EnchBot_Cloak_StealthSpell	0	0	10000000	=	AND	Target	IsInCombat	0	00 00 00 00		1.000000	0	Target.IsInCombat(0, 00 00 00 00) = 1.000000 AND
0010F3D6	DeconArchSpell	0	0	10000000	=	AND	Subject	GetInFaction	RobotFaction [FACT:00058304]	00 00 00 00		0.000000	0	Subject.GetInFaction(RobotFaction [FACT:00058304], 00 00 00 00) = 0.000000 AND
0010F3D6	DeconArchSpell	1	0	10000000	=	AND	Subject	GetInFaction	RobotFaction [FACT:00058304]	00 00 00 00		1.000000	0	Subject.GetInFaction(RobotFaction [FACT:00058304], 00 00 00 00) = 1.000000 AND
0010F3D6	DeconArchSpell	2	0	10000000	=	AND	Subject	GetIsPlayer	00 00 00 00	00 00 00 00		1.000000	0	Subject.GetIsPlayer(00 00 00 00, 00 00 00 00) = 1.000000 AND
0010F7AD	DLC01crCoreMeltdownCloak01	0	0	00000000	!=	AND	Subject	GetIsID	Player [NPC_:00000007]	00 00 00 00		1.000000	0	Subject.GetIsID(Player [NPC_:00000007], 00 00 00 00) != 1.000000 AND
0010F7AD	DLC01crCoreMeltdownCloak01	0	1	01000000	>	AND	Subject	IsHostileToActor	PlayerRef [PLYR:00000014]	00 00 00 00		0.000000	0	Subject.IsHostileToActor(PlayerRef [PLYR:00000014], 00 00 00 00) > 0.000000 AND
00110E3B	DLC03_AbProtectorArcadia	0	0	10100000	<=	AND	Subject	GetHealthPercentage	00 00 00 00	00 00 00 00		0.200000	0	Subject.GetHealthPercentage(00 00 00 00, 00 00 00 00) <= 0.200000 AND
00110E3C	DLC03_AbDestroyerArcadia	0	0	10100000	<=	AND	Subject	GetHealthPercentage	00 00 00 00	00 00 00 00		0.200000	0	Subject.GetHealthPercentage(00 00 00 00, 00 00 00 00) <= 0.200000 AND
00111146	DLC03_PoisonFogCrawlerBite	0	0	10000000	=	AND	Subject	IsUsingAltCurveTable	00 00 00 00	00 00 00 00		0.000000	0	Subject.IsUsingAltCurveTable(00 00 00 00, 00 00 00 00) = 0.000000 AND
00111146	DLC03_PoisonFogCrawlerBite	0	1	01000000	>	AND	Target	GetValuePercent	AvailableCondition1 [AVIF:00000373]	00 00 00 00		0.000000	0	Target.GetValuePercent(AvailableCondition1 [AVIF:00000373], 00 00 00 00) > 0.000000 AND
00111146	DLC03_PoisonFogCrawlerBite	0	2	10000000	=	AND	Target	HasKeyword	DLC03_crFogCrawler05 [KYWD:00111145]	00 00 00 00		1.000000	0	Target.HasKeyword(DLC03_crFogCrawler05 [KYWD:00111145], 00 00 00 00) = 1.000000 AND
00111146	DLC03_PoisonFogCrawlerBite	1	0	10000000	=	AND	Subject	IsUsingAltCurveTable	00 00 00 00	00 00 00 00		0.000000	0	Subject.IsUsingAltCurveTable(00 00 00 00, 00 00 00 00) = 0.000000 AND
00111146	DLC03_PoisonFogCrawlerBite	1	1	01000000	>	AND	Target	GetValuePercent	AvailableCondition1 [AVIF:00000373]	00 00 00 00		0.000000	0	Target.GetValuePercent(AvailableCondition1 [AVIF:00000373], 00 00 00 00) > 0.000000 AND
00111146	DLC03_PoisonFogCrawlerBite	1	2	10000000	=	AND	Target	HasKeyword	DLC03_crFogCrawler04 [KYWD:00111144]	00 00 00 00		1.000000	0	Target.HasKeyword(DLC03_crFogCrawler04 [KYWD:00111144], 00 00 00 00) = 1.000000 AND
00111146	DLC03_PoisonFogCrawlerBite	2	0	10000000	=	AND	Subject	IsUsingAltCurveTable	00 00 00 00	00 00 00 00		0.000000	0	Subject.IsUsingAltCurveTable(00 00 00 00, 00 00 00 00) = 0.000000 AND
00111146	DLC03_PoisonFogCrawlerBite	2	1	01000000	>	AND	Target	GetValuePercent	AvailableCondition1 [AVIF:00000373]	00 00 00 00		0.000000	0	Target.GetValuePercent(AvailableCondition1 [AVIF:00000373], 00 00 00 00) > 0.000000 AND
00111146	DLC03_PoisonFogCrawlerBite	2	2	10000000	=	AND	Target	HasKeyword	DLC03_crFogCrawler01 [KYWD:00111141]	00 00 00 00		1.000000	0	Target.HasKeyword(DLC03_crFogCrawler01 [KYWD:00111141], 00 00 00 00) = 1.000000 AND
00111146	DLC03_PoisonFogCrawlerBite	3	0	10000000	=	AND	Subject	IsUsingAltCurveTable	00 00 00 00	00 00 00 00		0.000000	0	Subject.IsUsingAltCurveTable(00 00 00 00, 00 00 00 00) = 0.000000 AND
00111146	DLC03_PoisonFogCrawlerBite	3	1	01000000	>	AND	Target	GetValuePercent	AvailableCondition1 [AVIF:00000373]	00 00 00 00		0.000000	0	Target.GetValuePercent(AvailableCondition1 [AVIF:00000373], 00 00 00 00) > 0.000000 AND
00111146	DLC03_PoisonFogCrawlerBite	3	2	10000000	=	AND	Target	HasKeyword	DLC03_crFogCrawler02 [KYWD:00111142]	00 00 00 00		1.000000	0	Target.HasKeyword(DLC03_crFogCrawler02 [KYWD:00111142], 00 00 00 00) = 1.000000 AND
00111146	DLC03_PoisonFogCrawlerBite	4	0	10000000	=	AND	Subject	IsUsingAltCurveTable	00 00 00 00	00 00 00 00		0.000000	0	Subject.IsUsingAltCurveTable(00 00 00 00, 00 00 00 00) = 0.000000 AND
00111146	DLC03_PoisonFogCrawlerBite	4	1	01000000	>	AND	Target	GetValuePercent	AvailableCondition1 [AVIF:00000373]	00 00 00 00		0.000000	0	Target.GetValuePercent(AvailableCondition1 [AVIF:00000373], 00 00 00 00) > 0.000000 AND
00111146	DLC03_PoisonFogCrawlerBite	4	2	10000000	=	AND	Target	HasKeyword	DLC03_crFogCrawler03 [KYWD:00111143]	00 00 00 00		1.000000	0	Target.HasKeyword(DLC03_crFogCrawler03 [KYWD:00111143], 00 00 00 00) = 1.000000 AND
00111146	DLC03_PoisonFogCrawlerBite	5	0	10000000	=	AND	Subject	IsUsingAltCurveTable	00 00 00 00	00 00 00 00		1.000000	0	Subject.IsUsingAltCurveTable(00 00 00 00, 00 00 00 00) = 1.000000 AND
00111146	DLC03_PoisonFogCrawlerBite	5	1	01000000	>	AND	Target	GetValuePercent	AvailableCondition1 [AVIF:00000373]	00 00 00 00		0.000000	0	Target.GetValuePercent(AvailableCondition1 [AVIF:00000373], 00 00 00 00) > 0.000000 AND
00111704	DLC03AbAnglerAmbush	0	0	00000000	!=	AND	Subject	IsInWater	00 00 00 00	00 00 00 00		1.000000	0	Subject.IsInWater(00 00 00 00, 00 00 00 00) != 1.000000 AND
00111704	DLC03AbAnglerAmbush	1	0	10000000	=	AND	Subject	IsInWater	00 00 00 00	00 00 00 00		1.000000	0	Subject.IsInWater(00 00 00 00, 00 00 00 00) = 1.000000 AND
001121D3	zzzDLC05RadStormFastTransitionSpell	0	0	10000000	=	AND	Subject	HasPerk	ImmuneToRadiation [PERK:000A2775]	00 00 00 00		0.000000	0	Subject.HasPerk(ImmuneToRadiation [PERK:000A2775], 00 00 00 00) = 0.000000 AND
001121D3	zzzDLC05RadStormFastTransitionSpell	0	1	10000000	=	AND	Subject	GetIsCurrentWeather	NULL - Null Reference [00000000]	NULL - Null Reference [00000000]		1.000000	0	Subject.GetIsCurrentWeather(NULL - Null Reference [00000000], NULL - Null Reference [00000000]) = 1.000000 AND
001121D3	zzzDLC05RadStormFastTransitionSpell	0	2	10000000	=	AND	Subject	IsInInterior	00 00 00 00	00 00 00 00		0.000000	0	Subject.IsInInterior(00 00 00 00, 00 00 00 00) = 0.000000 AND
00113612	DLC04_MagScav05Spell	0	0	10100000	<=	AND	Subject	GetGold	00 00 00 00	00 00 00 00		100.000000	0	Subject.GetGold(00 00 00 00, 00 00 00 00) <= 100.000000 AND
00113612	DLC04_MagScav05Spell	1	0	10100000	<=	AND	Subject	GetGold	00 00 00 00	00 00 00 00		1000.000000	0	Subject.GetGold(00 00 00 00, 00 00 00 00) <= 1000.000000 AND
00113612	DLC04_MagScav05Spell	2	0	10100000	<=	AND	Subject	GetGold	00 00 00 00	00 00 00 00		10000.000000	0	Subject.GetGold(00 00 00 00, 00 00 00 00) <= 10000.000000 AND
00113612	DLC04_MagScav05Spell	3	0	10100000	<=	AND	Subject	GetGold	00 00 00 00	00 00 00 00		100.000000	0	Subject.GetGold(00 00 00 00, 00 00 00 00) <= 100.000000 AND
00113612	DLC04_MagScav05Spell	4	0	10100000	<=	AND	Subject	GetGold	00 00 00 00	00 00 00 00		1000.000000	0	Subject.GetGold(00 00 00 00, 00 00 00 00) <= 1000.000000 AND
00113612	DLC04_MagScav05Spell	5	0	10100000	<=	AND	Subject	GetGold	00 00 00 00	00 00 00 00		10000.000000	0	Subject.GetGold(00 00 00 00, 00 00 00 00) <= 10000.000000 AND
0011362D	DLC04MS02_AHS2_Bonus	0	0	10000000	=	AND	Subject	GetGlobalValue	NULL - Null Reference [00000000]	00 00 00 00		1.000000	0	Subject.GetGlobalValue(NULL - Null Reference [00000000], 00 00 00 00) = 1.000000 AND
001136B6	DLC04Gauntlet_GasHazard	0	0	10000000	=	AND	Subject	GetVMQuestVariable	NULL - Null Reference [00000000]	::GasValvesDisabled_var		0.000000	0	Subject.GetVMQuestVariable(NULL - Null Reference [00000000], ::GasValvesDisabled_var) = 0.000000 AND
001136B6	DLC04Gauntlet_GasHazard	1	0	10000000	=	AND	Subject	GetVMQuestVariable	NULL - Null Reference [00000000]	::GasValvesDisabled_var		1.000000	0	Subject.GetVMQuestVariable(NULL - Null Reference [00000000], ::GasValvesDisabled_var) = 1.000000 AND
001136B6	DLC04Gauntlet_GasHazard	2	0	10000000	=	AND	Subject	GetVMQuestVariable	NULL - Null Reference [00000000]	::GasValvesDisabled_var		2.000000	0	Subject.GetVMQuestVariable(NULL - Null Reference [00000000], ::GasValvesDisabled_var) = 2.000000 AND
001136B6	DLC04Gauntlet_GasHazard	3	0	10000000	=	AND	Subject	GetVMQuestVariable	NULL - Null Reference [00000000]	::GasValvesDisabled_var		3.000000	0	Subject.GetVMQuestVariable(NULL - Null Reference [00000000], ::GasValvesDisabled_var) = 3.000000 AND
001139B9	DLC04_AbPerkVans02	0	0	10000000	=	AND	Subject	HasPerk	DLC04_VANS02 "V.A.N.S." [PERK:001135CA]	00 00 00 00		1.000000	0	Subject.HasPerk(DLC04_VANS02 "V.A.N.S." [PERK:001135CA], 00 00 00 00) = 1.000000 AND
001140F9	zzz_DLC04_AbLuckyRabbitsFoot	0	0	10000000	=	AND	Subject	GetEquipped	zzz_POST-DLC04_LuckyRabbitsFoot "Lucky Rabbit's Foot" [WEAP:001138E0]	00 00 00 00		1.000000	0	Subject.GetEquipped(zzz_POST-DLC04_LuckyRabbitsFoot "Lucky Rabbit's Foot" [WEAP:001138E0], 00 00 00 00) = 1.000000 AND
00114981	DLC04_crGlowingRadratCloak	1	0	10000000	=	AND	Subject	GetIsPlayerGhoul	00 00 00 00	00 00 00 00		0.000000	0	Subject.GetIsPlayerGhoul(00 00 00 00, 00 00 00 00) = 0.000000 AND
00114981	DLC04_crGlowingRadratCloak	1	1	10000000	=	AND	Subject	IsMoving	00 00 00 00	00 00 00 00		1.000000	0	Subject.IsMoving(00 00 00 00, 00 00 00 00) = 1.000000 AND
00114981	DLC04_crGlowingRadratCloak	1	2	10000000	=	AND	Subject	IsSpellTarget	RadX "Rad-X" [ALCH:00024057]	00 00 00 00		0.000000	0	Subject.IsSpellTarget(RadX "Rad-X" [ALCH:00024057], 00 00 00 00) = 0.000000 AND
00114981	DLC04_crGlowingRadratCloak	1	3	10000000	=	AND	Subject	IsSpellTarget	Serum_SpeedDemon "Speed Demon Serum" [ALCH:0050A5F3]	00 00 00 00		0.000000	0	Subject.IsSpellTarget(Serum_SpeedDemon "Speed Demon Serum" [ALCH:0050A5F3], 00 00 00 00) = 0.000000 AND
00026841	SURV_Hunger_Ability	0	0	10000000	=	AND	Subject	GetIsPlayerGhoul	00 00 00 00	00 00 00 00		0.000000	0	Subject.GetIsPlayerGhoul(00 00 00 00, 00 00 00 00) = 0.000000 AND
00026841	SURV_Hunger_Ability	0	1	00100100	<	AND	Subject	GetValue	SURV_Hunger [AVIF:0001C5E6]	00 00 00 00		SURV_HungerThreshold_5_Max [GLOB:0001A649]	0	Subject.GetValue(SURV_Hunger [AVIF:0001C5E6], 00 00 00 00) < SURV_HungerThreshold_5_Max [GLOB:0001A649] AND
00026841	SURV_Hunger_Ability	1	0	10000000	=	AND	Subject	GetIsPlayerGhoul	00 00 00 00	00 00 00 00		0.000000	0	Subject.GetIsPlayerGhoul(00 00 00 00, 00 00 00 00) = 0.000000 AND
00026841	SURV_Hunger_Ability	1	1	11000100	>=	AND	Subject	GetValue	SURV_Hunger [AVIF:0001C5E6]	00 00 00 00		SURV_NewHungerThreshold_0_FullyFed [GLOB:005DC6EC]	0	Subject.GetValue(SURV_Hunger [AVIF:0001C5E6], 00 00 00 00) >= SURV_NewHungerThreshold_0_FullyFed [GLOB:005DC6EC] AND
00026841	SURV_Hunger_Ability	1	2	00100100	<	AND	Subject	GetValue	SURV_Hunger [AVIF:0001C5E6]	00 00 00 00		SURV_NewHungerThreshold_1_WellFed [GLOB:005DC6ED]	0	Subject.GetValue(SURV_Hunger [AVIF:0001C5E6], 00 00 00 00) < SURV_NewHungerThreshold_1_WellFed [GLOB:005DC6ED] AND
00026841	SURV_Hunger_Ability	1	3	10000000	=	AND	Subject	HasPerk	Rejuvenated01 "Rejuvenated" [PERK:003DE58F]	00 00 00 00		1.000000	0	Subject.HasPerk(Rejuvenated01 "Rejuvenated" [PERK:003DE58F], 00 00 00 00) = 1.000000 AND
00026841	SURV_Hunger_Ability	1	4	10000000	=	AND	Subject	HasPerk	Rejuvenated02 "Rejuvenated" [PERK:003DE590]	00 00 00 00		1.000000	0	Subject.HasPerk(Rejuvenated02 "Rejuvenated" [PERK:003DE590], 00 00 00 00) = 1.000000 AND
00026841	SURV_Hunger_Ability	1	5	10100000	<=	AND	Subject	GetValue	Rads "Rads" [AVIF:000002E1]	00 00 00 00		100.000000	0	Subject.GetValue(Rads "Rads" [AVIF:000002E1], 00 00 00 00) <= 100.000000 AND
00026841	SURV_Hunger_Ability	2	0	10000000	=	AND	Subject	GetIsPlayerGhoul	00 00 00 00	00 00 00 00		0.000000	0	Subject.GetIsPlayerGhoul(00 00 00 00, 00 00 00 00) = 0.000000 AND
00026841	SURV_Hunger_Ability	2	1	11000100	>=	AND	Subject	GetValue	SURV_Hunger [AVIF:0001C5E6]	00 00 00 00		SURV_NewHungerThreshold_0_FullyFed [GLOB:005DC6EC]	0	Subject.GetValue(SURV_Hunger [AVIF:0001C5E6], 00 00 00 00) >= SURV_NewHungerThreshold_0_FullyFed [GLOB:005DC6EC] AND
00026841	SURV_Hunger_Ability	2	2	00100100	<	AND	Subject	GetValue	SURV_Hunger [AVIF:0001C5E6]	00 00 00 00		SURV_NewHungerThreshold_1_WellFed [GLOB:005DC6ED]	0	Subject.GetValue(SURV_Hunger [AVIF:0001C5E6], 00 00 00 00) < SURV_NewHungerThreshold_1_WellFed [GLOB:005DC6ED] AND
00026841	SURV_Hunger_Ability	2	3	10000000	=	AND	Subject	HasPerk	Rejuvenated01 "Rejuvenated" [PERK:003DE58F]	00 00 00 00		1.000000	0	Subject.HasPerk(Rejuvenated01 "Rejuvenated" [PERK:003DE58F], 00 00 00 00) = 1.000000 AND
00026841	SURV_Hunger_Ability	2	4	10010000	=	OR	Subject	HasPerk	Rejuvenated02 "Rejuvenated" [PERK:003DE590]	00 00 00 00		0.000000	0	Subject.HasPerk(Rejuvenated02 "Rejuvenated" [PERK:003DE590], 00 00 00 00) = 0.000000 OR
00026841	SURV_Hunger_Ability	2	5	01010000	>	OR	Subject	GetValue	Rads "Rads" [AVIF:000002E1]	00 00 00 00		100.000000	0	Subject.GetValue(Rads "Rads" [AVIF:000002E1], 00 00 00 00) > 100.000000 OR
00026841	SURV_Hunger_Ability	3	0	10000000	=	AND	Subject	GetIsPlayerGhoul	00 00 00 00	00 00 00 00		0.000000	0	Subject.GetIsPlayerGhoul(00 00 00 00, 00 00 00 00) = 0.000000 AND
00026841	SURV_Hunger_Ability	3	1	11000100	>=	AND	Subject	GetValue	SURV_Hunger [AVIF:0001C5E6]	00 00 00 00		SURV_NewHungerThreshold_0_FullyFed [GLOB:005DC6EC]	0	Subject.GetValue(SURV_Hunger [AVIF:0001C5E6], 00 00 00 00) >= SURV_NewHungerThreshold_0_FullyFed [GLOB:005DC6EC] AND
00026841	SURV_Hunger_Ability	3	2	00100100	<	AND	Subject	GetValue	SURV_Hunger [AVIF:0001C5E6]	00 00 00 00		SURV_NewHungerThreshold_1_WellFed [GLOB:005DC6ED]	0	Subject.GetValue(SURV_Hunger [AVIF:0001C5E6], 00 00 00 00) < SURV_NewHungerThreshold_1_WellFed [GLOB:005DC6ED] AND
00026841	SURV_Hunger_Ability	3	3	10000000	=	AND	Subject	HasPerk	Rejuvenated01 "Rejuvenated" [PERK:003DE58F]	00 00 00 00		0.000000	0	Subject.HasPerk(Rejuvenated01 "Rejuvenated" [PERK:003DE58F], 00 00 00 00) = 0.000000 AND
00026841	SURV_Hunger_Ability	3	4	10000000	=	AND	Subject	HasPerk	Rejuvenated02 "Rejuvenated" [PERK:003DE590]	00 00 00 00		0.000000	0	Subject.HasPerk(Rejuvenated02 "Rejuvenated" [PERK:003DE590], 00 00 00 00) = 0.000000 AND
00026841	SURV_Hunger_Ability	4	0	10000000	=	AND	Subject	GetIsPlayerGhoul	00 00 00 00	00 00 00 00		0.000000	0	Subject.GetIsPlayerGhoul(00 00 00 00, 00 00 00 00) = 0.000000 AND
00026841	SURV_Hunger_Ability	4	1	11000100	>=	AND	Subject	GetValue	SURV_Hunger [AVIF:0001C5E6]	00 00 00 00		SURV_NewHungerThreshold_0_FullyFed [GLOB:005DC6EC]	0	Subject.GetValue(SURV_Hunger [AVIF:0001C5E6], 00 00 00 00) >= SURV_NewHungerThreshold_0_FullyFed [GLOB:005DC6EC] AND
00026841	SURV_Hunger_Ability	4	2	00100100	<	AND	Subject	GetValue	SURV_Hunger [AVIF:0001C5E6]	00 00 00 00		SURV_NewHungerThreshold_1_WellFed [GLOB:005DC6ED]	0	Subject.GetValue(SURV_Hunger [AVIF:0001C5E6], 00 00 00 00) < SURV_NewHungerThreshold_1_WellFed [GLOB:005DC6ED] AND
00026841	SURV_Hunger_Ability	4	3	10000000	=	AND	Subject	HasPerk	Rejuvenated01 "Rejuvenated" [PERK:003DE58F]	00 00 00 00		1.000000	0	Subject.HasPerk(Rejuvenated01 "Rejuvenated" [PERK:003DE58F], 00 00 00 00) = 1.000000 AND
00026841	SURV_Hunger_Ability	4	4	10000000	=	AND	Subject	HasPerk	Rejuvenated02 "Rejuvenated" [PERK:003DE590]	00 00 00 00		1.000000	0	Subject.HasPerk(Rejuvenated02 "Rejuvenated" [PERK:003DE590], 00 00 00 00) = 1.000000 AND
00026841	SURV_Hunger_Ability	4	5	10100000	<=	AND	Subject	GetValue	Rads "Rads" [AVIF:000002E1]	00 00 00 00		100.000000	0	Subject.GetValue(Rads "Rads" [AVIF:000002E1], 00 00 00 00) <= 100.000000 AND
00026841	SURV_Hunger_Ability	5	0	10000000	=	AND	Subject	GetIsPlayerGhoul	00 00 00 00	00 00 00 00		0.000000	0	Subject.GetIsPlayerGhoul(00 00 00 00, 00 00 00 00) = 0.000000 AND
00026841	SURV_Hunger_Ability	5	1	11000100	>=	AND	Subject	GetValue	SURV_Hunger [AVIF:0001C5E6]	00 00 00 00		SURV_NewHungerThreshold_0_FullyFed [GLOB:005DC6EC]	0	Subject.GetValue(SURV_Hunger [AVIF:0001C5E6], 00 00 00 00) >= SURV_NewHungerThreshold_0_FullyFed [GLOB:005DC6EC] AND
00026841	SURV_Hunger_Ability	5	2	00100100	<	AND	Subject	GetValue	SURV_Hunger [AVIF:0001C5E6]	00 00 00 00		SURV_NewHungerThreshold_1_WellFed [GLOB:005DC6ED]	0	Subject.GetValue(SURV_Hunger [AVIF:0001C5E6], 00 00 00 00) < SURV_NewHungerThreshold_1_WellFed [GLOB:005DC6ED] AND
00026841	SURV_Hunger_Ability	5	3	10000000	=	AND	Subject	HasPerk	Rejuvenated01 "Rejuvenated" [PERK:003DE58F]	00 00 00 00		1.000000	0	Subject.HasPerk(Rejuvenated01 "Rejuvenated" [PERK:003DE58F], 00 00 00 00) = 1.000000 AND
00026841	SURV_Hunger_Ability	5	4	10010000	=	OR	Subject	HasPerk	Rejuvenated02 "Rejuvenated" [PERK:003DE590]	00 00 00 00		0.000000	0	Subject.HasPerk(Rejuvenated02 "Rejuvenated" [PERK:003DE590], 00 00 00 00) = 0.000000 OR
00026841	SURV_Hunger_Ability	5	5	01010000	>	OR	Subject	GetValue	Rads "Rads" [AVIF:000002E1]	00 00 00 00		100.000000	0	Subject.GetValue(Rads "Rads" [AVIF:000002E1], 00 00 00 00) > 100.000000 OR
00026841	SURV_Hunger_Ability	6	0	10000000	=	AND	Subject	GetIsPlayerGhoul	00 00 00 00	00 00 00 00		0.000000	0	Subject.GetIsPlayerGhoul(00 00 00 00, 00 00 00 00) = 0.000000 AND
00026841	SURV_Hunger_Ability	6	1	11000100	>=	AND	Subject	GetValue	SURV_Hunger [AVIF:0001C5E6]	00 00 00 00		SURV_NewHungerThreshold_0_FullyFed [GLOB:005DC6EC]	0	Subject.GetValue(SURV_Hunger [AVIF:0001C5E6], 00 00 00 00) >= SURV_NewHungerThreshold_0_FullyFed [GLOB:005DC6EC] AND
00026841	SURV_Hunger_Ability	6	2	00100100	<	AND	Subject	GetValue	SURV_Hunger [AVIF:0001C5E6]	00 00 00 00		SURV_NewHungerThreshold_1_WellFed [GLOB:005DC6ED]	0	Subject.GetValue(SURV_Hunger [AVIF:0001C5E6], 00 00 00 00) < SURV_NewHungerThreshold_1_WellFed [GLOB:005DC6ED] AND
00026841	SURV_Hunger_Ability	6	3	10000000	=	AND	Subject	HasPerk	Rejuvenated01 "Rejuvenated" [PERK:003DE58F]	00 00 00 00		0.000000	0	Subject.HasPerk(Rejuvenated01 "Rejuvenated" [PERK:003DE58F], 00 00 00 00) = 0.000000 AND
00026841	SURV_Hunger_Ability	6	4	10000000	=	AND	Subject	HasPerk	Rejuvenated02 "Rejuvenated" [PERK:003DE590]	00 00 00 00		0.000000	0	Subject.HasPerk(Rejuvenated02 "Rejuvenated" [PERK:003DE590], 00 00 00 00) = 0.000000 AND
00026841	SURV_Hunger_Ability	7	0	10000000	=	AND	Subject	GetIsPlayerGhoul	00 00 00 00	00 00 00 00		0.000000	0	Subject.GetIsPlayerGhoul(00 00 00 00, 00 00 00 00) = 0.000000 AND
00026841	SURV_Hunger_Ability	7	1	11000100	>=	AND	Subject	GetValue	SURV_Hunger [AVIF:0001C5E6]	00 00 00 00		SURV_NewHungerThreshold_1_WellFed [GLOB:005DC6ED]	0	Subject.GetValue(SURV_Hunger [AVIF:0001C5E6], 00 00 00 00) >= SURV_NewHungerThreshold_1_WellFed [GLOB:005DC6ED] AND
00026841	SURV_Hunger_Ability	7	2	00100100	<	AND	Subject	GetValue	SURV_Hunger [AVIF:0001C5E6]	00 00 00 00		SURV_NewHungerThreshold_2_Fed [GLOB:005DC6EE]	0	Subject.GetValue(SURV_Hunger [AVIF:0001C5E6], 00 00 00 00) < SURV_NewHungerThreshold_2_Fed [GLOB:005DC6EE] AND
00026841	SURV_Hunger_Ability	8	0	10000000	=	AND	Subject	GetIsPlayerGhoul	00 00 00 00	00 00 00 00		0.000000	0	Subject.GetIsPlayerGhoul(00 00 00 00, 00 00 00 00) = 0.000000 AND
00026841	SURV_Hunger_Ability	8	1	11000100	>=	AND	Subject	GetValue	SURV_Hunger [AVIF:0001C5E6]	00 00 00 00		SURV_NewHungerThreshold_2_Fed [GLOB:005DC6EE]	0	Subject.GetValue(SURV_Hunger [AVIF:0001C5E6], 00 00 00 00) >= SURV_NewHungerThreshold_2_Fed [GLOB:005DC6EE] AND
00026841	SURV_Hunger_Ability	8	2	00100100	<	AND	Subject	GetValue	SURV_Hunger [AVIF:0001C5E6]	00 00 00 00		SURV_NewHungerThreshold_3_PartiallyFed [GLOB:005DC6EF]	0	Subject.GetValue(SURV_Hunger [AVIF:0001C5E6], 00 00 00 00) < SURV_NewHungerThreshold_3_PartiallyFed [GLOB:005DC6EF] AND
00026841	SURV_Hunger_Ability	9	0	10000000	=	AND	Subject	GetIsPlayerGhoul	00 00 00 00	00 00 00 00		0.000000	0	Subject.GetIsPlayerGhoul(00 00 00 00, 00 00 00 00) = 0.000000 AND
00026841	SURV_Hunger_Ability	9	1	11000100	>=	AND	Subject	GetValue	SURV_Hunger [AVIF:0001C5E6]	00 00 00 00		SURV_NewHungerThreshold_3_PartiallyFed [GLOB:005DC6EF]	0	Subject.GetValue(SURV_Hunger [AVIF:0001C5E6], 00 00 00 00) >= SURV_NewHungerThreshold_3_PartiallyFed [GLOB:005DC6EF] AND
00026841	SURV_Hunger_Ability	9	2	00100100	<	AND	Subject	GetValue	SURV_Hunger [AVIF:0001C5E6]	00 00 00 00		SURV_NewHungerThreshold_4_Hungry [GLOB:005DC6F0]	0	Subject.GetValue(SURV_Hunger [AVIF:0001C5E6], 00 00 00 00) < SURV_NewHungerThreshold_4_Hungry [GLOB:005DC6F0] AND
00026841	SURV_Hunger_Ability	10	0	10000000	=	AND	Subject	GetIsPlayerGhoul	00 00 00 00	00 00 00 00		0.000000	0	Subject.GetIsPlayerGhoul(00 00 00 00, 00 00 00 00) = 0.000000 AND
00026841	SURV_Hunger_Ability	10	1	11000100	>=	AND	Subject	GetValue	SURV_Hunger [AVIF:0001C5E6]	00 00 00 00		SURV_NewHungerThreshold_0_FullyFed [GLOB:005DC6EC]	0	Subject.GetValue(SURV_Hunger [AVIF:0001C5E6], 00 00 00 00) >= SURV_NewHungerThreshold_0_FullyFed [GLOB:005DC6EC] AND
00026841	SURV_Hunger_Ability	10	2	00100100	<	AND	Subject	GetValue	SURV_Hunger [AVIF:0001C5E6]	00 00 00 00		SURV_NewHungerThreshold_1_WellFed [GLOB:005DC6ED]	0	Subject.GetValue(SURV_Hunger [AVIF:0001C5E6], 00 00 00 00) < SURV_NewHungerThreshold_1_WellFed [GLOB:005DC6ED] AND
00026841	SURV_Hunger_Ability	10	3	10000000	=	AND	Subject	HasPerk	Rejuvenated01 "Rejuvenated" [PERK:003DE58F]	00 00 00 00		1.000000	0	Subject.HasPerk(Rejuvenated01 "Rejuvenated" [PERK:003DE58F], 00 00 00 00) = 1.000000 AND
00026841	SURV_Hunger_Ability	10	4	10000000	=	AND	Subject	HasPerk	Rejuvenated02 "Rejuvenated" [PERK:003DE590]	00 00 00 00		1.000000	0	Subject.HasPerk(Rejuvenated02 "Rejuvenated" [PERK:003DE590], 00 00 00 00) = 1.000000 AND
00026841	SURV_Hunger_Ability	10	5	10100000	<=	AND	Subject	GetValue	Rads "Rads" [AVIF:000002E1]	00 00 00 00		100.000000	0	Subject.GetValue(Rads "Rads" [AVIF:000002E1], 00 00 00 00) <= 100.000000 AND
00026841	SURV_Hunger_Ability	11	0	10000000	=	AND	Subject	GetIsPlayerGhoul	00 00 00 00	00 00 00 00		0.000000	0	Subject.GetIsPlayerGhoul(00 00 00 00, 00 00 00 00) = 0.000000 AND
00026841	SURV_Hunger_Ability	11	1	11000100	>=	AND	Subject	GetValue	SURV_Hunger [AVIF:0001C5E6]	00 00 00 00		SURV_NewHungerThreshold_0_FullyFed [GLOB:005DC6EC]	0	Subject.GetValue(SURV_Hunger [AVIF:0001C5E6], 00 00 00 00) >= SURV_NewHungerThreshold_0_FullyFed [GLOB:005DC6EC] AND
00026841	SURV_Hunger_Ability	11	2	00100100	<	AND	Subject	GetValue	SURV_Hunger [AVIF:0001C5E6]	00 00 00 00		SURV_NewHungerThreshold_1_WellFed [GLOB:005DC6ED]	0	Subject.GetValue(SURV_Hunger [AVIF:0001C5E6], 00 00 00 00) < SURV_NewHungerThreshold_1_WellFed [GLOB:005DC6ED] AND
00026841	SURV_Hunger_Ability	11	3	10000000	=	AND	Subject	HasPerk	Rejuvenated01 "Rejuvenated" [PERK:003DE58F]	00 00 00 00		1.000000	0	Subject.HasPerk(Rejuvenated01 "Rejuvenated" [PERK:003DE58F], 00 00 00 00) = 1.000000 AND
00026841	SURV_Hunger_Ability	11	4	10010000	=	OR	Subject	HasPerk	Rejuvenated02 "Rejuvenated" [PERK:003DE590]	00 00 00 00		0.000000	0	Subject.HasPerk(Rejuvenated02 "Rejuvenated" [PERK:003DE590], 00 00 00 00) = 0.000000 OR
00026841	SURV_Hunger_Ability	11	5	01010000	>	OR	Subject	GetValue	Rads "Rads" [AVIF:000002E1]	00 00 00 00		100.000000	0	Subject.GetValue(Rads "Rads" [AVIF:000002E1], 00 00 00 00) > 100.000000 OR
00026841	SURV_Hunger_Ability	12	0	10000000	=	AND	Subject	GetIsPlayerGhoul	00 00 00 00	00 00 00 00		0.000000	0	Subject.GetIsPlayerGhoul(00 00 00 00, 00 00 00 00) = 0.000000 AND
00026841	SURV_Hunger_Ability	12	1	11000100	>=	AND	Subject	GetValue	SURV_Hunger [AVIF:0001C5E6]	00 00 00 00		SURV_NewHungerThreshold_0_FullyFed [GLOB:005DC6EC]	0	Subject.GetValue(SURV_Hunger [AVIF:0001C5E6], 00 00 00 00) >= SURV_NewHungerThreshold_0_FullyFed [GLOB:005DC6EC] AND
00026841	SURV_Hunger_Ability	12	2	00100100	<	AND	Subject	GetValue	SURV_Hunger [AVIF:0001C5E6]	00 00 00 00		SURV_NewHungerThreshold_1_WellFed [GLOB:005DC6ED]	0	Subject.GetValue(SURV_Hunger [AVIF:0001C5E6], 00 00 00 00) < SURV_NewHungerThreshold_1_WellFed [GLOB:005DC6ED] AND
00026841	SURV_Hunger_Ability	12	3	10000000	=	AND	Subject	HasPerk	Rejuvenated01 "Rejuvenated" [PERK:003DE58F]	00 00 00 00		0.000000	0	Subject.HasPerk(Rejuvenated01 "Rejuvenated" [PERK:003DE58F], 00 00 00 00) = 0.000000 AND
00026841	SURV_Hunger_Ability	12	4	10000000	=	AND	Subject	HasPerk	Rejuvenated02 "Rejuvenated" [PERK:003DE590]	00 00 00 00		0.000000	0	Subject.HasPerk(Rejuvenated02 "Rejuvenated" [PERK:003DE590], 00 00 00 00) = 0.000000 AND
00026841	SURV_Hunger_Ability	13	0	10000000	=	AND	Subject	GetIsPlayerGhoul	00 00 00 00	00 00 00 00		0.000000	0	Subject.GetIsPlayerGhoul(00 00 00 00, 00 00 00 00) = 0.000000 AND
00026841	SURV_Hunger_Ability	13	1	11000100	>=	AND	Subject	GetValue	SURV_Hunger [AVIF:0001C5E6]	00 00 00 00		SURV_NewHungerThreshold_1_WellFed [GLOB:005DC6ED]	0	Subject.GetValue(SURV_Hunger [AVIF:0001C5E6], 00 00 00 00) >= SURV_NewHungerThreshold_1_WellFed [GLOB:005DC6ED] AND
00026841	SURV_Hunger_Ability	13	2	00100100	<	AND	Subject	GetValue	SURV_Hunger [AVIF:0001C5E6]	00 00 00 00		SURV_NewHungerThreshold_2_Fed [GLOB:005DC6EE]	0	Subject.GetValue(SURV_Hunger [AVIF:0001C5E6], 00 00 00 00) < SURV_NewHungerThreshold_2_Fed [GLOB:005DC6EE] AND
00026841	SURV_Hunger_Ability	14	0	10000000	=	AND	Subject	GetIsPlayerGhoul	00 00 00 00	00 00 00 00		0.000000	0	Subject.GetIsPlayerGhoul(00 00 00 00, 00 00 00 00) = 0.000000 AND
00026841	SURV_Hunger_Ability	14	1	11000100	>=	AND	Subject	GetValue	SURV_Hunger [AVIF:0001C5E6]	00 00 00 00		SURV_NewHungerThreshold_2_Fed [GLOB:005DC6EE]	0	Subject.GetValue(SURV_Hunger [AVIF:0001C5E6], 00 00 00 00) >= SURV_NewHungerThreshold_2_Fed [GLOB:005DC6EE] AND
00026841	SURV_Hunger_Ability	14	2	00100100	<	AND	Subject	GetValue	SURV_Hunger [AVIF:0001C5E6]	00 00 00 00		SURV_NewHungerThreshold_3_PartiallyFed [GLOB:005DC6EF]	0	Subject.GetValue(SURV_Hunger [AVIF:0001C5E6], 00 00 00 00) < SURV_NewHungerThreshold_3_PartiallyFed [GLOB:005DC6EF] AND
00026841	SURV_Hunger_Ability	15	0	10000000	=	AND	Subject	GetIsPlayerGhoul	00 00 00 00	00 00 00 00		0.000000	0	Subject.GetIsPlayerGhoul(00 00 00 00, 00 00 00 00) = 0.000000 AND
00026841	SURV_Hunger_Ability	15	1	11000000	>=	AND	Subject	GetValue	LGND_RejuvenatorTier [AVIF:008469C2]	00 00 00 00		1.000000	0	Subject.GetValue(LGND_RejuvenatorTier [AVIF:008469C2], 00 00 00 00) >= 1.000000 AND
00026841	SURV_Hunger_Ability	15	2	11000100	>=	AND	Subject	GetValue	SURV_Hunger [AVIF:0001C5E6]	00 00 00 00		SURV_NewHungerThreshold_0_FullyFed [GLOB:005DC6EC]	0	Subject.GetValue(SURV_Hunger [AVIF:0001C5E6], 00 00 00 00) >= SURV_NewHungerThreshold_0_FullyFed [GLOB:005DC6EC] AND
00026841	SURV_Hunger_Ability	15	3	00100100	<	AND	Subject	GetValue	SURV_Hunger [AVIF:0001C5E6]	00 00 00 00		SURV_NewHungerThreshold_1_WellFed [GLOB:005DC6ED]	0	Subject.GetValue(SURV_Hunger [AVIF:0001C5E6], 00 00 00 00) < SURV_NewHungerThreshold_1_WellFed [GLOB:005DC6ED] AND
00026841	SURV_Hunger_Ability	15	4	10000000	=	AND	Subject	HasPerk	Rejuvenated01 "Rejuvenated" [PERK:003DE58F]	00 00 00 00		1.000000	0	Subject.HasPerk(Rejuvenated01 "Rejuvenated" [PERK:003DE58F], 00 00 00 00) = 1.000000 AND
00026841	SURV_Hunger_Ability	15	5	10000000	=	AND	Subject	HasPerk	Rejuvenated02 "Rejuvenated" [PERK:003DE590]	00 00 00 00		1.000000	0	Subject.HasPerk(Rejuvenated02 "Rejuvenated" [PERK:003DE590], 00 00 00 00) = 1.000000 AND
00026841	SURV_Hunger_Ability	15	6	10100000	<=	AND	Subject	GetValue	Rads "Rads" [AVIF:000002E1]	00 00 00 00		100.000000	0	Subject.GetValue(Rads "Rads" [AVIF:000002E1], 00 00 00 00) <= 100.000000 AND
00026841	SURV_Hunger_Ability	16	0	10000000	=	AND	Subject	GetIsPlayerGhoul	00 00 00 00	00 00 00 00		0.000000	0	Subject.GetIsPlayerGhoul(00 00 00 00, 00 00 00 00) = 0.000000 AND
00026841	SURV_Hunger_Ability	16	1	11000000	>=	AND	Subject	GetValue	LGND_RejuvenatorTier [AVIF:008469C2]	00 00 00 00		1.000000	0	Subject.GetValue(LGND_RejuvenatorTier [AVIF:008469C2], 00 00 00 00) >= 1.000000 AND
00026841	SURV_Hunger_Ability	16	2	11000100	>=	AND	Subject	GetValue	SURV_Hunger [AVIF:0001C5E6]	00 00 00 00		SURV_NewHungerThreshold_0_FullyFed [GLOB:005DC6EC]	0	Subject.GetValue(SURV_Hunger [AVIF:0001C5E6], 00 00 00 00) >= SURV_NewHungerThreshold_0_FullyFed [GLOB:005DC6EC] AND
00026841	SURV_Hunger_Ability	16	3	00100100	<	AND	Subject	GetValue	SURV_Hunger [AVIF:0001C5E6]	00 00 00 00		SURV_NewHungerThreshold_1_WellFed [GLOB:005DC6ED]	0	Subject.GetValue(SURV_Hunger [AVIF:0001C5E6], 00 00 00 00) < SURV_NewHungerThreshold_1_WellFed [GLOB:005DC6ED] AND
00026841	SURV_Hunger_Ability	16	4	10000000	=	AND	Subject	HasPerk	Rejuvenated01 "Rejuvenated" [PERK:003DE58F]	00 00 00 00		1.000000	0	Subject.HasPerk(Rejuvenated01 "Rejuvenated" [PERK:003DE58F], 00 00 00 00) = 1.000000 AND
00026841	SURV_Hunger_Ability	16	5	10010000	=	OR	Subject	HasPerk	Rejuvenated02 "Rejuvenated" [PERK:003DE590]	00 00 00 00		0.000000	0	Subject.HasPerk(Rejuvenated02 "Rejuvenated" [PERK:003DE590], 00 00 00 00) = 0.000000 OR
00026841	SURV_Hunger_Ability	16	6	01010000	>	OR	Subject	GetValue	Rads "Rads" [AVIF:000002E1]	00 00 00 00		100.000000	0	Subject.GetValue(Rads "Rads" [AVIF:000002E1], 00 00 00 00) > 100.000000 OR
00026841	SURV_Hunger_Ability	17	0	10000000	=	AND	Subject	GetIsPlayerGhoul	00 00 00 00	00 00 00 00		0.000000	0	Subject.GetIsPlayerGhoul(00 00 00 00, 00 00 00 00) = 0.000000 AND
00026841	SURV_Hunger_Ability	17	1	11000000	>=	AND	Subject	GetValue	LGND_RejuvenatorTier [AVIF:008469C2]	00 00 00 00		1.000000	0	Subject.GetValue(LGND_RejuvenatorTier [AVIF:008469C2], 00 00 00 00) >= 1.000000 AND
00026841	SURV_Hunger_Ability	17	2	11000100	>=	AND	Subject	GetValue	SURV_Hunger [AVIF:0001C5E6]	00 00 00 00		SURV_NewHungerThreshold_0_FullyFed [GLOB:005DC6EC]	0	Subject.GetValue(SURV_Hunger [AVIF:0001C5E6], 00 00 00 00) >= SURV_NewHungerThreshold_0_FullyFed [GLOB:005DC6EC] AND
00026841	SURV_Hunger_Ability	17	3	00100100	<	AND	Subject	GetValue	SURV_Hunger [AVIF:0001C5E6]	00 00 00 00		SURV_NewHungerThreshold_1_WellFed [GLOB:005DC6ED]	0	Subject.GetValue(SURV_Hunger [AVIF:0001C5E6], 00 00 00 00) < SURV_NewHungerThreshold_1_WellFed [GLOB:005DC6ED] AND
00026841	SURV_Hunger_Ability	17	4	10000000	=	AND	Subject	HasPerk	Rejuvenated01 "Rejuvenated" [PERK:003DE58F]	00 00 00 00		0.000000	0	Subject.HasPerk(Rejuvenated01 "Rejuvenated" [PERK:003DE58F], 00 00 00 00) = 0.000000 AND
00026841	SURV_Hunger_Ability	17	5	10000000	=	AND	Subject	HasPerk	Rejuvenated02 "Rejuvenated" [PERK:003DE590]	00 00 00 00		0.000000	0	Subject.HasPerk(Rejuvenated02 "Rejuvenated" [PERK:003DE590], 00 00 00 00) = 0.000000 AND
00026841	SURV_Hunger_Ability	18	0	10000000	=	AND	Subject	GetIsPlayerGhoul	00 00 00 00	00 00 00 00		0.000000	0	Subject.GetIsPlayerGhoul(00 00 00 00, 00 00 00 00) = 0.000000 AND
00026841	SURV_Hunger_Ability	18	1	11000000	>=	AND	Subject	GetValue	LGND_RejuvenatorTier [AVIF:008469C2]	00 00 00 00		1.000000	0	Subject.GetValue(LGND_RejuvenatorTier [AVIF:008469C2], 00 00 00 00) >= 1.000000 AND
00026841	SURV_Hunger_Ability	18	2	11000100	>=	AND	Subject	GetValue	SURV_Hunger [AVIF:0001C5E6]	00 00 00 00		SURV_NewHungerThreshold_1_WellFed [GLOB:005DC6ED]	0	Subject.GetValue(SURV_Hunger [AVIF:0001C5E6], 00 00 00 00) >= SURV_NewHungerThreshold_1_WellFed [GLOB:005DC6ED] AND
00026841	SURV_Hunger_Ability	18	3	00100100	<	AND	Subject	GetValue	SURV_Hunger [AVIF:0001C5E6]	00 00 00 00		SURV_NewHungerThreshold_2_Fed [GLOB:005DC6EE]	0	Subject.GetValue(SURV_Hunger [AVIF:0001C5E6], 00 00 00 00) < SURV_NewHungerThreshold_2_Fed [GLOB:005DC6EE] AND
00026841	SURV_Hunger_Ability	19	0	10000000	=	AND	Subject	GetIsPlayerGhoul	00 00 00 00	00 00 00 00		0.000000	0	Subject.GetIsPlayerGhoul(00 00 00 00, 00 00 00 00) = 0.000000 AND
00026841	SURV_Hunger_Ability	19	1	11000000	>=	AND	Subject	GetValue	LGND_RejuvenatorTier [AVIF:008469C2]	00 00 00 00		1.000000	0	Subject.GetValue(LGND_RejuvenatorTier [AVIF:008469C2], 00 00 00 00) >= 1.000000 AND
00026841	SURV_Hunger_Ability	19	2	11000100	>=	AND	Subject	GetValue	SURV_Hunger [AVIF:0001C5E6]	00 00 00 00		SURV_NewHungerThreshold_2_Fed [GLOB:005DC6EE]	0	Subject.GetValue(SURV_Hunger [AVIF:0001C5E6], 00 00 00 00) >= SURV_NewHungerThreshold_2_Fed [GLOB:005DC6EE] AND
00026841	SURV_Hunger_Ability	19	3	00100100	<	AND	Subject	GetValue	SURV_Hunger [AVIF:0001C5E6]	00 00 00 00		SURV_NewHungerThreshold_3_PartiallyFed [GLOB:005DC6EF]	0	Subject.GetValue(SURV_Hunger [AVIF:0001C5E6], 00 00 00 00) < SURV_NewHungerThreshold_3_PartiallyFed [GLOB:005DC6EF] AND
00026841	SURV_Hunger_Ability	20	0	10000000	=	AND	Subject	GetIsPlayerGhoul	00 00 00 00	00 00 00 00		0.000000	0	Subject.GetIsPlayerGhoul(00 00 00 00, 00 00 00 00) = 0.000000 AND
00026841	SURV_Hunger_Ability	20	1	11000000	>=	AND	Subject	GetValue	LGND_RejuvenatorTier [AVIF:008469C2]	00 00 00 00		1.000000	0	Subject.GetValue(LGND_RejuvenatorTier [AVIF:008469C2], 00 00 00 00) >= 1.000000 AND
00026841	SURV_Hunger_Ability	20	2	11000100	>=	AND	Subject	GetValue	SURV_Hunger [AVIF:0001C5E6]	00 00 00 00		SURV_NewHungerThreshold_3_PartiallyFed [GLOB:005DC6EF]	0	Subject.GetValue(SURV_Hunger [AVIF:0001C5E6], 00 00 00 00) >= SURV_NewHungerThreshold_3_PartiallyFed [GLOB:005DC6EF] AND
00026841	SURV_Hunger_Ability	20	3	00100100	<	AND	Subject	GetValue	SURV_Hunger [AVIF:0001C5E6]	00 00 00 00		SURV_NewHungerThreshold_4_Hungry [GLOB:005DC6F0]	0	Subject.GetValue(SURV_Hunger [AVIF:0001C5E6], 00 00 00 00) < SURV_NewHungerThreshold_4_Hungry [GLOB:005DC6F0] AND
00054DF3	SURV_Thirst_Ability	0	0	10000000	=	AND	Subject	GetIsPlayerGhoul	00 00 00 00	00 00 00 00		0.000000	0	Subject.GetIsPlayerGhoul(00 00 00 00, 00 00 00 00) = 0.000000 AND
00054DF3	SURV_Thirst_Ability	0	1	00100100	<	AND	Subject	GetValue	SURV_Thirst [AVIF:0001C5E8]	00 00 00 00		SURV_ThirstThreshold_5_Max [GLOB:0001A75E]	0	Subject.GetValue(SURV_Thirst [AVIF:0001C5E8], 00 00 00 00) < SURV_ThirstThreshold_5_Max [GLOB:0001A75E] AND
00054DF3	SURV_Thirst_Ability	1	0	10000000	=	AND	Subject	GetIsPlayerGhoul	00 00 00 00	00 00 00 00		0.000000	0	Subject.GetIsPlayerGhoul(00 00 00 00, 00 00 00 00) = 0.000000 AND
00054DF3	SURV_Thirst_Ability	1	1	11000100	>=	AND	Subject	GetValue	SURV_Thirst [AVIF:0001C5E8]	00 00 00 00		SURV_NewThirstThreshold_0_FullyHydrated [GLOB:005DC8EA]	0	Subject.GetValue(SURV_Thirst [AVIF:0001C5E8], 00 00 00 00) >= SURV_NewThirstThreshold_0_FullyHydrated [GLOB:005DC8EA] AND
00054DF3	SURV_Thirst_Ability	1	2	00100100	<	AND	Subject	GetValue	SURV_Thirst [AVIF:0001C5E8]	00 00 00 00		SURV_NewThirstThreshold_1_WellHydrated [GLOB:005DC8EB]	0	Subject.GetValue(SURV_Thirst [AVIF:0001C5E8], 00 00 00 00) < SURV_NewThirstThreshold_1_WellHydrated [GLOB:005DC8EB] AND
00054DF3	SURV_Thirst_Ability	1	3	10000000	=	AND	Subject	HasPerk	Rejuvenated01 "Rejuvenated" [PERK:003DE58F]	00 00 00 00		1.000000	0	Subject.HasPerk(Rejuvenated01 "Rejuvenated" [PERK:003DE58F], 00 00 00 00) = 1.000000 AND
00054DF3	SURV_Thirst_Ability	1	4	10000000	=	AND	Subject	HasPerk	Rejuvenated02 "Rejuvenated" [PERK:003DE590]	00 00 00 00		1.000000	0	Subject.HasPerk(Rejuvenated02 "Rejuvenated" [PERK:003DE590], 00 00 00 00) = 1.000000 AND
00054DF3	SURV_Thirst_Ability	1	5	10100000	<=	AND	Subject	GetValue	Rads "Rads" [AVIF:000002E1]	00 00 00 00		100.000000	0	Subject.GetValue(Rads "Rads" [AVIF:000002E1], 00 00 00 00) <= 100.000000 AND
00054DF3	SURV_Thirst_Ability	2	0	10000000	=	AND	Subject	GetIsPlayerGhoul	00 00 00 00	00 00 00 00		0.000000	0	Subject.GetIsPlayerGhoul(00 00 00 00, 00 00 00 00) = 0.000000 AND
00054DF3	SURV_Thirst_Ability	2	1	11000100	>=	AND	Subject	GetValue	SURV_Thirst [AVIF:0001C5E8]	00 00 00 00		SURV_NewThirstThreshold_0_FullyHydrated [GLOB:005DC8EA]	0	Subject.GetValue(SURV_Thirst [AVIF:0001C5E8], 00 00 00 00) >= SURV_NewThirstThreshold_0_FullyHydrated [GLOB:005DC8EA] AND
00054DF3	SURV_Thirst_Ability	2	2	00100100	<	AND	Subject	GetValue	SURV_Thirst [AVIF:0001C5E8]	00 00 00 00		SURV_NewThirstThreshold_1_WellHydrated [GLOB:005DC8EB]	0	Subject.GetValue(SURV_Thirst [AVIF:0001C5E8], 00 00 00 00) < SURV_NewThirstThreshold_1_WellHydrated [GLOB:005DC8EB] AND
00054DF3	SURV_Thirst_Ability	2	3	10000000	=	AND	Subject	HasPerk	Rejuvenated01 "Rejuvenated" [PERK:003DE58F]	00 00 00 00		1.000000	0	Subject.HasPerk(Rejuvenated01 "Rejuvenated" [PERK:003DE58F], 00 00 00 00) = 1.000000 AND
00054DF3	SURV_Thirst_Ability	2	4	10010000	=	OR	Subject	HasPerk	Rejuvenated02 "Rejuvenated" [PERK:003DE590]	00 00 00 00		0.000000	0	Subject.HasPerk(Rejuvenated02 "Rejuvenated" [PERK:003DE590], 00 00 00 00) = 0.000000 OR
00054DF3	SURV_Thirst_Ability	2	5	01010000	>	OR	Subject	GetValue	Rads "Rads" [AVIF:000002E1]	00 00 00 00		100.000000	0	Subject.GetValue(Rads "Rads" [AVIF:000002E1], 00 00 00 00) > 100.000000 OR
00054DF3	SURV_Thirst_Ability	3	0	10000000	=	AND	Subject	GetIsPlayerGhoul	00 00 00 00	00 00 00 00		0.000000	0	Subject.GetIsPlayerGhoul(00 00 00 00, 00 00 00 00) = 0.000000 AND
00054DF3	SURV_Thirst_Ability	3	1	11000100	>=	AND	Subject	GetValue	SURV_Thirst [AVIF:0001C5E8]	00 00 00 00		SURV_NewThirstThreshold_0_FullyHydrated [GLOB:005DC8EA]	0	Subject.GetValue(SURV_Thirst [AVIF:0001C5E8], 00 00 00 00) >= SURV_NewThirstThreshold_0_FullyHydrated [GLOB:005DC8EA] AND
00054DF3	SURV_Thirst_Ability	3	2	00100100	<	AND	Subject	GetValue	SURV_Thirst [AVIF:0001C5E8]	00 00 00 00		SURV_NewThirstThreshold_1_WellHydrated [GLOB:005DC8EB]	0	Subject.GetValue(SURV_Thirst [AVIF:0001C5E8], 00 00 00 00) < SURV_NewThirstThreshold_1_WellHydrated [GLOB:005DC8EB] AND
00054DF3	SURV_Thirst_Ability	3	3	10000000	=	AND	Subject	HasPerk	Rejuvenated01 "Rejuvenated" [PERK:003DE58F]	00 00 00 00		0.000000	0	Subject.HasPerk(Rejuvenated01 "Rejuvenated" [PERK:003DE58F], 00 00 00 00) = 0.000000 AND
00054DF3	SURV_Thirst_Ability	3	4	10000000	=	AND	Subject	HasPerk	Rejuvenated02 "Rejuvenated" [PERK:003DE590]	00 00 00 00		0.000000	0	Subject.HasPerk(Rejuvenated02 "Rejuvenated" [PERK:003DE590], 00 00 00 00) = 0.000000 AND
00054DF3	SURV_Thirst_Ability	4	0	10000000	=	AND	Subject	GetIsPlayerGhoul	00 00 00 00	00 00 00 00		0.000000	0	Subject.GetIsPlayerGhoul(00 00 00 00, 00 00 00 00) = 0.000000 AND
00054DF3	SURV_Thirst_Ability	4	1	11000100	>=	AND	Subject	GetValue	SURV_Thirst [AVIF:0001C5E8]	00 00 00 00		SURV_NewThirstThreshold_0_FullyHydrated [GLOB:005DC8EA]	0	Subject.GetValue(SURV_Thirst [AVIF:0001C5E8], 00 00 00 00) >= SURV_NewThirstThreshold_0_FullyHydrated [GLOB:005DC8EA] AND
00054DF3	SURV_Thirst_Ability	4	2	00100100	<	AND	Subject	GetValue	SURV_Thirst [AVIF:0001C5E8]	00 00 00 00		SURV_NewThirstThreshold_1_WellHydrated [GLOB:005DC8EB]	0	Subject.GetValue(SURV_Thirst [AVIF:0001C5E8], 00 00 00 00) < SURV_NewThirstThreshold_1_WellHydrated [GLOB:005DC8EB] AND
00054DF3	SURV_Thirst_Ability	4	3	10000000	=	AND	Subject	HasPerk	Rejuvenated01 "Rejuvenated" [PERK:003DE58F]	00 00 00 00		1.000000	0	Subject.HasPerk(Rejuvenated01 "Rejuvenated" [PERK:003DE58F], 00 00 00 00) = 1.000000 AND
00054DF3	SURV_Thirst_Ability	4	4	10000000	=	AND	Subject	HasPerk	Rejuvenated02 "Rejuvenated" [PERK:003DE590]	00 00 00 00		1.000000	0	Subject.HasPerk(Rejuvenated02 "Rejuvenated" [PERK:003DE590], 00 00 00 00) = 1.000000 AND
00054DF3	SURV_Thirst_Ability	4	5	10100000	<=	AND	Subject	GetValue	Rads "Rads" [AVIF:000002E1]	00 00 00 00		100.000000	0	Subject.GetValue(Rads "Rads" [AVIF:000002E1], 00 00 00 00) <= 100.000000 AND
00054DF3	SURV_Thirst_Ability	5	0	10000000	=	AND	Subject	GetIsPlayerGhoul	00 00 00 00	00 00 00 00		0.000000	0	Subject.GetIsPlayerGhoul(00 00 00 00, 00 00 00 00) = 0.000000 AND
00054DF3	SURV_Thirst_Ability	5	1	11000100	>=	AND	Subject	GetValue	SURV_Thirst [AVIF:0001C5E8]	00 00 00 00		SURV_NewThirstThreshold_0_FullyHydrated [GLOB:005DC8EA]	0	Subject.GetValue(SURV_Thirst [AVIF:0001C5E8], 00 00 00 00) >= SURV_NewThirstThreshold_0_FullyHydrated [GLOB:005DC8EA] AND
00054DF3	SURV_Thirst_Ability	5	2	00100100	<	AND	Subject	GetValue	SURV_Thirst [AVIF:0001C5E8]	00 00 00 00		SURV_NewThirstThreshold_1_WellHydrated [GLOB:005DC8EB]	0	Subject.GetValue(SURV_Thirst [AVIF:0001C5E8], 00 00 00 00) < SURV_NewThirstThreshold_1_WellHydrated [GLOB:005DC8EB] AND
00054DF3	SURV_Thirst_Ability	5	3	10000000	=	AND	Subject	HasPerk	Rejuvenated01 "Rejuvenated" [PERK:003DE58F]	00 00 00 00		1.000000	0	Subject.HasPerk(Rejuvenated01 "Rejuvenated" [PERK:003DE58F], 00 00 00 00) = 1.000000 AND
00054DF3	SURV_Thirst_Ability	5	4	10010000	=	OR	Subject	HasPerk	Rejuvenated02 "Rejuvenated" [PERK:003DE590]	00 00 00 00		0.000000	0	Subject.HasPerk(Rejuvenated02 "Rejuvenated" [PERK:003DE590], 00 00 00 00) = 0.000000 OR
00054DF3	SURV_Thirst_Ability	5	5	01010000	>	OR	Subject	GetValue	Rads "Rads" [AVIF:000002E1]	00 00 00 00		100.000000	0	Subject.GetValue(Rads "Rads" [AVIF:000002E1], 00 00 00 00) > 100.000000 OR
00054DF3	SURV_Thirst_Ability	6	0	10000000	=	AND	Subject	GetIsPlayerGhoul	00 00 00 00	00 00 00 00		0.000000	0	Subject.GetIsPlayerGhoul(00 00 00 00, 00 00 00 00) = 0.000000 AND
00054DF3	SURV_Thirst_Ability	6	1	11000100	>=	AND	Subject	GetValue	SURV_Thirst [AVIF:0001C5E8]	00 00 00 00		SURV_NewThirstThreshold_0_FullyHydrated [GLOB:005DC8EA]	0	Subject.GetValue(SURV_Thirst [AVIF:0001C5E8], 00 00 00 00) >= SURV_NewThirstThreshold_0_FullyHydrated [GLOB:005DC8EA] AND
00054DF3	SURV_Thirst_Ability	6	2	00100100	<	AND	Subject	GetValue	SURV_Thirst [AVIF:0001C5E8]	00 00 00 00		SURV_NewThirstThreshold_1_WellHydrated [GLOB:005DC8EB]	0	Subject.GetValue(SURV_Thirst [AVIF:0001C5E8], 00 00 00 00) < SURV_NewThirstThreshold_1_WellHydrated [GLOB:005DC8EB] AND
00054DF3	SURV_Thirst_Ability	6	3	10000000	=	AND	Subject	HasPerk	Rejuvenated01 "Rejuvenated" [PERK:003DE58F]	00 00 00 00		0.000000	0	Subject.HasPerk(Rejuvenated01 "Rejuvenated" [PERK:003DE58F], 00 00 00 00) = 0.000000 AND
00054DF3	SURV_Thirst_Ability	6	4	10000000	=	AND	Subject	HasPerk	Rejuvenated02 "Rejuvenated" [PERK:003DE590]	00 00 00 00		0.000000	0	Subject.HasPerk(Rejuvenated02 "Rejuvenated" [PERK:003DE590], 00 00 00 00) = 0.000000 AND
00054DF3	SURV_Thirst_Ability	7	0	10000000	=	AND	Subject	GetIsPlayerGhoul	00 00 00 00	00 00 00 00		0.000000	0	Subject.GetIsPlayerGhoul(00 00 00 00, 00 00 00 00) = 0.000000 AND
00054DF3	SURV_Thirst_Ability	7	1	11000100	>=	AND	Subject	GetValue	SURV_Thirst [AVIF:0001C5E8]	00 00 00 00		SURV_NewThirstThreshold_1_WellHydrated [GLOB:005DC8EB]	0	Subject.GetValue(SURV_Thirst [AVIF:0001C5E8], 00 00 00 00) >= SURV_NewThirstThreshold_1_WellHydrated [GLOB:005DC8EB] AND
00054DF3	SURV_Thirst_Ability	7	2	00100100	<	AND	Subject	GetValue	SURV_Thirst [AVIF:0001C5E8]	00 00 00 00		SURV_NewThirstThreshold_2_Hydrated [GLOB:005DC8EC]	0	Subject.GetValue(SURV_Thirst [AVIF:0001C5E8], 00 00 00 00) < SURV_NewThirstThreshold_2_Hydrated [GLOB:005DC8EC] AND
00054DF3	SURV_Thirst_Ability	8	0	10000000	=	AND	Subject	GetIsPlayerGhoul	00 00 00 00	00 00 00 00		0.000000	0	Subject.GetIsPlayerGhoul(00 00 00 00, 00 00 00 00) = 0.000000 AND
00054DF3	SURV_Thirst_Ability	8	1	11000100	>=	AND	Subject	GetValue	SURV_Thirst [AVIF:0001C5E8]	00 00 00 00		SURV_NewThirstThreshold_2_Hydrated [GLOB:005DC8EC]	0	Subject.GetValue(SURV_Thirst [AVIF:0001C5E8], 00 00 00 00) >= SURV_NewThirstThreshold_2_Hydrated [GLOB:005DC8EC] AND
00054DF3	SURV_Thirst_Ability	8	2	00100100	<	AND	Subject	GetValue	SURV_Thirst [AVIF:0001C5E8]	00 00 00 00		SURV_NewThirstThreshold_3_PartiallyHydrated [GLOB:005DC8ED]	0	Subject.GetValue(SURV_Thirst [AVIF:0001C5E8], 00 00 00 00) < SURV_NewThirstThreshold_3_PartiallyHydrated [GLOB:005DC8ED] AND
00054DF3	SURV_Thirst_Ability	9	0	10000000	=	AND	Subject	GetIsPlayerGhoul	00 00 00 00	00 00 00 00		0.000000	0	Subject.GetIsPlayerGhoul(00 00 00 00, 00 00 00 00) = 0.000000 AND
00054DF3	SURV_Thirst_Ability	9	1	11000100	>=	AND	Subject	GetValue	SURV_Thirst [AVIF:0001C5E8]	00 00 00 00		SURV_NewThirstThreshold_3_PartiallyHydrated [GLOB:005DC8ED]	0	Subject.GetValue(SURV_Thirst [AVIF:0001C5E8], 00 00 00 00) >= SURV_NewThirstThreshold_3_PartiallyHydrated [GLOB:005DC8ED] AND
00054DF3	SURV_Thirst_Ability	9	2	00100100	<	AND	Subject	GetValue	SURV_Thirst [AVIF:0001C5E8]	00 00 00 00		SURV_NewThirstThreshold_4_Thirsty [GLOB:005DC8EE]	0	Subject.GetValue(SURV_Thirst [AVIF:0001C5E8], 00 00 00 00) < SURV_NewThirstThreshold_4_Thirsty [GLOB:005DC8EE] AND
00054DF3	SURV_Thirst_Ability	10	0	10000000	=	AND	Subject	GetIsPlayerGhoul	00 00 00 00	00 00 00 00		0.000000	0	Subject.GetIsPlayerGhoul(00 00 00 00, 00 00 00 00) = 0.000000 AND
00054DF3	SURV_Thirst_Ability	10	1	11000100	>=	AND	Subject	GetValue	SURV_Thirst [AVIF:0001C5E8]	00 00 00 00		SURV_NewThirstThreshold_0_FullyHydrated [GLOB:005DC8EA]	0	Subject.GetValue(SURV_Thirst [AVIF:0001C5E8], 00 00 00 00) >= SURV_NewThirstThreshold_0_FullyHydrated [GLOB:005DC8EA] AND
00054DF3	SURV_Thirst_Ability	10	2	00100100	<	AND	Subject	GetValue	SURV_Thirst [AVIF:0001C5E8]	00 00 00 00		SURV_NewThirstThreshold_1_WellHydrated [GLOB:005DC8EB]	0	Subject.GetValue(SURV_Thirst [AVIF:0001C5E8], 00 00 00 00) < SURV_NewThirstThreshold_1_WellHydrated [GLOB:005DC8EB] AND
00054DF3	SURV_Thirst_Ability	10	3	10000000	=	AND	Subject	HasPerk	Rejuvenated01 "Rejuvenated" [PERK:003DE58F]	00 00 00 00		1.000000	0	Subject.HasPerk(Rejuvenated01 "Rejuvenated" [PERK:003DE58F], 00 00 00 00) = 1.000000 AND
00054DF3	SURV_Thirst_Ability	10	4	10000000	=	AND	Subject	HasPerk	Rejuvenated02 "Rejuvenated" [PERK:003DE590]	00 00 00 00		1.000000	0	Subject.HasPerk(Rejuvenated02 "Rejuvenated" [PERK:003DE590], 00 00 00 00) = 1.000000 AND
00054DF3	SURV_Thirst_Ability	10	5	10100000	<=	AND	Subject	GetValue	Rads "Rads" [AVIF:000002E1]	00 00 00 00		100.000000	0	Subject.GetValue(Rads "Rads" [AVIF:000002E1], 00 00 00 00) <= 100.000000 AND
00054DF3	SURV_Thirst_Ability	11	0	10000000	=	AND	Subject	GetIsPlayerGhoul	00 00 00 00	00 00 00 00		0.000000	0	Subject.GetIsPlayerGhoul(00 00 00 00, 00 00 00 00) = 0.000000 AND
00054DF3	SURV_Thirst_Ability	11	1	11000100	>=	AND	Subject	GetValue	SURV_Thirst [AVIF:0001C5E8]	00 00 00 00		SURV_NewThirstThreshold_0_FullyHydrated [GLOB:005DC8EA]	0	Subject.GetValue(SURV_Thirst [AVIF:0001C5E8], 00 00 00 00) >= SURV_NewThirstThreshold_0_FullyHydrated [GLOB:005DC8EA] AND
00054DF3	SURV_Thirst_Ability	11	2	00100100	<	AND	Subject	GetValue	SURV_Thirst [AVIF:0001C5E8]	00 00 00 00		SURV_NewThirstThreshold_1_WellHydrated [GLOB:005DC8EB]	0	Subject.GetValue(SURV_Thirst [AVIF:0001C5E8], 00 00 00 00) < SURV_NewThirstThreshold_1_WellHydrated [GLOB:005DC8EB] AND
00054DF3	SURV_Thirst_Ability	11	3	10000000	=	AND	Subject	HasPerk	Rejuvenated01 "Rejuvenated" [PERK:003DE58F]	00 00 00 00		1.000000	0	Subject.HasPerk(Rejuvenated01 "Rejuvenated" [PERK:003DE58F], 00 00 00 00) = 1.000000 AND
00054DF3	SURV_Thirst_Ability	11	4	10010000	=	OR	Subject	HasPerk	Rejuvenated02 "Rejuvenated" [PERK:003DE590]	00 00 00 00		0.000000	0	Subject.HasPerk(Rejuvenated02 "Rejuvenated" [PERK:003DE590], 00 00 00 00) = 0.000000 OR
00054DF3	SURV_Thirst_Ability	11	5	01010000	>	OR	Subject	GetValue	Rads "Rads" [AVIF:000002E1]	00 00 00 00		100.000000	0	Subject.GetValue(Rads "Rads" [AVIF:000002E1], 00 00 00 00) > 100.000000 OR
00054DF3	SURV_Thirst_Ability	12	0	10000000	=	AND	Subject	GetIsPlayerGhoul	00 00 00 00	00 00 00 00		0.000000	0	Subject.GetIsPlayerGhoul(00 00 00 00, 00 00 00 00) = 0.000000 AND
00054DF3	SURV_Thirst_Ability	12	1	11000100	>=	AND	Subject	GetValue	SURV_Thirst [AVIF:0001C5E8]	00 00 00 00		SURV_NewThirstThreshold_0_FullyHydrated [GLOB:005DC8EA]	0	Subject.GetValue(SURV_Thirst [AVIF:0001C5E8], 00 00 00 00) >= SURV_NewThirstThreshold_0_FullyHydrated [GLOB:005DC8EA] AND
00054DF3	SURV_Thirst_Ability	12	2	00100100	<	AND	Subject	GetValue	SURV_Thirst [AVIF:0001C5E8]	00 00 00 00		SURV_NewThirstThreshold_1_WellHydrated [GLOB:005DC8EB]	0	Subject.GetValue(SURV_Thirst [AVIF:0001C5E8], 00 00 00 00) < SURV_NewThirstThreshold_1_WellHydrated [GLOB:005DC8EB] AND
00054DF3	SURV_Thirst_Ability	12	3	10000000	=	AND	Subject	HasPerk	Rejuvenated01 "Rejuvenated" [PERK:003DE58F]	00 00 00 00		0.000000	0	Subject.HasPerk(Rejuvenated01 "Rejuvenated" [PERK:003DE58F], 00 00 00 00) = 0.000000 AND
00054DF3	SURV_Thirst_Ability	12	4	10000000	=	AND	Subject	HasPerk	Rejuvenated02 "Rejuvenated" [PERK:003DE590]	00 00 00 00		0.000000	0	Subject.HasPerk(Rejuvenated02 "Rejuvenated" [PERK:003DE590], 00 00 00 00) = 0.000000 AND
00054DF3	SURV_Thirst_Ability	13	0	10000000	=	AND	Subject	GetIsPlayerGhoul	00 00 00 00	00 00 00 00		0.000000	0	Subject.GetIsPlayerGhoul(00 00 00 00, 00 00 00 00) = 0.000000 AND
00054DF3	SURV_Thirst_Ability	13	1	11000100	>=	AND	Subject	GetValue	SURV_Thirst [AVIF:0001C5E8]	00 00 00 00		SURV_NewThirstThreshold_1_WellHydrated [GLOB:005DC8EB]	0	Subject.GetValue(SURV_Thirst [AVIF:0001C5E8], 00 00 00 00) >= SURV_NewThirstThreshold_1_WellHydrated [GLOB:005DC8EB] AND
00054DF3	SURV_Thirst_Ability	13	2	00100100	<	AND	Subject	GetValue	SURV_Thirst [AVIF:0001C5E8]	00 00 00 00		SURV_NewThirstThreshold_2_Hydrated [GLOB:005DC8EC]	0	Subject.GetValue(SURV_Thirst [AVIF:0001C5E8], 00 00 00 00) < SURV_NewThirstThreshold_2_Hydrated [GLOB:005DC8EC] AND
00054DF3	SURV_Thirst_Ability	14	0	10000000	=	AND	Subject	GetIsPlayerGhoul	00 00 00 00	00 00 00 00		0.000000	0	Subject.GetIsPlayerGhoul(00 00 00 00, 00 00 00 00) = 0.000000 AND
00054DF3	SURV_Thirst_Ability	14	1	11000100	>=	AND	Subject	GetValue	SURV_Thirst [AVIF:0001C5E8]	00 00 00 00		SURV_NewThirstThreshold_2_Hydrated [GLOB:005DC8EC]	0	Subject.GetValue(SURV_Thirst [AVIF:0001C5E8], 00 00 00 00) >= SURV_NewThirstThreshold_2_Hydrated [GLOB:005DC8EC] AND
00054DF3	SURV_Thirst_Ability	14	2	00100100	<	AND	Subject	GetValue	SURV_Thirst [AVIF:0001C5E8]	00 00 00 00		SURV_NewThirstThreshold_3_PartiallyHydrated [GLOB:005DC8ED]	0	Subject.GetValue(SURV_Thirst [AVIF:0001C5E8], 00 00 00 00) < SURV_NewThirstThreshold_3_PartiallyHydrated [GLOB:005DC8ED] AND
00054DF3	SURV_Thirst_Ability	15	0	10000000	=	AND	Subject	GetIsPlayerGhoul	00 00 00 00	00 00 00 00		0.000000	0	Subject.GetIsPlayerGhoul(00 00 00 00, 00 00 00 00) = 0.000000 AND
00054DF3	SURV_Thirst_Ability	15	1	11000000	>=	AND	Subject	GetValue	LGND_RejuvenatorTier [AVIF:008469C2]	00 00 00 00		1.000000	0	Subject.GetValue(LGND_RejuvenatorTier [AVIF:008469C2], 00 00 00 00) >= 1.000000 AND
00054DF3	SURV_Thirst_Ability	15	2	11000100	>=	AND	Subject	GetValue	SURV_Thirst [AVIF:0001C5E8]	00 00 00 00		SURV_NewThirstThreshold_0_FullyHydrated [GLOB:005DC8EA]	0	Subject.GetValue(SURV_Thirst [AVIF:0001C5E8], 00 00 00 00) >= SURV_NewThirstThreshold_0_FullyHydrated [GLOB:005DC8EA] AND
00054DF3	SURV_Thirst_Ability	15	3	00100100	<	AND	Subject	GetValue	SURV_Thirst [AVIF:0001C5E8]	00 00 00 00		SURV_NewThirstThreshold_1_WellHydrated [GLOB:005DC8EB]	0	Subject.GetValue(SURV_Thirst [AVIF:0001C5E8], 00 00 00 00) < SURV_NewThirstThreshold_1_WellHydrated [GLOB:005DC8EB] AND
00054DF3	SURV_Thirst_Ability	15	4	10000000	=	AND	Subject	HasPerk	Rejuvenated01 "Rejuvenated" [PERK:003DE58F]	00 00 00 00		1.000000	0	Subject.HasPerk(Rejuvenated01 "Rejuvenated" [PERK:003DE58F], 00 00 00 00) = 1.000000 AND
00054DF3	SURV_Thirst_Ability	15	5	10000000	=	AND	Subject	HasPerk	Rejuvenated02 "Rejuvenated" [PERK:003DE590]	00 00 00 00		1.000000	0	Subject.HasPerk(Rejuvenated02 "Rejuvenated" [PERK:003DE590], 00 00 00 00) = 1.000000 AND
00054DF3	SURV_Thirst_Ability	15	6	10100000	<=	AND	Subject	GetValue	Rads "Rads" [AVIF:000002E1]	00 00 00 00		100.000000	0	Subject.GetValue(Rads "Rads" [AVIF:000002E1], 00 00 00 00) <= 100.000000 AND
00054DF3	SURV_Thirst_Ability	16	0	10000000	=	AND	Subject	GetIsPlayerGhoul	00 00 00 00	00 00 00 00		0.000000	0	Subject.GetIsPlayerGhoul(00 00 00 00, 00 00 00 00) = 0.000000 AND
00054DF3	SURV_Thirst_Ability	16	1	11000000	>=	AND	Subject	GetValue	LGND_RejuvenatorTier [AVIF:008469C2]	00 00 00 00		1.000000	0	Subject.GetValue(LGND_RejuvenatorTier [AVIF:008469C2], 00 00 00 00) >= 1.000000 AND
00054DF3	SURV_Thirst_Ability	16	2	11000100	>=	AND	Subject	GetValue	SURV_Thirst [AVIF:0001C5E8]	00 00 00 00		SURV_NewThirstThreshold_0_FullyHydrated [GLOB:005DC8EA]	0	Subject.GetValue(SURV_Thirst [AVIF:0001C5E8], 00 00 00 00) >= SURV_NewThirstThreshold_0_FullyHydrated [GLOB:005DC8EA] AND
00054DF3	SURV_Thirst_Ability	16	3	00100100	<	AND	Subject	GetValue	SURV_Thirst [AVIF:0001C5E8]	00 00 00 00		SURV_NewThirstThreshold_1_WellHydrated [GLOB:005DC8EB]	0	Subject.GetValue(SURV_Thirst [AVIF:0001C5E8], 00 00 00 00) < SURV_NewThirstThreshold_1_WellHydrated [GLOB:005DC8EB] AND
00054DF3	SURV_Thirst_Ability	16	4	10000000	=	AND	Subject	HasPerk	Rejuvenated01 "Rejuvenated" [PERK:003DE58F]	00 00 00 00		1.000000	0	Subject.HasPerk(Rejuvenated01 "Rejuvenated" [PERK:003DE58F], 00 00 00 00) = 1.000000 AND
00054DF3	SURV_Thirst_Ability	16	5	10010000	=	OR	Subject	HasPerk	Rejuvenated02 "Rejuvenated" [PERK:003DE590]	00 00 00 00		0.000000	0	Subject.HasPerk(Rejuvenated02 "Rejuvenated" [PERK:003DE590], 00 00 00 00) = 0.000000 OR
00054DF3	SURV_Thirst_Ability	16	6	01010000	>	OR	Subject	GetValue	Rads "Rads" [AVIF:000002E1]	00 00 00 00		100.000000	0	Subject.GetValue(Rads "Rads" [AVIF:000002E1], 00 00 00 00) > 100.000000 OR
00054DF3	SURV_Thirst_Ability	17	0	10000000	=	AND	Subject	GetIsPlayerGhoul	00 00 00 00	00 00 00 00		0.000000	0	Subject.GetIsPlayerGhoul(00 00 00 00, 00 00 00 00) = 0.000000 AND
00054DF3	SURV_Thirst_Ability	17	1	11000000	>=	AND	Subject	GetValue	LGND_RejuvenatorTier [AVIF:008469C2]	00 00 00 00		1.000000	0	Subject.GetValue(LGND_RejuvenatorTier [AVIF:008469C2], 00 00 00 00) >= 1.000000 AND
00054DF3	SURV_Thirst_Ability	17	2	11000100	>=	AND	Subject	GetValue	SURV_Thirst [AVIF:0001C5E8]	00 00 00 00		SURV_NewThirstThreshold_0_FullyHydrated [GLOB:005DC8EA]	0	Subject.GetValue(SURV_Thirst [AVIF:0001C5E8], 00 00 00 00) >= SURV_NewThirstThreshold_0_FullyHydrated [GLOB:005DC8EA] AND
00054DF3	SURV_Thirst_Ability	17	3	00100100	<	AND	Subject	GetValue	SURV_Thirst [AVIF:0001C5E8]	00 00 00 00		SURV_NewThirstThreshold_1_WellHydrated [GLOB:005DC8EB]	0	Subject.GetValue(SURV_Thirst [AVIF:0001C5E8], 00 00 00 00) < SURV_NewThirstThreshold_1_WellHydrated [GLOB:005DC8EB] AND
00054DF3	SURV_Thirst_Ability	17	4	10000000	=	AND	Subject	HasPerk	Rejuvenated01 "Rejuvenated" [PERK:003DE58F]	00 00 00 00		0.000000	0	Subject.HasPerk(Rejuvenated01 "Rejuvenated" [PERK:003DE58F], 00 00 00 00) = 0.000000 AND
00054DF3	SURV_Thirst_Ability	17	5	10000000	=	AND	Subject	HasPerk	Rejuvenated02 "Rejuvenated" [PERK:003DE590]	00 00 00 00		0.000000	0	Subject.HasPerk(Rejuvenated02 "Rejuvenated" [PERK:003DE590], 00 00 00 00) = 0.000000 AND
00054DF3	SURV_Thirst_Ability	18	0	10000000	=	AND	Subject	GetIsPlayerGhoul	00 00 00 00	00 00 00 00		0.000000	0	Subject.GetIsPlayerGhoul(00 00 00 00, 00 00 00 00) = 0.000000 AND
00054DF3	SURV_Thirst_Ability	18	1	11000000	>=	AND	Subject	GetValue	LGND_RejuvenatorTier [AVIF:008469C2]	00 00 00 00		1.000000	0	Subject.GetValue(LGND_RejuvenatorTier [AVIF:008469C2], 00 00 00 00) >= 1.000000 AND
00054DF3	SURV_Thirst_Ability	18	2	11000100	>=	AND	Subject	GetValue	SURV_Thirst [AVIF:0001C5E8]	00 00 00 00		SURV_NewThirstThreshold_1_WellHydrated [GLOB:005DC8EB]	0	Subject.GetValue(SURV_Thirst [AVIF:0001C5E8], 00 00 00 00) >= SURV_NewThirstThreshold_1_WellHydrated [GLOB:005DC8EB] AND
00054DF3	SURV_Thirst_Ability	18	3	00100100	<	AND	Subject	GetValue	SURV_Thirst [AVIF:0001C5E8]	00 00 00 00		SURV_NewThirstThreshold_2_Hydrated [GLOB:005DC8EC]	0	Subject.GetValue(SURV_Thirst [AVIF:0001C5E8], 00 00 00 00) < SURV_NewThirstThreshold_2_Hydrated [GLOB:005DC8EC] AND
00054DF3	SURV_Thirst_Ability	19	0	10000000	=	AND	Subject	GetIsPlayerGhoul	00 00 00 00	00 00 00 00		0.000000	0	Subject.GetIsPlayerGhoul(00 00 00 00, 00 00 00 00) = 0.000000 AND
00054DF3	SURV_Thirst_Ability	19	1	11000000	>=	AND	Subject	GetValue	LGND_RejuvenatorTier [AVIF:008469C2]	00 00 00 00		1.000000	0	Subject.GetValue(LGND_RejuvenatorTier [AVIF:008469C2], 00 00 00 00) >= 1.000000 AND
00054DF3	SURV_Thirst_Ability	19	2	11000100	>=	AND	Subject	GetValue	SURV_Thirst [AVIF:0001C5E8]	00 00 00 00		SURV_NewThirstThreshold_2_Hydrated [GLOB:005DC8EC]	0	Subject.GetValue(SURV_Thirst [AVIF:0001C5E8], 00 00 00 00) >= SURV_NewThirstThreshold_2_Hydrated [GLOB:005DC8EC] AND
00054DF3	SURV_Thirst_Ability	19	3	00100100	<	AND	Subject	GetValue	SURV_Thirst [AVIF:0001C5E8]	00 00 00 00		SURV_NewThirstThreshold_3_PartiallyHydrated [GLOB:005DC8ED]	0	Subject.GetValue(SURV_Thirst [AVIF:0001C5E8], 00 00 00 00) < SURV_NewThirstThreshold_3_PartiallyHydrated [GLOB:005DC8ED] AND
00054DF3	SURV_Thirst_Ability	20	0	10000000	=	AND	Subject	GetIsPlayerGhoul	00 00 00 00	00 00 00 00		0.000000	0	Subject.GetIsPlayerGhoul(00 00 00 00, 00 00 00 00) = 0.000000 AND
00054DF3	SURV_Thirst_Ability	20	1	11000000	>=	AND	Subject	GetValue	LGND_RejuvenatorTier [AVIF:008469C2]	00 00 00 00		1.000000	0	Subject.GetValue(LGND_RejuvenatorTier [AVIF:008469C2], 00 00 00 00) >= 1.000000 AND
00054DF3	SURV_Thirst_Ability	20	2	11000100	>=	AND	Subject	GetValue	SURV_Thirst [AVIF:0001C5E8]	00 00 00 00		SURV_NewThirstThreshold_3_PartiallyHydrated [GLOB:005DC8ED]	0	Subject.GetValue(SURV_Thirst [AVIF:0001C5E8], 00 00 00 00) >= SURV_NewThirstThreshold_3_PartiallyHydrated [GLOB:005DC8ED] AND
00054DF3	SURV_Thirst_Ability	20	3	00100100	<	AND	Subject	GetValue	SURV_Thirst [AVIF:0001C5E8]	00 00 00 00		SURV_NewThirstThreshold_4_Thirsty [GLOB:005DC8EE]	0	Subject.GetValue(SURV_Thirst [AVIF:0001C5E8], 00 00 00 00) < SURV_NewThirstThreshold_4_Thirsty [GLOB:005DC8EE] AND
00112E6D	SURV_Disease_Parasites	0	0	10000000	=	AND	Subject	GetIsPlayerGhoul	00 00 00 00	00 00 00 00		0.000000	0	Subject.GetIsPlayerGhoul(00 00 00 00, 00 00 00 00) = 0.000000 AND
00284956	SURV_Disease_Dysentery	0	0	10000000	=	AND	Subject	GetIsPlayerGhoul	00 00 00 00	00 00 00 00		0.000000	0	Subject.GetIsPlayerGhoul(00 00 00 00, 00 00 00 00) = 0.000000 AND
00008881	SURV_Disease_BoneWorms	0	0	10000000	=	AND	Subject	GetIsPlayerGhoul	00 00 00 00	00 00 00 00		0.000000	0	Subject.GetIsPlayerGhoul(00 00 00 00, 00 00 00 00) = 0.000000 AND
0028D3BC	Mutation_Talons	0	0	10000000	=	AND	Subject	IsSpellTarget	RadX "Rad-X" [ALCH:00024057]	00 00 00 00		1.000000	0	Subject.IsSpellTarget(RadX "Rad-X" [ALCH:00024057], 00 00 00 00) = 1.000000 AND
0028D3BC	Mutation_Talons	1	0	10000000	=	AND	Subject	IsTrueForConditionForm	Mutation_Check_UseNormalVersion [CNDF:00467939]	00 00 00 00		1.000000	0	Subject.IsTrueForConditionForm(Mutation_Check_UseNormalVersion [CNDF:00467939], 00 00 00 00) = 1.000000 AND
0028D3BC	Mutation_Talons	2	0	10000000	=	AND	Subject	IsTrueForConditionForm	Mutation_Check_UseSuperVersion [CNDF:0046793B]	00 00 00 00		1.000000	0	Subject.IsTrueForConditionForm(Mutation_Check_UseSuperVersion [CNDF:0046793B], 00 00 00 00) = 1.000000 AND
0028D3BC	Mutation_Talons	3	0	10000000	=	AND	Subject	IsSpellTarget	RadX "Rad-X" [ALCH:00024057]	00 00 00 00		0.000000	0	Subject.IsSpellTarget(RadX "Rad-X" [ALCH:00024057], 00 00 00 00) = 0.000000 AND
0028D3BC	Mutation_Talons	3	1	10000000	=	AND	Subject	IsSpellTarget	Serum_Talons "Talons Serum" [ALCH:0050A5F6]	00 00 00 00		0.000000	0	Subject.IsSpellTarget(Serum_Talons "Talons Serum" [ALCH:0050A5F6], 00 00 00 00) = 0.000000 AND
002599EC	AbPerkNightEyes	0	0	10000000	=	AND	Subject	IsSneaking	00 00 00 00	00 00 00 00		1.000000	0	Subject.IsSneaking(00 00 00 00, 00 00 00 00) = 1.000000 AND
00259CBB	AbPerkNocturnalFortitude	0	0	10000000	=	AND	Subject	HasPerk	NocturnalFortitude02 "Nocturnal Fortitude" [PERK:00259DB6]	00 00 00 00		0.000000	0	Subject.HasPerk(NocturnalFortitude02 "Nocturnal Fortitude" [PERK:00259DB6], 00 00 00 00) = 0.000000 AND
00259CBB	AbPerkNocturnalFortitude	0	1	10000000	=	AND	Subject	IsTrueForConditionForm	Perk_Night_Condition [CNDF:0090ABDD]	00 00 00 00		1.000000	0	Subject.IsTrueForConditionForm(Perk_Night_Condition [CNDF:0090ABDD], 00 00 00 00) = 1.000000 AND
00259CBB	AbPerkNocturnalFortitude	1	0	10000000	=	AND	Subject	HasPerk	NocturnalFortitude02 "Nocturnal Fortitude" [PERK:00259DB6]	00 00 00 00		1.000000	0	Subject.HasPerk(NocturnalFortitude02 "Nocturnal Fortitude" [PERK:00259DB6], 00 00 00 00) = 1.000000 AND
00259CBB	AbPerkNocturnalFortitude	1	1	10000000	=	AND	Subject	IsTrueForConditionForm	Perk_Night_Condition [CNDF:0090ABDD]	00 00 00 00		1.000000	0	Subject.IsTrueForConditionForm(Perk_Night_Condition [CNDF:0090ABDD], 00 00 00 00) = 1.000000 AND
000762B5	SURV_OverEncumbered_Ability	0	0	10000000	=	AND	Subject	IsOverEncumbered	00 00 00 00	00 00 00 00		1.000000	0	Subject.IsOverEncumbered(00 00 00 00, 00 00 00 00) = 1.000000 AND
00093D8F	crFlatwoodsMonsterHealSpell	0	0	10000000	=	AND	Subject	HasKeyword	ActorTypeFlatwoodsMonster [KYWD:002BA580]	00 00 00 00		0.000000	0	Subject.HasKeyword(ActorTypeFlatwoodsMonster [KYWD:002BA580], 00 00 00 00) = 0.000000 AND
00093D8F	crFlatwoodsMonsterHealSpell	0	1	10000000	=	AND	Subject	HasKeyword	ActorTypeAlien [KYWD:00331AB8]	00 00 00 00		1.000000	0	Subject.HasKeyword(ActorTypeAlien [KYWD:00331AB8], 00 00 00 00) = 1.000000 AND
002DB870	AbPerkPowerUser	0	0	10000000	=	AND	Subject	HasPerk	PowerUser02 "Power User" [PERK:0027A874]	00 00 00 00		0.000000	0	Subject.HasPerk(PowerUser02 "Power User" [PERK:0027A874], 00 00 00 00) = 0.000000 AND
002DB870	AbPerkPowerUser	1	0	10000000	=	AND	Subject	HasPerk	PowerUser02 "Power User" [PERK:0027A874]	00 00 00 00		1.000000	0	Subject.HasPerk(PowerUser02 "Power User" [PERK:0027A874], 00 00 00 00) = 1.000000 AND
002DB870	AbPerkPowerUser	1	1	10000000	=	AND	Subject	HasPerk	PowerUser03 "Power User" [PERK:0027A875]	00 00 00 00		0.000000	0	Subject.HasPerk(PowerUser03 "Power User" [PERK:0027A875], 00 00 00 00) = 0.000000 AND
002DB870	AbPerkPowerUser	2	0	10000000	=	AND	Subject	HasPerk	PowerUser03 "Power User" [PERK:0027A875]	00 00 00 00		1.000000	0	Subject.HasPerk(PowerUser03 "Power User" [PERK:0027A875], 00 00 00 00) = 1.000000 AND
002DB86A	AbPerkPhotosynthetic	0	0	10000000	=	AND	Subject	HasPerk	Photosynthetic02 "Photosynthetic" [PERK:002DB86D]	00 00 00 00		0.000000	0	Subject.HasPerk(Photosynthetic02 "Photosynthetic" [PERK:002DB86D], 00 00 00 00) = 0.000000 AND
002DB86A	AbPerkPhotosynthetic	0	1	10000000	=	AND	Subject	IsTrueForConditionForm	Perk_Day_Condition [CNDF:0090ABDC]	00 00 00 00		1.000000	0	Subject.IsTrueForConditionForm(Perk_Day_Condition [CNDF:0090ABDC], 00 00 00 00) = 1.000000 AND
002DB86A	AbPerkPhotosynthetic	1	0	10000000	=	AND	Subject	HasPerk	Photosynthetic02 "Photosynthetic" [PERK:002DB86D]	00 00 00 00		1.000000	0	Subject.HasPerk(Photosynthetic02 "Photosynthetic" [PERK:002DB86D], 00 00 00 00) = 1.000000 AND
002DB86A	AbPerkPhotosynthetic	1	1	10000000	=	AND	Subject	IsTrueForConditionForm	Perk_Day_Condition [CNDF:0090ABDC]	00 00 00 00		1.000000	0	Subject.IsTrueForConditionForm(Perk_Day_Condition [CNDF:0090ABDC], 00 00 00 00) = 1.000000 AND
00006DC4	PerkOverlyGenerousRadDamage	0	0	10000000	=	AND	Target	HasPerk	OverlyGenerous02 "Overly Generous" [PERK:00006F8D]	00 00 00 00		1.000000	0	Target.HasPerk(OverlyGenerous02 "Overly Generous" [PERK:00006F8D], 00 00 00 00) = 1.000000 AND
00006DC4	PerkOverlyGenerousRadDamage	1	0	10000000	=	AND	Target	HasPerk	OverlyGenerous02 "Overly Generous" [PERK:00006F8D]	00 00 00 00		0.000000	0	Target.HasPerk(OverlyGenerous02 "Overly Generous" [PERK:00006F8D], 00 00 00 00) = 0.000000 AND
002F051B	AbRaceScorchbeast	2	0	10000000	=	AND	Subject	GetGlobalValue	TrueGlobal [GLOB:00036E00]	00 00 00 00		0.000000	0	Subject.GetGlobalValue(TrueGlobal [GLOB:00036E00], 00 00 00 00) = 0.000000 AND
002FADC9	stealthTurretStealthSpell	0	0	10000000	=	AND	Subject	IsInCombat	0	00 00 00 00		0.000000	0	Subject.IsInCombat(0, 00 00 00 00) = 0.000000 AND
002C1D7D	crScorchbeastCloakSpell	0	0	10000000	=	AND	Subject	HasKeyword	ActorTypeScorchbeastQueen [KYWD:00206A66]	00 00 00 00		0.000000	0	Subject.HasKeyword(ActorTypeScorchbeastQueen [KYWD:00206A66], 00 00 00 00) = 0.000000 AND
002C1D7D	crScorchbeastCloakSpell	1	0	10000000	=	AND	Subject	HasKeyword	ActorTypeScorchbeastQueen [KYWD:00206A66]	00 00 00 00		1.000000	0	Subject.HasKeyword(ActorTypeScorchbeastQueen [KYWD:00206A66], 00 00 00 00) = 1.000000 AND
0000A1FA	Magazine_AwesomeTales03Spell	0	0	10000000	=	AND	Subject	IsSwimming	00 00 00 00	00 00 00 00		1.000000	0	Subject.IsSwimming(00 00 00 00, 00 00 00 00) = 1.000000 AND
001EFC20	Magazine_GunsAndBullets06Spell	0	0	10110000	<=	OR	Subject	GetGlobalValue	GameHour [GLOB:00000038]	00 00 00 00		5.000000	0	Subject.GetGlobalValue(GameHour [GLOB:00000038], 00 00 00 00) <= 5.000000 OR
001EFC20	Magazine_GunsAndBullets06Spell	0	1	11010000	>=	OR	Subject	GetGlobalValue	GameHour [GLOB:00000038]	00 00 00 00		20.000000	0	Subject.GetGlobalValue(GameHour [GLOB:00000038], 00 00 00 00) >= 20.000000 OR
001EFDC9	Magazine_LiveAndLove01Spell	0	0	10000000	=	AND	Subject	IsMemberOfAPlayerTeam	00 00 00 00	00 00 00 00		1.000000	0	Subject.IsMemberOfAPlayerTeam(00 00 00 00, 00 00 00 00) = 1.000000 AND
001EFDD9	Magazine_LiveAndLove02Spell	0	0	10000000	=	AND	Subject	IsMemberOfAPlayerTeam	00 00 00 00	00 00 00 00		1.000000	0	Subject.IsMemberOfAPlayerTeam(00 00 00 00, 00 00 00 00) = 1.000000 AND
001EFE7D	Magazine_LiveAndLove04Spell	0	0	10000000	=	AND	Subject	IsMemberOfAPlayerTeam	00 00 00 00	00 00 00 00		1.000000	0	Subject.IsMemberOfAPlayerTeam(00 00 00 00, 00 00 00 00) = 1.000000 AND
001EFE7E	Magazine_LiveAndLove05Spell	0	0	10000000	=	AND	Subject	HasMagicEffectKeyword	AlcoholEffect [KYWD:0005240A]	00 00 00 00		1.000000	0	Subject.HasMagicEffectKeyword(AlcoholEffect [KYWD:0005240A], 00 00 00 00) = 1.000000 AND
001EFE80	Magazine_LiveAndLove06Spell	0	0	10000000	=	AND	Subject	IsMemberOfAPlayerTeam	00 00 00 00	00 00 00 00		1.000000	0	Subject.IsMemberOfAPlayerTeam(00 00 00 00, 00 00 00 00) = 1.000000 AND
001EFE83	Magazine_LiveAndLove07Spell	0	0	10000000	=	AND	Subject	IsMemberOfAPlayerTeam	00 00 00 00	00 00 00 00		1.000000	0	Subject.IsMemberOfAPlayerTeam(00 00 00 00, 00 00 00 00) = 1.000000 AND
001EFE9F	Magazine_LiveAndLove08Spell	0	0	10000000	=	AND	Subject	IsMemberOfAPlayerTeam	00 00 00 00	00 00 00 00		1.000000	0	Subject.IsMemberOfAPlayerTeam(00 00 00 00, 00 00 00 00) = 1.000000 AND
0013D073	SURV_PlayerInWater	0	0	10000000	=	AND	Subject	IsInWater	00 00 00 00	00 00 00 00		1.000000	0	Subject.IsInWater(00 00 00 00, 00 00 00 00) = 1.000000 AND
0013D073	SURV_PlayerInWater	1	0	10000000	=	AND	Subject	IsSwimming	00 00 00 00	00 00 00 00		1.000000	0	Subject.IsSwimming(00 00 00 00, 00 00 00 00) = 1.000000 AND
0013D073	SURV_PlayerInWater	2	0	10000000	=	AND	Subject	IsUnderWater	00 00 00 00	00 00 00 00		1.000000	0	Subject.IsUnderWater(00 00 00 00, 00 00 00 00) = 1.000000 AND
0013D073	SURV_PlayerInWater	3	0	10000000	=	AND	Subject	IsWaterContactSpell	WaterRadiationHazard "Water Radiation" [SPEL:00023F1B]	00 00 00 00		1.000000	0	Subject.IsWaterContactSpell(WaterRadiationHazard "Water Radiation" [SPEL:00023F1B], 00 00 00 00) = 1.000000 AND
0013D073	SURV_PlayerInWater	4	0	10000000	=	AND	Subject	IsWaterContactSpell	WaterRadiationHighHazard "High Water Radiation" [SPEL:001FE6A3]	00 00 00 00		1.000000	0	Subject.IsWaterContactSpell(WaterRadiationHighHazard "High Water Radiation" [SPEL:001FE6A3], 00 00 00 00) = 1.000000 AND
00302FEF	SURV_Disease_ToxicSmokeHazardSpell	0	0	10000000	=	AND	Subject	WornHasKeyword	SURV_DiseasePrevention_Inhalation [KYWD:0010A09B]	00 00 00 00		0.000000	0	Subject.WornHasKeyword(SURV_DiseasePrevention_Inhalation [KYWD:0010A09B], 00 00 00 00) = 0.000000 AND
00302FEF	SURV_Disease_ToxicSmokeHazardSpell	0	1	10000000	=	AND	Subject	IsSwimming	00 00 00 00	00 00 00 00		0.000000	0	Subject.IsSwimming(00 00 00 00, 00 00 00 00) = 0.000000 AND
0018EF92	SURV_Disease_SludgeLung	0	0	10000000	=	AND	Subject	GetIsPlayerGhoul	00 00 00 00	00 00 00 00		0.000000	0	Subject.GetIsPlayerGhoul(00 00 00 00, 00 00 00 00) = 0.000000 AND
0018EF92	SURV_Disease_SludgeLung	1	0	10000000	=	AND	Subject	GetIsPlayerGhoul	00 00 00 00	00 00 00 00		0.000000	0	Subject.GetIsPlayerGhoul(00 00 00 00, 00 00 00 00) = 0.000000 AND
0018EF92	SURV_Disease_SludgeLung	2	0	10000000	=	AND	Subject	GetIsPlayerGhoul	00 00 00 00	00 00 00 00		0.000000	0	Subject.GetIsPlayerGhoul(00 00 00 00, 00 00 00 00) = 0.000000 AND
0030C9DC	V94_ZapzPestControlElectricArcSpell	0	0	10000000	=	AND	Subject	GetIsPlayer	00 00 00 00	00 00 00 00		1.000000	0	Subject.GetIsPlayer(00 00 00 00, 00 00 00 00) = 1.000000 AND
0030C9DC	V94_ZapzPestControlElectricArcSpell	1	0	10000000	=	AND	Subject	GetIsPlayer	00 00 00 00	00 00 00 00		0.000000	0	Subject.GetIsPlayer(00 00 00 00, 00 00 00 00) = 0.000000 AND
0030CA95	V94_2_RadiationTriggerSpell	0	0	10000000	=	AND	Subject	GetValue	VaultSystem_PlayerInRespiteZoneValue [AVIF:0042C0C0]	00 00 00 00		0.000000	0	Subject.GetValue(VaultSystem_PlayerInRespiteZoneValue [AVIF:0042C0C0], 00 00 00 00) = 0.000000 AND
0030CA95	V94_2_RadiationTriggerSpell	0	1	10000000	=	AND	Subject	GetValue	V94_2_RadiationLevelValue [AVIF:003F7FDD]	00 00 00 00		0.000000	0	Subject.GetValue(V94_2_RadiationLevelValue [AVIF:003F7FDD], 00 00 00 00) = 0.000000 AND
0030CA95	V94_2_RadiationTriggerSpell	1	0	10000000	=	AND	Subject	GetValue	VaultSystem_PlayerInRespiteZoneValue [AVIF:0042C0C0]	00 00 00 00		0.000000	0	Subject.GetValue(VaultSystem_PlayerInRespiteZoneValue [AVIF:0042C0C0], 00 00 00 00) = 0.000000 AND
0030CA95	V94_2_RadiationTriggerSpell	1	1	11000000	>=	AND	Subject	GetValue	V94_2_RadiationLevelValue [AVIF:003F7FDD]	00 00 00 00		10.000000	0	Subject.GetValue(V94_2_RadiationLevelValue [AVIF:003F7FDD], 00 00 00 00) >= 10.000000 AND
0030CA95	V94_2_RadiationTriggerSpell	2	0	10000000	=	AND	Subject	GetValue	VaultSystem_PlayerInRespiteZoneValue [AVIF:0042C0C0]	00 00 00 00		0.000000	0	Subject.GetValue(VaultSystem_PlayerInRespiteZoneValue [AVIF:0042C0C0], 00 00 00 00) = 0.000000 AND
0030CA95	V94_2_RadiationTriggerSpell	2	1	10000000	=	AND	Subject	GetValue	V94_2_RadiationLevelValue [AVIF:003F7FDD]	00 00 00 00		9.500000	0	Subject.GetValue(V94_2_RadiationLevelValue [AVIF:003F7FDD], 00 00 00 00) = 9.500000 AND
0030CA95	V94_2_RadiationTriggerSpell	3	0	10000000	=	AND	Subject	GetValue	VaultSystem_PlayerInRespiteZoneValue [AVIF:0042C0C0]	00 00 00 00		0.000000	0	Subject.GetValue(VaultSystem_PlayerInRespiteZoneValue [AVIF:0042C0C0], 00 00 00 00) = 0.000000 AND
0030CA95	V94_2_RadiationTriggerSpell	3	1	10000000	=	AND	Subject	GetValue	V94_2_RadiationLevelValue [AVIF:003F7FDD]	00 00 00 00		0.500000	0	Subject.GetValue(V94_2_RadiationLevelValue [AVIF:003F7FDD], 00 00 00 00) = 0.500000 AND
0030CA95	V94_2_RadiationTriggerSpell	4	0	10000000	=	AND	Subject	GetValue	VaultSystem_PlayerInRespiteZoneValue [AVIF:0042C0C0]	00 00 00 00		0.000000	0	Subject.GetValue(VaultSystem_PlayerInRespiteZoneValue [AVIF:0042C0C0], 00 00 00 00) = 0.000000 AND
0030CA95	V94_2_RadiationTriggerSpell	4	1	10000000	=	AND	Subject	GetValue	V94_2_RadiationLevelValue [AVIF:003F7FDD]	00 00 00 00		1.000000	0	Subject.GetValue(V94_2_RadiationLevelValue [AVIF:003F7FDD], 00 00 00 00) = 1.000000 AND
0030CA95	V94_2_RadiationTriggerSpell	5	0	10000000	=	AND	Subject	GetValue	VaultSystem_PlayerInRespiteZoneValue [AVIF:0042C0C0]	00 00 00 00		0.000000	0	Subject.GetValue(VaultSystem_PlayerInRespiteZoneValue [AVIF:0042C0C0], 00 00 00 00) = 0.000000 AND
0030CA95	V94_2_RadiationTriggerSpell	5	1	10000000	=	AND	Subject	GetValue	V94_2_RadiationLevelValue [AVIF:003F7FDD]	00 00 00 00		1.500000	0	Subject.GetValue(V94_2_RadiationLevelValue [AVIF:003F7FDD], 00 00 00 00) = 1.500000 AND
0030CA95	V94_2_RadiationTriggerSpell	6	0	10000000	=	AND	Subject	GetValue	VaultSystem_PlayerInRespiteZoneValue [AVIF:0042C0C0]	00 00 00 00		0.000000	0	Subject.GetValue(VaultSystem_PlayerInRespiteZoneValue [AVIF:0042C0C0], 00 00 00 00) = 0.000000 AND
0030CA95	V94_2_RadiationTriggerSpell	6	1	10000000	=	AND	Subject	GetValue	V94_2_RadiationLevelValue [AVIF:003F7FDD]	00 00 00 00		2.000000	0	Subject.GetValue(V94_2_RadiationLevelValue [AVIF:003F7FDD], 00 00 00 00) = 2.000000 AND
0030CA95	V94_2_RadiationTriggerSpell	7	0	10000000	=	AND	Subject	GetValue	VaultSystem_PlayerInRespiteZoneValue [AVIF:0042C0C0]	00 00 00 00		0.000000	0	Subject.GetValue(VaultSystem_PlayerInRespiteZoneValue [AVIF:0042C0C0], 00 00 00 00) = 0.000000 AND
0030CA95	V94_2_RadiationTriggerSpell	7	1	10000000	=	AND	Subject	GetValue	V94_2_RadiationLevelValue [AVIF:003F7FDD]	00 00 00 00		2.500000	0	Subject.GetValue(V94_2_RadiationLevelValue [AVIF:003F7FDD], 00 00 00 00) = 2.500000 AND
0030CA95	V94_2_RadiationTriggerSpell	8	0	10000000	=	AND	Subject	GetValue	VaultSystem_PlayerInRespiteZoneValue [AVIF:0042C0C0]	00 00 00 00		0.000000	0	Subject.GetValue(VaultSystem_PlayerInRespiteZoneValue [AVIF:0042C0C0], 00 00 00 00) = 0.000000 AND
0030CA95	V94_2_RadiationTriggerSpell	8	1	10000000	=	AND	Subject	GetValue	V94_2_RadiationLevelValue [AVIF:003F7FDD]	00 00 00 00		3.000000	0	Subject.GetValue(V94_2_RadiationLevelValue [AVIF:003F7FDD], 00 00 00 00) = 3.000000 AND
0030CA95	V94_2_RadiationTriggerSpell	9	0	10000000	=	AND	Subject	GetValue	VaultSystem_PlayerInRespiteZoneValue [AVIF:0042C0C0]	00 00 00 00		0.000000	0	Subject.GetValue(VaultSystem_PlayerInRespiteZoneValue [AVIF:0042C0C0], 00 00 00 00) = 0.000000 AND
0030CA95	V94_2_RadiationTriggerSpell	9	1	10000000	=	AND	Subject	GetValue	V94_2_RadiationLevelValue [AVIF:003F7FDD]	00 00 00 00		3.500000	0	Subject.GetValue(V94_2_RadiationLevelValue [AVIF:003F7FDD], 00 00 00 00) = 3.500000 AND
0030CA95	V94_2_RadiationTriggerSpell	10	0	10000000	=	AND	Subject	GetValue	VaultSystem_PlayerInRespiteZoneValue [AVIF:0042C0C0]	00 00 00 00		0.000000	0	Subject.GetValue(VaultSystem_PlayerInRespiteZoneValue [AVIF:0042C0C0], 00 00 00 00) = 0.000000 AND
0030CA95	V94_2_RadiationTriggerSpell	10	1	10000000	=	AND	Subject	GetValue	V94_2_RadiationLevelValue [AVIF:003F7FDD]	00 00 00 00		4.000000	0	Subject.GetValue(V94_2_RadiationLevelValue [AVIF:003F7FDD], 00 00 00 00) = 4.000000 AND
0030CA95	V94_2_RadiationTriggerSpell	11	0	10000000	=	AND	Subject	GetValue	VaultSystem_PlayerInRespiteZoneValue [AVIF:0042C0C0]	00 00 00 00		0.000000	0	Subject.GetValue(VaultSystem_PlayerInRespiteZoneValue [AVIF:0042C0C0], 00 00 00 00) = 0.000000 AND
0030CA95	V94_2_RadiationTriggerSpell	11	1	10000000	=	AND	Subject	GetValue	V94_2_RadiationLevelValue [AVIF:003F7FDD]	00 00 00 00		4.500000	0	Subject.GetValue(V94_2_RadiationLevelValue [AVIF:003F7FDD], 00 00 00 00) = 4.500000 AND
0030CA95	V94_2_RadiationTriggerSpell	12	0	10000000	=	AND	Subject	GetValue	VaultSystem_PlayerInRespiteZoneValue [AVIF:0042C0C0]	00 00 00 00		0.000000	0	Subject.GetValue(VaultSystem_PlayerInRespiteZoneValue [AVIF:0042C0C0], 00 00 00 00) = 0.000000 AND
0030CA95	V94_2_RadiationTriggerSpell	12	1	10000000	=	AND	Subject	GetValue	V94_2_RadiationLevelValue [AVIF:003F7FDD]	00 00 00 00		5.000000	0	Subject.GetValue(V94_2_RadiationLevelValue [AVIF:003F7FDD], 00 00 00 00) = 5.000000 AND
0030CA95	V94_2_RadiationTriggerSpell	13	0	10000000	=	AND	Subject	GetValue	VaultSystem_PlayerInRespiteZoneValue [AVIF:0042C0C0]	00 00 00 00		0.000000	0	Subject.GetValue(VaultSystem_PlayerInRespiteZoneValue [AVIF:0042C0C0], 00 00 00 00) = 0.000000 AND
0030CA95	V94_2_RadiationTriggerSpell	13	1	10000000	=	AND	Subject	GetValue	V94_2_RadiationLevelValue [AVIF:003F7FDD]	00 00 00 00		5.500000	0	Subject.GetValue(V94_2_RadiationLevelValue [AVIF:003F7FDD], 00 00 00 00) = 5.500000 AND
0030CA95	V94_2_RadiationTriggerSpell	14	0	10000000	=	AND	Subject	GetValue	VaultSystem_PlayerInRespiteZoneValue [AVIF:0042C0C0]	00 00 00 00		0.000000	0	Subject.GetValue(VaultSystem_PlayerInRespiteZoneValue [AVIF:0042C0C0], 00 00 00 00) = 0.000000 AND
0030CA95	V94_2_RadiationTriggerSpell	14	1	10000000	=	AND	Subject	GetValue	V94_2_RadiationLevelValue [AVIF:003F7FDD]	00 00 00 00		6.000000	0	Subject.GetValue(V94_2_RadiationLevelValue [AVIF:003F7FDD], 00 00 00 00) = 6.000000 AND
0030CA95	V94_2_RadiationTriggerSpell	15	0	10000000	=	AND	Subject	GetValue	VaultSystem_PlayerInRespiteZoneValue [AVIF:0042C0C0]	00 00 00 00		0.000000	0	Subject.GetValue(VaultSystem_PlayerInRespiteZoneValue [AVIF:0042C0C0], 00 00 00 00) = 0.000000 AND
0030CA95	V94_2_RadiationTriggerSpell	15	1	10000000	=	AND	Subject	GetValue	V94_2_RadiationLevelValue [AVIF:003F7FDD]	00 00 00 00		6.500000	0	Subject.GetValue(V94_2_RadiationLevelValue [AVIF:003F7FDD], 00 00 00 00) = 6.500000 AND
0030CA95	V94_2_RadiationTriggerSpell	16	0	10000000	=	AND	Subject	GetValue	VaultSystem_PlayerInRespiteZoneValue [AVIF:0042C0C0]	00 00 00 00		0.000000	0	Subject.GetValue(VaultSystem_PlayerInRespiteZoneValue [AVIF:0042C0C0], 00 00 00 00) = 0.000000 AND
0030CA95	V94_2_RadiationTriggerSpell	16	1	10000000	=	AND	Subject	GetValue	V94_2_RadiationLevelValue [AVIF:003F7FDD]	00 00 00 00		7.000000	0	Subject.GetValue(V94_2_RadiationLevelValue [AVIF:003F7FDD], 00 00 00 00) = 7.000000 AND
0030CA95	V94_2_RadiationTriggerSpell	17	0	10000000	=	AND	Subject	GetValue	VaultSystem_PlayerInRespiteZoneValue [AVIF:0042C0C0]	00 00 00 00		0.000000	0	Subject.GetValue(VaultSystem_PlayerInRespiteZoneValue [AVIF:0042C0C0], 00 00 00 00) = 0.000000 AND
0030CA95	V94_2_RadiationTriggerSpell	17	1	10000000	=	AND	Subject	GetValue	V94_2_RadiationLevelValue [AVIF:003F7FDD]	00 00 00 00		7.500000	0	Subject.GetValue(V94_2_RadiationLevelValue [AVIF:003F7FDD], 00 00 00 00) = 7.500000 AND
0030CA95	V94_2_RadiationTriggerSpell	18	0	10000000	=	AND	Subject	GetValue	VaultSystem_PlayerInRespiteZoneValue [AVIF:0042C0C0]	00 00 00 00		0.000000	0	Subject.GetValue(VaultSystem_PlayerInRespiteZoneValue [AVIF:0042C0C0], 00 00 00 00) = 0.000000 AND
0030CA95	V94_2_RadiationTriggerSpell	18	1	10000000	=	AND	Subject	GetValue	V94_2_RadiationLevelValue [AVIF:003F7FDD]	00 00 00 00		8.000000	0	Subject.GetValue(V94_2_RadiationLevelValue [AVIF:003F7FDD], 00 00 00 00) = 8.000000 AND
0030CA95	V94_2_RadiationTriggerSpell	19	0	10000000	=	AND	Subject	GetValue	VaultSystem_PlayerInRespiteZoneValue [AVIF:0042C0C0]	00 00 00 00		0.000000	0	Subject.GetValue(VaultSystem_PlayerInRespiteZoneValue [AVIF:0042C0C0], 00 00 00 00) = 0.000000 AND
0030CA95	V94_2_RadiationTriggerSpell	19	1	10000000	=	AND	Subject	GetValue	V94_2_RadiationLevelValue [AVIF:003F7FDD]	00 00 00 00		8.500000	0	Subject.GetValue(V94_2_RadiationLevelValue [AVIF:003F7FDD], 00 00 00 00) = 8.500000 AND
0030CA95	V94_2_RadiationTriggerSpell	20	0	10000000	=	AND	Subject	GetValue	VaultSystem_PlayerInRespiteZoneValue [AVIF:0042C0C0]	00 00 00 00		0.000000	0	Subject.GetValue(VaultSystem_PlayerInRespiteZoneValue [AVIF:0042C0C0], 00 00 00 00) = 0.000000 AND
0030CA95	V94_2_RadiationTriggerSpell	20	1	10000000	=	AND	Subject	GetValue	V94_2_RadiationLevelValue [AVIF:003F7FDD]	00 00 00 00		9.000000	0	Subject.GetValue(V94_2_RadiationLevelValue [AVIF:003F7FDD], 00 00 00 00) = 9.000000 AND
0030F58A	Magazine_Backwoodsman04Spell	0	0	10000000	=	AND	Target	GetIsObjectType	Flora	00 00 00 00		1.000000	0	Target.GetIsObjectType(Flora, 00 00 00 00) = 1.000000 AND
00312B5C	Magazine_USCovertOps01Spell	1	0	10000000	=	AND	Subject	IsSneaking	00 00 00 00	00 00 00 00		1.000000	0	Subject.IsSneaking(00 00 00 00, 00 00 00 00) = 1.000000 AND
00185A3C	AbPerkIronStomach	0	0	10000000	=	AND	Subject	GetNumActiveEffectsWithKeyword	SURV_EffectTypeDisease [KYWD:0038DC41]	00 00 00 00		0.000000	0	Subject.GetNumActiveEffectsWithKeyword(SURV_EffectTypeDisease [KYWD:0038DC41], 00 00 00 00) = 0.000000 AND
00185A3C	AbPerkIronStomach	1	0	10000000	=	AND	Subject	GetNumActiveEffectsWithKeyword	SURV_EffectTypeDisease [KYWD:0038DC41]	00 00 00 00		0.000000	0	Subject.GetNumActiveEffectsWithKeyword(SURV_EffectTypeDisease [KYWD:0038DC41], 00 00 00 00) = 0.000000 AND
00187158	AbPerkNaturalResistance	0	0	10000000	=	AND	Subject	GetNumActiveEffectsWithKeyword	SURV_EffectTypeDisease [KYWD:0038DC41]	00 00 00 00		0.000000	0	Subject.GetNumActiveEffectsWithKeyword(SURV_EffectTypeDisease [KYWD:0038DC41], 00 00 00 00) = 0.000000 AND
00187158	AbPerkNaturalResistance	1	0	10000000	=	AND	Subject	GetNumActiveEffectsWithKeyword	SURV_EffectTypeDisease [KYWD:0038DC41]	00 00 00 00		0.000000	0	Subject.GetNumActiveEffectsWithKeyword(SURV_EffectTypeDisease [KYWD:0038DC41], 00 00 00 00) = 0.000000 AND
00187158	AbPerkNaturalResistance	2	0	10000000	=	AND	Subject	GetNumActiveEffectsWithKeyword	SURV_EffectTypeDisease [KYWD:0038DC41]	00 00 00 00		0.000000	0	Subject.GetNumActiveEffectsWithKeyword(SURV_EffectTypeDisease [KYWD:0038DC41], 00 00 00 00) = 0.000000 AND
002BA548	AbPerkThirstQuencher	0	0	10000000	=	AND	Subject	GetNumActiveEffectsWithKeyword	SURV_EffectTypeDisease [KYWD:0038DC41]	00 00 00 00		0.000000	0	Subject.GetNumActiveEffectsWithKeyword(SURV_EffectTypeDisease [KYWD:0038DC41], 00 00 00 00) = 0.000000 AND
0031BE4B	AbPerkRifleman	0	0	10000000	=	AND	Subject	HasPerk	Rifleman02 "Down Ranger" [PERK:0004A0B7]	00 00 00 00		0.000000	0	Subject.HasPerk(Rifleman02 "Down Ranger" [PERK:0004A0B7], 00 00 00 00) = 0.000000 AND
0031BE4B	AbPerkRifleman	1	0	10000000	=	AND	Subject	HasPerk	Rifleman02 "Down Ranger" [PERK:0004A0B7]	00 00 00 00		1.000000	0	Subject.HasPerk(Rifleman02 "Down Ranger" [PERK:0004A0B7], 00 00 00 00) = 1.000000 AND
0031BE4B	AbPerkRifleman	1	1	10000000	=	AND	Subject	HasPerk	Rifleman03 "Down Ranger" [PERK:0004A0B8]	00 00 00 00		0.000000	0	Subject.HasPerk(Rifleman03 "Down Ranger" [PERK:0004A0B8], 00 00 00 00) = 0.000000 AND
0031BE4B	AbPerkRifleman	2	0	10000000	=	AND	Subject	HasPerk	Rifleman03 "Down Ranger" [PERK:0004A0B8]	00 00 00 00		1.000000	0	Subject.HasPerk(Rifleman03 "Down Ranger" [PERK:0004A0B8], 00 00 00 00) = 1.000000 AND
0031BE4D	AbPerkRiflemanExpert	0	0	10000000	=	AND	Subject	HasPerk	zzz_RiflemanExpert02 "Expert Rifleman" [PERK:002EBD29]	00 00 00 00		0.000000	0	Subject.HasPerk(zzz_RiflemanExpert02 "Expert Rifleman" [PERK:002EBD29], 00 00 00 00) = 0.000000 AND
0031BE4D	AbPerkRiflemanExpert	1	0	10000000	=	AND	Subject	HasPerk	zzz_RiflemanExpert02 "Expert Rifleman" [PERK:002EBD29]	00 00 00 00		1.000000	0	Subject.HasPerk(zzz_RiflemanExpert02 "Expert Rifleman" [PERK:002EBD29], 00 00 00 00) = 1.000000 AND
0031BE4D	AbPerkRiflemanExpert	1	1	10000000	=	AND	Subject	HasPerk	zzz_RiflemanExpert03 "Expert Rifleman" [PERK:002EBD27]	00 00 00 00		0.000000	0	Subject.HasPerk(zzz_RiflemanExpert03 "Expert Rifleman" [PERK:002EBD27], 00 00 00 00) = 0.000000 AND
0031BE4D	AbPerkRiflemanExpert	2	0	10000000	=	AND	Subject	HasPerk	zzz_RiflemanExpert03 "Expert Rifleman" [PERK:002EBD27]	00 00 00 00		1.000000	0	Subject.HasPerk(zzz_RiflemanExpert03 "Expert Rifleman" [PERK:002EBD27], 00 00 00 00) = 1.000000 AND
0031BE4E	AbPerkRiflemanMaster	0	0	10000000	=	AND	Subject	GetInIronSights	TARGET - Target Reference [00000000]	00 00 00 00		1.000000	0	Subject.GetInIronSights(TARGET - Target Reference [00000000], 00 00 00 00) = 1.000000 AND
0031BE4E	AbPerkRiflemanMaster	0	1	10000000	=	AND	Subject	HasScopeWeaponEquipped	00 00 00 00	00 00 00 00		1.000000	0	Subject.HasScopeWeaponEquipped(00 00 00 00, 00 00 00 00) = 1.000000 AND
0031BE4F	AbPerkCommando	0	0	10000000	=	AND	Subject	HasPerk	Commando02 "Center Masochist" [PERK:0031AEF0]	00 00 00 00		0.000000	0	Subject.HasPerk(Commando02 "Center Masochist" [PERK:0031AEF0], 00 00 00 00) = 0.000000 AND
0031BE4F	AbPerkCommando	0	1	10000000	=	AND	Subject	WornHasKeyword	WeaponTypeRanged [KYWD:0033A7C8]	00 00 00 00		1.000000	0	Subject.WornHasKeyword(WeaponTypeRanged [KYWD:0033A7C8], 00 00 00 00) = 1.000000 AND
0031BE4F	AbPerkCommando	1	0	10000000	=	AND	Subject	HasPerk	Commando02 "Center Masochist" [PERK:0031AEF0]	00 00 00 00		1.000000	0	Subject.HasPerk(Commando02 "Center Masochist" [PERK:0031AEF0], 00 00 00 00) = 1.000000 AND
0031BE4F	AbPerkCommando	1	1	10000000	=	AND	Subject	HasPerk	Commando03 "Center Masochist" [PERK:0031AEF1]	00 00 00 00		0.000000	0	Subject.HasPerk(Commando03 "Center Masochist" [PERK:0031AEF1], 00 00 00 00) = 0.000000 AND
0031BE4F	AbPerkCommando	1	2	10000000	=	AND	Subject	WornHasKeyword	WeaponTypeRanged [KYWD:0033A7C8]	00 00 00 00		1.000000	0	Subject.WornHasKeyword(WeaponTypeRanged [KYWD:0033A7C8], 00 00 00 00) = 1.000000 AND
0031BE4F	AbPerkCommando	2	0	10000000	=	AND	Subject	HasPerk	Commando03 "Center Masochist" [PERK:0031AEF1]	00 00 00 00		1.000000	0	Subject.HasPerk(Commando03 "Center Masochist" [PERK:0031AEF1], 00 00 00 00) = 1.000000 AND
0031BE4F	AbPerkCommando	2	1	10000000	=	AND	Subject	WornHasKeyword	WeaponTypeRanged [KYWD:0033A7C8]	00 00 00 00		1.000000	0	Subject.WornHasKeyword(WeaponTypeRanged [KYWD:0033A7C8], 00 00 00 00) = 1.000000 AND
0031BE50	AbPerkCommandoExpert	0	0	10000000	=	AND	Subject	HasPerk	zzz_CommandoExpert02 "Expert Commando" [PERK:0031AEF3]	00 00 00 00		0.000000	0	Subject.HasPerk(zzz_CommandoExpert02 "Expert Commando" [PERK:0031AEF3], 00 00 00 00) = 0.000000 AND
0031BE50	AbPerkCommandoExpert	1	0	10000000	=	AND	Subject	HasPerk	zzz_CommandoExpert02 "Expert Commando" [PERK:0031AEF3]	00 00 00 00		1.000000	0	Subject.HasPerk(zzz_CommandoExpert02 "Expert Commando" [PERK:0031AEF3], 00 00 00 00) = 1.000000 AND
0031BE50	AbPerkCommandoExpert	1	1	10000000	=	AND	Subject	HasPerk	zzz_CommandoExpert03 "Expert Commando" [PERK:0031AEF4]	00 00 00 00		0.000000	0	Subject.HasPerk(zzz_CommandoExpert03 "Expert Commando" [PERK:0031AEF4], 00 00 00 00) = 0.000000 AND
0031BE50	AbPerkCommandoExpert	2	0	10000000	=	AND	Subject	HasPerk	zzz_CommandoExpert03 "Expert Commando" [PERK:0031AEF4]	00 00 00 00		1.000000	0	Subject.HasPerk(zzz_CommandoExpert03 "Expert Commando" [PERK:0031AEF4], 00 00 00 00) = 1.000000 AND
0031BE52	AbPerkGunslinger	0	0	10000000	=	AND	Subject	HasPerk	Gunslinger02 "Gunslinger" [PERK:0031AEFB]	00 00 00 00		0.000000	0	Subject.HasPerk(Gunslinger02 "Gunslinger" [PERK:0031AEFB], 00 00 00 00) = 0.000000 AND
0031BE52	AbPerkGunslinger	0	1	10000000	=	AND	Subject	WornHasKeyword	WeaponTypeRanged [KYWD:0033A7C8]	00 00 00 00		1.000000	0	Subject.WornHasKeyword(WeaponTypeRanged [KYWD:0033A7C8], 00 00 00 00) = 1.000000 AND
0031BE52	AbPerkGunslinger	1	0	10000000	=	AND	Subject	HasPerk	Gunslinger02 "Gunslinger" [PERK:0031AEFB]	00 00 00 00		1.000000	0	Subject.HasPerk(Gunslinger02 "Gunslinger" [PERK:0031AEFB], 00 00 00 00) = 1.000000 AND
0031BE52	AbPerkGunslinger	1	1	10000000	=	AND	Subject	HasPerk	Gunslinger03 "Gunslinger" [PERK:0031AEFC]	00 00 00 00		0.000000	0	Subject.HasPerk(Gunslinger03 "Gunslinger" [PERK:0031AEFC], 00 00 00 00) = 0.000000 AND
0031BE52	AbPerkGunslinger	1	2	10000000	=	AND	Subject	WornHasKeyword	WeaponTypeRanged [KYWD:0033A7C8]	00 00 00 00		1.000000	0	Subject.WornHasKeyword(WeaponTypeRanged [KYWD:0033A7C8], 00 00 00 00) = 1.000000 AND
0031BE52	AbPerkGunslinger	2	0	10000000	=	AND	Subject	HasPerk	Gunslinger03 "Gunslinger" [PERK:0031AEFC]	00 00 00 00		1.000000	0	Subject.HasPerk(Gunslinger03 "Gunslinger" [PERK:0031AEFC], 00 00 00 00) = 1.000000 AND
0031BE52	AbPerkGunslinger	2	1	10000000	=	AND	Subject	WornHasKeyword	WeaponTypeRanged [KYWD:0033A7C8]	00 00 00 00		1.000000	0	Subject.WornHasKeyword(WeaponTypeRanged [KYWD:0033A7C8], 00 00 00 00) = 1.000000 AND
0031BE53	AbPerkGunslingerExpert	0	0	10000000	=	AND	Subject	WornHasKeyword	WeaponTypeRanged [KYWD:0033A7C8]	00 00 00 00		1.000000	0	Subject.WornHasKeyword(WeaponTypeRanged [KYWD:0033A7C8], 00 00 00 00) = 1.000000 AND
0031BE54	AbPerkGunslingerMaster	0	0	10000000	=	AND	Subject	WornHasKeyword	WeaponTypeRanged [KYWD:0033A7C8]	00 00 00 00		1.000000	0	Subject.WornHasKeyword(WeaponTypeRanged [KYWD:0033A7C8], 00 00 00 00) = 1.000000 AND
0031BE55	AbPerkGuerrilla	0	0	10000000	=	AND	Subject	HasPerk	Guerrilla02 "Guerrilla" [PERK:0031AF02]	00 00 00 00		0.000000	0	Subject.HasPerk(Guerrilla02 "Guerrilla" [PERK:0031AF02], 00 00 00 00) = 0.000000 AND
0031BE55	AbPerkGuerrilla	0	1	10000000	=	AND	Subject	WornHasKeyword	WeaponTypeRanged [KYWD:0033A7C8]	00 00 00 00		1.000000	0	Subject.WornHasKeyword(WeaponTypeRanged [KYWD:0033A7C8], 00 00 00 00) = 1.000000 AND
0031BE55	AbPerkGuerrilla	1	0	10000000	=	AND	Subject	HasPerk	Guerrilla02 "Guerrilla" [PERK:0031AF02]	00 00 00 00		1.000000	0	Subject.HasPerk(Guerrilla02 "Guerrilla" [PERK:0031AF02], 00 00 00 00) = 1.000000 AND
0031BE55	AbPerkGuerrilla	1	1	10000000	=	AND	Subject	HasPerk	Guerrilla03 "Guerrilla" [PERK:0031AF03]	00 00 00 00		0.000000	0	Subject.HasPerk(Guerrilla03 "Guerrilla" [PERK:0031AF03], 00 00 00 00) = 0.000000 AND
0031BE55	AbPerkGuerrilla	1	2	10000000	=	AND	Subject	WornHasKeyword	WeaponTypeRanged [KYWD:0033A7C8]	00 00 00 00		1.000000	0	Subject.WornHasKeyword(WeaponTypeRanged [KYWD:0033A7C8], 00 00 00 00) = 1.000000 AND
0031BE55	AbPerkGuerrilla	2	0	10000000	=	AND	Subject	HasPerk	Guerrilla03 "Guerrilla" [PERK:0031AF03]	00 00 00 00		1.000000	0	Subject.HasPerk(Guerrilla03 "Guerrilla" [PERK:0031AF03], 00 00 00 00) = 1.000000 AND
0031BE55	AbPerkGuerrilla	2	1	10000000	=	AND	Subject	WornHasKeyword	WeaponTypeRanged [KYWD:0033A7C8]	00 00 00 00		1.000000	0	Subject.WornHasKeyword(WeaponTypeRanged [KYWD:0033A7C8], 00 00 00 00) = 1.000000 AND
0031BE57	AbPerkGuerrillaMaster	0	0	10000000	=	AND	Subject	WornHasKeyword	WeaponTypeRanged [KYWD:0033A7C8]	00 00 00 00		1.000000	0	Subject.WornHasKeyword(WeaponTypeRanged [KYWD:0033A7C8], 00 00 00 00) = 1.000000 AND
0031BE58	AbPerkHeavyGunner	1	0	10000000	=	AND	Subject	HasPerk	HeavyGunnerMaster01 "Bringing the Big Guns" [PERK:0004A0D6]	00 00 00 00		1.000000	0	Subject.HasPerk(HeavyGunnerMaster01 "Bringing the Big Guns" [PERK:0004A0D6], 00 00 00 00) = 1.000000 AND
0031BE58	AbPerkHeavyGunner	2	0	10000000	=	AND	Subject	WornHasKeyword	CustomItemName_FoundationsVengeance [KYWD:0064781E]	00 00 00 00		1.000000	0	Subject.WornHasKeyword(CustomItemName_FoundationsVengeance [KYWD:0064781E], 00 00 00 00) = 1.000000 AND
0031BE58	AbPerkHeavyGunner	2	1	10100000	<=	AND	Subject	GetHealthPercentage	00 00 00 00	00 00 00 00		0.250000	0	Subject.GetHealthPercentage(00 00 00 00, 00 00 00 00) <= 0.250000 AND
0031BE58	AbPerkHeavyGunner	3	0	10000000	=	AND	Subject	HasPerk	HeavyGunner02 "Bullet Storm" [PERK:0031AF15]	00 00 00 00		0.000000	0	Subject.HasPerk(HeavyGunner02 "Bullet Storm" [PERK:0031AF15], 00 00 00 00) = 0.000000 AND
0031BE58	AbPerkHeavyGunner	4	0	10000000	=	AND	Subject	HasPerk	HeavyGunner02 "Bullet Storm" [PERK:0031AF15]	00 00 00 00		1.000000	0	Subject.HasPerk(HeavyGunner02 "Bullet Storm" [PERK:0031AF15], 00 00 00 00) = 1.000000 AND
0031BE58	AbPerkHeavyGunner	4	1	10000000	=	AND	Subject	HasPerk	HeavyGunner03 "Bullet Storm" [PERK:0031AF16]	00 00 00 00		0.000000	0	Subject.HasPerk(HeavyGunner03 "Bullet Storm" [PERK:0031AF16], 00 00 00 00) = 0.000000 AND
0031BE58	AbPerkHeavyGunner	5	0	10000000	=	AND	Subject	HasPerk	HeavyGunner03 "Bullet Storm" [PERK:0031AF16]	00 00 00 00		1.000000	0	Subject.HasPerk(HeavyGunner03 "Bullet Storm" [PERK:0031AF16], 00 00 00 00) = 1.000000 AND
0031BE58	AbPerkHeavyGunner	6	0	10000000	=	AND	Subject	HasPerk	LockAndLoad01 "Lock and Load" [PERK:00320168]	00 00 00 00		1.000000	0	Subject.HasPerk(LockAndLoad01 "Lock and Load" [PERK:00320168], 00 00 00 00) = 1.000000 AND
0031BE58	AbPerkHeavyGunner	7	0	10000000	=	AND	Subject	WornHasKeyword	dn_TheActionHero [KYWD:00918E50]	00 00 00 00		1.000000	0	Subject.WornHasKeyword(dn_TheActionHero [KYWD:00918E50], 00 00 00 00) = 1.000000 AND
0031BE58	AbPerkHeavyGunner	8	0	10000000	=	AND	Subject	HasPerk	BearArms01 "Bear Arms" [PERK:0016AF72]	00 00 00 00		1.000000	0	Subject.HasPerk(BearArms01 "Bear Arms" [PERK:0016AF72], 00 00 00 00) = 1.000000 AND
0031BE58	AbPerkHeavyGunner	9	0	10000000	=	AND	Subject	WornHasKeyword	RD01_CustomItemName_Valkyrie [KYWD:00793434]	00 00 00 00		1.000000	0	Subject.WornHasKeyword(RD01_CustomItemName_Valkyrie [KYWD:00793434], 00 00 00 00) = 1.000000 AND
0031BE5A	AbPerkHeavyGunnerMaster	0	0	10000000	=	AND	Subject	HasPerk	zzz_HeavyGunnerMaster02 "Master Heavy Gunner" [PERK:0004A0D7]	00 00 00 00		0.000000	0	Subject.HasPerk(zzz_HeavyGunnerMaster02 "Master Heavy Gunner" [PERK:0004A0D7], 00 00 00 00) = 0.000000 AND
0031BE5A	AbPerkHeavyGunnerMaster	1	0	10000000	=	AND	Subject	HasPerk	zzz_HeavyGunnerMaster02 "Master Heavy Gunner" [PERK:0004A0D7]	00 00 00 00		1.000000	0	Subject.HasPerk(zzz_HeavyGunnerMaster02 "Master Heavy Gunner" [PERK:0004A0D7], 00 00 00 00) = 1.000000 AND
0031BE5A	AbPerkHeavyGunnerMaster	1	1	10000000	=	AND	Subject	HasPerk	zzz_HeavyGunnerMaster03 "Master Heavy Gunner" [PERK:0004A0D8]	00 00 00 00		0.000000	0	Subject.HasPerk(zzz_HeavyGunnerMaster03 "Master Heavy Gunner" [PERK:0004A0D8], 00 00 00 00) = 0.000000 AND
0031BE5A	AbPerkHeavyGunnerMaster	2	0	10000000	=	AND	Subject	HasPerk	zzz_HeavyGunnerMaster03 "Master Heavy Gunner" [PERK:0004A0D8]	00 00 00 00		1.000000	0	Subject.HasPerk(zzz_HeavyGunnerMaster03 "Master Heavy Gunner" [PERK:0004A0D8], 00 00 00 00) = 1.000000 AND
0031BE5B	AbPerkShotgunner	0	0	10000000	=	AND	Subject	HasPerk	Shotgunner02 "Easy Target" [PERK:00090694]	00 00 00 00		0.000000	0	Subject.HasPerk(Shotgunner02 "Easy Target" [PERK:00090694], 00 00 00 00) = 0.000000 AND
0031BE5B	AbPerkShotgunner	0	1	10000000	=	AND	Subject	WornHasKeyword	WeaponTypeRanged [KYWD:0033A7C8]	00 00 00 00		1.000000	0	Subject.WornHasKeyword(WeaponTypeRanged [KYWD:0033A7C8], 00 00 00 00) = 1.000000 AND
0031BE5B	AbPerkShotgunner	1	0	10000000	=	AND	Subject	HasPerk	Shotgunner02 "Easy Target" [PERK:00090694]	00 00 00 00		1.000000	0	Subject.HasPerk(Shotgunner02 "Easy Target" [PERK:00090694], 00 00 00 00) = 1.000000 AND
0031BE5B	AbPerkShotgunner	1	1	10000000	=	AND	Subject	HasPerk	Shotgunner03 "Easy Target" [PERK:00127855]	00 00 00 00		0.000000	0	Subject.HasPerk(Shotgunner03 "Easy Target" [PERK:00127855], 00 00 00 00) = 0.000000 AND
0031BE5B	AbPerkShotgunner	1	2	10000000	=	AND	Subject	WornHasKeyword	WeaponTypeRanged [KYWD:0033A7C8]	00 00 00 00		1.000000	0	Subject.WornHasKeyword(WeaponTypeRanged [KYWD:0033A7C8], 00 00 00 00) = 1.000000 AND
0031BE5B	AbPerkShotgunner	2	0	10000000	=	AND	Subject	HasPerk	Shotgunner03 "Easy Target" [PERK:00127855]	00 00 00 00		1.000000	0	Subject.HasPerk(Shotgunner03 "Easy Target" [PERK:00127855], 00 00 00 00) = 1.000000 AND
0031BE5B	AbPerkShotgunner	2	1	10000000	=	AND	Subject	WornHasKeyword	WeaponTypeRanged [KYWD:0033A7C8]	00 00 00 00		1.000000	0	Subject.WornHasKeyword(WeaponTypeRanged [KYWD:0033A7C8], 00 00 00 00) = 1.000000 AND
0031BE5C	AbPerkShotgunnerExpert	0	0	10000000	=	AND	Subject	HasPerk	zzz_ShotgunnerExpert02 "Expert Shotgunner" [PERK:001447AD]	00 00 00 00		0.000000	0	Subject.HasPerk(zzz_ShotgunnerExpert02 "Expert Shotgunner" [PERK:001447AD], 00 00 00 00) = 0.000000 AND
0031BE5C	AbPerkShotgunnerExpert	1	0	10000000	=	AND	Subject	HasPerk	zzz_ShotgunnerExpert02 "Expert Shotgunner" [PERK:001447AD]	00 00 00 00		1.000000	0	Subject.HasPerk(zzz_ShotgunnerExpert02 "Expert Shotgunner" [PERK:001447AD], 00 00 00 00) = 1.000000 AND
0031BE5C	AbPerkShotgunnerExpert	1	1	10000000	=	AND	Subject	HasPerk	zzz_ShotgunnerExpert03 "Expert Shotgunner" [PERK:00144812]	00 00 00 00		0.000000	0	Subject.HasPerk(zzz_ShotgunnerExpert03 "Expert Shotgunner" [PERK:00144812], 00 00 00 00) = 0.000000 AND
0031BE5C	AbPerkShotgunnerExpert	2	0	10000000	=	AND	Subject	HasPerk	zzz_ShotgunnerExpert03 "Expert Shotgunner" [PERK:00144812]	00 00 00 00		1.000000	0	Subject.HasPerk(zzz_ShotgunnerExpert03 "Expert Shotgunner" [PERK:00144812], 00 00 00 00) = 1.000000 AND
0031BE5D	AbPerkShotgunnerMaster	0	0	11000000	>=	AND	Subject	GetValue	Projectiles Fired [AVIF:00000398]	00 00 00 00		1.000000	0	Subject.GetValue(Projectiles Fired [AVIF:00000398], 00 00 00 00) >= 1.000000 AND
0031BE5D	AbPerkShotgunnerMaster	0	1	10000000	=	AND	Subject	WornHasKeyword	WeaponTypeRanged [KYWD:0033A7C8]	00 00 00 00		1.000000	0	Subject.WornHasKeyword(WeaponTypeRanged [KYWD:0033A7C8], 00 00 00 00) = 1.000000 AND
0031D4BA	AbPerkGroundPounder	0	0	10000000	=	AND	Subject	IsTrueForConditionForm	SmallGun_Actor_Condition [CNDF:0080B56B]	00 00 00 00		1.000000	0	Subject.IsTrueForConditionForm(SmallGun_Actor_Condition [CNDF:0080B56B], 00 00 00 00) = 1.000000 AND
0031D4BA	AbPerkGroundPounder	0	1	10000000	=	AND	Subject	HasPerk	GroundPounder02 "Ground Pounder" [PERK:00006FAB]	00 00 00 00		0.000000	0	Subject.HasPerk(GroundPounder02 "Ground Pounder" [PERK:00006FAB], 00 00 00 00) = 0.000000 AND
0031D4BA	AbPerkGroundPounder	1	0	10000000	=	AND	Subject	IsTrueForConditionForm	SmallGun_Actor_Condition [CNDF:0080B56B]	00 00 00 00		1.000000	0	Subject.IsTrueForConditionForm(SmallGun_Actor_Condition [CNDF:0080B56B], 00 00 00 00) = 1.000000 AND
0031D4BA	AbPerkGroundPounder	1	1	10000000	=	AND	Subject	HasPerk	GroundPounder02 "Ground Pounder" [PERK:00006FAB]	00 00 00 00		1.000000	0	Subject.HasPerk(GroundPounder02 "Ground Pounder" [PERK:00006FAB], 00 00 00 00) = 1.000000 AND
0031D4BA	AbPerkGroundPounder	1	2	10000000	=	AND	Subject	HasPerk	GroundPounder03 "Ground Pounder" [PERK:00006FAC]	00 00 00 00		0.000000	0	Subject.HasPerk(GroundPounder03 "Ground Pounder" [PERK:00006FAC], 00 00 00 00) = 0.000000 AND
0031D4BA	AbPerkGroundPounder	2	0	10000000	=	AND	Subject	IsTrueForConditionForm	SmallGun_Actor_Condition [CNDF:0080B56B]	00 00 00 00		1.000000	0	Subject.IsTrueForConditionForm(SmallGun_Actor_Condition [CNDF:0080B56B], 00 00 00 00) = 1.000000 AND
0031D4BA	AbPerkGroundPounder	2	1	10000000	=	AND	Subject	HasPerk	GroundPounder03 "Ground Pounder" [PERK:00006FAC]	00 00 00 00		1.000000	0	Subject.HasPerk(GroundPounder03 "Ground Pounder" [PERK:00006FAC], 00 00 00 00) = 1.000000 AND
0031E521	AbPerkGunRunner	0	0	10000000	=	AND	Subject	IsSprinting	00 00 00 00	00 00 00 00		0.000000	0	Subject.IsSprinting(00 00 00 00, 00 00 00 00) = 0.000000 AND
0031E521	AbPerkGunRunner	0	1	10000000	=	AND	Subject	WornHasKeyword	WeaponTypeRanged [KYWD:0033A7C8]	00 00 00 00		1.000000	0	Subject.WornHasKeyword(WeaponTypeRanged [KYWD:0033A7C8], 00 00 00 00) = 1.000000 AND
0031E521	AbPerkGunRunner	0	2	10000000	=	AND	Subject	HasPerk	GunRunner02 "Gun Runner" [PERK:0025A7AA]	00 00 00 00		0.000000	0	Subject.HasPerk(GunRunner02 "Gun Runner" [PERK:0025A7AA], 00 00 00 00) = 0.000000 AND
0031E521	AbPerkGunRunner	1	0	10000000	=	AND	Subject	IsSprinting	00 00 00 00	00 00 00 00		0.000000	0	Subject.IsSprinting(00 00 00 00, 00 00 00 00) = 0.000000 AND
0031E521	AbPerkGunRunner	1	1	10000000	=	AND	Subject	WornHasKeyword	WeaponTypeRanged [KYWD:0033A7C8]	00 00 00 00		1.000000	0	Subject.WornHasKeyword(WeaponTypeRanged [KYWD:0033A7C8], 00 00 00 00) = 1.000000 AND
0031E521	AbPerkGunRunner	1	2	10000000	=	AND	Subject	HasPerk	GunRunner02 "Gun Runner" [PERK:0025A7AA]	00 00 00 00		1.000000	0	Subject.HasPerk(GunRunner02 "Gun Runner" [PERK:0025A7AA], 00 00 00 00) = 1.000000 AND
00320161	PerkBulletShield	0	0	10000000	=	AND	Subject	HasPerk	BulletShield02 "Bullet Shield" [PERK:0032015E]	00 00 00 00		0.000000	0	Subject.HasPerk(BulletShield02 "Bullet Shield" [PERK:0032015E], 00 00 00 00) = 0.000000 AND
00320161	PerkBulletShield	1	0	10000000	=	AND	Subject	HasPerk	BulletShield02 "Bullet Shield" [PERK:0032015E]	00 00 00 00		1.000000	0	Subject.HasPerk(BulletShield02 "Bullet Shield" [PERK:0032015E], 00 00 00 00) = 1.000000 AND
00320161	PerkBulletShield	1	1	10000000	=	AND	Subject	HasPerk	BulletShield03 "Bullet Shield" [PERK:0032015F]	00 00 00 00		0.000000	0	Subject.HasPerk(BulletShield03 "Bullet Shield" [PERK:0032015F], 00 00 00 00) = 0.000000 AND
00320161	PerkBulletShield	2	0	10000000	=	AND	Subject	HasPerk	BulletShield03 "Bullet Shield" [PERK:0032015F]	00 00 00 00		1.000000	0	Subject.HasPerk(BulletShield03 "Bullet Shield" [PERK:0032015F], 00 00 00 00) = 1.000000 AND
00320169	AbPerkLockAndLoad	0	0	10000000	=	AND	Subject	WornHasKeyword	WeaponTypeHeavyGun "Big Gun" [KYWD:0004A0A3]	00 00 00 00		1.000000	0	Subject.WornHasKeyword(WeaponTypeHeavyGun "Big Gun" [KYWD:0004A0A3], 00 00 00 00) = 1.000000 AND
00320169	AbPerkLockAndLoad	0	1	10000000	=	AND	Subject	HasPerk	LockAndLoad02 "Lock and Load" [PERK:0032016A]	00 00 00 00		0.000000	0	Subject.HasPerk(LockAndLoad02 "Lock and Load" [PERK:0032016A], 00 00 00 00) = 0.000000 AND
00320169	AbPerkLockAndLoad	1	0	10000000	=	AND	Subject	WornHasKeyword	WeaponTypeHeavyGun "Big Gun" [KYWD:0004A0A3]	00 00 00 00		1.000000	0	Subject.WornHasKeyword(WeaponTypeHeavyGun "Big Gun" [KYWD:0004A0A3], 00 00 00 00) = 1.000000 AND
00320169	AbPerkLockAndLoad	1	1	10000000	=	AND	Subject	HasPerk	LockAndLoad02 "Lock and Load" [PERK:0032016A]	00 00 00 00		1.000000	0	Subject.HasPerk(LockAndLoad02 "Lock and Load" [PERK:0032016A], 00 00 00 00) = 1.000000 AND
00320169	AbPerkLockAndLoad	1	2	10000000	=	AND	Subject	HasPerk	LockAndLoad03 "Lock and Load" [PERK:0032016C]	00 00 00 00		0.000000	0	Subject.HasPerk(LockAndLoad03 "Lock and Load" [PERK:0032016C], 00 00 00 00) = 0.000000 AND
00320169	AbPerkLockAndLoad	2	0	10000000	=	AND	Subject	WornHasKeyword	WeaponTypeHeavyGun "Big Gun" [KYWD:0004A0A3]	00 00 00 00		1.000000	0	Subject.WornHasKeyword(WeaponTypeHeavyGun "Big Gun" [KYWD:0004A0A3], 00 00 00 00) = 1.000000 AND
00320169	AbPerkLockAndLoad	2	1	10000000	=	AND	Subject	HasPerk	LockAndLoad03 "Lock and Load" [PERK:0032016C]	00 00 00 00		1.000000	0	Subject.HasPerk(LockAndLoad03 "Lock and Load" [PERK:0032016C], 00 00 00 00) = 1.000000 AND
0032235A	AbPerkScattershot	0	0	10000000	=	AND	Subject	WornHasKeyword	WeaponTypeShotgun "Shotgun" [KYWD:00226454]	00 00 00 00		1.000000	0	Subject.WornHasKeyword(WeaponTypeShotgun "Shotgun" [KYWD:00226454], 00 00 00 00) = 1.000000 AND
0032235A	AbPerkScattershot	0	1	10000000	=	AND	Subject	HasPerk	zzz_Scattershot02 "Scattershot" [PERK:0032235B]	00 00 00 00		0.000000	0	Subject.HasPerk(zzz_Scattershot02 "Scattershot" [PERK:0032235B], 00 00 00 00) = 0.000000 AND
0032235A	AbPerkScattershot	1	0	10000000	=	AND	Subject	WornHasKeyword	WeaponTypeShotgun "Shotgun" [KYWD:00226454]	00 00 00 00		1.000000	0	Subject.WornHasKeyword(WeaponTypeShotgun "Shotgun" [KYWD:00226454], 00 00 00 00) = 1.000000 AND
0032235A	AbPerkScattershot	1	1	10000000	=	AND	Subject	HasPerk	zzz_Scattershot03 "Scattershot" [PERK:0032235C]	00 00 00 00		1.000000	0	Subject.HasPerk(zzz_Scattershot03 "Scattershot" [PERK:0032235C], 00 00 00 00) = 1.000000 AND
0032235A	AbPerkScattershot	2	0	10000000	=	AND	Subject	WornHasKeyword	WeaponTypeShotgun "Shotgun" [KYWD:00226454]	00 00 00 00		1.000000	0	Subject.WornHasKeyword(WeaponTypeShotgun "Shotgun" [KYWD:00226454], 00 00 00 00) = 1.000000 AND
0032235A	AbPerkScattershot	2	1	10000000	=	AND	Subject	HasPerk	zzz_Scattershot02 "Scattershot" [PERK:0032235B]	00 00 00 00		1.000000	0	Subject.HasPerk(zzz_Scattershot02 "Scattershot" [PERK:0032235B], 00 00 00 00) = 1.000000 AND
0032235A	AbPerkScattershot	2	2	10000000	=	AND	Subject	HasPerk	zzz_Scattershot03 "Scattershot" [PERK:0032235C]	00 00 00 00		0.000000	0	Subject.HasPerk(zzz_Scattershot03 "Scattershot" [PERK:0032235C], 00 00 00 00) = 0.000000 AND
00323F84	AbPerkEvasive1	0	0	10000000	=	AND	Subject	IsOverEncumbered	00 00 00 00	00 00 00 00		0.000000	0	Subject.IsOverEncumbered(00 00 00 00, 00 00 00 00) = 0.000000 AND
00323F84	AbPerkEvasive1	0	1	10000000	=	AND	Subject	WornHasKeyword	ArmorTypePower [KYWD:0004D8A1]	00 00 00 00		0.000000	0	Subject.WornHasKeyword(ArmorTypePower [KYWD:0004D8A1], 00 00 00 00) = 0.000000 AND
00323F87	CUT_AbPerkEvasive2	0	0	10000000	=	AND	Subject	WornHasKeyword	ArmorTypePower [KYWD:0004D8A1]	00 00 00 00		0.000000	0	Subject.WornHasKeyword(ArmorTypePower [KYWD:0004D8A1], 00 00 00 00) = 0.000000 AND
00323F87	CUT_AbPerkEvasive2	0	1	10000000	=	AND	Subject	GetValue	Agility "Agility" [AVIF:000002C7]	00 00 00 00		1.000000	0	Subject.GetValue(Agility "Agility" [AVIF:000002C7], 00 00 00 00) = 1.000000 AND
00323F87	CUT_AbPerkEvasive2	1	0	10000000	=	AND	Subject	WornHasKeyword	ArmorTypePower [KYWD:0004D8A1]	00 00 00 00		0.000000	0	Subject.WornHasKeyword(ArmorTypePower [KYWD:0004D8A1], 00 00 00 00) = 0.000000 AND
00323F87	CUT_AbPerkEvasive2	1	1	10000000	=	AND	Subject	GetValue	Agility "Agility" [AVIF:000002C7]	00 00 00 00		1.000000	0	Subject.GetValue(Agility "Agility" [AVIF:000002C7], 00 00 00 00) = 1.000000 AND
00323F87	CUT_AbPerkEvasive2	2	0	10000000	=	AND	Subject	WornHasKeyword	ArmorTypePower [KYWD:0004D8A1]	00 00 00 00		0.000000	0	Subject.WornHasKeyword(ArmorTypePower [KYWD:0004D8A1], 00 00 00 00) = 0.000000 AND
00323F87	CUT_AbPerkEvasive2	2	1	10000000	=	AND	Subject	GetValue	Agility "Agility" [AVIF:000002C7]	00 00 00 00		2.000000	0	Subject.GetValue(Agility "Agility" [AVIF:000002C7], 00 00 00 00) = 2.000000 AND
00323F87	CUT_AbPerkEvasive2	3	0	10000000	=	AND	Subject	WornHasKeyword	ArmorTypePower [KYWD:0004D8A1]	00 00 00 00		0.000000	0	Subject.WornHasKeyword(ArmorTypePower [KYWD:0004D8A1], 00 00 00 00) = 0.000000 AND
00323F87	CUT_AbPerkEvasive2	3	1	10000000	=	AND	Subject	GetValue	Agility "Agility" [AVIF:000002C7]	00 00 00 00		2.000000	0	Subject.GetValue(Agility "Agility" [AVIF:000002C7], 00 00 00 00) = 2.000000 AND
00323F87	CUT_AbPerkEvasive2	4	0	10000000	=	AND	Subject	WornHasKeyword	ArmorTypePower [KYWD:0004D8A1]	00 00 00 00		0.000000	0	Subject.WornHasKeyword(ArmorTypePower [KYWD:0004D8A1], 00 00 00 00) = 0.000000 AND
00323F87	CUT_AbPerkEvasive2	4	1	10000000	=	AND	Subject	GetValue	Agility "Agility" [AVIF:000002C7]	00 00 00 00		3.000000	0	Subject.GetValue(Agility "Agility" [AVIF:000002C7], 00 00 00 00) = 3.000000 AND
00323F87	CUT_AbPerkEvasive2	5	0	10000000	=	AND	Subject	WornHasKeyword	ArmorTypePower [KYWD:0004D8A1]	00 00 00 00		0.000000	0	Subject.WornHasKeyword(ArmorTypePower [KYWD:0004D8A1], 00 00 00 00) = 0.000000 AND
00323F87	CUT_AbPerkEvasive2	5	1	10000000	=	AND	Subject	GetValue	Agility "Agility" [AVIF:000002C7]	00 00 00 00		3.000000	0	Subject.GetValue(Agility "Agility" [AVIF:000002C7], 00 00 00 00) = 3.000000 AND
00323F87	CUT_AbPerkEvasive2	6	0	10000000	=	AND	Subject	WornHasKeyword	ArmorTypePower [KYWD:0004D8A1]	00 00 00 00		0.000000	0	Subject.WornHasKeyword(ArmorTypePower [KYWD:0004D8A1], 00 00 00 00) = 0.000000 AND
00323F87	CUT_AbPerkEvasive2	6	1	10000000	=	AND	Subject	GetValue	Agility "Agility" [AVIF:000002C7]	00 00 00 00		4.000000	0	Subject.GetValue(Agility "Agility" [AVIF:000002C7], 00 00 00 00) = 4.000000 AND
00323F87	CUT_AbPerkEvasive2	7	0	10000000	=	AND	Subject	WornHasKeyword	ArmorTypePower [KYWD:0004D8A1]	00 00 00 00		0.000000	0	Subject.WornHasKeyword(ArmorTypePower [KYWD:0004D8A1], 00 00 00 00) = 0.000000 AND
00323F87	CUT_AbPerkEvasive2	7	1	10000000	=	AND	Subject	GetValue	Agility "Agility" [AVIF:000002C7]	00 00 00 00		4.000000	0	Subject.GetValue(Agility "Agility" [AVIF:000002C7], 00 00 00 00) = 4.000000 AND
00323F87	CUT_AbPerkEvasive2	8	0	10000000	=	AND	Subject	WornHasKeyword	ArmorTypePower [KYWD:0004D8A1]	00 00 00 00		0.000000	0	Subject.WornHasKeyword(ArmorTypePower [KYWD:0004D8A1], 00 00 00 00) = 0.000000 AND
00323F87	CUT_AbPerkEvasive2	8	1	10000000	=	AND	Subject	GetValue	Agility "Agility" [AVIF:000002C7]	00 00 00 00		5.000000	0	Subject.GetValue(Agility "Agility" [AVIF:000002C7], 00 00 00 00) = 5.000000 AND
00323F87	CUT_AbPerkEvasive2	9	0	10000000	=	AND	Subject	WornHasKeyword	ArmorTypePower [KYWD:0004D8A1]	00 00 00 00		0.000000	0	Subject.WornHasKeyword(ArmorTypePower [KYWD:0004D8A1], 00 00 00 00) = 0.000000 AND
00323F87	CUT_AbPerkEvasive2	9	1	10000000	=	AND	Subject	GetValue	Agility "Agility" [AVIF:000002C7]	00 00 00 00		5.000000	0	Subject.GetValue(Agility "Agility" [AVIF:000002C7], 00 00 00 00) = 5.000000 AND
00323F87	CUT_AbPerkEvasive2	10	0	10000000	=	AND	Subject	WornHasKeyword	ArmorTypePower [KYWD:0004D8A1]	00 00 00 00		0.000000	0	Subject.WornHasKeyword(ArmorTypePower [KYWD:0004D8A1], 00 00 00 00) = 0.000000 AND
00323F87	CUT_AbPerkEvasive2	10	1	10000000	=	AND	Subject	GetValue	Agility "Agility" [AVIF:000002C7]	00 00 00 00		6.000000	0	Subject.GetValue(Agility "Agility" [AVIF:000002C7], 00 00 00 00) = 6.000000 AND
00323F87	CUT_AbPerkEvasive2	11	0	10000000	=	AND	Subject	WornHasKeyword	ArmorTypePower [KYWD:0004D8A1]	00 00 00 00		0.000000	0	Subject.WornHasKeyword(ArmorTypePower [KYWD:0004D8A1], 00 00 00 00) = 0.000000 AND
00323F87	CUT_AbPerkEvasive2	11	1	10000000	=	AND	Subject	GetValue	Agility "Agility" [AVIF:000002C7]	00 00 00 00		6.000000	0	Subject.GetValue(Agility "Agility" [AVIF:000002C7], 00 00 00 00) = 6.000000 AND
00323F87	CUT_AbPerkEvasive2	12	0	10000000	=	AND	Subject	WornHasKeyword	ArmorTypePower [KYWD:0004D8A1]	00 00 00 00		0.000000	0	Subject.WornHasKeyword(ArmorTypePower [KYWD:0004D8A1], 00 00 00 00) = 0.000000 AND
00323F87	CUT_AbPerkEvasive2	12	1	10000000	=	AND	Subject	GetValue	Agility "Agility" [AVIF:000002C7]	00 00 00 00		7.000000	0	Subject.GetValue(Agility "Agility" [AVIF:000002C7], 00 00 00 00) = 7.000000 AND
00323F87	CUT_AbPerkEvasive2	13	0	10000000	=	AND	Subject	WornHasKeyword	ArmorTypePower [KYWD:0004D8A1]	00 00 00 00		0.000000	0	Subject.WornHasKeyword(ArmorTypePower [KYWD:0004D8A1], 00 00 00 00) = 0.000000 AND
00323F87	CUT_AbPerkEvasive2	13	1	10000000	=	AND	Subject	GetValue	Agility "Agility" [AVIF:000002C7]	00 00 00 00		7.000000	0	Subject.GetValue(Agility "Agility" [AVIF:000002C7], 00 00 00 00) = 7.000000 AND
00323F87	CUT_AbPerkEvasive2	14	0	10000000	=	AND	Subject	WornHasKeyword	ArmorTypePower [KYWD:0004D8A1]	00 00 00 00		0.000000	0	Subject.WornHasKeyword(ArmorTypePower [KYWD:0004D8A1], 00 00 00 00) = 0.000000 AND
00323F87	CUT_AbPerkEvasive2	14	1	10000000	=	AND	Subject	GetValue	Agility "Agility" [AVIF:000002C7]	00 00 00 00		8.000000	0	Subject.GetValue(Agility "Agility" [AVIF:000002C7], 00 00 00 00) = 8.000000 AND
00323F87	CUT_AbPerkEvasive2	15	0	10000000	=	AND	Subject	WornHasKeyword	ArmorTypePower [KYWD:0004D8A1]	00 00 00 00		0.000000	0	Subject.WornHasKeyword(ArmorTypePower [KYWD:0004D8A1], 00 00 00 00) = 0.000000 AND
00323F87	CUT_AbPerkEvasive2	15	1	10000000	=	AND	Subject	GetValue	Agility "Agility" [AVIF:000002C7]	00 00 00 00		8.000000	0	Subject.GetValue(Agility "Agility" [AVIF:000002C7], 00 00 00 00) = 8.000000 AND
00323F87	CUT_AbPerkEvasive2	16	0	10000000	=	AND	Subject	WornHasKeyword	ArmorTypePower [KYWD:0004D8A1]	00 00 00 00		0.000000	0	Subject.WornHasKeyword(ArmorTypePower [KYWD:0004D8A1], 00 00 00 00) = 0.000000 AND
00323F87	CUT_AbPerkEvasive2	16	1	10000000	=	AND	Subject	GetValue	Agility "Agility" [AVIF:000002C7]	00 00 00 00		9.000000	0	Subject.GetValue(Agility "Agility" [AVIF:000002C7], 00 00 00 00) = 9.000000 AND
00323F87	CUT_AbPerkEvasive2	17	0	10000000	=	AND	Subject	WornHasKeyword	ArmorTypePower [KYWD:0004D8A1]	00 00 00 00		0.000000	0	Subject.WornHasKeyword(ArmorTypePower [KYWD:0004D8A1], 00 00 00 00) = 0.000000 AND
00323F87	CUT_AbPerkEvasive2	17	1	10000000	=	AND	Subject	GetValue	Agility "Agility" [AVIF:000002C7]	00 00 00 00		9.000000	0	Subject.GetValue(Agility "Agility" [AVIF:000002C7], 00 00 00 00) = 9.000000 AND
00323F87	CUT_AbPerkEvasive2	18	0	10000000	=	AND	Subject	WornHasKeyword	ArmorTypePower [KYWD:0004D8A1]	00 00 00 00		0.000000	0	Subject.WornHasKeyword(ArmorTypePower [KYWD:0004D8A1], 00 00 00 00) = 0.000000 AND
00323F87	CUT_AbPerkEvasive2	18	1	10000000	=	AND	Subject	GetValue	Agility "Agility" [AVIF:000002C7]	00 00 00 00		10.000000	0	Subject.GetValue(Agility "Agility" [AVIF:000002C7], 00 00 00 00) = 10.000000 AND
00323F87	CUT_AbPerkEvasive2	19	0	10000000	=	AND	Subject	WornHasKeyword	ArmorTypePower [KYWD:0004D8A1]	00 00 00 00		0.000000	0	Subject.WornHasKeyword(ArmorTypePower [KYWD:0004D8A1], 00 00 00 00) = 0.000000 AND
00323F87	CUT_AbPerkEvasive2	19	1	10000000	=	AND	Subject	GetValue	Agility "Agility" [AVIF:000002C7]	00 00 00 00		10.000000	0	Subject.GetValue(Agility "Agility" [AVIF:000002C7], 00 00 00 00) = 10.000000 AND
00323F87	CUT_AbPerkEvasive2	20	0	10000000	=	AND	Subject	WornHasKeyword	ArmorTypePower [KYWD:0004D8A1]	00 00 00 00		0.000000	0	Subject.WornHasKeyword(ArmorTypePower [KYWD:0004D8A1], 00 00 00 00) = 0.000000 AND
00323F87	CUT_AbPerkEvasive2	20	1	10000000	=	AND	Subject	GetValue	Agility "Agility" [AVIF:000002C7]	00 00 00 00		11.000000	0	Subject.GetValue(Agility "Agility" [AVIF:000002C7], 00 00 00 00) = 11.000000 AND
00323F87	CUT_AbPerkEvasive2	21	0	10000000	=	AND	Subject	WornHasKeyword	ArmorTypePower [KYWD:0004D8A1]	00 00 00 00		0.000000	0	Subject.WornHasKeyword(ArmorTypePower [KYWD:0004D8A1], 00 00 00 00) = 0.000000 AND
00323F87	CUT_AbPerkEvasive2	21	1	10000000	=	AND	Subject	GetValue	Agility "Agility" [AVIF:000002C7]	00 00 00 00		11.000000	0	Subject.GetValue(Agility "Agility" [AVIF:000002C7], 00 00 00 00) = 11.000000 AND
00323F87	CUT_AbPerkEvasive2	22	0	10000000	=	AND	Subject	WornHasKeyword	ArmorTypePower [KYWD:0004D8A1]	00 00 00 00		0.000000	0	Subject.WornHasKeyword(ArmorTypePower [KYWD:0004D8A1], 00 00 00 00) = 0.000000 AND
00323F87	CUT_AbPerkEvasive2	22	1	10000000	=	AND	Subject	GetValue	Agility "Agility" [AVIF:000002C7]	00 00 00 00		12.000000	0	Subject.GetValue(Agility "Agility" [AVIF:000002C7], 00 00 00 00) = 12.000000 AND
00323F87	CUT_AbPerkEvasive2	23	0	10000000	=	AND	Subject	WornHasKeyword	ArmorTypePower [KYWD:0004D8A1]	00 00 00 00		0.000000	0	Subject.WornHasKeyword(ArmorTypePower [KYWD:0004D8A1], 00 00 00 00) = 0.000000 AND
00323F87	CUT_AbPerkEvasive2	23	1	10000000	=	AND	Subject	GetValue	Agility "Agility" [AVIF:000002C7]	00 00 00 00		12.000000	0	Subject.GetValue(Agility "Agility" [AVIF:000002C7], 00 00 00 00) = 12.000000 AND
00323F87	CUT_AbPerkEvasive2	24	0	10000000	=	AND	Subject	WornHasKeyword	ArmorTypePower [KYWD:0004D8A1]	00 00 00 00		0.000000	0	Subject.WornHasKeyword(ArmorTypePower [KYWD:0004D8A1], 00 00 00 00) = 0.000000 AND
00323F87	CUT_AbPerkEvasive2	24	1	10000000	=	AND	Subject	GetValue	Agility "Agility" [AVIF:000002C7]	00 00 00 00		13.000000	0	Subject.GetValue(Agility "Agility" [AVIF:000002C7], 00 00 00 00) = 13.000000 AND
00323F87	CUT_AbPerkEvasive2	25	0	10000000	=	AND	Subject	WornHasKeyword	ArmorTypePower [KYWD:0004D8A1]	00 00 00 00		0.000000	0	Subject.WornHasKeyword(ArmorTypePower [KYWD:0004D8A1], 00 00 00 00) = 0.000000 AND
00323F87	CUT_AbPerkEvasive2	25	1	10000000	=	AND	Subject	GetValue	Agility "Agility" [AVIF:000002C7]	00 00 00 00		13.000000	0	Subject.GetValue(Agility "Agility" [AVIF:000002C7], 00 00 00 00) = 13.000000 AND
00323F87	CUT_AbPerkEvasive2	26	0	10000000	=	AND	Subject	WornHasKeyword	ArmorTypePower [KYWD:0004D8A1]	00 00 00 00		0.000000	0	Subject.WornHasKeyword(ArmorTypePower [KYWD:0004D8A1], 00 00 00 00) = 0.000000 AND
00323F87	CUT_AbPerkEvasive2	26	1	10000000	=	AND	Subject	GetValue	Agility "Agility" [AVIF:000002C7]	00 00 00 00		14.000000	0	Subject.GetValue(Agility "Agility" [AVIF:000002C7], 00 00 00 00) = 14.000000 AND
00323F87	CUT_AbPerkEvasive2	27	0	10000000	=	AND	Subject	WornHasKeyword	ArmorTypePower [KYWD:0004D8A1]	00 00 00 00		0.000000	0	Subject.WornHasKeyword(ArmorTypePower [KYWD:0004D8A1], 00 00 00 00) = 0.000000 AND
00323F87	CUT_AbPerkEvasive2	27	1	10000000	=	AND	Subject	GetValue	Agility "Agility" [AVIF:000002C7]	00 00 00 00		14.000000	0	Subject.GetValue(Agility "Agility" [AVIF:000002C7], 00 00 00 00) = 14.000000 AND
00323F87	CUT_AbPerkEvasive2	28	0	10000000	=	AND	Subject	WornHasKeyword	ArmorTypePower [KYWD:0004D8A1]	00 00 00 00		0.000000	0	Subject.WornHasKeyword(ArmorTypePower [KYWD:0004D8A1], 00 00 00 00) = 0.000000 AND
00323F87	CUT_AbPerkEvasive2	28	1	11000000	>=	AND	Subject	GetValue	Agility "Agility" [AVIF:000002C7]	00 00 00 00		15.000000	0	Subject.GetValue(Agility "Agility" [AVIF:000002C7], 00 00 00 00) >= 15.000000 AND
00323F87	CUT_AbPerkEvasive2	29	0	10000000	=	AND	Subject	WornHasKeyword	ArmorTypePower [KYWD:0004D8A1]	00 00 00 00		0.000000	0	Subject.WornHasKeyword(ArmorTypePower [KYWD:0004D8A1], 00 00 00 00) = 0.000000 AND
00323F87	CUT_AbPerkEvasive2	29	1	11000000	>=	AND	Subject	GetValue	Agility "Agility" [AVIF:000002C7]	00 00 00 00		15.000000	0	Subject.GetValue(Agility "Agility" [AVIF:000002C7], 00 00 00 00) >= 15.000000 AND
00323F88	CUT_AbPerkEvasive3	0	0	10000000	=	AND	Subject	WornHasKeyword	ArmorTypePower [KYWD:0004D8A1]	00 00 00 00		0.000000	0	Subject.WornHasKeyword(ArmorTypePower [KYWD:0004D8A1], 00 00 00 00) = 0.000000 AND
00323F88	CUT_AbPerkEvasive3	0	1	10000000	=	AND	Subject	GetValue	Agility "Agility" [AVIF:000002C7]	00 00 00 00		1.000000	0	Subject.GetValue(Agility "Agility" [AVIF:000002C7], 00 00 00 00) = 1.000000 AND
00323F88	CUT_AbPerkEvasive3	1	0	10000000	=	AND	Subject	WornHasKeyword	ArmorTypePower [KYWD:0004D8A1]	00 00 00 00		0.000000	0	Subject.WornHasKeyword(ArmorTypePower [KYWD:0004D8A1], 00 00 00 00) = 0.000000 AND
00323F88	CUT_AbPerkEvasive3	1	1	10000000	=	AND	Subject	GetValue	Agility "Agility" [AVIF:000002C7]	00 00 00 00		1.000000	0	Subject.GetValue(Agility "Agility" [AVIF:000002C7], 00 00 00 00) = 1.000000 AND
00323F88	CUT_AbPerkEvasive3	2	0	10000000	=	AND	Subject	WornHasKeyword	ArmorTypePower [KYWD:0004D8A1]	00 00 00 00		0.000000	0	Subject.WornHasKeyword(ArmorTypePower [KYWD:0004D8A1], 00 00 00 00) = 0.000000 AND
00323F88	CUT_AbPerkEvasive3	2	1	10000000	=	AND	Subject	GetValue	Agility "Agility" [AVIF:000002C7]	00 00 00 00		2.000000	0	Subject.GetValue(Agility "Agility" [AVIF:000002C7], 00 00 00 00) = 2.000000 AND
00323F88	CUT_AbPerkEvasive3	3	0	10000000	=	AND	Subject	WornHasKeyword	ArmorTypePower [KYWD:0004D8A1]	00 00 00 00		0.000000	0	Subject.WornHasKeyword(ArmorTypePower [KYWD:0004D8A1], 00 00 00 00) = 0.000000 AND
00323F88	CUT_AbPerkEvasive3	3	1	10000000	=	AND	Subject	GetValue	Agility "Agility" [AVIF:000002C7]	00 00 00 00		2.000000	0	Subject.GetValue(Agility "Agility" [AVIF:000002C7], 00 00 00 00) = 2.000000 AND
00323F88	CUT_AbPerkEvasive3	4	0	10000000	=	AND	Subject	WornHasKeyword	ArmorTypePower [KYWD:0004D8A1]	00 00 00 00		0.000000	0	Subject.WornHasKeyword(ArmorTypePower [KYWD:0004D8A1], 00 00 00 00) = 0.000000 AND
00323F88	CUT_AbPerkEvasive3	4	1	10000000	=	AND	Subject	GetValue	Agility "Agility" [AVIF:000002C7]	00 00 00 00		3.000000	0	Subject.GetValue(Agility "Agility" [AVIF:000002C7], 00 00 00 00) = 3.000000 AND
00323F88	CUT_AbPerkEvasive3	5	0	10000000	=	AND	Subject	WornHasKeyword	ArmorTypePower [KYWD:0004D8A1]	00 00 00 00		0.000000	0	Subject.WornHasKeyword(ArmorTypePower [KYWD:0004D8A1], 00 00 00 00) = 0.000000 AND
00323F88	CUT_AbPerkEvasive3	5	1	10000000	=	AND	Subject	GetValue	Agility "Agility" [AVIF:000002C7]	00 00 00 00		3.000000	0	Subject.GetValue(Agility "Agility" [AVIF:000002C7], 00 00 00 00) = 3.000000 AND
00323F88	CUT_AbPerkEvasive3	6	0	10000000	=	AND	Subject	WornHasKeyword	ArmorTypePower [KYWD:0004D8A1]	00 00 00 00		0.000000	0	Subject.WornHasKeyword(ArmorTypePower [KYWD:0004D8A1], 00 00 00 00) = 0.000000 AND
00323F88	CUT_AbPerkEvasive3	6	1	10000000	=	AND	Subject	GetValue	Agility "Agility" [AVIF:000002C7]	00 00 00 00		4.000000	0	Subject.GetValue(Agility "Agility" [AVIF:000002C7], 00 00 00 00) = 4.000000 AND
00323F88	CUT_AbPerkEvasive3	7	0	10000000	=	AND	Subject	WornHasKeyword	ArmorTypePower [KYWD:0004D8A1]	00 00 00 00		0.000000	0	Subject.WornHasKeyword(ArmorTypePower [KYWD:0004D8A1], 00 00 00 00) = 0.000000 AND
00323F88	CUT_AbPerkEvasive3	7	1	10000000	=	AND	Subject	GetValue	Agility "Agility" [AVIF:000002C7]	00 00 00 00		4.000000	0	Subject.GetValue(Agility "Agility" [AVIF:000002C7], 00 00 00 00) = 4.000000 AND
00323F88	CUT_AbPerkEvasive3	8	0	10000000	=	AND	Subject	WornHasKeyword	ArmorTypePower [KYWD:0004D8A1]	00 00 00 00		0.000000	0	Subject.WornHasKeyword(ArmorTypePower [KYWD:0004D8A1], 00 00 00 00) = 0.000000 AND
00323F88	CUT_AbPerkEvasive3	8	1	10000000	=	AND	Subject	GetValue	Agility "Agility" [AVIF:000002C7]	00 00 00 00		5.000000	0	Subject.GetValue(Agility "Agility" [AVIF:000002C7], 00 00 00 00) = 5.000000 AND
00323F88	CUT_AbPerkEvasive3	9	0	10000000	=	AND	Subject	WornHasKeyword	ArmorTypePower [KYWD:0004D8A1]	00 00 00 00		0.000000	0	Subject.WornHasKeyword(ArmorTypePower [KYWD:0004D8A1], 00 00 00 00) = 0.000000 AND
00323F88	CUT_AbPerkEvasive3	9	1	10000000	=	AND	Subject	GetValue	Agility "Agility" [AVIF:000002C7]	00 00 00 00		5.000000	0	Subject.GetValue(Agility "Agility" [AVIF:000002C7], 00 00 00 00) = 5.000000 AND
00323F88	CUT_AbPerkEvasive3	10	0	10000000	=	AND	Subject	WornHasKeyword	ArmorTypePower [KYWD:0004D8A1]	00 00 00 00		0.000000	0	Subject.WornHasKeyword(ArmorTypePower [KYWD:0004D8A1], 00 00 00 00) = 0.000000 AND
00323F88	CUT_AbPerkEvasive3	10	1	10000000	=	AND	Subject	GetValue	Agility "Agility" [AVIF:000002C7]	00 00 00 00		6.000000	0	Subject.GetValue(Agility "Agility" [AVIF:000002C7], 00 00 00 00) = 6.000000 AND
00323F88	CUT_AbPerkEvasive3	11	0	10000000	=	AND	Subject	WornHasKeyword	ArmorTypePower [KYWD:0004D8A1]	00 00 00 00		0.000000	0	Subject.WornHasKeyword(ArmorTypePower [KYWD:0004D8A1], 00 00 00 00) = 0.000000 AND
00323F88	CUT_AbPerkEvasive3	11	1	10000000	=	AND	Subject	GetValue	Agility "Agility" [AVIF:000002C7]	00 00 00 00		6.000000	0	Subject.GetValue(Agility "Agility" [AVIF:000002C7], 00 00 00 00) = 6.000000 AND
00323F88	CUT_AbPerkEvasive3	12	0	10000000	=	AND	Subject	WornHasKeyword	ArmorTypePower [KYWD:0004D8A1]	00 00 00 00		0.000000	0	Subject.WornHasKeyword(ArmorTypePower [KYWD:0004D8A1], 00 00 00 00) = 0.000000 AND
00323F88	CUT_AbPerkEvasive3	12	1	10000000	=	AND	Subject	GetValue	Agility "Agility" [AVIF:000002C7]	00 00 00 00		7.000000	0	Subject.GetValue(Agility "Agility" [AVIF:000002C7], 00 00 00 00) = 7.000000 AND
00323F88	CUT_AbPerkEvasive3	13	0	10000000	=	AND	Subject	WornHasKeyword	ArmorTypePower [KYWD:0004D8A1]	00 00 00 00		0.000000	0	Subject.WornHasKeyword(ArmorTypePower [KYWD:0004D8A1], 00 00 00 00) = 0.000000 AND
00323F88	CUT_AbPerkEvasive3	13	1	10000000	=	AND	Subject	GetValue	Agility "Agility" [AVIF:000002C7]	00 00 00 00		7.000000	0	Subject.GetValue(Agility "Agility" [AVIF:000002C7], 00 00 00 00) = 7.000000 AND
00323F88	CUT_AbPerkEvasive3	14	0	10000000	=	AND	Subject	WornHasKeyword	ArmorTypePower [KYWD:0004D8A1]	00 00 00 00		0.000000	0	Subject.WornHasKeyword(ArmorTypePower [KYWD:0004D8A1], 00 00 00 00) = 0.000000 AND
00323F88	CUT_AbPerkEvasive3	14	1	10000000	=	AND	Subject	GetValue	Agility "Agility" [AVIF:000002C7]	00 00 00 00		8.000000	0	Subject.GetValue(Agility "Agility" [AVIF:000002C7], 00 00 00 00) = 8.000000 AND
00323F88	CUT_AbPerkEvasive3	15	0	10000000	=	AND	Subject	WornHasKeyword	ArmorTypePower [KYWD:0004D8A1]	00 00 00 00		0.000000	0	Subject.WornHasKeyword(ArmorTypePower [KYWD:0004D8A1], 00 00 00 00) = 0.000000 AND
00323F88	CUT_AbPerkEvasive3	15	1	10000000	=	AND	Subject	GetValue	Agility "Agility" [AVIF:000002C7]	00 00 00 00		8.000000	0	Subject.GetValue(Agility "Agility" [AVIF:000002C7], 00 00 00 00) = 8.000000 AND
00323F88	CUT_AbPerkEvasive3	16	0	10000000	=	AND	Subject	WornHasKeyword	ArmorTypePower [KYWD:0004D8A1]	00 00 00 00		0.000000	0	Subject.WornHasKeyword(ArmorTypePower [KYWD:0004D8A1], 00 00 00 00) = 0.000000 AND
00323F88	CUT_AbPerkEvasive3	16	1	10000000	=	AND	Subject	GetValue	Agility "Agility" [AVIF:000002C7]	00 00 00 00		9.000000	0	Subject.GetValue(Agility "Agility" [AVIF:000002C7], 00 00 00 00) = 9.000000 AND
00323F88	CUT_AbPerkEvasive3	17	0	10000000	=	AND	Subject	WornHasKeyword	ArmorTypePower [KYWD:0004D8A1]	00 00 00 00		0.000000	0	Subject.WornHasKeyword(ArmorTypePower [KYWD:0004D8A1], 00 00 00 00) = 0.000000 AND
00323F88	CUT_AbPerkEvasive3	17	1	10000000	=	AND	Subject	GetValue	Agility "Agility" [AVIF:000002C7]	00 00 00 00		9.000000	0	Subject.GetValue(Agility "Agility" [AVIF:000002C7], 00 00 00 00) = 9.000000 AND
00323F88	CUT_AbPerkEvasive3	18	0	10000000	=	AND	Subject	WornHasKeyword	ArmorTypePower [KYWD:0004D8A1]	00 00 00 00		0.000000	0	Subject.WornHasKeyword(ArmorTypePower [KYWD:0004D8A1], 00 00 00 00) = 0.000000 AND
00323F88	CUT_AbPerkEvasive3	18	1	10000000	=	AND	Subject	GetValue	Agility "Agility" [AVIF:000002C7]	00 00 00 00		10.000000	0	Subject.GetValue(Agility "Agility" [AVIF:000002C7], 00 00 00 00) = 10.000000 AND
00323F88	CUT_AbPerkEvasive3	19	0	10000000	=	AND	Subject	WornHasKeyword	ArmorTypePower [KYWD:0004D8A1]	00 00 00 00		0.000000	0	Subject.WornHasKeyword(ArmorTypePower [KYWD:0004D8A1], 00 00 00 00) = 0.000000 AND
00323F88	CUT_AbPerkEvasive3	19	1	10000000	=	AND	Subject	GetValue	Agility "Agility" [AVIF:000002C7]	00 00 00 00		10.000000	0	Subject.GetValue(Agility "Agility" [AVIF:000002C7], 00 00 00 00) = 10.000000 AND
00323F88	CUT_AbPerkEvasive3	20	0	10000000	=	AND	Subject	WornHasKeyword	ArmorTypePower [KYWD:0004D8A1]	00 00 00 00		0.000000	0	Subject.WornHasKeyword(ArmorTypePower [KYWD:0004D8A1], 00 00 00 00) = 0.000000 AND
00323F88	CUT_AbPerkEvasive3	20	1	10000000	=	AND	Subject	GetValue	Agility "Agility" [AVIF:000002C7]	00 00 00 00		11.000000	0	Subject.GetValue(Agility "Agility" [AVIF:000002C7], 00 00 00 00) = 11.000000 AND
00323F88	CUT_AbPerkEvasive3	21	0	10000000	=	AND	Subject	WornHasKeyword	ArmorTypePower [KYWD:0004D8A1]	00 00 00 00		0.000000	0	Subject.WornHasKeyword(ArmorTypePower [KYWD:0004D8A1], 00 00 00 00) = 0.000000 AND
00323F88	CUT_AbPerkEvasive3	21	1	10000000	=	AND	Subject	GetValue	Agility "Agility" [AVIF:000002C7]	00 00 00 00		11.000000	0	Subject.GetValue(Agility "Agility" [AVIF:000002C7], 00 00 00 00) = 11.000000 AND
00323F88	CUT_AbPerkEvasive3	22	0	10000000	=	AND	Subject	WornHasKeyword	ArmorTypePower [KYWD:0004D8A1]	00 00 00 00		0.000000	0	Subject.WornHasKeyword(ArmorTypePower [KYWD:0004D8A1], 00 00 00 00) = 0.000000 AND
00323F88	CUT_AbPerkEvasive3	22	1	10000000	=	AND	Subject	GetValue	Agility "Agility" [AVIF:000002C7]	00 00 00 00		12.000000	0	Subject.GetValue(Agility "Agility" [AVIF:000002C7], 00 00 00 00) = 12.000000 AND
00323F88	CUT_AbPerkEvasive3	23	0	10000000	=	AND	Subject	WornHasKeyword	ArmorTypePower [KYWD:0004D8A1]	00 00 00 00		0.000000	0	Subject.WornHasKeyword(ArmorTypePower [KYWD:0004D8A1], 00 00 00 00) = 0.000000 AND
00323F88	CUT_AbPerkEvasive3	23	1	10000000	=	AND	Subject	GetValue	Agility "Agility" [AVIF:000002C7]	00 00 00 00		12.000000	0	Subject.GetValue(Agility "Agility" [AVIF:000002C7], 00 00 00 00) = 12.000000 AND
00323F88	CUT_AbPerkEvasive3	24	0	10000000	=	AND	Subject	WornHasKeyword	ArmorTypePower [KYWD:0004D8A1]	00 00 00 00		0.000000	0	Subject.WornHasKeyword(ArmorTypePower [KYWD:0004D8A1], 00 00 00 00) = 0.000000 AND
00323F88	CUT_AbPerkEvasive3	24	1	10000000	=	AND	Subject	GetValue	Agility "Agility" [AVIF:000002C7]	00 00 00 00		13.000000	0	Subject.GetValue(Agility "Agility" [AVIF:000002C7], 00 00 00 00) = 13.000000 AND
00323F88	CUT_AbPerkEvasive3	25	0	10000000	=	AND	Subject	WornHasKeyword	ArmorTypePower [KYWD:0004D8A1]	00 00 00 00		0.000000	0	Subject.WornHasKeyword(ArmorTypePower [KYWD:0004D8A1], 00 00 00 00) = 0.000000 AND
00323F88	CUT_AbPerkEvasive3	25	1	10000000	=	AND	Subject	GetValue	Agility "Agility" [AVIF:000002C7]	00 00 00 00		13.000000	0	Subject.GetValue(Agility "Agility" [AVIF:000002C7], 00 00 00 00) = 13.000000 AND
00323F88	CUT_AbPerkEvasive3	26	0	10000000	=	AND	Subject	WornHasKeyword	ArmorTypePower [KYWD:0004D8A1]	00 00 00 00		0.000000	0	Subject.WornHasKeyword(ArmorTypePower [KYWD:0004D8A1], 00 00 00 00) = 0.000000 AND
00323F88	CUT_AbPerkEvasive3	26	1	10000000	=	AND	Subject	GetValue	Agility "Agility" [AVIF:000002C7]	00 00 00 00		14.000000	0	Subject.GetValue(Agility "Agility" [AVIF:000002C7], 00 00 00 00) = 14.000000 AND
00323F88	CUT_AbPerkEvasive3	27	0	10000000	=	AND	Subject	WornHasKeyword	ArmorTypePower [KYWD:0004D8A1]	00 00 00 00		0.000000	0	Subject.WornHasKeyword(ArmorTypePower [KYWD:0004D8A1], 00 00 00 00) = 0.000000 AND
00323F88	CUT_AbPerkEvasive3	27	1	10000000	=	AND	Subject	GetValue	Agility "Agility" [AVIF:000002C7]	00 00 00 00		14.000000	0	Subject.GetValue(Agility "Agility" [AVIF:000002C7], 00 00 00 00) = 14.000000 AND
00323F88	CUT_AbPerkEvasive3	28	0	10000000	=	AND	Subject	WornHasKeyword	ArmorTypePower [KYWD:0004D8A1]	00 00 00 00		0.000000	0	Subject.WornHasKeyword(ArmorTypePower [KYWD:0004D8A1], 00 00 00 00) = 0.000000 AND
00323F88	CUT_AbPerkEvasive3	28	1	11000000	>=	AND	Subject	GetValue	Agility "Agility" [AVIF:000002C7]	00 00 00 00		15.000000	0	Subject.GetValue(Agility "Agility" [AVIF:000002C7], 00 00 00 00) >= 15.000000 AND
00323F88	CUT_AbPerkEvasive3	29	0	10000000	=	AND	Subject	WornHasKeyword	ArmorTypePower [KYWD:0004D8A1]	00 00 00 00		0.000000	0	Subject.WornHasKeyword(ArmorTypePower [KYWD:0004D8A1], 00 00 00 00) = 0.000000 AND
00323F88	CUT_AbPerkEvasive3	29	1	11000000	>=	AND	Subject	GetValue	Agility "Agility" [AVIF:000002C7]	00 00 00 00		15.000000	0	Subject.GetValue(Agility "Agility" [AVIF:000002C7], 00 00 00 00) >= 15.000000 AND
00323F8A	zzz_AbPerkMovingTarget2	0	0	10000000	=	AND	Subject	WornHasKeyword	ArmorTypePower [KYWD:0004D8A1]	00 00 00 00		0.000000	0	Subject.WornHasKeyword(ArmorTypePower [KYWD:0004D8A1], 00 00 00 00) = 0.000000 AND
00323F8A	zzz_AbPerkMovingTarget2	0	1	10000000	=	AND	Subject	IsSprinting	00 00 00 00	00 00 00 00		1.000000	0	Subject.IsSprinting(00 00 00 00, 00 00 00 00) = 1.000000 AND
00323F8A	zzz_AbPerkMovingTarget2	1	0	10000000	=	AND	Subject	WornHasKeyword	ArmorTypePower [KYWD:0004D8A1]	00 00 00 00		0.000000	0	Subject.WornHasKeyword(ArmorTypePower [KYWD:0004D8A1], 00 00 00 00) = 0.000000 AND
00323F8A	zzz_AbPerkMovingTarget2	1	1	10000000	=	AND	Subject	IsSprinting	00 00 00 00	00 00 00 00		1.000000	0	Subject.IsSprinting(00 00 00 00, 00 00 00 00) = 1.000000 AND
00323F8C	zzz_AbPerkMovingTarget3	0	0	10000000	=	AND	Subject	WornHasKeyword	ArmorTypePower [KYWD:0004D8A1]	00 00 00 00		0.000000	0	Subject.WornHasKeyword(ArmorTypePower [KYWD:0004D8A1], 00 00 00 00) = 0.000000 AND
00323F8C	zzz_AbPerkMovingTarget3	0	1	10000000	=	AND	Subject	IsSprinting	00 00 00 00	00 00 00 00		1.000000	0	Subject.IsSprinting(00 00 00 00, 00 00 00 00) = 1.000000 AND
00323F8C	zzz_AbPerkMovingTarget3	1	0	10000000	=	AND	Subject	WornHasKeyword	ArmorTypePower [KYWD:0004D8A1]	00 00 00 00		0.000000	0	Subject.WornHasKeyword(ArmorTypePower [KYWD:0004D8A1], 00 00 00 00) = 0.000000 AND
00323F8C	zzz_AbPerkMovingTarget3	1	1	10000000	=	AND	Subject	IsSprinting	00 00 00 00	00 00 00 00		1.000000	0	Subject.IsSprinting(00 00 00 00, 00 00 00 00) = 1.000000 AND
00323F93	AbPerkMagneticPersonality	0	0	10000000	=	AND	Subject	GetPlayerTeammateCount	00 00 00 00	00 00 00 00		1.000000	0	Subject.GetPlayerTeammateCount(00 00 00 00, 00 00 00 00) = 1.000000 AND
00323F93	AbPerkMagneticPersonality	0	1	10000000	=	AND	Subject	HasPerk	MagneticPersonality02 "Magnetic Personality" [PERK:00323F94]	00 00 00 00		0.000000	0	Subject.HasPerk(MagneticPersonality02 "Magnetic Personality" [PERK:00323F94], 00 00 00 00) = 0.000000 AND
00323F93	AbPerkMagneticPersonality	1	0	10000000	=	AND	Subject	GetPlayerTeammateCount	00 00 00 00	00 00 00 00		2.000000	0	Subject.GetPlayerTeammateCount(00 00 00 00, 00 00 00 00) = 2.000000 AND
00323F93	AbPerkMagneticPersonality	1	1	10000000	=	AND	Subject	HasPerk	MagneticPersonality02 "Magnetic Personality" [PERK:00323F94]	00 00 00 00		0.000000	0	Subject.HasPerk(MagneticPersonality02 "Magnetic Personality" [PERK:00323F94], 00 00 00 00) = 0.000000 AND
00323F93	AbPerkMagneticPersonality	2	0	10000000	=	AND	Subject	GetPlayerTeammateCount	00 00 00 00	00 00 00 00		3.000000	0	Subject.GetPlayerTeammateCount(00 00 00 00, 00 00 00 00) = 3.000000 AND
00323F93	AbPerkMagneticPersonality	2	1	10000000	=	AND	Subject	HasPerk	MagneticPersonality02 "Magnetic Personality" [PERK:00323F94]	00 00 00 00		0.000000	0	Subject.HasPerk(MagneticPersonality02 "Magnetic Personality" [PERK:00323F94], 00 00 00 00) = 0.000000 AND
00323F93	AbPerkMagneticPersonality	3	0	10000000	=	AND	Subject	GetPlayerTeammateCount	00 00 00 00	00 00 00 00		1.000000	0	Subject.GetPlayerTeammateCount(00 00 00 00, 00 00 00 00) = 1.000000 AND
00323F93	AbPerkMagneticPersonality	3	1	10000000	=	AND	Subject	HasPerk	MagneticPersonality02 "Magnetic Personality" [PERK:00323F94]	00 00 00 00		1.000000	0	Subject.HasPerk(MagneticPersonality02 "Magnetic Personality" [PERK:00323F94], 00 00 00 00) = 1.000000 AND
00323F93	AbPerkMagneticPersonality	4	0	10000000	=	AND	Subject	GetPlayerTeammateCount	00 00 00 00	00 00 00 00		2.000000	0	Subject.GetPlayerTeammateCount(00 00 00 00, 00 00 00 00) = 2.000000 AND
00323F93	AbPerkMagneticPersonality	4	1	10000000	=	AND	Subject	HasPerk	MagneticPersonality02 "Magnetic Personality" [PERK:00323F94]	00 00 00 00		1.000000	0	Subject.HasPerk(MagneticPersonality02 "Magnetic Personality" [PERK:00323F94], 00 00 00 00) = 1.000000 AND
00323F93	AbPerkMagneticPersonality	5	0	10000000	=	AND	Subject	GetPlayerTeammateCount	00 00 00 00	00 00 00 00		3.000000	0	Subject.GetPlayerTeammateCount(00 00 00 00, 00 00 00 00) = 3.000000 AND
00323F93	AbPerkMagneticPersonality	5	1	10000000	=	AND	Subject	HasPerk	MagneticPersonality02 "Magnetic Personality" [PERK:00323F94]	00 00 00 00		1.000000	0	Subject.HasPerk(MagneticPersonality02 "Magnetic Personality" [PERK:00323F94], 00 00 00 00) = 1.000000 AND
00323F95	AbPerkAquagirl	1	0	10000000	=	AND	Subject	IsSwimming	00 00 00 00	00 00 00 00		1.000000	0	Subject.IsSwimming(00 00 00 00, 00 00 00 00) = 1.000000 AND
00330BA1	zzzPerkBornSurvivorSpell	0	0	10000000	=	AND	Subject	HasPerk	BornSurvivor02 "Born Survivor" [PERK:00330BA3]	00 00 00 00		0.000000	0	Subject.HasPerk(BornSurvivor02 "Born Survivor" [PERK:00330BA3], 00 00 00 00) = 0.000000 AND
00330BA1	zzzPerkBornSurvivorSpell	1	0	10000000	=	AND	Subject	HasPerk	BornSurvivor02 "Born Survivor" [PERK:00330BA3]	00 00 00 00		1.000000	0	Subject.HasPerk(BornSurvivor02 "Born Survivor" [PERK:00330BA3], 00 00 00 00) = 1.000000 AND
00330BA1	zzzPerkBornSurvivorSpell	1	1	10000000	=	AND	Subject	HasPerk	BornSurvivor03 "Born Survivor" [PERK:00330BA4]	00 00 00 00		0.000000	0	Subject.HasPerk(BornSurvivor03 "Born Survivor" [PERK:00330BA4], 00 00 00 00) = 0.000000 AND
00330BA1	zzzPerkBornSurvivorSpell	2	0	10000000	=	AND	Subject	HasPerk	BornSurvivor03 "Born Survivor" [PERK:00330BA4]	00 00 00 00		1.000000	0	Subject.HasPerk(BornSurvivor03 "Born Survivor" [PERK:00330BA4], 00 00 00 00) = 1.000000 AND
003408B4	CUT_AbPerkBarbarian03	0	0	10000000	=	AND	Subject	WornHasKeyword	ArmorTypePower [KYWD:0004D8A1]	00 00 00 00		0.000000	0	Subject.WornHasKeyword(ArmorTypePower [KYWD:0004D8A1], 00 00 00 00) = 0.000000 AND
003408B4	CUT_AbPerkBarbarian03	0	1	10000000	=	AND	Subject	GetValue	Strength "Strength" [AVIF:000002C2]	00 00 00 00		1.000000	0	Subject.GetValue(Strength "Strength" [AVIF:000002C2], 00 00 00 00) = 1.000000 AND
003408B4	CUT_AbPerkBarbarian03	1	0	10000000	=	AND	Subject	WornHasKeyword	ArmorTypePower [KYWD:0004D8A1]	00 00 00 00		0.000000	0	Subject.WornHasKeyword(ArmorTypePower [KYWD:0004D8A1], 00 00 00 00) = 0.000000 AND
003408B4	CUT_AbPerkBarbarian03	1	1	10000000	=	AND	Subject	GetValue	Strength "Strength" [AVIF:000002C2]	00 00 00 00		2.000000	0	Subject.GetValue(Strength "Strength" [AVIF:000002C2], 00 00 00 00) = 2.000000 AND
003408B4	CUT_AbPerkBarbarian03	2	0	10000000	=	AND	Subject	WornHasKeyword	ArmorTypePower [KYWD:0004D8A1]	00 00 00 00		0.000000	0	Subject.WornHasKeyword(ArmorTypePower [KYWD:0004D8A1], 00 00 00 00) = 0.000000 AND
003408B4	CUT_AbPerkBarbarian03	2	1	10000000	=	AND	Subject	GetValue	Strength "Strength" [AVIF:000002C2]	00 00 00 00		3.000000	0	Subject.GetValue(Strength "Strength" [AVIF:000002C2], 00 00 00 00) = 3.000000 AND
003408B4	CUT_AbPerkBarbarian03	3	0	10000000	=	AND	Subject	WornHasKeyword	ArmorTypePower [KYWD:0004D8A1]	00 00 00 00		0.000000	0	Subject.WornHasKeyword(ArmorTypePower [KYWD:0004D8A1], 00 00 00 00) = 0.000000 AND
003408B4	CUT_AbPerkBarbarian03	3	1	10000000	=	AND	Subject	GetValue	Strength "Strength" [AVIF:000002C2]	00 00 00 00		4.000000	0	Subject.GetValue(Strength "Strength" [AVIF:000002C2], 00 00 00 00) = 4.000000 AND
003408B4	CUT_AbPerkBarbarian03	4	0	10000000	=	AND	Subject	WornHasKeyword	ArmorTypePower [KYWD:0004D8A1]	00 00 00 00		0.000000	0	Subject.WornHasKeyword(ArmorTypePower [KYWD:0004D8A1], 00 00 00 00) = 0.000000 AND
003408B4	CUT_AbPerkBarbarian03	4	1	10000000	=	AND	Subject	GetValue	Strength "Strength" [AVIF:000002C2]	00 00 00 00		5.000000	0	Subject.GetValue(Strength "Strength" [AVIF:000002C2], 00 00 00 00) = 5.000000 AND
003408B4	CUT_AbPerkBarbarian03	5	0	10000000	=	AND	Subject	WornHasKeyword	ArmorTypePower [KYWD:0004D8A1]	00 00 00 00		0.000000	0	Subject.WornHasKeyword(ArmorTypePower [KYWD:0004D8A1], 00 00 00 00) = 0.000000 AND
003408B4	CUT_AbPerkBarbarian03	5	1	10000000	=	AND	Subject	GetValue	Strength "Strength" [AVIF:000002C2]	00 00 00 00		6.000000	0	Subject.GetValue(Strength "Strength" [AVIF:000002C2], 00 00 00 00) = 6.000000 AND
003408B4	CUT_AbPerkBarbarian03	6	0	10000000	=	AND	Subject	WornHasKeyword	ArmorTypePower [KYWD:0004D8A1]	00 00 00 00		0.000000	0	Subject.WornHasKeyword(ArmorTypePower [KYWD:0004D8A1], 00 00 00 00) = 0.000000 AND
003408B4	CUT_AbPerkBarbarian03	6	1	10000000	=	AND	Subject	GetValue	Strength "Strength" [AVIF:000002C2]	00 00 00 00		7.000000	0	Subject.GetValue(Strength "Strength" [AVIF:000002C2], 00 00 00 00) = 7.000000 AND
003408B4	CUT_AbPerkBarbarian03	7	0	10000000	=	AND	Subject	WornHasKeyword	ArmorTypePower [KYWD:0004D8A1]	00 00 00 00		0.000000	0	Subject.WornHasKeyword(ArmorTypePower [KYWD:0004D8A1], 00 00 00 00) = 0.000000 AND
003408B4	CUT_AbPerkBarbarian03	7	1	10000000	=	AND	Subject	GetValue	Strength "Strength" [AVIF:000002C2]	00 00 00 00		8.000000	0	Subject.GetValue(Strength "Strength" [AVIF:000002C2], 00 00 00 00) = 8.000000 AND
003408B4	CUT_AbPerkBarbarian03	8	0	10000000	=	AND	Subject	WornHasKeyword	ArmorTypePower [KYWD:0004D8A1]	00 00 00 00		0.000000	0	Subject.WornHasKeyword(ArmorTypePower [KYWD:0004D8A1], 00 00 00 00) = 0.000000 AND
003408B4	CUT_AbPerkBarbarian03	8	1	10000000	=	AND	Subject	GetValue	Strength "Strength" [AVIF:000002C2]	00 00 00 00		9.000000	0	Subject.GetValue(Strength "Strength" [AVIF:000002C2], 00 00 00 00) = 9.000000 AND
003408B4	CUT_AbPerkBarbarian03	9	0	10000000	=	AND	Subject	WornHasKeyword	ArmorTypePower [KYWD:0004D8A1]	00 00 00 00		0.000000	0	Subject.WornHasKeyword(ArmorTypePower [KYWD:0004D8A1], 00 00 00 00) = 0.000000 AND
003408B4	CUT_AbPerkBarbarian03	9	1	10000000	=	AND	Subject	GetValue	Strength "Strength" [AVIF:000002C2]	00 00 00 00		10.000000	0	Subject.GetValue(Strength "Strength" [AVIF:000002C2], 00 00 00 00) = 10.000000 AND
003408B4	CUT_AbPerkBarbarian03	10	0	10000000	=	AND	Subject	WornHasKeyword	ArmorTypePower [KYWD:0004D8A1]	00 00 00 00		0.000000	0	Subject.WornHasKeyword(ArmorTypePower [KYWD:0004D8A1], 00 00 00 00) = 0.000000 AND
003408B4	CUT_AbPerkBarbarian03	10	1	10000000	=	AND	Subject	GetValue	Strength "Strength" [AVIF:000002C2]	00 00 00 00		11.000000	0	Subject.GetValue(Strength "Strength" [AVIF:000002C2], 00 00 00 00) = 11.000000 AND
003408B4	CUT_AbPerkBarbarian03	11	0	10000000	=	AND	Subject	WornHasKeyword	ArmorTypePower [KYWD:0004D8A1]	00 00 00 00		0.000000	0	Subject.WornHasKeyword(ArmorTypePower [KYWD:0004D8A1], 00 00 00 00) = 0.000000 AND
003408B4	CUT_AbPerkBarbarian03	11	1	10000000	=	AND	Subject	GetValue	Strength "Strength" [AVIF:000002C2]	00 00 00 00		12.000000	0	Subject.GetValue(Strength "Strength" [AVIF:000002C2], 00 00 00 00) = 12.000000 AND
003408B4	CUT_AbPerkBarbarian03	12	0	10000000	=	AND	Subject	WornHasKeyword	ArmorTypePower [KYWD:0004D8A1]	00 00 00 00		0.000000	0	Subject.WornHasKeyword(ArmorTypePower [KYWD:0004D8A1], 00 00 00 00) = 0.000000 AND
003408B4	CUT_AbPerkBarbarian03	12	1	10000000	=	AND	Subject	GetValue	Strength "Strength" [AVIF:000002C2]	00 00 00 00		13.000000	0	Subject.GetValue(Strength "Strength" [AVIF:000002C2], 00 00 00 00) = 13.000000 AND
003408B4	CUT_AbPerkBarbarian03	13	0	10000000	=	AND	Subject	WornHasKeyword	ArmorTypePower [KYWD:0004D8A1]	00 00 00 00		0.000000	0	Subject.WornHasKeyword(ArmorTypePower [KYWD:0004D8A1], 00 00 00 00) = 0.000000 AND
003408B4	CUT_AbPerkBarbarian03	13	1	10000000	=	AND	Subject	GetValue	Strength "Strength" [AVIF:000002C2]	00 00 00 00		14.000000	0	Subject.GetValue(Strength "Strength" [AVIF:000002C2], 00 00 00 00) = 14.000000 AND
003408B4	CUT_AbPerkBarbarian03	14	0	10000000	=	AND	Subject	WornHasKeyword	ArmorTypePower [KYWD:0004D8A1]	00 00 00 00		0.000000	0	Subject.WornHasKeyword(ArmorTypePower [KYWD:0004D8A1], 00 00 00 00) = 0.000000 AND
003408B4	CUT_AbPerkBarbarian03	14	1	10000000	=	AND	Subject	GetValue	Strength "Strength" [AVIF:000002C2]	00 00 00 00		15.000000	0	Subject.GetValue(Strength "Strength" [AVIF:000002C2], 00 00 00 00) = 15.000000 AND
003408B4	CUT_AbPerkBarbarian03	15	0	10000000	=	AND	Subject	WornHasKeyword	ArmorTypePower [KYWD:0004D8A1]	00 00 00 00		0.000000	0	Subject.WornHasKeyword(ArmorTypePower [KYWD:0004D8A1], 00 00 00 00) = 0.000000 AND
003408B4	CUT_AbPerkBarbarian03	15	1	10000000	=	AND	Subject	GetValue	Strength "Strength" [AVIF:000002C2]	00 00 00 00		16.000000	0	Subject.GetValue(Strength "Strength" [AVIF:000002C2], 00 00 00 00) = 16.000000 AND
003408B4	CUT_AbPerkBarbarian03	16	0	10000000	=	AND	Subject	WornHasKeyword	ArmorTypePower [KYWD:0004D8A1]	00 00 00 00		0.000000	0	Subject.WornHasKeyword(ArmorTypePower [KYWD:0004D8A1], 00 00 00 00) = 0.000000 AND
003408B4	CUT_AbPerkBarbarian03	16	1	10000000	=	AND	Subject	GetValue	Strength "Strength" [AVIF:000002C2]	00 00 00 00		17.000000	0	Subject.GetValue(Strength "Strength" [AVIF:000002C2], 00 00 00 00) = 17.000000 AND
003408B4	CUT_AbPerkBarbarian03	17	0	10000000	=	AND	Subject	WornHasKeyword	ArmorTypePower [KYWD:0004D8A1]	00 00 00 00		0.000000	0	Subject.WornHasKeyword(ArmorTypePower [KYWD:0004D8A1], 00 00 00 00) = 0.000000 AND
003408B4	CUT_AbPerkBarbarian03	17	1	10000000	=	AND	Subject	GetValue	Strength "Strength" [AVIF:000002C2]	00 00 00 00		18.000000	0	Subject.GetValue(Strength "Strength" [AVIF:000002C2], 00 00 00 00) = 18.000000 AND
003408B4	CUT_AbPerkBarbarian03	18	0	10000000	=	AND	Subject	WornHasKeyword	ArmorTypePower [KYWD:0004D8A1]	00 00 00 00		0.000000	0	Subject.WornHasKeyword(ArmorTypePower [KYWD:0004D8A1], 00 00 00 00) = 0.000000 AND
003408B4	CUT_AbPerkBarbarian03	18	1	10000000	=	AND	Subject	GetValue	Strength "Strength" [AVIF:000002C2]	00 00 00 00		19.000000	0	Subject.GetValue(Strength "Strength" [AVIF:000002C2], 00 00 00 00) = 19.000000 AND
003408B4	CUT_AbPerkBarbarian03	19	0	10000000	=	AND	Subject	WornHasKeyword	ArmorTypePower [KYWD:0004D8A1]	00 00 00 00		0.000000	0	Subject.WornHasKeyword(ArmorTypePower [KYWD:0004D8A1], 00 00 00 00) = 0.000000 AND
003408B4	CUT_AbPerkBarbarian03	19	1	11000000	>=	AND	Subject	GetValue	Strength "Strength" [AVIF:000002C2]	00 00 00 00		20.000000	0	Subject.GetValue(Strength "Strength" [AVIF:000002C2], 00 00 00 00) >= 20.000000 AND
003408B3	CUT_AbPerkBarbarian02	0	0	10000000	=	AND	Subject	WornHasKeyword	ArmorTypePower [KYWD:0004D8A1]	00 00 00 00		0.000000	0	Subject.WornHasKeyword(ArmorTypePower [KYWD:0004D8A1], 00 00 00 00) = 0.000000 AND
003408B3	CUT_AbPerkBarbarian02	0	1	10000000	=	AND	Subject	GetValue	Strength "Strength" [AVIF:000002C2]	00 00 00 00		1.000000	0	Subject.GetValue(Strength "Strength" [AVIF:000002C2], 00 00 00 00) = 1.000000 AND
003408B3	CUT_AbPerkBarbarian02	1	0	10000000	=	AND	Subject	WornHasKeyword	ArmorTypePower [KYWD:0004D8A1]	00 00 00 00		0.000000	0	Subject.WornHasKeyword(ArmorTypePower [KYWD:0004D8A1], 00 00 00 00) = 0.000000 AND
003408B3	CUT_AbPerkBarbarian02	1	1	10000000	=	AND	Subject	GetValue	Strength "Strength" [AVIF:000002C2]	00 00 00 00		2.000000	0	Subject.GetValue(Strength "Strength" [AVIF:000002C2], 00 00 00 00) = 2.000000 AND
003408B3	CUT_AbPerkBarbarian02	2	0	10000000	=	AND	Subject	WornHasKeyword	ArmorTypePower [KYWD:0004D8A1]	00 00 00 00		0.000000	0	Subject.WornHasKeyword(ArmorTypePower [KYWD:0004D8A1], 00 00 00 00) = 0.000000 AND
003408B3	CUT_AbPerkBarbarian02	2	1	10000000	=	AND	Subject	GetValue	Strength "Strength" [AVIF:000002C2]	00 00 00 00		3.000000	0	Subject.GetValue(Strength "Strength" [AVIF:000002C2], 00 00 00 00) = 3.000000 AND
003408B3	CUT_AbPerkBarbarian02	3	0	10000000	=	AND	Subject	WornHasKeyword	ArmorTypePower [KYWD:0004D8A1]	00 00 00 00		0.000000	0	Subject.WornHasKeyword(ArmorTypePower [KYWD:0004D8A1], 00 00 00 00) = 0.000000 AND
003408B3	CUT_AbPerkBarbarian02	3	1	10000000	=	AND	Subject	GetValue	Strength "Strength" [AVIF:000002C2]	00 00 00 00		4.000000	0	Subject.GetValue(Strength "Strength" [AVIF:000002C2], 00 00 00 00) = 4.000000 AND
003408B3	CUT_AbPerkBarbarian02	4	0	10000000	=	AND	Subject	WornHasKeyword	ArmorTypePower [KYWD:0004D8A1]	00 00 00 00		0.000000	0	Subject.WornHasKeyword(ArmorTypePower [KYWD:0004D8A1], 00 00 00 00) = 0.000000 AND
003408B3	CUT_AbPerkBarbarian02	4	1	10000000	=	AND	Subject	GetValue	Strength "Strength" [AVIF:000002C2]	00 00 00 00		5.000000	0	Subject.GetValue(Strength "Strength" [AVIF:000002C2], 00 00 00 00) = 5.000000 AND
003408B3	CUT_AbPerkBarbarian02	5	0	10000000	=	AND	Subject	WornHasKeyword	ArmorTypePower [KYWD:0004D8A1]	00 00 00 00		0.000000	0	Subject.WornHasKeyword(ArmorTypePower [KYWD:0004D8A1], 00 00 00 00) = 0.000000 AND
003408B3	CUT_AbPerkBarbarian02	5	1	10000000	=	AND	Subject	GetValue	Strength "Strength" [AVIF:000002C2]	00 00 00 00		6.000000	0	Subject.GetValue(Strength "Strength" [AVIF:000002C2], 00 00 00 00) = 6.000000 AND
003408B3	CUT_AbPerkBarbarian02	6	0	10000000	=	AND	Subject	WornHasKeyword	ArmorTypePower [KYWD:0004D8A1]	00 00 00 00		0.000000	0	Subject.WornHasKeyword(ArmorTypePower [KYWD:0004D8A1], 00 00 00 00) = 0.000000 AND
003408B3	CUT_AbPerkBarbarian02	6	1	10000000	=	AND	Subject	GetValue	Strength "Strength" [AVIF:000002C2]	00 00 00 00		7.000000	0	Subject.GetValue(Strength "Strength" [AVIF:000002C2], 00 00 00 00) = 7.000000 AND
003408B3	CUT_AbPerkBarbarian02	7	0	10000000	=	AND	Subject	WornHasKeyword	ArmorTypePower [KYWD:0004D8A1]	00 00 00 00		0.000000	0	Subject.WornHasKeyword(ArmorTypePower [KYWD:0004D8A1], 00 00 00 00) = 0.000000 AND
003408B3	CUT_AbPerkBarbarian02	7	1	10000000	=	AND	Subject	GetValue	Strength "Strength" [AVIF:000002C2]	00 00 00 00		8.000000	0	Subject.GetValue(Strength "Strength" [AVIF:000002C2], 00 00 00 00) = 8.000000 AND
003408B3	CUT_AbPerkBarbarian02	8	0	10000000	=	AND	Subject	WornHasKeyword	ArmorTypePower [KYWD:0004D8A1]	00 00 00 00		0.000000	0	Subject.WornHasKeyword(ArmorTypePower [KYWD:0004D8A1], 00 00 00 00) = 0.000000 AND
003408B3	CUT_AbPerkBarbarian02	8	1	10000000	=	AND	Subject	GetValue	Strength "Strength" [AVIF:000002C2]	00 00 00 00		9.000000	0	Subject.GetValue(Strength "Strength" [AVIF:000002C2], 00 00 00 00) = 9.000000 AND
003408B3	CUT_AbPerkBarbarian02	9	0	10000000	=	AND	Subject	WornHasKeyword	ArmorTypePower [KYWD:0004D8A1]	00 00 00 00		0.000000	0	Subject.WornHasKeyword(ArmorTypePower [KYWD:0004D8A1], 00 00 00 00) = 0.000000 AND
003408B3	CUT_AbPerkBarbarian02	9	1	10000000	=	AND	Subject	GetValue	Strength "Strength" [AVIF:000002C2]	00 00 00 00		10.000000	0	Subject.GetValue(Strength "Strength" [AVIF:000002C2], 00 00 00 00) = 10.000000 AND
003408B3	CUT_AbPerkBarbarian02	10	0	10000000	=	AND	Subject	WornHasKeyword	ArmorTypePower [KYWD:0004D8A1]	00 00 00 00		0.000000	0	Subject.WornHasKeyword(ArmorTypePower [KYWD:0004D8A1], 00 00 00 00) = 0.000000 AND
003408B3	CUT_AbPerkBarbarian02	10	1	10000000	=	AND	Subject	GetValue	Strength "Strength" [AVIF:000002C2]	00 00 00 00		11.000000	0	Subject.GetValue(Strength "Strength" [AVIF:000002C2], 00 00 00 00) = 11.000000 AND
003408B3	CUT_AbPerkBarbarian02	11	0	10000000	=	AND	Subject	WornHasKeyword	ArmorTypePower [KYWD:0004D8A1]	00 00 00 00		0.000000	0	Subject.WornHasKeyword(ArmorTypePower [KYWD:0004D8A1], 00 00 00 00) = 0.000000 AND
003408B3	CUT_AbPerkBarbarian02	11	1	10000000	=	AND	Subject	GetValue	Strength "Strength" [AVIF:000002C2]	00 00 00 00		12.000000	0	Subject.GetValue(Strength "Strength" [AVIF:000002C2], 00 00 00 00) = 12.000000 AND
003408B3	CUT_AbPerkBarbarian02	12	0	10000000	=	AND	Subject	WornHasKeyword	ArmorTypePower [KYWD:0004D8A1]	00 00 00 00		0.000000	0	Subject.WornHasKeyword(ArmorTypePower [KYWD:0004D8A1], 00 00 00 00) = 0.000000 AND
003408B3	CUT_AbPerkBarbarian02	12	1	10000000	=	AND	Subject	GetValue	Strength "Strength" [AVIF:000002C2]	00 00 00 00		13.000000	0	Subject.GetValue(Strength "Strength" [AVIF:000002C2], 00 00 00 00) = 13.000000 AND
003408B3	CUT_AbPerkBarbarian02	13	0	10000000	=	AND	Subject	WornHasKeyword	ArmorTypePower [KYWD:0004D8A1]	00 00 00 00		0.000000	0	Subject.WornHasKeyword(ArmorTypePower [KYWD:0004D8A1], 00 00 00 00) = 0.000000 AND
003408B3	CUT_AbPerkBarbarian02	13	1	10000000	=	AND	Subject	GetValue	Strength "Strength" [AVIF:000002C2]	00 00 00 00		14.000000	0	Subject.GetValue(Strength "Strength" [AVIF:000002C2], 00 00 00 00) = 14.000000 AND
003408B3	CUT_AbPerkBarbarian02	14	0	10000000	=	AND	Subject	WornHasKeyword	ArmorTypePower [KYWD:0004D8A1]	00 00 00 00		0.000000	0	Subject.WornHasKeyword(ArmorTypePower [KYWD:0004D8A1], 00 00 00 00) = 0.000000 AND
003408B3	CUT_AbPerkBarbarian02	14	1	10000000	=	AND	Subject	GetValue	Strength "Strength" [AVIF:000002C2]	00 00 00 00		15.000000	0	Subject.GetValue(Strength "Strength" [AVIF:000002C2], 00 00 00 00) = 15.000000 AND
003408B3	CUT_AbPerkBarbarian02	15	0	10000000	=	AND	Subject	WornHasKeyword	ArmorTypePower [KYWD:0004D8A1]	00 00 00 00		0.000000	0	Subject.WornHasKeyword(ArmorTypePower [KYWD:0004D8A1], 00 00 00 00) = 0.000000 AND
003408B3	CUT_AbPerkBarbarian02	15	1	10000000	=	AND	Subject	GetValue	Strength "Strength" [AVIF:000002C2]	00 00 00 00		16.000000	0	Subject.GetValue(Strength "Strength" [AVIF:000002C2], 00 00 00 00) = 16.000000 AND
003408B3	CUT_AbPerkBarbarian02	16	0	10000000	=	AND	Subject	WornHasKeyword	ArmorTypePower [KYWD:0004D8A1]	00 00 00 00		0.000000	0	Subject.WornHasKeyword(ArmorTypePower [KYWD:0004D8A1], 00 00 00 00) = 0.000000 AND
003408B3	CUT_AbPerkBarbarian02	16	1	10000000	=	AND	Subject	GetValue	Strength "Strength" [AVIF:000002C2]	00 00 00 00		17.000000	0	Subject.GetValue(Strength "Strength" [AVIF:000002C2], 00 00 00 00) = 17.000000 AND
003408B3	CUT_AbPerkBarbarian02	17	0	10000000	=	AND	Subject	WornHasKeyword	ArmorTypePower [KYWD:0004D8A1]	00 00 00 00		0.000000	0	Subject.WornHasKeyword(ArmorTypePower [KYWD:0004D8A1], 00 00 00 00) = 0.000000 AND
003408B3	CUT_AbPerkBarbarian02	17	1	10000000	=	AND	Subject	GetValue	Strength "Strength" [AVIF:000002C2]	00 00 00 00		18.000000	0	Subject.GetValue(Strength "Strength" [AVIF:000002C2], 00 00 00 00) = 18.000000 AND
003408B3	CUT_AbPerkBarbarian02	18	0	10000000	=	AND	Subject	WornHasKeyword	ArmorTypePower [KYWD:0004D8A1]	00 00 00 00		0.000000	0	Subject.WornHasKeyword(ArmorTypePower [KYWD:0004D8A1], 00 00 00 00) = 0.000000 AND
003408B3	CUT_AbPerkBarbarian02	18	1	10000000	=	AND	Subject	GetValue	Strength "Strength" [AVIF:000002C2]	00 00 00 00		19.000000	0	Subject.GetValue(Strength "Strength" [AVIF:000002C2], 00 00 00 00) = 19.000000 AND
003408B3	CUT_AbPerkBarbarian02	19	0	10000000	=	AND	Subject	WornHasKeyword	ArmorTypePower [KYWD:0004D8A1]	00 00 00 00		0.000000	0	Subject.WornHasKeyword(ArmorTypePower [KYWD:0004D8A1], 00 00 00 00) = 0.000000 AND
003408B3	CUT_AbPerkBarbarian02	19	1	11000000	>=	AND	Subject	GetValue	Strength "Strength" [AVIF:000002C2]	00 00 00 00		20.000000	0	Subject.GetValue(Strength "Strength" [AVIF:000002C2], 00 00 00 00) >= 20.000000 AND
003440A0	AbPerkSlugger	0	0	10000000	=	AND	Subject	HasPerk	Slugger02 "Slugger" [PERK:000E36FC]	00 00 00 00		0.000000	0	Subject.HasPerk(Slugger02 "Slugger" [PERK:000E36FC], 00 00 00 00) = 0.000000 AND
003440A0	AbPerkSlugger	0	1	10000000	=	AND	Subject	WornHasKeyword	WeaponTypeMeleeGeneral [KYWD:0033AB12]	00 00 00 00		1.000000	0	Subject.WornHasKeyword(WeaponTypeMeleeGeneral [KYWD:0033AB12], 00 00 00 00) = 1.000000 AND
003440A0	AbPerkSlugger	1	0	10000000	=	AND	Subject	HasPerk	Slugger02 "Slugger" [PERK:000E36FC]	00 00 00 00		1.000000	0	Subject.HasPerk(Slugger02 "Slugger" [PERK:000E36FC], 00 00 00 00) = 1.000000 AND
003440A0	AbPerkSlugger	1	1	10000000	=	AND	Subject	HasPerk	Slugger03 "Slugger" [PERK:000E36FD]	00 00 00 00		0.000000	0	Subject.HasPerk(Slugger03 "Slugger" [PERK:000E36FD], 00 00 00 00) = 0.000000 AND
003440A0	AbPerkSlugger	1	2	10000000	=	AND	Subject	WornHasKeyword	WeaponTypeMeleeGeneral [KYWD:0033AB12]	00 00 00 00		1.000000	0	Subject.WornHasKeyword(WeaponTypeMeleeGeneral [KYWD:0033AB12], 00 00 00 00) = 1.000000 AND
003440A0	AbPerkSlugger	2	0	10000000	=	AND	Subject	HasPerk	Slugger03 "Slugger" [PERK:000E36FD]	00 00 00 00		1.000000	0	Subject.HasPerk(Slugger03 "Slugger" [PERK:000E36FD], 00 00 00 00) = 1.000000 AND
003440A0	AbPerkSlugger	2	1	10000000	=	AND	Subject	WornHasKeyword	WeaponTypeMeleeGeneral [KYWD:0033AB12]	00 00 00 00		1.000000	0	Subject.WornHasKeyword(WeaponTypeMeleeGeneral [KYWD:0033AB12], 00 00 00 00) = 1.000000 AND
003440AE	AbPerkGladiator	0	0	10000000	=	AND	Subject	HasPerk	Gladiator02 "Wound Salter" [PERK:003440A9]	00 00 00 00		0.000000	0	Subject.HasPerk(Gladiator02 "Wound Salter" [PERK:003440A9], 00 00 00 00) = 0.000000 AND
003440AE	AbPerkGladiator	1	0	10000000	=	AND	Subject	HasPerk	Gladiator02 "Wound Salter" [PERK:003440A9]	00 00 00 00		1.000000	0	Subject.HasPerk(Gladiator02 "Wound Salter" [PERK:003440A9], 00 00 00 00) = 1.000000 AND
003440AE	AbPerkGladiator	1	1	10000000	=	AND	Subject	HasPerk	Gladiator03 "Wound Salter" [PERK:003440AA]	00 00 00 00		0.000000	0	Subject.HasPerk(Gladiator03 "Wound Salter" [PERK:003440AA], 00 00 00 00) = 0.000000 AND
003440AE	AbPerkGladiator	2	0	10000000	=	AND	Subject	HasPerk	Gladiator03 "Wound Salter" [PERK:003440AA]	00 00 00 00		1.000000	0	Subject.HasPerk(Gladiator03 "Wound Salter" [PERK:003440AA], 00 00 00 00) = 1.000000 AND
003440B1	AbPerkDemolitionExpert	0	0	10000000	=	AND	Subject	HasPerk	DemolitionExpert02 "Demolition Expert" [PERK:003440B3]	00 00 00 00		0.000000	0	Subject.HasPerk(DemolitionExpert02 "Demolition Expert" [PERK:003440B3], 00 00 00 00) = 0.000000 AND
003440B1	AbPerkDemolitionExpert	1	0	10000000	=	AND	Subject	HasPerk	DemolitionExpert02 "Demolition Expert" [PERK:003440B3]	00 00 00 00		1.000000	0	Subject.HasPerk(DemolitionExpert02 "Demolition Expert" [PERK:003440B3], 00 00 00 00) = 1.000000 AND
003440B1	AbPerkDemolitionExpert	1	1	10000000	=	AND	Subject	HasPerk	DemolitionExpert03 "Demolition Expert" [PERK:003440B4]	00 00 00 00		0.000000	0	Subject.HasPerk(DemolitionExpert03 "Demolition Expert" [PERK:003440B4], 00 00 00 00) = 0.000000 AND
003440B1	AbPerkDemolitionExpert	2	0	10000000	=	AND	Subject	HasPerk	DemolitionExpert03 "Demolition Expert" [PERK:003440B4]	00 00 00 00		1.000000	0	Subject.HasPerk(DemolitionExpert03 "Demolition Expert" [PERK:003440B4], 00 00 00 00) = 1.000000 AND
003440D1	AbPerkIronclad	0	0	10000000	=	AND	Subject	HasPerk	Ironclad02 "Ironclad" [PERK:003440D2]	00 00 00 00		0.000000	0	Subject.HasPerk(Ironclad02 "Ironclad" [PERK:003440D2], 00 00 00 00) = 0.000000 AND
003440D1	AbPerkIronclad	0	1	10000000	=	AND	Subject	HasPerk	Ironclad01 "Ironclad" [PERK:003440D0]	00 00 00 00		1.000000	0	Subject.HasPerk(Ironclad01 "Ironclad" [PERK:003440D0], 00 00 00 00) = 1.000000 AND
003440D1	AbPerkIronclad	1	0	10000000	=	AND	Subject	HasPerk	Ironclad02 "Ironclad" [PERK:003440D2]	00 00 00 00		1.000000	0	Subject.HasPerk(Ironclad02 "Ironclad" [PERK:003440D2], 00 00 00 00) = 1.000000 AND
003440D1	AbPerkIronclad	1	1	10000000	=	AND	Subject	HasPerk	Ironclad03 "Ironclad" [PERK:003440D3]	00 00 00 00		0.000000	0	Subject.HasPerk(Ironclad03 "Ironclad" [PERK:003440D3], 00 00 00 00) = 0.000000 AND
003440D1	AbPerkIronclad	2	0	10000000	=	AND	Subject	HasPerk	Ironclad03 "Ironclad" [PERK:003440D3]	00 00 00 00		1.000000	0	Subject.HasPerk(Ironclad03 "Ironclad" [PERK:003440D3], 00 00 00 00) = 1.000000 AND
003440DC	AbPerkBodyguards01	0	0	01000000	>	AND	Subject	GetPlayerTeammateCount	00 00 00 00	00 00 00 00		0.000000	0	Subject.GetPlayerTeammateCount(00 00 00 00, 00 00 00 00) > 0.000000 AND
003440DC	AbPerkBodyguards01	1	0	01000000	>	AND	Subject	GetPlayerTeammateCount	00 00 00 00	00 00 00 00		0.000000	0	Subject.GetPlayerTeammateCount(00 00 00 00, 00 00 00 00) > 0.000000 AND
003440DE	AbPerkBodyguards02	0	0	10000000	=	AND	Subject	HasPerk	Bodyguards04 "Bodyguards" [PERK:00310BF4]	00 00 00 00		0.000000	0	Subject.HasPerk(Bodyguards04 "Bodyguards" [PERK:00310BF4], 00 00 00 00) = 0.000000 AND
003440DE	AbPerkBodyguards02	0	1	10000000	=	AND	Subject	HasPerk	Bodyguards03 "Bodyguards" [PERK:00310BF7]	00 00 00 00		0.000000	0	Subject.HasPerk(Bodyguards03 "Bodyguards" [PERK:00310BF7], 00 00 00 00) = 0.000000 AND
003440DE	AbPerkBodyguards02	0	2	10000000	=	AND	Subject	GetPlayerTeammateCount	00 00 00 00	00 00 00 00		1.000000	0	Subject.GetPlayerTeammateCount(00 00 00 00, 00 00 00 00) = 1.000000 AND
003440DE	AbPerkBodyguards02	1	0	10000000	=	AND	Subject	HasPerk	Bodyguards04 "Bodyguards" [PERK:00310BF4]	00 00 00 00		0.000000	0	Subject.HasPerk(Bodyguards04 "Bodyguards" [PERK:00310BF4], 00 00 00 00) = 0.000000 AND
003440DE	AbPerkBodyguards02	1	1	10000000	=	AND	Subject	HasPerk	Bodyguards03 "Bodyguards" [PERK:00310BF7]	00 00 00 00		0.000000	0	Subject.HasPerk(Bodyguards03 "Bodyguards" [PERK:00310BF7], 00 00 00 00) = 0.000000 AND
003440DE	AbPerkBodyguards02	1	2	10000000	=	AND	Subject	GetPlayerTeammateCount	00 00 00 00	00 00 00 00		1.000000	0	Subject.GetPlayerTeammateCount(00 00 00 00, 00 00 00 00) = 1.000000 AND
003440DE	AbPerkBodyguards02	2	0	10000000	=	AND	Subject	HasPerk	Bodyguards04 "Bodyguards" [PERK:00310BF4]	00 00 00 00		0.000000	0	Subject.HasPerk(Bodyguards04 "Bodyguards" [PERK:00310BF4], 00 00 00 00) = 0.000000 AND
003440DE	AbPerkBodyguards02	2	1	10000000	=	AND	Subject	HasPerk	Bodyguards03 "Bodyguards" [PERK:00310BF7]	00 00 00 00		0.000000	0	Subject.HasPerk(Bodyguards03 "Bodyguards" [PERK:00310BF7], 00 00 00 00) = 0.000000 AND
003440DE	AbPerkBodyguards02	2	2	10000000	=	AND	Subject	GetPlayerTeammateCount	00 00 00 00	00 00 00 00		2.000000	0	Subject.GetPlayerTeammateCount(00 00 00 00, 00 00 00 00) = 2.000000 AND
003440DE	AbPerkBodyguards02	3	0	10000000	=	AND	Subject	HasPerk	Bodyguards04 "Bodyguards" [PERK:00310BF4]	00 00 00 00		0.000000	0	Subject.HasPerk(Bodyguards04 "Bodyguards" [PERK:00310BF4], 00 00 00 00) = 0.000000 AND
003440DE	AbPerkBodyguards02	3	1	10000000	=	AND	Subject	HasPerk	Bodyguards03 "Bodyguards" [PERK:00310BF7]	00 00 00 00		0.000000	0	Subject.HasPerk(Bodyguards03 "Bodyguards" [PERK:00310BF7], 00 00 00 00) = 0.000000 AND
003440DE	AbPerkBodyguards02	3	2	10000000	=	AND	Subject	GetPlayerTeammateCount	00 00 00 00	00 00 00 00		2.000000	0	Subject.GetPlayerTeammateCount(00 00 00 00, 00 00 00 00) = 2.000000 AND
003440DE	AbPerkBodyguards02	4	0	10000000	=	AND	Subject	HasPerk	Bodyguards04 "Bodyguards" [PERK:00310BF4]	00 00 00 00		0.000000	0	Subject.HasPerk(Bodyguards04 "Bodyguards" [PERK:00310BF4], 00 00 00 00) = 0.000000 AND
003440DE	AbPerkBodyguards02	4	1	10000000	=	AND	Subject	HasPerk	Bodyguards03 "Bodyguards" [PERK:00310BF7]	00 00 00 00		0.000000	0	Subject.HasPerk(Bodyguards03 "Bodyguards" [PERK:00310BF7], 00 00 00 00) = 0.000000 AND
003440DE	AbPerkBodyguards02	4	2	10000000	=	AND	Subject	GetPlayerTeammateCount	00 00 00 00	00 00 00 00		3.000000	0	Subject.GetPlayerTeammateCount(00 00 00 00, 00 00 00 00) = 3.000000 AND
003440DE	AbPerkBodyguards02	5	0	10000000	=	AND	Subject	HasPerk	Bodyguards04 "Bodyguards" [PERK:00310BF4]	00 00 00 00		0.000000	0	Subject.HasPerk(Bodyguards04 "Bodyguards" [PERK:00310BF4], 00 00 00 00) = 0.000000 AND
003440DE	AbPerkBodyguards02	5	1	10000000	=	AND	Subject	HasPerk	Bodyguards03 "Bodyguards" [PERK:00310BF7]	00 00 00 00		0.000000	0	Subject.HasPerk(Bodyguards03 "Bodyguards" [PERK:00310BF7], 00 00 00 00) = 0.000000 AND
003440DE	AbPerkBodyguards02	5	2	10000000	=	AND	Subject	GetPlayerTeammateCount	00 00 00 00	00 00 00 00		3.000000	0	Subject.GetPlayerTeammateCount(00 00 00 00, 00 00 00 00) = 3.000000 AND
003440DF	AbPerkBodyguards03	0	0	10000000	=	AND	Subject	HasPerk	Bodyguards04 "Bodyguards" [PERK:00310BF4]	00 00 00 00		0.000000	0	Subject.HasPerk(Bodyguards04 "Bodyguards" [PERK:00310BF4], 00 00 00 00) = 0.000000 AND
003440DF	AbPerkBodyguards03	0	1	10000000	=	AND	Subject	GetPlayerTeammateCount	00 00 00 00	00 00 00 00		1.000000	0	Subject.GetPlayerTeammateCount(00 00 00 00, 00 00 00 00) = 1.000000 AND
003440DF	AbPerkBodyguards03	1	0	10000000	=	AND	Subject	HasPerk	Bodyguards04 "Bodyguards" [PERK:00310BF4]	00 00 00 00		0.000000	0	Subject.HasPerk(Bodyguards04 "Bodyguards" [PERK:00310BF4], 00 00 00 00) = 0.000000 AND
003440DF	AbPerkBodyguards03	1	1	10000000	=	AND	Subject	GetPlayerTeammateCount	00 00 00 00	00 00 00 00		1.000000	0	Subject.GetPlayerTeammateCount(00 00 00 00, 00 00 00 00) = 1.000000 AND
003440DF	AbPerkBodyguards03	2	0	10000000	=	AND	Subject	HasPerk	Bodyguards04 "Bodyguards" [PERK:00310BF4]	00 00 00 00		0.000000	0	Subject.HasPerk(Bodyguards04 "Bodyguards" [PERK:00310BF4], 00 00 00 00) = 0.000000 AND
003440DF	AbPerkBodyguards03	2	1	10000000	=	AND	Subject	GetPlayerTeammateCount	00 00 00 00	00 00 00 00		2.000000	0	Subject.GetPlayerTeammateCount(00 00 00 00, 00 00 00 00) = 2.000000 AND
003440DF	AbPerkBodyguards03	3	0	10000000	=	AND	Subject	HasPerk	Bodyguards04 "Bodyguards" [PERK:00310BF4]	00 00 00 00		0.000000	0	Subject.HasPerk(Bodyguards04 "Bodyguards" [PERK:00310BF4], 00 00 00 00) = 0.000000 AND
003440DF	AbPerkBodyguards03	3	1	10000000	=	AND	Subject	GetPlayerTeammateCount	00 00 00 00	00 00 00 00		2.000000	0	Subject.GetPlayerTeammateCount(00 00 00 00, 00 00 00 00) = 2.000000 AND
003440DF	AbPerkBodyguards03	4	0	10000000	=	AND	Subject	HasPerk	Bodyguards04 "Bodyguards" [PERK:00310BF4]	00 00 00 00		0.000000	0	Subject.HasPerk(Bodyguards04 "Bodyguards" [PERK:00310BF4], 00 00 00 00) = 0.000000 AND
003440DF	AbPerkBodyguards03	4	1	10000000	=	AND	Subject	GetPlayerTeammateCount	00 00 00 00	00 00 00 00		3.000000	0	Subject.GetPlayerTeammateCount(00 00 00 00, 00 00 00 00) = 3.000000 AND
003440DF	AbPerkBodyguards03	5	0	10000000	=	AND	Subject	HasPerk	Bodyguards04 "Bodyguards" [PERK:00310BF4]	00 00 00 00		0.000000	0	Subject.HasPerk(Bodyguards04 "Bodyguards" [PERK:00310BF4], 00 00 00 00) = 0.000000 AND
003440DF	AbPerkBodyguards03	5	1	10000000	=	AND	Subject	GetPlayerTeammateCount	00 00 00 00	00 00 00 00		3.000000	0	Subject.GetPlayerTeammateCount(00 00 00 00, 00 00 00 00) = 3.000000 AND
003440E0	AbPerkBodyguards04	0	0	10000000	=	AND	Subject	GetPlayerTeammateCount	00 00 00 00	00 00 00 00		1.000000	0	Subject.GetPlayerTeammateCount(00 00 00 00, 00 00 00 00) = 1.000000 AND
003440E0	AbPerkBodyguards04	1	0	10000000	=	AND	Subject	GetPlayerTeammateCount	00 00 00 00	00 00 00 00		1.000000	0	Subject.GetPlayerTeammateCount(00 00 00 00, 00 00 00 00) = 1.000000 AND
003440E0	AbPerkBodyguards04	2	0	10000000	=	AND	Subject	GetPlayerTeammateCount	00 00 00 00	00 00 00 00		2.000000	0	Subject.GetPlayerTeammateCount(00 00 00 00, 00 00 00 00) = 2.000000 AND
003440E0	AbPerkBodyguards04	3	0	10000000	=	AND	Subject	GetPlayerTeammateCount	00 00 00 00	00 00 00 00		2.000000	0	Subject.GetPlayerTeammateCount(00 00 00 00, 00 00 00 00) = 2.000000 AND
003440E0	AbPerkBodyguards04	4	0	10000000	=	AND	Subject	GetPlayerTeammateCount	00 00 00 00	00 00 00 00		3.000000	0	Subject.GetPlayerTeammateCount(00 00 00 00, 00 00 00 00) = 3.000000 AND
003440E0	AbPerkBodyguards04	5	0	10000000	=	AND	Subject	GetPlayerTeammateCount	00 00 00 00	00 00 00 00		3.000000	0	Subject.GetPlayerTeammateCount(00 00 00 00, 00 00 00 00) = 3.000000 AND
0034A899	AbPerkBornSurvivor	0	0	10000000	=	AND	Subject	HasPerk	BornSurvivor02 "Born Survivor" [PERK:00330BA3]	00 00 00 00		0.000000	0	Subject.HasPerk(BornSurvivor02 "Born Survivor" [PERK:00330BA3], 00 00 00 00) = 0.000000 AND
0034A899	AbPerkBornSurvivor	0	1	01000000	>	AND	Subject	GetRadsHealthPercentage	00 00 00 00	00 00 00 00		0.000000	0	Subject.GetRadsHealthPercentage(00 00 00 00, 00 00 00 00) > 0.000000 AND
0034A899	AbPerkBornSurvivor	0	2	10100000	<=	AND	Subject	GetRadsHealthPercentage	00 00 00 00	00 00 00 00		0.200000	0	Subject.GetRadsHealthPercentage(00 00 00 00, 00 00 00 00) <= 0.200000 AND
0034A899	AbPerkBornSurvivor	0	3	01010000	>	OR	Subject	GetItemCount	Stimpak "Stimpak" [ALCH:00023736]	00 00 00 00		0.000000	0	Subject.GetItemCount(Stimpak "Stimpak" [ALCH:00023736], 00 00 00 00) > 0.000000 OR
0034A899	AbPerkBornSurvivor	0	4	01010000	>	OR	Subject	GetItemCount	SuperStimpak "Stimpak: Super" [ALCH:00117DF9]	00 00 00 00		0.000000	0	Subject.GetItemCount(SuperStimpak "Stimpak: Super" [ALCH:00117DF9], 00 00 00 00) > 0.000000 OR
0034A899	AbPerkBornSurvivor	0	5	01010000	>	OR	Subject	GetItemCount	StimpakDiluted "Stimpak: Diluted" [ALCH:003078C2]	00 00 00 00		0.000000	0	Subject.GetItemCount(StimpakDiluted "Stimpak: Diluted" [ALCH:003078C2], 00 00 00 00) > 0.000000 OR
0034A899	AbPerkBornSurvivor	1	0	10000000	=	AND	Subject	HasPerk	BornSurvivor02 "Born Survivor" [PERK:00330BA3]	00 00 00 00		1.000000	0	Subject.HasPerk(BornSurvivor02 "Born Survivor" [PERK:00330BA3], 00 00 00 00) = 1.000000 AND
0034A899	AbPerkBornSurvivor	1	1	10000000	=	AND	Subject	HasPerk	BornSurvivor03 "Born Survivor" [PERK:00330BA4]	00 00 00 00		0.000000	0	Subject.HasPerk(BornSurvivor03 "Born Survivor" [PERK:00330BA4], 00 00 00 00) = 0.000000 AND
0034A899	AbPerkBornSurvivor	1	2	01000000	>	AND	Subject	GetRadsHealthPercentage	00 00 00 00	00 00 00 00		0.000000	0	Subject.GetRadsHealthPercentage(00 00 00 00, 00 00 00 00) > 0.000000 AND
0034A899	AbPerkBornSurvivor	1	3	10100000	<=	AND	Subject	GetRadsHealthPercentage	00 00 00 00	00 00 00 00		0.300000	0	Subject.GetRadsHealthPercentage(00 00 00 00, 00 00 00 00) <= 0.300000 AND
0034A899	AbPerkBornSurvivor	1	4	01010000	>	OR	Subject	GetItemCount	Stimpak "Stimpak" [ALCH:00023736]	00 00 00 00		0.000000	0	Subject.GetItemCount(Stimpak "Stimpak" [ALCH:00023736], 00 00 00 00) > 0.000000 OR
0034A899	AbPerkBornSurvivor	1	5	01010000	>	OR	Subject	GetItemCount	SuperStimpak "Stimpak: Super" [ALCH:00117DF9]	00 00 00 00		0.000000	0	Subject.GetItemCount(SuperStimpak "Stimpak: Super" [ALCH:00117DF9], 00 00 00 00) > 0.000000 OR
0034A899	AbPerkBornSurvivor	1	6	01010000	>	OR	Subject	GetItemCount	StimpakDiluted "Stimpak: Diluted" [ALCH:003078C2]	00 00 00 00		0.000000	0	Subject.GetItemCount(StimpakDiluted "Stimpak: Diluted" [ALCH:003078C2], 00 00 00 00) > 0.000000 OR
0034A899	AbPerkBornSurvivor	2	0	10000000	=	AND	Subject	HasPerk	BornSurvivor03 "Born Survivor" [PERK:00330BA4]	00 00 00 00		1.000000	0	Subject.HasPerk(BornSurvivor03 "Born Survivor" [PERK:00330BA4], 00 00 00 00) = 1.000000 AND
0034A899	AbPerkBornSurvivor	2	1	01000000	>	AND	Subject	GetRadsHealthPercentage	00 00 00 00	00 00 00 00		0.000000	0	Subject.GetRadsHealthPercentage(00 00 00 00, 00 00 00 00) > 0.000000 AND
0034A899	AbPerkBornSurvivor	2	2	10100000	<=	AND	Subject	GetRadsHealthPercentage	00 00 00 00	00 00 00 00		0.400000	0	Subject.GetRadsHealthPercentage(00 00 00 00, 00 00 00 00) <= 0.400000 AND
0034A899	AbPerkBornSurvivor	2	3	01010000	>	OR	Subject	GetItemCount	Stimpak "Stimpak" [ALCH:00023736]	00 00 00 00		0.000000	0	Subject.GetItemCount(Stimpak "Stimpak" [ALCH:00023736], 00 00 00 00) > 0.000000 OR
0034A899	AbPerkBornSurvivor	2	4	01010000	>	OR	Subject	GetItemCount	SuperStimpak "Stimpak: Super" [ALCH:00117DF9]	00 00 00 00		0.000000	0	Subject.GetItemCount(SuperStimpak "Stimpak: Super" [ALCH:00117DF9], 00 00 00 00) > 0.000000 OR
0034A899	AbPerkBornSurvivor	2	5	01010000	>	OR	Subject	GetItemCount	StimpakDiluted "Stimpak: Diluted" [ALCH:003078C2]	00 00 00 00		0.000000	0	Subject.GetItemCount(StimpakDiluted "Stimpak: Diluted" [ALCH:003078C2], 00 00 00 00) > 0.000000 OR
0036B84B	zzzSFS08_Heart_PoisonFXSpell	0	0	10000000	=	AND	Subject	HasMagicEffect	zzzSFS08_Heart_StranglerPoisonEffect "Strangler Poison" [MGEF:0036B848]	00 00 00 00		0.000000	0	Subject.HasMagicEffect(zzzSFS08_Heart_StranglerPoisonEffect "Strangler Poison" [MGEF:0036B848], 00 00 00 00) = 0.000000 AND
003713DB	Test_Tut05_VentsSpell	0	0	10100000	<=	AND	Subject	GetValue	PlayerLevel [AVIF:0000032C]	00 00 00 00		10.000000	0	Subject.GetValue(PlayerLevel [AVIF:0000032C], 00 00 00 00) <= 10.000000 AND
003713DB	Test_Tut05_VentsSpell	1	0	10100000	<=	AND	Subject	GetValue	PlayerLevel [AVIF:0000032C]	00 00 00 00		20.000000	0	Subject.GetValue(PlayerLevel [AVIF:0000032C], 00 00 00 00) <= 20.000000 AND
003713DB	Test_Tut05_VentsSpell	2	0	10100000	<=	AND	Subject	GetValue	PlayerLevel [AVIF:0000032C]	00 00 00 00		40.000000	0	Subject.GetValue(PlayerLevel [AVIF:0000032C], 00 00 00 00) <= 40.000000 AND
003713DB	Test_Tut05_VentsSpell	3	0	01000000	>	AND	Subject	GetValue	PlayerLevel [AVIF:0000032C]	00 00 00 00		40.000000	0	Subject.GetValue(PlayerLevel [AVIF:0000032C], 00 00 00 00) > 40.000000 AND
003808C8	AbPerkTheWeird	0	0	10000000	=	AND	Subject	HasMagicEffectKeyword	AbilityTypeMutation [KYWD:003808CE]	00 00 00 00		1.000000	0	Subject.HasMagicEffectKeyword(AbilityTypeMutation [KYWD:003808CE], 00 00 00 00) = 1.000000 AND
003808D1	AbPerkStrangeInNumbers	0	0	10000000	=	AND	Subject	HasMagicEffectKeyword	AbilityTypeMutation [KYWD:003808CE]	00 00 00 00		1.000000	0	Subject.HasMagicEffectKeyword(AbilityTypeMutation [KYWD:003808CE], 00 00 00 00) = 1.000000 AND
003808AB	AbPerkRadSponge	0	0	10000000	=	AND	Subject	HasPerk	RadSponge01 "Rad Sponge" [PERK:003808A9]	00 00 00 00		1.000000	0	Subject.HasPerk(RadSponge01 "Rad Sponge" [PERK:003808A9], 00 00 00 00) = 1.000000 AND
003879AC	AbRaceHoneyBeast	1	0	10000000	=	AND	Subject	GetGlobalValue	TrueGlobal [GLOB:00036E00]	00 00 00 00		0.000000	0	Subject.GetGlobalValue(TrueGlobal [GLOB:00036E00], 00 00 00 00) = 0.000000 AND
003896E9	PerkSpiritualHealer	0	0	10000000	=	AND	Subject	HasPerk	SpiritualHealer02 "Spiritual Healer" [PERK:003896EA]	00 00 00 00		0.000000	0	Subject.HasPerk(SpiritualHealer02 "Spiritual Healer" [PERK:003896EA], 00 00 00 00) = 0.000000 AND
003896E9	PerkSpiritualHealer	1	0	10000000	=	AND	Subject	HasPerk	SpiritualHealer02 "Spiritual Healer" [PERK:003896EA]	00 00 00 00		1.000000	0	Subject.HasPerk(SpiritualHealer02 "Spiritual Healer" [PERK:003896EA], 00 00 00 00) = 1.000000 AND
003896E9	PerkSpiritualHealer	1	1	10000000	=	AND	Subject	HasPerk	SpiritualHealer03 "Spiritual Healer" [PERK:003896EB]	00 00 00 00		0.000000	0	Subject.HasPerk(SpiritualHealer03 "Spiritual Healer" [PERK:003896EB], 00 00 00 00) = 0.000000 AND
003896E9	PerkSpiritualHealer	2	0	10000000	=	AND	Subject	HasPerk	SpiritualHealer03 "Spiritual Healer" [PERK:003896EB]	00 00 00 00		1.000000	0	Subject.HasPerk(SpiritualHealer03 "Spiritual Healer" [PERK:003896EB], 00 00 00 00) = 1.000000 AND
003896F3	AbPerkDeadManSprinting	0	0	10000000	=	AND	Subject	HasPerk	DeadManSprinting02 "Dead Man Sprinting" [PERK:003896F4]	00 00 00 00		0.000000	0	Subject.HasPerk(DeadManSprinting02 "Dead Man Sprinting" [PERK:003896F4], 00 00 00 00) = 0.000000 AND
003896F3	AbPerkDeadManSprinting	0	1	10000000	=	AND	Subject	IsSprinting	00 00 00 00	00 00 00 00		1.000000	0	Subject.IsSprinting(00 00 00 00, 00 00 00 00) = 1.000000 AND
003896F3	AbPerkDeadManSprinting	0	2	10100000	<=	AND	Subject	GetHealthPercentage	00 00 00 00	00 00 00 00		0.400000	0	Subject.GetHealthPercentage(00 00 00 00, 00 00 00 00) <= 0.400000 AND
003896F3	AbPerkDeadManSprinting	1	0	10000000	=	AND	Subject	HasPerk	DeadManSprinting02 "Dead Man Sprinting" [PERK:003896F4]	00 00 00 00		1.000000	0	Subject.HasPerk(DeadManSprinting02 "Dead Man Sprinting" [PERK:003896F4], 00 00 00 00) = 1.000000 AND
003896F3	AbPerkDeadManSprinting	1	1	10000000	=	AND	Subject	IsSprinting	00 00 00 00	00 00 00 00		1.000000	0	Subject.IsSprinting(00 00 00 00, 00 00 00 00) = 1.000000 AND
003896F3	AbPerkDeadManSprinting	1	2	10100000	<=	AND	Subject	GetHealthPercentage	00 00 00 00	00 00 00 00		0.500000	0	Subject.GetHealthPercentage(00 00 00 00, 00 00 00 00) <= 0.500000 AND
00389CC8	AbRaceTick	1	0	10000000	=	AND	Subject	GetGlobalValue	TrueGlobal [GLOB:00036E00]	00 00 00 00		0.000000	0	Subject.GetGlobalValue(TrueGlobal [GLOB:00036E00], 00 00 00 00) = 0.000000 AND
0038AB8F	AbPerkSecretAgent	0	0	10000000	=	AND	Subject	HasPerkCardEquipped	SecretAgentCard [PCRD:0038AB93]	2		0.000000	0	Subject.HasPerkCardEquipped(SecretAgentCard [PCRD:0038AB93], 2) = 0.000000 AND
0038AB8F	AbPerkSecretAgent	1	0	10000000	=	AND	Subject	HasPerkCardEquipped	SecretAgentCard [PCRD:0038AB93]	2		1.000000	0	Subject.HasPerkCardEquipped(SecretAgentCard [PCRD:0038AB93], 2) = 1.000000 AND
0038AB8F	AbPerkSecretAgent	1	1	10000000	=	AND	Subject	HasPerkCardEquipped	SecretAgentCard [PCRD:0038AB93]	3		0.000000	0	Subject.HasPerkCardEquipped(SecretAgentCard [PCRD:0038AB93], 3) = 0.000000 AND
0038AB8F	AbPerkSecretAgent	2	0	10000000	=	AND	Subject	HasPerkCardEquipped	SecretAgentCard [PCRD:0038AB93]	3		1.000000	0	Subject.HasPerkCardEquipped(SecretAgentCard [PCRD:0038AB93], 3) = 1.000000 AND
00391F1B	AbPerkStormChaser	0	0	10000000	=	AND	Subject	HasPerk	StormChaser02 "Storm Chaser" [PERK:00391F1C]	00 00 00 00		0.000000	0	Subject.HasPerk(StormChaser02 "Storm Chaser" [PERK:00391F1C], 00 00 00 00) = 0.000000 AND
00391F1B	AbPerkStormChaser	0	1	10000000	=	AND	Subject	IsInInterior	00 00 00 00	00 00 00 00		0.000000	0	Subject.IsInInterior(00 00 00 00, 00 00 00 00) = 0.000000 AND
00391F1B	AbPerkStormChaser	0	2	10010000	=	OR	Subject	IsInWeather	NewWeatherMistyRainy [WTHR:002DB88F]	00 00 00 00		1.000000	0	Subject.IsInWeather(NewWeatherMistyRainy [WTHR:002DB88F], 00 00 00 00) = 1.000000 OR
00391F1B	AbPerkStormChaser	0	3	10010000	=	OR	Subject	IsInWeather	NewWeatherRain [WTHR:002DB892]	00 00 00 00		1.000000	0	Subject.IsInWeather(NewWeatherRain [WTHR:002DB892], 00 00 00 00) = 1.000000 OR
00391F1B	AbPerkStormChaser	0	4	10010000	=	OR	Subject	IsInWeather	NewWeatherRadstorm [WTHR:002DB891]	00 00 00 00		1.000000	0	Subject.IsInWeather(NewWeatherRadstorm [WTHR:002DB891], 00 00 00 00) = 1.000000 OR
00391F1B	AbPerkStormChaser	1	0	10000000	=	AND	Subject	HasPerk	StormChaser02 "Storm Chaser" [PERK:00391F1C]	00 00 00 00		1.000000	0	Subject.HasPerk(StormChaser02 "Storm Chaser" [PERK:00391F1C], 00 00 00 00) = 1.000000 AND
00391F1B	AbPerkStormChaser	1	1	10000000	=	AND	Subject	IsInInterior	00 00 00 00	00 00 00 00		0.000000	0	Subject.IsInInterior(00 00 00 00, 00 00 00 00) = 0.000000 AND
00391F1B	AbPerkStormChaser	1	2	10010000	=	OR	Subject	IsInWeather	NewWeatherMistyRainy [WTHR:002DB88F]	00 00 00 00		1.000000	0	Subject.IsInWeather(NewWeatherMistyRainy [WTHR:002DB88F], 00 00 00 00) = 1.000000 OR
00391F1B	AbPerkStormChaser	1	3	10010000	=	OR	Subject	IsInWeather	NewWeatherRain [WTHR:002DB892]	00 00 00 00		1.000000	0	Subject.IsInWeather(NewWeatherRain [WTHR:002DB892], 00 00 00 00) = 1.000000 OR
00391F1B	AbPerkStormChaser	1	4	10010000	=	OR	Subject	IsInWeather	NewWeatherRadstorm [WTHR:002DB891]	00 00 00 00		1.000000	0	Subject.IsInWeather(NewWeatherRadstorm [WTHR:002DB891], 00 00 00 00) = 1.000000 OR
00393F7B	AbPerkRadicool	0	0	01000000	>	AND	Subject	GetValue	Rads "Rads" [AVIF:000002E1]	00 00 00 00		100.000000	0	Subject.GetValue(Rads "Rads" [AVIF:000002E1], 00 00 00 00) > 100.000000 AND
00393F7B	AbPerkRadicool	1	0	01000000	>	AND	Subject	GetValue	Rads "Rads" [AVIF:000002E1]	00 00 00 00		190.000000	0	Subject.GetValue(Rads "Rads" [AVIF:000002E1], 00 00 00 00) > 190.000000 AND
00393F7B	AbPerkRadicool	2	0	01000000	>	AND	Subject	GetValue	Rads "Rads" [AVIF:000002E1]	00 00 00 00		280.000000	0	Subject.GetValue(Rads "Rads" [AVIF:000002E1], 00 00 00 00) > 280.000000 AND
00393F7B	AbPerkRadicool	3	0	01000000	>	AND	Subject	GetValue	Rads "Rads" [AVIF:000002E1]	00 00 00 00		370.000000	0	Subject.GetValue(Rads "Rads" [AVIF:000002E1], 00 00 00 00) > 370.000000 AND
00393F7B	AbPerkRadicool	4	0	01000000	>	AND	Subject	GetValue	Rads "Rads" [AVIF:000002E1]	00 00 00 00		460.000000	0	Subject.GetValue(Rads "Rads" [AVIF:000002E1], 00 00 00 00) > 460.000000 AND
00393F7B	AbPerkRadicool	5	0	10000000	=	AND	Subject	HasPerk	CUT_Radicool02 "Radicool" [PERK:00393F7C]	00 00 00 00		1.000000	0	Subject.HasPerk(CUT_Radicool02 "Radicool" [PERK:00393F7C], 00 00 00 00) = 1.000000 AND
00393F7B	AbPerkRadicool	5	1	01000000	>	AND	Subject	GetValue	Rads "Rads" [AVIF:000002E1]	00 00 00 00		130.000000	0	Subject.GetValue(Rads "Rads" [AVIF:000002E1], 00 00 00 00) > 130.000000 AND
00393F7B	AbPerkRadicool	6	0	10000000	=	AND	Subject	HasPerk	CUT_Radicool02 "Radicool" [PERK:00393F7C]	00 00 00 00		1.000000	0	Subject.HasPerk(CUT_Radicool02 "Radicool" [PERK:00393F7C], 00 00 00 00) = 1.000000 AND
00393F7B	AbPerkRadicool	6	1	01000000	>	AND	Subject	GetValue	Rads "Rads" [AVIF:000002E1]	00 00 00 00		220.000000	0	Subject.GetValue(Rads "Rads" [AVIF:000002E1], 00 00 00 00) > 220.000000 AND
00393F7B	AbPerkRadicool	7	0	10000000	=	AND	Subject	HasPerk	CUT_Radicool02 "Radicool" [PERK:00393F7C]	00 00 00 00		1.000000	0	Subject.HasPerk(CUT_Radicool02 "Radicool" [PERK:00393F7C], 00 00 00 00) = 1.000000 AND
00393F7B	AbPerkRadicool	7	1	01000000	>	AND	Subject	GetValue	Rads "Rads" [AVIF:000002E1]	00 00 00 00		310.000000	0	Subject.GetValue(Rads "Rads" [AVIF:000002E1], 00 00 00 00) > 310.000000 AND
00393F7B	AbPerkRadicool	8	0	10000000	=	AND	Subject	HasPerk	CUT_Radicool02 "Radicool" [PERK:00393F7C]	00 00 00 00		1.000000	0	Subject.HasPerk(CUT_Radicool02 "Radicool" [PERK:00393F7C], 00 00 00 00) = 1.000000 AND
00393F7B	AbPerkRadicool	8	1	01000000	>	AND	Subject	GetValue	Rads "Rads" [AVIF:000002E1]	00 00 00 00		400.000000	0	Subject.GetValue(Rads "Rads" [AVIF:000002E1], 00 00 00 00) > 400.000000 AND
00393F7B	AbPerkRadicool	9	0	10000000	=	AND	Subject	HasPerk	CUT_Radicool02 "Radicool" [PERK:00393F7C]	00 00 00 00		1.000000	0	Subject.HasPerk(CUT_Radicool02 "Radicool" [PERK:00393F7C], 00 00 00 00) = 1.000000 AND
00393F7B	AbPerkRadicool	9	1	01000000	>	AND	Subject	GetValue	Rads "Rads" [AVIF:000002E1]	00 00 00 00		490.000000	0	Subject.GetValue(Rads "Rads" [AVIF:000002E1], 00 00 00 00) > 490.000000 AND
00393F7B	AbPerkRadicool	10	0	10000000	=	AND	Subject	HasPerk	CUT_Radicool03 "Radicool" [PERK:00393F7E]	00 00 00 00		1.000000	0	Subject.HasPerk(CUT_Radicool03 "Radicool" [PERK:00393F7E], 00 00 00 00) = 1.000000 AND
00393F7B	AbPerkRadicool	10	1	01000000	>	AND	Subject	GetValue	Rads "Rads" [AVIF:000002E1]	00 00 00 00		160.000000	0	Subject.GetValue(Rads "Rads" [AVIF:000002E1], 00 00 00 00) > 160.000000 AND
00393F7B	AbPerkRadicool	11	0	10000000	=	AND	Subject	HasPerk	CUT_Radicool03 "Radicool" [PERK:00393F7E]	00 00 00 00		1.000000	0	Subject.HasPerk(CUT_Radicool03 "Radicool" [PERK:00393F7E], 00 00 00 00) = 1.000000 AND
00393F7B	AbPerkRadicool	11	1	01000000	>	AND	Subject	GetValue	Rads "Rads" [AVIF:000002E1]	00 00 00 00		250.000000	0	Subject.GetValue(Rads "Rads" [AVIF:000002E1], 00 00 00 00) > 250.000000 AND
00393F7B	AbPerkRadicool	12	0	10000000	=	AND	Subject	HasPerk	CUT_Radicool03 "Radicool" [PERK:00393F7E]	00 00 00 00		1.000000	0	Subject.HasPerk(CUT_Radicool03 "Radicool" [PERK:00393F7E], 00 00 00 00) = 1.000000 AND
00393F7B	AbPerkRadicool	12	1	01000000	>	AND	Subject	GetValue	Rads "Rads" [AVIF:000002E1]	00 00 00 00		340.000000	0	Subject.GetValue(Rads "Rads" [AVIF:000002E1], 00 00 00 00) > 340.000000 AND
00393F7B	AbPerkRadicool	13	0	10000000	=	AND	Subject	HasPerk	CUT_Radicool03 "Radicool" [PERK:00393F7E]	00 00 00 00		1.000000	0	Subject.HasPerk(CUT_Radicool03 "Radicool" [PERK:00393F7E], 00 00 00 00) = 1.000000 AND
00393F7B	AbPerkRadicool	13	1	01000000	>	AND	Subject	GetValue	Rads "Rads" [AVIF:000002E1]	00 00 00 00		430.000000	0	Subject.GetValue(Rads "Rads" [AVIF:000002E1], 00 00 00 00) > 430.000000 AND
00393F7B	AbPerkRadicool	14	0	10000000	=	AND	Subject	HasPerk	CUT_Radicool03 "Radicool" [PERK:00393F7E]	00 00 00 00		1.000000	0	Subject.HasPerk(CUT_Radicool03 "Radicool" [PERK:00393F7E], 00 00 00 00) = 1.000000 AND
00393F7B	AbPerkRadicool	14	1	01000000	>	AND	Subject	GetValue	Rads "Rads" [AVIF:000002E1]	00 00 00 00		520.000000	0	Subject.GetValue(Rads "Rads" [AVIF:000002E1], 00 00 00 00) > 520.000000 AND
00393F61	AbPerkGlowSight	0	0	10000000	=	AND	Subject	HasPerk	GlowSight02 "Glow Sight" [PERK:00393F63]	00 00 00 00		0.000000	0	Subject.HasPerk(GlowSight02 "Glow Sight" [PERK:00393F63], 00 00 00 00) = 0.000000 AND
00393F61	AbPerkGlowSight	1	0	10000000	=	AND	Subject	HasPerk	GlowSight02 "Glow Sight" [PERK:00393F63]	00 00 00 00		1.000000	0	Subject.HasPerk(GlowSight02 "Glow Sight" [PERK:00393F63], 00 00 00 00) = 1.000000 AND
00393F61	AbPerkGlowSight	1	1	10000000	=	AND	Subject	HasPerk	GlowSight03 "Glow Sight" [PERK:00393F64]	00 00 00 00		0.000000	0	Subject.HasPerk(GlowSight03 "Glow Sight" [PERK:00393F64], 00 00 00 00) = 0.000000 AND
00393F61	AbPerkGlowSight	2	0	10000000	=	AND	Subject	HasPerk	GlowSight03 "Glow Sight" [PERK:00393F64]	00 00 00 00		1.000000	0	Subject.HasPerk(GlowSight03 "Glow Sight" [PERK:00393F64], 00 00 00 00) = 1.000000 AND
00393F73	AbPerkSunKissed	0	0	10000000	=	AND	Subject	GetIsPlayerGhoul	00 00 00 00	00 00 00 00		0.000000	0	Subject.GetIsPlayerGhoul(00 00 00 00, 00 00 00 00) = 0.000000 AND
00393F73	AbPerkSunKissed	0	1	10000000	=	AND	Subject	HasPerk	SunKissed02 "Sun Kissed" [PERK:00393F74]	00 00 00 00		0.000000	0	Subject.HasPerk(SunKissed02 "Sun Kissed" [PERK:00393F74], 00 00 00 00) = 0.000000 AND
00393F73	AbPerkSunKissed	0	2	10000000	=	AND	Subject	IsTrueForConditionForm	Perk_Day_Condition [CNDF:0090ABDC]	00 00 00 00		1.000000	0	Subject.IsTrueForConditionForm(Perk_Day_Condition [CNDF:0090ABDC], 00 00 00 00) = 1.000000 AND
00393F73	AbPerkSunKissed	1	0	10000000	=	AND	Subject	GetIsPlayerGhoul	00 00 00 00	00 00 00 00		0.000000	0	Subject.GetIsPlayerGhoul(00 00 00 00, 00 00 00 00) = 0.000000 AND
00393F73	AbPerkSunKissed	1	1	10000000	=	AND	Subject	HasPerk	SunKissed02 "Sun Kissed" [PERK:00393F74]	00 00 00 00		1.000000	0	Subject.HasPerk(SunKissed02 "Sun Kissed" [PERK:00393F74], 00 00 00 00) = 1.000000 AND
00393F73	AbPerkSunKissed	1	2	10000000	=	AND	Subject	IsTrueForConditionForm	Perk_Day_Condition [CNDF:0090ABDC]	00 00 00 00		1.000000	0	Subject.IsTrueForConditionForm(Perk_Day_Condition [CNDF:0090ABDC], 00 00 00 00) = 1.000000 AND
00393F56	AbPerkFireproof	0	0	10000000	=	AND	Subject	HasPerk	Fireproof02 "Hardy" [PERK:00393F57]	00 00 00 00		0.000000	0	Subject.HasPerk(Fireproof02 "Hardy" [PERK:00393F57], 00 00 00 00) = 0.000000 AND
00393F56	AbPerkFireproof	1	0	10000000	=	AND	Subject	HasPerk	Fireproof02 "Hardy" [PERK:00393F57]	00 00 00 00		1.000000	0	Subject.HasPerk(Fireproof02 "Hardy" [PERK:00393F57], 00 00 00 00) = 1.000000 AND
00393F56	AbPerkFireproof	1	1	10000000	=	AND	Subject	HasPerk	Fireproof03 "Hardy" [PERK:00393F59]	00 00 00 00		0.000000	0	Subject.HasPerk(Fireproof03 "Hardy" [PERK:00393F59], 00 00 00 00) = 0.000000 AND
00393F56	AbPerkFireproof	2	0	10000000	=	AND	Subject	HasPerk	Fireproof03 "Hardy" [PERK:00393F59]	00 00 00 00		1.000000	0	Subject.HasPerk(Fireproof03 "Hardy" [PERK:00393F59], 00 00 00 00) = 1.000000 AND
00393F67	AbPerkGrenadier	0	0	10000000	=	AND	Subject	HasPerk	Grenadier02 "Grenadier" [PERK:00393F69]	00 00 00 00		0.000000	0	Subject.HasPerk(Grenadier02 "Grenadier" [PERK:00393F69], 00 00 00 00) = 0.000000 AND
00393F67	AbPerkGrenadier	1	0	10000000	=	AND	Subject	HasPerk	Grenadier02 "Grenadier" [PERK:00393F69]	00 00 00 00		1.000000	0	Subject.HasPerk(Grenadier02 "Grenadier" [PERK:00393F69], 00 00 00 00) = 1.000000 AND
00393F6F	AbPerkHomebody	0	0	10000000	=	AND	Subject	HasPerk	Homebody01 "Homebody" [PERK:00393F6E]	00 00 00 00		1.000000	0	Subject.HasPerk(Homebody01 "Homebody" [PERK:00393F6E], 00 00 00 00) = 1.000000 AND
00393F6F	AbPerkHomebody	0	1	10010000	=	OR	Subject	LocationHasPlayerOwnedWorkshop	00 00 00 00	00 00 00 00		1.000000	0	Subject.LocationHasPlayerOwnedWorkshop(00 00 00 00, 00 00 00 00) = 1.000000 OR
00393F6F	AbPerkHomebody	0	2	10010000	=	OR	Subject	IsPlayerInCampOwned	00 00 00 00	00 00 00 00		1.000000	0	Subject.IsPlayerInCampOwned(00 00 00 00, 00 00 00 00) = 1.000000 OR
00393F6F	AbPerkHomebody	0	3	10010000	=	OR	Subject	IsPlayerInShelterOwned	00 00 00 00	00 00 00 00		1.000000	0	Subject.IsPlayerInShelterOwned(00 00 00 00, 00 00 00 00) = 1.000000 OR
00393F6F	AbPerkHomebody	1	0	10000000	=	AND	Subject	HasPerk	Homebody01 "Homebody" [PERK:00393F6E]	00 00 00 00		1.000000	0	Subject.HasPerk(Homebody01 "Homebody" [PERK:00393F6E], 00 00 00 00) = 1.000000 AND
00393F6F	AbPerkHomebody	1	1	10010000	=	OR	Subject	LocationHasPlayerOwnedWorkshop	00 00 00 00	00 00 00 00		1.000000	0	Subject.LocationHasPlayerOwnedWorkshop(00 00 00 00, 00 00 00 00) = 1.000000 OR
00393F6F	AbPerkHomebody	1	2	10010000	=	OR	Subject	IsPlayerInCampOwned	00 00 00 00	00 00 00 00		1.000000	0	Subject.IsPlayerInCampOwned(00 00 00 00, 00 00 00 00) = 1.000000 OR
00393F6F	AbPerkHomebody	1	3	10010000	=	OR	Subject	IsPlayerInShelterOwned	00 00 00 00	00 00 00 00		1.000000	0	Subject.IsPlayerInShelterOwned(00 00 00 00, 00 00 00 00) = 1.000000 OR
00397CB6	PerkRevenantSpell	0	0	10100000	<=	AND	Subject	GetNumActiveEffectsWithKeyword	PerkRevenantEffectKeyword [KYWD:0084BC71]	00 00 00 00		1.000000	0	Subject.GetNumActiveEffectsWithKeyword(PerkRevenantEffectKeyword [KYWD:0084BC71], 00 00 00 00) <= 1.000000 AND
003989C1	AbRaceHoneyBeastBeeSwarm	0	0	10000000	=	AND	Subject	HasKeyword	BeeSwarmNoDisperseKeyword [KYWD:006AF9AA]	00 00 00 00		0.000000	0	Subject.HasKeyword(BeeSwarmNoDisperseKeyword [KYWD:006AF9AA], 00 00 00 00) = 0.000000 AND
003989C1	AbRaceHoneyBeastBeeSwarm	1	0	10000000	=	AND	Subject	HasKeyword	BeeSwarmNoDisperseKeyword [KYWD:006AF9AA]	00 00 00 00		1.000000	0	Subject.HasKeyword(BeeSwarmNoDisperseKeyword [KYWD:006AF9AA], 00 00 00 00) = 1.000000 AND
00398B36	AbRaceMegaSloth	1	0	10000000	=	AND	Subject	GetGlobalValue	TrueGlobal [GLOB:00036E00]	00 00 00 00		0.000000	0	Subject.GetGlobalValue(TrueGlobal [GLOB:00036E00], 00 00 00 00) = 0.000000 AND
0039A01D	AbRaceRadtoad	1	0	10000000	=	AND	Subject	GetGlobalValue	TrueGlobal [GLOB:00036E00]	00 00 00 00		0.000000	0	Subject.GetGlobalValue(TrueGlobal [GLOB:00036E00], 00 00 00 00) = 0.000000 AND
0039AE10	AbRaceSnallygaster	1	0	10000000	=	AND	Subject	GetGlobalValue	TrueGlobal [GLOB:00036E00]	00 00 00 00		0.000000	0	Subject.GetGlobalValue(TrueGlobal [GLOB:00036E00], 00 00 00 00) = 0.000000 AND
0039AF7F	AbRaceWendigo	1	0	10000000	=	AND	Subject	GetGlobalValue	TrueGlobal [GLOB:00036E00]	00 00 00 00		0.000000	0	Subject.GetGlobalValue(TrueGlobal [GLOB:00036E00], 00 00 00 00) = 0.000000 AND
003BDC8E	MTNZ03_OverheatStrongSpell	0	0	11000000	>=	AND	Subject	GetItemCount	MTNZ12_BlackBox01 "Black Box" [MISC:00052C76]	00 00 00 00		1.000000	0	Subject.GetItemCount(MTNZ12_BlackBox01 "Black Box" [MISC:00052C76], 00 00 00 00) >= 1.000000 AND
003BDC8F	MTNZ03_OverheatDeadlySpell	0	0	11000000	>=	AND	Subject	GetItemCount	MTNZ12_BlackBox01 "Black Box" [MISC:00052C76]	00 00 00 00		1.000000	0	Subject.GetItemCount(MTNZ12_BlackBox01 "Black Box" [MISC:00052C76], 00 00 00 00) >= 1.000000 AND
003BDC8D	MTNZ03_OverheatLightSpell	0	0	11000000	>=	AND	Subject	GetItemCount	MTNZ12_BlackBox01 "Black Box" [MISC:00052C76]	00 00 00 00		1.000000	0	Subject.GetItemCount(MTNZ12_BlackBox01 "Black Box" [MISC:00052C76], 00 00 00 00) >= 1.000000 AND
003C2E05	WaterRadiationSevereHazard	0	0	10000000	=	AND	Subject	GetInFaction	CurrentCompanionFaction [FACT:00023C01]	00 00 00 00		0.000000	0	Subject.GetInFaction(CurrentCompanionFaction [FACT:00023C01], 00 00 00 00) = 0.000000 AND
003C2E05	WaterRadiationSevereHazard	0	1	10000000	=	AND	Subject	HasPerk	Aquaboy01 "Aquaboy" [PERK:000E36F9]	00 00 00 00		0.000000	0	Subject.HasPerk(Aquaboy01 "Aquaboy" [PERK:000E36F9], 00 00 00 00) = 0.000000 AND
003C2E05	WaterRadiationSevereHazard	0	2	10000000	=	AND	Subject	HasPerk	Aquagirl01 "Aquagirl" [PERK:000E9453]	00 00 00 00		0.000000	0	Subject.HasPerk(Aquagirl01 "Aquagirl" [PERK:000E9453], 00 00 00 00) = 0.000000 AND
003C4045	Mutation_EggHead	0	0	10000000	=	AND	Subject	IsSpellTarget	RadX "Rad-X" [ALCH:00024057]	00 00 00 00		1.000000	0	Subject.IsSpellTarget(RadX "Rad-X" [ALCH:00024057], 00 00 00 00) = 1.000000 AND
003C4045	Mutation_EggHead	1	0	10000000	=	AND	Subject	IsSpellTarget	RadX "Rad-X" [ALCH:00024057]	00 00 00 00		0.000000	0	Subject.IsSpellTarget(RadX "Rad-X" [ALCH:00024057], 00 00 00 00) = 0.000000 AND
003C4045	Mutation_EggHead	1	1	10000000	=	AND	Subject	IsSpellTarget	Serum_EggHead "Egg Head Serum" [ALCH:0050A5CB]	00 00 00 00		0.000000	0	Subject.IsSpellTarget(Serum_EggHead "Egg Head Serum" [ALCH:0050A5CB], 00 00 00 00) = 0.000000 AND
003C4045	Mutation_EggHead	2	0	10000000	=	AND	Subject	IsSpellTarget	RadX "Rad-X" [ALCH:00024057]	00 00 00 00		0.000000	0	Subject.IsSpellTarget(RadX "Rad-X" [ALCH:00024057], 00 00 00 00) = 0.000000 AND
003C4045	Mutation_EggHead	2	1	10000000	=	AND	Subject	IsSpellTarget	Serum_EggHead "Egg Head Serum" [ALCH:0050A5CB]	00 00 00 00		0.000000	0	Subject.IsSpellTarget(Serum_EggHead "Egg Head Serum" [ALCH:0050A5CB], 00 00 00 00) = 0.000000 AND
003C4045	Mutation_EggHead	3	0	10000000	=	AND	Subject	IsTrueForConditionForm	Mutation_Check_UseNormalVersion [CNDF:00467939]	00 00 00 00		1.000000	0	Subject.IsTrueForConditionForm(Mutation_Check_UseNormalVersion [CNDF:00467939], 00 00 00 00) = 1.000000 AND
003C4045	Mutation_EggHead	4	0	10000000	=	AND	Subject	IsTrueForConditionForm	Mutation_Check_UseSuperVersion [CNDF:0046793B]	00 00 00 00		1.000000	0	Subject.IsTrueForConditionForm(Mutation_Check_UseSuperVersion [CNDF:0046793B], 00 00 00 00) = 1.000000 AND
003C4037	Mutation_EagleEyes	0	0	10000000	=	AND	Subject	IsSpellTarget	RadX "Rad-X" [ALCH:00024057]	00 00 00 00		1.000000	0	Subject.IsSpellTarget(RadX "Rad-X" [ALCH:00024057], 00 00 00 00) = 1.000000 AND
003C4037	Mutation_EagleEyes	1	0	10000000	=	AND	Subject	IsTrueForConditionForm	Mutation_Check_UseNormalVersion [CNDF:00467939]	00 00 00 00		1.000000	0	Subject.IsTrueForConditionForm(Mutation_Check_UseNormalVersion [CNDF:00467939], 00 00 00 00) = 1.000000 AND
003C4037	Mutation_EagleEyes	2	0	10000000	=	AND	Subject	IsTrueForConditionForm	Mutation_Check_UseSuperVersion [CNDF:0046793B]	00 00 00 00		1.000000	0	Subject.IsTrueForConditionForm(Mutation_Check_UseSuperVersion [CNDF:0046793B], 00 00 00 00) = 1.000000 AND
003C4037	Mutation_EagleEyes	3	0	10000000	=	AND	Subject	IsTrueForConditionForm	Mutation_Check_UseNormalVersion [CNDF:00467939]	00 00 00 00		1.000000	0	Subject.IsTrueForConditionForm(Mutation_Check_UseNormalVersion [CNDF:00467939], 00 00 00 00) = 1.000000 AND
003C4037	Mutation_EagleEyes	4	0	10000000	=	AND	Subject	IsTrueForConditionForm	Mutation_Check_UseSuperVersion [CNDF:0046793B]	00 00 00 00		1.000000	0	Subject.IsTrueForConditionForm(Mutation_Check_UseSuperVersion [CNDF:0046793B], 00 00 00 00) = 1.000000 AND
003C4037	Mutation_EagleEyes	5	0	10000000	=	AND	Subject	IsSpellTarget	RadX "Rad-X" [ALCH:00024057]	00 00 00 00		0.000000	0	Subject.IsSpellTarget(RadX "Rad-X" [ALCH:00024057], 00 00 00 00) = 0.000000 AND
003C4037	Mutation_EagleEyes	5	1	10000000	=	AND	Subject	IsSpellTarget	Serum_EagleEyes "Eagle Eyes Serum" [ALCH:0050A5C9]	00 00 00 00		0.000000	0	Subject.IsSpellTarget(Serum_EagleEyes "Eagle Eyes Serum" [ALCH:0050A5C9], 00 00 00 00) = 0.000000 AND
003C4049	Mutation_Carnivore	0	0	10000000	=	AND	Subject	IsSpellTarget	RadX "Rad-X" [ALCH:00024057]	00 00 00 00		1.000000	0	Subject.IsSpellTarget(RadX "Rad-X" [ALCH:00024057], 00 00 00 00) = 1.000000 AND
003C4049	Mutation_Carnivore	1	0	10000000	=	AND	Subject	IsSpellTarget	RadX "Rad-X" [ALCH:00024057]	00 00 00 00		0.000000	0	Subject.IsSpellTarget(RadX "Rad-X" [ALCH:00024057], 00 00 00 00) = 0.000000 AND
003C4049	Mutation_Carnivore	2	0	10000000	=	AND	Subject	IsSpellTarget	RadX "Rad-X" [ALCH:00024057]	00 00 00 00		0.000000	0	Subject.IsSpellTarget(RadX "Rad-X" [ALCH:00024057], 00 00 00 00) = 0.000000 AND
003C4049	Mutation_Carnivore	3	0	10000000	=	AND	Subject	IsSpellTarget	RadX "Rad-X" [ALCH:00024057]	00 00 00 00		0.000000	0	Subject.IsSpellTarget(RadX "Rad-X" [ALCH:00024057], 00 00 00 00) = 0.000000 AND
003C4049	Mutation_Carnivore	3	1	10000000	=	AND	Subject	IsSpellTarget	Serum_Carnivore "Carnivore Serum" [ALCH:0050A5BF]	00 00 00 00		0.000000	0	Subject.IsSpellTarget(Serum_Carnivore "Carnivore Serum" [ALCH:0050A5BF], 00 00 00 00) = 0.000000 AND
003C4049	Mutation_Carnivore	4	0	10000000	=	AND	Subject	IsSpellTarget	Serum_Carnivore "Carnivore Serum" [ALCH:0050A5BF]	00 00 00 00		0.000000	0	Subject.IsSpellTarget(Serum_Carnivore "Carnivore Serum" [ALCH:0050A5BF], 00 00 00 00) = 0.000000 AND
003C4049	Mutation_Carnivore	4	1	10000000	=	AND	Subject	IsTrueForConditionForm	Mutation_Check_UseNormalVersion [CNDF:00467939]	00 00 00 00		1.000000	0	Subject.IsTrueForConditionForm(Mutation_Check_UseNormalVersion [CNDF:00467939], 00 00 00 00) = 1.000000 AND
003C4049	Mutation_Carnivore	5	0	10000000	=	AND	Subject	IsSpellTarget	Serum_Carnivore "Carnivore Serum" [ALCH:0050A5BF]	00 00 00 00		0.000000	0	Subject.IsSpellTarget(Serum_Carnivore "Carnivore Serum" [ALCH:0050A5BF], 00 00 00 00) = 0.000000 AND
003C4049	Mutation_Carnivore	5	1	10000000	=	AND	Subject	IsTrueForConditionForm	Mutation_Check_UseSuperVersion [CNDF:0046793B]	00 00 00 00		1.000000	0	Subject.IsTrueForConditionForm(Mutation_Check_UseSuperVersion [CNDF:0046793B], 00 00 00 00) = 1.000000 AND
003C4049	Mutation_Carnivore	6	0	10000000	=	AND	Subject	IsSpellTarget	Serum_Carnivore "Carnivore Serum" [ALCH:0050A5BF]	00 00 00 00		1.000000	0	Subject.IsSpellTarget(Serum_Carnivore "Carnivore Serum" [ALCH:0050A5BF], 00 00 00 00) = 1.000000 AND
003C4049	Mutation_Carnivore	6	1	10000000	=	AND	Subject	IsTrueForConditionForm	Mutation_Check_UseNormalVersion [CNDF:00467939]	00 00 00 00		1.000000	0	Subject.IsTrueForConditionForm(Mutation_Check_UseNormalVersion [CNDF:00467939], 00 00 00 00) = 1.000000 AND
003C4049	Mutation_Carnivore	7	0	10000000	=	AND	Subject	IsSpellTarget	Serum_Carnivore "Carnivore Serum" [ALCH:0050A5BF]	00 00 00 00		1.000000	0	Subject.IsSpellTarget(Serum_Carnivore "Carnivore Serum" [ALCH:0050A5BF], 00 00 00 00) = 1.000000 AND
003C4049	Mutation_Carnivore	7	1	10000000	=	AND	Subject	IsTrueForConditionForm	Mutation_Check_UseSuperVersion [CNDF:0046793B]	00 00 00 00		1.000000	0	Subject.IsTrueForConditionForm(Mutation_Check_UseSuperVersion [CNDF:0046793B], 00 00 00 00) = 1.000000 AND
003C402F	Mutation_TwistedMuscles	0	0	10000000	=	AND	Subject	IsSpellTarget	RadX "Rad-X" [ALCH:00024057]	00 00 00 00		1.000000	0	Subject.IsSpellTarget(RadX "Rad-X" [ALCH:00024057], 00 00 00 00) = 1.000000 AND
003C402F	Mutation_TwistedMuscles	1	0	10000000	=	AND	Subject	IsTrueForConditionForm	Mutation_Check_UseNormalVersion [CNDF:00467939]	00 00 00 00		1.000000	0	Subject.IsTrueForConditionForm(Mutation_Check_UseNormalVersion [CNDF:00467939], 00 00 00 00) = 1.000000 AND
003C402F	Mutation_TwistedMuscles	2	0	10000000	=	AND	Subject	IsTrueForConditionForm	Mutation_Check_UseSuperVersion [CNDF:0046793B]	00 00 00 00		1.000000	0	Subject.IsTrueForConditionForm(Mutation_Check_UseSuperVersion [CNDF:0046793B], 00 00 00 00) = 1.000000 AND
003C402F	Mutation_TwistedMuscles	3	0	10000000	=	AND	Subject	HasPerk	ClassFreak01 "Class Freak" [PERK:00391F0E]	00 00 00 00		0.000000	0	Subject.HasPerk(ClassFreak01 "Class Freak" [PERK:00391F0E], 00 00 00 00) = 0.000000 AND
003C402F	Mutation_TwistedMuscles	3	1	10000000	=	AND	Subject	IsSpellTarget	RadX "Rad-X" [ALCH:00024057]	00 00 00 00		0.000000	0	Subject.IsSpellTarget(RadX "Rad-X" [ALCH:00024057], 00 00 00 00) = 0.000000 AND
003C402F	Mutation_TwistedMuscles	3	2	10000000	=	AND	Subject	IsSpellTarget	Serum_TwistedMuscles "Twisted Muscles Serum" [ALCH:0050A5F9]	00 00 00 00		0.000000	0	Subject.IsSpellTarget(Serum_TwistedMuscles "Twisted Muscles Serum" [ALCH:0050A5F9], 00 00 00 00) = 0.000000 AND
003C402F	Mutation_TwistedMuscles	5	0	10000000	=	AND	Subject	IsTrueForConditionForm	Mutation_Check_UseSuperVersion [CNDF:0046793B]	00 00 00 00		1.000000	0	Subject.IsTrueForConditionForm(Mutation_Check_UseSuperVersion [CNDF:0046793B], 00 00 00 00) = 1.000000 AND
003C402F	Mutation_TwistedMuscles	6	0	10000000	=	AND	Subject	IsTrueForConditionForm	Mutation_Check_UseNormalVersion [CNDF:00467939]	00 00 00 00		1.000000	0	Subject.IsTrueForConditionForm(Mutation_Check_UseNormalVersion [CNDF:00467939], 00 00 00 00) = 1.000000 AND
003C402F	Mutation_TwistedMuscles	7	0	10000000	=	AND	Subject	HasPerk	ClassFreak02 "Class Freak" [PERK:00391F11]	00 00 00 00		0.000000	0	Subject.HasPerk(ClassFreak02 "Class Freak" [PERK:00391F11], 00 00 00 00) = 0.000000 AND
003C402F	Mutation_TwistedMuscles	7	1	10000000	=	AND	Subject	HasPerk	ClassFreak01 "Class Freak" [PERK:00391F0E]	00 00 00 00		1.000000	0	Subject.HasPerk(ClassFreak01 "Class Freak" [PERK:00391F0E], 00 00 00 00) = 1.000000 AND
003C402F	Mutation_TwistedMuscles	7	2	10000000	=	AND	Subject	IsSpellTarget	RadX "Rad-X" [ALCH:00024057]	00 00 00 00		0.000000	0	Subject.IsSpellTarget(RadX "Rad-X" [ALCH:00024057], 00 00 00 00) = 0.000000 AND
003C402F	Mutation_TwistedMuscles	7	3	10000000	=	AND	Subject	IsSpellTarget	Serum_TwistedMuscles "Twisted Muscles Serum" [ALCH:0050A5F9]	00 00 00 00		0.000000	0	Subject.IsSpellTarget(Serum_TwistedMuscles "Twisted Muscles Serum" [ALCH:0050A5F9], 00 00 00 00) = 0.000000 AND
003C402F	Mutation_TwistedMuscles	8	0	10000000	=	AND	Subject	HasPerk	ClassFreak03 "Class Freak" [PERK:00391F12]	00 00 00 00		0.000000	0	Subject.HasPerk(ClassFreak03 "Class Freak" [PERK:00391F12], 00 00 00 00) = 0.000000 AND
003C402F	Mutation_TwistedMuscles	8	1	10000000	=	AND	Subject	HasPerk	ClassFreak02 "Class Freak" [PERK:00391F11]	00 00 00 00		1.000000	0	Subject.HasPerk(ClassFreak02 "Class Freak" [PERK:00391F11], 00 00 00 00) = 1.000000 AND
003C402F	Mutation_TwistedMuscles	8	2	10000000	=	AND	Subject	IsSpellTarget	RadX "Rad-X" [ALCH:00024057]	00 00 00 00		0.000000	0	Subject.IsSpellTarget(RadX "Rad-X" [ALCH:00024057], 00 00 00 00) = 0.000000 AND
003C402F	Mutation_TwistedMuscles	8	3	10000000	=	AND	Subject	IsSpellTarget	Serum_TwistedMuscles "Twisted Muscles Serum" [ALCH:0050A5F9]	00 00 00 00		0.000000	0	Subject.IsSpellTarget(Serum_TwistedMuscles "Twisted Muscles Serum" [ALCH:0050A5F9], 00 00 00 00) = 0.000000 AND
003C402F	Mutation_TwistedMuscles	9	0	10000000	=	AND	Subject	HasPerk	ClassFreak03 "Class Freak" [PERK:00391F12]	00 00 00 00		1.000000	0	Subject.HasPerk(ClassFreak03 "Class Freak" [PERK:00391F12], 00 00 00 00) = 1.000000 AND
003C402F	Mutation_TwistedMuscles	9	1	10000000	=	AND	Subject	IsSpellTarget	RadX "Rad-X" [ALCH:00024057]	00 00 00 00		0.000000	0	Subject.IsSpellTarget(RadX "Rad-X" [ALCH:00024057], 00 00 00 00) = 0.000000 AND
003C402F	Mutation_TwistedMuscles	9	2	10000000	=	AND	Subject	IsSpellTarget	Serum_TwistedMuscles "Twisted Muscles Serum" [ALCH:0050A5F9]	00 00 00 00		0.000000	0	Subject.IsSpellTarget(Serum_TwistedMuscles "Twisted Muscles Serum" [ALCH:0050A5F9], 00 00 00 00) = 0.000000 AND
003C404E	Mutation_Herbivore	0	0	10000000	=	AND	Subject	IsSpellTarget	RadX "Rad-X" [ALCH:00024057]	00 00 00 00		1.000000	0	Subject.IsSpellTarget(RadX "Rad-X" [ALCH:00024057], 00 00 00 00) = 1.000000 AND
003C404E	Mutation_Herbivore	1	0	10000000	=	AND	Subject	IsSpellTarget	RadX "Rad-X" [ALCH:00024057]	00 00 00 00		0.000000	0	Subject.IsSpellTarget(RadX "Rad-X" [ALCH:00024057], 00 00 00 00) = 0.000000 AND
003C404E	Mutation_Herbivore	2	0	10000000	=	AND	Subject	IsSpellTarget	RadX "Rad-X" [ALCH:00024057]	00 00 00 00		0.000000	0	Subject.IsSpellTarget(RadX "Rad-X" [ALCH:00024057], 00 00 00 00) = 0.000000 AND
003C404E	Mutation_Herbivore	3	0	10000000	=	AND	Subject	IsSpellTarget	RadX "Rad-X" [ALCH:00024057]	00 00 00 00		0.000000	0	Subject.IsSpellTarget(RadX "Rad-X" [ALCH:00024057], 00 00 00 00) = 0.000000 AND
003C404E	Mutation_Herbivore	3	1	10000000	=	AND	Subject	IsSpellTarget	Serum_Herbivore "Herbivore Serum" [ALCH:0050A5C4]	00 00 00 00		0.000000	0	Subject.IsSpellTarget(Serum_Herbivore "Herbivore Serum" [ALCH:0050A5C4], 00 00 00 00) = 0.000000 AND
003C404E	Mutation_Herbivore	4	0	10000000	=	AND	Subject	IsSpellTarget	Serum_Herbivore "Herbivore Serum" [ALCH:0050A5C4]	00 00 00 00		0.000000	0	Subject.IsSpellTarget(Serum_Herbivore "Herbivore Serum" [ALCH:0050A5C4], 00 00 00 00) = 0.000000 AND
003C404E	Mutation_Herbivore	4	1	10000000	=	AND	Subject	IsTrueForConditionForm	Mutation_Check_UseNormalVersion [CNDF:00467939]	00 00 00 00		1.000000	0	Subject.IsTrueForConditionForm(Mutation_Check_UseNormalVersion [CNDF:00467939], 00 00 00 00) = 1.000000 AND
003C404E	Mutation_Herbivore	5	0	10000000	=	AND	Subject	IsSpellTarget	Serum_Herbivore "Herbivore Serum" [ALCH:0050A5C4]	00 00 00 00		0.000000	0	Subject.IsSpellTarget(Serum_Herbivore "Herbivore Serum" [ALCH:0050A5C4], 00 00 00 00) = 0.000000 AND
003C404E	Mutation_Herbivore	5	1	10000000	=	AND	Subject	IsTrueForConditionForm	Mutation_Check_UseSuperVersion [CNDF:0046793B]	00 00 00 00		1.000000	0	Subject.IsTrueForConditionForm(Mutation_Check_UseSuperVersion [CNDF:0046793B], 00 00 00 00) = 1.000000 AND
003C404E	Mutation_Herbivore	6	0	10000000	=	AND	Subject	IsSpellTarget	Serum_Herbivore "Herbivore Serum" [ALCH:0050A5C4]	00 00 00 00		1.000000	0	Subject.IsSpellTarget(Serum_Herbivore "Herbivore Serum" [ALCH:0050A5C4], 00 00 00 00) = 1.000000 AND
003C404E	Mutation_Herbivore	6	1	10000000	=	AND	Subject	IsTrueForConditionForm	Mutation_Check_UseNormalVersion [CNDF:00467939]	00 00 00 00		1.000000	0	Subject.IsTrueForConditionForm(Mutation_Check_UseNormalVersion [CNDF:00467939], 00 00 00 00) = 1.000000 AND
003C404E	Mutation_Herbivore	7	0	10000000	=	AND	Subject	IsSpellTarget	Serum_Herbivore "Herbivore Serum" [ALCH:0050A5C4]	00 00 00 00		1.000000	0	Subject.IsSpellTarget(Serum_Herbivore "Herbivore Serum" [ALCH:0050A5C4], 00 00 00 00) = 1.000000 AND
003C404E	Mutation_Herbivore	7	1	10000000	=	AND	Subject	IsTrueForConditionForm	Mutation_Check_UseSuperVersion [CNDF:0046793B]	00 00 00 00		1.000000	0	Subject.IsTrueForConditionForm(Mutation_Check_UseSuperVersion [CNDF:0046793B], 00 00 00 00) = 1.000000 AND
003C403D	Mutation_BirdBones	0	0	10000000	=	AND	Subject	IsSpellTarget	RadX "Rad-X" [ALCH:00024057]	00 00 00 00		1.000000	0	Subject.IsSpellTarget(RadX "Rad-X" [ALCH:00024057], 00 00 00 00) = 1.000000 AND
003C403D	Mutation_BirdBones	1	0	10000000	=	AND	Subject	IsTrueForConditionForm	Mutation_Check_UseNormalVersion [CNDF:00467939]	00 00 00 00		1.000000	0	Subject.IsTrueForConditionForm(Mutation_Check_UseNormalVersion [CNDF:00467939], 00 00 00 00) = 1.000000 AND
003C403D	Mutation_BirdBones	2	0	10000000	=	AND	Subject	IsTrueForConditionForm	Mutation_Check_UseSuperVersion [CNDF:0046793B]	00 00 00 00		1.000000	0	Subject.IsTrueForConditionForm(Mutation_Check_UseSuperVersion [CNDF:0046793B], 00 00 00 00) = 1.000000 AND
003C403D	Mutation_BirdBones	3	0	10000000	=	AND	Subject	IsSpellTarget	RadX "Rad-X" [ALCH:00024057]	00 00 00 00		0.000000	0	Subject.IsSpellTarget(RadX "Rad-X" [ALCH:00024057], 00 00 00 00) = 0.000000 AND
003C403D	Mutation_BirdBones	3	1	10000000	=	AND	Subject	IsSpellTarget	Serum_BirdBones "Bird Bones Serum" [ALCH:0050A5BC]	00 00 00 00		0.000000	0	Subject.IsSpellTarget(Serum_BirdBones "Bird Bones Serum" [ALCH:0050A5BC], 00 00 00 00) = 0.000000 AND
003C403D	Mutation_BirdBones	4	0	10000000	=	AND	Subject	IsTrueForConditionForm	Mutation_Check_UseNormalVersion [CNDF:00467939]	00 00 00 00		1.000000	0	Subject.IsTrueForConditionForm(Mutation_Check_UseNormalVersion [CNDF:00467939], 00 00 00 00) = 1.000000 AND
003C403D	Mutation_BirdBones	5	0	10000000	=	AND	Subject	IsTrueForConditionForm	Mutation_Check_UseSuperVersion [CNDF:0046793B]	00 00 00 00		1.000000	0	Subject.IsTrueForConditionForm(Mutation_Check_UseSuperVersion [CNDF:0046793B], 00 00 00 00) = 1.000000 AND
003C403D	Mutation_BirdBones	6	0	10000000	=	AND	Subject	IsSpellTarget	RadX "Rad-X" [ALCH:00024057]	00 00 00 00		0.000000	0	Subject.IsSpellTarget(RadX "Rad-X" [ALCH:00024057], 00 00 00 00) = 0.000000 AND
003C403D	Mutation_BirdBones	6	1	10000000	=	AND	Subject	IsTrueForConditionForm	Mutation_Check_UseNormalVersion [CNDF:00467939]	00 00 00 00		1.000000	0	Subject.IsTrueForConditionForm(Mutation_Check_UseNormalVersion [CNDF:00467939], 00 00 00 00) = 1.000000 AND
003C403D	Mutation_BirdBones	7	0	10000000	=	AND	Subject	IsSpellTarget	RadX "Rad-X" [ALCH:00024057]	00 00 00 00		0.000000	0	Subject.IsSpellTarget(RadX "Rad-X" [ALCH:00024057], 00 00 00 00) = 0.000000 AND
003C403D	Mutation_BirdBones	7	1	10000000	=	AND	Subject	IsTrueForConditionForm	Mutation_Check_UseSuperVersion [CNDF:0046793B]	00 00 00 00		1.000000	0	Subject.IsTrueForConditionForm(Mutation_Check_UseSuperVersion [CNDF:0046793B], 00 00 00 00) = 1.000000 AND
003C403D	Mutation_BirdBones	8	0	10000000	=	AND	Subject	IsTrueForConditionForm	Mutation_Check_UseNormalVersion [CNDF:00467939]	00 00 00 00		1.000000	0	Subject.IsTrueForConditionForm(Mutation_Check_UseNormalVersion [CNDF:00467939], 00 00 00 00) = 1.000000 AND
003C403D	Mutation_BirdBones	9	0	10000000	=	AND	Subject	IsTrueForConditionForm	Mutation_Check_UseSuperVersion [CNDF:0046793B]	00 00 00 00		1.000000	0	Subject.IsTrueForConditionForm(Mutation_Check_UseSuperVersion [CNDF:0046793B], 00 00 00 00) = 1.000000 AND
003CD03B	SURV_Disease_SwampItch	0	0	10000000	=	AND	Subject	GetIsPlayerGhoul	00 00 00 00	00 00 00 00		0.000000	0	Subject.GetIsPlayerGhoul(00 00 00 00, 00 00 00 00) = 0.000000 AND
003CD033	SURV_WellRested2	0	0	00000000	!=	AND	Subject	GetGlobalValue	Spotlight_RandR [GLOB:004836A3]	00 00 00 00		1.000000	0	Subject.GetGlobalValue(Spotlight_RandR [GLOB:004836A3], 00 00 00 00) != 1.000000 AND
003CD033	SURV_WellRested2	1	0	10000000	=	AND	Subject	GetGlobalValue	Spotlight_RandR [GLOB:004836A3]	00 00 00 00		1.000000	0	Subject.GetGlobalValue(Spotlight_RandR [GLOB:004836A3], 00 00 00 00) = 1.000000 AND
003CD033	SURV_WellRested2	2	0	00000000	!=	AND	Subject	GetGlobalValue	Spotlight_RandR [GLOB:004836A3]	00 00 00 00		1.000000	0	Subject.GetGlobalValue(Spotlight_RandR [GLOB:004836A3], 00 00 00 00) != 1.000000 AND
003CD033	SURV_WellRested2	2	1	10000000	=	AND	Subject	HasPerk	Homebody01 "Homebody" [PERK:00393F6E]	00 00 00 00		1.000000	0	Subject.HasPerk(Homebody01 "Homebody" [PERK:00393F6E], 00 00 00 00) = 1.000000 AND
003CD033	SURV_WellRested2	3	0	10000000	=	AND	Subject	GetGlobalValue	Spotlight_RandR [GLOB:004836A3]	00 00 00 00		1.000000	0	Subject.GetGlobalValue(Spotlight_RandR [GLOB:004836A3], 00 00 00 00) = 1.000000 AND
003CD033	SURV_WellRested2	3	1	10000000	=	AND	Subject	HasPerk	Homebody01 "Homebody" [PERK:00393F6E]	00 00 00 00		1.000000	0	Subject.HasPerk(Homebody01 "Homebody" [PERK:00393F6E], 00 00 00 00) = 1.000000 AND
003D2949	abPerkDodgy	0	0	10000000	=	AND	Subject	IsOverEncumbered	00 00 00 00	00 00 00 00		0.000000	0	Subject.IsOverEncumbered(00 00 00 00, 00 00 00 00) = 0.000000 AND
003D2949	abPerkDodgy	0	1	10000000	=	AND	Subject	WornHasKeyword	ArmorTypePower [KYWD:0004D8A1]	00 00 00 00		0.000000	0	Subject.WornHasKeyword(ArmorTypePower [KYWD:0004D8A1], 00 00 00 00) = 0.000000 AND
003DF045	SURV_Disease_WeepingSores	0	0	10000000	=	AND	Subject	GetIsPlayerGhoul	00 00 00 00	00 00 00 00		0.000000	0	Subject.GetIsPlayerGhoul(00 00 00 00, 00 00 00 00) = 0.000000 AND
003DF043	SURV_Disease_BloodWorms	0	0	10000000	=	AND	Subject	GetIsPlayerGhoul	00 00 00 00	00 00 00 00		0.000000	0	Subject.GetIsPlayerGhoul(00 00 00 00, 00 00 00 00) = 0.000000 AND
003DF041	SURV_Disease_RadWorms	0	0	10000000	=	AND	Subject	GetIsPlayerGhoul	00 00 00 00	00 00 00 00		0.000000	0	Subject.GetIsPlayerGhoul(00 00 00 00, 00 00 00 00) = 0.000000 AND
003E21E9	AbPerkJunkShield02	0	0	10000000	=	AND	Subject	WornHasKeyword	ArmorTypePower [KYWD:0004D8A1]	00 00 00 00		0.000000	0	Subject.WornHasKeyword(ArmorTypePower [KYWD:0004D8A1], 00 00 00 00) = 0.000000 AND
003E21E9	AbPerkJunkShield02	0	1	01000000	>	AND	Subject	GetJunkItemCount	00 00 00 00	00 00 00 00		0.000000	0	Subject.GetJunkItemCount(00 00 00 00, 00 00 00 00) > 0.000000 AND
003E21E9	AbPerkJunkShield02	0	2	10100000	<=	AND	Subject	GetJunkItemCount	00 00 00 00	00 00 00 00		5.000000	0	Subject.GetJunkItemCount(00 00 00 00, 00 00 00 00) <= 5.000000 AND
003E21E9	AbPerkJunkShield02	1	0	10000000	=	AND	Subject	WornHasKeyword	ArmorTypePower [KYWD:0004D8A1]	00 00 00 00		0.000000	0	Subject.WornHasKeyword(ArmorTypePower [KYWD:0004D8A1], 00 00 00 00) = 0.000000 AND
003E21E9	AbPerkJunkShield02	1	1	01000000	>	AND	Subject	GetJunkItemCount	00 00 00 00	00 00 00 00		5.000000	0	Subject.GetJunkItemCount(00 00 00 00, 00 00 00 00) > 5.000000 AND
003E21E9	AbPerkJunkShield02	1	2	10100000	<=	AND	Subject	GetJunkItemCount	00 00 00 00	00 00 00 00		10.000000	0	Subject.GetJunkItemCount(00 00 00 00, 00 00 00 00) <= 10.000000 AND
003E21E9	AbPerkJunkShield02	2	0	10000000	=	AND	Subject	WornHasKeyword	ArmorTypePower [KYWD:0004D8A1]	00 00 00 00		0.000000	0	Subject.WornHasKeyword(ArmorTypePower [KYWD:0004D8A1], 00 00 00 00) = 0.000000 AND
003E21E9	AbPerkJunkShield02	2	1	01000000	>	AND	Subject	GetJunkItemCount	00 00 00 00	00 00 00 00		10.000000	0	Subject.GetJunkItemCount(00 00 00 00, 00 00 00 00) > 10.000000 AND
003E21E9	AbPerkJunkShield02	2	2	10100000	<=	AND	Subject	GetJunkItemCount	00 00 00 00	00 00 00 00		15.000000	0	Subject.GetJunkItemCount(00 00 00 00, 00 00 00 00) <= 15.000000 AND
003E21E9	AbPerkJunkShield02	3	0	10000000	=	AND	Subject	WornHasKeyword	ArmorTypePower [KYWD:0004D8A1]	00 00 00 00		0.000000	0	Subject.WornHasKeyword(ArmorTypePower [KYWD:0004D8A1], 00 00 00 00) = 0.000000 AND
003E21E9	AbPerkJunkShield02	3	1	01000000	>	AND	Subject	GetJunkItemCount	00 00 00 00	00 00 00 00		15.000000	0	Subject.GetJunkItemCount(00 00 00 00, 00 00 00 00) > 15.000000 AND
003E21E9	AbPerkJunkShield02	3	2	10100000	<=	AND	Subject	GetJunkItemCount	00 00 00 00	00 00 00 00		20.000000	0	Subject.GetJunkItemCount(00 00 00 00, 00 00 00 00) <= 20.000000 AND
003E21E9	AbPerkJunkShield02	4	0	10000000	=	AND	Subject	WornHasKeyword	ArmorTypePower [KYWD:0004D8A1]	00 00 00 00		0.000000	0	Subject.WornHasKeyword(ArmorTypePower [KYWD:0004D8A1], 00 00 00 00) = 0.000000 AND
003E21E9	AbPerkJunkShield02	4	1	01000000	>	AND	Subject	GetJunkItemCount	00 00 00 00	00 00 00 00		20.000000	0	Subject.GetJunkItemCount(00 00 00 00, 00 00 00 00) > 20.000000 AND
003E21E9	AbPerkJunkShield02	4	2	10100000	<=	AND	Subject	GetJunkItemCount	00 00 00 00	00 00 00 00		25.000000	0	Subject.GetJunkItemCount(00 00 00 00, 00 00 00 00) <= 25.000000 AND
003E21E9	AbPerkJunkShield02	5	0	10000000	=	AND	Subject	WornHasKeyword	ArmorTypePower [KYWD:0004D8A1]	00 00 00 00		0.000000	0	Subject.WornHasKeyword(ArmorTypePower [KYWD:0004D8A1], 00 00 00 00) = 0.000000 AND
003E21E9	AbPerkJunkShield02	5	1	01000000	>	AND	Subject	GetJunkItemCount	00 00 00 00	00 00 00 00		25.000000	0	Subject.GetJunkItemCount(00 00 00 00, 00 00 00 00) > 25.000000 AND
003E21E9	AbPerkJunkShield02	5	2	10100000	<=	AND	Subject	GetJunkItemCount	00 00 00 00	00 00 00 00		30.000000	0	Subject.GetJunkItemCount(00 00 00 00, 00 00 00 00) <= 30.000000 AND
003E21E9	AbPerkJunkShield02	6	0	10000000	=	AND	Subject	WornHasKeyword	ArmorTypePower [KYWD:0004D8A1]	00 00 00 00		0.000000	0	Subject.WornHasKeyword(ArmorTypePower [KYWD:0004D8A1], 00 00 00 00) = 0.000000 AND
003E21E9	AbPerkJunkShield02	6	1	01000000	>	AND	Subject	GetJunkItemCount	00 00 00 00	00 00 00 00		30.000000	0	Subject.GetJunkItemCount(00 00 00 00, 00 00 00 00) > 30.000000 AND
003E21E9	AbPerkJunkShield02	6	2	10100000	<=	AND	Subject	GetJunkItemCount	00 00 00 00	00 00 00 00		35.000000	0	Subject.GetJunkItemCount(00 00 00 00, 00 00 00 00) <= 35.000000 AND
003E21E9	AbPerkJunkShield02	7	0	10000000	=	AND	Subject	WornHasKeyword	ArmorTypePower [KYWD:0004D8A1]	00 00 00 00		0.000000	0	Subject.WornHasKeyword(ArmorTypePower [KYWD:0004D8A1], 00 00 00 00) = 0.000000 AND
003E21E9	AbPerkJunkShield02	7	1	01000000	>	AND	Subject	GetJunkItemCount	00 00 00 00	00 00 00 00		35.000000	0	Subject.GetJunkItemCount(00 00 00 00, 00 00 00 00) > 35.000000 AND
003E21E9	AbPerkJunkShield02	7	2	10100000	<=	AND	Subject	GetJunkItemCount	00 00 00 00	00 00 00 00		40.000000	0	Subject.GetJunkItemCount(00 00 00 00, 00 00 00 00) <= 40.000000 AND
003E21E9	AbPerkJunkShield02	8	0	10000000	=	AND	Subject	WornHasKeyword	ArmorTypePower [KYWD:0004D8A1]	00 00 00 00		0.000000	0	Subject.WornHasKeyword(ArmorTypePower [KYWD:0004D8A1], 00 00 00 00) = 0.000000 AND
003E21E9	AbPerkJunkShield02	8	1	01000000	>	AND	Subject	GetJunkItemCount	00 00 00 00	00 00 00 00		40.000000	0	Subject.GetJunkItemCount(00 00 00 00, 00 00 00 00) > 40.000000 AND
003E21E9	AbPerkJunkShield02	8	2	10100000	<=	AND	Subject	GetJunkItemCount	00 00 00 00	00 00 00 00		45.000000	0	Subject.GetJunkItemCount(00 00 00 00, 00 00 00 00) <= 45.000000 AND
003E21E9	AbPerkJunkShield02	9	0	10000000	=	AND	Subject	WornHasKeyword	ArmorTypePower [KYWD:0004D8A1]	00 00 00 00		0.000000	0	Subject.WornHasKeyword(ArmorTypePower [KYWD:0004D8A1], 00 00 00 00) = 0.000000 AND
003E21E9	AbPerkJunkShield02	9	1	01000000	>	AND	Subject	GetJunkItemCount	00 00 00 00	00 00 00 00		45.000000	0	Subject.GetJunkItemCount(00 00 00 00, 00 00 00 00) > 45.000000 AND
003E21E9	AbPerkJunkShield02	10	0	10000000	=	AND	Subject	WornHasKeyword	ArmorTypePower [KYWD:0004D8A1]	00 00 00 00		0.000000	0	Subject.WornHasKeyword(ArmorTypePower [KYWD:0004D8A1], 00 00 00 00) = 0.000000 AND
003E21E9	AbPerkJunkShield02	10	1	01000000	>	AND	Subject	GetJunkItemCount	00 00 00 00	00 00 00 00		0.000000	0	Subject.GetJunkItemCount(00 00 00 00, 00 00 00 00) > 0.000000 AND
003E21E9	AbPerkJunkShield02	10	2	10100000	<=	AND	Subject	GetJunkItemCount	00 00 00 00	00 00 00 00		5.000000	0	Subject.GetJunkItemCount(00 00 00 00, 00 00 00 00) <= 5.000000 AND
003E21E9	AbPerkJunkShield02	11	0	10000000	=	AND	Subject	WornHasKeyword	ArmorTypePower [KYWD:0004D8A1]	00 00 00 00		0.000000	0	Subject.WornHasKeyword(ArmorTypePower [KYWD:0004D8A1], 00 00 00 00) = 0.000000 AND
003E21E9	AbPerkJunkShield02	11	1	01000000	>	AND	Subject	GetJunkItemCount	00 00 00 00	00 00 00 00		5.000000	0	Subject.GetJunkItemCount(00 00 00 00, 00 00 00 00) > 5.000000 AND
003E21E9	AbPerkJunkShield02	11	2	10100000	<=	AND	Subject	GetJunkItemCount	00 00 00 00	00 00 00 00		10.000000	0	Subject.GetJunkItemCount(00 00 00 00, 00 00 00 00) <= 10.000000 AND
003E21E9	AbPerkJunkShield02	12	0	10000000	=	AND	Subject	WornHasKeyword	ArmorTypePower [KYWD:0004D8A1]	00 00 00 00		0.000000	0	Subject.WornHasKeyword(ArmorTypePower [KYWD:0004D8A1], 00 00 00 00) = 0.000000 AND
003E21E9	AbPerkJunkShield02	12	1	01000000	>	AND	Subject	GetJunkItemCount	00 00 00 00	00 00 00 00		10.000000	0	Subject.GetJunkItemCount(00 00 00 00, 00 00 00 00) > 10.000000 AND
003E21E9	AbPerkJunkShield02	12	2	10100000	<=	AND	Subject	GetJunkItemCount	00 00 00 00	00 00 00 00		15.000000	0	Subject.GetJunkItemCount(00 00 00 00, 00 00 00 00) <= 15.000000 AND
003E21E9	AbPerkJunkShield02	13	0	10000000	=	AND	Subject	WornHasKeyword	ArmorTypePower [KYWD:0004D8A1]	00 00 00 00		0.000000	0	Subject.WornHasKeyword(ArmorTypePower [KYWD:0004D8A1], 00 00 00 00) = 0.000000 AND
003E21E9	AbPerkJunkShield02	13	1	01000000	>	AND	Subject	GetJunkItemCount	00 00 00 00	00 00 00 00		15.000000	0	Subject.GetJunkItemCount(00 00 00 00, 00 00 00 00) > 15.000000 AND
003E21E9	AbPerkJunkShield02	13	2	10100000	<=	AND	Subject	GetJunkItemCount	00 00 00 00	00 00 00 00		20.000000	0	Subject.GetJunkItemCount(00 00 00 00, 00 00 00 00) <= 20.000000 AND
003E21E9	AbPerkJunkShield02	14	0	10000000	=	AND	Subject	WornHasKeyword	ArmorTypePower [KYWD:0004D8A1]	00 00 00 00		0.000000	0	Subject.WornHasKeyword(ArmorTypePower [KYWD:0004D8A1], 00 00 00 00) = 0.000000 AND
003E21E9	AbPerkJunkShield02	14	1	01000000	>	AND	Subject	GetJunkItemCount	00 00 00 00	00 00 00 00		20.000000	0	Subject.GetJunkItemCount(00 00 00 00, 00 00 00 00) > 20.000000 AND
003E21E9	AbPerkJunkShield02	14	2	10100000	<=	AND	Subject	GetJunkItemCount	00 00 00 00	00 00 00 00		25.000000	0	Subject.GetJunkItemCount(00 00 00 00, 00 00 00 00) <= 25.000000 AND
003E21E9	AbPerkJunkShield02	15	0	10000000	=	AND	Subject	WornHasKeyword	ArmorTypePower [KYWD:0004D8A1]	00 00 00 00		0.000000	0	Subject.WornHasKeyword(ArmorTypePower [KYWD:0004D8A1], 00 00 00 00) = 0.000000 AND
003E21E9	AbPerkJunkShield02	15	1	01000000	>	AND	Subject	GetJunkItemCount	00 00 00 00	00 00 00 00		25.000000	0	Subject.GetJunkItemCount(00 00 00 00, 00 00 00 00) > 25.000000 AND
003E21E9	AbPerkJunkShield02	15	2	10100000	<=	AND	Subject	GetJunkItemCount	00 00 00 00	00 00 00 00		30.000000	0	Subject.GetJunkItemCount(00 00 00 00, 00 00 00 00) <= 30.000000 AND
003E21E9	AbPerkJunkShield02	16	0	10000000	=	AND	Subject	WornHasKeyword	ArmorTypePower [KYWD:0004D8A1]	00 00 00 00		0.000000	0	Subject.WornHasKeyword(ArmorTypePower [KYWD:0004D8A1], 00 00 00 00) = 0.000000 AND
003E21E9	AbPerkJunkShield02	16	1	01000000	>	AND	Subject	GetJunkItemCount	00 00 00 00	00 00 00 00		30.000000	0	Subject.GetJunkItemCount(00 00 00 00, 00 00 00 00) > 30.000000 AND
003E21E9	AbPerkJunkShield02	16	2	10100000	<=	AND	Subject	GetJunkItemCount	00 00 00 00	00 00 00 00		35.000000	0	Subject.GetJunkItemCount(00 00 00 00, 00 00 00 00) <= 35.000000 AND
003E21E9	AbPerkJunkShield02	17	0	10000000	=	AND	Subject	WornHasKeyword	ArmorTypePower [KYWD:0004D8A1]	00 00 00 00		0.000000	0	Subject.WornHasKeyword(ArmorTypePower [KYWD:0004D8A1], 00 00 00 00) = 0.000000 AND
003E21E9	AbPerkJunkShield02	17	1	01000000	>	AND	Subject	GetJunkItemCount	00 00 00 00	00 00 00 00		35.000000	0	Subject.GetJunkItemCount(00 00 00 00, 00 00 00 00) > 35.000000 AND
003E21E9	AbPerkJunkShield02	17	2	10100000	<=	AND	Subject	GetJunkItemCount	00 00 00 00	00 00 00 00		40.000000	0	Subject.GetJunkItemCount(00 00 00 00, 00 00 00 00) <= 40.000000 AND
003E21E9	AbPerkJunkShield02	18	0	10000000	=	AND	Subject	WornHasKeyword	ArmorTypePower [KYWD:0004D8A1]	00 00 00 00		0.000000	0	Subject.WornHasKeyword(ArmorTypePower [KYWD:0004D8A1], 00 00 00 00) = 0.000000 AND
003E21E9	AbPerkJunkShield02	18	1	01000000	>	AND	Subject	GetJunkItemCount	00 00 00 00	00 00 00 00		40.000000	0	Subject.GetJunkItemCount(00 00 00 00, 00 00 00 00) > 40.000000 AND
003E21E9	AbPerkJunkShield02	18	2	10100000	<=	AND	Subject	GetJunkItemCount	00 00 00 00	00 00 00 00		45.000000	0	Subject.GetJunkItemCount(00 00 00 00, 00 00 00 00) <= 45.000000 AND
003E21E9	AbPerkJunkShield02	19	0	10000000	=	AND	Subject	WornHasKeyword	ArmorTypePower [KYWD:0004D8A1]	00 00 00 00		0.000000	0	Subject.WornHasKeyword(ArmorTypePower [KYWD:0004D8A1], 00 00 00 00) = 0.000000 AND
003E21E9	AbPerkJunkShield02	19	1	01000000	>	AND	Subject	GetJunkItemCount	00 00 00 00	00 00 00 00		45.000000	0	Subject.GetJunkItemCount(00 00 00 00, 00 00 00 00) > 45.000000 AND
003E21EB	AbPerkJunkShield03	0	0	10000000	=	AND	Subject	WornHasKeyword	ArmorTypePower [KYWD:0004D8A1]	00 00 00 00		0.000000	0	Subject.WornHasKeyword(ArmorTypePower [KYWD:0004D8A1], 00 00 00 00) = 0.000000 AND
003E21EB	AbPerkJunkShield03	0	1	01000000	>	AND	Subject	GetJunkItemCount	00 00 00 00	00 00 00 00		0.000000	0	Subject.GetJunkItemCount(00 00 00 00, 00 00 00 00) > 0.000000 AND
003E21EB	AbPerkJunkShield03	0	2	10100000	<=	AND	Subject	GetJunkItemCount	00 00 00 00	00 00 00 00		5.000000	0	Subject.GetJunkItemCount(00 00 00 00, 00 00 00 00) <= 5.000000 AND
003E21EB	AbPerkJunkShield03	1	0	10000000	=	AND	Subject	WornHasKeyword	ArmorTypePower [KYWD:0004D8A1]	00 00 00 00		0.000000	0	Subject.WornHasKeyword(ArmorTypePower [KYWD:0004D8A1], 00 00 00 00) = 0.000000 AND
003E21EB	AbPerkJunkShield03	1	1	01000000	>	AND	Subject	GetJunkItemCount	00 00 00 00	00 00 00 00		5.000000	0	Subject.GetJunkItemCount(00 00 00 00, 00 00 00 00) > 5.000000 AND
003E21EB	AbPerkJunkShield03	1	2	10100000	<=	AND	Subject	GetJunkItemCount	00 00 00 00	00 00 00 00		10.000000	0	Subject.GetJunkItemCount(00 00 00 00, 00 00 00 00) <= 10.000000 AND
003E21EB	AbPerkJunkShield03	2	0	10000000	=	AND	Subject	WornHasKeyword	ArmorTypePower [KYWD:0004D8A1]	00 00 00 00		0.000000	0	Subject.WornHasKeyword(ArmorTypePower [KYWD:0004D8A1], 00 00 00 00) = 0.000000 AND
003E21EB	AbPerkJunkShield03	2	1	01000000	>	AND	Subject	GetJunkItemCount	00 00 00 00	00 00 00 00		10.000000	0	Subject.GetJunkItemCount(00 00 00 00, 00 00 00 00) > 10.000000 AND
003E21EB	AbPerkJunkShield03	2	2	10100000	<=	AND	Subject	GetJunkItemCount	00 00 00 00	00 00 00 00		15.000000	0	Subject.GetJunkItemCount(00 00 00 00, 00 00 00 00) <= 15.000000 AND
003E21EB	AbPerkJunkShield03	3	0	10000000	=	AND	Subject	WornHasKeyword	ArmorTypePower [KYWD:0004D8A1]	00 00 00 00		0.000000	0	Subject.WornHasKeyword(ArmorTypePower [KYWD:0004D8A1], 00 00 00 00) = 0.000000 AND
003E21EB	AbPerkJunkShield03	3	1	01000000	>	AND	Subject	GetJunkItemCount	00 00 00 00	00 00 00 00		15.000000	0	Subject.GetJunkItemCount(00 00 00 00, 00 00 00 00) > 15.000000 AND
003E21EB	AbPerkJunkShield03	3	2	10100000	<=	AND	Subject	GetJunkItemCount	00 00 00 00	00 00 00 00		20.000000	0	Subject.GetJunkItemCount(00 00 00 00, 00 00 00 00) <= 20.000000 AND
003E21EB	AbPerkJunkShield03	4	0	10000000	=	AND	Subject	WornHasKeyword	ArmorTypePower [KYWD:0004D8A1]	00 00 00 00		0.000000	0	Subject.WornHasKeyword(ArmorTypePower [KYWD:0004D8A1], 00 00 00 00) = 0.000000 AND
003E21EB	AbPerkJunkShield03	4	1	01000000	>	AND	Subject	GetJunkItemCount	00 00 00 00	00 00 00 00		20.000000	0	Subject.GetJunkItemCount(00 00 00 00, 00 00 00 00) > 20.000000 AND
003E21EB	AbPerkJunkShield03	4	2	10100000	<=	AND	Subject	GetJunkItemCount	00 00 00 00	00 00 00 00		25.000000	0	Subject.GetJunkItemCount(00 00 00 00, 00 00 00 00) <= 25.000000 AND
003E21EB	AbPerkJunkShield03	5	0	10000000	=	AND	Subject	WornHasKeyword	ArmorTypePower [KYWD:0004D8A1]	00 00 00 00		0.000000	0	Subject.WornHasKeyword(ArmorTypePower [KYWD:0004D8A1], 00 00 00 00) = 0.000000 AND
003E21EB	AbPerkJunkShield03	5	1	01000000	>	AND	Subject	GetJunkItemCount	00 00 00 00	00 00 00 00		25.000000	0	Subject.GetJunkItemCount(00 00 00 00, 00 00 00 00) > 25.000000 AND
003E21EB	AbPerkJunkShield03	5	2	10100000	<=	AND	Subject	GetJunkItemCount	00 00 00 00	00 00 00 00		30.000000	0	Subject.GetJunkItemCount(00 00 00 00, 00 00 00 00) <= 30.000000 AND
003E21EB	AbPerkJunkShield03	6	0	10000000	=	AND	Subject	WornHasKeyword	ArmorTypePower [KYWD:0004D8A1]	00 00 00 00		0.000000	0	Subject.WornHasKeyword(ArmorTypePower [KYWD:0004D8A1], 00 00 00 00) = 0.000000 AND
003E21EB	AbPerkJunkShield03	6	1	01000000	>	AND	Subject	GetJunkItemCount	00 00 00 00	00 00 00 00		30.000000	0	Subject.GetJunkItemCount(00 00 00 00, 00 00 00 00) > 30.000000 AND
003E21EB	AbPerkJunkShield03	6	2	10100000	<=	AND	Subject	GetJunkItemCount	00 00 00 00	00 00 00 00		35.000000	0	Subject.GetJunkItemCount(00 00 00 00, 00 00 00 00) <= 35.000000 AND
003E21EB	AbPerkJunkShield03	7	0	10000000	=	AND	Subject	WornHasKeyword	ArmorTypePower [KYWD:0004D8A1]	00 00 00 00		0.000000	0	Subject.WornHasKeyword(ArmorTypePower [KYWD:0004D8A1], 00 00 00 00) = 0.000000 AND
003E21EB	AbPerkJunkShield03	7	1	01000000	>	AND	Subject	GetJunkItemCount	00 00 00 00	00 00 00 00		35.000000	0	Subject.GetJunkItemCount(00 00 00 00, 00 00 00 00) > 35.000000 AND
003E21EB	AbPerkJunkShield03	7	2	10100000	<=	AND	Subject	GetJunkItemCount	00 00 00 00	00 00 00 00		40.000000	0	Subject.GetJunkItemCount(00 00 00 00, 00 00 00 00) <= 40.000000 AND
003E21EB	AbPerkJunkShield03	8	0	10000000	=	AND	Subject	WornHasKeyword	ArmorTypePower [KYWD:0004D8A1]	00 00 00 00		0.000000	0	Subject.WornHasKeyword(ArmorTypePower [KYWD:0004D8A1], 00 00 00 00) = 0.000000 AND
003E21EB	AbPerkJunkShield03	8	1	01000000	>	AND	Subject	GetJunkItemCount	00 00 00 00	00 00 00 00		40.000000	0	Subject.GetJunkItemCount(00 00 00 00, 00 00 00 00) > 40.000000 AND
003E21EB	AbPerkJunkShield03	8	2	10100000	<=	AND	Subject	GetJunkItemCount	00 00 00 00	00 00 00 00		45.000000	0	Subject.GetJunkItemCount(00 00 00 00, 00 00 00 00) <= 45.000000 AND
003E21EB	AbPerkJunkShield03	9	0	10000000	=	AND	Subject	WornHasKeyword	ArmorTypePower [KYWD:0004D8A1]	00 00 00 00		0.000000	0	Subject.WornHasKeyword(ArmorTypePower [KYWD:0004D8A1], 00 00 00 00) = 0.000000 AND
003E21EB	AbPerkJunkShield03	9	1	01000000	>	AND	Subject	GetJunkItemCount	00 00 00 00	00 00 00 00		45.000000	0	Subject.GetJunkItemCount(00 00 00 00, 00 00 00 00) > 45.000000 AND
003E21EB	AbPerkJunkShield03	10	0	10000000	=	AND	Subject	WornHasKeyword	ArmorTypePower [KYWD:0004D8A1]	00 00 00 00		0.000000	0	Subject.WornHasKeyword(ArmorTypePower [KYWD:0004D8A1], 00 00 00 00) = 0.000000 AND
003E21EB	AbPerkJunkShield03	10	1	01000000	>	AND	Subject	GetJunkItemCount	00 00 00 00	00 00 00 00		0.000000	0	Subject.GetJunkItemCount(00 00 00 00, 00 00 00 00) > 0.000000 AND
003E21EB	AbPerkJunkShield03	10	2	10100000	<=	AND	Subject	GetJunkItemCount	00 00 00 00	00 00 00 00		5.000000	0	Subject.GetJunkItemCount(00 00 00 00, 00 00 00 00) <= 5.000000 AND
003E21EB	AbPerkJunkShield03	11	0	10000000	=	AND	Subject	WornHasKeyword	ArmorTypePower [KYWD:0004D8A1]	00 00 00 00		0.000000	0	Subject.WornHasKeyword(ArmorTypePower [KYWD:0004D8A1], 00 00 00 00) = 0.000000 AND
003E21EB	AbPerkJunkShield03	11	1	01000000	>	AND	Subject	GetJunkItemCount	00 00 00 00	00 00 00 00		5.000000	0	Subject.GetJunkItemCount(00 00 00 00, 00 00 00 00) > 5.000000 AND
003E21EB	AbPerkJunkShield03	11	2	10100000	<=	AND	Subject	GetJunkItemCount	00 00 00 00	00 00 00 00		10.000000	0	Subject.GetJunkItemCount(00 00 00 00, 00 00 00 00) <= 10.000000 AND
003E21EB	AbPerkJunkShield03	12	0	10000000	=	AND	Subject	WornHasKeyword	ArmorTypePower [KYWD:0004D8A1]	00 00 00 00		0.000000	0	Subject.WornHasKeyword(ArmorTypePower [KYWD:0004D8A1], 00 00 00 00) = 0.000000 AND
003E21EB	AbPerkJunkShield03	12	1	01000000	>	AND	Subject	GetJunkItemCount	00 00 00 00	00 00 00 00		10.000000	0	Subject.GetJunkItemCount(00 00 00 00, 00 00 00 00) > 10.000000 AND
003E21EB	AbPerkJunkShield03	12	2	10100000	<=	AND	Subject	GetJunkItemCount	00 00 00 00	00 00 00 00		15.000000	0	Subject.GetJunkItemCount(00 00 00 00, 00 00 00 00) <= 15.000000 AND
003E21EB	AbPerkJunkShield03	13	0	10000000	=	AND	Subject	WornHasKeyword	ArmorTypePower [KYWD:0004D8A1]	00 00 00 00		0.000000	0	Subject.WornHasKeyword(ArmorTypePower [KYWD:0004D8A1], 00 00 00 00) = 0.000000 AND
003E21EB	AbPerkJunkShield03	13	1	01000000	>	AND	Subject	GetJunkItemCount	00 00 00 00	00 00 00 00		15.000000	0	Subject.GetJunkItemCount(00 00 00 00, 00 00 00 00) > 15.000000 AND
003E21EB	AbPerkJunkShield03	13	2	10100000	<=	AND	Subject	GetJunkItemCount	00 00 00 00	00 00 00 00		20.000000	0	Subject.GetJunkItemCount(00 00 00 00, 00 00 00 00) <= 20.000000 AND
003E21EB	AbPerkJunkShield03	14	0	10000000	=	AND	Subject	WornHasKeyword	ArmorTypePower [KYWD:0004D8A1]	00 00 00 00		0.000000	0	Subject.WornHasKeyword(ArmorTypePower [KYWD:0004D8A1], 00 00 00 00) = 0.000000 AND
003E21EB	AbPerkJunkShield03	14	1	01000000	>	AND	Subject	GetJunkItemCount	00 00 00 00	00 00 00 00		20.000000	0	Subject.GetJunkItemCount(00 00 00 00, 00 00 00 00) > 20.000000 AND
003E21EB	AbPerkJunkShield03	14	2	10100000	<=	AND	Subject	GetJunkItemCount	00 00 00 00	00 00 00 00		25.000000	0	Subject.GetJunkItemCount(00 00 00 00, 00 00 00 00) <= 25.000000 AND
003E21EB	AbPerkJunkShield03	15	0	10000000	=	AND	Subject	WornHasKeyword	ArmorTypePower [KYWD:0004D8A1]	00 00 00 00		0.000000	0	Subject.WornHasKeyword(ArmorTypePower [KYWD:0004D8A1], 00 00 00 00) = 0.000000 AND
003E21EB	AbPerkJunkShield03	15	1	01000000	>	AND	Subject	GetJunkItemCount	00 00 00 00	00 00 00 00		25.000000	0	Subject.GetJunkItemCount(00 00 00 00, 00 00 00 00) > 25.000000 AND
003E21EB	AbPerkJunkShield03	15	2	10100000	<=	AND	Subject	GetJunkItemCount	00 00 00 00	00 00 00 00		30.000000	0	Subject.GetJunkItemCount(00 00 00 00, 00 00 00 00) <= 30.000000 AND
003E21EB	AbPerkJunkShield03	16	0	10000000	=	AND	Subject	WornHasKeyword	ArmorTypePower [KYWD:0004D8A1]	00 00 00 00		0.000000	0	Subject.WornHasKeyword(ArmorTypePower [KYWD:0004D8A1], 00 00 00 00) = 0.000000 AND
003E21EB	AbPerkJunkShield03	16	1	01000000	>	AND	Subject	GetJunkItemCount	00 00 00 00	00 00 00 00		30.000000	0	Subject.GetJunkItemCount(00 00 00 00, 00 00 00 00) > 30.000000 AND
003E21EB	AbPerkJunkShield03	16	2	10100000	<=	AND	Subject	GetJunkItemCount	00 00 00 00	00 00 00 00		35.000000	0	Subject.GetJunkItemCount(00 00 00 00, 00 00 00 00) <= 35.000000 AND
003E21EB	AbPerkJunkShield03	17	0	10000000	=	AND	Subject	WornHasKeyword	ArmorTypePower [KYWD:0004D8A1]	00 00 00 00		0.000000	0	Subject.WornHasKeyword(ArmorTypePower [KYWD:0004D8A1], 00 00 00 00) = 0.000000 AND
003E21EB	AbPerkJunkShield03	17	1	01000000	>	AND	Subject	GetJunkItemCount	00 00 00 00	00 00 00 00		35.000000	0	Subject.GetJunkItemCount(00 00 00 00, 00 00 00 00) > 35.000000 AND
003E21EB	AbPerkJunkShield03	17	2	10100000	<=	AND	Subject	GetJunkItemCount	00 00 00 00	00 00 00 00		40.000000	0	Subject.GetJunkItemCount(00 00 00 00, 00 00 00 00) <= 40.000000 AND
003E21EB	AbPerkJunkShield03	18	0	10000000	=	AND	Subject	WornHasKeyword	ArmorTypePower [KYWD:0004D8A1]	00 00 00 00		0.000000	0	Subject.WornHasKeyword(ArmorTypePower [KYWD:0004D8A1], 00 00 00 00) = 0.000000 AND
003E21EB	AbPerkJunkShield03	18	1	01000000	>	AND	Subject	GetJunkItemCount	00 00 00 00	00 00 00 00		40.000000	0	Subject.GetJunkItemCount(00 00 00 00, 00 00 00 00) > 40.000000 AND
003E21EB	AbPerkJunkShield03	18	2	10100000	<=	AND	Subject	GetJunkItemCount	00 00 00 00	00 00 00 00		45.000000	0	Subject.GetJunkItemCount(00 00 00 00, 00 00 00 00) <= 45.000000 AND
003E21EB	AbPerkJunkShield03	19	0	10000000	=	AND	Subject	WornHasKeyword	ArmorTypePower [KYWD:0004D8A1]	00 00 00 00		0.000000	0	Subject.WornHasKeyword(ArmorTypePower [KYWD:0004D8A1], 00 00 00 00) = 0.000000 AND
003E21EB	AbPerkJunkShield03	19	1	01000000	>	AND	Subject	GetJunkItemCount	00 00 00 00	00 00 00 00		45.000000	0	Subject.GetJunkItemCount(00 00 00 00, 00 00 00 00) > 45.000000 AND
003E21F3	CUT_PerkSuppressor02Spell	0	0	10000000	=	AND	Subject	HasKeyword	PerkSuppressorDispel03Effects [KYWD:0043A390]	00 00 00 00		0.000000	0	Subject.HasKeyword(PerkSuppressorDispel03Effects [KYWD:0043A390], 00 00 00 00) = 0.000000 AND
003E7F6C	SURV_DiseasedCreatureChance_abDiseasedCreature	0	0	10000000	=	AND	Subject	IsTrueForConditionForm	DiseasedCreatureChance_Check [CNDF:004960CC]	00 00 00 00		1.000000	0	Subject.IsTrueForConditionForm(DiseasedCreatureChance_Check [CNDF:004960CC], 00 00 00 00) = 1.000000 AND
003E9566	AbPerkMartialArtist	0	0	10000000	=	AND	Subject	HasPerk	MartialArtist02 "Martial Artist" [PERK:003E9568]	00 00 00 00		0.000000	0	Subject.HasPerk(MartialArtist02 "Martial Artist" [PERK:003E9568], 00 00 00 00) = 0.000000 AND
003E9566	AbPerkMartialArtist	0	1	10100000	<=	AND	Subject	GetWeaponAnimType	00 00 00 00	00 00 00 00		6.000000	0	Subject.GetWeaponAnimType(00 00 00 00, 00 00 00 00) <= 6.000000 AND
003E9566	AbPerkMartialArtist	1	0	10000000	=	AND	Subject	HasPerk	MartialArtist02 "Martial Artist" [PERK:003E9568]	00 00 00 00		1.000000	0	Subject.HasPerk(MartialArtist02 "Martial Artist" [PERK:003E9568], 00 00 00 00) = 1.000000 AND
003E9566	AbPerkMartialArtist	1	1	10000000	=	AND	Subject	HasPerk	MartialArtist03 "Martial Artist" [PERK:003E9569]	00 00 00 00		0.000000	0	Subject.HasPerk(MartialArtist03 "Martial Artist" [PERK:003E9569], 00 00 00 00) = 0.000000 AND
003E9566	AbPerkMartialArtist	1	2	10100000	<=	AND	Subject	GetWeaponAnimType	00 00 00 00	00 00 00 00		6.000000	0	Subject.GetWeaponAnimType(00 00 00 00, 00 00 00 00) <= 6.000000 AND
003E9566	AbPerkMartialArtist	2	0	10000000	=	AND	Subject	HasPerk	MartialArtist03 "Martial Artist" [PERK:003E9569]	00 00 00 00		1.000000	0	Subject.HasPerk(MartialArtist03 "Martial Artist" [PERK:003E9569], 00 00 00 00) = 1.000000 AND
003E9566	AbPerkMartialArtist	2	1	10100000	<=	AND	Subject	GetWeaponAnimType	00 00 00 00	00 00 00 00		6.000000	0	Subject.GetWeaponAnimType(00 00 00 00, 00 00 00 00) <= 6.000000 AND
004B0095	SURV_Disease_GlowingPustules	0	0	10000000	=	AND	Subject	GetIsPlayerGhoul	00 00 00 00	00 00 00 00		0.000000	0	Subject.GetIsPlayerGhoul(00 00 00 00, 00 00 00 00) = 0.000000 AND
004B009C	SURV_Disease_ShellShock	0	0	10000000	=	AND	Subject	GetIsPlayerGhoul	00 00 00 00	00 00 00 00		0.000000	0	Subject.GetIsPlayerGhoul(00 00 00 00, 00 00 00 00) = 0.000000 AND
004C6B2F	SURV_Disease_SwampGas	0	0	10000000	=	AND	Subject	GetIsPlayerGhoul	00 00 00 00	00 00 00 00		0.000000	0	Subject.GetIsPlayerGhoul(00 00 00 00, 00 00 00 00) = 0.000000 AND
004C6B34	SURV_Disease_BuzzBrain	0	0	10000000	=	AND	Subject	GetIsPlayerGhoul	00 00 00 00	00 00 00 00		0.000000	0	Subject.GetIsPlayerGhoul(00 00 00 00, 00 00 00 00) = 0.000000 AND
004C6B25	SURV_Disease_SnotEar	0	0	10000000	=	AND	Subject	GetIsPlayerGhoul	00 00 00 00	00 00 00 00		0.000000	0	Subject.GetIsPlayerGhoul(00 00 00 00, 00 00 00 00) = 0.000000 AND
004C6B2A	SURV_Disease_HeatFlashes	0	0	10000000	=	AND	Subject	GetIsPlayerGhoul	00 00 00 00	00 00 00 00		0.000000	0	Subject.GetIsPlayerGhoul(00 00 00 00, 00 00 00 00) = 0.000000 AND
004C6B3E	SURV_Disease_Blight	0	0	10000000	=	AND	Subject	GetIsPlayerGhoul	00 00 00 00	00 00 00 00		0.000000	0	Subject.GetIsPlayerGhoul(00 00 00 00, 00 00 00 00) = 0.000000 AND
004C6B3E	SURV_Disease_Blight	1	0	10000000	=	AND	Subject	GetIsPlayerGhoul	00 00 00 00	00 00 00 00		0.000000	0	Subject.GetIsPlayerGhoul(00 00 00 00, 00 00 00 00) = 0.000000 AND
004C6B3E	SURV_Disease_Blight	2	0	10000000	=	AND	Subject	GetIsPlayerGhoul	00 00 00 00	00 00 00 00		0.000000	0	Subject.GetIsPlayerGhoul(00 00 00 00, 00 00 00 00) = 0.000000 AND
004C6B3E	SURV_Disease_Blight	3	0	10000000	=	AND	Subject	GetIsPlayerGhoul	00 00 00 00	00 00 00 00		0.000000	0	Subject.GetIsPlayerGhoul(00 00 00 00, 00 00 00 00) = 0.000000 AND
004C6B3E	SURV_Disease_Blight	4	0	10000000	=	AND	Subject	GetIsPlayerGhoul	00 00 00 00	00 00 00 00		0.000000	0	Subject.GetIsPlayerGhoul(00 00 00 00, 00 00 00 00) = 0.000000 AND
004C6B3E	SURV_Disease_Blight	5	0	10000000	=	AND	Subject	GetIsPlayerGhoul	00 00 00 00	00 00 00 00		0.000000	0	Subject.GetIsPlayerGhoul(00 00 00 00, 00 00 00 00) = 0.000000 AND
004C6B3E	SURV_Disease_Blight	6	0	10000000	=	AND	Subject	GetIsPlayerGhoul	00 00 00 00	00 00 00 00		0.000000	0	Subject.GetIsPlayerGhoul(00 00 00 00, 00 00 00 00) = 0.000000 AND
004C6B3E	SURV_Disease_Blight	7	0	10000000	=	AND	Subject	GetIsPlayerGhoul	00 00 00 00	00 00 00 00		0.000000	0	Subject.GetIsPlayerGhoul(00 00 00 00, 00 00 00 00) = 0.000000 AND
004C6B1F	SURV_Disease_FlapLimb	0	0	10000000	=	AND	Subject	GetIsPlayerGhoul	00 00 00 00	00 00 00 00		0.000000	0	Subject.GetIsPlayerGhoul(00 00 00 00, 00 00 00 00) = 0.000000 AND
004C6B39	SURV_Disease_Woopsies	0	0	10000000	=	AND	Subject	GetIsPlayerGhoul	00 00 00 00	00 00 00 00		0.000000	0	Subject.GetIsPlayerGhoul(00 00 00 00, 00 00 00 00) = 0.000000 AND
004C6B48	SURV_Disease_FeverClaw	0	0	10000000	=	AND	Subject	GetIsPlayerGhoul	00 00 00 00	00 00 00 00		0.000000	0	Subject.GetIsPlayerGhoul(00 00 00 00, 00 00 00 00) = 0.000000 AND
004C6B4F	SURV_Disease_RattleHands	0	0	10000000	=	AND	Subject	GetIsPlayerGhoul	00 00 00 00	00 00 00 00		0.000000	0	Subject.GetIsPlayerGhoul(00 00 00 00, 00 00 00 00) = 0.000000 AND
004DF1CE	Mutation_Marsupial	0	0	10000000	=	AND	Subject	IsSpellTarget	RadX "Rad-X" [ALCH:00024057]	00 00 00 00		1.000000	0	Subject.IsSpellTarget(RadX "Rad-X" [ALCH:00024057], 00 00 00 00) = 1.000000 AND
004DF1CE	Mutation_Marsupial	1	0	10000000	=	AND	Subject	IsTrueForConditionForm	Mutation_Check_UseNormalVersion [CNDF:00467939]	00 00 00 00		1.000000	0	Subject.IsTrueForConditionForm(Mutation_Check_UseNormalVersion [CNDF:00467939], 00 00 00 00) = 1.000000 AND
004DF1CE	Mutation_Marsupial	2	0	10000000	=	AND	Subject	IsTrueForConditionForm	Mutation_Check_UseNormalVersion [CNDF:00467939]	00 00 00 00		1.000000	0	Subject.IsTrueForConditionForm(Mutation_Check_UseNormalVersion [CNDF:00467939], 00 00 00 00) = 1.000000 AND
004DF1CE	Mutation_Marsupial	3	0	10000000	=	AND	Subject	IsTrueForConditionForm	Mutation_Check_UseSuperVersion [CNDF:0046793B]	00 00 00 00		1.000000	0	Subject.IsTrueForConditionForm(Mutation_Check_UseSuperVersion [CNDF:0046793B], 00 00 00 00) = 1.000000 AND
004DF1CE	Mutation_Marsupial	4	0	10000000	=	AND	Subject	IsTrueForConditionForm	Mutation_Check_UseSuperVersion [CNDF:0046793B]	00 00 00 00		1.000000	0	Subject.IsTrueForConditionForm(Mutation_Check_UseSuperVersion [CNDF:0046793B], 00 00 00 00) = 1.000000 AND
004DF1CE	Mutation_Marsupial	5	0	10000000	=	AND	Subject	IsSpellTarget	RadX "Rad-X" [ALCH:00024057]	00 00 00 00		0.000000	0	Subject.IsSpellTarget(RadX "Rad-X" [ALCH:00024057], 00 00 00 00) = 0.000000 AND
004DF1CE	Mutation_Marsupial	5	1	10000000	=	AND	Subject	IsSpellTarget	Serum_Marsupial "Marsupial Serum" [ALCH:0050A5E7]	00 00 00 00		0.000000	0	Subject.IsSpellTarget(Serum_Marsupial "Marsupial Serum" [ALCH:0050A5E7], 00 00 00 00) = 0.000000 AND
004DF1DB	Mutation_HealingFactor	0	0	10000000	=	AND	Subject	IsSpellTarget	RadX "Rad-X" [ALCH:00024057]	00 00 00 00		1.000000	0	Subject.IsSpellTarget(RadX "Rad-X" [ALCH:00024057], 00 00 00 00) = 1.000000 AND
004DF1DB	Mutation_HealingFactor	1	0	10000000	=	AND	Subject	IsTrueForConditionForm	Mutation_Check_UseNormalVersion [CNDF:00467939]	00 00 00 00		1.000000	0	Subject.IsTrueForConditionForm(Mutation_Check_UseNormalVersion [CNDF:00467939], 00 00 00 00) = 1.000000 AND
004DF1DB	Mutation_HealingFactor	2	0	10000000	=	AND	Subject	IsTrueForConditionForm	Mutation_Check_UseSuperVersion [CNDF:0046793B]	00 00 00 00		1.000000	0	Subject.IsTrueForConditionForm(Mutation_Check_UseSuperVersion [CNDF:0046793B], 00 00 00 00) = 1.000000 AND
004DF1DB	Mutation_HealingFactor	3	0	10000000	=	AND	Subject	IsSpellTarget	RadX "Rad-X" [ALCH:00024057]	00 00 00 00		0.000000	0	Subject.IsSpellTarget(RadX "Rad-X" [ALCH:00024057], 00 00 00 00) = 0.000000 AND
004DF1DB	Mutation_HealingFactor	3	1	10000000	=	AND	Subject	IsSpellTarget	Serum_HealingFactor "Healing Factor Serum" [ALCH:0050A5D6]	00 00 00 00		0.000000	0	Subject.IsSpellTarget(Serum_HealingFactor "Healing Factor Serum" [ALCH:0050A5D6], 00 00 00 00) = 0.000000 AND
004DF1CF	Mutation_ScalySkin	0	0	10000000	=	AND	Subject	IsSpellTarget	RadX "Rad-X" [ALCH:00024057]	00 00 00 00		1.000000	0	Subject.IsSpellTarget(RadX "Rad-X" [ALCH:00024057], 00 00 00 00) = 1.000000 AND
004DF1CF	Mutation_ScalySkin	1	0	10000000	=	AND	Subject	IsTrueForConditionForm	Mutation_Check_UseNormalVersion [CNDF:00467939]	00 00 00 00		1.000000	0	Subject.IsTrueForConditionForm(Mutation_Check_UseNormalVersion [CNDF:00467939], 00 00 00 00) = 1.000000 AND
004DF1CF	Mutation_ScalySkin	2	0	10000000	=	AND	Subject	IsTrueForConditionForm	Mutation_Check_UseNormalVersion [CNDF:00467939]	00 00 00 00		1.000000	0	Subject.IsTrueForConditionForm(Mutation_Check_UseNormalVersion [CNDF:00467939], 00 00 00 00) = 1.000000 AND
004DF1CF	Mutation_ScalySkin	3	0	10000000	=	AND	Subject	IsTrueForConditionForm	Mutation_Check_UseSuperVersion [CNDF:0046793B]	00 00 00 00		1.000000	0	Subject.IsTrueForConditionForm(Mutation_Check_UseSuperVersion [CNDF:0046793B], 00 00 00 00) = 1.000000 AND
004DF1CF	Mutation_ScalySkin	4	0	10000000	=	AND	Subject	IsTrueForConditionForm	Mutation_Check_UseSuperVersion [CNDF:0046793B]	00 00 00 00		1.000000	0	Subject.IsTrueForConditionForm(Mutation_Check_UseSuperVersion [CNDF:0046793B], 00 00 00 00) = 1.000000 AND
004DF1CF	Mutation_ScalySkin	5	0	10000000	=	AND	Subject	IsSpellTarget	RadX "Rad-X" [ALCH:00024057]	00 00 00 00		0.000000	0	Subject.IsSpellTarget(RadX "Rad-X" [ALCH:00024057], 00 00 00 00) = 0.000000 AND
004DF1CF	Mutation_ScalySkin	5	1	10000000	=	AND	Subject	IsSpellTarget	Serum_ScalySkin "Scaly Skin Serum" [ALCH:0050A5F0]	00 00 00 00		0.000000	0	Subject.IsSpellTarget(Serum_ScalySkin "Scaly Skin Serum" [ALCH:0050A5F0], 00 00 00 00) = 0.000000 AND
004DF1E0	Mutation_SpeedDemon	0	0	10000000	=	AND	Subject	IsSpellTarget	RadX "Rad-X" [ALCH:00024057]	00 00 00 00		1.000000	0	Subject.IsSpellTarget(RadX "Rad-X" [ALCH:00024057], 00 00 00 00) = 1.000000 AND
004DF1E0	Mutation_SpeedDemon	1	0	10000000	=	AND	Subject	IsSpellTarget	RadX "Rad-X" [ALCH:00024057]	00 00 00 00		0.000000	0	Subject.IsSpellTarget(RadX "Rad-X" [ALCH:00024057], 00 00 00 00) = 0.000000 AND
004DF1E0	Mutation_SpeedDemon	1	1	10000000	=	AND	Subject	IsSpellTarget	Serum_SpeedDemon "Speed Demon Serum" [ALCH:0050A5F3]	00 00 00 00		0.000000	0	Subject.IsSpellTarget(Serum_SpeedDemon "Speed Demon Serum" [ALCH:0050A5F3], 00 00 00 00) = 0.000000 AND
004DF1E0	Mutation_SpeedDemon	2	0	10000000	=	AND	Subject	GetIsPlayerGhoul	00 00 00 00	00 00 00 00		0.000000	0	Subject.GetIsPlayerGhoul(00 00 00 00, 00 00 00 00) = 0.000000 AND
004DF1E0	Mutation_SpeedDemon	2	1	10000000	=	AND	Subject	IsMoving	00 00 00 00	00 00 00 00		1.000000	0	Subject.IsMoving(00 00 00 00, 00 00 00 00) = 1.000000 AND
004DF1E0	Mutation_SpeedDemon	2	2	10000000	=	AND	Subject	IsSpellTarget	RadX "Rad-X" [ALCH:00024057]	00 00 00 00		0.000000	0	Subject.IsSpellTarget(RadX "Rad-X" [ALCH:00024057], 00 00 00 00) = 0.000000 AND
004DF1E0	Mutation_SpeedDemon	2	3	10000000	=	AND	Subject	IsSpellTarget	Serum_SpeedDemon "Speed Demon Serum" [ALCH:0050A5F3]	00 00 00 00		0.000000	0	Subject.IsSpellTarget(Serum_SpeedDemon "Speed Demon Serum" [ALCH:0050A5F3], 00 00 00 00) = 0.000000 AND
004DF1E0	Mutation_SpeedDemon	3	0	10000000	=	AND	Subject	GetIsPlayerGhoul	00 00 00 00	00 00 00 00		1.000000	0	Subject.GetIsPlayerGhoul(00 00 00 00, 00 00 00 00) = 1.000000 AND
004DF1E0	Mutation_SpeedDemon	3	1	10000000	=	AND	Subject	IsMoving	00 00 00 00	00 00 00 00		1.000000	0	Subject.IsMoving(00 00 00 00, 00 00 00 00) = 1.000000 AND
004DF1E0	Mutation_SpeedDemon	3	2	10000000	=	AND	Subject	IsSpellTarget	RadX "Rad-X" [ALCH:00024057]	00 00 00 00		0.000000	0	Subject.IsSpellTarget(RadX "Rad-X" [ALCH:00024057], 00 00 00 00) = 0.000000 AND
004DF1E0	Mutation_SpeedDemon	3	3	10000000	=	AND	Subject	IsSpellTarget	Serum_SpeedDemon "Speed Demon Serum" [ALCH:0050A5F3]	00 00 00 00		0.000000	0	Subject.IsSpellTarget(Serum_SpeedDemon "Speed Demon Serum" [ALCH:0050A5F3], 00 00 00 00) = 0.000000 AND
004DF1E0	Mutation_SpeedDemon	4	0	10000000	=	AND	Subject	IsTrueForConditionForm	Mutation_Check_UseNormalVersion [CNDF:00467939]	00 00 00 00		1.000000	0	Subject.IsTrueForConditionForm(Mutation_Check_UseNormalVersion [CNDF:00467939], 00 00 00 00) = 1.000000 AND
004DF1E0	Mutation_SpeedDemon	5	0	10000000	=	AND	Subject	IsTrueForConditionForm	Mutation_Check_UseSuperVersion [CNDF:0046793B]	00 00 00 00		1.000000	0	Subject.IsTrueForConditionForm(Mutation_Check_UseSuperVersion [CNDF:0046793B], 00 00 00 00) = 1.000000 AND
004DF1E0	Mutation_SpeedDemon	6	0	10000000	=	AND	Subject	IsTrueForConditionForm	Mutation_Check_UseNormalVersion [CNDF:00467939]	00 00 00 00		1.000000	0	Subject.IsTrueForConditionForm(Mutation_Check_UseNormalVersion [CNDF:00467939], 00 00 00 00) = 1.000000 AND
004DF1E0	Mutation_SpeedDemon	7	0	10000000	=	AND	Subject	IsTrueForConditionForm	Mutation_Check_UseSuperVersion [CNDF:0046793B]	00 00 00 00		1.000000	0	Subject.IsTrueForConditionForm(Mutation_Check_UseSuperVersion [CNDF:0046793B], 00 00 00 00) = 1.000000 AND
004E1F16	Mutation_Empath	0	0	10000000	=	AND	Subject	IsSpellTarget	RadX "Rad-X" [ALCH:00024057]	00 00 00 00		1.000000	0	Subject.IsSpellTarget(RadX "Rad-X" [ALCH:00024057], 00 00 00 00) = 1.000000 AND
004E1F16	Mutation_Empath	1	0	10000000	=	AND	Subject	IsSpellTarget	RadX "Rad-X" [ALCH:00024057]	00 00 00 00		0.000000	0	Subject.IsSpellTarget(RadX "Rad-X" [ALCH:00024057], 00 00 00 00) = 0.000000 AND
004E1F16	Mutation_Empath	1	1	10000000	=	AND	Subject	IsSpellTarget	Serum_Empath "Empath Serum" [ALCH:0050A5D2]	00 00 00 00		0.000000	0	Subject.IsSpellTarget(Serum_Empath "Empath Serum" [ALCH:0050A5D2], 00 00 00 00) = 0.000000 AND
004E1F16	Mutation_Empath	2	0	10000000	=	AND	Subject	IsSpellTarget	RadX "Rad-X" [ALCH:00024057]	00 00 00 00		0.000000	0	Subject.IsSpellTarget(RadX "Rad-X" [ALCH:00024057], 00 00 00 00) = 0.000000 AND
004E1F16	Mutation_Empath	2	1	10000000	=	AND	Subject	IsSpellTarget	Serum_Empath "Empath Serum" [ALCH:0050A5D2]	00 00 00 00		0.000000	0	Subject.IsSpellTarget(Serum_Empath "Empath Serum" [ALCH:0050A5D2], 00 00 00 00) = 0.000000 AND
004E1F16	Mutation_Empath	3	0	10000000	=	AND	Subject	IsTrueForConditionForm	Mutation_Check_UseNormalVersion [CNDF:00467939]	00 00 00 00		1.000000	0	Subject.IsTrueForConditionForm(Mutation_Check_UseNormalVersion [CNDF:00467939], 00 00 00 00) = 1.000000 AND
004E1F16	Mutation_Empath	4	0	10000000	=	AND	Subject	IsTrueForConditionForm	Mutation_Check_UseSuperVersion [CNDF:0046793B]	00 00 00 00		1.000000	0	Subject.IsTrueForConditionForm(Mutation_Check_UseSuperVersion [CNDF:0046793B], 00 00 00 00) = 1.000000 AND
004E1F16	Mutation_Empath	6	0	10000000	=	AND	Subject	IsTrueForConditionForm	Mutation_Check_UseNormalVersion [CNDF:00467939]	00 00 00 00		1.000000	0	Subject.IsTrueForConditionForm(Mutation_Check_UseNormalVersion [CNDF:00467939], 00 00 00 00) = 1.000000 AND
004E1F16	Mutation_Empath	7	0	10000000	=	AND	Subject	IsTrueForConditionForm	Mutation_Check_UseSuperVersion [CNDF:0046793B]	00 00 00 00		1.000000	0	Subject.IsTrueForConditionForm(Mutation_Check_UseSuperVersion [CNDF:0046793B], 00 00 00 00) = 1.000000 AND
004E1F14	Mutation_AdrenalReaction	0	0	10000000	=	AND	Subject	IsSpellTarget	RadX "Rad-X" [ALCH:00024057]	00 00 00 00		1.000000	0	Subject.IsSpellTarget(RadX "Rad-X" [ALCH:00024057], 00 00 00 00) = 1.000000 AND
004E1F14	Mutation_AdrenalReaction	1	0	10000000	=	AND	Subject	IsSpellTarget	RadX "Rad-X" [ALCH:00024057]	00 00 00 00		0.000000	0	Subject.IsSpellTarget(RadX "Rad-X" [ALCH:00024057], 00 00 00 00) = 0.000000 AND
004E1F14	Mutation_AdrenalReaction	1	1	10000000	=	AND	Subject	IsSpellTarget	Serum_AdrenalReaction "Adrenal Reaction Serum" [ALCH:00505BD4]	00 00 00 00		0.000000	0	Subject.IsSpellTarget(Serum_AdrenalReaction "Adrenal Reaction Serum" [ALCH:00505BD4], 00 00 00 00) = 0.000000 AND
004E1F14	Mutation_AdrenalReaction	4	0	10000000	=	AND	Subject	IsTrueForConditionForm	Mutation_Check_UseNormalVersion [CNDF:00467939]	00 00 00 00		1.000000	0	Subject.IsTrueForConditionForm(Mutation_Check_UseNormalVersion [CNDF:00467939], 00 00 00 00) = 1.000000 AND
004E1F14	Mutation_AdrenalReaction	5	0	10000000	=	AND	Subject	IsTrueForConditionForm	Mutation_Check_UseSuperVersion [CNDF:0046793B]	00 00 00 00		1.000000	0	Subject.IsTrueForConditionForm(Mutation_Check_UseSuperVersion [CNDF:0046793B], 00 00 00 00) = 1.000000 AND
004E1F14	Mutation_AdrenalReaction	6	0	11000000	>=	AND	Subject	GetValue	Kill Streak [AVIF:00000399]	00 00 00 00		1.000000	0	Subject.GetValue(Kill Streak [AVIF:00000399], 00 00 00 00) >= 1.000000 AND
004E1F14	Mutation_AdrenalReaction	6	1	10000000	=	AND	Subject	IsTrueForConditionForm	Mutation_Check_UseSuperVersion [CNDF:0046793B]	00 00 00 00		1.000000	0	Subject.IsTrueForConditionForm(Mutation_Check_UseSuperVersion [CNDF:0046793B], 00 00 00 00) = 1.000000 AND
004E1F14	Mutation_AdrenalReaction	7	0	11000000	>=	AND	Subject	GetValue	Kill Streak [AVIF:00000399]	00 00 00 00		1.000000	0	Subject.GetValue(Kill Streak [AVIF:00000399], 00 00 00 00) >= 1.000000 AND
004E1F14	Mutation_AdrenalReaction	7	1	10000000	=	AND	Subject	IsTrueForConditionForm	Mutation_Check_UseNormalVersion [CNDF:00467939]	00 00 00 00		1.000000	0	Subject.IsTrueForConditionForm(Mutation_Check_UseNormalVersion [CNDF:00467939], 00 00 00 00) = 1.000000 AND
004E1F1E	Mutation_HerdMentality	0	0	10000000	=	AND	Subject	IsSpellTarget	RadX "Rad-X" [ALCH:00024057]	00 00 00 00		1.000000	0	Subject.IsSpellTarget(RadX "Rad-X" [ALCH:00024057], 00 00 00 00) = 1.000000 AND
004E1F1E	Mutation_HerdMentality	1	0	10000000	=	AND	Subject	IsSpellTarget	RadX "Rad-X" [ALCH:00024057]	00 00 00 00		0.000000	0	Subject.IsSpellTarget(RadX "Rad-X" [ALCH:00024057], 00 00 00 00) = 0.000000 AND
004E1F1E	Mutation_HerdMentality	1	1	10000000	=	AND	Subject	IsSpellTarget	Serum_HerdMentality "Herd Mentality Serum" [ALCH:0050A5E3]	00 00 00 00		0.000000	0	Subject.IsSpellTarget(Serum_HerdMentality "Herd Mentality Serum" [ALCH:0050A5E3], 00 00 00 00) = 0.000000 AND
004E1F1E	Mutation_HerdMentality	1	2	10000000	=	AND	Subject	IsMemberOfAPlayerTeam	00 00 00 00	00 00 00 00		0.000000	0	Subject.IsMemberOfAPlayerTeam(00 00 00 00, 00 00 00 00) = 0.000000 AND
004E1F1E	Mutation_HerdMentality	2	0	10000000	=	AND	Subject	IsSpellTarget	RadX "Rad-X" [ALCH:00024057]	00 00 00 00		0.000000	0	Subject.IsSpellTarget(RadX "Rad-X" [ALCH:00024057], 00 00 00 00) = 0.000000 AND
004E1F1E	Mutation_HerdMentality	2	1	10000000	=	AND	Subject	IsSpellTarget	Serum_HerdMentality "Herd Mentality Serum" [ALCH:0050A5E3]	00 00 00 00		0.000000	0	Subject.IsSpellTarget(Serum_HerdMentality "Herd Mentality Serum" [ALCH:0050A5E3], 00 00 00 00) = 0.000000 AND
004E1F1E	Mutation_HerdMentality	2	2	10000000	=	AND	Subject	IsMemberOfAPlayerTeam	00 00 00 00	00 00 00 00		0.000000	0	Subject.IsMemberOfAPlayerTeam(00 00 00 00, 00 00 00 00) = 0.000000 AND
004E1F1E	Mutation_HerdMentality	3	0	10000000	=	AND	Subject	IsSpellTarget	RadX "Rad-X" [ALCH:00024057]	00 00 00 00		0.000000	0	Subject.IsSpellTarget(RadX "Rad-X" [ALCH:00024057], 00 00 00 00) = 0.000000 AND
004E1F1E	Mutation_HerdMentality	3	1	10000000	=	AND	Subject	IsSpellTarget	Serum_HerdMentality "Herd Mentality Serum" [ALCH:0050A5E3]	00 00 00 00		0.000000	0	Subject.IsSpellTarget(Serum_HerdMentality "Herd Mentality Serum" [ALCH:0050A5E3], 00 00 00 00) = 0.000000 AND
004E1F1E	Mutation_HerdMentality	3	2	10000000	=	AND	Subject	IsMemberOfAPlayerTeam	00 00 00 00	00 00 00 00		0.000000	0	Subject.IsMemberOfAPlayerTeam(00 00 00 00, 00 00 00 00) = 0.000000 AND
004E1F1E	Mutation_HerdMentality	4	0	10000000	=	AND	Subject	IsSpellTarget	RadX "Rad-X" [ALCH:00024057]	00 00 00 00		0.000000	0	Subject.IsSpellTarget(RadX "Rad-X" [ALCH:00024057], 00 00 00 00) = 0.000000 AND
004E1F1E	Mutation_HerdMentality	4	1	10000000	=	AND	Subject	IsSpellTarget	Serum_HerdMentality "Herd Mentality Serum" [ALCH:0050A5E3]	00 00 00 00		0.000000	0	Subject.IsSpellTarget(Serum_HerdMentality "Herd Mentality Serum" [ALCH:0050A5E3], 00 00 00 00) = 0.000000 AND
004E1F1E	Mutation_HerdMentality	4	2	10000000	=	AND	Subject	IsMemberOfAPlayerTeam	00 00 00 00	00 00 00 00		0.000000	0	Subject.IsMemberOfAPlayerTeam(00 00 00 00, 00 00 00 00) = 0.000000 AND
004E1F1E	Mutation_HerdMentality	5	0	10000000	=	AND	Subject	IsSpellTarget	RadX "Rad-X" [ALCH:00024057]	00 00 00 00		0.000000	0	Subject.IsSpellTarget(RadX "Rad-X" [ALCH:00024057], 00 00 00 00) = 0.000000 AND
004E1F1E	Mutation_HerdMentality	5	1	10000000	=	AND	Subject	IsSpellTarget	Serum_HerdMentality "Herd Mentality Serum" [ALCH:0050A5E3]	00 00 00 00		0.000000	0	Subject.IsSpellTarget(Serum_HerdMentality "Herd Mentality Serum" [ALCH:0050A5E3], 00 00 00 00) = 0.000000 AND
004E1F1E	Mutation_HerdMentality	5	2	10000000	=	AND	Subject	IsMemberOfAPlayerTeam	00 00 00 00	00 00 00 00		0.000000	0	Subject.IsMemberOfAPlayerTeam(00 00 00 00, 00 00 00 00) = 0.000000 AND
004E1F1E	Mutation_HerdMentality	6	0	10000000	=	AND	Subject	IsSpellTarget	RadX "Rad-X" [ALCH:00024057]	00 00 00 00		0.000000	0	Subject.IsSpellTarget(RadX "Rad-X" [ALCH:00024057], 00 00 00 00) = 0.000000 AND
004E1F1E	Mutation_HerdMentality	6	1	10000000	=	AND	Subject	IsSpellTarget	Serum_HerdMentality "Herd Mentality Serum" [ALCH:0050A5E3]	00 00 00 00		0.000000	0	Subject.IsSpellTarget(Serum_HerdMentality "Herd Mentality Serum" [ALCH:0050A5E3], 00 00 00 00) = 0.000000 AND
004E1F1E	Mutation_HerdMentality	6	2	10000000	=	AND	Subject	IsMemberOfAPlayerTeam	00 00 00 00	00 00 00 00		0.000000	0	Subject.IsMemberOfAPlayerTeam(00 00 00 00, 00 00 00 00) = 0.000000 AND
004E1F1E	Mutation_HerdMentality	7	0	10000000	=	AND	Subject	IsSpellTarget	RadX "Rad-X" [ALCH:00024057]	00 00 00 00		0.000000	0	Subject.IsSpellTarget(RadX "Rad-X" [ALCH:00024057], 00 00 00 00) = 0.000000 AND
004E1F1E	Mutation_HerdMentality	7	1	10000000	=	AND	Subject	IsSpellTarget	Serum_HerdMentality "Herd Mentality Serum" [ALCH:0050A5E3]	00 00 00 00		0.000000	0	Subject.IsSpellTarget(Serum_HerdMentality "Herd Mentality Serum" [ALCH:0050A5E3], 00 00 00 00) = 0.000000 AND
004E1F1E	Mutation_HerdMentality	7	2	10000000	=	AND	Subject	IsMemberOfAPlayerTeam	00 00 00 00	00 00 00 00		0.000000	0	Subject.IsMemberOfAPlayerTeam(00 00 00 00, 00 00 00 00) = 0.000000 AND
004E1F1E	Mutation_HerdMentality	8	0	10000000	=	AND	Subject	IsTrueForConditionForm	Mutation_Check_UseNormalVersion_HerdMentality [CNDF:0046793A]	00 00 00 00		1.000000	0	Subject.IsTrueForConditionForm(Mutation_Check_UseNormalVersion_HerdMentality [CNDF:0046793A], 00 00 00 00) = 1.000000 AND
004E1F1E	Mutation_HerdMentality	9	0	10000000	=	AND	Subject	IsTrueForConditionForm	Mutation_Check_UseNormalVersion_HerdMentality [CNDF:0046793A]	00 00 00 00		1.000000	0	Subject.IsTrueForConditionForm(Mutation_Check_UseNormalVersion_HerdMentality [CNDF:0046793A], 00 00 00 00) = 1.000000 AND
004E1F1E	Mutation_HerdMentality	10	0	10000000	=	AND	Subject	IsTrueForConditionForm	Mutation_Check_UseNormalVersion_HerdMentality [CNDF:0046793A]	00 00 00 00		1.000000	0	Subject.IsTrueForConditionForm(Mutation_Check_UseNormalVersion_HerdMentality [CNDF:0046793A], 00 00 00 00) = 1.000000 AND
004E1F1E	Mutation_HerdMentality	11	0	10000000	=	AND	Subject	IsTrueForConditionForm	Mutation_Check_UseNormalVersion_HerdMentality [CNDF:0046793A]	00 00 00 00		1.000000	0	Subject.IsTrueForConditionForm(Mutation_Check_UseNormalVersion_HerdMentality [CNDF:0046793A], 00 00 00 00) = 1.000000 AND
004E1F1E	Mutation_HerdMentality	12	0	10000000	=	AND	Subject	IsTrueForConditionForm	Mutation_Check_UseNormalVersion_HerdMentality [CNDF:0046793A]	00 00 00 00		1.000000	0	Subject.IsTrueForConditionForm(Mutation_Check_UseNormalVersion_HerdMentality [CNDF:0046793A], 00 00 00 00) = 1.000000 AND
004E1F1E	Mutation_HerdMentality	13	0	10000000	=	AND	Subject	IsTrueForConditionForm	Mutation_Check_UseNormalVersion_HerdMentality [CNDF:0046793A]	00 00 00 00		1.000000	0	Subject.IsTrueForConditionForm(Mutation_Check_UseNormalVersion_HerdMentality [CNDF:0046793A], 00 00 00 00) = 1.000000 AND
004E1F1E	Mutation_HerdMentality	14	0	10000000	=	AND	Subject	IsTrueForConditionForm	Mutation_Check_UseNormalVersion_HerdMentality [CNDF:0046793A]	00 00 00 00		1.000000	0	Subject.IsTrueForConditionForm(Mutation_Check_UseNormalVersion_HerdMentality [CNDF:0046793A], 00 00 00 00) = 1.000000 AND
004E1F1E	Mutation_HerdMentality	15	0	10000000	=	AND	Subject	IsTrueForConditionForm	Mutation_Check_UseSuperVersion [CNDF:0046793B]	00 00 00 00		1.000000	0	Subject.IsTrueForConditionForm(Mutation_Check_UseSuperVersion [CNDF:0046793B], 00 00 00 00) = 1.000000 AND
004E1F1E	Mutation_HerdMentality	16	0	10000000	=	AND	Subject	IsTrueForConditionForm	Mutation_Check_UseSuperVersion [CNDF:0046793B]	00 00 00 00		1.000000	0	Subject.IsTrueForConditionForm(Mutation_Check_UseSuperVersion [CNDF:0046793B], 00 00 00 00) = 1.000000 AND
004E1F1E	Mutation_HerdMentality	17	0	10000000	=	AND	Subject	IsTrueForConditionForm	Mutation_Check_UseSuperVersion [CNDF:0046793B]	00 00 00 00		1.000000	0	Subject.IsTrueForConditionForm(Mutation_Check_UseSuperVersion [CNDF:0046793B], 00 00 00 00) = 1.000000 AND
004E1F1E	Mutation_HerdMentality	18	0	10000000	=	AND	Subject	IsTrueForConditionForm	Mutation_Check_UseSuperVersion [CNDF:0046793B]	00 00 00 00		1.000000	0	Subject.IsTrueForConditionForm(Mutation_Check_UseSuperVersion [CNDF:0046793B], 00 00 00 00) = 1.000000 AND
004E1F1E	Mutation_HerdMentality	19	0	10000000	=	AND	Subject	IsTrueForConditionForm	Mutation_Check_UseSuperVersion [CNDF:0046793B]	00 00 00 00		1.000000	0	Subject.IsTrueForConditionForm(Mutation_Check_UseSuperVersion [CNDF:0046793B], 00 00 00 00) = 1.000000 AND
004E1F1E	Mutation_HerdMentality	20	0	10000000	=	AND	Subject	IsTrueForConditionForm	Mutation_Check_UseSuperVersion [CNDF:0046793B]	00 00 00 00		1.000000	0	Subject.IsTrueForConditionForm(Mutation_Check_UseSuperVersion [CNDF:0046793B], 00 00 00 00) = 1.000000 AND
004E1F1E	Mutation_HerdMentality	21	0	10000000	=	AND	Subject	IsTrueForConditionForm	Mutation_Check_UseSuperVersion [CNDF:0046793B]	00 00 00 00		1.000000	0	Subject.IsTrueForConditionForm(Mutation_Check_UseSuperVersion [CNDF:0046793B], 00 00 00 00) = 1.000000 AND
004E1F1E	Mutation_HerdMentality	22	0	10000000	=	AND	Subject	IsSpellTarget	RadX "Rad-X" [ALCH:00024057]	00 00 00 00		0.000000	0	Subject.IsSpellTarget(RadX "Rad-X" [ALCH:00024057], 00 00 00 00) = 0.000000 AND
004E1F1E	Mutation_HerdMentality	22	1	10000000	=	AND	Subject	IsSpellTarget	Serum_HerdMentality "Herd Mentality Serum" [ALCH:0050A5E3]	00 00 00 00		0.000000	0	Subject.IsSpellTarget(Serum_HerdMentality "Herd Mentality Serum" [ALCH:0050A5E3], 00 00 00 00) = 0.000000 AND
004E1F1E	Mutation_HerdMentality	22	2	10000000	=	AND	Subject	IsMemberOfAPlayerTeam	00 00 00 00	00 00 00 00		0.000000	0	Subject.IsMemberOfAPlayerTeam(00 00 00 00, 00 00 00 00) = 0.000000 AND
004E1F1E	Mutation_HerdMentality	23	0	10000000	=	AND	Subject	IsTrueForConditionForm	Mutation_Check_UseNormalVersion_HerdMentality [CNDF:0046793A]	00 00 00 00		1.000000	0	Subject.IsTrueForConditionForm(Mutation_Check_UseNormalVersion_HerdMentality [CNDF:0046793A], 00 00 00 00) = 1.000000 AND
004E1F1E	Mutation_HerdMentality	23	1	10000000	=	AND	Subject	IsSpellTarget	Serum_HerdMentality "Herd Mentality Serum" [ALCH:0050A5E3]	00 00 00 00		0.000000	0	Subject.IsSpellTarget(Serum_HerdMentality "Herd Mentality Serum" [ALCH:0050A5E3], 00 00 00 00) = 0.000000 AND
004E1F1E	Mutation_HerdMentality	24	0	10000000	=	AND	Subject	IsSpellTarget	Serum_HerdMentality "Herd Mentality Serum" [ALCH:0050A5E3]	00 00 00 00		0.000000	0	Subject.IsSpellTarget(Serum_HerdMentality "Herd Mentality Serum" [ALCH:0050A5E3], 00 00 00 00) = 0.000000 AND
004E1F1E	Mutation_HerdMentality	24	1	10000000	=	AND	Subject	IsTrueForConditionForm	Mutation_Check_UseSuperVersion [CNDF:0046793B]	00 00 00 00		1.000000	0	Subject.IsTrueForConditionForm(Mutation_Check_UseSuperVersion [CNDF:0046793B], 00 00 00 00) = 1.000000 AND
004E1F1E	Mutation_HerdMentality	25	0	10000000	=	AND	Subject	IsSpellTarget	Serum_HerdMentality "Herd Mentality Serum" [ALCH:0050A5E3]	00 00 00 00		1.000000	0	Subject.IsSpellTarget(Serum_HerdMentality "Herd Mentality Serum" [ALCH:0050A5E3], 00 00 00 00) = 1.000000 AND
004E1F1E	Mutation_HerdMentality	25	1	10000000	=	AND	Subject	IsTrueForConditionForm	Mutation_Check_UseNormalVersion_HerdMentality [CNDF:0046793A]	00 00 00 00		1.000000	0	Subject.IsTrueForConditionForm(Mutation_Check_UseNormalVersion_HerdMentality [CNDF:0046793A], 00 00 00 00) = 1.000000 AND
004E1F1E	Mutation_HerdMentality	26	0	10000000	=	AND	Subject	IsSpellTarget	Serum_HerdMentality "Herd Mentality Serum" [ALCH:0050A5E3]	00 00 00 00		1.000000	0	Subject.IsSpellTarget(Serum_HerdMentality "Herd Mentality Serum" [ALCH:0050A5E3], 00 00 00 00) = 1.000000 AND
004E1F1E	Mutation_HerdMentality	26	1	10000000	=	AND	Subject	IsTrueForConditionForm	Mutation_Check_UseSuperVersion [CNDF:0046793B]	00 00 00 00		1.000000	0	Subject.IsTrueForConditionForm(Mutation_Check_UseSuperVersion [CNDF:0046793B], 00 00 00 00) = 1.000000 AND
004E4017	Mutation_UnstableIsotope	0	0	10000000	=	AND	Subject	IsSpellTarget	RadX "Rad-X" [ALCH:00024057]	00 00 00 00		1.000000	0	Subject.IsSpellTarget(RadX "Rad-X" [ALCH:00024057], 00 00 00 00) = 1.000000 AND
004E4017	Mutation_UnstableIsotope	1	0	10000000	=	AND	Subject	GetDead	00 00 00 00	00 00 00 00		0.000000	0	Subject.GetDead(00 00 00 00, 00 00 00 00) = 0.000000 AND
004E4017	Mutation_UnstableIsotope	1	1	10000000	=	AND	Subject	IsTrueForConditionForm	Mutation_Check_UseNormalVersion [CNDF:00467939]	00 00 00 00		1.000000	0	Subject.IsTrueForConditionForm(Mutation_Check_UseNormalVersion [CNDF:00467939], 00 00 00 00) = 1.000000 AND
004E4017	Mutation_UnstableIsotope	2	0	10000000	=	AND	Subject	GetDead	00 00 00 00	00 00 00 00		0.000000	0	Subject.GetDead(00 00 00 00, 00 00 00 00) = 0.000000 AND
004E4017	Mutation_UnstableIsotope	2	1	10000000	=	AND	Subject	IsTrueForConditionForm	Mutation_Check_UseSuperVersion [CNDF:0046793B]	00 00 00 00		1.000000	0	Subject.IsTrueForConditionForm(Mutation_Check_UseSuperVersion [CNDF:0046793B], 00 00 00 00) = 1.000000 AND
004E400D	Mutation_ElectricallyCharged	0	0	10000000	=	AND	Subject	IsSpellTarget	RadX "Rad-X" [ALCH:00024057]	00 00 00 00		1.000000	0	Subject.IsSpellTarget(RadX "Rad-X" [ALCH:00024057], 00 00 00 00) = 1.000000 AND
004E400D	Mutation_ElectricallyCharged	1	0	10000000	=	AND	Subject	GetDead	00 00 00 00	00 00 00 00		0.000000	0	Subject.GetDead(00 00 00 00, 00 00 00 00) = 0.000000 AND
004E400D	Mutation_ElectricallyCharged	1	1	10000000	=	AND	Subject	IsTrueForConditionForm	Mutation_Check_UseNormalVersion [CNDF:00467939]	00 00 00 00		1.000000	0	Subject.IsTrueForConditionForm(Mutation_Check_UseNormalVersion [CNDF:00467939], 00 00 00 00) = 1.000000 AND
004E400D	Mutation_ElectricallyCharged	2	0	10000000	=	AND	Subject	GetDead	00 00 00 00	00 00 00 00		0.000000	0	Subject.GetDead(00 00 00 00, 00 00 00 00) = 0.000000 AND
004E400D	Mutation_ElectricallyCharged	2	1	10000000	=	AND	Subject	IsTrueForConditionForm	Mutation_Check_UseSuperVersion [CNDF:0046793B]	00 00 00 00		1.000000	0	Subject.IsTrueForConditionForm(Mutation_Check_UseSuperVersion [CNDF:0046793B], 00 00 00 00) = 1.000000 AND
004E4028	Mutation_RadWalker-CUT	0	0	10000000	=	AND	Subject	IsSpellTarget	RadX "Rad-X" [ALCH:00024057]	00 00 00 00		1.000000	0	Subject.IsSpellTarget(RadX "Rad-X" [ALCH:00024057], 00 00 00 00) = 1.000000 AND
004E4028	Mutation_RadWalker-CUT	1	0	10000000	=	AND	Subject	IsSpellTarget	RadX "Rad-X" [ALCH:00024057]	00 00 00 00		0.000000	0	Subject.IsSpellTarget(RadX "Rad-X" [ALCH:00024057], 00 00 00 00) = 0.000000 AND
004E4028	Mutation_RadWalker-CUT	1	1	10010000	=	OR	Subject	HasPerk	CUT_FrayedGenes01 "Frayed Genes" [PERK:00393F80]	00 00 00 00		0.000000	0	Subject.HasPerk(CUT_FrayedGenes01 "Frayed Genes" [PERK:00393F80], 00 00 00 00) = 0.000000 OR
004E4028	Mutation_RadWalker-CUT	1	2	10010000	=	OR	Subject	IsSpellTarget	NULL - Null Reference [00000000]	00 00 00 00		0.000000	0	Subject.IsSpellTarget(NULL - Null Reference [00000000], 00 00 00 00) = 0.000000 OR
004E4028	Mutation_RadWalker-CUT	2	0	10000000	=	AND	Subject	IsSpellTarget	RadX "Rad-X" [ALCH:00024057]	00 00 00 00		0.000000	0	Subject.IsSpellTarget(RadX "Rad-X" [ALCH:00024057], 00 00 00 00) = 0.000000 AND
004E4028	Mutation_RadWalker-CUT	2	1	10000000	=	AND	Subject	HasPerk	CUT_FrayedGenes01 "Frayed Genes" [PERK:00393F80]	00 00 00 00		1.000000	0	Subject.HasPerk(CUT_FrayedGenes01 "Frayed Genes" [PERK:00393F80], 00 00 00 00) = 1.000000 AND
004E4028	Mutation_RadWalker-CUT	2	2	10000000	=	AND	Subject	IsSpellTarget	NULL - Null Reference [00000000]	00 00 00 00		1.000000	0	Subject.IsSpellTarget(NULL - Null Reference [00000000], 00 00 00 00) = 1.000000 AND
004E4006	Mutation_Chameleon	0	0	10000000	=	AND	Subject	IsSpellTarget	RadX "Rad-X" [ALCH:00024057]	00 00 00 00		1.000000	0	Subject.IsSpellTarget(RadX "Rad-X" [ALCH:00024057], 00 00 00 00) = 1.000000 AND
004E4006	Mutation_Chameleon	1	0	10000000	=	AND	Subject	IsSpellTarget	RadX "Rad-X" [ALCH:00024057]	00 00 00 00		0.000000	0	Subject.IsSpellTarget(RadX "Rad-X" [ALCH:00024057], 00 00 00 00) = 0.000000 AND
004E4006	Mutation_Chameleon	1	1	10000000	=	AND	Subject	WornHasKeyword	ChameleonBlockingArmor [KYWD:00529A16]	00 00 00 00		0.000000	0	Subject.WornHasKeyword(ChameleonBlockingArmor [KYWD:00529A16], 00 00 00 00) = 0.000000 AND
004E4006	Mutation_Chameleon	1	2	10000000	=	AND	Subject	HasMagicEffectKeyword	MutationChameleonIsAttacking [KYWD:00437AE2]	00 00 00 00		0.000000	0	Subject.HasMagicEffectKeyword(MutationChameleonIsAttacking [KYWD:00437AE2], 00 00 00 00) = 0.000000 AND
004E4006	Mutation_Chameleon	1	3	10000000	=	AND	Subject	HasMagicEffectKeyword	StealthBoyKeyword [KYWD:0009AC96]	00 00 00 00		0.000000	0	Subject.HasMagicEffectKeyword(StealthBoyKeyword [KYWD:0009AC96], 00 00 00 00) = 0.000000 AND
004E4006	Mutation_Chameleon	1	4	10000000	=	AND	Subject	IsAttacking	00 00 00 00	00 00 00 00		0.000000	0	Subject.IsAttacking(00 00 00 00, 00 00 00 00) = 0.000000 AND
004E4006	Mutation_Chameleon	1	5	10000000	=	AND	Subject	IsMoving	00 00 00 00	00 00 00 00		0.000000	0	Subject.IsMoving(00 00 00 00, 00 00 00 00) = 0.000000 AND
004E4006	Mutation_Chameleon	1	6	10010000	=	OR	Subject	IsWeaponOut	00 00 00 00	00 00 00 00		1.000000	0	Subject.IsWeaponOut(00 00 00 00, 00 00 00 00) = 1.000000 OR
004E4006	Mutation_Chameleon	1	7	10010000	=	OR	Subject	IsWeaponOut	00 00 00 00	00 00 00 00		2.000000	0	Subject.IsWeaponOut(00 00 00 00, 00 00 00 00) = 2.000000 OR
004E4006	Mutation_Chameleon	2	0	10000000	=	AND	Subject	IsSpellTarget	RadX "Rad-X" [ALCH:00024057]	00 00 00 00		0.000000	0	Subject.IsSpellTarget(RadX "Rad-X" [ALCH:00024057], 00 00 00 00) = 0.000000 AND
004E4006	Mutation_Chameleon	2	1	10000000	=	AND	Subject	WornHasKeyword	ChameleonBlockingArmor [KYWD:00529A16]	00 00 00 00		0.000000	0	Subject.WornHasKeyword(ChameleonBlockingArmor [KYWD:00529A16], 00 00 00 00) = 0.000000 AND
004E4006	Mutation_Chameleon	2	2	10000000	=	AND	Subject	HasMagicEffectKeyword	MutationChameleonIsAttacking [KYWD:00437AE2]	00 00 00 00		0.000000	0	Subject.HasMagicEffectKeyword(MutationChameleonIsAttacking [KYWD:00437AE2], 00 00 00 00) = 0.000000 AND
004E4006	Mutation_Chameleon	2	3	10000000	=	AND	Subject	HasMagicEffectKeyword	StealthBoyKeyword [KYWD:0009AC96]	00 00 00 00		0.000000	0	Subject.HasMagicEffectKeyword(StealthBoyKeyword [KYWD:0009AC96], 00 00 00 00) = 0.000000 AND
004E4006	Mutation_Chameleon	2	4	10000000	=	AND	Subject	IsAttacking	00 00 00 00	00 00 00 00		0.000000	0	Subject.IsAttacking(00 00 00 00, 00 00 00 00) = 0.000000 AND
004E4006	Mutation_Chameleon	2	5	10000000	=	AND	Subject	IsMoving	00 00 00 00	00 00 00 00		0.000000	0	Subject.IsMoving(00 00 00 00, 00 00 00 00) = 0.000000 AND
004E4006	Mutation_Chameleon	2	6	10010000	=	OR	Subject	IsWeaponOut	00 00 00 00	00 00 00 00		1.000000	0	Subject.IsWeaponOut(00 00 00 00, 00 00 00 00) = 1.000000 OR
004E4006	Mutation_Chameleon	2	7	10010000	=	OR	Subject	IsWeaponOut	00 00 00 00	00 00 00 00		2.000000	0	Subject.IsWeaponOut(00 00 00 00, 00 00 00 00) = 2.000000 OR
004E4006	Mutation_Chameleon	3	0	10000000	=	AND	Subject	IsSpellTarget	RadX "Rad-X" [ALCH:00024057]	00 00 00 00		0.000000	0	Subject.IsSpellTarget(RadX "Rad-X" [ALCH:00024057], 00 00 00 00) = 0.000000 AND
004E4006	Mutation_Chameleon	3	1	10000000	=	AND	Subject	WornHasKeyword	ChameleonBlockingArmor [KYWD:00529A16]	00 00 00 00		0.000000	0	Subject.WornHasKeyword(ChameleonBlockingArmor [KYWD:00529A16], 00 00 00 00) = 0.000000 AND
004E4006	Mutation_Chameleon	3	2	10000000	=	AND	Subject	HasMagicEffectKeyword	MutationChameleonIsAttacking [KYWD:00437AE2]	00 00 00 00		0.000000	0	Subject.HasMagicEffectKeyword(MutationChameleonIsAttacking [KYWD:00437AE2], 00 00 00 00) = 0.000000 AND
004E4006	Mutation_Chameleon	3	3	10000000	=	AND	Subject	HasMagicEffectKeyword	StealthBoyKeyword [KYWD:0009AC96]	00 00 00 00		0.000000	0	Subject.HasMagicEffectKeyword(StealthBoyKeyword [KYWD:0009AC96], 00 00 00 00) = 0.000000 AND
004E4006	Mutation_Chameleon	3	4	10000000	=	AND	Subject	IsAttacking	00 00 00 00	00 00 00 00		0.000000	0	Subject.IsAttacking(00 00 00 00, 00 00 00 00) = 0.000000 AND
004E4006	Mutation_Chameleon	3	5	10000000	=	AND	Subject	IsMoving	00 00 00 00	00 00 00 00		0.000000	0	Subject.IsMoving(00 00 00 00, 00 00 00 00) = 0.000000 AND
004E4006	Mutation_Chameleon	3	6	10010000	=	OR	Subject	IsWeaponOut	00 00 00 00	00 00 00 00		1.000000	0	Subject.IsWeaponOut(00 00 00 00, 00 00 00 00) = 1.000000 OR
004E4006	Mutation_Chameleon	3	7	10010000	=	OR	Subject	IsWeaponOut	00 00 00 00	00 00 00 00		2.000000	0	Subject.IsWeaponOut(00 00 00 00, 00 00 00 00) = 2.000000 OR
004E4006	Mutation_Chameleon	4	0	10000000	=	AND	Subject	IsTrueForConditionForm	Mutation_Check_UseNormalVersion [CNDF:00467939]	00 00 00 00		1.000000	0	Subject.IsTrueForConditionForm(Mutation_Check_UseNormalVersion [CNDF:00467939], 00 00 00 00) = 1.000000 AND
004E4006	Mutation_Chameleon	5	0	10000000	=	AND	Subject	IsTrueForConditionForm	Mutation_Check_UseSuperVersion [CNDF:0046793B]	00 00 00 00		1.000000	0	Subject.IsTrueForConditionForm(Mutation_Check_UseSuperVersion [CNDF:0046793B], 00 00 00 00) = 1.000000 AND
004E4006	Mutation_Chameleon	6	0	10000000	=	AND	Subject	IsSpellTarget	RadX "Rad-X" [ALCH:00024057]	00 00 00 00		0.000000	0	Subject.IsSpellTarget(RadX "Rad-X" [ALCH:00024057], 00 00 00 00) = 0.000000 AND
004E4006	Mutation_Chameleon	6	1	10000000	=	AND	Subject	WornHasKeyword	ChameleonBlockingArmor [KYWD:00529A16]	00 00 00 00		0.000000	0	Subject.WornHasKeyword(ChameleonBlockingArmor [KYWD:00529A16], 00 00 00 00) = 0.000000 AND
004E4006	Mutation_Chameleon	6	2	10000000	=	AND	Subject	HasMagicEffectKeyword	MutationChameleonIsAttacking [KYWD:00437AE2]	00 00 00 00		0.000000	0	Subject.HasMagicEffectKeyword(MutationChameleonIsAttacking [KYWD:00437AE2], 00 00 00 00) = 0.000000 AND
004E4006	Mutation_Chameleon	6	3	10000000	=	AND	Subject	HasMagicEffectKeyword	StealthBoyKeyword [KYWD:0009AC96]	00 00 00 00		0.000000	0	Subject.HasMagicEffectKeyword(StealthBoyKeyword [KYWD:0009AC96], 00 00 00 00) = 0.000000 AND
004E4006	Mutation_Chameleon	6	4	10000000	=	AND	Subject	IsAttacking	00 00 00 00	00 00 00 00		0.000000	0	Subject.IsAttacking(00 00 00 00, 00 00 00 00) = 0.000000 AND
004E4006	Mutation_Chameleon	6	5	10000000	=	AND	Subject	IsMoving	00 00 00 00	00 00 00 00		0.000000	0	Subject.IsMoving(00 00 00 00, 00 00 00 00) = 0.000000 AND
004E4006	Mutation_Chameleon	6	6	10010000	=	OR	Subject	IsWeaponOut	00 00 00 00	00 00 00 00		1.000000	0	Subject.IsWeaponOut(00 00 00 00, 00 00 00 00) = 1.000000 OR
004E4006	Mutation_Chameleon	6	7	10010000	=	OR	Subject	IsWeaponOut	00 00 00 00	00 00 00 00		2.000000	0	Subject.IsWeaponOut(00 00 00 00, 00 00 00 00) = 2.000000 OR
004E4006	Mutation_Chameleon	7	0	10000000	=	AND	Subject	WornHasKeyword	ChameleonBlockingArmor [KYWD:00529A16]	00 00 00 00		0.000000	0	Subject.WornHasKeyword(ChameleonBlockingArmor [KYWD:00529A16], 00 00 00 00) = 0.000000 AND
004E4006	Mutation_Chameleon	7	1	10000000	=	AND	Subject	IsAttacking	00 00 00 00	00 00 00 00		0.000000	0	Subject.IsAttacking(00 00 00 00, 00 00 00 00) = 0.000000 AND
004E4006	Mutation_Chameleon	7	2	10000000	=	AND	Subject	IsMoving	00 00 00 00	00 00 00 00		0.000000	0	Subject.IsMoving(00 00 00 00, 00 00 00 00) = 0.000000 AND
004E4006	Mutation_Chameleon	7	3	10000000	=	AND	Subject	IsTrueForConditionForm	Mutation_Check_UseSuperVersion [CNDF:0046793B]	00 00 00 00		1.000000	0	Subject.IsTrueForConditionForm(Mutation_Check_UseSuperVersion [CNDF:0046793B], 00 00 00 00) = 1.000000 AND
004E4006	Mutation_Chameleon	7	4	10010000	=	OR	Subject	IsWeaponOut	00 00 00 00	00 00 00 00		1.000000	0	Subject.IsWeaponOut(00 00 00 00, 00 00 00 00) = 1.000000 OR
004E4006	Mutation_Chameleon	7	5	10010000	=	OR	Subject	IsWeaponOut	00 00 00 00	00 00 00 00		2.000000	0	Subject.IsWeaponOut(00 00 00 00, 00 00 00 00) = 2.000000 OR
004E4022	Mutation_PlagueWalkerDamage	0	0	10000000	=	AND	Target	GetNumActiveSpellsWithKeyword	SURV_Icon_Disease [KYWD:00001EAE]	00 00 00 00		1.000000	0	Target.GetNumActiveSpellsWithKeyword(SURV_Icon_Disease [KYWD:00001EAE], 00 00 00 00) = 1.000000 AND
004E4022	Mutation_PlagueWalkerDamage	0	1	10010000	=	OR	Target	GetIsPlayer	00 00 00 00	00 00 00 00		0.000000	0	Target.GetIsPlayer(00 00 00 00, 00 00 00 00) = 0.000000 OR
004E4022	Mutation_PlagueWalkerDamage	0	2	10010000	=	OR	Subject	IsHostileToActor	TARGET - Target Reference [00000000]	00 00 00 00		1.000000	0	Subject.IsHostileToActor(TARGET - Target Reference [00000000], 00 00 00 00) = 1.000000 OR
004E4022	Mutation_PlagueWalkerDamage	1	0	10000000	=	AND	Target	GetNumActiveSpellsWithKeyword	SURV_Icon_Disease [KYWD:00001EAE]	00 00 00 00		2.000000	0	Target.GetNumActiveSpellsWithKeyword(SURV_Icon_Disease [KYWD:00001EAE], 00 00 00 00) = 2.000000 AND
004E4022	Mutation_PlagueWalkerDamage	1	1	10010000	=	OR	Target	GetIsPlayer	00 00 00 00	00 00 00 00		0.000000	0	Target.GetIsPlayer(00 00 00 00, 00 00 00 00) = 0.000000 OR
004E4022	Mutation_PlagueWalkerDamage	1	2	10010000	=	OR	Subject	IsHostileToActor	TARGET - Target Reference [00000000]	00 00 00 00		1.000000	0	Subject.IsHostileToActor(TARGET - Target Reference [00000000], 00 00 00 00) = 1.000000 OR
004E4022	Mutation_PlagueWalkerDamage	2	0	10000000	=	AND	Target	GetNumActiveSpellsWithKeyword	SURV_Icon_Disease [KYWD:00001EAE]	00 00 00 00		3.000000	0	Target.GetNumActiveSpellsWithKeyword(SURV_Icon_Disease [KYWD:00001EAE], 00 00 00 00) = 3.000000 AND
004E4022	Mutation_PlagueWalkerDamage	2	1	10010000	=	OR	Target	GetIsPlayer	00 00 00 00	00 00 00 00		0.000000	0	Target.GetIsPlayer(00 00 00 00, 00 00 00 00) = 0.000000 OR
004E4022	Mutation_PlagueWalkerDamage	2	2	10010000	=	OR	Subject	IsHostileToActor	TARGET - Target Reference [00000000]	00 00 00 00		1.000000	0	Subject.IsHostileToActor(TARGET - Target Reference [00000000], 00 00 00 00) = 1.000000 OR
004E4022	Mutation_PlagueWalkerDamage	3	0	11000000	>=	AND	Target	GetNumActiveSpellsWithKeyword	SURV_Icon_Disease [KYWD:00001EAE]	00 00 00 00		4.000000	0	Target.GetNumActiveSpellsWithKeyword(SURV_Icon_Disease [KYWD:00001EAE], 00 00 00 00) >= 4.000000 AND
004E4022	Mutation_PlagueWalkerDamage	3	1	10010000	=	OR	Target	GetIsPlayer	00 00 00 00	00 00 00 00		0.000000	0	Target.GetIsPlayer(00 00 00 00, 00 00 00 00) = 0.000000 OR
004E4022	Mutation_PlagueWalkerDamage	3	2	10010000	=	OR	Subject	IsHostileToActor	TARGET - Target Reference [00000000]	00 00 00 00		1.000000	0	Subject.IsHostileToActor(TARGET - Target Reference [00000000], 00 00 00 00) = 1.000000 OR
004E4021	Mutation_PlagueWalker	0	0	10000000	=	AND	Subject	IsSpellTarget	RadX "Rad-X" [ALCH:00024057]	00 00 00 00		1.000000	0	Subject.IsSpellTarget(RadX "Rad-X" [ALCH:00024057], 00 00 00 00) = 1.000000 AND
004E4021	Mutation_PlagueWalker	1	0	10000000	=	AND	Subject	IsTrueForConditionForm	Mutation_Check_UseNormalVersion [CNDF:00467939]	00 00 00 00		1.000000	0	Subject.IsTrueForConditionForm(Mutation_Check_UseNormalVersion [CNDF:00467939], 00 00 00 00) = 1.000000 AND
004E4021	Mutation_PlagueWalker	2	0	10000000	=	AND	Subject	IsTrueForConditionForm	Mutation_Check_UseSuperVersion [CNDF:0046793B]	00 00 00 00		1.000000	0	Subject.IsTrueForConditionForm(Mutation_Check_UseSuperVersion [CNDF:0046793B], 00 00 00 00) = 1.000000 AND
004E4002	Mutation_Grounded	0	0	10000000	=	AND	Subject	IsSpellTarget	RadX "Rad-X" [ALCH:00024057]	00 00 00 00		1.000000	0	Subject.IsSpellTarget(RadX "Rad-X" [ALCH:00024057], 00 00 00 00) = 1.000000 AND
004E4002	Mutation_Grounded	1	0	10000000	=	AND	Subject	IsTrueForConditionForm	Mutation_Check_UseNormalVersion [CNDF:00467939]	00 00 00 00		1.000000	0	Subject.IsTrueForConditionForm(Mutation_Check_UseNormalVersion [CNDF:00467939], 00 00 00 00) = 1.000000 AND
004E4002	Mutation_Grounded	2	0	10000000	=	AND	Subject	IsTrueForConditionForm	Mutation_Check_UseSuperVersion [CNDF:0046793B]	00 00 00 00		1.000000	0	Subject.IsTrueForConditionForm(Mutation_Check_UseSuperVersion [CNDF:0046793B], 00 00 00 00) = 1.000000 AND
004E4002	Mutation_Grounded	3	0	10000000	=	AND	Subject	IsSpellTarget	RadX "Rad-X" [ALCH:00024057]	00 00 00 00		0.000000	0	Subject.IsSpellTarget(RadX "Rad-X" [ALCH:00024057], 00 00 00 00) = 0.000000 AND
004E4002	Mutation_Grounded	3	1	10000000	=	AND	Subject	IsSpellTarget	Serum_Grounded "Grounded Serum" [ALCH:0050A5D0]	00 00 00 00		0.000000	0	Subject.IsSpellTarget(Serum_Grounded "Grounded Serum" [ALCH:0050A5D0], 00 00 00 00) = 0.000000 AND
004E4029	Mutation_RadWalkerDamage-CUT	0	0	10000000	=	AND	Subject	IsSpellTarget	NULL - Null Reference [00000000]	00 00 00 00		1.000000	0	Subject.IsSpellTarget(NULL - Null Reference [00000000], 00 00 00 00) = 1.000000 AND
004E4029	Mutation_RadWalkerDamage-CUT	1	0	01000000	>	AND	Target	GetValue	Rads "Rads" [AVIF:000002E1]	00 00 00 00		100.000000	0	Target.GetValue(Rads "Rads" [AVIF:000002E1], 00 00 00 00) > 100.000000 AND
004E4029	Mutation_RadWalkerDamage-CUT	1	1	10100000	<=	AND	Target	GetValue	Rads "Rads" [AVIF:000002E1]	00 00 00 00		200.000000	0	Target.GetValue(Rads "Rads" [AVIF:000002E1], 00 00 00 00) <= 200.000000 AND
004E4029	Mutation_RadWalkerDamage-CUT	1	2	10000000	=	AND	Subject	IsSpellTarget	NULL - Null Reference [00000000]	00 00 00 00		0.000000	0	Subject.IsSpellTarget(NULL - Null Reference [00000000], 00 00 00 00) = 0.000000 AND
004E4029	Mutation_RadWalkerDamage-CUT	2	0	01000000	>	AND	Target	GetValue	Rads "Rads" [AVIF:000002E1]	00 00 00 00		200.000000	0	Target.GetValue(Rads "Rads" [AVIF:000002E1], 00 00 00 00) > 200.000000 AND
004E4029	Mutation_RadWalkerDamage-CUT	2	1	10100000	<=	AND	Target	GetValue	Rads "Rads" [AVIF:000002E1]	00 00 00 00		300.000000	0	Target.GetValue(Rads "Rads" [AVIF:000002E1], 00 00 00 00) <= 300.000000 AND
004E4029	Mutation_RadWalkerDamage-CUT	2	2	10000000	=	AND	Subject	IsSpellTarget	NULL - Null Reference [00000000]	00 00 00 00		0.000000	0	Subject.IsSpellTarget(NULL - Null Reference [00000000], 00 00 00 00) = 0.000000 AND
004E4029	Mutation_RadWalkerDamage-CUT	3	0	01000000	>	AND	Target	GetValue	Rads "Rads" [AVIF:000002E1]	00 00 00 00		300.000000	0	Target.GetValue(Rads "Rads" [AVIF:000002E1], 00 00 00 00) > 300.000000 AND
004E4029	Mutation_RadWalkerDamage-CUT	3	1	10100000	<=	AND	Target	GetValue	Rads "Rads" [AVIF:000002E1]	00 00 00 00		400.000000	0	Target.GetValue(Rads "Rads" [AVIF:000002E1], 00 00 00 00) <= 400.000000 AND
004E4029	Mutation_RadWalkerDamage-CUT	3	2	10000000	=	AND	Subject	IsSpellTarget	NULL - Null Reference [00000000]	00 00 00 00		0.000000	0	Subject.IsSpellTarget(NULL - Null Reference [00000000], 00 00 00 00) = 0.000000 AND
004E4029	Mutation_RadWalkerDamage-CUT	4	0	01000000	>	AND	Target	GetValue	Rads "Rads" [AVIF:000002E1]	00 00 00 00		400.000000	0	Target.GetValue(Rads "Rads" [AVIF:000002E1], 00 00 00 00) > 400.000000 AND
004E4029	Mutation_RadWalkerDamage-CUT	4	1	10100000	<=	AND	Target	GetValue	Rads "Rads" [AVIF:000002E1]	00 00 00 00		500.000000	0	Target.GetValue(Rads "Rads" [AVIF:000002E1], 00 00 00 00) <= 500.000000 AND
004E4029	Mutation_RadWalkerDamage-CUT	4	2	10000000	=	AND	Subject	IsSpellTarget	NULL - Null Reference [00000000]	00 00 00 00		0.000000	0	Subject.IsSpellTarget(NULL - Null Reference [00000000], 00 00 00 00) = 0.000000 AND
004E4029	Mutation_RadWalkerDamage-CUT	5	0	01000000	>	AND	Target	GetValue	Rads "Rads" [AVIF:000002E1]	00 00 00 00		500.000000	0	Target.GetValue(Rads "Rads" [AVIF:000002E1], 00 00 00 00) > 500.000000 AND
004E4029	Mutation_RadWalkerDamage-CUT	5	1	10100000	<=	AND	Target	GetValue	Rads "Rads" [AVIF:000002E1]	00 00 00 00		600.000000	0	Target.GetValue(Rads "Rads" [AVIF:000002E1], 00 00 00 00) <= 600.000000 AND
004E4029	Mutation_RadWalkerDamage-CUT	5	2	10000000	=	AND	Subject	IsSpellTarget	NULL - Null Reference [00000000]	00 00 00 00		0.000000	0	Subject.IsSpellTarget(NULL - Null Reference [00000000], 00 00 00 00) = 0.000000 AND
004E4029	Mutation_RadWalkerDamage-CUT	6	0	01000000	>	AND	Target	GetValue	Rads "Rads" [AVIF:000002E1]	00 00 00 00		600.000000	0	Target.GetValue(Rads "Rads" [AVIF:000002E1], 00 00 00 00) > 600.000000 AND
004E4029	Mutation_RadWalkerDamage-CUT	6	1	10100000	<=	AND	Target	GetValue	Rads "Rads" [AVIF:000002E1]	00 00 00 00		700.000000	0	Target.GetValue(Rads "Rads" [AVIF:000002E1], 00 00 00 00) <= 700.000000 AND
004E4029	Mutation_RadWalkerDamage-CUT	6	2	10000000	=	AND	Subject	IsSpellTarget	NULL - Null Reference [00000000]	00 00 00 00		0.000000	0	Subject.IsSpellTarget(NULL - Null Reference [00000000], 00 00 00 00) = 0.000000 AND
004E4029	Mutation_RadWalkerDamage-CUT	7	0	01000000	>	AND	Target	GetValue	Rads "Rads" [AVIF:000002E1]	00 00 00 00		700.000000	0	Target.GetValue(Rads "Rads" [AVIF:000002E1], 00 00 00 00) > 700.000000 AND
004E4029	Mutation_RadWalkerDamage-CUT	7	1	10000000	=	AND	Subject	IsSpellTarget	NULL - Null Reference [00000000]	00 00 00 00		0.000000	0	Subject.IsSpellTarget(NULL - Null Reference [00000000], 00 00 00 00) = 0.000000 AND
00505BCF	AbPerkAntiEpidemic	0	0	10000000	=	AND	Subject	HasPerk	AntiEpidemic02 "Anti-Epidemic" [PERK:00505BCE]	00 00 00 00		0.000000	0	Subject.HasPerk(AntiEpidemic02 "Anti-Epidemic" [PERK:00505BCE], 00 00 00 00) = 0.000000 AND
00505BCF	AbPerkAntiEpidemic	0	1	10100000	<=	AND	Subject	GetRandomPercent	00 00 00 00	00 00 00 00		50.000000	0	Subject.GetRandomPercent(00 00 00 00, 00 00 00 00) <= 50.000000 AND
00505BCF	AbPerkAntiEpidemic	1	0	10000000	=	AND	Subject	HasPerk	AntiEpidemic02 "Anti-Epidemic" [PERK:00505BCE]	00 00 00 00		1.000000	0	Subject.HasPerk(AntiEpidemic02 "Anti-Epidemic" [PERK:00505BCE], 00 00 00 00) = 1.000000 AND
0051B56A	WaterFEVLethalHazard	0	0	10000000	=	AND	Subject	GetInFaction	CurrentCompanionFaction [FACT:00023C01]	00 00 00 00		0.000000	0	Subject.GetInFaction(CurrentCompanionFaction [FACT:00023C01], 00 00 00 00) = 0.000000 AND
0051B56A	WaterFEVLethalHazard	0	1	10000000	=	AND	Subject	HasPerk	Aquaboy01 "Aquaboy" [PERK:000E36F9]	00 00 00 00		0.000000	0	Subject.HasPerk(Aquaboy01 "Aquaboy" [PERK:000E36F9], 00 00 00 00) = 0.000000 AND
0051B56A	WaterFEVLethalHazard	0	2	10000000	=	AND	Subject	HasPerk	Aquagirl01 "Aquagirl" [PERK:000E9453]	00 00 00 00		0.000000	0	Subject.HasPerk(Aquagirl01 "Aquagirl" [PERK:000E9453], 00 00 00 00) = 0.000000 AND
00521924	zzz_AbMoM_GarbofMysteryBuffs	0	0	10000000	=	AND	Subject	WornHasKeyword	MoMEyeOfRaItemKeyword [KYWD:004E60E2]	00 00 00 00		1.000000	0	Subject.WornHasKeyword(MoMEyeOfRaItemKeyword [KYWD:004E60E2], 00 00 00 00) = 1.000000 AND
00521924	zzz_AbMoM_GarbofMysteryBuffs	1	0	10000000	=	AND	Subject	WornHasKeyword	MoMEyeOfRaItemKeyword [KYWD:004E60E2]	00 00 00 00		1.000000	0	Subject.WornHasKeyword(MoMEyeOfRaItemKeyword [KYWD:004E60E2], 00 00 00 00) = 1.000000 AND
00521924	zzz_AbMoM_GarbofMysteryBuffs	2	0	00000000	!=	AND	Subject	WornHasKeyword	MoMEyeOfRaItemKeyword [KYWD:004E60E2]	00 00 00 00		1.000000	0	Subject.WornHasKeyword(MoMEyeOfRaItemKeyword [KYWD:004E60E2], 00 00 00 00) != 1.000000 AND
00521924	zzz_AbMoM_GarbofMysteryBuffs	3	0	10000000	=	AND	Subject	WornHasKeyword	MoMEyeOfRaItemKeyword [KYWD:004E60E2]	00 00 00 00		1.000000	0	Subject.WornHasKeyword(MoMEyeOfRaItemKeyword [KYWD:004E60E2], 00 00 00 00) = 1.000000 AND
00521923	zzz_AbMoM_BladeofBastetBuffs	1	0	00000000	!=	AND	Subject	WornHasKeyword	MoMEyeOfRaItemKeyword [KYWD:004E60E2]	00 00 00 00		1.000000	0	Subject.WornHasKeyword(MoMEyeOfRaItemKeyword [KYWD:004E60E2], 00 00 00 00) != 1.000000 AND
00521923	zzz_AbMoM_BladeofBastetBuffs	2	0	10000000	=	AND	Subject	WornHasKeyword	MoMEyeOfRaItemKeyword [KYWD:004E60E2]	00 00 00 00		1.000000	0	Subject.WornHasKeyword(MoMEyeOfRaItemKeyword [KYWD:004E60E2], 00 00 00 00) = 1.000000 AND
0052415A	AbPerkGoodWithSalt	0	0	10000000	=	AND	Subject	HasPerk	GoodWithSalt02 "Good With Salt" [PERK:0052415B]	00 00 00 00		0.000000	0	Subject.HasPerk(GoodWithSalt02 "Good With Salt" [PERK:0052415B], 00 00 00 00) = 0.000000 AND
0052415A	AbPerkGoodWithSalt	1	0	10000000	=	AND	Subject	HasPerk	GoodWithSalt02 "Good With Salt" [PERK:0052415B]	00 00 00 00		1.000000	0	Subject.HasPerk(GoodWithSalt02 "Good With Salt" [PERK:0052415B], 00 00 00 00) = 1.000000 AND
00526570	AbAmbushFurnitureInvisibility	0	0	10000000	=	AND	Subject	GetSitting	00 00 00 00	00 00 00 00		1.000000	0	Subject.GetSitting(00 00 00 00, 00 00 00 00) = 1.000000 AND
0052BDAE	AbPerkPackinLight	0	0	10000000	=	AND	Subject	IsOverEncumbered	00 00 00 00	00 00 00 00		0.000000	0	Subject.IsOverEncumbered(00 00 00 00, 00 00 00 00) = 0.000000 AND
005303FF	AbPowerArmorPerk_Excavator	0	0	10000000	=	AND	Subject	IsTrueForConditionForm	PowerArmor_Set_Excavator [CNDF:006D7185]	00 00 00 00		1.000000	0	Subject.IsTrueForConditionForm(PowerArmor_Set_Excavator [CNDF:006D7185], 00 00 00 00) = 1.000000 AND
00530CF5	MSilo_ReactorRadiationHazard	0	0	10100000	<=	AND	Subject	GetValue	MSilo_Reactor_ReactorRepairPercentValue [AVIF:00530D0A]	00 00 00 00		25.000000	0	Subject.GetValue(MSilo_Reactor_ReactorRepairPercentValue [AVIF:00530D0A], 00 00 00 00) <= 25.000000 AND
00530CF5	MSilo_ReactorRadiationHazard	1	0	01000000	>	AND	Subject	GetValue	MSilo_Reactor_ReactorRepairPercentValue [AVIF:00530D0A]	00 00 00 00		75.000000	0	Subject.GetValue(MSilo_Reactor_ReactorRepairPercentValue [AVIF:00530D0A], 00 00 00 00) > 75.000000 AND
00530CF5	MSilo_ReactorRadiationHazard	1	1	10100000	<=	AND	Subject	GetValue	MSilo_Reactor_ReactorRepairPercentValue [AVIF:00530D0A]	00 00 00 00		100.000000	0	Subject.GetValue(MSilo_Reactor_ReactorRepairPercentValue [AVIF:00530D0A], 00 00 00 00) <= 100.000000 AND
00530CF5	MSilo_ReactorRadiationHazard	2	0	01000000	>	AND	Subject	GetValue	MSilo_Reactor_ReactorRepairPercentValue [AVIF:00530D0A]	00 00 00 00		25.000000	0	Subject.GetValue(MSilo_Reactor_ReactorRepairPercentValue [AVIF:00530D0A], 00 00 00 00) > 25.000000 AND
00530CF5	MSilo_ReactorRadiationHazard	2	1	10100000	<=	AND	Subject	GetValue	MSilo_Reactor_ReactorRepairPercentValue [AVIF:00530D0A]	00 00 00 00		50.000000	0	Subject.GetValue(MSilo_Reactor_ReactorRepairPercentValue [AVIF:00530D0A], 00 00 00 00) <= 50.000000 AND
00530CF5	MSilo_ReactorRadiationHazard	3	0	01000000	>	AND	Subject	GetValue	MSilo_Reactor_ReactorRepairPercentValue [AVIF:00530D0A]	00 00 00 00		50.000000	0	Subject.GetValue(MSilo_Reactor_ReactorRepairPercentValue [AVIF:00530D0A], 00 00 00 00) > 50.000000 AND
00530CF5	MSilo_ReactorRadiationHazard	3	1	10100000	<=	AND	Subject	GetValue	MSilo_Reactor_ReactorRepairPercentValue [AVIF:00530D0A]	00 00 00 00		75.000000	0	Subject.GetValue(MSilo_Reactor_ReactorRepairPercentValue [AVIF:00530D0A], 00 00 00 00) <= 75.000000 AND
0016F043	abUnderArmor_Casual_Buffs	1	0	10000000	=	AND	Subject	WornHasKeyword	dn_VaultSuitLining2 [KYWD:0023C064]	00 00 00 00		1.000000	0	Subject.WornHasKeyword(dn_VaultSuitLining2 [KYWD:0023C064], 00 00 00 00) = 1.000000 AND
0016F043	abUnderArmor_Casual_Buffs	2	0	10000000	=	AND	Subject	WornHasKeyword	dn_VaultSuitLining3 [KYWD:0023C065]	00 00 00 00		1.000000	0	Subject.WornHasKeyword(dn_VaultSuitLining3 [KYWD:0023C065], 00 00 00 00) = 1.000000 AND
0016F043	abUnderArmor_Casual_Buffs	3	0	10000000	=	AND	Subject	WornHasKeyword	dn_VaultSuitLining3 [KYWD:0023C065]	00 00 00 00		1.000000	0	Subject.WornHasKeyword(dn_VaultSuitLining3 [KYWD:0023C065], 00 00 00 00) = 1.000000 AND
0016F043	abUnderArmor_Casual_Buffs	4	0	10000000	=	AND	Subject	WornHasKeyword	dn_VaultSuitLining4 [KYWD:0023C066]	00 00 00 00		1.000000	0	Subject.WornHasKeyword(dn_VaultSuitLining4 [KYWD:0023C066], 00 00 00 00) = 1.000000 AND
0016F043	abUnderArmor_Casual_Buffs	5	0	10000000	=	AND	Subject	WornHasKeyword	dn_VaultSuitLining4 [KYWD:0023C066]	00 00 00 00		1.000000	0	Subject.WornHasKeyword(dn_VaultSuitLining4 [KYWD:0023C066], 00 00 00 00) = 1.000000 AND
0016F043	abUnderArmor_Casual_Buffs	6	0	10000000	=	AND	Subject	WornHasKeyword	dn_VaultSuitLining4 [KYWD:0023C066]	00 00 00 00		1.000000	0	Subject.WornHasKeyword(dn_VaultSuitLining4 [KYWD:0023C066], 00 00 00 00) = 1.000000 AND
0016F043	abUnderArmor_Casual_Buffs	7	0	10000000	=	AND	Subject	WornHasKeyword	dn_VaultSuitLining5 [KYWD:0023C067]	00 00 00 00		1.000000	0	Subject.WornHasKeyword(dn_VaultSuitLining5 [KYWD:0023C067], 00 00 00 00) = 1.000000 AND
0016F043	abUnderArmor_Casual_Buffs	8	0	10000000	=	AND	Subject	WornHasKeyword	dn_VaultSuitLining5 [KYWD:0023C067]	00 00 00 00		1.000000	0	Subject.WornHasKeyword(dn_VaultSuitLining5 [KYWD:0023C067], 00 00 00 00) = 1.000000 AND
0016F043	abUnderArmor_Casual_Buffs	9	0	10000000	=	AND	Subject	WornHasKeyword	dn_VaultSuitLining5 [KYWD:0023C067]	00 00 00 00		1.000000	0	Subject.WornHasKeyword(dn_VaultSuitLining5 [KYWD:0023C067], 00 00 00 00) = 1.000000 AND
0016F064	abUnderArmor_BOS_Buffs	1	0	10000000	=	AND	Subject	WornHasKeyword	dn_VaultSuitLining2 [KYWD:0023C064]	00 00 00 00		1.000000	0	Subject.WornHasKeyword(dn_VaultSuitLining2 [KYWD:0023C064], 00 00 00 00) = 1.000000 AND
0016F064	abUnderArmor_BOS_Buffs	2	0	10000000	=	AND	Subject	WornHasKeyword	dn_VaultSuitLining3 [KYWD:0023C065]	00 00 00 00		1.000000	0	Subject.WornHasKeyword(dn_VaultSuitLining3 [KYWD:0023C065], 00 00 00 00) = 1.000000 AND
0016F064	abUnderArmor_BOS_Buffs	3	0	10000000	=	AND	Subject	WornHasKeyword	dn_VaultSuitLining4 [KYWD:0023C066]	00 00 00 00		1.000000	0	Subject.WornHasKeyword(dn_VaultSuitLining4 [KYWD:0023C066], 00 00 00 00) = 1.000000 AND
0016F064	abUnderArmor_BOS_Buffs	4	0	10000000	=	AND	Subject	WornHasKeyword	dn_VaultSuitLining4 [KYWD:0023C066]	00 00 00 00		1.000000	0	Subject.WornHasKeyword(dn_VaultSuitLining4 [KYWD:0023C066], 00 00 00 00) = 1.000000 AND
0016F064	abUnderArmor_BOS_Buffs	5	0	10000000	=	AND	Subject	WornHasKeyword	dn_VaultSuitLining5 [KYWD:0023C067]	00 00 00 00		1.000000	0	Subject.WornHasKeyword(dn_VaultSuitLining5 [KYWD:0023C067], 00 00 00 00) = 1.000000 AND
0016F064	abUnderArmor_BOS_Buffs	6	0	10000000	=	AND	Subject	WornHasKeyword	dn_VaultSuitLining5 [KYWD:0023C067]	00 00 00 00		1.000000	0	Subject.WornHasKeyword(dn_VaultSuitLining5 [KYWD:0023C067], 00 00 00 00) = 1.000000 AND
0016EFD7	abUnderArmor_Enclave_Buffs	1	0	10000000	=	AND	Subject	WornHasKeyword	dn_VaultSuitLining2 [KYWD:0023C064]	00 00 00 00		1.000000	0	Subject.WornHasKeyword(dn_VaultSuitLining2 [KYWD:0023C064], 00 00 00 00) = 1.000000 AND
0016EFD7	abUnderArmor_Enclave_Buffs	2	0	10000000	=	AND	Subject	WornHasKeyword	dn_VaultSuitLining3 [KYWD:0023C065]	00 00 00 00		1.000000	0	Subject.WornHasKeyword(dn_VaultSuitLining3 [KYWD:0023C065], 00 00 00 00) = 1.000000 AND
0016EFD7	abUnderArmor_Enclave_Buffs	3	0	10000000	=	AND	Subject	WornHasKeyword	dn_VaultSuitLining4 [KYWD:0023C066]	00 00 00 00		1.000000	0	Subject.WornHasKeyword(dn_VaultSuitLining4 [KYWD:0023C066], 00 00 00 00) = 1.000000 AND
0016EFD7	abUnderArmor_Enclave_Buffs	4	0	10000000	=	AND	Subject	WornHasKeyword	dn_VaultSuitLining4 [KYWD:0023C066]	00 00 00 00		1.000000	0	Subject.WornHasKeyword(dn_VaultSuitLining4 [KYWD:0023C066], 00 00 00 00) = 1.000000 AND
0016EFD7	abUnderArmor_Enclave_Buffs	5	0	10000000	=	AND	Subject	WornHasKeyword	dn_VaultSuitLining5 [KYWD:0023C067]	00 00 00 00		1.000000	0	Subject.WornHasKeyword(dn_VaultSuitLining5 [KYWD:0023C067], 00 00 00 00) = 1.000000 AND
0016EFD7	abUnderArmor_Enclave_Buffs	6	0	10000000	=	AND	Subject	WornHasKeyword	dn_VaultSuitLining5 [KYWD:0023C067]	00 00 00 00		1.000000	0	Subject.WornHasKeyword(dn_VaultSuitLining5 [KYWD:0023C067], 00 00 00 00) = 1.000000 AND
0016EFC6	abUnderArmor_Raider_Buffs	1	0	10000000	=	AND	Subject	WornHasKeyword	dn_VaultSuitLining2 [KYWD:0023C064]	00 00 00 00		1.000000	0	Subject.WornHasKeyword(dn_VaultSuitLining2 [KYWD:0023C064], 00 00 00 00) = 1.000000 AND
0016EFC6	abUnderArmor_Raider_Buffs	2	0	10000000	=	AND	Subject	WornHasKeyword	dn_VaultSuitLining3 [KYWD:0023C065]	00 00 00 00		1.000000	0	Subject.WornHasKeyword(dn_VaultSuitLining3 [KYWD:0023C065], 00 00 00 00) = 1.000000 AND
0016EFC6	abUnderArmor_Raider_Buffs	3	0	10000000	=	AND	Subject	WornHasKeyword	dn_VaultSuitLining3 [KYWD:0023C065]	00 00 00 00		1.000000	0	Subject.WornHasKeyword(dn_VaultSuitLining3 [KYWD:0023C065], 00 00 00 00) = 1.000000 AND
0016EFC6	abUnderArmor_Raider_Buffs	4	0	10000000	=	AND	Subject	WornHasKeyword	dn_VaultSuitLining4 [KYWD:0023C066]	00 00 00 00		1.000000	0	Subject.WornHasKeyword(dn_VaultSuitLining4 [KYWD:0023C066], 00 00 00 00) = 1.000000 AND
0016EFC6	abUnderArmor_Raider_Buffs	5	0	10000000	=	AND	Subject	WornHasKeyword	dn_VaultSuitLining4 [KYWD:0023C066]	00 00 00 00		1.000000	0	Subject.WornHasKeyword(dn_VaultSuitLining4 [KYWD:0023C066], 00 00 00 00) = 1.000000 AND
0016EFC6	abUnderArmor_Raider_Buffs	6	0	10000000	=	AND	Subject	WornHasKeyword	dn_VaultSuitLining5 [KYWD:0023C067]	00 00 00 00		1.000000	0	Subject.WornHasKeyword(dn_VaultSuitLining5 [KYWD:0023C067], 00 00 00 00) = 1.000000 AND
0016EFC6	abUnderArmor_Raider_Buffs	7	0	10000000	=	AND	Subject	WornHasKeyword	dn_VaultSuitLining5 [KYWD:0023C067]	00 00 00 00		1.000000	0	Subject.WornHasKeyword(dn_VaultSuitLining5 [KYWD:0023C067], 00 00 00 00) = 1.000000 AND
0016EFC6	abUnderArmor_Raider_Buffs	8	0	10000000	=	AND	Subject	WornHasKeyword	dn_VaultSuitLining5 [KYWD:0023C067]	00 00 00 00		1.000000	0	Subject.WornHasKeyword(dn_VaultSuitLining5 [KYWD:0023C067], 00 00 00 00) = 1.000000 AND
0016EFCF	abUnderArmor_Marine_Buffs	1	0	10000000	=	AND	Subject	WornHasKeyword	dn_VaultSuitLining2 [KYWD:0023C064]	00 00 00 00		1.000000	0	Subject.WornHasKeyword(dn_VaultSuitLining2 [KYWD:0023C064], 00 00 00 00) = 1.000000 AND
0016EFCF	abUnderArmor_Marine_Buffs	2	0	10000000	=	AND	Subject	WornHasKeyword	dn_VaultSuitLining3 [KYWD:0023C065]	00 00 00 00		1.000000	0	Subject.WornHasKeyword(dn_VaultSuitLining3 [KYWD:0023C065], 00 00 00 00) = 1.000000 AND
0016EFCF	abUnderArmor_Marine_Buffs	3	0	10000000	=	AND	Subject	WornHasKeyword	dn_VaultSuitLining3 [KYWD:0023C065]	00 00 00 00		1.000000	0	Subject.WornHasKeyword(dn_VaultSuitLining3 [KYWD:0023C065], 00 00 00 00) = 1.000000 AND
0016EFCF	abUnderArmor_Marine_Buffs	4	0	10000000	=	AND	Subject	WornHasKeyword	dn_VaultSuitLining4 [KYWD:0023C066]	00 00 00 00		1.000000	0	Subject.WornHasKeyword(dn_VaultSuitLining4 [KYWD:0023C066], 00 00 00 00) = 1.000000 AND
0016EFCF	abUnderArmor_Marine_Buffs	5	0	10000000	=	AND	Subject	WornHasKeyword	dn_VaultSuitLining4 [KYWD:0023C066]	00 00 00 00		1.000000	0	Subject.WornHasKeyword(dn_VaultSuitLining4 [KYWD:0023C066], 00 00 00 00) = 1.000000 AND
0016EFCF	abUnderArmor_Marine_Buffs	6	0	10000000	=	AND	Subject	WornHasKeyword	dn_VaultSuitLining4 [KYWD:0023C066]	00 00 00 00		1.000000	0	Subject.WornHasKeyword(dn_VaultSuitLining4 [KYWD:0023C066], 00 00 00 00) = 1.000000 AND
0016EFCF	abUnderArmor_Marine_Buffs	7	0	10000000	=	AND	Subject	WornHasKeyword	dn_VaultSuitLining5 [KYWD:0023C067]	00 00 00 00		1.000000	0	Subject.WornHasKeyword(dn_VaultSuitLining5 [KYWD:0023C067], 00 00 00 00) = 1.000000 AND
0016EFCF	abUnderArmor_Marine_Buffs	8	0	10000000	=	AND	Subject	WornHasKeyword	dn_VaultSuitLining5 [KYWD:0023C067]	00 00 00 00		1.000000	0	Subject.WornHasKeyword(dn_VaultSuitLining5 [KYWD:0023C067], 00 00 00 00) = 1.000000 AND
0016EFCF	abUnderArmor_Marine_Buffs	9	0	10000000	=	AND	Subject	WornHasKeyword	dn_VaultSuitLining5 [KYWD:0023C067]	00 00 00 00		1.000000	0	Subject.WornHasKeyword(dn_VaultSuitLining5 [KYWD:0023C067], 00 00 00 00) = 1.000000 AND
0016EFAD	abUnderArmor_VaultSuit_Buffs	1	0	10000000	=	AND	Subject	WornHasKeyword	dn_VaultSuitLining5 [KYWD:0023C067]	00 00 00 00		1.000000	0	Subject.WornHasKeyword(dn_VaultSuitLining5 [KYWD:0023C067], 00 00 00 00) = 1.000000 AND
0016EFAD	abUnderArmor_VaultSuit_Buffs	2	0	10000000	=	AND	Subject	WornHasKeyword	dn_VaultSuitLining5 [KYWD:0023C067]	00 00 00 00		1.000000	0	Subject.WornHasKeyword(dn_VaultSuitLining5 [KYWD:0023C067], 00 00 00 00) = 1.000000 AND
0016EFAD	abUnderArmor_VaultSuit_Buffs	3	0	10000000	=	AND	Subject	WornHasKeyword	dn_VaultSuitLining5 [KYWD:0023C067]	00 00 00 00		1.000000	0	Subject.WornHasKeyword(dn_VaultSuitLining5 [KYWD:0023C067], 00 00 00 00) = 1.000000 AND
0016EFAD	abUnderArmor_VaultSuit_Buffs	4	0	10000000	=	AND	Subject	WornHasKeyword	dn_VaultSuitLining5 [KYWD:0023C067]	00 00 00 00		1.000000	0	Subject.WornHasKeyword(dn_VaultSuitLining5 [KYWD:0023C067], 00 00 00 00) = 1.000000 AND
0016EFAD	abUnderArmor_VaultSuit_Buffs	5	0	10000000	=	AND	Subject	WornHasKeyword	dn_VaultSuitLining5 [KYWD:0023C067]	00 00 00 00		1.000000	0	Subject.WornHasKeyword(dn_VaultSuitLining5 [KYWD:0023C067], 00 00 00 00) = 1.000000 AND
0016EFAD	abUnderArmor_VaultSuit_Buffs	6	0	10000000	=	AND	Subject	WornHasKeyword	dn_VaultSuitLining5 [KYWD:0023C067]	00 00 00 00		1.000000	0	Subject.WornHasKeyword(dn_VaultSuitLining5 [KYWD:0023C067], 00 00 00 00) = 1.000000 AND
0016EFAD	abUnderArmor_VaultSuit_Buffs	7	0	10000000	=	AND	Subject	WornHasKeyword	dn_VaultSuitLining4 [KYWD:0023C066]	00 00 00 00		1.000000	0	Subject.WornHasKeyword(dn_VaultSuitLining4 [KYWD:0023C066], 00 00 00 00) = 1.000000 AND
0016EFAD	abUnderArmor_VaultSuit_Buffs	8	0	10000000	=	AND	Subject	WornHasKeyword	dn_VaultSuitLining4 [KYWD:0023C066]	00 00 00 00		1.000000	0	Subject.WornHasKeyword(dn_VaultSuitLining4 [KYWD:0023C066], 00 00 00 00) = 1.000000 AND
0016EFAD	abUnderArmor_VaultSuit_Buffs	9	0	10000000	=	AND	Subject	WornHasKeyword	dn_VaultSuitLining4 [KYWD:0023C066]	00 00 00 00		1.000000	0	Subject.WornHasKeyword(dn_VaultSuitLining4 [KYWD:0023C066], 00 00 00 00) = 1.000000 AND
0016EFAD	abUnderArmor_VaultSuit_Buffs	10	0	10000000	=	AND	Subject	WornHasKeyword	dn_VaultSuitLining3 [KYWD:0023C065]	00 00 00 00		1.000000	0	Subject.WornHasKeyword(dn_VaultSuitLining3 [KYWD:0023C065], 00 00 00 00) = 1.000000 AND
0016EFAD	abUnderArmor_VaultSuit_Buffs	11	0	10000000	=	AND	Subject	WornHasKeyword	dn_VaultSuitLining3 [KYWD:0023C065]	00 00 00 00		1.000000	0	Subject.WornHasKeyword(dn_VaultSuitLining3 [KYWD:0023C065], 00 00 00 00) = 1.000000 AND
0016EFAD	abUnderArmor_VaultSuit_Buffs	12	0	10000000	=	AND	Subject	WornHasKeyword	dn_VaultSuitLining2 [KYWD:0023C064]	00 00 00 00		1.000000	0	Subject.WornHasKeyword(dn_VaultSuitLining2 [KYWD:0023C064], 00 00 00 00) = 1.000000 AND
0025BF4C	AbPerkSquadManeuvers	0	0	10000000	=	AND	Subject	IsMemberOfAPlayerTeam	00 00 00 00	00 00 00 00		1.000000	0	Subject.IsMemberOfAPlayerTeam(00 00 00 00, 00 00 00 00) = 1.000000 AND
0025BF4C	AbPerkSquadManeuvers	0	1	10000000	=	AND	Subject	IsSprinting	00 00 00 00	00 00 00 00		0.000000	0	Subject.IsSprinting(00 00 00 00, 00 00 00 00) = 0.000000 AND
0025BF4C	AbPerkSquadManeuvers	0	2	10000000	=	AND	Subject	HasPerk	SquadManeuvers02 "Squad Maneuvers" [PERK:0038AB95]	00 00 00 00		0.000000	0	Subject.HasPerk(SquadManeuvers02 "Squad Maneuvers" [PERK:0038AB95], 00 00 00 00) = 0.000000 AND
0025BF4C	AbPerkSquadManeuvers	1	0	10000000	=	AND	Subject	IsMemberOfAPlayerTeam	00 00 00 00	00 00 00 00		1.000000	0	Subject.IsMemberOfAPlayerTeam(00 00 00 00, 00 00 00 00) = 1.000000 AND
0025BF4C	AbPerkSquadManeuvers	1	1	10000000	=	AND	Subject	IsSprinting	00 00 00 00	00 00 00 00		0.000000	0	Subject.IsSprinting(00 00 00 00, 00 00 00 00) = 0.000000 AND
0025BF4C	AbPerkSquadManeuvers	1	2	10000000	=	AND	Subject	HasPerk	SquadManeuvers02 "Squad Maneuvers" [PERK:0038AB95]	00 00 00 00		1.000000	0	Subject.HasPerk(SquadManeuvers02 "Squad Maneuvers" [PERK:0038AB95], 00 00 00 00) = 1.000000 AND
0006F7D3	SURV_Disease_ScorchedPlague	0	0	10000000	=	AND	Subject	GetValue	SURV_Disease_ScorchedImmune [AVIF:003C9B96]	00 00 00 00		0.000000	0	Subject.GetValue(SURV_Disease_ScorchedImmune [AVIF:003C9B96], 00 00 00 00) = 0.000000 AND
00520BD2	zzz_AbPerkGladiatorMaster	0	0	10000000	=	AND	Subject	HasPerk	zzz_GladiatorMaster02 "Master Gladiator" [PERK:00123A5C]	00 00 00 00		0.000000	0	Subject.HasPerk(zzz_GladiatorMaster02 "Master Gladiator" [PERK:00123A5C], 00 00 00 00) = 0.000000 AND
00520BD2	zzz_AbPerkGladiatorMaster	1	0	10000000	=	AND	Subject	HasPerk	zzz_GladiatorMaster02 "Master Gladiator" [PERK:00123A5C]	00 00 00 00		1.000000	0	Subject.HasPerk(zzz_GladiatorMaster02 "Master Gladiator" [PERK:00123A5C], 00 00 00 00) = 1.000000 AND
00520BD2	zzz_AbPerkGladiatorMaster	1	1	10000000	=	AND	Subject	HasPerk	zzz_GladiatorMaster03 "Master Gladiator" [PERK:00123A5D]	00 00 00 00		0.000000	0	Subject.HasPerk(zzz_GladiatorMaster03 "Master Gladiator" [PERK:00123A5D], 00 00 00 00) = 0.000000 AND
00520BD2	zzz_AbPerkGladiatorMaster	2	0	10000000	=	AND	Subject	HasPerk	zzz_GladiatorMaster03 "Master Gladiator" [PERK:00123A5D]	00 00 00 00		1.000000	0	Subject.HasPerk(zzz_GladiatorMaster03 "Master Gladiator" [PERK:00123A5D], 00 00 00 00) = 1.000000 AND
00520BDA	AbPerkSluggerMaster	0	0	10000000	=	AND	Subject	WornHasKeyword	WeaponTypeMeleeGeneral [KYWD:0033AB12]	00 00 00 00		1.000000	0	Subject.WornHasKeyword(WeaponTypeMeleeGeneral [KYWD:0033AB12], 00 00 00 00) = 1.000000 AND
00520BDA	AbPerkSluggerMaster	0	1	10000000	=	AND	Subject	WornHasKeyword	WeaponTypeAutomaticMelee "Power Tool" [KYWD:006D5081]	00 00 00 00		0.000000	0	Subject.WornHasKeyword(WeaponTypeAutomaticMelee "Power Tool" [KYWD:006D5081], 00 00 00 00) = 0.000000 AND
00520BD1	AbPerkGladiatorExpert	0	0	10000000	=	AND	Subject	WornHasKeyword	WeaponTypeBladed "Sharp" [KYWD:0033AB19]	00 00 00 00		1.000000	0	Subject.WornHasKeyword(WeaponTypeBladed "Sharp" [KYWD:0033AB19], 00 00 00 00) = 1.000000 AND
00520BD1	AbPerkGladiatorExpert	0	1	10100000	<=	AND	Subject	GetWeaponAnimType	00 00 00 00	00 00 00 00		6.000000	0	Subject.GetWeaponAnimType(00 00 00 00, 00 00 00 00) <= 6.000000 AND
00520BDB	AbPerkSluggerExpert	0	0	10000000	=	AND	Subject	WornHasKeyword	WeaponTypeMeleeGeneral [KYWD:0033AB12]	00 00 00 00		1.000000	0	Subject.WornHasKeyword(WeaponTypeMeleeGeneral [KYWD:0033AB12], 00 00 00 00) = 1.000000 AND
00520BDB	AbPerkSluggerExpert	0	1	10000000	=	AND	Subject	WornHasKeyword	WeaponTypeAutomaticMelee "Power Tool" [KYWD:006D5081]	00 00 00 00		0.000000	0	Subject.WornHasKeyword(WeaponTypeAutomaticMelee "Power Tool" [KYWD:006D5081], 00 00 00 00) = 0.000000 AND
004E102C	zzz_AbMoM_GarbofMysteries_Description	0	0	00000000	!=	AND	Subject	WornHasKeyword	MoMEyeOfRaItemKeyword [KYWD:004E60E2]	00 00 00 00		1.000000	0	Subject.WornHasKeyword(MoMEyeOfRaItemKeyword [KYWD:004E60E2], 00 00 00 00) != 1.000000 AND
004E102C	zzz_AbMoM_GarbofMysteries_Description	1	0	10000000	=	AND	Subject	WornHasKeyword	MoMEyeOfRaItemKeyword [KYWD:004E60E2]	00 00 00 00		1.000000	0	Subject.WornHasKeyword(MoMEyeOfRaItemKeyword [KYWD:004E60E2], 00 00 00 00) = 1.000000 AND
004E102A	zzz_AbMoM_BladeofBastet_Description	0	0	00000000	!=	AND	Subject	WornHasKeyword	MoMEyeOfRaItemKeyword [KYWD:004E60E2]	00 00 00 00		1.000000	0	Subject.WornHasKeyword(MoMEyeOfRaItemKeyword [KYWD:004E60E2], 00 00 00 00) != 1.000000 AND
004E102A	zzz_AbMoM_BladeofBastet_Description	1	0	10000000	=	AND	Subject	WornHasKeyword	MoMEyeOfRaItemKeyword [KYWD:004E60E2]	00 00 00 00		1.000000	0	Subject.WornHasKeyword(MoMEyeOfRaItemKeyword [KYWD:004E60E2], 00 00 00 00) = 1.000000 AND
004E102B	AbMoM_VoiceofSet_Description	0	0	00000000	!=	AND	Subject	WornHasKeyword	MoMEyeOfRaItemKeyword [KYWD:004E60E2]	00 00 00 00		1.000000	0	Subject.WornHasKeyword(MoMEyeOfRaItemKeyword [KYWD:004E60E2], 00 00 00 00) != 1.000000 AND
004E102B	AbMoM_VoiceofSet_Description	1	0	10000000	=	AND	Subject	WornHasKeyword	MoMEyeOfRaItemKeyword [KYWD:004E60E2]	00 00 00 00		1.000000	0	Subject.WornHasKeyword(MoMEyeOfRaItemKeyword [KYWD:004E60E2], 00 00 00 00) = 1.000000 AND
003C75C4	SURV_Disease_JellyFingers	0	0	10000000	=	AND	Subject	GetIsPlayerGhoul	00 00 00 00	00 00 00 00		0.000000	0	Subject.GetIsPlayerGhoul(00 00 00 00, 00 00 00 00) = 0.000000 AND
003C75B8	SURV_Disease_NeedleSpine	0	0	10000000	=	AND	Subject	GetIsPlayerGhoul	00 00 00 00	00 00 00 00		0.000000	0	Subject.GetIsPlayerGhoul(00 00 00 00, 00 00 00 00) = 0.000000 AND
003C75BE	SURV_Disease_LockJoint	0	0	10000000	=	AND	Subject	GetIsPlayerGhoul	00 00 00 00	00 00 00 00		0.000000	0	Subject.GetIsPlayerGhoul(00 00 00 00, 00 00 00 00) = 0.000000 AND
003C9B99	PerkBloodyMessSpell	0	0	10000000	=	AND	Target	HasPerk	SCORE_Lunchbox_Confetti_Perk "Confetti Perk" [PERK:004FD933]	00 00 00 00		0.000000	0	Target.HasPerk(SCORE_Lunchbox_Confetti_Perk "Confetti Perk" [PERK:004FD933], 00 00 00 00) = 0.000000 AND
003C7B93	MTNM03_ZenSpell03	0	0	10000000	=	AND	Subject	HasKeyword	MTNM03_Meditation_QuestActive_Keyword [KYWD:00130065]	00 00 00 00		1.000000	0	Subject.HasKeyword(MTNM03_Meditation_QuestActive_Keyword [KYWD:00130065], 00 00 00 00) = 1.000000 AND
003C7B92	MTNM03_ZenSpell02	0	0	10000000	=	AND	Subject	HasKeyword	MTNM03_Meditation_QuestActive_Keyword [KYWD:00130065]	00 00 00 00		1.000000	0	Subject.HasKeyword(MTNM03_Meditation_QuestActive_Keyword [KYWD:00130065], 00 00 00 00) = 1.000000 AND
003C7B91	MTNM03_ZenSpell01	0	0	10000000	=	AND	Subject	HasKeyword	MTNM03_Meditation_QuestActive_Keyword [KYWD:00130065]	00 00 00 00		1.000000	0	Subject.HasKeyword(MTNM03_Meditation_QuestActive_Keyword [KYWD:00130065], 00 00 00 00) = 1.000000 AND
003C7B94	MTNM03_ZenSpell04	0	0	10000000	=	AND	Subject	HasKeyword	MTNM03_Meditation_QuestActive_Keyword [KYWD:00130065]	00 00 00 00		1.000000	0	Subject.HasKeyword(MTNM03_Meditation_QuestActive_Keyword [KYWD:00130065], 00 00 00 00) = 1.000000 AND
003D012C	Mutation_PlagueWalkerDamageSuper	0	0	10000000	=	AND	Target	GetNumActiveSpellsWithKeyword	SURV_Icon_Disease [KYWD:00001EAE]	00 00 00 00		1.000000	0	Target.GetNumActiveSpellsWithKeyword(SURV_Icon_Disease [KYWD:00001EAE], 00 00 00 00) = 1.000000 AND
003D012C	Mutation_PlagueWalkerDamageSuper	1	0	10000000	=	AND	Target	GetNumActiveSpellsWithKeyword	SURV_Icon_Disease [KYWD:00001EAE]	00 00 00 00		2.000000	0	Target.GetNumActiveSpellsWithKeyword(SURV_Icon_Disease [KYWD:00001EAE], 00 00 00 00) = 2.000000 AND
003D012C	Mutation_PlagueWalkerDamageSuper	2	0	10000000	=	AND	Target	GetNumActiveSpellsWithKeyword	SURV_Icon_Disease [KYWD:00001EAE]	00 00 00 00		3.000000	0	Target.GetNumActiveSpellsWithKeyword(SURV_Icon_Disease [KYWD:00001EAE], 00 00 00 00) = 3.000000 AND
003D012C	Mutation_PlagueWalkerDamageSuper	3	0	11000000	>=	AND	Target	GetNumActiveSpellsWithKeyword	SURV_Icon_Disease [KYWD:00001EAE]	00 00 00 00		4.000000	0	Target.GetNumActiveSpellsWithKeyword(SURV_Icon_Disease [KYWD:00001EAE], 00 00 00 00) >= 4.000000 AND
0050B499	AbAmbushFurnitureScorched	0	0	10000000	=	AND	Subject	GetSitting	00 00 00 00	00 00 00 00		1.000000	0	Subject.GetSitting(00 00 00 00, 00 00 00 00) = 1.000000 AND
0050CA63	AbPerkInspirational	0	0	10000000	=	AND	Subject	IsMemberOfAPlayerTeam	00 00 00 00	00 00 00 00		1.000000	0	Subject.IsMemberOfAPlayerTeam(00 00 00 00, 00 00 00 00) = 1.000000 AND
0050CA62	DetectLifeClientSpell	0	0	10000000	=	AND	Subject	HasPerk	ChemFiend01 "Chem Fiend" [PERK:00259E62]	00 00 00 00		0.000000	0	Subject.HasPerk(ChemFiend01 "Chem Fiend" [PERK:00259E62], 00 00 00 00) = 0.000000 AND
0050CA62	DetectLifeClientSpell	1	0	10000000	=	AND	Subject	HasPerk	ChemFiend01 "Chem Fiend" [PERK:00259E62]	00 00 00 00		1.000000	0	Subject.HasPerk(ChemFiend01 "Chem Fiend" [PERK:00259E62], 00 00 00 00) = 1.000000 AND
0050CD15	SURV_WellTunedSpell	1	0	10000000	=	AND	Subject	WornHasKeyword	CustomItemName_ToneDeath [KYWD:0064D000]	00 00 00 00		1.000000	0	Subject.WornHasKeyword(CustomItemName_ToneDeath [KYWD:0064D000], 00 00 00 00) = 1.000000 AND
004FCB62	SCORE_Lunchbox_XPSpell	0	0	10000000	=	AND	Subject	GetValue	SCORE_Lunchbox_Level [AVIF:005C2F8F]	00 00 00 00		1.000000	0	Subject.GetValue(SCORE_Lunchbox_Level [AVIF:005C2F8F], 00 00 00 00) = 1.000000 AND
004FCB62	SCORE_Lunchbox_XPSpell	1	0	10000000	=	AND	Subject	GetValue	SCORE_Lunchbox_Level [AVIF:005C2F8F]	00 00 00 00		2.000000	0	Subject.GetValue(SCORE_Lunchbox_Level [AVIF:005C2F8F], 00 00 00 00) = 2.000000 AND
004FCB62	SCORE_Lunchbox_XPSpell	2	0	10000000	=	AND	Subject	GetValue	SCORE_Lunchbox_Level [AVIF:005C2F8F]	00 00 00 00		3.000000	0	Subject.GetValue(SCORE_Lunchbox_Level [AVIF:005C2F8F], 00 00 00 00) = 3.000000 AND
004FCB62	SCORE_Lunchbox_XPSpell	3	0	11000000	>=	AND	Subject	GetValue	SCORE_Lunchbox_Level [AVIF:005C2F8F]	00 00 00 00		4.000000	0	Subject.GetValue(SCORE_Lunchbox_Level [AVIF:005C2F8F], 00 00 00 00) >= 4.000000 AND
0043C729	AbRaceRadFrog	0	0	10000000	=	AND	Subject	GetGlobalValue	TrueGlobal [GLOB:00036E00]	00 00 00 00		0.000000	0	Subject.GetGlobalValue(TrueGlobal [GLOB:00036E00], 00 00 00 00) = 0.000000 AND
0043C72A	AbRaceRadSquirrel	0	0	10000000	=	AND	Subject	GetGlobalValue	TrueGlobal [GLOB:00036E00]	00 00 00 00		0.000000	0	Subject.GetGlobalValue(TrueGlobal [GLOB:00036E00], 00 00 00 00) = 0.000000 AND
0043C723	AbRaceFirefly	0	0	10000000	=	AND	Subject	GetGlobalValue	TrueGlobal [GLOB:00036E00]	00 00 00 00		0.000000	0	Subject.GetGlobalValue(TrueGlobal [GLOB:00036E00], 00 00 00 00) = 0.000000 AND
0043C728	AbRaceRadBeaver	0	0	10000000	=	AND	Subject	GetGlobalValue	TrueGlobal [GLOB:00036E00]	00 00 00 00		0.000000	0	Subject.GetGlobalValue(TrueGlobal [GLOB:00036E00], 00 00 00 00) = 0.000000 AND
0043C724	AbRaceFox	0	0	10000000	=	AND	Subject	GetGlobalValue	TrueGlobal [GLOB:00036E00]	00 00 00 00		0.000000	0	Subject.GetGlobalValue(TrueGlobal [GLOB:00036E00], 00 00 00 00) = 0.000000 AND
0043C725	AbRaceOpossum	0	0	10000000	=	AND	Subject	GetGlobalValue	TrueGlobal [GLOB:00036E00]	00 00 00 00		0.000000	0	Subject.GetGlobalValue(TrueGlobal [GLOB:00036E00], 00 00 00 00) = 0.000000 AND
0043C727	AbRaceOwlet	0	0	10000000	=	AND	Subject	GetGlobalValue	TrueGlobal [GLOB:00036E00]	00 00 00 00		0.000000	0	Subject.GetGlobalValue(TrueGlobal [GLOB:00036E00], 00 00 00 00) = 0.000000 AND
0043C726	AbRaceMothman	0	0	10000000	=	AND	Subject	GetGlobalValue	TrueGlobal [GLOB:00036E00]	00 00 00 00		0.000000	0	Subject.GetGlobalValue(TrueGlobal [GLOB:00036E00], 00 00 00 00) = 0.000000 AND
0043CEFE	PerkTargetDebuffSpell	0	0	10000000	=	AND	Target	HasPerk	Suppressor01 "Suppressor" [PERK:003DE594]	00 00 00 00		1.000000	0	Target.HasPerk(Suppressor01 "Suppressor" [PERK:003DE594], 00 00 00 00) = 1.000000 AND
0043CEFE	PerkTargetDebuffSpell	0	1	10000000	=	AND	Target	HasPerk	Suppressor02 "Suppressor" [PERK:003E21ED]	00 00 00 00		0.000000	0	Target.HasPerk(Suppressor02 "Suppressor" [PERK:003E21ED], 00 00 00 00) = 0.000000 AND
0043CEFE	PerkTargetDebuffSpell	1	0	10000000	=	AND	Target	HasPerk	Suppressor02 "Suppressor" [PERK:003E21ED]	00 00 00 00		1.000000	0	Target.HasPerk(Suppressor02 "Suppressor" [PERK:003E21ED], 00 00 00 00) = 1.000000 AND
0043CEFE	PerkTargetDebuffSpell	1	1	10000000	=	AND	Target	HasPerk	Suppressor03 "Suppressor" [PERK:003E21EF]	00 00 00 00		0.000000	0	Target.HasPerk(Suppressor03 "Suppressor" [PERK:003E21EF], 00 00 00 00) = 0.000000 AND
0043CEFE	PerkTargetDebuffSpell	2	0	10000000	=	AND	Target	HasPerk	Suppressor03 "Suppressor" [PERK:003E21EF]	00 00 00 00		1.000000	0	Target.HasPerk(Suppressor03 "Suppressor" [PERK:003E21EF], 00 00 00 00) = 1.000000 AND
00450ADF	AbEpicCreature_RestoreHealth_Trigger	0	0	00100000	<	AND	Subject	GetValuePercent	Health "Health" [AVIF:000002D4]	00 00 00 00		0.500000	0	Subject.GetValuePercent(Health "Health" [AVIF:000002D4], 00 00 00 00) < 0.500000 AND
0045110F	AbPerkFullCharge	0	0	10000000	=	AND	Subject	HasPerk	FullCharge02 "Full Charge" [PERK:003BD594]	00 00 00 00		0.000000	0	Subject.HasPerk(FullCharge02 "Full Charge" [PERK:003BD594], 00 00 00 00) = 0.000000 AND
0045110F	AbPerkFullCharge	1	0	10000000	=	AND	Subject	HasPerk	FullCharge02 "Full Charge" [PERK:003BD594]	00 00 00 00		1.000000	0	Subject.HasPerk(FullCharge02 "Full Charge" [PERK:003BD594], 00 00 00 00) = 1.000000 AND
004869F8	crScorchBeastQueen_DamageReduction	0	0	10000000	=	AND	Subject	IsUsingAltCurveTable	00 00 00 00	00 00 00 00		0.000000	0	Subject.IsUsingAltCurveTable(00 00 00 00, 00 00 00 00) = 0.000000 AND
0047759E	PerkRadSpongeHealSpell	0	0	10000000	=	AND	Subject	HasPerk	RadSponge02 "Rad Sponge" [PERK:003808AC]	00 00 00 00		0.000000	0	Subject.HasPerk(RadSponge02 "Rad Sponge" [PERK:003808AC], 00 00 00 00) = 0.000000 AND
0047759E	PerkRadSpongeHealSpell	1	0	10000000	=	AND	Subject	HasPerk	RadSponge02 "Rad Sponge" [PERK:003808AC]	00 00 00 00		1.000000	0	Subject.HasPerk(RadSponge02 "Rad Sponge" [PERK:003808AC], 00 00 00 00) = 1.000000 AND
0047759E	PerkRadSpongeHealSpell	1	1	10000000	=	AND	Subject	HasPerk	RadSponge03 "Rad Sponge" [PERK:003808AD]	00 00 00 00		0.000000	0	Subject.HasPerk(RadSponge03 "Rad Sponge" [PERK:003808AD], 00 00 00 00) = 0.000000 AND
0047759E	PerkRadSpongeHealSpell	2	0	10000000	=	AND	Subject	HasPerk	RadSponge03 "Rad Sponge" [PERK:003808AD]	00 00 00 00		1.000000	0	Subject.HasPerk(RadSponge03 "Rad Sponge" [PERK:003808AD], 00 00 00 00) = 1.000000 AND
0047C2EB	AbSpotlightWeekly	0	0	10000000	=	AND	Subject	GetGlobalValue	SpotlightWeekIndex [GLOB:0047C2EA]	00 00 00 00		1.000000	0	Subject.GetGlobalValue(SpotlightWeekIndex [GLOB:0047C2EA], 00 00 00 00) = 1.000000 AND
0047C2EB	AbSpotlightWeekly	0	1	01000000	>	AND	Subject	GetPlayerTeammateCount	00 00 00 00	00 00 00 00		0.000000	0	Subject.GetPlayerTeammateCount(00 00 00 00, 00 00 00 00) > 0.000000 AND
0047C2E9	AbWeeklySpotlight	0	0	10000000	=	AND	Subject	GetGlobalValue	SpotlightWeekIndex [GLOB:0047C2EA]	00 00 00 00		1.000000	0	Subject.GetGlobalValue(SpotlightWeekIndex [GLOB:0047C2EA], 00 00 00 00) = 1.000000 AND
0047C2E9	AbWeeklySpotlight	0	1	01000000	>	AND	Subject	GetPlayerTeammateCount	00 00 00 00	00 00 00 00		0.000000	0	Subject.GetPlayerTeammateCount(00 00 00 00, 00 00 00 00) > 0.000000 AND
0047C2E9	AbWeeklySpotlight	1	0	10000000	=	AND	Subject	GetGlobalValue	SpotlightWeekIndex [GLOB:0047C2EA]	00 00 00 00		8.000000	0	Subject.GetGlobalValue(SpotlightWeekIndex [GLOB:0047C2EA], 00 00 00 00) = 8.000000 AND
0046C7CE	Ab_Spotlight_HeavyMetal	0	0	10000000	=	AND	Subject	GetGlobalValue	Spotlight_HeavyMetal [GLOB:0046C7CD]	00 00 00 00		1.000000	0	Subject.GetGlobalValue(Spotlight_HeavyMetal [GLOB:0046C7CD], 00 00 00 00) = 1.000000 AND
0046C7CE	Ab_Spotlight_HeavyMetal	0	1	10000000	=	AND	Subject	IsSprinting	00 00 00 00	00 00 00 00		1.000000	0	Subject.IsSprinting(00 00 00 00, 00 00 00 00) = 1.000000 AND
0046C7CE	Ab_Spotlight_HeavyMetal	0	2	10000000	=	AND	Subject	WornHasKeyword	WeaponTypePistol "Pistol" [KYWD:0004A0A0]	00 00 00 00		0.000000	0	Subject.WornHasKeyword(WeaponTypePistol "Pistol" [KYWD:0004A0A0], 00 00 00 00) = 0.000000 AND
0046C7CE	Ab_Spotlight_HeavyMetal	0	3	10000000	=	AND	Subject	WornHasKeyword	WeaponTypeHeavyGun "Big Gun" [KYWD:0004A0A3]	00 00 00 00		1.000000	0	Subject.WornHasKeyword(WeaponTypeHeavyGun "Big Gun" [KYWD:0004A0A3], 00 00 00 00) = 1.000000 AND
003EE3C2	Ab_Spotlight_Unstoppable	0	0	10000000	=	AND	Player Teammates	WornHasKeyword	isUnstoppable_Grognak [KYWD:003EE3C4]	00 00 00 00	0	1.000000	0	Player Teammates.WornHasKeyword(isUnstoppable_Grognak [KYWD:003EE3C4], 00 00 00 00, 0) = 1.000000 AND
003EE3C2	Ab_Spotlight_Unstoppable	0	1	10000000	=	AND	Subject	GetGlobalValue	Spotlight_Unstoppable [GLOB:003EE3C1]	00 00 00 00		1.000000	0	Subject.GetGlobalValue(Spotlight_Unstoppable [GLOB:003EE3C1], 00 00 00 00) = 1.000000 AND
003EE3C2	Ab_Spotlight_Unstoppable	1	0	10000000	=	AND	Player Teammates	WornHasKeyword	isUnstoppable_Inspector [KYWD:003EE3C7]	00 00 00 00	0	1.000000	0	Player Teammates.WornHasKeyword(isUnstoppable_Inspector [KYWD:003EE3C7], 00 00 00 00, 0) = 1.000000 AND
003EE3C2	Ab_Spotlight_Unstoppable	1	1	10000000	=	AND	Subject	GetGlobalValue	Spotlight_Unstoppable [GLOB:003EE3C1]	00 00 00 00		1.000000	0	Subject.GetGlobalValue(Spotlight_Unstoppable [GLOB:003EE3C1], 00 00 00 00) = 1.000000 AND
003EE3C2	Ab_Spotlight_Unstoppable	2	0	10000000	=	AND	Player Teammates	WornHasKeyword	isUnstoppable_MantaMan [KYWD:003EE3C3]	00 00 00 00	0	1.000000	0	Player Teammates.WornHasKeyword(isUnstoppable_MantaMan [KYWD:003EE3C3], 00 00 00 00, 0) = 1.000000 AND
003EE3C2	Ab_Spotlight_Unstoppable	2	1	10000000	=	AND	Subject	GetGlobalValue	Spotlight_Unstoppable [GLOB:003EE3C1]	00 00 00 00		1.000000	0	Subject.GetGlobalValue(Spotlight_Unstoppable [GLOB:003EE3C1], 00 00 00 00) = 1.000000 AND
003EE3C2	Ab_Spotlight_Unstoppable	3	0	10000000	=	AND	Player Teammates	WornHasKeyword	isUnstoppable_MistressOfMystery [KYWD:003EE3C5]	00 00 00 00	0	1.000000	0	Player Teammates.WornHasKeyword(isUnstoppable_MistressOfMystery [KYWD:003EE3C5], 00 00 00 00, 0) = 1.000000 AND
003EE3C2	Ab_Spotlight_Unstoppable	3	1	10000000	=	AND	Subject	GetGlobalValue	Spotlight_Unstoppable [GLOB:003EE3C1]	00 00 00 00		1.000000	0	Subject.GetGlobalValue(Spotlight_Unstoppable [GLOB:003EE3C1], 00 00 00 00) = 1.000000 AND
003EE3C2	Ab_Spotlight_Unstoppable	4	0	10000000	=	AND	Player Teammates	WornHasKeyword	isUnstoppable_SilverShroud [KYWD:003EE3C6]	00 00 00 00	0	1.000000	0	Player Teammates.WornHasKeyword(isUnstoppable_SilverShroud [KYWD:003EE3C6], 00 00 00 00, 0) = 1.000000 AND
003EE3C2	Ab_Spotlight_Unstoppable	4	1	10000000	=	AND	Subject	GetGlobalValue	Spotlight_Unstoppable [GLOB:003EE3C1]	00 00 00 00		1.000000	0	Subject.GetGlobalValue(Spotlight_Unstoppable [GLOB:003EE3C1], 00 00 00 00) = 1.000000 AND
003EE3C2	Ab_Spotlight_Unstoppable	5	0	10000000	=	AND	Subject	GetGlobalValue	Spotlight_Unstoppable [GLOB:003EE3C1]	00 00 00 00		1.000000	0	Subject.GetGlobalValue(Spotlight_Unstoppable [GLOB:003EE3C1], 00 00 00 00) = 1.000000 AND
003EE3C2	Ab_Spotlight_Unstoppable	5	1	10010000	=	OR	Subject	WornHasKeyword	isUnstoppable_Grognak [KYWD:003EE3C4]	00 00 00 00		1.000000	0	Subject.WornHasKeyword(isUnstoppable_Grognak [KYWD:003EE3C4], 00 00 00 00) = 1.000000 OR
003EE3C2	Ab_Spotlight_Unstoppable	5	2	10010000	=	OR	Subject	WornHasKeyword	isUnstoppable_Inspector [KYWD:003EE3C7]	00 00 00 00		1.000000	0	Subject.WornHasKeyword(isUnstoppable_Inspector [KYWD:003EE3C7], 00 00 00 00) = 1.000000 OR
003EE3C2	Ab_Spotlight_Unstoppable	5	3	10010000	=	OR	Subject	WornHasKeyword	isUnstoppable_MantaMan [KYWD:003EE3C3]	00 00 00 00		1.000000	0	Subject.WornHasKeyword(isUnstoppable_MantaMan [KYWD:003EE3C3], 00 00 00 00) = 1.000000 OR
003EE3C2	Ab_Spotlight_Unstoppable	5	4	10010000	=	OR	Subject	WornHasKeyword	isUnstoppable_MistressOfMystery [KYWD:003EE3C5]	00 00 00 00		1.000000	0	Subject.WornHasKeyword(isUnstoppable_MistressOfMystery [KYWD:003EE3C5], 00 00 00 00) = 1.000000 OR
003EE3C2	Ab_Spotlight_Unstoppable	5	5	10010000	=	OR	Subject	WornHasKeyword	isUnstoppable_SilverShroud [KYWD:003EE3C6]	00 00 00 00		1.000000	0	Subject.WornHasKeyword(isUnstoppable_SilverShroud [KYWD:003EE3C6], 00 00 00 00) = 1.000000 OR
003F2370	Ab_Spotlight_ShareTheLove	0	0	10000000	=	AND	Subject	GetPlayerTeammateCount	00 00 00 00	00 00 00 00		1.000000	0	Subject.GetPlayerTeammateCount(00 00 00 00, 00 00 00 00) = 1.000000 AND
003F2370	Ab_Spotlight_ShareTheLove	0	1	10000000	=	AND	Subject	GetGlobalValue	Spotlight_ShareTheLove [GLOB:004836A4]	00 00 00 00		1.000000	0	Subject.GetGlobalValue(Spotlight_ShareTheLove [GLOB:004836A4], 00 00 00 00) = 1.000000 AND
003F2370	Ab_Spotlight_ShareTheLove	1	0	10000000	=	AND	Subject	GetPlayerTeammateCount	00 00 00 00	00 00 00 00		1.000000	0	Subject.GetPlayerTeammateCount(00 00 00 00, 00 00 00 00) = 1.000000 AND
003F2370	Ab_Spotlight_ShareTheLove	1	1	10000000	=	AND	Subject	GetGlobalValue	Spotlight_ShareTheLove [GLOB:004836A4]	00 00 00 00		1.000000	0	Subject.GetGlobalValue(Spotlight_ShareTheLove [GLOB:004836A4], 00 00 00 00) = 1.000000 AND
003F2370	Ab_Spotlight_ShareTheLove	2	0	10000000	=	AND	Subject	GetPlayerTeammateCount	00 00 00 00	00 00 00 00		3.000000	0	Subject.GetPlayerTeammateCount(00 00 00 00, 00 00 00 00) = 3.000000 AND
003F2370	Ab_Spotlight_ShareTheLove	2	1	10000000	=	AND	Subject	GetGlobalValue	Spotlight_ShareTheLove [GLOB:004836A4]	00 00 00 00		1.000000	0	Subject.GetGlobalValue(Spotlight_ShareTheLove [GLOB:004836A4], 00 00 00 00) = 1.000000 AND
003F2370	Ab_Spotlight_ShareTheLove	3	0	10000000	=	AND	Subject	GetPlayerTeammateCount	00 00 00 00	00 00 00 00		2.000000	0	Subject.GetPlayerTeammateCount(00 00 00 00, 00 00 00 00) = 2.000000 AND
003F2370	Ab_Spotlight_ShareTheLove	3	1	10000000	=	AND	Subject	GetGlobalValue	Spotlight_ShareTheLove [GLOB:004836A4]	00 00 00 00		1.000000	0	Subject.GetGlobalValue(Spotlight_ShareTheLove [GLOB:004836A4], 00 00 00 00) = 1.000000 AND
003F2370	Ab_Spotlight_ShareTheLove	4	0	10000000	=	AND	Subject	GetPlayerTeammateCount	00 00 00 00	00 00 00 00		2.000000	0	Subject.GetPlayerTeammateCount(00 00 00 00, 00 00 00 00) = 2.000000 AND
003F2370	Ab_Spotlight_ShareTheLove	4	1	10000000	=	AND	Subject	GetGlobalValue	Spotlight_ShareTheLove [GLOB:004836A4]	00 00 00 00		1.000000	0	Subject.GetGlobalValue(Spotlight_ShareTheLove [GLOB:004836A4], 00 00 00 00) = 1.000000 AND
003F2370	Ab_Spotlight_ShareTheLove	5	0	10000000	=	AND	Subject	GetPlayerTeammateCount	00 00 00 00	00 00 00 00		3.000000	0	Subject.GetPlayerTeammateCount(00 00 00 00, 00 00 00 00) = 3.000000 AND
003F2370	Ab_Spotlight_ShareTheLove	5	1	10000000	=	AND	Subject	GetGlobalValue	Spotlight_ShareTheLove [GLOB:004836A4]	00 00 00 00		1.000000	0	Subject.GetGlobalValue(Spotlight_ShareTheLove [GLOB:004836A4], 00 00 00 00) = 1.000000 AND
003F2376	Ab_Spotlight_LegendOfTheMothman	0	0	10000000	=	AND	Subject	GetGlobalValue	Spotlight_LegendOfTheMothman [GLOB:003F2375]	00 00 00 00		1.000000	0	Subject.GetGlobalValue(Spotlight_LegendOfTheMothman [GLOB:003F2375], 00 00 00 00) = 1.000000 AND
003F3295	Camera_TargetingHUD_Spell	0	0	00000000	!=	AND	Subject	GetDead	00 00 00 00	00 00 00 00		1.000000	0	Subject.GetDead(00 00 00 00, 00 00 00 00) != 1.000000 AND
003F28E7	Ab_Spotlight_SpringCleaning	0	0	10000000	=	AND	Subject	GetGlobalValue	Spotlight_SpringCleaning [GLOB:004836A5]	00 00 00 00		1.000000	0	Subject.GetGlobalValue(Spotlight_SpringCleaning [GLOB:004836A5], 00 00 00 00) = 1.000000 AND
003F3F3E	AbPerkBloodyMess	0	0	10000000	=	AND	Subject	HasPerk	BloodyMess01 "Bloody Mess" [PERK:0004A0BB]	00 00 00 00		1.000000	0	Subject.HasPerk(BloodyMess01 "Bloody Mess" [PERK:0004A0BB], 00 00 00 00) = 1.000000 AND
0046C7D1	Ab_Spotlight_ChildsPlay	0	0	10000000	=	AND	Subject	GetGlobalValue	Spotlight_ChildsPlay [GLOB:0046C7D0]	00 00 00 00		1.000000	0	Subject.GetGlobalValue(Spotlight_ChildsPlay [GLOB:0046C7D0], 00 00 00 00) = 1.000000 AND
0046C7D1	Ab_Spotlight_ChildsPlay	0	1	10000000	=	AND	Subject	WornHasKeyword	ArmorTypePower [KYWD:0004D8A1]	00 00 00 00		0.000000	0	Subject.WornHasKeyword(ArmorTypePower [KYWD:0004D8A1], 00 00 00 00) = 0.000000 AND
0046C7D1	Ab_Spotlight_ChildsPlay	0	2	11000000	>=	AND	Subject	GetKeywordItemCount	ObjectTypeToy [KYWD:0044D48D]	00 00 00 00		10.000000	0	Subject.GetKeywordItemCount(ObjectTypeToy [KYWD:0044D48D], 00 00 00 00) >= 10.000000 AND
0046C7D1	Ab_Spotlight_ChildsPlay	1	0	10000000	=	AND	Subject	GetGlobalValue	Spotlight_ChildsPlay [GLOB:0046C7D0]	00 00 00 00		1.000000	0	Subject.GetGlobalValue(Spotlight_ChildsPlay [GLOB:0046C7D0], 00 00 00 00) = 1.000000 AND
0046C7D1	Ab_Spotlight_ChildsPlay	1	1	10000000	=	AND	Subject	WornHasKeyword	ArmorTypePower [KYWD:0004D8A1]	00 00 00 00		0.000000	0	Subject.WornHasKeyword(ArmorTypePower [KYWD:0004D8A1], 00 00 00 00) = 0.000000 AND
0046C7D1	Ab_Spotlight_ChildsPlay	1	2	10000000	=	AND	Subject	GetKeywordItemCount	ObjectTypeToy [KYWD:0044D48D]	00 00 00 00		9.000000	0	Subject.GetKeywordItemCount(ObjectTypeToy [KYWD:0044D48D], 00 00 00 00) = 9.000000 AND
0046C7D1	Ab_Spotlight_ChildsPlay	2	0	10000000	=	AND	Subject	GetGlobalValue	Spotlight_ChildsPlay [GLOB:0046C7D0]	00 00 00 00		1.000000	0	Subject.GetGlobalValue(Spotlight_ChildsPlay [GLOB:0046C7D0], 00 00 00 00) = 1.000000 AND
0046C7D1	Ab_Spotlight_ChildsPlay	2	1	10000000	=	AND	Subject	WornHasKeyword	ArmorTypePower [KYWD:0004D8A1]	00 00 00 00		0.000000	0	Subject.WornHasKeyword(ArmorTypePower [KYWD:0004D8A1], 00 00 00 00) = 0.000000 AND
0046C7D1	Ab_Spotlight_ChildsPlay	2	2	10000000	=	AND	Subject	GetKeywordItemCount	ObjectTypeToy [KYWD:0044D48D]	00 00 00 00		8.000000	0	Subject.GetKeywordItemCount(ObjectTypeToy [KYWD:0044D48D], 00 00 00 00) = 8.000000 AND
0046C7D1	Ab_Spotlight_ChildsPlay	3	0	10000000	=	AND	Subject	GetGlobalValue	Spotlight_ChildsPlay [GLOB:0046C7D0]	00 00 00 00		1.000000	0	Subject.GetGlobalValue(Spotlight_ChildsPlay [GLOB:0046C7D0], 00 00 00 00) = 1.000000 AND
0046C7D1	Ab_Spotlight_ChildsPlay	3	1	10000000	=	AND	Subject	WornHasKeyword	ArmorTypePower [KYWD:0004D8A1]	00 00 00 00		0.000000	0	Subject.WornHasKeyword(ArmorTypePower [KYWD:0004D8A1], 00 00 00 00) = 0.000000 AND
0046C7D1	Ab_Spotlight_ChildsPlay	3	2	10000000	=	AND	Subject	GetKeywordItemCount	ObjectTypeToy [KYWD:0044D48D]	00 00 00 00		7.000000	0	Subject.GetKeywordItemCount(ObjectTypeToy [KYWD:0044D48D], 00 00 00 00) = 7.000000 AND
0046C7D1	Ab_Spotlight_ChildsPlay	4	0	10000000	=	AND	Subject	GetGlobalValue	Spotlight_ChildsPlay [GLOB:0046C7D0]	00 00 00 00		1.000000	0	Subject.GetGlobalValue(Spotlight_ChildsPlay [GLOB:0046C7D0], 00 00 00 00) = 1.000000 AND
0046C7D1	Ab_Spotlight_ChildsPlay	4	1	10000000	=	AND	Subject	WornHasKeyword	ArmorTypePower [KYWD:0004D8A1]	00 00 00 00		0.000000	0	Subject.WornHasKeyword(ArmorTypePower [KYWD:0004D8A1], 00 00 00 00) = 0.000000 AND
0046C7D1	Ab_Spotlight_ChildsPlay	4	2	10000000	=	AND	Subject	GetKeywordItemCount	ObjectTypeToy [KYWD:0044D48D]	00 00 00 00		6.000000	0	Subject.GetKeywordItemCount(ObjectTypeToy [KYWD:0044D48D], 00 00 00 00) = 6.000000 AND
0046C7D1	Ab_Spotlight_ChildsPlay	5	0	10000000	=	AND	Subject	GetGlobalValue	Spotlight_ChildsPlay [GLOB:0046C7D0]	00 00 00 00		1.000000	0	Subject.GetGlobalValue(Spotlight_ChildsPlay [GLOB:0046C7D0], 00 00 00 00) = 1.000000 AND
0046C7D1	Ab_Spotlight_ChildsPlay	5	1	10000000	=	AND	Subject	WornHasKeyword	ArmorTypePower [KYWD:0004D8A1]	00 00 00 00		0.000000	0	Subject.WornHasKeyword(ArmorTypePower [KYWD:0004D8A1], 00 00 00 00) = 0.000000 AND
0046C7D1	Ab_Spotlight_ChildsPlay	5	2	10000000	=	AND	Subject	GetKeywordItemCount	ObjectTypeToy [KYWD:0044D48D]	00 00 00 00		5.000000	0	Subject.GetKeywordItemCount(ObjectTypeToy [KYWD:0044D48D], 00 00 00 00) = 5.000000 AND
0046C7D1	Ab_Spotlight_ChildsPlay	6	0	10000000	=	AND	Subject	GetGlobalValue	Spotlight_ChildsPlay [GLOB:0046C7D0]	00 00 00 00		1.000000	0	Subject.GetGlobalValue(Spotlight_ChildsPlay [GLOB:0046C7D0], 00 00 00 00) = 1.000000 AND
0046C7D1	Ab_Spotlight_ChildsPlay	6	1	10000000	=	AND	Subject	WornHasKeyword	ArmorTypePower [KYWD:0004D8A1]	00 00 00 00		0.000000	0	Subject.WornHasKeyword(ArmorTypePower [KYWD:0004D8A1], 00 00 00 00) = 0.000000 AND
0046C7D1	Ab_Spotlight_ChildsPlay	6	2	10000000	=	AND	Subject	GetKeywordItemCount	ObjectTypeToy [KYWD:0044D48D]	00 00 00 00		4.000000	0	Subject.GetKeywordItemCount(ObjectTypeToy [KYWD:0044D48D], 00 00 00 00) = 4.000000 AND
0046C7D1	Ab_Spotlight_ChildsPlay	7	0	10000000	=	AND	Subject	GetGlobalValue	Spotlight_ChildsPlay [GLOB:0046C7D0]	00 00 00 00		1.000000	0	Subject.GetGlobalValue(Spotlight_ChildsPlay [GLOB:0046C7D0], 00 00 00 00) = 1.000000 AND
0046C7D1	Ab_Spotlight_ChildsPlay	7	1	10000000	=	AND	Subject	WornHasKeyword	ArmorTypePower [KYWD:0004D8A1]	00 00 00 00		0.000000	0	Subject.WornHasKeyword(ArmorTypePower [KYWD:0004D8A1], 00 00 00 00) = 0.000000 AND
0046C7D1	Ab_Spotlight_ChildsPlay	7	2	10000000	=	AND	Subject	GetKeywordItemCount	ObjectTypeToy [KYWD:0044D48D]	00 00 00 00		3.000000	0	Subject.GetKeywordItemCount(ObjectTypeToy [KYWD:0044D48D], 00 00 00 00) = 3.000000 AND
0046C7D1	Ab_Spotlight_ChildsPlay	8	0	10000000	=	AND	Subject	GetGlobalValue	Spotlight_ChildsPlay [GLOB:0046C7D0]	00 00 00 00		1.000000	0	Subject.GetGlobalValue(Spotlight_ChildsPlay [GLOB:0046C7D0], 00 00 00 00) = 1.000000 AND
0046C7D1	Ab_Spotlight_ChildsPlay	8	1	10000000	=	AND	Subject	WornHasKeyword	ArmorTypePower [KYWD:0004D8A1]	00 00 00 00		0.000000	0	Subject.WornHasKeyword(ArmorTypePower [KYWD:0004D8A1], 00 00 00 00) = 0.000000 AND
0046C7D1	Ab_Spotlight_ChildsPlay	8	2	10000000	=	AND	Subject	GetKeywordItemCount	ObjectTypeToy [KYWD:0044D48D]	00 00 00 00		2.000000	0	Subject.GetKeywordItemCount(ObjectTypeToy [KYWD:0044D48D], 00 00 00 00) = 2.000000 AND
0046C7D1	Ab_Spotlight_ChildsPlay	9	0	10000000	=	AND	Subject	GetGlobalValue	Spotlight_ChildsPlay [GLOB:0046C7D0]	00 00 00 00		1.000000	0	Subject.GetGlobalValue(Spotlight_ChildsPlay [GLOB:0046C7D0], 00 00 00 00) = 1.000000 AND
0046C7D1	Ab_Spotlight_ChildsPlay	9	1	10000000	=	AND	Subject	WornHasKeyword	ArmorTypePower [KYWD:0004D8A1]	00 00 00 00		0.000000	0	Subject.WornHasKeyword(ArmorTypePower [KYWD:0004D8A1], 00 00 00 00) = 0.000000 AND
0046C7D1	Ab_Spotlight_ChildsPlay	9	2	10000000	=	AND	Subject	GetKeywordItemCount	ObjectTypeToy [KYWD:0044D48D]	00 00 00 00		1.000000	0	Subject.GetKeywordItemCount(ObjectTypeToy [KYWD:0044D48D], 00 00 00 00) = 1.000000 AND
0046C7F8	Ab_Spotlight_TerrorInTheNight	0	0	10000000	=	AND	Subject	GetGlobalValue	Spotlight_TerrorInTheNight [GLOB:0046C7F7]	00 00 00 00		1.000000	0	Subject.GetGlobalValue(Spotlight_TerrorInTheNight [GLOB:0046C7F7], 00 00 00 00) = 1.000000 AND
0046C7F8	Ab_Spotlight_TerrorInTheNight	0	1	11010000	>=	OR	Subject	GetGlobalValue	GameHour [GLOB:00000038]	00 00 00 00		18.000000	0	Subject.GetGlobalValue(GameHour [GLOB:00000038], 00 00 00 00) >= 18.000000 OR
0046C7F8	Ab_Spotlight_TerrorInTheNight	0	2	10110000	<=	OR	Subject	GetGlobalValue	GameHour [GLOB:00000038]	00 00 00 00		6.000000	0	Subject.GetGlobalValue(GameHour [GLOB:00000038], 00 00 00 00) <= 6.000000 OR
003FBAB0	Ab_Spotlight_DoubleXP	0	0	10000000	=	AND	Subject	GetGlobalValue	Spotlight_DoubleXP [GLOB:003FBAAE]	00 00 00 00		1.000000	0	Subject.GetGlobalValue(Spotlight_DoubleXP [GLOB:003FBAAE], 00 00 00 00) = 1.000000 AND
0040419B	Ab_Spotlight_DoubleXPSurvival	0	0	10000000	=	AND	Subject	GetWorldType	00 00 00 00	00 00 00 00		2.000000	0	Subject.GetWorldType(00 00 00 00, 00 00 00 00) = 2.000000 AND
0040419B	Ab_Spotlight_DoubleXPSurvival	0	1	10000000	=	AND	Subject	GetGlobalValue	Spotlight_DoubleXPSurvival [GLOB:0040419A]	00 00 00 00		1.000000	0	Subject.GetGlobalValue(Spotlight_DoubleXPSurvival [GLOB:0040419A], 00 00 00 00) = 1.000000 AND
004122CB	crSheepsquatchPoisonAttack	0	0	01000000	>	AND	Target	GetLevel	00 00 00 00	00 00 00 00		65.000000	0	Target.GetLevel(00 00 00 00, 00 00 00 00) > 65.000000 AND
0045009A	zzz_AbPerkBabylonMonsterMuffler01	0	0	10000000	=	AND	Subject	GetIsPlayer	00 00 00 00	00 00 00 00		0.000000	0	Subject.GetIsPlayer(00 00 00 00, 00 00 00 00) = 0.000000 AND
004500AA	zzz_AbPerkBabylon_APBonus	0	0	11000100	>=	AND	Subject	GetValue	Strength "Strength" [AVIF:000002C2]	00 00 00 00		BabylonSPECIALValue_10 [GLOB:004500C7]	0	Subject.GetValue(Strength "Strength" [AVIF:000002C2], 00 00 00 00) >= BabylonSPECIALValue_10 [GLOB:004500C7] AND
00479B7A	zzz_AbPerkRefractor_Babylon	0	0	10000000	=	AND	Subject	HasPerk	zzz_Babylon_Refractor04 "Refractor" [PERK:00479B51]	00 00 00 00		1.000000	0	Subject.HasPerk(zzz_Babylon_Refractor04 "Refractor" [PERK:00479B51], 00 00 00 00) = 1.000000 AND
00479B71	zzz_AbPerkIronclad_Babylon	0	0	10000000	=	AND	Subject	WornHasKeyword	ArmorTypePower [KYWD:0004D8A1]	00 00 00 00		0.000000	0	Subject.WornHasKeyword(ArmorTypePower [KYWD:0004D8A1], 00 00 00 00) = 0.000000 AND
00479B71	zzz_AbPerkIronclad_Babylon	0	1	10000000	=	AND	Subject	HasPerk	zzz_Babylon_Ironclad05 "Ironclad" [PERK:00479B3E]	00 00 00 00		1.000000	0	Subject.HasPerk(zzz_Babylon_Ironclad05 "Ironclad" [PERK:00479B3E], 00 00 00 00) = 1.000000 AND
00479B71	zzz_AbPerkIronclad_Babylon	1	0	10000000	=	AND	Subject	WornHasKeyword	ArmorTypePower [KYWD:0004D8A1]	00 00 00 00		0.000000	0	Subject.WornHasKeyword(ArmorTypePower [KYWD:0004D8A1], 00 00 00 00) = 0.000000 AND
00479B71	zzz_AbPerkIronclad_Babylon	1	1	10000000	=	AND	Subject	HasPerk	zzz_Babylon_Ironclad05 "Ironclad" [PERK:00479B3E]	00 00 00 00		1.000000	0	Subject.HasPerk(zzz_Babylon_Ironclad05 "Ironclad" [PERK:00479B3E], 00 00 00 00) = 1.000000 AND
00479B74	zzz_AbPerkLockAndLoad_Babylon	0	0	10000000	=	AND	Subject	WornHasKeyword	WeaponTypeHeavyGun "Big Gun" [KYWD:0004A0A3]	00 00 00 00		1.000000	0	Subject.WornHasKeyword(WeaponTypeHeavyGun "Big Gun" [KYWD:0004A0A3], 00 00 00 00) = 1.000000 AND
00479B75	zzz_AbPerkMartialArtist_Babylon	0	0	10000000	=	AND	Subject	HasPerk	zzz_Babylon_MartialArtist03 "Martial Artist" [PERK:00479B45]	00 00 00 00		1.000000	0	Subject.HasPerk(zzz_Babylon_MartialArtist03 "Martial Artist" [PERK:00479B45], 00 00 00 00) = 1.000000 AND
00479B75	zzz_AbPerkMartialArtist_Babylon	1	0	10000000	=	AND	Subject	HasPerk	zzz_Babylon_MartialArtist03 "Martial Artist" [PERK:00479B45]	00 00 00 00		1.000000	0	Subject.HasPerk(zzz_Babylon_MartialArtist03 "Martial Artist" [PERK:00479B45], 00 00 00 00) = 1.000000 AND
00479B6E	zzz_AbPerkGunRunner_Babylon	0	0	10010000	=	OR	Subject	WornHasKeyword	WeaponTypePistol "Pistol" [KYWD:0004A0A0]	00 00 00 00		1.000000	0	Subject.WornHasKeyword(WeaponTypePistol "Pistol" [KYWD:0004A0A0], 00 00 00 00) = 1.000000 OR
00479B6E	zzz_AbPerkGunRunner_Babylon	0	1	10010000	=	OR	Subject	WornHasKeyword	WeaponTypeShotgun "Shotgun" [KYWD:00226454]	00 00 00 00		1.000000	0	Subject.WornHasKeyword(WeaponTypeShotgun "Shotgun" [KYWD:00226454], 00 00 00 00) = 1.000000 OR
00479B6D	zzz_AbPerkGuerrillaMaster_Babylon	0	0	10000000	=	AND	Subject	HasPerk	zzz_Babylon_GuerrillaMaster03 "Master Guerrilla" [PERK:00479B38]	00 00 00 00		1.000000	0	Subject.HasPerk(zzz_Babylon_GuerrillaMaster03 "Master Guerrilla" [PERK:00479B38], 00 00 00 00) = 1.000000 AND
00479B78	zzz_abPerkRadResistant_Babylon	0	0	10000000	=	AND	Subject	HasPerk	zzz_Babylon_RadResistant04 "Rad Resistant" [PERK:00479B4F]	00 00 00 00		1.000000	0	Subject.HasPerk(zzz_Babylon_RadResistant04 "Rad Resistant" [PERK:00479B4F], 00 00 00 00) = 1.000000 AND
00479B6F	zzz_AbPerkGunslingerMaster_Babylon	0	0	10000000	=	AND	Subject	HasPerk	zzz_Babylon_GunslingerMaster03 "Master Gunslinger" [PERK:00479B3A]	00 00 00 00		1.000000	0	Subject.HasPerk(zzz_Babylon_GunslingerMaster03 "Master Gunslinger" [PERK:00479B3A], 00 00 00 00) = 1.000000 AND
00479B69	zzz_AbPerkCommandoMaster_Babylon	0	0	10000000	=	AND	Subject	HasPerk	zzz_Babylon_CommandoMaster03 "Master Commando" [PERK:00479B2A]	00 00 00 00		1.000000	0	Subject.HasPerk(zzz_Babylon_CommandoMaster03 "Master Commando" [PERK:00479B2A], 00 00 00 00) = 1.000000 AND
00479B7E	zzz_AbPerkStrongBack_Babylon	0	0	10000000	=	AND	Subject	HasPerk	zzz_Babylon_StrongBack04 "Strong Back" [PERK:00479B5A]	00 00 00 00		1.000000	0	Subject.HasPerk(zzz_Babylon_StrongBack04 "Strong Back" [PERK:00479B5A], 00 00 00 00) = 1.000000 AND
00479B7C	zzz_AbPerkScattershot_Babylon	1	0	10000000	=	AND	Subject	WornHasKeyword	WeaponTypeShotgun "Shotgun" [KYWD:00226454]	00 00 00 00		1.000000	0	Subject.WornHasKeyword(WeaponTypeShotgun "Shotgun" [KYWD:00226454], 00 00 00 00) = 1.000000 AND
00479B7D	zzz_AbPerkShotgunnerMaster_Babylon	0	0	10000000	=	AND	Subject	HasPerk	zzz_Babylon_ShotgunnerMaster03 "Master Shotgunner" [PERK:00479B55]	00 00 00 00		1.000000	0	Subject.HasPerk(zzz_Babylon_ShotgunnerMaster03 "Master Shotgunner" [PERK:00479B55], 00 00 00 00) = 1.000000 AND
00479B84	zzz_PerkTargetDebuffSpell_Babylon	0	0	10000000	=	AND	Target	HasPerk	zzz_Babylon_Tenderizer03 "Tenderizer" [PERK:00479B5F]	00 00 00 00		1.000000	0	Target.HasPerk(zzz_Babylon_Tenderizer03 "Tenderizer" [PERK:00479B5F], 00 00 00 00) = 1.000000 AND
00479B84	zzz_PerkTargetDebuffSpell_Babylon	1	0	10000000	=	AND	Target	HasPerk	zzz_Babylon_Suppressor03 "Suppressor" [PERK:00479B5C]	00 00 00 00		1.000000	0	Target.HasPerk(zzz_Babylon_Suppressor03 "Suppressor" [PERK:00479B5C], 00 00 00 00) = 1.000000 AND
00479B82	zzz_PerkBulletShield_Babylon	0	0	10000000	=	AND	Subject	HasPerk	zzz_Babylon_BulletShield03 "Bullet Shield" [PERK:00479B26]	00 00 00 00		1.000000	0	Subject.HasPerk(zzz_Babylon_BulletShield03 "Bullet Shield" [PERK:00479B26], 00 00 00 00) = 1.000000 AND
00479B68	zzz_AbPerkChemFiend_Babylon	0	0	10000000	=	AND	Subject	HasPerk	zzz_Babylon_ChemFiend03 "Chem Fiend" [PERK:00479B27]	00 00 00 00		1.000000	0	Subject.HasPerk(zzz_Babylon_ChemFiend03 "Chem Fiend" [PERK:00479B27], 00 00 00 00) = 1.000000 AND
00479D6D	zzz_AbPerkSluggerMaster_Babylon	0	0	10000000	=	AND	Subject	HasPerk	zzz_Babylon_SluggerMaster03 "Master Slugger" [PERK:00479D58]	00 00 00 00		1.000000	0	Subject.HasPerk(zzz_Babylon_SluggerMaster03 "Master Slugger" [PERK:00479D58], 00 00 00 00) = 1.000000 AND
00479D6E	zzz_AbPerkSquadManeuvers_Babylon	0	0	11000000	>=	AND	Subject	GetPlayerTeammateCount	00 00 00 00	00 00 00 00		2.000000	0	Subject.GetPlayerTeammateCount(00 00 00 00, 00 00 00 00) >= 2.000000 AND
00479D6E	zzz_AbPerkSquadManeuvers_Babylon	0	1	10000000	=	AND	Subject	IsSprinting	00 00 00 00	00 00 00 00		0.000000	0	Subject.IsSprinting(00 00 00 00, 00 00 00 00) = 0.000000 AND
00479D6C	zzz_AbPerkHomebody_Babylon	0	0	10000000	=	AND	Subject	IsPlayerInCamp	00 00 00 00	00 00 00 00		1.000000	0	Subject.IsPlayerInCamp(00 00 00 00, 00 00 00 00) = 1.000000 AND
00479D69	zzz_AbPerkNerdRage_Babylon	0	0	10000000	=	AND	Subject	GetDead	00 00 00 00	00 00 00 00		0.000000	0	Subject.GetDead(00 00 00 00, 00 00 00 00) = 0.000000 AND
00479D69	zzz_AbPerkNerdRage_Babylon	0	1	10000000	=	AND	Subject	GetDying	00 00 00 00	00 00 00 00		0.000000	0	Subject.GetDying(00 00 00 00, 00 00 00 00) = 0.000000 AND
00479D69	zzz_AbPerkNerdRage_Babylon	0	2	10000000	=	AND	Subject	IsBleedingOut	00 00 00 00	00 00 00 00		0.000000	0	Subject.IsBleedingOut(00 00 00 00, 00 00 00 00) = 0.000000 AND
00479D69	zzz_AbPerkNerdRage_Babylon	0	3	01000000	>	AND	Subject	GetHealthPercentage	00 00 00 00	00 00 00 00		0.000000	0	Subject.GetHealthPercentage(00 00 00 00, 00 00 00 00) > 0.000000 AND
00479D69	zzz_AbPerkNerdRage_Babylon	0	4	10100000	<=	AND	Subject	GetHealthPercentage	00 00 00 00	00 00 00 00		0.200000	0	Subject.GetHealthPercentage(00 00 00 00, 00 00 00 00) <= 0.200000 AND
00479D69	zzz_AbPerkNerdRage_Babylon	1	0	10000000	=	AND	Subject	IsBleedingOut	00 00 00 00	00 00 00 00		0.000000	0	Subject.IsBleedingOut(00 00 00 00, 00 00 00 00) = 0.000000 AND
00479D69	zzz_AbPerkNerdRage_Babylon	1	1	01000000	>	AND	Subject	GetHealthPercentage	00 00 00 00	00 00 00 00		0.000000	0	Subject.GetHealthPercentage(00 00 00 00, 00 00 00 00) > 0.000000 AND
00479D69	zzz_AbPerkNerdRage_Babylon	1	2	10100000	<=	AND	Subject	GetHealthPercentage	00 00 00 00	00 00 00 00		0.200000	0	Subject.GetHealthPercentage(00 00 00 00, 00 00 00 00) <= 0.200000 AND
00479D69	zzz_AbPerkNerdRage_Babylon	2	0	10000000	=	AND	Subject	IsBleedingOut	00 00 00 00	00 00 00 00		0.000000	0	Subject.IsBleedingOut(00 00 00 00, 00 00 00 00) = 0.000000 AND
00479D69	zzz_AbPerkNerdRage_Babylon	2	1	01000000	>	AND	Subject	GetHealthPercentage	00 00 00 00	00 00 00 00		0.000000	0	Subject.GetHealthPercentage(00 00 00 00, 00 00 00 00) > 0.000000 AND
00479D69	zzz_AbPerkNerdRage_Babylon	2	2	10100000	<=	AND	Subject	GetHealthPercentage	00 00 00 00	00 00 00 00		0.200000	0	Subject.GetHealthPercentage(00 00 00 00, 00 00 00 00) <= 0.200000 AND
0047A267	zzz_Mutation_TwistedMuscles_Babylon	0	0	10000000	=	AND	Subject	IsSpellTarget	RadX "Rad-X" [ALCH:00024057]	00 00 00 00		1.000000	0	Subject.IsSpellTarget(RadX "Rad-X" [ALCH:00024057], 00 00 00 00) = 1.000000 AND
0047A267	zzz_Mutation_TwistedMuscles_Babylon	1	0	10000000	=	AND	Subject	IsSpellTarget	RadX "Rad-X" [ALCH:00024057]	00 00 00 00		0.000000	0	Subject.IsSpellTarget(RadX "Rad-X" [ALCH:00024057], 00 00 00 00) = 0.000000 AND
0047A267	zzz_Mutation_TwistedMuscles_Babylon	1	1	10010000	=	OR	Subject	HasPerk	StrangeInNumbers01 "Strange In Numbers" [PERK:003808D0]	00 00 00 00		0.000000	0	Subject.HasPerk(StrangeInNumbers01 "Strange In Numbers" [PERK:003808D0], 00 00 00 00) = 0.000000 OR
0047A267	zzz_Mutation_TwistedMuscles_Babylon	1	2	10010000	=	OR	Subject	IsMemberOfAPlayerTeam	00 00 00 00	00 00 00 00		0.000000	0	Subject.IsMemberOfAPlayerTeam(00 00 00 00, 00 00 00 00) = 0.000000 OR
0047A267	zzz_Mutation_TwistedMuscles_Babylon	1	3	10010000	=	OR	Player Teammates	HasMagicEffectKeyword	AbilityTypeMutation [KYWD:003808CE]	00 00 00 00	1	0.000000	0	Player Teammates.HasMagicEffectKeyword(AbilityTypeMutation [KYWD:003808CE], 00 00 00 00, 1) = 0.000000 OR
0047A267	zzz_Mutation_TwistedMuscles_Babylon	2	0	10000000	=	AND	Subject	IsSpellTarget	RadX "Rad-X" [ALCH:00024057]	00 00 00 00		0.000000	0	Subject.IsSpellTarget(RadX "Rad-X" [ALCH:00024057], 00 00 00 00) = 0.000000 AND
0047A267	zzz_Mutation_TwistedMuscles_Babylon	2	1	10000000	=	AND	Subject	HasPerk	StrangeInNumbers01 "Strange In Numbers" [PERK:003808D0]	00 00 00 00		1.000000	0	Subject.HasPerk(StrangeInNumbers01 "Strange In Numbers" [PERK:003808D0], 00 00 00 00) = 1.000000 AND
0047A267	zzz_Mutation_TwistedMuscles_Babylon	2	2	10000000	=	AND	Player Teammates	HasMagicEffectKeyword	AbilityTypeMutation [KYWD:003808CE]	00 00 00 00	1	1.000000	0	Player Teammates.HasMagicEffectKeyword(AbilityTypeMutation [KYWD:003808CE], 00 00 00 00, 1) = 1.000000 AND
0047A267	zzz_Mutation_TwistedMuscles_Babylon	3	0	10000000	=	AND	Subject	IsSpellTarget	RadX "Rad-X" [ALCH:00024057]	00 00 00 00		0.000000	0	Subject.IsSpellTarget(RadX "Rad-X" [ALCH:00024057], 00 00 00 00) = 0.000000 AND
0047A267	zzz_Mutation_TwistedMuscles_Babylon	3	1	10000000	=	AND	Subject	IsSpellTarget	zzz_Serum_TwistedMuscles_Babylon "Twisted Muscles Serum" [ALCH:0047A268]	00 00 00 00		0.000000	0	Subject.IsSpellTarget(zzz_Serum_TwistedMuscles_Babylon "Twisted Muscles Serum" [ALCH:0047A268], 00 00 00 00) = 0.000000 AND
00460637	zzz_AbPerkBarbarian03_Babylon	0	0	10000000	=	AND	Subject	WornHasKeyword	ArmorTypePower [KYWD:0004D8A1]	00 00 00 00		0.000000	0	Subject.WornHasKeyword(ArmorTypePower [KYWD:0004D8A1], 00 00 00 00) = 0.000000 AND
00460637	zzz_AbPerkBarbarian03_Babylon	0	1	10000000	=	AND	Subject	GetValue	Strength "Strength" [AVIF:000002C2]	00 00 00 00		1.000000	0	Subject.GetValue(Strength "Strength" [AVIF:000002C2], 00 00 00 00) = 1.000000 AND
00460637	zzz_AbPerkBarbarian03_Babylon	1	0	10000000	=	AND	Subject	WornHasKeyword	ArmorTypePower [KYWD:0004D8A1]	00 00 00 00		0.000000	0	Subject.WornHasKeyword(ArmorTypePower [KYWD:0004D8A1], 00 00 00 00) = 0.000000 AND
00460637	zzz_AbPerkBarbarian03_Babylon	1	1	10000000	=	AND	Subject	GetValue	Strength "Strength" [AVIF:000002C2]	00 00 00 00		2.000000	0	Subject.GetValue(Strength "Strength" [AVIF:000002C2], 00 00 00 00) = 2.000000 AND
00460637	zzz_AbPerkBarbarian03_Babylon	2	0	10000000	=	AND	Subject	WornHasKeyword	ArmorTypePower [KYWD:0004D8A1]	00 00 00 00		0.000000	0	Subject.WornHasKeyword(ArmorTypePower [KYWD:0004D8A1], 00 00 00 00) = 0.000000 AND
00460637	zzz_AbPerkBarbarian03_Babylon	2	1	10000000	=	AND	Subject	GetValue	Strength "Strength" [AVIF:000002C2]	00 00 00 00		3.000000	0	Subject.GetValue(Strength "Strength" [AVIF:000002C2], 00 00 00 00) = 3.000000 AND
00460637	zzz_AbPerkBarbarian03_Babylon	3	0	10000000	=	AND	Subject	WornHasKeyword	ArmorTypePower [KYWD:0004D8A1]	00 00 00 00		0.000000	0	Subject.WornHasKeyword(ArmorTypePower [KYWD:0004D8A1], 00 00 00 00) = 0.000000 AND
00460637	zzz_AbPerkBarbarian03_Babylon	3	1	10000000	=	AND	Subject	GetValue	Strength "Strength" [AVIF:000002C2]	00 00 00 00		4.000000	0	Subject.GetValue(Strength "Strength" [AVIF:000002C2], 00 00 00 00) = 4.000000 AND
00460637	zzz_AbPerkBarbarian03_Babylon	4	0	10000000	=	AND	Subject	WornHasKeyword	ArmorTypePower [KYWD:0004D8A1]	00 00 00 00		0.000000	0	Subject.WornHasKeyword(ArmorTypePower [KYWD:0004D8A1], 00 00 00 00) = 0.000000 AND
00460637	zzz_AbPerkBarbarian03_Babylon	4	1	10000000	=	AND	Subject	GetValue	Strength "Strength" [AVIF:000002C2]	00 00 00 00		5.000000	0	Subject.GetValue(Strength "Strength" [AVIF:000002C2], 00 00 00 00) = 5.000000 AND
00460637	zzz_AbPerkBarbarian03_Babylon	5	0	10000000	=	AND	Subject	WornHasKeyword	ArmorTypePower [KYWD:0004D8A1]	00 00 00 00		0.000000	0	Subject.WornHasKeyword(ArmorTypePower [KYWD:0004D8A1], 00 00 00 00) = 0.000000 AND
00460637	zzz_AbPerkBarbarian03_Babylon	5	1	10000000	=	AND	Subject	GetValue	Strength "Strength" [AVIF:000002C2]	00 00 00 00		6.000000	0	Subject.GetValue(Strength "Strength" [AVIF:000002C2], 00 00 00 00) = 6.000000 AND
00460637	zzz_AbPerkBarbarian03_Babylon	6	0	10000000	=	AND	Subject	WornHasKeyword	ArmorTypePower [KYWD:0004D8A1]	00 00 00 00		0.000000	0	Subject.WornHasKeyword(ArmorTypePower [KYWD:0004D8A1], 00 00 00 00) = 0.000000 AND
00460637	zzz_AbPerkBarbarian03_Babylon	6	1	10000000	=	AND	Subject	GetValue	Strength "Strength" [AVIF:000002C2]	00 00 00 00		7.000000	0	Subject.GetValue(Strength "Strength" [AVIF:000002C2], 00 00 00 00) = 7.000000 AND
00460637	zzz_AbPerkBarbarian03_Babylon	7	0	10000000	=	AND	Subject	WornHasKeyword	ArmorTypePower [KYWD:0004D8A1]	00 00 00 00		0.000000	0	Subject.WornHasKeyword(ArmorTypePower [KYWD:0004D8A1], 00 00 00 00) = 0.000000 AND
00460637	zzz_AbPerkBarbarian03_Babylon	7	1	10000000	=	AND	Subject	GetValue	Strength "Strength" [AVIF:000002C2]	00 00 00 00		8.000000	0	Subject.GetValue(Strength "Strength" [AVIF:000002C2], 00 00 00 00) = 8.000000 AND
00460637	zzz_AbPerkBarbarian03_Babylon	8	0	10000000	=	AND	Subject	WornHasKeyword	ArmorTypePower [KYWD:0004D8A1]	00 00 00 00		0.000000	0	Subject.WornHasKeyword(ArmorTypePower [KYWD:0004D8A1], 00 00 00 00) = 0.000000 AND
00460637	zzz_AbPerkBarbarian03_Babylon	8	1	10000000	=	AND	Subject	GetValue	Strength "Strength" [AVIF:000002C2]	00 00 00 00		9.000000	0	Subject.GetValue(Strength "Strength" [AVIF:000002C2], 00 00 00 00) = 9.000000 AND
00460637	zzz_AbPerkBarbarian03_Babylon	9	0	10000000	=	AND	Subject	WornHasKeyword	ArmorTypePower [KYWD:0004D8A1]	00 00 00 00		0.000000	0	Subject.WornHasKeyword(ArmorTypePower [KYWD:0004D8A1], 00 00 00 00) = 0.000000 AND
00460637	zzz_AbPerkBarbarian03_Babylon	9	1	10000000	=	AND	Subject	GetValue	Strength "Strength" [AVIF:000002C2]	00 00 00 00		10.000000	0	Subject.GetValue(Strength "Strength" [AVIF:000002C2], 00 00 00 00) = 10.000000 AND
00460637	zzz_AbPerkBarbarian03_Babylon	10	0	10000000	=	AND	Subject	WornHasKeyword	ArmorTypePower [KYWD:0004D8A1]	00 00 00 00		0.000000	0	Subject.WornHasKeyword(ArmorTypePower [KYWD:0004D8A1], 00 00 00 00) = 0.000000 AND
00460637	zzz_AbPerkBarbarian03_Babylon	10	1	10000000	=	AND	Subject	GetValue	Strength "Strength" [AVIF:000002C2]	00 00 00 00		11.000000	0	Subject.GetValue(Strength "Strength" [AVIF:000002C2], 00 00 00 00) = 11.000000 AND
00460637	zzz_AbPerkBarbarian03_Babylon	11	0	10000000	=	AND	Subject	WornHasKeyword	ArmorTypePower [KYWD:0004D8A1]	00 00 00 00		0.000000	0	Subject.WornHasKeyword(ArmorTypePower [KYWD:0004D8A1], 00 00 00 00) = 0.000000 AND
00460637	zzz_AbPerkBarbarian03_Babylon	11	1	10000000	=	AND	Subject	GetValue	Strength "Strength" [AVIF:000002C2]	00 00 00 00		12.000000	0	Subject.GetValue(Strength "Strength" [AVIF:000002C2], 00 00 00 00) = 12.000000 AND
00460637	zzz_AbPerkBarbarian03_Babylon	12	0	10000000	=	AND	Subject	WornHasKeyword	ArmorTypePower [KYWD:0004D8A1]	00 00 00 00		0.000000	0	Subject.WornHasKeyword(ArmorTypePower [KYWD:0004D8A1], 00 00 00 00) = 0.000000 AND
00460637	zzz_AbPerkBarbarian03_Babylon	12	1	10000000	=	AND	Subject	GetValue	Strength "Strength" [AVIF:000002C2]	00 00 00 00		13.000000	0	Subject.GetValue(Strength "Strength" [AVIF:000002C2], 00 00 00 00) = 13.000000 AND
00460637	zzz_AbPerkBarbarian03_Babylon	13	0	10000000	=	AND	Subject	WornHasKeyword	ArmorTypePower [KYWD:0004D8A1]	00 00 00 00		0.000000	0	Subject.WornHasKeyword(ArmorTypePower [KYWD:0004D8A1], 00 00 00 00) = 0.000000 AND
00460637	zzz_AbPerkBarbarian03_Babylon	13	1	10000000	=	AND	Subject	GetValue	Strength "Strength" [AVIF:000002C2]	00 00 00 00		14.000000	0	Subject.GetValue(Strength "Strength" [AVIF:000002C2], 00 00 00 00) = 14.000000 AND
00460637	zzz_AbPerkBarbarian03_Babylon	14	0	10000000	=	AND	Subject	WornHasKeyword	ArmorTypePower [KYWD:0004D8A1]	00 00 00 00		0.000000	0	Subject.WornHasKeyword(ArmorTypePower [KYWD:0004D8A1], 00 00 00 00) = 0.000000 AND
00460637	zzz_AbPerkBarbarian03_Babylon	14	1	10000000	=	AND	Subject	GetValue	Strength "Strength" [AVIF:000002C2]	00 00 00 00		15.000000	0	Subject.GetValue(Strength "Strength" [AVIF:000002C2], 00 00 00 00) = 15.000000 AND
00464891	zzz_AbPerkEvasive3_Babylon	0	0	10000000	=	AND	Subject	WornHasKeyword	ArmorTypePower [KYWD:0004D8A1]	00 00 00 00		0.000000	0	Subject.WornHasKeyword(ArmorTypePower [KYWD:0004D8A1], 00 00 00 00) = 0.000000 AND
00464891	zzz_AbPerkEvasive3_Babylon	0	1	10000000	=	AND	Subject	GetValue	Agility "Agility" [AVIF:000002C7]	00 00 00 00		1.000000	0	Subject.GetValue(Agility "Agility" [AVIF:000002C7], 00 00 00 00) = 1.000000 AND
00464891	zzz_AbPerkEvasive3_Babylon	1	0	10000000	=	AND	Subject	WornHasKeyword	ArmorTypePower [KYWD:0004D8A1]	00 00 00 00		0.000000	0	Subject.WornHasKeyword(ArmorTypePower [KYWD:0004D8A1], 00 00 00 00) = 0.000000 AND
00464891	zzz_AbPerkEvasive3_Babylon	1	1	10000000	=	AND	Subject	GetValue	Agility "Agility" [AVIF:000002C7]	00 00 00 00		1.000000	0	Subject.GetValue(Agility "Agility" [AVIF:000002C7], 00 00 00 00) = 1.000000 AND
00464891	zzz_AbPerkEvasive3_Babylon	2	0	10000000	=	AND	Subject	WornHasKeyword	ArmorTypePower [KYWD:0004D8A1]	00 00 00 00		0.000000	0	Subject.WornHasKeyword(ArmorTypePower [KYWD:0004D8A1], 00 00 00 00) = 0.000000 AND
00464891	zzz_AbPerkEvasive3_Babylon	2	1	10000000	=	AND	Subject	GetValue	Agility "Agility" [AVIF:000002C7]	00 00 00 00		2.000000	0	Subject.GetValue(Agility "Agility" [AVIF:000002C7], 00 00 00 00) = 2.000000 AND
00464891	zzz_AbPerkEvasive3_Babylon	3	0	10000000	=	AND	Subject	WornHasKeyword	ArmorTypePower [KYWD:0004D8A1]	00 00 00 00		0.000000	0	Subject.WornHasKeyword(ArmorTypePower [KYWD:0004D8A1], 00 00 00 00) = 0.000000 AND
00464891	zzz_AbPerkEvasive3_Babylon	3	1	10000000	=	AND	Subject	GetValue	Agility "Agility" [AVIF:000002C7]	00 00 00 00		2.000000	0	Subject.GetValue(Agility "Agility" [AVIF:000002C7], 00 00 00 00) = 2.000000 AND
00464891	zzz_AbPerkEvasive3_Babylon	4	0	10000000	=	AND	Subject	WornHasKeyword	ArmorTypePower [KYWD:0004D8A1]	00 00 00 00		0.000000	0	Subject.WornHasKeyword(ArmorTypePower [KYWD:0004D8A1], 00 00 00 00) = 0.000000 AND
00464891	zzz_AbPerkEvasive3_Babylon	4	1	10000000	=	AND	Subject	GetValue	Agility "Agility" [AVIF:000002C7]	00 00 00 00		3.000000	0	Subject.GetValue(Agility "Agility" [AVIF:000002C7], 00 00 00 00) = 3.000000 AND
00464891	zzz_AbPerkEvasive3_Babylon	5	0	10000000	=	AND	Subject	WornHasKeyword	ArmorTypePower [KYWD:0004D8A1]	00 00 00 00		0.000000	0	Subject.WornHasKeyword(ArmorTypePower [KYWD:0004D8A1], 00 00 00 00) = 0.000000 AND
00464891	zzz_AbPerkEvasive3_Babylon	5	1	10000000	=	AND	Subject	GetValue	Agility "Agility" [AVIF:000002C7]	00 00 00 00		3.000000	0	Subject.GetValue(Agility "Agility" [AVIF:000002C7], 00 00 00 00) = 3.000000 AND
00464891	zzz_AbPerkEvasive3_Babylon	6	0	10000000	=	AND	Subject	WornHasKeyword	ArmorTypePower [KYWD:0004D8A1]	00 00 00 00		0.000000	0	Subject.WornHasKeyword(ArmorTypePower [KYWD:0004D8A1], 00 00 00 00) = 0.000000 AND
00464891	zzz_AbPerkEvasive3_Babylon	6	1	10000000	=	AND	Subject	GetValue	Agility "Agility" [AVIF:000002C7]	00 00 00 00		4.000000	0	Subject.GetValue(Agility "Agility" [AVIF:000002C7], 00 00 00 00) = 4.000000 AND
00464891	zzz_AbPerkEvasive3_Babylon	7	0	10000000	=	AND	Subject	WornHasKeyword	ArmorTypePower [KYWD:0004D8A1]	00 00 00 00		0.000000	0	Subject.WornHasKeyword(ArmorTypePower [KYWD:0004D8A1], 00 00 00 00) = 0.000000 AND
00464891	zzz_AbPerkEvasive3_Babylon	7	1	10000000	=	AND	Subject	GetValue	Agility "Agility" [AVIF:000002C7]	00 00 00 00		4.000000	0	Subject.GetValue(Agility "Agility" [AVIF:000002C7], 00 00 00 00) = 4.000000 AND
00464891	zzz_AbPerkEvasive3_Babylon	8	0	10000000	=	AND	Subject	WornHasKeyword	ArmorTypePower [KYWD:0004D8A1]	00 00 00 00		0.000000	0	Subject.WornHasKeyword(ArmorTypePower [KYWD:0004D8A1], 00 00 00 00) = 0.000000 AND
00464891	zzz_AbPerkEvasive3_Babylon	8	1	10000000	=	AND	Subject	GetValue	Agility "Agility" [AVIF:000002C7]	00 00 00 00		5.000000	0	Subject.GetValue(Agility "Agility" [AVIF:000002C7], 00 00 00 00) = 5.000000 AND
00464891	zzz_AbPerkEvasive3_Babylon	9	0	10000000	=	AND	Subject	WornHasKeyword	ArmorTypePower [KYWD:0004D8A1]	00 00 00 00		0.000000	0	Subject.WornHasKeyword(ArmorTypePower [KYWD:0004D8A1], 00 00 00 00) = 0.000000 AND
00464891	zzz_AbPerkEvasive3_Babylon	9	1	10000000	=	AND	Subject	GetValue	Agility "Agility" [AVIF:000002C7]	00 00 00 00		5.000000	0	Subject.GetValue(Agility "Agility" [AVIF:000002C7], 00 00 00 00) = 5.000000 AND
00464891	zzz_AbPerkEvasive3_Babylon	10	0	10000000	=	AND	Subject	WornHasKeyword	ArmorTypePower [KYWD:0004D8A1]	00 00 00 00		0.000000	0	Subject.WornHasKeyword(ArmorTypePower [KYWD:0004D8A1], 00 00 00 00) = 0.000000 AND
00464891	zzz_AbPerkEvasive3_Babylon	10	1	10000000	=	AND	Subject	GetValue	Agility "Agility" [AVIF:000002C7]	00 00 00 00		6.000000	0	Subject.GetValue(Agility "Agility" [AVIF:000002C7], 00 00 00 00) = 6.000000 AND
00464891	zzz_AbPerkEvasive3_Babylon	11	0	10000000	=	AND	Subject	WornHasKeyword	ArmorTypePower [KYWD:0004D8A1]	00 00 00 00		0.000000	0	Subject.WornHasKeyword(ArmorTypePower [KYWD:0004D8A1], 00 00 00 00) = 0.000000 AND
00464891	zzz_AbPerkEvasive3_Babylon	11	1	10000000	=	AND	Subject	GetValue	Agility "Agility" [AVIF:000002C7]	00 00 00 00		6.000000	0	Subject.GetValue(Agility "Agility" [AVIF:000002C7], 00 00 00 00) = 6.000000 AND
00464891	zzz_AbPerkEvasive3_Babylon	12	0	10000000	=	AND	Subject	WornHasKeyword	ArmorTypePower [KYWD:0004D8A1]	00 00 00 00		0.000000	0	Subject.WornHasKeyword(ArmorTypePower [KYWD:0004D8A1], 00 00 00 00) = 0.000000 AND
00464891	zzz_AbPerkEvasive3_Babylon	12	1	10000000	=	AND	Subject	GetValue	Agility "Agility" [AVIF:000002C7]	00 00 00 00		7.000000	0	Subject.GetValue(Agility "Agility" [AVIF:000002C7], 00 00 00 00) = 7.000000 AND
00464891	zzz_AbPerkEvasive3_Babylon	13	0	10000000	=	AND	Subject	WornHasKeyword	ArmorTypePower [KYWD:0004D8A1]	00 00 00 00		0.000000	0	Subject.WornHasKeyword(ArmorTypePower [KYWD:0004D8A1], 00 00 00 00) = 0.000000 AND
00464891	zzz_AbPerkEvasive3_Babylon	13	1	10000000	=	AND	Subject	GetValue	Agility "Agility" [AVIF:000002C7]	00 00 00 00		7.000000	0	Subject.GetValue(Agility "Agility" [AVIF:000002C7], 00 00 00 00) = 7.000000 AND
00464891	zzz_AbPerkEvasive3_Babylon	14	0	10000000	=	AND	Subject	WornHasKeyword	ArmorTypePower [KYWD:0004D8A1]	00 00 00 00		0.000000	0	Subject.WornHasKeyword(ArmorTypePower [KYWD:0004D8A1], 00 00 00 00) = 0.000000 AND
00464891	zzz_AbPerkEvasive3_Babylon	14	1	10000000	=	AND	Subject	GetValue	Agility "Agility" [AVIF:000002C7]	00 00 00 00		8.000000	0	Subject.GetValue(Agility "Agility" [AVIF:000002C7], 00 00 00 00) = 8.000000 AND
00464891	zzz_AbPerkEvasive3_Babylon	15	0	10000000	=	AND	Subject	WornHasKeyword	ArmorTypePower [KYWD:0004D8A1]	00 00 00 00		0.000000	0	Subject.WornHasKeyword(ArmorTypePower [KYWD:0004D8A1], 00 00 00 00) = 0.000000 AND
00464891	zzz_AbPerkEvasive3_Babylon	15	1	10000000	=	AND	Subject	GetValue	Agility "Agility" [AVIF:000002C7]	00 00 00 00		8.000000	0	Subject.GetValue(Agility "Agility" [AVIF:000002C7], 00 00 00 00) = 8.000000 AND
00464891	zzz_AbPerkEvasive3_Babylon	16	0	10000000	=	AND	Subject	WornHasKeyword	ArmorTypePower [KYWD:0004D8A1]	00 00 00 00		0.000000	0	Subject.WornHasKeyword(ArmorTypePower [KYWD:0004D8A1], 00 00 00 00) = 0.000000 AND
00464891	zzz_AbPerkEvasive3_Babylon	16	1	10000000	=	AND	Subject	GetValue	Agility "Agility" [AVIF:000002C7]	00 00 00 00		9.000000	0	Subject.GetValue(Agility "Agility" [AVIF:000002C7], 00 00 00 00) = 9.000000 AND
00464891	zzz_AbPerkEvasive3_Babylon	17	0	10000000	=	AND	Subject	WornHasKeyword	ArmorTypePower [KYWD:0004D8A1]	00 00 00 00		0.000000	0	Subject.WornHasKeyword(ArmorTypePower [KYWD:0004D8A1], 00 00 00 00) = 0.000000 AND
00464891	zzz_AbPerkEvasive3_Babylon	17	1	10000000	=	AND	Subject	GetValue	Agility "Agility" [AVIF:000002C7]	00 00 00 00		9.000000	0	Subject.GetValue(Agility "Agility" [AVIF:000002C7], 00 00 00 00) = 9.000000 AND
00464891	zzz_AbPerkEvasive3_Babylon	18	0	10000000	=	AND	Subject	WornHasKeyword	ArmorTypePower [KYWD:0004D8A1]	00 00 00 00		0.000000	0	Subject.WornHasKeyword(ArmorTypePower [KYWD:0004D8A1], 00 00 00 00) = 0.000000 AND
00464891	zzz_AbPerkEvasive3_Babylon	18	1	10000000	=	AND	Subject	GetValue	Agility "Agility" [AVIF:000002C7]	00 00 00 00		10.000000	0	Subject.GetValue(Agility "Agility" [AVIF:000002C7], 00 00 00 00) = 10.000000 AND
00464891	zzz_AbPerkEvasive3_Babylon	19	0	10000000	=	AND	Subject	WornHasKeyword	ArmorTypePower [KYWD:0004D8A1]	00 00 00 00		0.000000	0	Subject.WornHasKeyword(ArmorTypePower [KYWD:0004D8A1], 00 00 00 00) = 0.000000 AND
00464891	zzz_AbPerkEvasive3_Babylon	19	1	10000000	=	AND	Subject	GetValue	Agility "Agility" [AVIF:000002C7]	00 00 00 00		10.000000	0	Subject.GetValue(Agility "Agility" [AVIF:000002C7], 00 00 00 00) = 10.000000 AND
00464891	zzz_AbPerkEvasive3_Babylon	20	0	10000000	=	AND	Subject	WornHasKeyword	ArmorTypePower [KYWD:0004D8A1]	00 00 00 00		0.000000	0	Subject.WornHasKeyword(ArmorTypePower [KYWD:0004D8A1], 00 00 00 00) = 0.000000 AND
00464891	zzz_AbPerkEvasive3_Babylon	20	1	10000000	=	AND	Subject	GetValue	Agility "Agility" [AVIF:000002C7]	00 00 00 00		11.000000	0	Subject.GetValue(Agility "Agility" [AVIF:000002C7], 00 00 00 00) = 11.000000 AND
00464891	zzz_AbPerkEvasive3_Babylon	21	0	10000000	=	AND	Subject	WornHasKeyword	ArmorTypePower [KYWD:0004D8A1]	00 00 00 00		0.000000	0	Subject.WornHasKeyword(ArmorTypePower [KYWD:0004D8A1], 00 00 00 00) = 0.000000 AND
00464891	zzz_AbPerkEvasive3_Babylon	21	1	10000000	=	AND	Subject	GetValue	Agility "Agility" [AVIF:000002C7]	00 00 00 00		11.000000	0	Subject.GetValue(Agility "Agility" [AVIF:000002C7], 00 00 00 00) = 11.000000 AND
00464891	zzz_AbPerkEvasive3_Babylon	22	0	10000000	=	AND	Subject	WornHasKeyword	ArmorTypePower [KYWD:0004D8A1]	00 00 00 00		0.000000	0	Subject.WornHasKeyword(ArmorTypePower [KYWD:0004D8A1], 00 00 00 00) = 0.000000 AND
00464891	zzz_AbPerkEvasive3_Babylon	22	1	10000000	=	AND	Subject	GetValue	Agility "Agility" [AVIF:000002C7]	00 00 00 00		12.000000	0	Subject.GetValue(Agility "Agility" [AVIF:000002C7], 00 00 00 00) = 12.000000 AND
00464891	zzz_AbPerkEvasive3_Babylon	23	0	10000000	=	AND	Subject	WornHasKeyword	ArmorTypePower [KYWD:0004D8A1]	00 00 00 00		0.000000	0	Subject.WornHasKeyword(ArmorTypePower [KYWD:0004D8A1], 00 00 00 00) = 0.000000 AND
00464891	zzz_AbPerkEvasive3_Babylon	23	1	10000000	=	AND	Subject	GetValue	Agility "Agility" [AVIF:000002C7]	00 00 00 00		12.000000	0	Subject.GetValue(Agility "Agility" [AVIF:000002C7], 00 00 00 00) = 12.000000 AND
00464891	zzz_AbPerkEvasive3_Babylon	24	0	10000000	=	AND	Subject	WornHasKeyword	ArmorTypePower [KYWD:0004D8A1]	00 00 00 00		0.000000	0	Subject.WornHasKeyword(ArmorTypePower [KYWD:0004D8A1], 00 00 00 00) = 0.000000 AND
00464891	zzz_AbPerkEvasive3_Babylon	24	1	10000000	=	AND	Subject	GetValue	Agility "Agility" [AVIF:000002C7]	00 00 00 00		13.000000	0	Subject.GetValue(Agility "Agility" [AVIF:000002C7], 00 00 00 00) = 13.000000 AND
00464891	zzz_AbPerkEvasive3_Babylon	25	0	10000000	=	AND	Subject	WornHasKeyword	ArmorTypePower [KYWD:0004D8A1]	00 00 00 00		0.000000	0	Subject.WornHasKeyword(ArmorTypePower [KYWD:0004D8A1], 00 00 00 00) = 0.000000 AND
00464891	zzz_AbPerkEvasive3_Babylon	25	1	10000000	=	AND	Subject	GetValue	Agility "Agility" [AVIF:000002C7]	00 00 00 00		13.000000	0	Subject.GetValue(Agility "Agility" [AVIF:000002C7], 00 00 00 00) = 13.000000 AND
00464891	zzz_AbPerkEvasive3_Babylon	26	0	10000000	=	AND	Subject	WornHasKeyword	ArmorTypePower [KYWD:0004D8A1]	00 00 00 00		0.000000	0	Subject.WornHasKeyword(ArmorTypePower [KYWD:0004D8A1], 00 00 00 00) = 0.000000 AND
00464891	zzz_AbPerkEvasive3_Babylon	26	1	10000000	=	AND	Subject	GetValue	Agility "Agility" [AVIF:000002C7]	00 00 00 00		14.000000	0	Subject.GetValue(Agility "Agility" [AVIF:000002C7], 00 00 00 00) = 14.000000 AND
00464891	zzz_AbPerkEvasive3_Babylon	27	0	10000000	=	AND	Subject	WornHasKeyword	ArmorTypePower [KYWD:0004D8A1]	00 00 00 00		0.000000	0	Subject.WornHasKeyword(ArmorTypePower [KYWD:0004D8A1], 00 00 00 00) = 0.000000 AND
00464891	zzz_AbPerkEvasive3_Babylon	27	1	10000000	=	AND	Subject	GetValue	Agility "Agility" [AVIF:000002C7]	00 00 00 00		14.000000	0	Subject.GetValue(Agility "Agility" [AVIF:000002C7], 00 00 00 00) = 14.000000 AND
00464891	zzz_AbPerkEvasive3_Babylon	28	0	10000000	=	AND	Subject	WornHasKeyword	ArmorTypePower [KYWD:0004D8A1]	00 00 00 00		0.000000	0	Subject.WornHasKeyword(ArmorTypePower [KYWD:0004D8A1], 00 00 00 00) = 0.000000 AND
00464891	zzz_AbPerkEvasive3_Babylon	28	1	10000000	=	AND	Subject	GetValue	Agility "Agility" [AVIF:000002C7]	00 00 00 00		15.000000	0	Subject.GetValue(Agility "Agility" [AVIF:000002C7], 00 00 00 00) = 15.000000 AND
00464891	zzz_AbPerkEvasive3_Babylon	29	0	10000000	=	AND	Subject	WornHasKeyword	ArmorTypePower [KYWD:0004D8A1]	00 00 00 00		0.000000	0	Subject.WornHasKeyword(ArmorTypePower [KYWD:0004D8A1], 00 00 00 00) = 0.000000 AND
00464891	zzz_AbPerkEvasive3_Babylon	29	1	10000000	=	AND	Subject	GetValue	Agility "Agility" [AVIF:000002C7]	00 00 00 00		15.000000	0	Subject.GetValue(Agility "Agility" [AVIF:000002C7], 00 00 00 00) = 15.000000 AND
0046C57F	zzz_AbPerkBodyguards04_Babylon	0	0	10000000	=	AND	Subject	GetPlayerTeammateCount	00 00 00 00	00 00 00 00		1.000000	0	Subject.GetPlayerTeammateCount(00 00 00 00, 00 00 00 00) = 1.000000 AND
0046C57F	zzz_AbPerkBodyguards04_Babylon	1	0	10000000	=	AND	Subject	GetPlayerTeammateCount	00 00 00 00	00 00 00 00		1.000000	0	Subject.GetPlayerTeammateCount(00 00 00 00, 00 00 00 00) = 1.000000 AND
0046C57F	zzz_AbPerkBodyguards04_Babylon	2	0	10000000	=	AND	Subject	GetPlayerTeammateCount	00 00 00 00	00 00 00 00		2.000000	0	Subject.GetPlayerTeammateCount(00 00 00 00, 00 00 00 00) = 2.000000 AND
0046C57F	zzz_AbPerkBodyguards04_Babylon	3	0	10000000	=	AND	Subject	GetPlayerTeammateCount	00 00 00 00	00 00 00 00		2.000000	0	Subject.GetPlayerTeammateCount(00 00 00 00, 00 00 00 00) = 2.000000 AND
0046C57F	zzz_AbPerkBodyguards04_Babylon	4	0	10000000	=	AND	Subject	GetPlayerTeammateCount	00 00 00 00	00 00 00 00		3.000000	0	Subject.GetPlayerTeammateCount(00 00 00 00, 00 00 00 00) = 3.000000 AND
0046C57F	zzz_AbPerkBodyguards04_Babylon	5	0	10000000	=	AND	Subject	GetPlayerTeammateCount	00 00 00 00	00 00 00 00		3.000000	0	Subject.GetPlayerTeammateCount(00 00 00 00, 00 00 00 00) = 3.000000 AND
0046C580	zzz_AbPerkMagneticPersonality2_Babylon	0	0	10000000	=	AND	Subject	GetPlayerTeammateCount	00 00 00 00	00 00 00 00		1.000000	0	Subject.GetPlayerTeammateCount(00 00 00 00, 00 00 00 00) = 1.000000 AND
0046C580	zzz_AbPerkMagneticPersonality2_Babylon	1	0	10000000	=	AND	Subject	GetPlayerTeammateCount	00 00 00 00	00 00 00 00		2.000000	0	Subject.GetPlayerTeammateCount(00 00 00 00, 00 00 00 00) = 2.000000 AND
0046C580	zzz_AbPerkMagneticPersonality2_Babylon	2	0	10000000	=	AND	Subject	GetPlayerTeammateCount	00 00 00 00	00 00 00 00		3.000000	0	Subject.GetPlayerTeammateCount(00 00 00 00, 00 00 00 00) = 3.000000 AND
0046C7F4	zzz_AbPerkMovingTarget3_Babylon	0	0	10000000	=	AND	Subject	WornHasKeyword	ArmorTypePower [KYWD:0004D8A1]	00 00 00 00		0.000000	0	Subject.WornHasKeyword(ArmorTypePower [KYWD:0004D8A1], 00 00 00 00) = 0.000000 AND
0046C7F4	zzz_AbPerkMovingTarget3_Babylon	0	1	10000000	=	AND	Subject	IsSprinting	00 00 00 00	00 00 00 00		1.000000	0	Subject.IsSprinting(00 00 00 00, 00 00 00 00) = 1.000000 AND
0046C7F4	zzz_AbPerkMovingTarget3_Babylon	1	0	10000000	=	AND	Subject	WornHasKeyword	ArmorTypePower [KYWD:0004D8A1]	00 00 00 00		0.000000	0	Subject.WornHasKeyword(ArmorTypePower [KYWD:0004D8A1], 00 00 00 00) = 0.000000 AND
0046C7F4	zzz_AbPerkMovingTarget3_Babylon	1	1	10000000	=	AND	Subject	IsSprinting	00 00 00 00	00 00 00 00		1.000000	0	Subject.IsSprinting(00 00 00 00, 00 00 00 00) = 1.000000 AND
003F45F5	zzz_AbPerkClubber_Babylon	0	0	10000000	=	AND	Subject	HasPerk	zzz_Babylon_Clubber01 "Clubber" [PERK:003F45F4]	00 00 00 00		1.000000	0	Subject.HasPerk(zzz_Babylon_Clubber01 "Clubber" [PERK:003F45F4], 00 00 00 00) = 1.000000 AND
003F45F5	zzz_AbPerkClubber_Babylon	1	0	10000000	=	AND	Subject	HasPerk	zzz_Babylon_Clubber01 "Clubber" [PERK:003F45F4]	00 00 00 00		1.000000	0	Subject.HasPerk(zzz_Babylon_Clubber01 "Clubber" [PERK:003F45F4], 00 00 00 00) = 1.000000 AND
003F45F1	zzz_AbPerkCowboy_Babylon	0	0	10000000	=	AND	Subject	HasPerk	zzz_Babylon_Cowboy01 "Cowboy" [PERK:003F45F2]	00 00 00 00		1.000000	0	Subject.HasPerk(zzz_Babylon_Cowboy01 "Cowboy" [PERK:003F45F2], 00 00 00 00) = 1.000000 AND
003F45EE	zzz_AbPerkWalkingArsenal_Babylon	0	0	10000000	=	AND	Subject	HasPerk	zzz_Babylon_WalkingArsenal01 "Walking Arsenal" [PERK:003F45F0]	00 00 00 00		1.000000	0	Subject.HasPerk(zzz_Babylon_WalkingArsenal01 "Walking Arsenal" [PERK:003F45F0], 00 00 00 00) = 1.000000 AND
003F5340	zzz_Babylon_RadStormSpell	0	0	10000000	=	AND	Subject	HasPerk	ImmuneToRadiation [PERK:000A2775]	00 00 00 00		0.000000	0	Subject.HasPerk(ImmuneToRadiation [PERK:000A2775], 00 00 00 00) = 0.000000 AND
003F5340	zzz_Babylon_RadStormSpell	0	1	10000000	=	AND	Subject	IsInInterior	00 00 00 00	00 00 00 00		0.000000	0	Subject.IsInInterior(00 00 00 00, 00 00 00 00) = 0.000000 AND
003F5340	zzz_Babylon_RadStormSpell	0	2	10010000	=	OR	Subject	GetIsCurrentWeather	NewWeatherRadstorm [WTHR:002DB891]	ForestObjectRegion [REGN:0001746B]		1.000000	0	Subject.GetIsCurrentWeather(NewWeatherRadstorm [WTHR:002DB891], ForestObjectRegion [REGN:0001746B]) = 1.000000 OR
003F5340	zzz_Babylon_RadStormSpell	0	3	10010000	=	OR	Subject	GetIsCurrentWeather	NewWeatherRadstorm [WTHR:002DB891]	CranberryObjectRegion [REGN:001C943F]		1.000000	0	Subject.GetIsCurrentWeather(NewWeatherRadstorm [WTHR:002DB891], CranberryObjectRegion [REGN:001C943F]) = 1.000000 OR
003F5340	zzz_Babylon_RadStormSpell	0	4	10010000	=	OR	Subject	GetIsCurrentWeather	NewWeatherRadstorm [WTHR:002DB891]	SwampObjectRegion [REGN:0020CFF8]		1.000000	0	Subject.GetIsCurrentWeather(NewWeatherRadstorm [WTHR:002DB891], SwampObjectRegion [REGN:0020CFF8]) = 1.000000 OR
003F5340	zzz_Babylon_RadStormSpell	0	5	10010000	=	OR	Subject	GetIsCurrentWeather	NewWeatherRadstorm [WTHR:002DB891]	FloodObjectRegion [REGN:0001C74D]		1.000000	0	Subject.GetIsCurrentWeather(NewWeatherRadstorm [WTHR:002DB891], FloodObjectRegion [REGN:0001C74D]) = 1.000000 OR
003F5340	zzz_Babylon_RadStormSpell	0	6	10010000	=	OR	Subject	GetIsCurrentWeather	NewWeatherRadstorm [WTHR:002DB891]	MountainObjectRegion [REGN:0012DFF1]		1.000000	0	Subject.GetIsCurrentWeather(NewWeatherRadstorm [WTHR:002DB891], MountainObjectRegion [REGN:0012DFF1]) = 1.000000 OR
003F5340	zzz_Babylon_RadStormSpell	0	7	10010000	=	OR	Subject	GetIsCurrentWeather	NewWeatherRadstorm [WTHR:002DB891]	ToxicObjectRegion [REGN:001E7B77]		1.000000	0	Subject.GetIsCurrentWeather(NewWeatherRadstorm [WTHR:002DB891], ToxicObjectRegion [REGN:001E7B77]) = 1.000000 OR
003F5340	zzz_Babylon_RadStormSpell	0	8	10010000	=	OR	Subject	GetIsCurrentWeather	NewWeatherRadstorm [WTHR:002DB891]	MtnRemovalObjectRegion [REGN:000724E6]		1.000000	0	Subject.GetIsCurrentWeather(NewWeatherRadstorm [WTHR:002DB891], MtnRemovalObjectRegion [REGN:000724E6]) = 1.000000 OR
003F5E93	zzz_AbPerkMeleeDamageIncrease_Babylon	0	0	10000000	=	AND	Subject	HasPerk	zzz_Babylon_GrenadeArcPerk "Visible Grenade Trails" [PERK:00481FDB]	00 00 00 00		1.000000	0	Subject.HasPerk(zzz_Babylon_GrenadeArcPerk "Visible Grenade Trails" [PERK:00481FDB], 00 00 00 00) = 1.000000 AND
003F6CC8	zzz_AbPerkRunForYourKnife_Babylon	0	0	10010000	=	OR	Subject	WornHasKeyword	WeaponTypeMelee1H "1-Hand Melee" [KYWD:0004A0A4]	00 00 00 00		1.000000	0	Subject.WornHasKeyword(WeaponTypeMelee1H "1-Hand Melee" [KYWD:0004A0A4], 00 00 00 00) = 1.000000 OR
003F6CC8	zzz_AbPerkRunForYourKnife_Babylon	0	1	10010000	=	OR	Subject	WornHasKeyword	WeaponTypeMelee2H "2-Hand Melee" [KYWD:0004A0A5]	00 00 00 00		1.000000	0	Subject.WornHasKeyword(WeaponTypeMelee2H "2-Hand Melee" [KYWD:0004A0A5], 00 00 00 00) = 1.000000 OR
004265D2	zzz_AbPerkDemolitionCamps_Babylon	0	0	10010000	=	OR	Subject	HasLinkedRef	NuclearWinterWorkshopKeyword [KYWD:0038207A]	00 00 00 00		1.000000	0	Subject.HasLinkedRef(NuclearWinterWorkshopKeyword [KYWD:0038207A], 00 00 00 00) = 1.000000 OR
004265D2	zzz_AbPerkDemolitionCamps_Babylon	0	1	10010000	=	OR	Subject	HasLinkedRef	WorkshopItemKeyword [KYWD:00054BA6]	00 00 00 00		1.000000	0	Subject.HasLinkedRef(WorkshopItemKeyword [KYWD:00054BA6], 00 00 00 00) = 1.000000 OR
0054AFA0	zzz_PerkOverlyGenerousRadDamage_Babylon	0	0	10000000	=	AND	Target	HasPerk	zzz_Babylon_OverlyGenerous02 "Overly Generous" [PERK:00479B4A]	00 00 00 00		1.000000	0	Target.HasPerk(zzz_Babylon_OverlyGenerous02 "Overly Generous" [PERK:00479B4A], 00 00 00 00) = 1.000000 AND
0054AFA9	zzz_AbPerkGroundPounder_Babylon	0	0	10000000	=	AND	Subject	WornHasKeyword	WeaponTypeRifle "Rifle" [KYWD:0004A0A1]	00 00 00 00		1.000000	0	Subject.WornHasKeyword(WeaponTypeRifle "Rifle" [KYWD:0004A0A1], 00 00 00 00) = 1.000000 AND
0054AFA9	zzz_AbPerkGroundPounder_Babylon	0	1	10000000	=	AND	Subject	WornHasKeyword	WeaponTypeHeavyGun "Big Gun" [KYWD:0004A0A3]	00 00 00 00		0.000000	0	Subject.WornHasKeyword(WeaponTypeHeavyGun "Big Gun" [KYWD:0004A0A3], 00 00 00 00) = 0.000000 AND
0054AFA9	zzz_AbPerkGroundPounder_Babylon	0	2	10000000	=	AND	Subject	WornHasKeyword	WeaponTypeShotgun "Shotgun" [KYWD:00226454]	00 00 00 00		0.000000	0	Subject.WornHasKeyword(WeaponTypeShotgun "Shotgun" [KYWD:00226454], 00 00 00 00) = 0.000000 AND
0054AFA9	zzz_AbPerkGroundPounder_Babylon	0	3	10000000	=	AND	Subject	HasPerk	zzz_Babylon_GroundPounder03 "Ground Pounder" [PERK:00479B37]	00 00 00 00		1.000000	0	Subject.HasPerk(zzz_Babylon_GroundPounder03 "Ground Pounder" [PERK:00479B37], 00 00 00 00) = 1.000000 AND
0054AFAA	zzz_AbPerkDeadManSprinting_Babylon	0	0	10000000	=	AND	Subject	HasPerk	zzz_Babylon_DeadManSprinting02 "Dead Man Sprinting" [PERK:00479B2C]	00 00 00 00		1.000000	0	Subject.HasPerk(zzz_Babylon_DeadManSprinting02 "Dead Man Sprinting" [PERK:00479B2C], 00 00 00 00) = 1.000000 AND
0054AFAA	zzz_AbPerkDeadManSprinting_Babylon	0	1	10000000	=	AND	Subject	IsSprinting	00 00 00 00	00 00 00 00		1.000000	0	Subject.IsSprinting(00 00 00 00, 00 00 00 00) = 1.000000 AND
0054AFAA	zzz_AbPerkDeadManSprinting_Babylon	0	2	10100000	<=	AND	Subject	GetHealthPercentage	00 00 00 00	00 00 00 00		0.500000	0	Subject.GetHealthPercentage(00 00 00 00, 00 00 00 00) <= 0.500000 AND
0040E613	V94_WaterRadiationHighHazard	0	0	10000000	=	AND	Subject	GetInFaction	CurrentCompanionFaction [FACT:00023C01]	00 00 00 00		0.000000	0	Subject.GetInFaction(CurrentCompanionFaction [FACT:00023C01], 00 00 00 00) = 0.000000 AND
0040E613	V94_WaterRadiationHighHazard	0	1	10000000	=	AND	Subject	HasPerk	Aquaboy01 "Aquaboy" [PERK:000E36F9]	00 00 00 00		0.000000	0	Subject.HasPerk(Aquaboy01 "Aquaboy" [PERK:000E36F9], 00 00 00 00) = 0.000000 AND
0040E613	V94_WaterRadiationHighHazard	0	2	10000000	=	AND	Subject	HasPerk	Aquagirl01 "Aquagirl" [PERK:000E9453]	00 00 00 00		0.000000	0	Subject.HasPerk(Aquagirl01 "Aquagirl" [PERK:000E9453], 00 00 00 00) = 0.000000 AND
0041FEC5	V94_RadiationHazardGECKSpell	0	0	11000000	>=	AND	Subject	GetValue	V94_2_RadiationLevelValue [AVIF:003F7FDD]	00 00 00 00		0.000000	0	Subject.GetValue(V94_2_RadiationLevelValue [AVIF:003F7FDD], 00 00 00 00) >= 0.000000 AND
0053E997	crV96_AbHealthRegen	0	0	10000000	=	AND	Subject	IsTrueForConditionForm	crV96_SpecialCreatureCondition_HealthRegen [CNDF:00549D2C]	00 00 00 00		1.000000	0	Subject.IsTrueForConditionForm(crV96_SpecialCreatureCondition_HealthRegen [CNDF:00549D2C], 00 00 00 00) = 1.000000 AND
0053E997	crV96_AbHealthRegen	1	0	10000000	=	AND	Subject	IsTrueForConditionForm	crV96_SpecialCreatureCondition_HealthRegen [CNDF:00549D2C]	00 00 00 00		1.000000	0	Subject.IsTrueForConditionForm(crV96_SpecialCreatureCondition_HealthRegen [CNDF:00549D2C], 00 00 00 00) = 1.000000 AND
0053E997	crV96_AbHealthRegen	2	0	00000000	!=	AND	Subject	HasMagicEffect	crV96_ChameleonEffect "crV96_ChameleonEffect" [MGEF:0053E99F]	00 00 00 00		1.000000	0	Subject.HasMagicEffect(crV96_ChameleonEffect "crV96_ChameleonEffect" [MGEF:0053E99F], 00 00 00 00) != 1.000000 AND
0053E997	crV96_AbHealthRegen	2	1	10000000	=	AND	Subject	IsTrueForConditionForm	crV96_SpecialCreatureCondition_HealthRegen [CNDF:00549D2C]	00 00 00 00		1.000000	0	Subject.IsTrueForConditionForm(crV96_SpecialCreatureCondition_HealthRegen [CNDF:00549D2C], 00 00 00 00) = 1.000000 AND
0053E9A0	crV96_Flaming	0	0	00000000	!=	AND	Subject	HasActiveMagicEffect	crV96_ChameleonEffect "crV96_ChameleonEffect" [MGEF:0053E99F]	00 00 00 00		1.000000	0	Subject.HasActiveMagicEffect(crV96_ChameleonEffect "crV96_ChameleonEffect" [MGEF:0053E99F], 00 00 00 00) != 1.000000 AND
0053E9A0	crV96_Flaming	0	1	10000000	=	AND	Subject	IsTrueForConditionForm	crV96_SpecialCreatureCondition_Flaming [CNDF:00549D2A]	00 00 00 00		1.000000	0	Subject.IsTrueForConditionForm(crV96_SpecialCreatureCondition_Flaming [CNDF:00549D2A], 00 00 00 00) = 1.000000 AND
0053E99E	crV96_Chameleon	0	0	10000000	=	AND	Subject	IsTrueForConditionForm	crV96_SpecialCreatureCondition_Chameleon [CNDF:00549D27]	00 00 00 00		1.000000	0	Subject.IsTrueForConditionForm(crV96_SpecialCreatureCondition_Chameleon [CNDF:00549D27], 00 00 00 00) = 1.000000 AND
0053E998	CUT_crV96_Acid	0	0	10000000	=	AND	Subject	IsTrueForConditionForm	crV96_SpecialCreatureCondition [CNDF:0053E9AE]	00 00 00 00		1.000000	0	Subject.IsTrueForConditionForm(crV96_SpecialCreatureCondition [CNDF:0053E9AE], 00 00 00 00) = 1.000000 AND
0053E996	CUT_crV96_AbHyper	0	0	10000000	=	AND	Subject	IsTrueForConditionForm	crV96_SpecialCreatureCondition [CNDF:0053E9AE]	00 00 00 00		1.000000	0	Subject.IsTrueForConditionForm(crV96_SpecialCreatureCondition [CNDF:0053E9AE], 00 00 00 00) = 1.000000 AND
0053E996	CUT_crV96_AbHyper	1	0	10000000	=	AND	Subject	IsTrueForConditionForm	crV96_SpecialCreatureCondition [CNDF:0053E9AE]	00 00 00 00		1.000000	0	Subject.IsTrueForConditionForm(crV96_SpecialCreatureCondition [CNDF:0053E9AE], 00 00 00 00) = 1.000000 AND
0053E996	CUT_crV96_AbHyper	2	0	10000000	=	AND	Subject	IsTrueForConditionForm	crV96_SpecialCreatureCondition [CNDF:0053E9AE]	00 00 00 00		1.000000	0	Subject.IsTrueForConditionForm(crV96_SpecialCreatureCondition [CNDF:0053E9AE], 00 00 00 00) = 1.000000 AND
0053E9A9	crV96_Poison	0	0	00000000	!=	AND	Subject	HasActiveMagicEffect	crV96_ChameleonEffect "crV96_ChameleonEffect" [MGEF:0053E99F]	00 00 00 00		1.000000	0	Subject.HasActiveMagicEffect(crV96_ChameleonEffect "crV96_ChameleonEffect" [MGEF:0053E99F], 00 00 00 00) != 1.000000 AND
0053E9A9	crV96_Poison	0	1	10000000	=	AND	Subject	IsTrueForConditionForm	crV96_SpecialCreatureCondition_Poison [CNDF:00549D2D]	00 00 00 00		1.000000	0	Subject.IsTrueForConditionForm(crV96_SpecialCreatureCondition_Poison [CNDF:00549D2D], 00 00 00 00) = 1.000000 AND
0053F181	crV96_AbFlaming	0	0	00000000	!=	AND	Subject	HasMagicEffect	crV96_ChameleonEffect "crV96_ChameleonEffect" [MGEF:0053E99F]	00 00 00 00		1.000000	0	Subject.HasMagicEffect(crV96_ChameleonEffect "crV96_ChameleonEffect" [MGEF:0053E99F], 00 00 00 00) != 1.000000 AND
0053F181	crV96_AbFlaming	0	1	10000000	=	AND	Subject	IsTrueForConditionForm	crV96_SpecialCreatureCondition_Flaming [CNDF:00549D2A]	00 00 00 00		1.000000	0	Subject.IsTrueForConditionForm(crV96_SpecialCreatureCondition_Flaming [CNDF:00549D2A], 00 00 00 00) = 1.000000 AND
0053F181	crV96_AbFlaming	1	0	10000000	=	AND	Subject	IsTrueForConditionForm	crV96_SpecialCreatureCondition_Flaming [CNDF:00549D2A]	00 00 00 00		1.000000	0	Subject.IsTrueForConditionForm(crV96_SpecialCreatureCondition_Flaming [CNDF:00549D2A], 00 00 00 00) = 1.000000 AND
0053F183	CUT_crV96_AbAcid	1	0	10000000	=	AND	Subject	IsTrueForConditionForm	crV96_SpecialCreatureCondition [CNDF:0053E9AE]	00 00 00 00		1.000000	0	Subject.IsTrueForConditionForm(crV96_SpecialCreatureCondition [CNDF:0053E9AE], 00 00 00 00) = 1.000000 AND
0053F188	crV96_AbPoison	0	0	00000000	!=	AND	Subject	HasMagicEffect	crV96_ChameleonEffect "crV96_ChameleonEffect" [MGEF:0053E99F]	00 00 00 00		1.000000	0	Subject.HasMagicEffect(crV96_ChameleonEffect "crV96_ChameleonEffect" [MGEF:0053E99F], 00 00 00 00) != 1.000000 AND
0053F188	crV96_AbPoison	0	1	10000000	=	AND	Subject	IsTrueForConditionForm	crV96_SpecialCreatureCondition_Poison [CNDF:00549D2D]	00 00 00 00		1.000000	0	Subject.IsTrueForConditionForm(crV96_SpecialCreatureCondition_Poison [CNDF:00549D2D], 00 00 00 00) = 1.000000 AND
0053F188	crV96_AbPoison	1	0	10000000	=	AND	Subject	IsTrueForConditionForm	crV96_SpecialCreatureCondition_Poison [CNDF:00549D2D]	00 00 00 00		1.000000	0	Subject.IsTrueForConditionForm(crV96_SpecialCreatureCondition_Poison [CNDF:00549D2D], 00 00 00 00) = 1.000000 AND
0053F185	crV96_AbChameleon	0	0	10000000	=	AND	Subject	IsTrueForConditionForm	crV96_SpecialCreatureCondition_Chameleon [CNDF:00549D27]	00 00 00 00		1.000000	0	Subject.IsTrueForConditionForm(crV96_SpecialCreatureCondition_Chameleon [CNDF:00549D27], 00 00 00 00) = 1.000000 AND
0053F185	crV96_AbChameleon	1	0	10000000	=	AND	Subject	IsTrueForConditionForm	crV96_SpecialCreatureCondition_Chameleon [CNDF:00549D27]	00 00 00 00		1.000000	0	Subject.IsTrueForConditionForm(crV96_SpecialCreatureCondition_Chameleon [CNDF:00549D27], 00 00 00 00) = 1.000000 AND
0053F199	crV96_AbTeleporting	0	0	10000000	=	AND	Subject	IsTrueForConditionForm	crV96_SpecialCreatureCondition_Teleporting [CNDF:00549D2E]	00 00 00 00		1.000000	0	Subject.IsTrueForConditionForm(crV96_SpecialCreatureCondition_Teleporting [CNDF:00549D2E], 00 00 00 00) = 1.000000 AND
0053F199	crV96_AbTeleporting	1	0	10000000	=	AND	Subject	IsTrueForConditionForm	crV96_SpecialCreatureCondition_Teleporting [CNDF:00549D2E]	00 00 00 00		1.000000	0	Subject.IsTrueForConditionForm(crV96_SpecialCreatureCondition_Teleporting [CNDF:00549D2E], 00 00 00 00) = 1.000000 AND
00541E2B	crV96_AbElectrified	0	0	10000000	=	AND	Subject	IsTrueForConditionForm	crV96_SpecialCreatureCondition_Electrified [CNDF:00549D28]	00 00 00 00		1.000000	0	Subject.IsTrueForConditionForm(crV96_SpecialCreatureCondition_Electrified [CNDF:00549D28], 00 00 00 00) = 1.000000 AND
00541E2B	crV96_AbElectrified	1	0	00000000	!=	AND	Subject	HasMagicEffect	crV96_ChameleonEffect "crV96_ChameleonEffect" [MGEF:0053E99F]	00 00 00 00		1.000000	0	Subject.HasMagicEffect(crV96_ChameleonEffect "crV96_ChameleonEffect" [MGEF:0053E99F], 00 00 00 00) != 1.000000 AND
00541E2B	crV96_AbElectrified	1	1	10000000	=	AND	Subject	IsTrueForConditionForm	crV96_SpecialCreatureCondition_Electrified [CNDF:00549D28]	00 00 00 00		1.000000	0	Subject.IsTrueForConditionForm(crV96_SpecialCreatureCondition_Electrified [CNDF:00549D28], 00 00 00 00) = 1.000000 AND
00541E2B	crV96_AbElectrified	2	0	10000000	=	AND	Subject	IsTrueForConditionForm	crV96_SpecialCreatureCondition_Electrified [CNDF:00549D28]	00 00 00 00		1.000000	0	Subject.IsTrueForConditionForm(crV96_SpecialCreatureCondition_Electrified [CNDF:00549D28], 00 00 00 00) = 1.000000 AND
00541E2C	crV96_AbFreezing	0	0	00000000	!=	AND	Subject	HasMagicEffect	crV96_ChameleonEffect "crV96_ChameleonEffect" [MGEF:0053E99F]	00 00 00 00		1.000000	0	Subject.HasMagicEffect(crV96_ChameleonEffect "crV96_ChameleonEffect" [MGEF:0053E99F], 00 00 00 00) != 1.000000 AND
00541E2C	crV96_AbFreezing	0	1	10000000	=	AND	Subject	IsTrueForConditionForm	crV96_SpecialCreatureCondition_Freezing [CNDF:00549D2B]	00 00 00 00		1.000000	0	Subject.IsTrueForConditionForm(crV96_SpecialCreatureCondition_Freezing [CNDF:00549D2B], 00 00 00 00) = 1.000000 AND
00541E2C	crV96_AbFreezing	1	0	10000000	=	AND	Subject	IsTrueForConditionForm	crV96_SpecialCreatureCondition_Freezing [CNDF:00549D2B]	00 00 00 00		1.000000	0	Subject.IsTrueForConditionForm(crV96_SpecialCreatureCondition_Freezing [CNDF:00549D2B], 00 00 00 00) = 1.000000 AND
00541E2D	crV96_AbExplosive	0	0	10000000	=	AND	Subject	IsTrueForConditionForm	crV96_SpecialCreatureCondition_Explosive [CNDF:00549D29]	00 00 00 00		1.000000	0	Subject.IsTrueForConditionForm(crV96_SpecialCreatureCondition_Explosive [CNDF:00549D29], 00 00 00 00) = 1.000000 AND
00541E2D	crV96_AbExplosive	1	0	10000000	=	AND	Subject	IsTrueForConditionForm	crV96_SpecialCreatureCondition_Explosive [CNDF:00549D29]	00 00 00 00		1.000000	0	Subject.IsTrueForConditionForm(crV96_SpecialCreatureCondition_Explosive [CNDF:00549D29], 00 00 00 00) = 1.000000 AND
00541E2D	crV96_AbExplosive	2	0	10000000	=	AND	Subject	IsTrueForConditionForm	crV96_SpecialCreatureCondition_Explosive [CNDF:00549D29]	00 00 00 00		1.000000	0	Subject.IsTrueForConditionForm(crV96_SpecialCreatureCondition_Explosive [CNDF:00549D29], 00 00 00 00) = 1.000000 AND
00541E2D	crV96_AbExplosive	2	1	00000000	!=	AND	Subject	HasMagicEffect	crV96_ChameleonEffect "crV96_ChameleonEffect" [MGEF:0053E99F]	00 00 00 00		1.000000	0	Subject.HasMagicEffect(crV96_ChameleonEffect "crV96_ChameleonEffect" [MGEF:0053E99F], 00 00 00 00) != 1.000000 AND
00546259	crV96_Electrified_CloakHazard	0	0	10000000	=	AND	Subject	IsHostileToActor	TARGET - Target Reference [00000000]	00 00 00 00		1.000000	0	Subject.IsHostileToActor(TARGET - Target Reference [00000000], 00 00 00 00) = 1.000000 AND
00546253	crV96_Freezing	0	0	00000000	!=	AND	Subject	HasActiveMagicEffect	crV96_ChameleonEffect "crV96_ChameleonEffect" [MGEF:0053E99F]	00 00 00 00		1.000000	0	Subject.HasActiveMagicEffect(crV96_ChameleonEffect "crV96_ChameleonEffect" [MGEF:0053E99F], 00 00 00 00) != 1.000000 AND
00546253	crV96_Freezing	0	1	10000000	=	AND	Subject	IsTrueForConditionForm	crV96_SpecialCreatureCondition_Freezing [CNDF:00549D2B]	00 00 00 00		1.000000	0	Subject.IsTrueForConditionForm(crV96_SpecialCreatureCondition_Freezing [CNDF:00549D2B], 00 00 00 00) = 1.000000 AND
00546279	crV96_Electrified	0	0	00000000	!=	AND	Subject	HasActiveMagicEffect	crV96_ChameleonEffect "crV96_ChameleonEffect" [MGEF:0053E99F]	00 00 00 00		1.000000	0	Subject.HasActiveMagicEffect(crV96_ChameleonEffect "crV96_ChameleonEffect" [MGEF:0053E99F], 00 00 00 00) != 1.000000 AND
00546279	crV96_Electrified	0	1	10000000	=	AND	Subject	IsTrueForConditionForm	crV96_SpecialCreatureCondition_Electrified [CNDF:00549D28]	00 00 00 00		1.000000	0	Subject.IsTrueForConditionForm(crV96_SpecialCreatureCondition_Electrified [CNDF:00549D28], 00 00 00 00) = 1.000000 AND
0054A344	V96_DeconArchSpell	0	0	10000000	=	AND	Subject	GetInFaction	RobotFaction [FACT:00058304]	00 00 00 00		0.000000	0	Subject.GetInFaction(RobotFaction [FACT:00058304], 00 00 00 00) = 0.000000 AND
0054A344	V96_DeconArchSpell	1	0	10000000	=	AND	Subject	GetInFaction	RobotFaction [FACT:00058304]	00 00 00 00		1.000000	0	Subject.GetInFaction(RobotFaction [FACT:00058304], 00 00 00 00) = 1.000000 AND
0054A344	V96_DeconArchSpell	2	0	10000000	=	AND	Subject	GetIsPlayer	00 00 00 00	00 00 00 00		1.000000	0	Subject.GetIsPlayer(00 00 00 00, 00 00 00 00) = 1.000000 AND
005535F4	V94_BleedHitSpell	0	0	10000000	=	AND	Subject	IsUsingAltCurveTable	00 00 00 00	00 00 00 00		0.000000	0	Subject.IsUsingAltCurveTable(00 00 00 00, 00 00 00 00) = 0.000000 AND
005535F4	V94_BleedHitSpell	1	0	10000000	=	AND	Subject	IsUsingAltCurveTable	00 00 00 00	00 00 00 00		1.000000	0	Subject.IsUsingAltCurveTable(00 00 00 00, 00 00 00 00) = 1.000000 AND
00563B85	AbPerkArcherMaster	0	0	10000000	=	AND	Subject	HasPerk	zzz_ArcherMaster02 "Master Archer" [PERK:00563B95]	00 00 00 00		0.000000	0	Subject.HasPerk(zzz_ArcherMaster02 "Master Archer" [PERK:00563B95], 00 00 00 00) = 0.000000 AND
00563B85	AbPerkArcherMaster	1	0	10000000	=	AND	Subject	HasPerk	zzz_ArcherMaster02 "Master Archer" [PERK:00563B95]	00 00 00 00		1.000000	0	Subject.HasPerk(zzz_ArcherMaster02 "Master Archer" [PERK:00563B95], 00 00 00 00) = 1.000000 AND
00563B85	AbPerkArcherMaster	1	1	10000000	=	AND	Subject	HasPerk	zzz_ArcherMaster03 "Master Archer" [PERK:00563B96]	00 00 00 00		0.000000	0	Subject.HasPerk(zzz_ArcherMaster03 "Master Archer" [PERK:00563B96], 00 00 00 00) = 0.000000 AND
00563B85	AbPerkArcherMaster	2	0	10000000	=	AND	Subject	HasPerk	zzz_ArcherMaster03 "Master Archer" [PERK:00563B96]	00 00 00 00		1.000000	0	Subject.HasPerk(zzz_ArcherMaster03 "Master Archer" [PERK:00563B96], 00 00 00 00) = 1.000000 AND
00563B83	AbPerkArcher	0	0	10000000	=	AND	Subject	HasPerk	Archer02 "Hat Trick" [PERK:00563B8C]	00 00 00 00		0.000000	0	Subject.HasPerk(Archer02 "Hat Trick" [PERK:00563B8C], 00 00 00 00) = 0.000000 AND
00563B83	AbPerkArcher	1	0	10000000	=	AND	Subject	HasPerk	Archer02 "Hat Trick" [PERK:00563B8C]	00 00 00 00		1.000000	0	Subject.HasPerk(Archer02 "Hat Trick" [PERK:00563B8C], 00 00 00 00) = 1.000000 AND
00563B83	AbPerkArcher	1	1	10000000	=	AND	Subject	HasPerk	Archer03 "Hat Trick" [PERK:00563B8D]	00 00 00 00		0.000000	0	Subject.HasPerk(Archer03 "Hat Trick" [PERK:00563B8D], 00 00 00 00) = 0.000000 AND
00563B83	AbPerkArcher	2	0	10000000	=	AND	Subject	HasPerk	Archer03 "Hat Trick" [PERK:00563B8D]	00 00 00 00		1.000000	0	Subject.HasPerk(Archer03 "Hat Trick" [PERK:00563B8D], 00 00 00 00) = 1.000000 AND
005577B6	zzz_Babylon_RadiationImmunity	0	0	10000000	=	AND	Subject	HasMagicEffect	zzz_BabylonGhostModeEffect "Babylon Ghost Mode Effect" [MGEF:003CC49A]	00 00 00 00		1.000000	0	Subject.HasMagicEffect(zzz_BabylonGhostModeEffect "Babylon Ghost Mode Effect" [MGEF:003CC49A], 00 00 00 00) = 1.000000 AND
00563B9E	V94_Solar_TeamHealSpell	0	0	10000000	=	AND	Target	IsPlayerTeammate	00 00 00 00	00 00 00 00		1.000000	0	Target.IsPlayerTeammate(00 00 00 00, 00 00 00 00) = 1.000000 AND
00563B9E	V94_Solar_TeamHealSpell	1	0	10000000	=	AND	Target	IsPlayerTeammate	00 00 00 00	00 00 00 00		1.000000	0	Target.IsPlayerTeammate(00 00 00 00, 00 00 00 00) = 1.000000 AND
0056406E	V94_AcidCloakSpell	0	0	10000000	=	AND	Subject	GetDead	00 00 00 00	00 00 00 00		0.000000	0	Subject.GetDead(00 00 00 00, 00 00 00 00) = 0.000000 AND
0056406E	V94_AcidCloakSpell	0	1	10000000	=	AND	Subject	HasKeyword	IsAlly [KYWD:005461D2]	00 00 00 00		0.000000	0	Subject.HasKeyword(IsAlly [KYWD:005461D2], 00 00 00 00) = 0.000000 AND
0056406E	V94_AcidCloakSpell	0	2	10000000	=	AND	Subject	HasKeyword	ActorTypeDocile [KYWD:00096B7E]	00 00 00 00		0.000000	0	Subject.HasKeyword(ActorTypeDocile [KYWD:00096B7E], 00 00 00 00) = 0.000000 AND
00564071	V94_BleedHitSpellAttacker	0	0	10000000	=	AND	Subject	IsUsingAltCurveTable	00 00 00 00	00 00 00 00		0.000000	0	Subject.IsUsingAltCurveTable(00 00 00 00, 00 00 00 00) = 0.000000 AND
00564071	V94_BleedHitSpellAttacker	1	0	10000000	=	AND	Subject	IsUsingAltCurveTable	00 00 00 00	00 00 00 00		1.000000	0	Subject.IsUsingAltCurveTable(00 00 00 00, 00 00 00 00) = 1.000000 AND
0056BE51	crSpellWendigoColossusRadVomit	0	0	10000000	=	AND	Subject	HasActiveMagicEffect	crHazardDamageEffect "Damage Effect" [MGEF:005A18CC]	00 00 00 00		0.000000	0	Subject.HasActiveMagicEffect(crHazardDamageEffect "Damage Effect" [MGEF:005A18CC], 00 00 00 00) = 0.000000 AND
0056BE51	crSpellWendigoColossusRadVomit	1	0	10000000	=	AND	Subject	HasActiveMagicEffect	crWendigoColossusHazardEffect "Radiation Effect" [MGEF:0056BE49]	00 00 00 00		0.000000	0	Subject.HasActiveMagicEffect(crWendigoColossusHazardEffect "Radiation Effect" [MGEF:0056BE49], 00 00 00 00) = 0.000000 AND
0056BE51	crSpellWendigoColossusRadVomit	2	0	10000000	=	AND	Subject	HasActiveMagicEffect	crHazardReduceDamageResist "Reduce Damage Resist Effect" [MGEF:0056BE4A]	00 00 00 00		0.000000	0	Subject.HasActiveMagicEffect(crHazardReduceDamageResist "Reduce Damage Resist Effect" [MGEF:0056BE4A], 00 00 00 00) = 0.000000 AND
0056BE51	crSpellWendigoColossusRadVomit	3	0	10000000	=	AND	Subject	HasActiveMagicEffect	crHazardReduceEnergyResist "Reduce Energy Resist Effect" [MGEF:0056BE4B]	00 00 00 00		0.000000	0	Subject.HasActiveMagicEffect(crHazardReduceEnergyResist "Reduce Energy Resist Effect" [MGEF:0056BE4B], 00 00 00 00) = 0.000000 AND
0056BE51	crSpellWendigoColossusRadVomit	4	0	10000000	=	AND	Subject	HasActiveMagicEffect	crHazardReduceFireResist "Reduce Fire Resist Effect" [MGEF:0056BE4C]	00 00 00 00		0.000000	0	Subject.HasActiveMagicEffect(crHazardReduceFireResist "Reduce Fire Resist Effect" [MGEF:0056BE4C], 00 00 00 00) = 0.000000 AND
0056BE51	crSpellWendigoColossusRadVomit	5	0	10000000	=	AND	Subject	HasActiveMagicEffect	crHazardReducePoisonResist "Reduce Poison Resist Effect" [MGEF:0056BE4D]	00 00 00 00		0.000000	0	Subject.HasActiveMagicEffect(crHazardReducePoisonResist "Reduce Poison Resist Effect" [MGEF:0056BE4D], 00 00 00 00) = 0.000000 AND
0056BE51	crSpellWendigoColossusRadVomit	6	0	10000000	=	AND	Subject	HasActiveMagicEffect	crHazardReduceRadsResist "Reduce Rads Resist Effect" [MGEF:0056BE4E]	00 00 00 00		0.000000	0	Subject.HasActiveMagicEffect(crHazardReduceRadsResist "Reduce Rads Resist Effect" [MGEF:0056BE4E], 00 00 00 00) = 0.000000 AND
0056BE50	crSpellWendigoColossusPoisonVomit	0	0	10000000	=	AND	Subject	HasActiveMagicEffect	crHazardPoisonEffect "Poison Effect" [MGEF:0056BE48]	00 00 00 00		0.000000	0	Subject.HasActiveMagicEffect(crHazardPoisonEffect "Poison Effect" [MGEF:0056BE48], 00 00 00 00) = 0.000000 AND
0056BE50	crSpellWendigoColossusPoisonVomit	1	0	10000000	=	AND	Subject	HasActiveMagicEffect	crHazardSlowEffect "Slow Effect" [MGEF:0056BE4F]	00 00 00 00		0.000000	0	Subject.HasActiveMagicEffect(crHazardSlowEffect "Slow Effect" [MGEF:0056BE4F], 00 00 00 00) = 0.000000 AND
00568687	zzz_DeadManSprinting_Babylon	0	0	10000000	=	AND	Subject	IsSprinting	00 00 00 00	00 00 00 00		1.000000	0	Subject.IsSprinting(00 00 00 00, 00 00 00 00) = 1.000000 AND
00568687	zzz_DeadManSprinting_Babylon	0	1	10100000	<=	AND	Subject	GetHealthPercentage	00 00 00 00	00 00 00 00		0.500000	0	Subject.GetHealthPercentage(00 00 00 00, 00 00 00 00) <= 0.500000 AND
0059E3F0	COMP_WellRested3_KindredSpirit	1	0	10000000	=	AND	Subject	HasPerk	Homebody01 "Homebody" [PERK:00393F6E]	00 00 00 00		1.000000	0	Subject.HasPerk(Homebody01 "Homebody" [PERK:00393F6E], 00 00 00 00) = 1.000000 AND
0059E3F1	COMP_WellRested3_LoversEmbrace	1	0	10000000	=	AND	Subject	HasPerk	Homebody01 "Homebody" [PERK:00393F6E]	00 00 00 00		1.000000	0	Subject.HasPerk(Homebody01 "Homebody" [PERK:00393F6E], 00 00 00 00) = 1.000000 AND
005A4FA1	Ab_Spotlight_TripleXP	0	0	10000000	=	AND	Subject	GetGlobalValue	Spotlight_TripleXP [GLOB:005A4FA0]	00 00 00 00		1.000000	0	Subject.GetGlobalValue(Spotlight_TripleXP [GLOB:005A4FA0], 00 00 00 00) = 1.000000 AND
005A5949	LGN_WhatRads_RadResist_Spell01	0	0	10010000	=	OR	Subject	HasPerk	LGN_WhatRads_Perk02 "What Rads?" [PERK:005A5945]	00 00 00 00		0.000000	0	Subject.HasPerk(LGN_WhatRads_Perk02 "What Rads?" [PERK:005A5945], 00 00 00 00) = 0.000000 OR
005A594E	LGN_WhatRads_RestoreRads_Spell01	0	0	10010000	=	OR	Subject	HasPerk	LGN_WhatRads_Perk02 "What Rads?" [PERK:005A5945]	00 00 00 00		0.000000	0	Subject.HasPerk(LGN_WhatRads_Perk02 "What Rads?" [PERK:005A5945], 00 00 00 00) = 0.000000 OR
005A594A	LGN_WhatRads_RadResist_Spell02	0	0	10010000	=	OR	Subject	HasPerk	LGN_WhatRads_Perk03 "What Rads?" [PERK:005A5946]	00 00 00 00		0.000000	0	Subject.HasPerk(LGN_WhatRads_Perk03 "What Rads?" [PERK:005A5946], 00 00 00 00) = 0.000000 OR
005A594B	LGN_WhatRads_RadResist_Spell03	0	0	10010000	=	OR	Subject	HasPerk	LGN_WhatRads_Perk04 "What Rads?" [PERK:005A5947]	00 00 00 00		0.000000	0	Subject.HasPerk(LGN_WhatRads_Perk04 "What Rads?" [PERK:005A5947], 00 00 00 00) = 0.000000 OR
005A5950	LGN_WhatRads_RestoreRads_Spell03	0	0	10010000	=	OR	Subject	HasPerk	LGN_WhatRads_Perk04 "What Rads?" [PERK:005A5947]	00 00 00 00		0.000000	0	Subject.HasPerk(LGN_WhatRads_Perk04 "What Rads?" [PERK:005A5947], 00 00 00 00) = 0.000000 OR
005A594F	LGN_WhatRads_RestoreRads_Spell02	0	0	10010000	=	OR	Subject	HasPerk	LGN_WhatRads_Perk03 "What Rads?" [PERK:005A5946]	00 00 00 00		0.000000	0	Subject.HasPerk(LGN_WhatRads_Perk03 "What Rads?" [PERK:005A5946], 00 00 00 00) = 0.000000 OR
005A5DBF	LGN_BrawlingChemist_Spell01	0	0	10010000	=	OR	Subject	HasPerk	LGN_BrawlingChemist_Perk02 "Brawling Chemist" [PERK:005A5DBC]	00 00 00 00		0.000000	0	Subject.HasPerk(LGN_BrawlingChemist_Perk02 "Brawling Chemist" [PERK:005A5DBC], 00 00 00 00) = 0.000000 OR
005A5DC0	LGN_BrawlingChemist_Spell02	0	0	10010000	=	OR	Subject	HasPerk	LGN_BrawlingChemist_Perk03 "Brawling Chemist" [PERK:005A5DBD]	00 00 00 00		0.000000	0	Subject.HasPerk(LGN_BrawlingChemist_Perk03 "Brawling Chemist" [PERK:005A5DBD], 00 00 00 00) = 0.000000 OR
005A5DC1	LGN_BrawlingChemist_Spell03	0	0	10010000	=	OR	Subject	HasPerk	LGN_BrawlingChemist_Perk04 "Brawling Chemist" [PERK:005A5DBE]	00 00 00 00		0.000000	0	Subject.HasPerk(LGN_BrawlingChemist_Perk04 "Brawling Chemist" [PERK:005A5DBE], 00 00 00 00) = 0.000000 OR
005A5DF2	LGN_BloodSacrifice_Spell02	2	0	10000000	=	AND	Subject	HasActiveMagicEffect	LGN_BloodSacrifice_Cooldown_Effect "Cooldown" [MGEF:005C6155]	00 00 00 00		0.000000	0	Subject.HasActiveMagicEffect(LGN_BloodSacrifice_Cooldown_Effect "Cooldown" [MGEF:005C6155], 00 00 00 00) = 0.000000 AND
005A5DF1	LGN_TakingOneForTheTeam_Spell01	0	0	10010000	=	OR	Subject	HasSpell	LGN_TakingOneForTheTeam_Spell02 "Damage Increase" [SPEL:005AD3E6]	00 00 00 00		0.000000	0	Subject.HasSpell(LGN_TakingOneForTheTeam_Spell02 "Damage Increase" [SPEL:005AD3E6], 00 00 00 00) = 0.000000 OR
005A5DF1	LGN_TakingOneForTheTeam_Spell01	0	1	10010000	=	OR	Subject	HasSpell	LGN_TakingOneForTheTeam_Spell03 "Damage Increase" [SPEL:005AD3E4]	00 00 00 00		0.000000	0	Subject.HasSpell(LGN_TakingOneForTheTeam_Spell03 "Damage Increase" [SPEL:005AD3E4], 00 00 00 00) = 0.000000 OR
005A5DF1	LGN_TakingOneForTheTeam_Spell01	0	2	10010000	=	OR	Subject	HasSpell	LGN_TakingOneForTheTeam_Spell04 "Damage Increase" [SPEL:005AD3E5]	00 00 00 00		0.000000	0	Subject.HasSpell(LGN_TakingOneForTheTeam_Spell04 "Damage Increase" [SPEL:005AD3E5], 00 00 00 00) = 0.000000 OR
005AD3E4	LGN_TakingOneForTheTeam_Spell03	0	0	10010000	=	OR	Subject	HasSpell	LGN_TakingOneForTheTeam_Spell01 "Damage Increase" [SPEL:005A5DF1]	00 00 00 00		0.000000	0	Subject.HasSpell(LGN_TakingOneForTheTeam_Spell01 "Damage Increase" [SPEL:005A5DF1], 00 00 00 00) = 0.000000 OR
005AD3E4	LGN_TakingOneForTheTeam_Spell03	0	1	10010000	=	OR	Subject	HasSpell	LGN_TakingOneForTheTeam_Spell02 "Damage Increase" [SPEL:005AD3E6]	00 00 00 00		0.000000	0	Subject.HasSpell(LGN_TakingOneForTheTeam_Spell02 "Damage Increase" [SPEL:005AD3E6], 00 00 00 00) = 0.000000 OR
005AD3E4	LGN_TakingOneForTheTeam_Spell03	0	2	10010000	=	OR	Subject	HasSpell	LGN_TakingOneForTheTeam_Spell04 "Damage Increase" [SPEL:005AD3E5]	00 00 00 00		0.000000	0	Subject.HasSpell(LGN_TakingOneForTheTeam_Spell04 "Damage Increase" [SPEL:005AD3E5], 00 00 00 00) = 0.000000 OR
005AD3E5	LGN_TakingOneForTheTeam_Spell04	0	0	10010000	=	OR	Subject	HasSpell	LGN_TakingOneForTheTeam_Spell01 "Damage Increase" [SPEL:005A5DF1]	00 00 00 00		0.000000	0	Subject.HasSpell(LGN_TakingOneForTheTeam_Spell01 "Damage Increase" [SPEL:005A5DF1], 00 00 00 00) = 0.000000 OR
005AD3E5	LGN_TakingOneForTheTeam_Spell04	0	1	10010000	=	OR	Subject	HasSpell	LGN_TakingOneForTheTeam_Spell02 "Damage Increase" [SPEL:005AD3E6]	00 00 00 00		0.000000	0	Subject.HasSpell(LGN_TakingOneForTheTeam_Spell02 "Damage Increase" [SPEL:005AD3E6], 00 00 00 00) = 0.000000 OR
005AD3E5	LGN_TakingOneForTheTeam_Spell04	0	2	10010000	=	OR	Subject	HasSpell	LGN_TakingOneForTheTeam_Spell03 "Damage Increase" [SPEL:005AD3E4]	00 00 00 00		0.000000	0	Subject.HasSpell(LGN_TakingOneForTheTeam_Spell03 "Damage Increase" [SPEL:005AD3E4], 00 00 00 00) = 0.000000 OR
005AD3E6	LGN_TakingOneForTheTeam_Spell02	0	0	10010000	=	OR	Subject	HasSpell	LGN_TakingOneForTheTeam_Spell01 "Damage Increase" [SPEL:005A5DF1]	00 00 00 00		0.000000	0	Subject.HasSpell(LGN_TakingOneForTheTeam_Spell01 "Damage Increase" [SPEL:005A5DF1], 00 00 00 00) = 0.000000 OR
005AD3E6	LGN_TakingOneForTheTeam_Spell02	0	1	10010000	=	OR	Subject	HasSpell	LGN_TakingOneForTheTeam_Spell03 "Damage Increase" [SPEL:005AD3E4]	00 00 00 00		0.000000	0	Subject.HasSpell(LGN_TakingOneForTheTeam_Spell03 "Damage Increase" [SPEL:005AD3E4], 00 00 00 00) = 0.000000 OR
005AD3E6	LGN_TakingOneForTheTeam_Spell02	0	2	10010000	=	OR	Subject	HasSpell	LGN_TakingOneForTheTeam_Spell04 "Damage Increase" [SPEL:005AD3E5]	00 00 00 00		0.000000	0	Subject.HasSpell(LGN_TakingOneForTheTeam_Spell04 "Damage Increase" [SPEL:005AD3E5], 00 00 00 00) = 0.000000 OR
005B7586	PT_BuildingTeamBonus	0	0	10000000	=	AND	Subject	GetTeammateBondScore	00 00 00 00	00 00 00 00		1.000000	0	Subject.GetTeammateBondScore(00 00 00 00, 00 00 00 00) = 1.000000 AND
005B7586	PT_BuildingTeamBonus	0	1	10000000	=	AND	Subject	GetTeamType	00 00 00 00	00 00 00 00		5.000000	0	Subject.GetTeamType(00 00 00 00, 00 00 00 00) = 5.000000 AND
005B7586	PT_BuildingTeamBonus	1	0	10000000	=	AND	Subject	GetTeammateBondScore	00 00 00 00	00 00 00 00		2.000000	0	Subject.GetTeammateBondScore(00 00 00 00, 00 00 00 00) = 2.000000 AND
005B7586	PT_BuildingTeamBonus	1	1	10000000	=	AND	Subject	GetTeamType	00 00 00 00	00 00 00 00		5.000000	0	Subject.GetTeamType(00 00 00 00, 00 00 00 00) = 5.000000 AND
005B7586	PT_BuildingTeamBonus	2	0	10000000	=	AND	Subject	GetTeammateBondScore	00 00 00 00	00 00 00 00		3.000000	0	Subject.GetTeammateBondScore(00 00 00 00, 00 00 00 00) = 3.000000 AND
005B7586	PT_BuildingTeamBonus	2	1	10000000	=	AND	Subject	GetTeamType	00 00 00 00	00 00 00 00		5.000000	0	Subject.GetTeamType(00 00 00 00, 00 00 00 00) = 5.000000 AND
005B7586	PT_BuildingTeamBonus	3	0	10000000	=	AND	Subject	GetTeammateBondScore	00 00 00 00	00 00 00 00		4.000000	0	Subject.GetTeammateBondScore(00 00 00 00, 00 00 00 00) = 4.000000 AND
005B7586	PT_BuildingTeamBonus	3	1	10000000	=	AND	Subject	GetTeamType	00 00 00 00	00 00 00 00		5.000000	0	Subject.GetTeamType(00 00 00 00, 00 00 00 00) = 5.000000 AND
005B7585	PT_CasualTeamBonus	0	0	10000000	=	AND	Subject	GetTeammateBondScore	00 00 00 00	00 00 00 00		1.000000	0	Subject.GetTeammateBondScore(00 00 00 00, 00 00 00 00) = 1.000000 AND
005B7585	PT_CasualTeamBonus	0	1	10000000	=	AND	Subject	GetTeamType	00 00 00 00	00 00 00 00		6.000000	0	Subject.GetTeamType(00 00 00 00, 00 00 00 00) = 6.000000 AND
005B7585	PT_CasualTeamBonus	1	0	10000000	=	AND	Subject	GetTeammateBondScore	00 00 00 00	00 00 00 00		2.000000	0	Subject.GetTeammateBondScore(00 00 00 00, 00 00 00 00) = 2.000000 AND
005B7585	PT_CasualTeamBonus	1	1	10000000	=	AND	Subject	GetTeamType	00 00 00 00	00 00 00 00		6.000000	0	Subject.GetTeamType(00 00 00 00, 00 00 00 00) = 6.000000 AND
005B7585	PT_CasualTeamBonus	2	0	10000000	=	AND	Subject	GetTeammateBondScore	00 00 00 00	00 00 00 00		3.000000	0	Subject.GetTeammateBondScore(00 00 00 00, 00 00 00 00) = 3.000000 AND
005B7585	PT_CasualTeamBonus	2	1	10000000	=	AND	Subject	GetTeamType	00 00 00 00	00 00 00 00		6.000000	0	Subject.GetTeamType(00 00 00 00, 00 00 00 00) = 6.000000 AND
005B7585	PT_CasualTeamBonus	3	0	10000000	=	AND	Subject	GetTeammateBondScore	00 00 00 00	00 00 00 00		4.000000	0	Subject.GetTeammateBondScore(00 00 00 00, 00 00 00 00) = 4.000000 AND
005B7585	PT_CasualTeamBonus	3	1	10000000	=	AND	Subject	GetTeamType	00 00 00 00	00 00 00 00		6.000000	0	Subject.GetTeamType(00 00 00 00, 00 00 00 00) = 6.000000 AND
005B7587	PT_ExplorationTeamBonus	0	0	10000000	=	AND	Subject	GetTeammateBondScore	00 00 00 00	00 00 00 00		1.000000	0	Subject.GetTeammateBondScore(00 00 00 00, 00 00 00 00) = 1.000000 AND
005B7587	PT_ExplorationTeamBonus	0	1	10000000	=	AND	Subject	GetTeamType	00 00 00 00	00 00 00 00		4.000000	0	Subject.GetTeamType(00 00 00 00, 00 00 00 00) = 4.000000 AND
005B7587	PT_ExplorationTeamBonus	1	0	10000000	=	AND	Subject	GetTeammateBondScore	00 00 00 00	00 00 00 00		2.000000	0	Subject.GetTeammateBondScore(00 00 00 00, 00 00 00 00) = 2.000000 AND
005B7587	PT_ExplorationTeamBonus	1	1	10000000	=	AND	Subject	GetTeamType	00 00 00 00	00 00 00 00		4.000000	0	Subject.GetTeamType(00 00 00 00, 00 00 00 00) = 4.000000 AND
005B7587	PT_ExplorationTeamBonus	2	0	10000000	=	AND	Subject	GetTeammateBondScore	00 00 00 00	00 00 00 00		3.000000	0	Subject.GetTeammateBondScore(00 00 00 00, 00 00 00 00) = 3.000000 AND
005B7587	PT_ExplorationTeamBonus	2	1	10000000	=	AND	Subject	GetTeamType	00 00 00 00	00 00 00 00		4.000000	0	Subject.GetTeamType(00 00 00 00, 00 00 00 00) = 4.000000 AND
005B7587	PT_ExplorationTeamBonus	3	0	10000000	=	AND	Subject	GetTeammateBondScore	00 00 00 00	00 00 00 00		4.000000	0	Subject.GetTeammateBondScore(00 00 00 00, 00 00 00 00) = 4.000000 AND
005B7587	PT_ExplorationTeamBonus	3	1	10000000	=	AND	Subject	GetTeamType	00 00 00 00	00 00 00 00		4.000000	0	Subject.GetTeamType(00 00 00 00, 00 00 00 00) = 4.000000 AND
005B7617	PT_RoleplayTeamBonus	0	0	10000000	=	AND	Subject	GetTeammateBondScore	00 00 00 00	00 00 00 00		1.000000	0	Subject.GetTeammateBondScore(00 00 00 00, 00 00 00 00) = 1.000000 AND
005B7617	PT_RoleplayTeamBonus	0	1	10000000	=	AND	Subject	GetTeamType	00 00 00 00	00 00 00 00		2.000000	0	Subject.GetTeamType(00 00 00 00, 00 00 00 00) = 2.000000 AND
005B7617	PT_RoleplayTeamBonus	1	0	10000000	=	AND	Subject	GetTeammateBondScore	00 00 00 00	00 00 00 00		2.000000	0	Subject.GetTeammateBondScore(00 00 00 00, 00 00 00 00) = 2.000000 AND
005B7617	PT_RoleplayTeamBonus	1	1	10000000	=	AND	Subject	GetTeamType	00 00 00 00	00 00 00 00		2.000000	0	Subject.GetTeamType(00 00 00 00, 00 00 00 00) = 2.000000 AND
005B7617	PT_RoleplayTeamBonus	2	0	10000000	=	AND	Subject	GetTeammateBondScore	00 00 00 00	00 00 00 00		3.000000	0	Subject.GetTeammateBondScore(00 00 00 00, 00 00 00 00) = 3.000000 AND
005B7617	PT_RoleplayTeamBonus	2	1	10000000	=	AND	Subject	GetTeamType	00 00 00 00	00 00 00 00		2.000000	0	Subject.GetTeamType(00 00 00 00, 00 00 00 00) = 2.000000 AND
005B7617	PT_RoleplayTeamBonus	3	0	10000000	=	AND	Subject	GetTeammateBondScore	00 00 00 00	00 00 00 00		4.000000	0	Subject.GetTeammateBondScore(00 00 00 00, 00 00 00 00) = 4.000000 AND
005B7617	PT_RoleplayTeamBonus	3	1	10000000	=	AND	Subject	GetTeamType	00 00 00 00	00 00 00 00		2.000000	0	Subject.GetTeamType(00 00 00 00, 00 00 00 00) = 2.000000 AND
005C492B	PT_HuntingTeamBonus	0	0	10000000	=	AND	Subject	GetTeammateBondScore	00 00 00 00	00 00 00 00		1.000000	0	Subject.GetTeammateBondScore(00 00 00 00, 00 00 00 00) = 1.000000 AND
005C492B	PT_HuntingTeamBonus	0	1	10000000	=	AND	Subject	GetTeamType	00 00 00 00	00 00 00 00		1.000000	0	Subject.GetTeamType(00 00 00 00, 00 00 00 00) = 1.000000 AND
005C492B	PT_HuntingTeamBonus	1	0	10000000	=	AND	Subject	GetTeammateBondScore	00 00 00 00	00 00 00 00		2.000000	0	Subject.GetTeammateBondScore(00 00 00 00, 00 00 00 00) = 2.000000 AND
005C492B	PT_HuntingTeamBonus	1	1	10000000	=	AND	Subject	GetTeamType	00 00 00 00	00 00 00 00		1.000000	0	Subject.GetTeamType(00 00 00 00, 00 00 00 00) = 1.000000 AND
005C492B	PT_HuntingTeamBonus	2	0	10000000	=	AND	Subject	GetTeammateBondScore	00 00 00 00	00 00 00 00		3.000000	0	Subject.GetTeammateBondScore(00 00 00 00, 00 00 00 00) = 3.000000 AND
005C492B	PT_HuntingTeamBonus	2	1	10000000	=	AND	Subject	GetTeamType	00 00 00 00	00 00 00 00		1.000000	0	Subject.GetTeamType(00 00 00 00, 00 00 00 00) = 1.000000 AND
005C492B	PT_HuntingTeamBonus	3	0	10000000	=	AND	Subject	GetTeammateBondScore	00 00 00 00	00 00 00 00		4.000000	0	Subject.GetTeammateBondScore(00 00 00 00, 00 00 00 00) = 4.000000 AND
005C492B	PT_HuntingTeamBonus	3	1	10000000	=	AND	Subject	GetTeamType	00 00 00 00	00 00 00 00		1.000000	0	Subject.GetTeamType(00 00 00 00, 00 00 00 00) = 1.000000 AND
005C6162	PT_EventTeamBonus	0	0	10000000	=	AND	Subject	GetTeamType	00 00 00 00	00 00 00 00		3.000000	0	Subject.GetTeamType(00 00 00 00, 00 00 00 00) = 3.000000 AND
005C6162	PT_EventTeamBonus	0	1	10000000	=	AND	Subject	GetTeammateBondScore	00 00 00 00	00 00 00 00		1.000000	0	Subject.GetTeammateBondScore(00 00 00 00, 00 00 00 00) = 1.000000 AND
005C6162	PT_EventTeamBonus	1	0	10000000	=	AND	Subject	GetTeamType	00 00 00 00	00 00 00 00		3.000000	0	Subject.GetTeamType(00 00 00 00, 00 00 00 00) = 3.000000 AND
005C6162	PT_EventTeamBonus	1	1	10000000	=	AND	Subject	GetTeammateBondScore	00 00 00 00	00 00 00 00		2.000000	0	Subject.GetTeammateBondScore(00 00 00 00, 00 00 00 00) = 2.000000 AND
005C6162	PT_EventTeamBonus	2	0	10000000	=	AND	Subject	GetTeamType	00 00 00 00	00 00 00 00		3.000000	0	Subject.GetTeamType(00 00 00 00, 00 00 00 00) = 3.000000 AND
005C6162	PT_EventTeamBonus	2	1	10000000	=	AND	Subject	GetTeammateBondScore	00 00 00 00	00 00 00 00		3.000000	0	Subject.GetTeammateBondScore(00 00 00 00, 00 00 00 00) = 3.000000 AND
005C6162	PT_EventTeamBonus	3	0	10000000	=	AND	Subject	GetTeamType	00 00 00 00	00 00 00 00		3.000000	0	Subject.GetTeamType(00 00 00 00, 00 00 00 00) = 3.000000 AND
005C6162	PT_EventTeamBonus	3	1	10000000	=	AND	Subject	GetTeammateBondScore	00 00 00 00	00 00 00 00		4.000000	0	Subject.GetTeammateBondScore(00 00 00 00, 00 00 00 00) = 4.000000 AND
005C6BE9	DailyOps_Mutation_ActiveCamouflage	0	0	10000000	=	AND	Subject	GetDead	00 00 00 00	00 00 00 00		0.000000	0	Subject.GetDead(00 00 00 00, 00 00 00 00) = 0.000000 AND
005C6BE9	DailyOps_Mutation_ActiveCamouflage	0	1	11000000	>=	AND	Subject	GetSecondsSinceLastAttack	00 00 00 00	00 00 00 00		1.500000	0	Subject.GetSecondsSinceLastAttack(00 00 00 00, 00 00 00 00) >= 1.500000 AND
005C6BE9	DailyOps_Mutation_ActiveCamouflage	0	2	00000000	!=	AND	Subject	GetAttackState	00 00 00 00	00 00 00 00		16.000000	0	Subject.GetAttackState(00 00 00 00, 00 00 00 00) != 16.000000 AND
005C72BE	DailyOps_MutationVFX_Resilient	0	0	10100000	<=	AND	Subject	GetValue	Health "Health" [AVIF:000002D4]	00 00 00 00		2.000000	0	Subject.GetValue(Health "Health" [AVIF:000002D4], 00 00 00 00) <= 2.000000 AND
005C72BE	DailyOps_MutationVFX_Resilient	0	1	10000000	=	AND	Subject	GetDead	00 00 00 00	00 00 00 00		0.000000	0	Subject.GetDead(00 00 00 00, 00 00 00 00) = 0.000000 AND
005CBB8A	LGN_SurvivalShortcut_Spell02	0	0	10010000	=	OR	Subject	HasPerk	LGN_SurvivalShortcut_Perk03 "Survival Shortcut" [PERK:005CBB87]	00 00 00 00		0.000000	0	Subject.HasPerk(LGN_SurvivalShortcut_Perk03 "Survival Shortcut" [PERK:005CBB87], 00 00 00 00) = 0.000000 OR
005CBB8B	LGN_SurvivalShortcut_Spell03	0	0	10010000	=	OR	Subject	HasPerk	LGN_SurvivalShortcut_Perk04 "Survival Shortcut" [PERK:005CBB88]	00 00 00 00		0.000000	0	Subject.HasPerk(LGN_SurvivalShortcut_Perk04 "Survival Shortcut" [PERK:005CBB88], 00 00 00 00) = 0.000000 OR
005CBB89	LGN_SurvivalShortcut_Spell01	0	0	10010000	=	OR	Subject	HasPerk	LGN_SurvivalShortcut_Perk02 "Survival Shortcut" [PERK:005CBB86]	00 00 00 00		0.000000	0	Subject.HasPerk(LGN_SurvivalShortcut_Perk02 "Survival Shortcut" [PERK:005CBB86], 00 00 00 00) = 0.000000 OR
005CBBAB	LGN_FunkyDuds_Spell03	0	0	10000000	=	AND	Subject	HasPerk	LGN_FunkyDuds_Perk04 "Funky Duds" [PERK:005CBBA8]	00 00 00 00		0.000000	0	Subject.HasPerk(LGN_FunkyDuds_Perk04 "Funky Duds" [PERK:005CBBA8], 00 00 00 00) = 0.000000 AND
005CBBAB	LGN_FunkyDuds_Spell03	0	1	11010000	>=	OR	Subject	WornApparelHasKeywordCount	XPD_AC_dn_armor_Muni [KYWD:006F3DEA]	00 00 00 00		5.000000	0	Subject.WornApparelHasKeywordCount(XPD_AC_dn_armor_Muni [KYWD:006F3DEA], 00 00 00 00) >= 5.000000 OR
005CBBAB	LGN_FunkyDuds_Spell03	0	2	11010000	>=	OR	Subject	WornApparelHasKeywordCount	dn_armor_Robot [KYWD:00508D8A]	00 00 00 00		5.000000	0	Subject.WornApparelHasKeywordCount(dn_armor_Robot [KYWD:00508D8A], 00 00 00 00) >= 5.000000 OR
005CBBAB	LGN_FunkyDuds_Spell03	0	3	11010000	>=	OR	Subject	WornApparelHasKeywordCount	dn_armor_RaiderMod [KYWD:00237E59]	00 00 00 00		5.000000	0	Subject.WornApparelHasKeywordCount(dn_armor_RaiderMod [KYWD:00237E59], 00 00 00 00) >= 5.000000 OR
005CBBAB	LGN_FunkyDuds_Spell03	0	4	11010000	>=	OR	Subject	WornApparelHasKeywordCount	dn_armor_Trapper [KYWD:00110891]	00 00 00 00		5.000000	0	Subject.WornApparelHasKeywordCount(dn_armor_Trapper [KYWD:00110891], 00 00 00 00) >= 5.000000 OR
005CBBAB	LGN_FunkyDuds_Spell03	0	5	11010000	>=	OR	Subject	WornApparelHasKeywordCount	dn_armor_SecretService [KYWD:005A12A3]	00 00 00 00		5.000000	0	Subject.WornApparelHasKeywordCount(dn_armor_SecretService [KYWD:005A12A3], 00 00 00 00) >= 5.000000 OR
005CBBAB	LGN_FunkyDuds_Spell03	0	6	11010000	>=	OR	Subject	WornApparelHasKeywordCount	ma_armor_Wood [KYWD:003D6177]	00 00 00 00		5.000000	0	Subject.WornApparelHasKeywordCount(ma_armor_Wood [KYWD:003D6177], 00 00 00 00) >= 5.000000 OR
005CBBAB	LGN_FunkyDuds_Spell03	0	7	11010000	>=	OR	Subject	WornApparelHasKeywordCount	dn_armor_Metal [KYWD:00237E58]	00 00 00 00		5.000000	0	Subject.WornApparelHasKeywordCount(dn_armor_Metal [KYWD:00237E58], 00 00 00 00) >= 5.000000 OR
005CBBAB	LGN_FunkyDuds_Spell03	0	8	11010000	>=	OR	Subject	WornApparelHasKeywordCount	DLC03_dn_armor_Marine [KYWD:0011099A]	00 00 00 00		5.000000	0	Subject.WornApparelHasKeywordCount(DLC03_dn_armor_Marine [KYWD:0011099A], 00 00 00 00) >= 5.000000 OR
005CBBAB	LGN_FunkyDuds_Spell03	0	9	11010000	>=	OR	Subject	WornApparelHasKeywordCount	dn_armor_Combat [KYWD:00237E56]	00 00 00 00		5.000000	0	Subject.WornApparelHasKeywordCount(dn_armor_Combat [KYWD:00237E56], 00 00 00 00) >= 5.000000 OR
005CBBAB	LGN_FunkyDuds_Spell03	0	10	11010000	>=	OR	Subject	WornApparelHasKeywordCount	dn_armor_EnclaveScoutUniform_Solar [KYWD:005D98DA]	00 00 00 00		5.000000	0	Subject.WornApparelHasKeywordCount(dn_armor_EnclaveScoutUniform_Solar [KYWD:005D98DA], 00 00 00 00) >= 5.000000 OR
005CBBAB	LGN_FunkyDuds_Spell03	0	11	11010000	>=	OR	Subject	WornApparelHasKeywordCount	dn_armor_EnclaveScoutUniform_Thorn [KYWD:005D98DC]	00 00 00 00		5.000000	0	Subject.WornApparelHasKeywordCount(dn_armor_EnclaveScoutUniform_Thorn [KYWD:005D98DC], 00 00 00 00) >= 5.000000 OR
005CBBAB	LGN_FunkyDuds_Spell03	0	12	11010000	>=	OR	Subject	WornApparelHasKeywordCount	ma_armor_Leather [KYWD:00452EF5]	00 00 00 00		5.000000	0	Subject.WornApparelHasKeywordCount(ma_armor_Leather [KYWD:00452EF5], 00 00 00 00) >= 5.000000 OR
005CBBAB	LGN_FunkyDuds_Spell03	0	13	11010000	>=	OR	Subject	WornApparelHasKeywordCount	ma_EnclaveScoutUniform [KYWD:0034ED60]	00 00 00 00		5.000000	0	Subject.WornApparelHasKeywordCount(ma_EnclaveScoutUniform [KYWD:0034ED60], 00 00 00 00) >= 5.000000 OR
005CBBAB	LGN_FunkyDuds_Spell03	0	14	11010000	>=	OR	Subject	WornApparelHasKeywordCount	dn_armor_BOSInfantry [KYWD:005DD33A]	00 00 00 00		5.000000	0	Subject.WornApparelHasKeywordCount(dn_armor_BOSInfantry [KYWD:005DD33A], 00 00 00 00) >= 5.000000 OR
005CBBAB	LGN_FunkyDuds_Spell03	0	15	11010000	>=	OR	Subject	WornApparelHasKeywordCount	dn_armor_EnclaveScoutUniform_Covert [KYWD:005FC9B8]	00 00 00 00		5.000000	0	Subject.WornApparelHasKeywordCount(dn_armor_EnclaveScoutUniform_Covert [KYWD:005FC9B8], 00 00 00 00) >= 5.000000 OR
005CBBAB	LGN_FunkyDuds_Spell03	0	16	11010000	>=	OR	Subject	WornApparelHasKeywordCount	dn_PowerArmor_Excavator [KYWD:00338696]	00 00 00 00		6.000000	0	Subject.WornApparelHasKeywordCount(dn_PowerArmor_Excavator [KYWD:00338696], 00 00 00 00) >= 6.000000 OR
005CBBAB	LGN_FunkyDuds_Spell03	0	17	11010000	>=	OR	Subject	WornApparelHasKeywordCount	dn_PowerArmor_Raider [KYWD:0020BDB8]	00 00 00 00		6.000000	0	Subject.WornApparelHasKeywordCount(dn_PowerArmor_Raider [KYWD:0020BDB8], 00 00 00 00) >= 6.000000 OR
005CBBAB	LGN_FunkyDuds_Spell03	0	18	11010000	>=	OR	Subject	WornApparelHasKeywordCount	dn_PowerArmor_T45 [KYWD:00188171]	00 00 00 00		6.000000	0	Subject.WornApparelHasKeywordCount(dn_PowerArmor_T45 [KYWD:00188171], 00 00 00 00) >= 6.000000 OR
005CBBAB	LGN_FunkyDuds_Spell03	0	19	11010000	>=	OR	Subject	WornApparelHasKeywordCount	dn_PowerArmor_T51 [KYWD:00188172]	00 00 00 00		6.000000	0	Subject.WornApparelHasKeywordCount(dn_PowerArmor_T51 [KYWD:00188172], 00 00 00 00) >= 6.000000 OR
005CBBAB	LGN_FunkyDuds_Spell03	0	20	11010000	>=	OR	Subject	WornApparelHasKeywordCount	dn_PowerArmor_T60 [KYWD:0018816A]	00 00 00 00		6.000000	0	Subject.WornApparelHasKeywordCount(dn_PowerArmor_T60 [KYWD:0018816A], 00 00 00 00) >= 6.000000 OR
005CBBAB	LGN_FunkyDuds_Spell03	0	21	11010000	>=	OR	Subject	WornApparelHasKeywordCount	dn_PowerArmor_T65 [KYWD:005485A8]	00 00 00 00		6.000000	0	Subject.WornApparelHasKeywordCount(dn_PowerArmor_T65 [KYWD:005485A8], 00 00 00 00) >= 6.000000 OR
005CBBAB	LGN_FunkyDuds_Spell03	0	22	11010000	>=	OR	Subject	WornApparelHasKeywordCount	dn_PowerArmor_Ultracite [KYWD:003385A1]	00 00 00 00		6.000000	0	Subject.WornApparelHasKeywordCount(dn_PowerArmor_Ultracite [KYWD:003385A1], 00 00 00 00) >= 6.000000 OR
005CBBAB	LGN_FunkyDuds_Spell03	0	23	11010000	>=	OR	Subject	WornApparelHasKeywordCount	dn_PowerArmor_V94_Ultracite [KYWD:00555468]	00 00 00 00		6.000000	0	Subject.WornApparelHasKeywordCount(dn_PowerArmor_V94_Ultracite [KYWD:00555468], 00 00 00 00) >= 6.000000 OR
005CBBAB	LGN_FunkyDuds_Spell03	0	24	11010000	>=	OR	Subject	WornApparelHasKeywordCount	dn_PowerArmor_X01 [KYWD:00188173]	00 00 00 00		6.000000	0	Subject.WornApparelHasKeywordCount(dn_PowerArmor_X01 [KYWD:00188173], 00 00 00 00) >= 6.000000 OR
005CBBAB	LGN_FunkyDuds_Spell03	0	25	11010000	>=	OR	Subject	WornApparelHasKeywordCount	dn_PowerArmor_Hellcat [KYWD:0060D5C8]	00 00 00 00		6.000000	0	Subject.WornApparelHasKeywordCount(dn_PowerArmor_Hellcat [KYWD:0060D5C8], 00 00 00 00) >= 6.000000 OR
005CBBAB	LGN_FunkyDuds_Spell03	0	26	11010000	>=	OR	Subject	WornApparelHasKeywordCount	dn_PowerArmor_Union [KYWD:0064B97F]	00 00 00 00		6.000000	0	Subject.WornApparelHasKeywordCount(dn_PowerArmor_Union [KYWD:0064B97F], 00 00 00 00) >= 6.000000 OR
005CBBAB	LGN_FunkyDuds_Spell03	0	27	11010000	>=	OR	Subject	WornApparelHasKeywordCount	RD01_dn_PowerArmor_EnclaveVulcan [KYWD:00788D4A]	00 00 00 00		6.000000	0	Subject.WornApparelHasKeywordCount(RD01_dn_PowerArmor_EnclaveVulcan [KYWD:00788D4A], 00 00 00 00) >= 6.000000 OR
005CBBA9	LGN_FunkyDuds_Spell01	0	0	10000000	=	AND	Subject	HasPerk	LGN_FunkyDuds_Perk02 "Funky Duds" [PERK:005CBBA6]	00 00 00 00		0.000000	0	Subject.HasPerk(LGN_FunkyDuds_Perk02 "Funky Duds" [PERK:005CBBA6], 00 00 00 00) = 0.000000 AND
005CBBA9	LGN_FunkyDuds_Spell01	0	1	11010000	>=	OR	Subject	WornApparelHasKeywordCount	XPD_AC_dn_armor_Muni [KYWD:006F3DEA]	00 00 00 00		5.000000	0	Subject.WornApparelHasKeywordCount(XPD_AC_dn_armor_Muni [KYWD:006F3DEA], 00 00 00 00) >= 5.000000 OR
005CBBA9	LGN_FunkyDuds_Spell01	0	2	11010000	>=	OR	Subject	WornApparelHasKeywordCount	dn_armor_Robot [KYWD:00508D8A]	00 00 00 00		5.000000	0	Subject.WornApparelHasKeywordCount(dn_armor_Robot [KYWD:00508D8A], 00 00 00 00) >= 5.000000 OR
005CBBA9	LGN_FunkyDuds_Spell01	0	3	11010000	>=	OR	Subject	WornApparelHasKeywordCount	dn_armor_RaiderMod [KYWD:00237E59]	00 00 00 00		5.000000	0	Subject.WornApparelHasKeywordCount(dn_armor_RaiderMod [KYWD:00237E59], 00 00 00 00) >= 5.000000 OR
005CBBA9	LGN_FunkyDuds_Spell01	0	4	11010000	>=	OR	Subject	WornApparelHasKeywordCount	dn_armor_Trapper [KYWD:00110891]	00 00 00 00		5.000000	0	Subject.WornApparelHasKeywordCount(dn_armor_Trapper [KYWD:00110891], 00 00 00 00) >= 5.000000 OR
005CBBA9	LGN_FunkyDuds_Spell01	0	5	11010000	>=	OR	Subject	WornApparelHasKeywordCount	dn_armor_SecretService [KYWD:005A12A3]	00 00 00 00		5.000000	0	Subject.WornApparelHasKeywordCount(dn_armor_SecretService [KYWD:005A12A3], 00 00 00 00) >= 5.000000 OR
005CBBA9	LGN_FunkyDuds_Spell01	0	6	11010000	>=	OR	Subject	WornApparelHasKeywordCount	ma_armor_Wood [KYWD:003D6177]	00 00 00 00		5.000000	0	Subject.WornApparelHasKeywordCount(ma_armor_Wood [KYWD:003D6177], 00 00 00 00) >= 5.000000 OR
005CBBA9	LGN_FunkyDuds_Spell01	0	7	11010000	>=	OR	Subject	WornApparelHasKeywordCount	dn_armor_Metal [KYWD:00237E58]	00 00 00 00		5.000000	0	Subject.WornApparelHasKeywordCount(dn_armor_Metal [KYWD:00237E58], 00 00 00 00) >= 5.000000 OR
005CBBA9	LGN_FunkyDuds_Spell01	0	8	11010000	>=	OR	Subject	WornApparelHasKeywordCount	DLC03_dn_armor_Marine [KYWD:0011099A]	00 00 00 00		5.000000	0	Subject.WornApparelHasKeywordCount(DLC03_dn_armor_Marine [KYWD:0011099A], 00 00 00 00) >= 5.000000 OR
005CBBA9	LGN_FunkyDuds_Spell01	0	9	11010000	>=	OR	Subject	WornApparelHasKeywordCount	dn_armor_Combat [KYWD:00237E56]	00 00 00 00		5.000000	0	Subject.WornApparelHasKeywordCount(dn_armor_Combat [KYWD:00237E56], 00 00 00 00) >= 5.000000 OR
005CBBA9	LGN_FunkyDuds_Spell01	0	10	11010000	>=	OR	Subject	WornApparelHasKeywordCount	ma_EnclaveScoutUniform [KYWD:0034ED60]	00 00 00 00		5.000000	0	Subject.WornApparelHasKeywordCount(ma_EnclaveScoutUniform [KYWD:0034ED60], 00 00 00 00) >= 5.000000 OR
005CBBA9	LGN_FunkyDuds_Spell01	0	11	11010000	>=	OR	Subject	WornApparelHasKeywordCount	dn_armor_EnclaveScoutUniform_Solar [KYWD:005D98DA]	00 00 00 00		5.000000	0	Subject.WornApparelHasKeywordCount(dn_armor_EnclaveScoutUniform_Solar [KYWD:005D98DA], 00 00 00 00) >= 5.000000 OR
005CBBA9	LGN_FunkyDuds_Spell01	0	12	11010000	>=	OR	Subject	WornApparelHasKeywordCount	dn_armor_EnclaveScoutUniform_Thorn [KYWD:005D98DC]	00 00 00 00		5.000000	0	Subject.WornApparelHasKeywordCount(dn_armor_EnclaveScoutUniform_Thorn [KYWD:005D98DC], 00 00 00 00) >= 5.000000 OR
005CBBA9	LGN_FunkyDuds_Spell01	0	13	11010000	>=	OR	Subject	WornApparelHasKeywordCount	ma_armor_Leather [KYWD:00452EF5]	00 00 00 00		5.000000	0	Subject.WornApparelHasKeywordCount(ma_armor_Leather [KYWD:00452EF5], 00 00 00 00) >= 5.000000 OR
005CBBA9	LGN_FunkyDuds_Spell01	0	14	11010000	>=	OR	Subject	WornApparelHasKeywordCount	dn_armor_BOSInfantry [KYWD:005DD33A]	00 00 00 00		5.000000	0	Subject.WornApparelHasKeywordCount(dn_armor_BOSInfantry [KYWD:005DD33A], 00 00 00 00) >= 5.000000 OR
005CBBA9	LGN_FunkyDuds_Spell01	0	15	11010000	>=	OR	Subject	WornApparelHasKeywordCount	dn_armor_EnclaveScoutUniform_Covert [KYWD:005FC9B8]	00 00 00 00		5.000000	0	Subject.WornApparelHasKeywordCount(dn_armor_EnclaveScoutUniform_Covert [KYWD:005FC9B8], 00 00 00 00) >= 5.000000 OR
005CBBA9	LGN_FunkyDuds_Spell01	0	16	11010000	>=	OR	Subject	WornApparelHasKeywordCount	dn_PowerArmor_Excavator [KYWD:00338696]	00 00 00 00		6.000000	0	Subject.WornApparelHasKeywordCount(dn_PowerArmor_Excavator [KYWD:00338696], 00 00 00 00) >= 6.000000 OR
005CBBA9	LGN_FunkyDuds_Spell01	0	17	11010000	>=	OR	Subject	WornApparelHasKeywordCount	dn_PowerArmor_Raider [KYWD:0020BDB8]	00 00 00 00		6.000000	0	Subject.WornApparelHasKeywordCount(dn_PowerArmor_Raider [KYWD:0020BDB8], 00 00 00 00) >= 6.000000 OR
005CBBA9	LGN_FunkyDuds_Spell01	0	18	11010000	>=	OR	Subject	WornApparelHasKeywordCount	dn_PowerArmor_T45 [KYWD:00188171]	00 00 00 00		6.000000	0	Subject.WornApparelHasKeywordCount(dn_PowerArmor_T45 [KYWD:00188171], 00 00 00 00) >= 6.000000 OR
005CBBA9	LGN_FunkyDuds_Spell01	0	19	11010000	>=	OR	Subject	WornApparelHasKeywordCount	dn_PowerArmor_T51 [KYWD:00188172]	00 00 00 00		6.000000	0	Subject.WornApparelHasKeywordCount(dn_PowerArmor_T51 [KYWD:00188172], 00 00 00 00) >= 6.000000 OR
005CBBA9	LGN_FunkyDuds_Spell01	0	20	11010000	>=	OR	Subject	WornApparelHasKeywordCount	dn_PowerArmor_T60 [KYWD:0018816A]	00 00 00 00		6.000000	0	Subject.WornApparelHasKeywordCount(dn_PowerArmor_T60 [KYWD:0018816A], 00 00 00 00) >= 6.000000 OR
005CBBA9	LGN_FunkyDuds_Spell01	0	21	11010000	>=	OR	Subject	WornApparelHasKeywordCount	dn_PowerArmor_T65 [KYWD:005485A8]	00 00 00 00		6.000000	0	Subject.WornApparelHasKeywordCount(dn_PowerArmor_T65 [KYWD:005485A8], 00 00 00 00) >= 6.000000 OR
005CBBA9	LGN_FunkyDuds_Spell01	0	22	11010000	>=	OR	Subject	WornApparelHasKeywordCount	dn_PowerArmor_Ultracite [KYWD:003385A1]	00 00 00 00		6.000000	0	Subject.WornApparelHasKeywordCount(dn_PowerArmor_Ultracite [KYWD:003385A1], 00 00 00 00) >= 6.000000 OR
005CBBA9	LGN_FunkyDuds_Spell01	0	23	11010000	>=	OR	Subject	WornApparelHasKeywordCount	dn_PowerArmor_V94_Ultracite [KYWD:00555468]	00 00 00 00		6.000000	0	Subject.WornApparelHasKeywordCount(dn_PowerArmor_V94_Ultracite [KYWD:00555468], 00 00 00 00) >= 6.000000 OR
005CBBA9	LGN_FunkyDuds_Spell01	0	24	11010000	>=	OR	Subject	WornApparelHasKeywordCount	dn_PowerArmor_X01 [KYWD:00188173]	00 00 00 00		6.000000	0	Subject.WornApparelHasKeywordCount(dn_PowerArmor_X01 [KYWD:00188173], 00 00 00 00) >= 6.000000 OR
005CBBA9	LGN_FunkyDuds_Spell01	0	25	11010000	>=	OR	Subject	WornApparelHasKeywordCount	dn_PowerArmor_Hellcat [KYWD:0060D5C8]	00 00 00 00		6.000000	0	Subject.WornApparelHasKeywordCount(dn_PowerArmor_Hellcat [KYWD:0060D5C8], 00 00 00 00) >= 6.000000 OR
005CBBA9	LGN_FunkyDuds_Spell01	0	26	11010000	>=	OR	Subject	WornApparelHasKeywordCount	dn_PowerArmor_Union [KYWD:0064B97F]	00 00 00 00		6.000000	0	Subject.WornApparelHasKeywordCount(dn_PowerArmor_Union [KYWD:0064B97F], 00 00 00 00) >= 6.000000 OR
005CBBA9	LGN_FunkyDuds_Spell01	0	27	11010000	>=	OR	Subject	WornApparelHasKeywordCount	RD01_dn_PowerArmor_EnclaveVulcan [KYWD:00788D4A]	00 00 00 00		6.000000	0	Subject.WornApparelHasKeywordCount(RD01_dn_PowerArmor_EnclaveVulcan [KYWD:00788D4A], 00 00 00 00) >= 6.000000 OR
005CBBAC	LGN_FunkyDuds_Spell04	0	0	11010000	>=	OR	Subject	WornApparelHasKeywordCount	XPD_AC_dn_armor_Muni [KYWD:006F3DEA]	00 00 00 00		5.000000	0	Subject.WornApparelHasKeywordCount(XPD_AC_dn_armor_Muni [KYWD:006F3DEA], 00 00 00 00) >= 5.000000 OR
005CBBAC	LGN_FunkyDuds_Spell04	0	1	11010000	>=	OR	Subject	WornApparelHasKeywordCount	dn_armor_Robot [KYWD:00508D8A]	00 00 00 00		5.000000	0	Subject.WornApparelHasKeywordCount(dn_armor_Robot [KYWD:00508D8A], 00 00 00 00) >= 5.000000 OR
005CBBAC	LGN_FunkyDuds_Spell04	0	2	11010000	>=	OR	Subject	WornApparelHasKeywordCount	dn_armor_RaiderMod [KYWD:00237E59]	00 00 00 00		5.000000	0	Subject.WornApparelHasKeywordCount(dn_armor_RaiderMod [KYWD:00237E59], 00 00 00 00) >= 5.000000 OR
005CBBAC	LGN_FunkyDuds_Spell04	0	3	11010000	>=	OR	Subject	WornApparelHasKeywordCount	dn_armor_Trapper [KYWD:00110891]	00 00 00 00		5.000000	0	Subject.WornApparelHasKeywordCount(dn_armor_Trapper [KYWD:00110891], 00 00 00 00) >= 5.000000 OR
005CBBAC	LGN_FunkyDuds_Spell04	0	4	11010000	>=	OR	Subject	WornApparelHasKeywordCount	dn_armor_SecretService [KYWD:005A12A3]	00 00 00 00		5.000000	0	Subject.WornApparelHasKeywordCount(dn_armor_SecretService [KYWD:005A12A3], 00 00 00 00) >= 5.000000 OR
005CBBAC	LGN_FunkyDuds_Spell04	0	5	11010000	>=	OR	Subject	WornApparelHasKeywordCount	ma_armor_Wood [KYWD:003D6177]	00 00 00 00		5.000000	0	Subject.WornApparelHasKeywordCount(ma_armor_Wood [KYWD:003D6177], 00 00 00 00) >= 5.000000 OR
005CBBAC	LGN_FunkyDuds_Spell04	0	6	11010000	>=	OR	Subject	WornApparelHasKeywordCount	dn_armor_Metal [KYWD:00237E58]	00 00 00 00		5.000000	0	Subject.WornApparelHasKeywordCount(dn_armor_Metal [KYWD:00237E58], 00 00 00 00) >= 5.000000 OR
005CBBAC	LGN_FunkyDuds_Spell04	0	7	11010000	>=	OR	Subject	WornApparelHasKeywordCount	DLC03_dn_armor_Marine [KYWD:0011099A]	00 00 00 00		5.000000	0	Subject.WornApparelHasKeywordCount(DLC03_dn_armor_Marine [KYWD:0011099A], 00 00 00 00) >= 5.000000 OR
005CBBAC	LGN_FunkyDuds_Spell04	0	8	11010000	>=	OR	Subject	WornApparelHasKeywordCount	dn_armor_Combat [KYWD:00237E56]	00 00 00 00		5.000000	0	Subject.WornApparelHasKeywordCount(dn_armor_Combat [KYWD:00237E56], 00 00 00 00) >= 5.000000 OR
005CBBAC	LGN_FunkyDuds_Spell04	0	9	11010000	>=	OR	Subject	WornApparelHasKeywordCount	dn_armor_EnclaveScoutUniform_Solar [KYWD:005D98DA]	00 00 00 00		5.000000	0	Subject.WornApparelHasKeywordCount(dn_armor_EnclaveScoutUniform_Solar [KYWD:005D98DA], 00 00 00 00) >= 5.000000 OR
005CBBAC	LGN_FunkyDuds_Spell04	0	10	11010000	>=	OR	Subject	WornApparelHasKeywordCount	dn_armor_EnclaveScoutUniform_Thorn [KYWD:005D98DC]	00 00 00 00		5.000000	0	Subject.WornApparelHasKeywordCount(dn_armor_EnclaveScoutUniform_Thorn [KYWD:005D98DC], 00 00 00 00) >= 5.000000 OR
005CBBAC	LGN_FunkyDuds_Spell04	0	11	11010000	>=	OR	Subject	WornApparelHasKeywordCount	ma_EnclaveScoutUniform [KYWD:0034ED60]	00 00 00 00		5.000000	0	Subject.WornApparelHasKeywordCount(ma_EnclaveScoutUniform [KYWD:0034ED60], 00 00 00 00) >= 5.000000 OR
005CBBAC	LGN_FunkyDuds_Spell04	0	12	11010000	>=	OR	Subject	WornApparelHasKeywordCount	ma_armor_Leather [KYWD:00452EF5]	00 00 00 00		5.000000	0	Subject.WornApparelHasKeywordCount(ma_armor_Leather [KYWD:00452EF5], 00 00 00 00) >= 5.000000 OR
005CBBAC	LGN_FunkyDuds_Spell04	0	13	11010000	>=	OR	Subject	WornApparelHasKeywordCount	dn_armor_BOSInfantry [KYWD:005DD33A]	00 00 00 00		5.000000	0	Subject.WornApparelHasKeywordCount(dn_armor_BOSInfantry [KYWD:005DD33A], 00 00 00 00) >= 5.000000 OR
005CBBAC	LGN_FunkyDuds_Spell04	0	14	11010000	>=	OR	Subject	WornApparelHasKeywordCount	dn_armor_BOSInfantry [KYWD:005DD33A]	00 00 00 00		5.000000	0	Subject.WornApparelHasKeywordCount(dn_armor_BOSInfantry [KYWD:005DD33A], 00 00 00 00) >= 5.000000 OR
005CBBAC	LGN_FunkyDuds_Spell04	0	15	11010000	>=	OR	Subject	WornApparelHasKeywordCount	dn_armor_EnclaveScoutUniform_Covert [KYWD:005FC9B8]	00 00 00 00		5.000000	0	Subject.WornApparelHasKeywordCount(dn_armor_EnclaveScoutUniform_Covert [KYWD:005FC9B8], 00 00 00 00) >= 5.000000 OR
005CBBAC	LGN_FunkyDuds_Spell04	0	16	11010000	>=	OR	Subject	WornApparelHasKeywordCount	dn_PowerArmor_Excavator [KYWD:00338696]	00 00 00 00		6.000000	0	Subject.WornApparelHasKeywordCount(dn_PowerArmor_Excavator [KYWD:00338696], 00 00 00 00) >= 6.000000 OR
005CBBAC	LGN_FunkyDuds_Spell04	0	17	11010000	>=	OR	Subject	WornApparelHasKeywordCount	dn_PowerArmor_Raider [KYWD:0020BDB8]	00 00 00 00		6.000000	0	Subject.WornApparelHasKeywordCount(dn_PowerArmor_Raider [KYWD:0020BDB8], 00 00 00 00) >= 6.000000 OR
005CBBAC	LGN_FunkyDuds_Spell04	0	18	11010000	>=	OR	Subject	WornApparelHasKeywordCount	dn_PowerArmor_T45 [KYWD:00188171]	00 00 00 00		6.000000	0	Subject.WornApparelHasKeywordCount(dn_PowerArmor_T45 [KYWD:00188171], 00 00 00 00) >= 6.000000 OR
005CBBAC	LGN_FunkyDuds_Spell04	0	19	11010000	>=	OR	Subject	WornApparelHasKeywordCount	dn_PowerArmor_T51 [KYWD:00188172]	00 00 00 00		6.000000	0	Subject.WornApparelHasKeywordCount(dn_PowerArmor_T51 [KYWD:00188172], 00 00 00 00) >= 6.000000 OR
005CBBAC	LGN_FunkyDuds_Spell04	0	20	11010000	>=	OR	Subject	WornApparelHasKeywordCount	dn_PowerArmor_T60 [KYWD:0018816A]	00 00 00 00		6.000000	0	Subject.WornApparelHasKeywordCount(dn_PowerArmor_T60 [KYWD:0018816A], 00 00 00 00) >= 6.000000 OR
005CBBAC	LGN_FunkyDuds_Spell04	0	21	11010000	>=	OR	Subject	WornApparelHasKeywordCount	dn_PowerArmor_T65 [KYWD:005485A8]	00 00 00 00		6.000000	0	Subject.WornApparelHasKeywordCount(dn_PowerArmor_T65 [KYWD:005485A8], 00 00 00 00) >= 6.000000 OR
005CBBAC	LGN_FunkyDuds_Spell04	0	22	11010000	>=	OR	Subject	WornApparelHasKeywordCount	dn_PowerArmor_Ultracite [KYWD:003385A1]	00 00 00 00		6.000000	0	Subject.WornApparelHasKeywordCount(dn_PowerArmor_Ultracite [KYWD:003385A1], 00 00 00 00) >= 6.000000 OR
005CBBAC	LGN_FunkyDuds_Spell04	0	23	11010000	>=	OR	Subject	WornApparelHasKeywordCount	dn_PowerArmor_V94_Ultracite [KYWD:00555468]	00 00 00 00		6.000000	0	Subject.WornApparelHasKeywordCount(dn_PowerArmor_V94_Ultracite [KYWD:00555468], 00 00 00 00) >= 6.000000 OR
005CBBAC	LGN_FunkyDuds_Spell04	0	24	11010000	>=	OR	Subject	WornApparelHasKeywordCount	dn_PowerArmor_X01 [KYWD:00188173]	00 00 00 00		6.000000	0	Subject.WornApparelHasKeywordCount(dn_PowerArmor_X01 [KYWD:00188173], 00 00 00 00) >= 6.000000 OR
005CBBAC	LGN_FunkyDuds_Spell04	0	25	11010000	>=	OR	Subject	WornApparelHasKeywordCount	dn_PowerArmor_Hellcat [KYWD:0060D5C8]	00 00 00 00		6.000000	0	Subject.WornApparelHasKeywordCount(dn_PowerArmor_Hellcat [KYWD:0060D5C8], 00 00 00 00) >= 6.000000 OR
005CBBAC	LGN_FunkyDuds_Spell04	0	26	11010000	>=	OR	Subject	WornApparelHasKeywordCount	dn_PowerArmor_Union [KYWD:0064B97F]	00 00 00 00		6.000000	0	Subject.WornApparelHasKeywordCount(dn_PowerArmor_Union [KYWD:0064B97F], 00 00 00 00) >= 6.000000 OR
005CBBAC	LGN_FunkyDuds_Spell04	0	27	11010000	>=	OR	Subject	WornApparelHasKeywordCount	RD01_dn_PowerArmor_EnclaveVulcan [KYWD:00788D4A]	00 00 00 00		6.000000	0	Subject.WornApparelHasKeywordCount(RD01_dn_PowerArmor_EnclaveVulcan [KYWD:00788D4A], 00 00 00 00) >= 6.000000 OR
005CBBAA	LGN_FunkyDuds_Spell02	0	0	10000000	=	AND	Subject	HasPerk	LGN_FunkyDuds_Perk03 "Funky Duds" [PERK:005CBBA7]	00 00 00 00		0.000000	0	Subject.HasPerk(LGN_FunkyDuds_Perk03 "Funky Duds" [PERK:005CBBA7], 00 00 00 00) = 0.000000 AND
005CBBAA	LGN_FunkyDuds_Spell02	0	1	11010000	>=	OR	Subject	WornApparelHasKeywordCount	XPD_AC_dn_armor_Muni [KYWD:006F3DEA]	00 00 00 00		5.000000	0	Subject.WornApparelHasKeywordCount(XPD_AC_dn_armor_Muni [KYWD:006F3DEA], 00 00 00 00) >= 5.000000 OR
005CBBAA	LGN_FunkyDuds_Spell02	0	2	11010000	>=	OR	Subject	WornApparelHasKeywordCount	dn_armor_Robot [KYWD:00508D8A]	00 00 00 00		5.000000	0	Subject.WornApparelHasKeywordCount(dn_armor_Robot [KYWD:00508D8A], 00 00 00 00) >= 5.000000 OR
005CBBAA	LGN_FunkyDuds_Spell02	0	3	11010000	>=	OR	Subject	WornApparelHasKeywordCount	dn_armor_RaiderMod [KYWD:00237E59]	00 00 00 00		5.000000	0	Subject.WornApparelHasKeywordCount(dn_armor_RaiderMod [KYWD:00237E59], 00 00 00 00) >= 5.000000 OR
005CBBAA	LGN_FunkyDuds_Spell02	0	4	11010000	>=	OR	Subject	WornApparelHasKeywordCount	dn_armor_Trapper [KYWD:00110891]	00 00 00 00		5.000000	0	Subject.WornApparelHasKeywordCount(dn_armor_Trapper [KYWD:00110891], 00 00 00 00) >= 5.000000 OR
005CBBAA	LGN_FunkyDuds_Spell02	0	5	11010000	>=	OR	Subject	WornApparelHasKeywordCount	dn_armor_SecretService [KYWD:005A12A3]	00 00 00 00		5.000000	0	Subject.WornApparelHasKeywordCount(dn_armor_SecretService [KYWD:005A12A3], 00 00 00 00) >= 5.000000 OR
005CBBAA	LGN_FunkyDuds_Spell02	0	6	11010000	>=	OR	Subject	WornApparelHasKeywordCount	ma_armor_Wood [KYWD:003D6177]	00 00 00 00		5.000000	0	Subject.WornApparelHasKeywordCount(ma_armor_Wood [KYWD:003D6177], 00 00 00 00) >= 5.000000 OR
005CBBAA	LGN_FunkyDuds_Spell02	0	7	11010000	>=	OR	Subject	WornApparelHasKeywordCount	dn_armor_Metal [KYWD:00237E58]	00 00 00 00		5.000000	0	Subject.WornApparelHasKeywordCount(dn_armor_Metal [KYWD:00237E58], 00 00 00 00) >= 5.000000 OR
005CBBAA	LGN_FunkyDuds_Spell02	0	8	11010000	>=	OR	Subject	WornApparelHasKeywordCount	DLC03_dn_armor_Marine [KYWD:0011099A]	00 00 00 00		5.000000	0	Subject.WornApparelHasKeywordCount(DLC03_dn_armor_Marine [KYWD:0011099A], 00 00 00 00) >= 5.000000 OR
005CBBAA	LGN_FunkyDuds_Spell02	0	9	11010000	>=	OR	Subject	WornApparelHasKeywordCount	dn_armor_Combat [KYWD:00237E56]	00 00 00 00		5.000000	0	Subject.WornApparelHasKeywordCount(dn_armor_Combat [KYWD:00237E56], 00 00 00 00) >= 5.000000 OR
005CBBAA	LGN_FunkyDuds_Spell02	0	10	11010000	>=	OR	Subject	WornApparelHasKeywordCount	dn_armor_EnclaveScoutUniform_Solar [KYWD:005D98DA]	00 00 00 00		5.000000	0	Subject.WornApparelHasKeywordCount(dn_armor_EnclaveScoutUniform_Solar [KYWD:005D98DA], 00 00 00 00) >= 5.000000 OR
005CBBAA	LGN_FunkyDuds_Spell02	0	11	11010000	>=	OR	Subject	WornApparelHasKeywordCount	dn_armor_EnclaveScoutUniform_Thorn [KYWD:005D98DC]	00 00 00 00		5.000000	0	Subject.WornApparelHasKeywordCount(dn_armor_EnclaveScoutUniform_Thorn [KYWD:005D98DC], 00 00 00 00) >= 5.000000 OR
005CBBAA	LGN_FunkyDuds_Spell02	0	12	11010000	>=	OR	Subject	WornApparelHasKeywordCount	ma_armor_Leather [KYWD:00452EF5]	00 00 00 00		5.000000	0	Subject.WornApparelHasKeywordCount(ma_armor_Leather [KYWD:00452EF5], 00 00 00 00) >= 5.000000 OR
005CBBAA	LGN_FunkyDuds_Spell02	0	13	11010000	>=	OR	Subject	WornApparelHasKeywordCount	ma_EnclaveScoutUniform [KYWD:0034ED60]	00 00 00 00		5.000000	0	Subject.WornApparelHasKeywordCount(ma_EnclaveScoutUniform [KYWD:0034ED60], 00 00 00 00) >= 5.000000 OR
005CBBAA	LGN_FunkyDuds_Spell02	0	14	11010000	>=	OR	Subject	WornApparelHasKeywordCount	dn_armor_BOSInfantry [KYWD:005DD33A]	00 00 00 00		5.000000	0	Subject.WornApparelHasKeywordCount(dn_armor_BOSInfantry [KYWD:005DD33A], 00 00 00 00) >= 5.000000 OR
005CBBAA	LGN_FunkyDuds_Spell02	0	15	11010000	>=	OR	Subject	WornApparelHasKeywordCount	dn_armor_EnclaveScoutUniform_Covert [KYWD:005FC9B8]	00 00 00 00		5.000000	0	Subject.WornApparelHasKeywordCount(dn_armor_EnclaveScoutUniform_Covert [KYWD:005FC9B8], 00 00 00 00) >= 5.000000 OR
005CBBAA	LGN_FunkyDuds_Spell02	0	16	11010000	>=	OR	Subject	WornApparelHasKeywordCount	dn_PowerArmor_Excavator [KYWD:00338696]	00 00 00 00		6.000000	0	Subject.WornApparelHasKeywordCount(dn_PowerArmor_Excavator [KYWD:00338696], 00 00 00 00) >= 6.000000 OR
005CBBAA	LGN_FunkyDuds_Spell02	0	17	11010000	>=	OR	Subject	WornApparelHasKeywordCount	dn_PowerArmor_Raider [KYWD:0020BDB8]	00 00 00 00		6.000000	0	Subject.WornApparelHasKeywordCount(dn_PowerArmor_Raider [KYWD:0020BDB8], 00 00 00 00) >= 6.000000 OR
005CBBAA	LGN_FunkyDuds_Spell02	0	18	11010000	>=	OR	Subject	WornApparelHasKeywordCount	dn_PowerArmor_T45 [KYWD:00188171]	00 00 00 00		6.000000	0	Subject.WornApparelHasKeywordCount(dn_PowerArmor_T45 [KYWD:00188171], 00 00 00 00) >= 6.000000 OR
005CBBAA	LGN_FunkyDuds_Spell02	0	19	11010000	>=	OR	Subject	WornApparelHasKeywordCount	dn_PowerArmor_T51 [KYWD:00188172]	00 00 00 00		6.000000	0	Subject.WornApparelHasKeywordCount(dn_PowerArmor_T51 [KYWD:00188172], 00 00 00 00) >= 6.000000 OR
005CBBAA	LGN_FunkyDuds_Spell02	0	20	11010000	>=	OR	Subject	WornApparelHasKeywordCount	dn_PowerArmor_T60 [KYWD:0018816A]	00 00 00 00		6.000000	0	Subject.WornApparelHasKeywordCount(dn_PowerArmor_T60 [KYWD:0018816A], 00 00 00 00) >= 6.000000 OR
005CBBAA	LGN_FunkyDuds_Spell02	0	21	11010000	>=	OR	Subject	WornApparelHasKeywordCount	dn_PowerArmor_T65 [KYWD:005485A8]	00 00 00 00		6.000000	0	Subject.WornApparelHasKeywordCount(dn_PowerArmor_T65 [KYWD:005485A8], 00 00 00 00) >= 6.000000 OR
005CBBAA	LGN_FunkyDuds_Spell02	0	22	11010000	>=	OR	Subject	WornApparelHasKeywordCount	dn_PowerArmor_Ultracite [KYWD:003385A1]	00 00 00 00		6.000000	0	Subject.WornApparelHasKeywordCount(dn_PowerArmor_Ultracite [KYWD:003385A1], 00 00 00 00) >= 6.000000 OR
005CBBAA	LGN_FunkyDuds_Spell02	0	23	11010000	>=	OR	Subject	WornApparelHasKeywordCount	dn_PowerArmor_V94_Ultracite [KYWD:00555468]	00 00 00 00		6.000000	0	Subject.WornApparelHasKeywordCount(dn_PowerArmor_V94_Ultracite [KYWD:00555468], 00 00 00 00) >= 6.000000 OR
005CBBAA	LGN_FunkyDuds_Spell02	0	24	11010000	>=	OR	Subject	WornApparelHasKeywordCount	dn_PowerArmor_X01 [KYWD:00188173]	00 00 00 00		6.000000	0	Subject.WornApparelHasKeywordCount(dn_PowerArmor_X01 [KYWD:00188173], 00 00 00 00) >= 6.000000 OR
005CBBAA	LGN_FunkyDuds_Spell02	0	25	11010000	>=	OR	Subject	WornApparelHasKeywordCount	dn_PowerArmor_Hellcat [KYWD:0060D5C8]	00 00 00 00		6.000000	0	Subject.WornApparelHasKeywordCount(dn_PowerArmor_Hellcat [KYWD:0060D5C8], 00 00 00 00) >= 6.000000 OR
005CBBAA	LGN_FunkyDuds_Spell02	0	26	11010000	>=	OR	Subject	WornApparelHasKeywordCount	dn_PowerArmor_Union [KYWD:0064B97F]	00 00 00 00		6.000000	0	Subject.WornApparelHasKeywordCount(dn_PowerArmor_Union [KYWD:0064B97F], 00 00 00 00) >= 6.000000 OR
005CBBAA	LGN_FunkyDuds_Spell02	0	27	11010000	>=	OR	Subject	WornApparelHasKeywordCount	RD01_dn_PowerArmor_EnclaveVulcan [KYWD:00788D4A]	00 00 00 00		6.000000	0	Subject.WornApparelHasKeywordCount(RD01_dn_PowerArmor_EnclaveVulcan [KYWD:00788D4A], 00 00 00 00) >= 6.000000 OR
005CBE6B	LGN_SizzlingStyle_Spell01	0	0	10000000	=	AND	Subject	HasPerk	LGN_SizzlingStyle_Perk02 "Sizzling Style" [PERK:005CBE68]	00 00 00 00		0.000000	0	Subject.HasPerk(LGN_SizzlingStyle_Perk02 "Sizzling Style" [PERK:005CBE68], 00 00 00 00) = 0.000000 AND
005CBE6B	LGN_SizzlingStyle_Spell01	0	1	11010000	>=	OR	Subject	WornApparelHasKeywordCount	XPD_AC_dn_armor_Muni [KYWD:006F3DEA]	00 00 00 00		5.000000	0	Subject.WornApparelHasKeywordCount(XPD_AC_dn_armor_Muni [KYWD:006F3DEA], 00 00 00 00) >= 5.000000 OR
005CBE6B	LGN_SizzlingStyle_Spell01	0	2	11010000	>=	OR	Subject	WornApparelHasKeywordCount	dn_armor_Robot [KYWD:00508D8A]	00 00 00 00		5.000000	0	Subject.WornApparelHasKeywordCount(dn_armor_Robot [KYWD:00508D8A], 00 00 00 00) >= 5.000000 OR
005CBE6B	LGN_SizzlingStyle_Spell01	0	3	11010000	>=	OR	Subject	WornApparelHasKeywordCount	dn_armor_RaiderMod [KYWD:00237E59]	00 00 00 00		5.000000	0	Subject.WornApparelHasKeywordCount(dn_armor_RaiderMod [KYWD:00237E59], 00 00 00 00) >= 5.000000 OR
005CBE6B	LGN_SizzlingStyle_Spell01	0	4	11010000	>=	OR	Subject	WornApparelHasKeywordCount	dn_armor_Trapper [KYWD:00110891]	00 00 00 00		5.000000	0	Subject.WornApparelHasKeywordCount(dn_armor_Trapper [KYWD:00110891], 00 00 00 00) >= 5.000000 OR
005CBE6B	LGN_SizzlingStyle_Spell01	0	5	11010000	>=	OR	Subject	WornApparelHasKeywordCount	dn_armor_SecretService [KYWD:005A12A3]	00 00 00 00		5.000000	0	Subject.WornApparelHasKeywordCount(dn_armor_SecretService [KYWD:005A12A3], 00 00 00 00) >= 5.000000 OR
005CBE6B	LGN_SizzlingStyle_Spell01	0	6	11010000	>=	OR	Subject	WornApparelHasKeywordCount	ma_armor_Wood [KYWD:003D6177]	00 00 00 00		5.000000	0	Subject.WornApparelHasKeywordCount(ma_armor_Wood [KYWD:003D6177], 00 00 00 00) >= 5.000000 OR
005CBE6B	LGN_SizzlingStyle_Spell01	0	7	11010000	>=	OR	Subject	WornApparelHasKeywordCount	dn_armor_Metal [KYWD:00237E58]	00 00 00 00		5.000000	0	Subject.WornApparelHasKeywordCount(dn_armor_Metal [KYWD:00237E58], 00 00 00 00) >= 5.000000 OR
005CBE6B	LGN_SizzlingStyle_Spell01	0	8	11010000	>=	OR	Subject	WornApparelHasKeywordCount	DLC03_dn_armor_Marine [KYWD:0011099A]	00 00 00 00		5.000000	0	Subject.WornApparelHasKeywordCount(DLC03_dn_armor_Marine [KYWD:0011099A], 00 00 00 00) >= 5.000000 OR
005CBE6B	LGN_SizzlingStyle_Spell01	0	9	11010000	>=	OR	Subject	WornApparelHasKeywordCount	dn_armor_Combat [KYWD:00237E56]	00 00 00 00		5.000000	0	Subject.WornApparelHasKeywordCount(dn_armor_Combat [KYWD:00237E56], 00 00 00 00) >= 5.000000 OR
005CBE6B	LGN_SizzlingStyle_Spell01	0	10	11010000	>=	OR	Subject	WornApparelHasKeywordCount	dn_armor_EnclaveScoutUniform_Solar [KYWD:005D98DA]	00 00 00 00		5.000000	0	Subject.WornApparelHasKeywordCount(dn_armor_EnclaveScoutUniform_Solar [KYWD:005D98DA], 00 00 00 00) >= 5.000000 OR
005CBE6B	LGN_SizzlingStyle_Spell01	0	11	11010000	>=	OR	Subject	WornApparelHasKeywordCount	dn_armor_EnclaveScoutUniform_Thorn [KYWD:005D98DC]	00 00 00 00		5.000000	0	Subject.WornApparelHasKeywordCount(dn_armor_EnclaveScoutUniform_Thorn [KYWD:005D98DC], 00 00 00 00) >= 5.000000 OR
005CBE6B	LGN_SizzlingStyle_Spell01	0	12	11010000	>=	OR	Subject	WornApparelHasKeywordCount	ma_armor_Leather [KYWD:00452EF5]	00 00 00 00		5.000000	0	Subject.WornApparelHasKeywordCount(ma_armor_Leather [KYWD:00452EF5], 00 00 00 00) >= 5.000000 OR
005CBE6B	LGN_SizzlingStyle_Spell01	0	13	11010000	>=	OR	Subject	WornApparelHasKeywordCount	ma_EnclaveScoutUniform [KYWD:0034ED60]	00 00 00 00		5.000000	0	Subject.WornApparelHasKeywordCount(ma_EnclaveScoutUniform [KYWD:0034ED60], 00 00 00 00) >= 5.000000 OR
005CBE6B	LGN_SizzlingStyle_Spell01	0	14	11010000	>=	OR	Subject	WornApparelHasKeywordCount	dn_armor_BOSInfantry [KYWD:005DD33A]	00 00 00 00		5.000000	0	Subject.WornApparelHasKeywordCount(dn_armor_BOSInfantry [KYWD:005DD33A], 00 00 00 00) >= 5.000000 OR
005CBE6B	LGN_SizzlingStyle_Spell01	0	15	11010000	>=	OR	Subject	WornApparelHasKeywordCount	dn_armor_EnclaveScoutUniform_Covert [KYWD:005FC9B8]	00 00 00 00		5.000000	0	Subject.WornApparelHasKeywordCount(dn_armor_EnclaveScoutUniform_Covert [KYWD:005FC9B8], 00 00 00 00) >= 5.000000 OR
005CBE6B	LGN_SizzlingStyle_Spell01	0	16	11010000	>=	OR	Subject	WornApparelHasKeywordCount	dn_PowerArmor_Excavator [KYWD:00338696]	00 00 00 00		6.000000	0	Subject.WornApparelHasKeywordCount(dn_PowerArmor_Excavator [KYWD:00338696], 00 00 00 00) >= 6.000000 OR
005CBE6B	LGN_SizzlingStyle_Spell01	0	17	11010000	>=	OR	Subject	WornApparelHasKeywordCount	dn_PowerArmor_Raider [KYWD:0020BDB8]	00 00 00 00		6.000000	0	Subject.WornApparelHasKeywordCount(dn_PowerArmor_Raider [KYWD:0020BDB8], 00 00 00 00) >= 6.000000 OR
005CBE6B	LGN_SizzlingStyle_Spell01	0	18	11010000	>=	OR	Subject	WornApparelHasKeywordCount	dn_PowerArmor_T45 [KYWD:00188171]	00 00 00 00		6.000000	0	Subject.WornApparelHasKeywordCount(dn_PowerArmor_T45 [KYWD:00188171], 00 00 00 00) >= 6.000000 OR
005CBE6B	LGN_SizzlingStyle_Spell01	0	19	11010000	>=	OR	Subject	WornApparelHasKeywordCount	dn_PowerArmor_T51 [KYWD:00188172]	00 00 00 00		6.000000	0	Subject.WornApparelHasKeywordCount(dn_PowerArmor_T51 [KYWD:00188172], 00 00 00 00) >= 6.000000 OR
005CBE6B	LGN_SizzlingStyle_Spell01	0	20	11010000	>=	OR	Subject	WornApparelHasKeywordCount	dn_PowerArmor_T60 [KYWD:0018816A]	00 00 00 00		6.000000	0	Subject.WornApparelHasKeywordCount(dn_PowerArmor_T60 [KYWD:0018816A], 00 00 00 00) >= 6.000000 OR
005CBE6B	LGN_SizzlingStyle_Spell01	0	21	11010000	>=	OR	Subject	WornApparelHasKeywordCount	dn_PowerArmor_T65 [KYWD:005485A8]	00 00 00 00		6.000000	0	Subject.WornApparelHasKeywordCount(dn_PowerArmor_T65 [KYWD:005485A8], 00 00 00 00) >= 6.000000 OR
005CBE6B	LGN_SizzlingStyle_Spell01	0	22	11010000	>=	OR	Subject	WornApparelHasKeywordCount	dn_PowerArmor_Ultracite [KYWD:003385A1]	00 00 00 00		6.000000	0	Subject.WornApparelHasKeywordCount(dn_PowerArmor_Ultracite [KYWD:003385A1], 00 00 00 00) >= 6.000000 OR
005CBE6B	LGN_SizzlingStyle_Spell01	0	23	11010000	>=	OR	Subject	WornApparelHasKeywordCount	dn_PowerArmor_V94_Ultracite [KYWD:00555468]	00 00 00 00		6.000000	0	Subject.WornApparelHasKeywordCount(dn_PowerArmor_V94_Ultracite [KYWD:00555468], 00 00 00 00) >= 6.000000 OR
005CBE6B	LGN_SizzlingStyle_Spell01	0	24	11010000	>=	OR	Subject	WornApparelHasKeywordCount	dn_PowerArmor_X01 [KYWD:00188173]	00 00 00 00		6.000000	0	Subject.WornApparelHasKeywordCount(dn_PowerArmor_X01 [KYWD:00188173], 00 00 00 00) >= 6.000000 OR
005CBE6B	LGN_SizzlingStyle_Spell01	0	25	11010000	>=	OR	Subject	WornApparelHasKeywordCount	dn_PowerArmor_Hellcat [KYWD:0060D5C8]	00 00 00 00		6.000000	0	Subject.WornApparelHasKeywordCount(dn_PowerArmor_Hellcat [KYWD:0060D5C8], 00 00 00 00) >= 6.000000 OR
005CBE6B	LGN_SizzlingStyle_Spell01	0	26	11010000	>=	OR	Subject	WornApparelHasKeywordCount	dn_PowerArmor_Union [KYWD:0064B97F]	00 00 00 00		6.000000	0	Subject.WornApparelHasKeywordCount(dn_PowerArmor_Union [KYWD:0064B97F], 00 00 00 00) >= 6.000000 OR
005CBE6B	LGN_SizzlingStyle_Spell01	0	27	11010000	>=	OR	Subject	WornApparelHasKeywordCount	RD01_dn_PowerArmor_EnclaveVulcan [KYWD:00788D4A]	00 00 00 00		6.000000	0	Subject.WornApparelHasKeywordCount(RD01_dn_PowerArmor_EnclaveVulcan [KYWD:00788D4A], 00 00 00 00) >= 6.000000 OR
005CBE6C	LGN_SizzlingStyle_Spell02	0	0	10000000	=	AND	Subject	HasPerk	LGN_SizzlingStyle_Perk03 "Sizzling Style" [PERK:005CBE69]	00 00 00 00		0.000000	0	Subject.HasPerk(LGN_SizzlingStyle_Perk03 "Sizzling Style" [PERK:005CBE69], 00 00 00 00) = 0.000000 AND
005CBE6C	LGN_SizzlingStyle_Spell02	0	1	11010000	>=	OR	Subject	WornApparelHasKeywordCount	XPD_AC_dn_armor_Muni [KYWD:006F3DEA]	00 00 00 00		5.000000	0	Subject.WornApparelHasKeywordCount(XPD_AC_dn_armor_Muni [KYWD:006F3DEA], 00 00 00 00) >= 5.000000 OR
005CBE6C	LGN_SizzlingStyle_Spell02	0	2	11010000	>=	OR	Subject	WornApparelHasKeywordCount	dn_armor_Robot [KYWD:00508D8A]	00 00 00 00		5.000000	0	Subject.WornApparelHasKeywordCount(dn_armor_Robot [KYWD:00508D8A], 00 00 00 00) >= 5.000000 OR
005CBE6C	LGN_SizzlingStyle_Spell02	0	3	11010000	>=	OR	Subject	WornApparelHasKeywordCount	dn_armor_RaiderMod [KYWD:00237E59]	00 00 00 00		5.000000	0	Subject.WornApparelHasKeywordCount(dn_armor_RaiderMod [KYWD:00237E59], 00 00 00 00) >= 5.000000 OR
005CBE6C	LGN_SizzlingStyle_Spell02	0	4	11010000	>=	OR	Subject	WornApparelHasKeywordCount	dn_armor_Trapper [KYWD:00110891]	00 00 00 00		5.000000	0	Subject.WornApparelHasKeywordCount(dn_armor_Trapper [KYWD:00110891], 00 00 00 00) >= 5.000000 OR
005CBE6C	LGN_SizzlingStyle_Spell02	0	5	11010000	>=	OR	Subject	WornApparelHasKeywordCount	dn_armor_SecretService [KYWD:005A12A3]	00 00 00 00		5.000000	0	Subject.WornApparelHasKeywordCount(dn_armor_SecretService [KYWD:005A12A3], 00 00 00 00) >= 5.000000 OR
005CBE6C	LGN_SizzlingStyle_Spell02	0	6	11010000	>=	OR	Subject	WornApparelHasKeywordCount	ma_armor_Wood [KYWD:003D6177]	00 00 00 00		5.000000	0	Subject.WornApparelHasKeywordCount(ma_armor_Wood [KYWD:003D6177], 00 00 00 00) >= 5.000000 OR
005CBE6C	LGN_SizzlingStyle_Spell02	0	7	11010000	>=	OR	Subject	WornApparelHasKeywordCount	dn_armor_Metal [KYWD:00237E58]	00 00 00 00		5.000000	0	Subject.WornApparelHasKeywordCount(dn_armor_Metal [KYWD:00237E58], 00 00 00 00) >= 5.000000 OR
005CBE6C	LGN_SizzlingStyle_Spell02	0	8	11010000	>=	OR	Subject	WornApparelHasKeywordCount	DLC03_dn_armor_Marine [KYWD:0011099A]	00 00 00 00		5.000000	0	Subject.WornApparelHasKeywordCount(DLC03_dn_armor_Marine [KYWD:0011099A], 00 00 00 00) >= 5.000000 OR
005CBE6C	LGN_SizzlingStyle_Spell02	0	9	11010000	>=	OR	Subject	WornApparelHasKeywordCount	dn_armor_Combat [KYWD:00237E56]	00 00 00 00		5.000000	0	Subject.WornApparelHasKeywordCount(dn_armor_Combat [KYWD:00237E56], 00 00 00 00) >= 5.000000 OR
005CBE6C	LGN_SizzlingStyle_Spell02	0	10	11010000	>=	OR	Subject	WornApparelHasKeywordCount	dn_armor_EnclaveScoutUniform_Solar [KYWD:005D98DA]	00 00 00 00		5.000000	0	Subject.WornApparelHasKeywordCount(dn_armor_EnclaveScoutUniform_Solar [KYWD:005D98DA], 00 00 00 00) >= 5.000000 OR
005CBE6C	LGN_SizzlingStyle_Spell02	0	11	11010000	>=	OR	Subject	WornApparelHasKeywordCount	dn_armor_EnclaveScoutUniform_Thorn [KYWD:005D98DC]	00 00 00 00		5.000000	0	Subject.WornApparelHasKeywordCount(dn_armor_EnclaveScoutUniform_Thorn [KYWD:005D98DC], 00 00 00 00) >= 5.000000 OR
005CBE6C	LGN_SizzlingStyle_Spell02	0	12	11010000	>=	OR	Subject	WornApparelHasKeywordCount	ma_EnclaveScoutUniform [KYWD:0034ED60]	00 00 00 00		5.000000	0	Subject.WornApparelHasKeywordCount(ma_EnclaveScoutUniform [KYWD:0034ED60], 00 00 00 00) >= 5.000000 OR
005CBE6C	LGN_SizzlingStyle_Spell02	0	13	11010000	>=	OR	Subject	WornApparelHasKeywordCount	ma_armor_Leather [KYWD:00452EF5]	00 00 00 00		5.000000	0	Subject.WornApparelHasKeywordCount(ma_armor_Leather [KYWD:00452EF5], 00 00 00 00) >= 5.000000 OR
005CBE6C	LGN_SizzlingStyle_Spell02	0	14	11010000	>=	OR	Subject	WornApparelHasKeywordCount	dn_armor_BOSInfantry [KYWD:005DD33A]	00 00 00 00		5.000000	0	Subject.WornApparelHasKeywordCount(dn_armor_BOSInfantry [KYWD:005DD33A], 00 00 00 00) >= 5.000000 OR
005CBE6C	LGN_SizzlingStyle_Spell02	0	15	11010000	>=	OR	Subject	WornApparelHasKeywordCount	dn_armor_EnclaveScoutUniform_Covert [KYWD:005FC9B8]	00 00 00 00		5.000000	0	Subject.WornApparelHasKeywordCount(dn_armor_EnclaveScoutUniform_Covert [KYWD:005FC9B8], 00 00 00 00) >= 5.000000 OR
005CBE6C	LGN_SizzlingStyle_Spell02	0	16	11010000	>=	OR	Subject	WornApparelHasKeywordCount	dn_PowerArmor_Excavator [KYWD:00338696]	00 00 00 00		6.000000	0	Subject.WornApparelHasKeywordCount(dn_PowerArmor_Excavator [KYWD:00338696], 00 00 00 00) >= 6.000000 OR
005CBE6C	LGN_SizzlingStyle_Spell02	0	17	11010000	>=	OR	Subject	WornApparelHasKeywordCount	dn_PowerArmor_Raider [KYWD:0020BDB8]	00 00 00 00		6.000000	0	Subject.WornApparelHasKeywordCount(dn_PowerArmor_Raider [KYWD:0020BDB8], 00 00 00 00) >= 6.000000 OR
005CBE6C	LGN_SizzlingStyle_Spell02	0	18	11010000	>=	OR	Subject	WornApparelHasKeywordCount	dn_PowerArmor_T45 [KYWD:00188171]	00 00 00 00		6.000000	0	Subject.WornApparelHasKeywordCount(dn_PowerArmor_T45 [KYWD:00188171], 00 00 00 00) >= 6.000000 OR
005CBE6C	LGN_SizzlingStyle_Spell02	0	19	11010000	>=	OR	Subject	WornApparelHasKeywordCount	dn_PowerArmor_T51 [KYWD:00188172]	00 00 00 00		6.000000	0	Subject.WornApparelHasKeywordCount(dn_PowerArmor_T51 [KYWD:00188172], 00 00 00 00) >= 6.000000 OR
005CBE6C	LGN_SizzlingStyle_Spell02	0	20	11010000	>=	OR	Subject	WornApparelHasKeywordCount	dn_PowerArmor_T60 [KYWD:0018816A]	00 00 00 00		6.000000	0	Subject.WornApparelHasKeywordCount(dn_PowerArmor_T60 [KYWD:0018816A], 00 00 00 00) >= 6.000000 OR
005CBE6C	LGN_SizzlingStyle_Spell02	0	21	11010000	>=	OR	Subject	WornApparelHasKeywordCount	dn_PowerArmor_T65 [KYWD:005485A8]	00 00 00 00		6.000000	0	Subject.WornApparelHasKeywordCount(dn_PowerArmor_T65 [KYWD:005485A8], 00 00 00 00) >= 6.000000 OR
005CBE6C	LGN_SizzlingStyle_Spell02	0	22	11010000	>=	OR	Subject	WornApparelHasKeywordCount	dn_PowerArmor_Ultracite [KYWD:003385A1]	00 00 00 00		6.000000	0	Subject.WornApparelHasKeywordCount(dn_PowerArmor_Ultracite [KYWD:003385A1], 00 00 00 00) >= 6.000000 OR
005CBE6C	LGN_SizzlingStyle_Spell02	0	23	11010000	>=	OR	Subject	WornApparelHasKeywordCount	dn_PowerArmor_V94_Ultracite [KYWD:00555468]	00 00 00 00		6.000000	0	Subject.WornApparelHasKeywordCount(dn_PowerArmor_V94_Ultracite [KYWD:00555468], 00 00 00 00) >= 6.000000 OR
005CBE6C	LGN_SizzlingStyle_Spell02	0	24	11010000	>=	OR	Subject	WornApparelHasKeywordCount	dn_PowerArmor_X01 [KYWD:00188173]	00 00 00 00		6.000000	0	Subject.WornApparelHasKeywordCount(dn_PowerArmor_X01 [KYWD:00188173], 00 00 00 00) >= 6.000000 OR
005CBE6C	LGN_SizzlingStyle_Spell02	0	25	11010000	>=	OR	Subject	WornApparelHasKeywordCount	dn_PowerArmor_Hellcat [KYWD:0060D5C8]	00 00 00 00		6.000000	0	Subject.WornApparelHasKeywordCount(dn_PowerArmor_Hellcat [KYWD:0060D5C8], 00 00 00 00) >= 6.000000 OR
005CBE6C	LGN_SizzlingStyle_Spell02	0	26	11010000	>=	OR	Subject	WornApparelHasKeywordCount	dn_PowerArmor_Union [KYWD:0064B97F]	00 00 00 00		6.000000	0	Subject.WornApparelHasKeywordCount(dn_PowerArmor_Union [KYWD:0064B97F], 00 00 00 00) >= 6.000000 OR
005CBE6C	LGN_SizzlingStyle_Spell02	0	27	11010000	>=	OR	Subject	WornApparelHasKeywordCount	RD01_dn_PowerArmor_EnclaveVulcan [KYWD:00788D4A]	00 00 00 00		6.000000	0	Subject.WornApparelHasKeywordCount(RD01_dn_PowerArmor_EnclaveVulcan [KYWD:00788D4A], 00 00 00 00) >= 6.000000 OR
005CBE6D	LGN_SizzlingStyle_Spell03	0	0	10000000	=	AND	Subject	HasPerk	LGN_SizzlingStyle_Perk04 "Sizzling Style" [PERK:005CBE6A]	00 00 00 00		0.000000	0	Subject.HasPerk(LGN_SizzlingStyle_Perk04 "Sizzling Style" [PERK:005CBE6A], 00 00 00 00) = 0.000000 AND
005CBE6D	LGN_SizzlingStyle_Spell03	0	1	11010000	>=	OR	Subject	WornApparelHasKeywordCount	XPD_AC_dn_armor_Muni [KYWD:006F3DEA]	00 00 00 00		5.000000	0	Subject.WornApparelHasKeywordCount(XPD_AC_dn_armor_Muni [KYWD:006F3DEA], 00 00 00 00) >= 5.000000 OR
005CBE6D	LGN_SizzlingStyle_Spell03	0	2	11010000	>=	OR	Subject	WornApparelHasKeywordCount	dn_armor_Robot [KYWD:00508D8A]	00 00 00 00		5.000000	0	Subject.WornApparelHasKeywordCount(dn_armor_Robot [KYWD:00508D8A], 00 00 00 00) >= 5.000000 OR
005CBE6D	LGN_SizzlingStyle_Spell03	0	3	11010000	>=	OR	Subject	WornApparelHasKeywordCount	dn_armor_RaiderMod [KYWD:00237E59]	00 00 00 00		5.000000	0	Subject.WornApparelHasKeywordCount(dn_armor_RaiderMod [KYWD:00237E59], 00 00 00 00) >= 5.000000 OR
005CBE6D	LGN_SizzlingStyle_Spell03	0	4	11010000	>=	OR	Subject	WornApparelHasKeywordCount	dn_armor_Trapper [KYWD:00110891]	00 00 00 00		5.000000	0	Subject.WornApparelHasKeywordCount(dn_armor_Trapper [KYWD:00110891], 00 00 00 00) >= 5.000000 OR
005CBE6D	LGN_SizzlingStyle_Spell03	0	5	11010000	>=	OR	Subject	WornApparelHasKeywordCount	dn_armor_SecretService [KYWD:005A12A3]	00 00 00 00		5.000000	0	Subject.WornApparelHasKeywordCount(dn_armor_SecretService [KYWD:005A12A3], 00 00 00 00) >= 5.000000 OR
005CBE6D	LGN_SizzlingStyle_Spell03	0	6	11010000	>=	OR	Subject	WornApparelHasKeywordCount	ma_armor_Wood [KYWD:003D6177]	00 00 00 00		5.000000	0	Subject.WornApparelHasKeywordCount(ma_armor_Wood [KYWD:003D6177], 00 00 00 00) >= 5.000000 OR
005CBE6D	LGN_SizzlingStyle_Spell03	0	7	11010000	>=	OR	Subject	WornApparelHasKeywordCount	dn_armor_Metal [KYWD:00237E58]	00 00 00 00		5.000000	0	Subject.WornApparelHasKeywordCount(dn_armor_Metal [KYWD:00237E58], 00 00 00 00) >= 5.000000 OR
005CBE6D	LGN_SizzlingStyle_Spell03	0	8	11010000	>=	OR	Subject	WornApparelHasKeywordCount	DLC03_dn_armor_Marine [KYWD:0011099A]	00 00 00 00		5.000000	0	Subject.WornApparelHasKeywordCount(DLC03_dn_armor_Marine [KYWD:0011099A], 00 00 00 00) >= 5.000000 OR
005CBE6D	LGN_SizzlingStyle_Spell03	0	9	11010000	>=	OR	Subject	WornApparelHasKeywordCount	dn_armor_Combat [KYWD:00237E56]	00 00 00 00		5.000000	0	Subject.WornApparelHasKeywordCount(dn_armor_Combat [KYWD:00237E56], 00 00 00 00) >= 5.000000 OR
005CBE6D	LGN_SizzlingStyle_Spell03	0	10	11010000	>=	OR	Subject	WornApparelHasKeywordCount	dn_armor_EnclaveScoutUniform_Solar [KYWD:005D98DA]	00 00 00 00		5.000000	0	Subject.WornApparelHasKeywordCount(dn_armor_EnclaveScoutUniform_Solar [KYWD:005D98DA], 00 00 00 00) >= 5.000000 OR
005CBE6D	LGN_SizzlingStyle_Spell03	0	11	11010000	>=	OR	Subject	WornApparelHasKeywordCount	dn_armor_EnclaveScoutUniform_Thorn [KYWD:005D98DC]	00 00 00 00		5.000000	0	Subject.WornApparelHasKeywordCount(dn_armor_EnclaveScoutUniform_Thorn [KYWD:005D98DC], 00 00 00 00) >= 5.000000 OR
005CBE6D	LGN_SizzlingStyle_Spell03	0	12	11010000	>=	OR	Subject	WornApparelHasKeywordCount	ma_EnclaveScoutUniform [KYWD:0034ED60]	00 00 00 00		5.000000	0	Subject.WornApparelHasKeywordCount(ma_EnclaveScoutUniform [KYWD:0034ED60], 00 00 00 00) >= 5.000000 OR
005CBE6D	LGN_SizzlingStyle_Spell03	0	13	11010000	>=	OR	Subject	WornApparelHasKeywordCount	ma_armor_Leather [KYWD:00452EF5]	00 00 00 00		5.000000	0	Subject.WornApparelHasKeywordCount(ma_armor_Leather [KYWD:00452EF5], 00 00 00 00) >= 5.000000 OR
005CBE6D	LGN_SizzlingStyle_Spell03	0	14	11010000	>=	OR	Subject	WornApparelHasKeywordCount	dn_armor_BOSInfantry [KYWD:005DD33A]	00 00 00 00		5.000000	0	Subject.WornApparelHasKeywordCount(dn_armor_BOSInfantry [KYWD:005DD33A], 00 00 00 00) >= 5.000000 OR
005CBE6D	LGN_SizzlingStyle_Spell03	0	15	11010000	>=	OR	Subject	WornApparelHasKeywordCount	dn_armor_BOSInfantry [KYWD:005DD33A]	00 00 00 00		5.000000	0	Subject.WornApparelHasKeywordCount(dn_armor_BOSInfantry [KYWD:005DD33A], 00 00 00 00) >= 5.000000 OR
005CBE6D	LGN_SizzlingStyle_Spell03	0	16	11010000	>=	OR	Subject	WornApparelHasKeywordCount	dn_armor_EnclaveScoutUniform_Covert [KYWD:005FC9B8]	00 00 00 00		5.000000	0	Subject.WornApparelHasKeywordCount(dn_armor_EnclaveScoutUniform_Covert [KYWD:005FC9B8], 00 00 00 00) >= 5.000000 OR
005CBE6D	LGN_SizzlingStyle_Spell03	0	17	11010000	>=	OR	Subject	WornApparelHasKeywordCount	dn_PowerArmor_Excavator [KYWD:00338696]	00 00 00 00		6.000000	0	Subject.WornApparelHasKeywordCount(dn_PowerArmor_Excavator [KYWD:00338696], 00 00 00 00) >= 6.000000 OR
005CBE6D	LGN_SizzlingStyle_Spell03	0	18	11010000	>=	OR	Subject	WornApparelHasKeywordCount	dn_PowerArmor_Raider [KYWD:0020BDB8]	00 00 00 00		6.000000	0	Subject.WornApparelHasKeywordCount(dn_PowerArmor_Raider [KYWD:0020BDB8], 00 00 00 00) >= 6.000000 OR
005CBE6D	LGN_SizzlingStyle_Spell03	0	19	11010000	>=	OR	Subject	WornApparelHasKeywordCount	dn_PowerArmor_T45 [KYWD:00188171]	00 00 00 00		6.000000	0	Subject.WornApparelHasKeywordCount(dn_PowerArmor_T45 [KYWD:00188171], 00 00 00 00) >= 6.000000 OR
005CBE6D	LGN_SizzlingStyle_Spell03	0	20	11010000	>=	OR	Subject	WornApparelHasKeywordCount	dn_PowerArmor_T51 [KYWD:00188172]	00 00 00 00		6.000000	0	Subject.WornApparelHasKeywordCount(dn_PowerArmor_T51 [KYWD:00188172], 00 00 00 00) >= 6.000000 OR
005CBE6D	LGN_SizzlingStyle_Spell03	0	21	11010000	>=	OR	Subject	WornApparelHasKeywordCount	dn_PowerArmor_T60 [KYWD:0018816A]	00 00 00 00		6.000000	0	Subject.WornApparelHasKeywordCount(dn_PowerArmor_T60 [KYWD:0018816A], 00 00 00 00) >= 6.000000 OR
005CBE6D	LGN_SizzlingStyle_Spell03	0	22	11010000	>=	OR	Subject	WornApparelHasKeywordCount	dn_PowerArmor_T65 [KYWD:005485A8]	00 00 00 00		6.000000	0	Subject.WornApparelHasKeywordCount(dn_PowerArmor_T65 [KYWD:005485A8], 00 00 00 00) >= 6.000000 OR
005CBE6D	LGN_SizzlingStyle_Spell03	0	23	11010000	>=	OR	Subject	WornApparelHasKeywordCount	dn_PowerArmor_Ultracite [KYWD:003385A1]	00 00 00 00		6.000000	0	Subject.WornApparelHasKeywordCount(dn_PowerArmor_Ultracite [KYWD:003385A1], 00 00 00 00) >= 6.000000 OR
005CBE6D	LGN_SizzlingStyle_Spell03	0	24	11010000	>=	OR	Subject	WornApparelHasKeywordCount	dn_PowerArmor_V94_Ultracite [KYWD:00555468]	00 00 00 00		6.000000	0	Subject.WornApparelHasKeywordCount(dn_PowerArmor_V94_Ultracite [KYWD:00555468], 00 00 00 00) >= 6.000000 OR
005CBE6D	LGN_SizzlingStyle_Spell03	0	25	11010000	>=	OR	Subject	WornApparelHasKeywordCount	dn_PowerArmor_X01 [KYWD:00188173]	00 00 00 00		6.000000	0	Subject.WornApparelHasKeywordCount(dn_PowerArmor_X01 [KYWD:00188173], 00 00 00 00) >= 6.000000 OR
005CBE6D	LGN_SizzlingStyle_Spell03	0	26	11010000	>=	OR	Subject	WornApparelHasKeywordCount	dn_PowerArmor_Hellcat [KYWD:0060D5C8]	00 00 00 00		6.000000	0	Subject.WornApparelHasKeywordCount(dn_PowerArmor_Hellcat [KYWD:0060D5C8], 00 00 00 00) >= 6.000000 OR
005CBE6D	LGN_SizzlingStyle_Spell03	0	27	11010000	>=	OR	Subject	WornApparelHasKeywordCount	dn_PowerArmor_Union [KYWD:0064B97F]	00 00 00 00		6.000000	0	Subject.WornApparelHasKeywordCount(dn_PowerArmor_Union [KYWD:0064B97F], 00 00 00 00) >= 6.000000 OR
005CBE6D	LGN_SizzlingStyle_Spell03	0	28	11010000	>=	OR	Subject	WornApparelHasKeywordCount	RD01_dn_PowerArmor_EnclaveVulcan [KYWD:00788D4A]	00 00 00 00		6.000000	0	Subject.WornApparelHasKeywordCount(RD01_dn_PowerArmor_EnclaveVulcan [KYWD:00788D4A], 00 00 00 00) >= 6.000000 OR
005CBE6E	LGN_SizzlingStyle_Spell04	0	0	11010000	>=	OR	Subject	WornApparelHasKeywordCount	XPD_AC_dn_armor_Muni [KYWD:006F3DEA]	00 00 00 00		5.000000	0	Subject.WornApparelHasKeywordCount(XPD_AC_dn_armor_Muni [KYWD:006F3DEA], 00 00 00 00) >= 5.000000 OR
005CBE6E	LGN_SizzlingStyle_Spell04	0	1	11010000	>=	OR	Subject	WornApparelHasKeywordCount	dn_armor_Robot [KYWD:00508D8A]	00 00 00 00		5.000000	0	Subject.WornApparelHasKeywordCount(dn_armor_Robot [KYWD:00508D8A], 00 00 00 00) >= 5.000000 OR
005CBE6E	LGN_SizzlingStyle_Spell04	0	2	11010000	>=	OR	Subject	WornApparelHasKeywordCount	dn_armor_RaiderMod [KYWD:00237E59]	00 00 00 00		5.000000	0	Subject.WornApparelHasKeywordCount(dn_armor_RaiderMod [KYWD:00237E59], 00 00 00 00) >= 5.000000 OR
005CBE6E	LGN_SizzlingStyle_Spell04	0	3	11010000	>=	OR	Subject	WornApparelHasKeywordCount	dn_armor_Trapper [KYWD:00110891]	00 00 00 00		5.000000	0	Subject.WornApparelHasKeywordCount(dn_armor_Trapper [KYWD:00110891], 00 00 00 00) >= 5.000000 OR
005CBE6E	LGN_SizzlingStyle_Spell04	0	4	11010000	>=	OR	Subject	WornApparelHasKeywordCount	dn_armor_SecretService [KYWD:005A12A3]	00 00 00 00		5.000000	0	Subject.WornApparelHasKeywordCount(dn_armor_SecretService [KYWD:005A12A3], 00 00 00 00) >= 5.000000 OR
005CBE6E	LGN_SizzlingStyle_Spell04	0	5	11010000	>=	OR	Subject	WornApparelHasKeywordCount	ma_armor_Wood [KYWD:003D6177]	00 00 00 00		5.000000	0	Subject.WornApparelHasKeywordCount(ma_armor_Wood [KYWD:003D6177], 00 00 00 00) >= 5.000000 OR
005CBE6E	LGN_SizzlingStyle_Spell04	0	6	11010000	>=	OR	Subject	WornApparelHasKeywordCount	dn_armor_Metal [KYWD:00237E58]	00 00 00 00		5.000000	0	Subject.WornApparelHasKeywordCount(dn_armor_Metal [KYWD:00237E58], 00 00 00 00) >= 5.000000 OR
005CBE6E	LGN_SizzlingStyle_Spell04	0	7	11010000	>=	OR	Subject	WornApparelHasKeywordCount	DLC03_dn_armor_Marine [KYWD:0011099A]	00 00 00 00		5.000000	0	Subject.WornApparelHasKeywordCount(DLC03_dn_armor_Marine [KYWD:0011099A], 00 00 00 00) >= 5.000000 OR
005CBE6E	LGN_SizzlingStyle_Spell04	0	8	11010000	>=	OR	Subject	WornApparelHasKeywordCount	dn_armor_Combat [KYWD:00237E56]	00 00 00 00		5.000000	0	Subject.WornApparelHasKeywordCount(dn_armor_Combat [KYWD:00237E56], 00 00 00 00) >= 5.000000 OR
005CBE6E	LGN_SizzlingStyle_Spell04	0	9	11010000	>=	OR	Subject	WornApparelHasKeywordCount	dn_armor_EnclaveScoutUniform_Solar [KYWD:005D98DA]	00 00 00 00		5.000000	0	Subject.WornApparelHasKeywordCount(dn_armor_EnclaveScoutUniform_Solar [KYWD:005D98DA], 00 00 00 00) >= 5.000000 OR
005CBE6E	LGN_SizzlingStyle_Spell04	0	10	11010000	>=	OR	Subject	WornApparelHasKeywordCount	dn_armor_EnclaveScoutUniform_Thorn [KYWD:005D98DC]	00 00 00 00		5.000000	0	Subject.WornApparelHasKeywordCount(dn_armor_EnclaveScoutUniform_Thorn [KYWD:005D98DC], 00 00 00 00) >= 5.000000 OR
005CBE6E	LGN_SizzlingStyle_Spell04	0	11	11010000	>=	OR	Subject	WornApparelHasKeywordCount	ma_EnclaveScoutUniform [KYWD:0034ED60]	00 00 00 00		5.000000	0	Subject.WornApparelHasKeywordCount(ma_EnclaveScoutUniform [KYWD:0034ED60], 00 00 00 00) >= 5.000000 OR
005CBE6E	LGN_SizzlingStyle_Spell04	0	12	11010000	>=	OR	Subject	WornApparelHasKeywordCount	ma_armor_Leather [KYWD:00452EF5]	00 00 00 00		5.000000	0	Subject.WornApparelHasKeywordCount(ma_armor_Leather [KYWD:00452EF5], 00 00 00 00) >= 5.000000 OR
005CBE6E	LGN_SizzlingStyle_Spell04	0	13	11010000	>=	OR	Subject	WornApparelHasKeywordCount	dn_armor_BOSInfantry [KYWD:005DD33A]	00 00 00 00		5.000000	0	Subject.WornApparelHasKeywordCount(dn_armor_BOSInfantry [KYWD:005DD33A], 00 00 00 00) >= 5.000000 OR
005CBE6E	LGN_SizzlingStyle_Spell04	0	14	11010000	>=	OR	Subject	WornApparelHasKeywordCount	dn_armor_EnclaveScoutUniform_Covert [KYWD:005FC9B8]	00 00 00 00		5.000000	0	Subject.WornApparelHasKeywordCount(dn_armor_EnclaveScoutUniform_Covert [KYWD:005FC9B8], 00 00 00 00) >= 5.000000 OR
005CBE6E	LGN_SizzlingStyle_Spell04	0	15	11010000	>=	OR	Subject	WornApparelHasKeywordCount	dn_PowerArmor_Excavator [KYWD:00338696]	00 00 00 00		6.000000	0	Subject.WornApparelHasKeywordCount(dn_PowerArmor_Excavator [KYWD:00338696], 00 00 00 00) >= 6.000000 OR
005CBE6E	LGN_SizzlingStyle_Spell04	0	16	11010000	>=	OR	Subject	WornApparelHasKeywordCount	dn_PowerArmor_Raider [KYWD:0020BDB8]	00 00 00 00		6.000000	0	Subject.WornApparelHasKeywordCount(dn_PowerArmor_Raider [KYWD:0020BDB8], 00 00 00 00) >= 6.000000 OR
005CBE6E	LGN_SizzlingStyle_Spell04	0	17	11010000	>=	OR	Subject	WornApparelHasKeywordCount	dn_PowerArmor_T45 [KYWD:00188171]	00 00 00 00		6.000000	0	Subject.WornApparelHasKeywordCount(dn_PowerArmor_T45 [KYWD:00188171], 00 00 00 00) >= 6.000000 OR
005CBE6E	LGN_SizzlingStyle_Spell04	0	18	11010000	>=	OR	Subject	WornApparelHasKeywordCount	dn_PowerArmor_T51 [KYWD:00188172]	00 00 00 00		6.000000	0	Subject.WornApparelHasKeywordCount(dn_PowerArmor_T51 [KYWD:00188172], 00 00 00 00) >= 6.000000 OR
005CBE6E	LGN_SizzlingStyle_Spell04	0	19	11010000	>=	OR	Subject	WornApparelHasKeywordCount	dn_PowerArmor_T60 [KYWD:0018816A]	00 00 00 00		6.000000	0	Subject.WornApparelHasKeywordCount(dn_PowerArmor_T60 [KYWD:0018816A], 00 00 00 00) >= 6.000000 OR
005CBE6E	LGN_SizzlingStyle_Spell04	0	20	11010000	>=	OR	Subject	WornApparelHasKeywordCount	dn_PowerArmor_T65 [KYWD:005485A8]	00 00 00 00		6.000000	0	Subject.WornApparelHasKeywordCount(dn_PowerArmor_T65 [KYWD:005485A8], 00 00 00 00) >= 6.000000 OR
005CBE6E	LGN_SizzlingStyle_Spell04	0	21	11010000	>=	OR	Subject	WornApparelHasKeywordCount	dn_PowerArmor_Ultracite [KYWD:003385A1]	00 00 00 00		6.000000	0	Subject.WornApparelHasKeywordCount(dn_PowerArmor_Ultracite [KYWD:003385A1], 00 00 00 00) >= 6.000000 OR
005CBE6E	LGN_SizzlingStyle_Spell04	0	22	11010000	>=	OR	Subject	WornApparelHasKeywordCount	dn_PowerArmor_V94_Ultracite [KYWD:00555468]	00 00 00 00		6.000000	0	Subject.WornApparelHasKeywordCount(dn_PowerArmor_V94_Ultracite [KYWD:00555468], 00 00 00 00) >= 6.000000 OR
005CBE6E	LGN_SizzlingStyle_Spell04	0	23	11010000	>=	OR	Subject	WornApparelHasKeywordCount	dn_PowerArmor_X01 [KYWD:00188173]	00 00 00 00		6.000000	0	Subject.WornApparelHasKeywordCount(dn_PowerArmor_X01 [KYWD:00188173], 00 00 00 00) >= 6.000000 OR
005CBE6E	LGN_SizzlingStyle_Spell04	0	24	11010000	>=	OR	Subject	WornApparelHasKeywordCount	dn_armor_BOSInfantry [KYWD:005DD33A]	00 00 00 00		6.000000	0	Subject.WornApparelHasKeywordCount(dn_armor_BOSInfantry [KYWD:005DD33A], 00 00 00 00) >= 6.000000 OR
005CBE6E	LGN_SizzlingStyle_Spell04	0	25	11010000	>=	OR	Subject	WornApparelHasKeywordCount	dn_PowerArmor_Hellcat [KYWD:0060D5C8]	00 00 00 00		6.000000	0	Subject.WornApparelHasKeywordCount(dn_PowerArmor_Hellcat [KYWD:0060D5C8], 00 00 00 00) >= 6.000000 OR
005CBE6E	LGN_SizzlingStyle_Spell04	0	26	11010000	>=	OR	Subject	WornApparelHasKeywordCount	dn_PowerArmor_Union [KYWD:0064B97F]	00 00 00 00		6.000000	0	Subject.WornApparelHasKeywordCount(dn_PowerArmor_Union [KYWD:0064B97F], 00 00 00 00) >= 6.000000 OR
005CBE6E	LGN_SizzlingStyle_Spell04	0	27	11010000	>=	OR	Subject	WornApparelHasKeywordCount	RD01_dn_PowerArmor_EnclaveVulcan [KYWD:00788D4A]	00 00 00 00		6.000000	0	Subject.WornApparelHasKeywordCount(RD01_dn_PowerArmor_EnclaveVulcan [KYWD:00788D4A], 00 00 00 00) >= 6.000000 OR
005CF09C	zzz_LGN_NuclearProliferator_Spell01	0	0	10010000	=	OR	Subject	HasPerk	zzz_LGN_NuclearProliferator_Perk02 "Nuclear Proliferator" [PERK:005CF098]	00 00 00 00		0.000000	0	Subject.HasPerk(zzz_LGN_NuclearProliferator_Perk02 "Nuclear Proliferator" [PERK:005CF098], 00 00 00 00) = 0.000000 OR
005CF09E	zzz_LGN_NuclearProliferator_Spell03	0	0	10010000	=	OR	Subject	HasPerk	zzz_LGN_NuclearProliferator_Perk04 "Nuclear Proliferator" [PERK:005CF09A]	00 00 00 00		0.000000	0	Subject.HasPerk(zzz_LGN_NuclearProliferator_Perk04 "Nuclear Proliferator" [PERK:005CF09A], 00 00 00 00) = 0.000000 OR
005CF09D	zzz_LGN_NuclearProliferator_Spell02	0	0	10010000	=	OR	Subject	HasPerk	zzz_LGN_NuclearProliferator_Perk03 "Nuclear Proliferator" [PERK:005CF099]	00 00 00 00		0.000000	0	Subject.HasPerk(zzz_LGN_NuclearProliferator_Perk03 "Nuclear Proliferator" [PERK:005CF099], 00 00 00 00) = 0.000000 OR
005CF181	AbLgnPerkStrength	1	0	10000000	=	AND	Subject	HasPerk	LGN_LegendaryStrength_Perk02 "Legendary Strength" [PERK:0011C7DD]	00 00 00 00		1.000000	0	Subject.HasPerk(LGN_LegendaryStrength_Perk02 "Legendary Strength" [PERK:0011C7DD], 00 00 00 00) = 1.000000 AND
005CF181	AbLgnPerkStrength	2	0	10000000	=	AND	Subject	HasPerk	LGN_LegendaryStrength_Perk03 "Legendary Strength" [PERK:0011C7DC]	00 00 00 00		1.000000	0	Subject.HasPerk(LGN_LegendaryStrength_Perk03 "Legendary Strength" [PERK:0011C7DC], 00 00 00 00) = 1.000000 AND
005CF181	AbLgnPerkStrength	3	0	10000000	=	AND	Subject	HasPerk	LGN_LegendaryStrength_Perk04 "Legendary Strength" [PERK:0011C7DB]	00 00 00 00		1.000000	0	Subject.HasPerk(LGN_LegendaryStrength_Perk04 "Legendary Strength" [PERK:0011C7DB], 00 00 00 00) = 1.000000 AND
005CF1D2	AbLgnPerkPerception	1	0	10000000	=	AND	Subject	HasPerk	LGN_LegendaryPerception_Perk02 "Legendary Perception" [PERK:0011C7D9]	00 00 00 00		1.000000	0	Subject.HasPerk(LGN_LegendaryPerception_Perk02 "Legendary Perception" [PERK:0011C7D9], 00 00 00 00) = 1.000000 AND
005CF1D2	AbLgnPerkPerception	2	0	10000000	=	AND	Subject	HasPerk	LGN_LegendaryPerception_Perk03 "Legendary Perception" [PERK:0011C7D8]	00 00 00 00		1.000000	0	Subject.HasPerk(LGN_LegendaryPerception_Perk03 "Legendary Perception" [PERK:0011C7D8], 00 00 00 00) = 1.000000 AND
005CF1D2	AbLgnPerkPerception	3	0	10000000	=	AND	Subject	HasPerk	LGN_LegendaryPerception_Perk04 "Legendary Perception" [PERK:0011C7D7]	00 00 00 00		1.000000	0	Subject.HasPerk(LGN_LegendaryPerception_Perk04 "Legendary Perception" [PERK:0011C7D7], 00 00 00 00) = 1.000000 AND
005CF1D3	AbLgnPerkEndurance	1	0	10000000	=	AND	Subject	HasPerk	LGN_LegendaryEndurance_Perk02 "Legendary Endurance" [PERK:0011C7CD]	00 00 00 00		1.000000	0	Subject.HasPerk(LGN_LegendaryEndurance_Perk02 "Legendary Endurance" [PERK:0011C7CD], 00 00 00 00) = 1.000000 AND
005CF1D3	AbLgnPerkEndurance	2	0	10000000	=	AND	Subject	HasPerk	LGN_LegendaryEndurance_Perk03 "Legendary Endurance" [PERK:0011C7CC]	00 00 00 00		1.000000	0	Subject.HasPerk(LGN_LegendaryEndurance_Perk03 "Legendary Endurance" [PERK:0011C7CC], 00 00 00 00) = 1.000000 AND
005CF1D3	AbLgnPerkEndurance	3	0	10000000	=	AND	Subject	HasPerk	LGN_LegendaryEndurance_Perk04 "Legendary Endurance" [PERK:005CF1D1]	00 00 00 00		1.000000	0	Subject.HasPerk(LGN_LegendaryEndurance_Perk04 "Legendary Endurance" [PERK:005CF1D1], 00 00 00 00) = 1.000000 AND
005CF1D4	AbLgnPerkCharisma	1	0	10000000	=	AND	Subject	HasPerk	LGN_LegendaryCharisma_Perk02 "Legendary Charisma" [PERK:0011C7C9]	00 00 00 00		1.000000	0	Subject.HasPerk(LGN_LegendaryCharisma_Perk02 "Legendary Charisma" [PERK:0011C7C9], 00 00 00 00) = 1.000000 AND
005CF1D4	AbLgnPerkCharisma	2	0	10000000	=	AND	Subject	HasPerk	LGN_LegendaryCharisma_Perk03 "Legendary Charisma" [PERK:0011C7C8]	00 00 00 00		1.000000	0	Subject.HasPerk(LGN_LegendaryCharisma_Perk03 "Legendary Charisma" [PERK:0011C7C8], 00 00 00 00) = 1.000000 AND
005CF1D4	AbLgnPerkCharisma	3	0	10000000	=	AND	Subject	HasPerk	LGN_LegendaryCharisma_Perk04 "Legendary Charisma" [PERK:0011C7C7]	00 00 00 00		1.000000	0	Subject.HasPerk(LGN_LegendaryCharisma_Perk04 "Legendary Charisma" [PERK:0011C7C7], 00 00 00 00) = 1.000000 AND
005CF1D6	AbLgnPerkAgility	1	0	10000000	=	AND	Subject	HasPerk	LGN_LegendaryAgility_Perk02 "Legendary Agility" [PERK:0011C7C5]	00 00 00 00		1.000000	0	Subject.HasPerk(LGN_LegendaryAgility_Perk02 "Legendary Agility" [PERK:0011C7C5], 00 00 00 00) = 1.000000 AND
005CF1D6	AbLgnPerkAgility	2	0	10000000	=	AND	Subject	HasPerk	LGN_LegendaryAgility_Perk03 "Legendary Agility" [PERK:0011C7C4]	00 00 00 00		1.000000	0	Subject.HasPerk(LGN_LegendaryAgility_Perk03 "Legendary Agility" [PERK:0011C7C4], 00 00 00 00) = 1.000000 AND
005CF1D6	AbLgnPerkAgility	3	0	10000000	=	AND	Subject	HasPerk	LGN_LegendaryAgility_Perk04 "Legendary Agility" [PERK:0011C7C3]	00 00 00 00		1.000000	0	Subject.HasPerk(LGN_LegendaryAgility_Perk04 "Legendary Agility" [PERK:0011C7C3], 00 00 00 00) = 1.000000 AND
005CF1D7	AbLgnPerkLuck	1	0	10000000	=	AND	Subject	HasPerk	LGN_LegendaryLuck_Perk02 "Legendary Luck" [PERK:0011C7D4]	00 00 00 00		1.000000	0	Subject.HasPerk(LGN_LegendaryLuck_Perk02 "Legendary Luck" [PERK:0011C7D4], 00 00 00 00) = 1.000000 AND
005CF1D7	AbLgnPerkLuck	2	0	10000000	=	AND	Subject	HasPerk	LGN_LegendaryLuck_Perk03 "Legendary Luck" [PERK:0011C7D5]	00 00 00 00		1.000000	0	Subject.HasPerk(LGN_LegendaryLuck_Perk03 "Legendary Luck" [PERK:0011C7D5], 00 00 00 00) = 1.000000 AND
005CF1D7	AbLgnPerkLuck	3	0	10000000	=	AND	Subject	HasPerk	LGN_LegendaryLuck_Perk04 "Legendary Luck" [PERK:0011C7D3]	00 00 00 00		1.000000	0	Subject.HasPerk(LGN_LegendaryLuck_Perk04 "Legendary Luck" [PERK:0011C7D3], 00 00 00 00) = 1.000000 AND
005CF1D5	AbLgnPerkIntelligence	1	0	10000000	=	AND	Subject	HasPerk	LGN_LegendaryIntelligence_Perk02 "Legendary Intelligence" [PERK:0011C7D1]	00 00 00 00		1.000000	0	Subject.HasPerk(LGN_LegendaryIntelligence_Perk02 "Legendary Intelligence" [PERK:0011C7D1], 00 00 00 00) = 1.000000 AND
005CF1D5	AbLgnPerkIntelligence	2	0	10000000	=	AND	Subject	HasPerk	LGN_LegendaryIntelligence_Perk03 "Legendary Intelligence" [PERK:0011C7D0]	00 00 00 00		1.000000	0	Subject.HasPerk(LGN_LegendaryIntelligence_Perk03 "Legendary Intelligence" [PERK:0011C7D0], 00 00 00 00) = 1.000000 AND
005CF1D5	AbLgnPerkIntelligence	3	0	10000000	=	AND	Subject	HasPerk	LGN_LegendaryIntelligence_Perk04 "Legendary Intelligence" [PERK:0011C7CF]	00 00 00 00		1.000000	0	Subject.HasPerk(LGN_LegendaryIntelligence_Perk04 "Legendary Intelligence" [PERK:0011C7CF], 00 00 00 00) = 1.000000 AND
005D02B1	DailyOps_Mutation_VampireRestore	0	0	00000000	!=	AND	Subject	HasActiveMagicEffect	DailyOps_VampireRegenEffect "Vampire Restore Health" [MGEF:005D02AD]	00 00 00 00		1.000000	0	Subject.HasActiveMagicEffect(DailyOps_VampireRegenEffect "Vampire Restore Health" [MGEF:005D02AD], 00 00 00 00) != 1.000000 AND
005D0CD8	PT_DailyOpsTeamBonus	0	0	10000000	=	AND	Subject	GetTeamType	00 00 00 00	00 00 00 00		12.000000	0	Subject.GetTeamType(00 00 00 00, 00 00 00 00) = 12.000000 AND
005D0CD8	PT_DailyOpsTeamBonus	0	1	10000000	=	AND	Subject	GetTeammateBondScore	00 00 00 00	00 00 00 00		1.000000	0	Subject.GetTeammateBondScore(00 00 00 00, 00 00 00 00) = 1.000000 AND
005D0CD8	PT_DailyOpsTeamBonus	1	0	10000000	=	AND	Subject	GetTeamType	00 00 00 00	00 00 00 00		12.000000	0	Subject.GetTeamType(00 00 00 00, 00 00 00 00) = 12.000000 AND
005D0CD8	PT_DailyOpsTeamBonus	1	1	10000000	=	AND	Subject	GetTeammateBondScore	00 00 00 00	00 00 00 00		2.000000	0	Subject.GetTeammateBondScore(00 00 00 00, 00 00 00 00) = 2.000000 AND
005D0CD8	PT_DailyOpsTeamBonus	2	0	10000000	=	AND	Subject	GetTeamType	00 00 00 00	00 00 00 00		12.000000	0	Subject.GetTeamType(00 00 00 00, 00 00 00 00) = 12.000000 AND
005D0CD8	PT_DailyOpsTeamBonus	2	1	10000000	=	AND	Subject	GetTeammateBondScore	00 00 00 00	00 00 00 00		3.000000	0	Subject.GetTeammateBondScore(00 00 00 00, 00 00 00 00) = 3.000000 AND
005D0CD8	PT_DailyOpsTeamBonus	3	0	10000000	=	AND	Subject	GetTeamType	00 00 00 00	00 00 00 00		12.000000	0	Subject.GetTeamType(00 00 00 00, 00 00 00 00) = 12.000000 AND
005D0CD8	PT_DailyOpsTeamBonus	3	1	10000000	=	AND	Subject	GetTeammateBondScore	00 00 00 00	00 00 00 00		4.000000	0	Subject.GetTeammateBondScore(00 00 00 00, 00 00 00 00) = 4.000000 AND
005D22BE	zzzDailyOps_Mutation_ActiveCamouflage_InvisibilitySpell	0	0	10000000	=	AND	Subject	GetDead	00 00 00 00	00 00 00 00		0.000000	0	Subject.GetDead(00 00 00 00, 00 00 00 00) = 0.000000 AND
005DC6F5	SURV_Hunger_AbilityBACKUP	0	0	00100100	<	AND	Subject	GetValue	SURV_Hunger [AVIF:0001C5E6]	00 00 00 00		SURV_HungerThreshold_5_Max [GLOB:0001A649]	0	Subject.GetValue(SURV_Hunger [AVIF:0001C5E6], 00 00 00 00) < SURV_HungerThreshold_5_Max [GLOB:0001A649] AND
005DC6F5	SURV_Hunger_AbilityBACKUP	1	0	00100100	<	AND	Subject	GetValue	SURV_Hunger [AVIF:0001C5E6]	00 00 00 00		SURV_HungerThreshold_1_Fed [GLOB:00054DFA]	0	Subject.GetValue(SURV_Hunger [AVIF:0001C5E6], 00 00 00 00) < SURV_HungerThreshold_1_Fed [GLOB:00054DFA] AND
005DC6F5	SURV_Hunger_AbilityBACKUP	1	1	10000000	=	AND	Subject	HasPerk	Rejuvenated01 "Rejuvenated" [PERK:003DE58F]	00 00 00 00		0.000000	0	Subject.HasPerk(Rejuvenated01 "Rejuvenated" [PERK:003DE58F], 00 00 00 00) = 0.000000 AND
005DC6F5	SURV_Hunger_AbilityBACKUP	1	2	10000000	=	AND	Subject	HasPerk	Rejuvenated02 "Rejuvenated" [PERK:003DE590]	00 00 00 00		0.000000	0	Subject.HasPerk(Rejuvenated02 "Rejuvenated" [PERK:003DE590], 00 00 00 00) = 0.000000 AND
005DC6F5	SURV_Hunger_AbilityBACKUP	2	0	00100100	<	AND	Subject	GetValue	SURV_Hunger [AVIF:0001C5E6]	00 00 00 00		SURV_HungerThreshold_1_Fed [GLOB:00054DFA]	0	Subject.GetValue(SURV_Hunger [AVIF:0001C5E6], 00 00 00 00) < SURV_HungerThreshold_1_Fed [GLOB:00054DFA] AND
005DC6F5	SURV_Hunger_AbilityBACKUP	2	1	10000000	=	AND	Subject	HasPerk	Rejuvenated01 "Rejuvenated" [PERK:003DE58F]	00 00 00 00		1.000000	0	Subject.HasPerk(Rejuvenated01 "Rejuvenated" [PERK:003DE58F], 00 00 00 00) = 1.000000 AND
005DC6F5	SURV_Hunger_AbilityBACKUP	2	2	10000000	=	AND	Subject	HasPerk	Rejuvenated02 "Rejuvenated" [PERK:003DE590]	00 00 00 00		0.000000	0	Subject.HasPerk(Rejuvenated02 "Rejuvenated" [PERK:003DE590], 00 00 00 00) = 0.000000 AND
005DC6F5	SURV_Hunger_AbilityBACKUP	3	0	00100100	<	AND	Subject	GetValue	SURV_Hunger [AVIF:0001C5E6]	00 00 00 00		SURV_HungerThreshold_1_Fed [GLOB:00054DFA]	0	Subject.GetValue(SURV_Hunger [AVIF:0001C5E6], 00 00 00 00) < SURV_HungerThreshold_1_Fed [GLOB:00054DFA] AND
005DC6F5	SURV_Hunger_AbilityBACKUP	3	1	10000000	=	AND	Subject	HasPerk	Rejuvenated02 "Rejuvenated" [PERK:003DE590]	00 00 00 00		1.000000	0	Subject.HasPerk(Rejuvenated02 "Rejuvenated" [PERK:003DE590], 00 00 00 00) = 1.000000 AND
005DC6F5	SURV_Hunger_AbilityBACKUP	4	0	00100100	<	AND	Subject	GetValue	SURV_Hunger [AVIF:0001C5E6]	00 00 00 00		SURV_HungerThreshold_1_Fed [GLOB:00054DFA]	0	Subject.GetValue(SURV_Hunger [AVIF:0001C5E6], 00 00 00 00) < SURV_HungerThreshold_1_Fed [GLOB:00054DFA] AND
005DC6F5	SURV_Hunger_AbilityBACKUP	4	1	10000000	=	AND	Subject	HasPerk	Rejuvenated01 "Rejuvenated" [PERK:003DE58F]	00 00 00 00		0.000000	0	Subject.HasPerk(Rejuvenated01 "Rejuvenated" [PERK:003DE58F], 00 00 00 00) = 0.000000 AND
005DC6F5	SURV_Hunger_AbilityBACKUP	4	2	10000000	=	AND	Subject	HasPerk	Rejuvenated02 "Rejuvenated" [PERK:003DE590]	00 00 00 00		0.000000	0	Subject.HasPerk(Rejuvenated02 "Rejuvenated" [PERK:003DE590], 00 00 00 00) = 0.000000 AND
005DC6F5	SURV_Hunger_AbilityBACKUP	5	0	00100100	<	AND	Subject	GetValue	SURV_Hunger [AVIF:0001C5E6]	00 00 00 00		SURV_HungerThreshold_1_Fed [GLOB:00054DFA]	0	Subject.GetValue(SURV_Hunger [AVIF:0001C5E6], 00 00 00 00) < SURV_HungerThreshold_1_Fed [GLOB:00054DFA] AND
005DC6F5	SURV_Hunger_AbilityBACKUP	5	1	10000000	=	AND	Subject	HasPerk	Rejuvenated01 "Rejuvenated" [PERK:003DE58F]	00 00 00 00		1.000000	0	Subject.HasPerk(Rejuvenated01 "Rejuvenated" [PERK:003DE58F], 00 00 00 00) = 1.000000 AND
005DC6F5	SURV_Hunger_AbilityBACKUP	5	2	10000000	=	AND	Subject	HasPerk	Rejuvenated02 "Rejuvenated" [PERK:003DE590]	00 00 00 00		0.000000	0	Subject.HasPerk(Rejuvenated02 "Rejuvenated" [PERK:003DE590], 00 00 00 00) = 0.000000 AND
005DC6F5	SURV_Hunger_AbilityBACKUP	6	0	00100100	<	AND	Subject	GetValue	SURV_Hunger [AVIF:0001C5E6]	00 00 00 00		SURV_HungerThreshold_1_Fed [GLOB:00054DFA]	0	Subject.GetValue(SURV_Hunger [AVIF:0001C5E6], 00 00 00 00) < SURV_HungerThreshold_1_Fed [GLOB:00054DFA] AND
005DC6F5	SURV_Hunger_AbilityBACKUP	6	1	10000000	=	AND	Subject	HasPerk	Rejuvenated02 "Rejuvenated" [PERK:003DE590]	00 00 00 00		1.000000	0	Subject.HasPerk(Rejuvenated02 "Rejuvenated" [PERK:003DE590], 00 00 00 00) = 1.000000 AND
005DC6F5	SURV_Hunger_AbilityBACKUP	7	0	11000100	>=	AND	Subject	GetValue	SURV_Hunger [AVIF:0001C5E6]	00 00 00 00		SURV_HungerThreshold_4_Starving [GLOB:00054E04]	0	Subject.GetValue(SURV_Hunger [AVIF:0001C5E6], 00 00 00 00) >= SURV_HungerThreshold_4_Starving [GLOB:00054E04] AND
005DC6F5	SURV_Hunger_AbilityBACKUP	7	1	01000000	>	AND	Subject	GetValuePercent	Health "Health" [AVIF:000002D4]	00 00 00 00		0.050000	0	Subject.GetValuePercent(Health "Health" [AVIF:000002D4], 00 00 00 00) > 0.050000 AND
005DC6F5	SURV_Hunger_AbilityBACKUP	8	0	11000100	>=	AND	Subject	GetValue	SURV_Hunger [AVIF:0001C5E6]	00 00 00 00		SURV_HungerThreshold_3_Famished [GLOB:00054DFB]	0	Subject.GetValue(SURV_Hunger [AVIF:0001C5E6], 00 00 00 00) >= SURV_HungerThreshold_3_Famished [GLOB:00054DFB] AND
005DC6F5	SURV_Hunger_AbilityBACKUP	8	1	00100100	<	AND	Subject	GetValue	SURV_Hunger [AVIF:0001C5E6]	00 00 00 00		SURV_HungerThreshold_4_Starving [GLOB:00054E04]	0	Subject.GetValue(SURV_Hunger [AVIF:0001C5E6], 00 00 00 00) < SURV_HungerThreshold_4_Starving [GLOB:00054E04] AND
005DC6F5	SURV_Hunger_AbilityBACKUP	9	0	11000100	>=	AND	Subject	GetValue	SURV_Hunger [AVIF:0001C5E6]	00 00 00 00		SURV_HungerThreshold_3_Famished [GLOB:00054DFB]	0	Subject.GetValue(SURV_Hunger [AVIF:0001C5E6], 00 00 00 00) >= SURV_HungerThreshold_3_Famished [GLOB:00054DFB] AND
005DC6F5	SURV_Hunger_AbilityBACKUP	9	1	00100100	<	AND	Subject	GetValue	SURV_Hunger [AVIF:0001C5E6]	00 00 00 00		SURV_HungerThreshold_4_Starving [GLOB:00054E04]	0	Subject.GetValue(SURV_Hunger [AVIF:0001C5E6], 00 00 00 00) < SURV_HungerThreshold_4_Starving [GLOB:00054E04] AND
005DC6F5	SURV_Hunger_AbilityBACKUP	10	0	11000100	>=	AND	Subject	GetValue	SURV_Hunger [AVIF:0001C5E6]	00 00 00 00		SURV_HungerThreshold_4_Starving [GLOB:00054E04]	0	Subject.GetValue(SURV_Hunger [AVIF:0001C5E6], 00 00 00 00) >= SURV_HungerThreshold_4_Starving [GLOB:00054E04] AND
005DC6F5	SURV_Hunger_AbilityBACKUP	11	0	11000100	>=	AND	Subject	GetValue	SURV_Hunger [AVIF:0001C5E6]	00 00 00 00		SURV_HungerThreshold_4_Starving [GLOB:00054E04]	0	Subject.GetValue(SURV_Hunger [AVIF:0001C5E6], 00 00 00 00) >= SURV_HungerThreshold_4_Starving [GLOB:00054E04] AND
005DC8F4	SURV_Thirst_AbilityBACKUP	0	0	00100100	<	AND	Subject	GetValue	SURV_Thirst [AVIF:0001C5E8]	00 00 00 00		SURV_ThirstThreshold_5_Max [GLOB:0001A75E]	0	Subject.GetValue(SURV_Thirst [AVIF:0001C5E8], 00 00 00 00) < SURV_ThirstThreshold_5_Max [GLOB:0001A75E] AND
005DC8F4	SURV_Thirst_AbilityBACKUP	1	0	00100100	<	AND	Subject	GetValue	SURV_Thirst [AVIF:0001C5E8]	00 00 00 00		SURV_ThirstThreshold_1_Hydrated [GLOB:00054E06]	0	Subject.GetValue(SURV_Thirst [AVIF:0001C5E8], 00 00 00 00) < SURV_ThirstThreshold_1_Hydrated [GLOB:00054E06] AND
005DC8F4	SURV_Thirst_AbilityBACKUP	1	1	10000000	=	AND	Subject	HasPerk	Rejuvenated01 "Rejuvenated" [PERK:003DE58F]	00 00 00 00		0.000000	0	Subject.HasPerk(Rejuvenated01 "Rejuvenated" [PERK:003DE58F], 00 00 00 00) = 0.000000 AND
005DC8F4	SURV_Thirst_AbilityBACKUP	1	2	10000000	=	AND	Subject	HasPerk	Rejuvenated02 "Rejuvenated" [PERK:003DE590]	00 00 00 00		0.000000	0	Subject.HasPerk(Rejuvenated02 "Rejuvenated" [PERK:003DE590], 00 00 00 00) = 0.000000 AND
005DC8F4	SURV_Thirst_AbilityBACKUP	2	0	00100100	<	AND	Subject	GetValue	SURV_Thirst [AVIF:0001C5E8]	00 00 00 00		SURV_ThirstThreshold_1_Hydrated [GLOB:00054E06]	0	Subject.GetValue(SURV_Thirst [AVIF:0001C5E8], 00 00 00 00) < SURV_ThirstThreshold_1_Hydrated [GLOB:00054E06] AND
005DC8F4	SURV_Thirst_AbilityBACKUP	2	1	10000000	=	AND	Subject	HasPerk	Rejuvenated01 "Rejuvenated" [PERK:003DE58F]	00 00 00 00		1.000000	0	Subject.HasPerk(Rejuvenated01 "Rejuvenated" [PERK:003DE58F], 00 00 00 00) = 1.000000 AND
005DC8F4	SURV_Thirst_AbilityBACKUP	2	2	10000000	=	AND	Subject	HasPerk	Rejuvenated02 "Rejuvenated" [PERK:003DE590]	00 00 00 00		0.000000	0	Subject.HasPerk(Rejuvenated02 "Rejuvenated" [PERK:003DE590], 00 00 00 00) = 0.000000 AND
005DC8F4	SURV_Thirst_AbilityBACKUP	3	0	00100100	<	AND	Subject	GetValue	SURV_Thirst [AVIF:0001C5E8]	00 00 00 00		SURV_ThirstThreshold_1_Hydrated [GLOB:00054E06]	0	Subject.GetValue(SURV_Thirst [AVIF:0001C5E8], 00 00 00 00) < SURV_ThirstThreshold_1_Hydrated [GLOB:00054E06] AND
005DC8F4	SURV_Thirst_AbilityBACKUP	3	1	10000000	=	AND	Subject	HasPerk	Rejuvenated02 "Rejuvenated" [PERK:003DE590]	00 00 00 00		1.000000	0	Subject.HasPerk(Rejuvenated02 "Rejuvenated" [PERK:003DE590], 00 00 00 00) = 1.000000 AND
005DC8F4	SURV_Thirst_AbilityBACKUP	4	0	00100100	<	AND	Subject	GetValue	SURV_Thirst [AVIF:0001C5E8]	00 00 00 00		SURV_ThirstThreshold_1_Hydrated [GLOB:00054E06]	0	Subject.GetValue(SURV_Thirst [AVIF:0001C5E8], 00 00 00 00) < SURV_ThirstThreshold_1_Hydrated [GLOB:00054E06] AND
005DC8F4	SURV_Thirst_AbilityBACKUP	4	1	10000000	=	AND	Subject	HasPerk	Rejuvenated01 "Rejuvenated" [PERK:003DE58F]	00 00 00 00		0.000000	0	Subject.HasPerk(Rejuvenated01 "Rejuvenated" [PERK:003DE58F], 00 00 00 00) = 0.000000 AND
005DC8F4	SURV_Thirst_AbilityBACKUP	4	2	10000000	=	AND	Subject	HasPerk	Rejuvenated02 "Rejuvenated" [PERK:003DE590]	00 00 00 00		0.000000	0	Subject.HasPerk(Rejuvenated02 "Rejuvenated" [PERK:003DE590], 00 00 00 00) = 0.000000 AND
005DC8F4	SURV_Thirst_AbilityBACKUP	5	0	00100100	<	AND	Subject	GetValue	SURV_Thirst [AVIF:0001C5E8]	00 00 00 00		SURV_ThirstThreshold_1_Hydrated [GLOB:00054E06]	0	Subject.GetValue(SURV_Thirst [AVIF:0001C5E8], 00 00 00 00) < SURV_ThirstThreshold_1_Hydrated [GLOB:00054E06] AND
005DC8F4	SURV_Thirst_AbilityBACKUP	5	1	10000000	=	AND	Subject	HasPerk	Rejuvenated01 "Rejuvenated" [PERK:003DE58F]	00 00 00 00		1.000000	0	Subject.HasPerk(Rejuvenated01 "Rejuvenated" [PERK:003DE58F], 00 00 00 00) = 1.000000 AND
005DC8F4	SURV_Thirst_AbilityBACKUP	5	2	10000000	=	AND	Subject	HasPerk	Rejuvenated02 "Rejuvenated" [PERK:003DE590]	00 00 00 00		0.000000	0	Subject.HasPerk(Rejuvenated02 "Rejuvenated" [PERK:003DE590], 00 00 00 00) = 0.000000 AND
005DC8F4	SURV_Thirst_AbilityBACKUP	6	0	00100100	<	AND	Subject	GetValue	SURV_Thirst [AVIF:0001C5E8]	00 00 00 00		SURV_ThirstThreshold_1_Hydrated [GLOB:00054E06]	0	Subject.GetValue(SURV_Thirst [AVIF:0001C5E8], 00 00 00 00) < SURV_ThirstThreshold_1_Hydrated [GLOB:00054E06] AND
005DC8F4	SURV_Thirst_AbilityBACKUP	6	1	10000000	=	AND	Subject	HasPerk	Rejuvenated02 "Rejuvenated" [PERK:003DE590]	00 00 00 00		1.000000	0	Subject.HasPerk(Rejuvenated02 "Rejuvenated" [PERK:003DE590], 00 00 00 00) = 1.000000 AND
005DC8F4	SURV_Thirst_AbilityBACKUP	7	0	11000100	>=	AND	Subject	GetValue	SURV_Thirst [AVIF:0001C5E8]	00 00 00 00		SURV_ThirstThreshold_4_Dehydrated [GLOB:00054E0B]	0	Subject.GetValue(SURV_Thirst [AVIF:0001C5E8], 00 00 00 00) >= SURV_ThirstThreshold_4_Dehydrated [GLOB:00054E0B] AND
005DC8F4	SURV_Thirst_AbilityBACKUP	7	1	01000000	>	AND	Subject	GetValuePercent	Health "Health" [AVIF:000002D4]	00 00 00 00		0.050000	0	Subject.GetValuePercent(Health "Health" [AVIF:000002D4], 00 00 00 00) > 0.050000 AND
005DC8F4	SURV_Thirst_AbilityBACKUP	8	0	11000100	>=	AND	Subject	GetValue	SURV_Thirst [AVIF:0001C5E8]	00 00 00 00		SURV_ThirstThreshold_3_Parched [GLOB:00054E09]	0	Subject.GetValue(SURV_Thirst [AVIF:0001C5E8], 00 00 00 00) >= SURV_ThirstThreshold_3_Parched [GLOB:00054E09] AND
005DC8F4	SURV_Thirst_AbilityBACKUP	8	1	00100100	<	AND	Subject	GetValue	SURV_Thirst [AVIF:0001C5E8]	00 00 00 00		SURV_ThirstThreshold_4_Dehydrated [GLOB:00054E0B]	0	Subject.GetValue(SURV_Thirst [AVIF:0001C5E8], 00 00 00 00) < SURV_ThirstThreshold_4_Dehydrated [GLOB:00054E0B] AND
005DC8F4	SURV_Thirst_AbilityBACKUP	9	0	11000100	>=	AND	Subject	GetValue	SURV_Thirst [AVIF:0001C5E8]	00 00 00 00		SURV_ThirstThreshold_3_Parched [GLOB:00054E09]	0	Subject.GetValue(SURV_Thirst [AVIF:0001C5E8], 00 00 00 00) >= SURV_ThirstThreshold_3_Parched [GLOB:00054E09] AND
005DC8F4	SURV_Thirst_AbilityBACKUP	9	1	00100100	<	AND	Subject	GetValue	SURV_Thirst [AVIF:0001C5E8]	00 00 00 00		SURV_ThirstThreshold_4_Dehydrated [GLOB:00054E0B]	0	Subject.GetValue(SURV_Thirst [AVIF:0001C5E8], 00 00 00 00) < SURV_ThirstThreshold_4_Dehydrated [GLOB:00054E0B] AND
005DC8F4	SURV_Thirst_AbilityBACKUP	10	0	11000100	>=	AND	Subject	GetValue	SURV_Thirst [AVIF:0001C5E8]	00 00 00 00		SURV_ThirstThreshold_4_Dehydrated [GLOB:00054E0B]	0	Subject.GetValue(SURV_Thirst [AVIF:0001C5E8], 00 00 00 00) >= SURV_ThirstThreshold_4_Dehydrated [GLOB:00054E0B] AND
005DC8F4	SURV_Thirst_AbilityBACKUP	11	0	11000100	>=	AND	Subject	GetValue	SURV_Thirst [AVIF:0001C5E8]	00 00 00 00		SURV_ThirstThreshold_4_Dehydrated [GLOB:00054E0B]	0	Subject.GetValue(SURV_Thirst [AVIF:0001C5E8], 00 00 00 00) >= SURV_ThirstThreshold_4_Dehydrated [GLOB:00054E0B] AND
005E47C3	zzzDailyOps_MutationSFX_Resilient	0	0	10000000	=	AND	Subject	GetDead	00 00 00 00	00 00 00 00		0.000000	0	Subject.GetDead(00 00 00 00, 00 00 00 00) = 0.000000 AND
005E47C3	zzzDailyOps_MutationSFX_Resilient	0	1	10000000	=	AND	Subject	HasMagicEffect	zzzDailyOps_MutationEffectSFX_Resilient "Resilient SFX" [MGEF:005E47C2]	00 00 00 00		0.000000	0	Subject.HasMagicEffect(zzzDailyOps_MutationEffectSFX_Resilient "Resilient SFX" [MGEF:005E47C2], 00 00 00 00) = 0.000000 AND
005E48D8	DailyOps_MutationAbility_Resilient_NoRadDamage	0	0	10100000	<=	AND	Subject	GetValue	Health "Health" [AVIF:000002D4]	00 00 00 00		0.020000	0	Subject.GetValue(Health "Health" [AVIF:000002D4], 00 00 00 00) <= 0.020000 AND
005EDA82	MQ07_PoisonGas	0	0	10000000	=	AND	Subject	WornApparelHasKeywordCount	SURV_DiseasePrevention_Inhalation [KYWD:0010A09B]	00 00 00 00		0.000000	0	Subject.WornApparelHasKeywordCount(SURV_DiseasePrevention_Inhalation [KYWD:0010A09B], 00 00 00 00) = 0.000000 AND
005EDA82	MQ07_PoisonGas	0	1	10000000	=	AND	Subject	HasActiveMagicEffect	crHazardPoisonEffect "Poison Effect" [MGEF:0056BE48]	00 00 00 00		0.000000	0	Subject.HasActiveMagicEffect(crHazardPoisonEffect "Poison Effect" [MGEF:0056BE48], 00 00 00 00) = 0.000000 AND
005F0DB4	DailyOps_Mutation_GroupRegenerationHeal	0	0	10000000	=	AND	Subject	HasActiveMagicEffect	DailyOps_MutationEffect_GroupRegeneration "Group Regeneration" [MGEF:005F0DB0]	00 00 00 00		1.000000	0	Subject.HasActiveMagicEffect(DailyOps_MutationEffect_GroupRegeneration "Group Regeneration" [MGEF:005F0DB0], 00 00 00 00) = 1.000000 AND
005F0DB4	DailyOps_Mutation_GroupRegenerationHeal	0	1	10000000	=	AND	Subject	GetIsPlayer	00 00 00 00	00 00 00 00		0.000000	0	Subject.GetIsPlayer(00 00 00 00, 00 00 00 00) = 0.000000 AND
005F0DB4	DailyOps_Mutation_GroupRegenerationHeal	0	2	10000000	=	AND	Subject	IsHostileToActor	TARGET - Target Reference [00000000]	00 00 00 00		0.000000	0	Subject.IsHostileToActor(TARGET - Target Reference [00000000], 00 00 00 00) = 0.000000 AND
005F0DB4	DailyOps_Mutation_GroupRegenerationHeal	0	3	00000000	!=	AND	Subject	GetIsRace	XPD_OvergrownPollinatorRace "Overgrown Pollinator" [RACE:006B3A3E]	00 00 00 00		1.000000	0	Subject.GetIsRace(XPD_OvergrownPollinatorRace "Overgrown Pollinator" [RACE:006B3A3E], 00 00 00 00) != 1.000000 AND
00606EC1	DEL_Catalyst_CryoTrap_Spell	0	0	10000000	=	AND	Subject	GetIsRace	HumanRace "Human" [RACE:00013746]	00 00 00 00		1.000000	0	Subject.GetIsRace(HumanRace "Human" [RACE:00013746], 00 00 00 00) = 1.000000 AND
0060DF40	AbPerkSuperMutantBerserkerSwingSpeed	0	0	10100000	<=	AND	Subject	GetWeaponAnimType	00 00 00 00	00 00 00 00		6.000000	0	Subject.GetWeaponAnimType(00 00 00 00, 00 00 00 00) <= 6.000000 AND
0060A6A8	DailyOps_DoubleMutation_Mutation_SwiftStalker	2	0	00000000	!=	AND	Subject	GetAttackState	00 00 00 00	00 00 00 00		16.000000	0	Subject.GetAttackState(00 00 00 00, 00 00 00 00) != 16.000000 AND
0060A6A8	DailyOps_DoubleMutation_Mutation_SwiftStalker	2	1	11000000	>=	AND	Subject	GetSecondsSinceLastAttack	00 00 00 00	00 00 00 00		1.500000	0	Subject.GetSecondsSinceLastAttack(00 00 00 00, 00 00 00 00) >= 1.500000 AND
0060A6A8	DailyOps_DoubleMutation_Mutation_SwiftStalker	2	2	10000000	=	AND	Subject	GetDead	00 00 00 00	00 00 00 00		0.000000	0	Subject.GetDead(00 00 00 00, 00 00 00 00) = 0.000000 AND
0060EC7F	DailyOps_DoubleMutation_Mutation_Vaporous	1	0	00000000	!=	AND	Subject	GetAttackState	00 00 00 00	00 00 00 00		16.000000	0	Subject.GetAttackState(00 00 00 00, 00 00 00 00) != 16.000000 AND
0060EC7F	DailyOps_DoubleMutation_Mutation_Vaporous	1	1	11000000	>=	AND	Subject	GetSecondsSinceLastAttack	00 00 00 00	00 00 00 00		1.500000	0	Subject.GetSecondsSinceLastAttack(00 00 00 00, 00 00 00 00) >= 1.500000 AND
0060EC7F	DailyOps_DoubleMutation_Mutation_Vaporous	1	2	10000000	=	AND	Subject	GetDead	00 00 00 00	00 00 00 00		0.000000	0	Subject.GetDead(00 00 00 00, 00 00 00 00) = 0.000000 AND
0060EC81	DailyOps_DoubleMutation_Mutation_CloudedToxins	0	0	00000000	!=	AND	Subject	GetAttackState	00 00 00 00	00 00 00 00		16.000000	0	Subject.GetAttackState(00 00 00 00, 00 00 00 00) != 16.000000 AND
0060EC81	DailyOps_DoubleMutation_Mutation_CloudedToxins	0	1	11000000	>=	AND	Subject	GetSecondsSinceLastAttack	00 00 00 00	00 00 00 00		1.500000	0	Subject.GetSecondsSinceLastAttack(00 00 00 00, 00 00 00 00) >= 1.500000 AND
0060EC81	DailyOps_DoubleMutation_Mutation_CloudedToxins	0	2	10000000	=	AND	Subject	GetDead	00 00 00 00	00 00 00 00		0.000000	0	Subject.GetDead(00 00 00 00, 00 00 00 00) = 0.000000 AND
0061F6A6	ATX_COMP_Mechanic_TuneUp_CarryJunkAbility	0	0	10010000	=	OR	Subject	HasMagicEffect	ATX_COMP_Mechanic_AbFortifyJunkCarryWeight "Tune-Up" [MGEF:0061F6A4]	00 00 00 00		1.000000	0	Subject.HasMagicEffect(ATX_COMP_Mechanic_AbFortifyJunkCarryWeight "Tune-Up" [MGEF:0061F6A4], 00 00 00 00) = 1.000000 OR
00631CDE	Legendary_IncreaseAPRegenSpellArea	0	0	10000000	=	AND	Target	IsPlayerTeammate	00 00 00 00	00 00 00 00		1.000000	0	Target.IsPlayerTeammate(00 00 00 00, 00 00 00 00) = 1.000000 AND
00631CDF	Legendary_IncreaseAllyResistsSpellEffect	0	0	10000000	=	AND	Target	IsPlayerTeammate	00 00 00 00	00 00 00 00		1.000000	0	Target.IsPlayerTeammate(00 00 00 00, 00 00 00 00) = 1.000000 AND
00631CDF	Legendary_IncreaseAllyResistsSpellEffect	1	0	10000000	=	AND	Target	IsPlayerTeammate	00 00 00 00	00 00 00 00		1.000000	0	Target.IsPlayerTeammate(00 00 00 00, 00 00 00 00) = 1.000000 AND
00631CDF	Legendary_IncreaseAllyResistsSpellEffect	2	0	10000000	=	AND	Target	IsPlayerTeammate	00 00 00 00	00 00 00 00		1.000000	0	Target.IsPlayerTeammate(00 00 00 00, 00 00 00 00) = 1.000000 AND
00631CDF	Legendary_IncreaseAllyResistsSpellEffect	3	0	10000000	=	AND	Target	IsPlayerTeammate	00 00 00 00	00 00 00 00		1.000000	0	Target.IsPlayerTeammate(00 00 00 00, 00 00 00 00) = 1.000000 AND
00651B18	E08B_ScrubberRads_Deadly	0	0	10000000	=	AND	Subject	GetStageDoneUniqueQuest	E08B_EvictionNotice "Event: Eviction Notice" [QUST:006431CE]	170 Repairing this strange machine should  lower the radiation in the area, but it might not last long under attack. It needs to remain operational.		1.000000	0	Subject.GetStageDoneUniqueQuest(E08B_EvictionNotice "Event: Eviction Notice" [QUST:006431CE], 170 Repairing this strange machine should  lower the radiation in the area, but it might not last long under attack. It needs to remain operational.) = 1.000000 AND
00655627	E09A_UltraciteAbom_RestoreHealth_Trigger	0	0	10000000	=	AND	Subject	HasKeyword	E09A_MutationEligibleKeyword [KYWD:0068DDFB]	00 00 00 00		1.000000	0	Subject.HasKeyword(E09A_MutationEligibleKeyword [KYWD:0068DDFB], 00 00 00 00) = 1.000000 AND
00655627	E09A_UltraciteAbom_RestoreHealth_Trigger	0	1	00100000	<	AND	Subject	GetStageUniqueQuest	E09A_Launcher "Event: Seismic Activity" [QUST:0063461B]	00 00 00 00		225.000000	0	Subject.GetStageUniqueQuest(E09A_Launcher "Event: Seismic Activity" [QUST:0063461B], 00 00 00 00) < 225.000000 AND
00655627	E09A_UltraciteAbom_RestoreHealth_Trigger	0	2	10000000	=	AND	Subject	HasKeyword	E09A_Launcher_BossFinalStageKeyword [KYWD:00655625]	00 00 00 00		0.000000	0	Subject.HasKeyword(E09A_Launcher_BossFinalStageKeyword [KYWD:00655625], 00 00 00 00) = 0.000000 AND
00655627	E09A_UltraciteAbom_RestoreHealth_Trigger	0	3	10100000	<=	AND	Subject	GetValuePercent	Health "Health" [AVIF:000002D4]	00 00 00 00		0.750000	0	Subject.GetValuePercent(Health "Health" [AVIF:000002D4], 00 00 00 00) <= 0.750000 AND
00655627	E09A_UltraciteAbom_RestoreHealth_Trigger	1	0	10000000	=	AND	Subject	HasKeyword	E09A_MutationEligibleKeyword [KYWD:0068DDFB]	00 00 00 00		1.000000	0	Subject.HasKeyword(E09A_MutationEligibleKeyword [KYWD:0068DDFB], 00 00 00 00) = 1.000000 AND
00655627	E09A_UltraciteAbom_RestoreHealth_Trigger	1	1	00100000	<	AND	Subject	GetStageUniqueQuest	E09A_Launcher "Event: Seismic Activity" [QUST:0063461B]	00 00 00 00		250.000000	0	Subject.GetStageUniqueQuest(E09A_Launcher "Event: Seismic Activity" [QUST:0063461B], 00 00 00 00) < 250.000000 AND
00655627	E09A_UltraciteAbom_RestoreHealth_Trigger	1	2	10000000	=	AND	Subject	HasKeyword	E09A_Launcher_BossFinalStageKeyword [KYWD:00655625]	00 00 00 00		0.000000	0	Subject.HasKeyword(E09A_Launcher_BossFinalStageKeyword [KYWD:00655625], 00 00 00 00) = 0.000000 AND
00655627	E09A_UltraciteAbom_RestoreHealth_Trigger	1	3	10100000	<=	AND	Subject	GetValuePercent	Health "Health" [AVIF:000002D4]	00 00 00 00		0.500000	0	Subject.GetValuePercent(Health "Health" [AVIF:000002D4], 00 00 00 00) <= 0.500000 AND
00655627	E09A_UltraciteAbom_RestoreHealth_Trigger	2	0	10000000	=	AND	Subject	HasKeyword	E09A_MutationEligibleKeyword [KYWD:0068DDFB]	00 00 00 00		1.000000	0	Subject.HasKeyword(E09A_MutationEligibleKeyword [KYWD:0068DDFB], 00 00 00 00) = 1.000000 AND
00655627	E09A_UltraciteAbom_RestoreHealth_Trigger	2	1	00100000	<	AND	Subject	GetStageUniqueQuest	E09A_Launcher "Event: Seismic Activity" [QUST:0063461B]	00 00 00 00		275.000000	0	Subject.GetStageUniqueQuest(E09A_Launcher "Event: Seismic Activity" [QUST:0063461B], 00 00 00 00) < 275.000000 AND
00655627	E09A_UltraciteAbom_RestoreHealth_Trigger	2	2	10000000	=	AND	Subject	HasKeyword	E09A_Launcher_BossFinalStageKeyword [KYWD:00655625]	00 00 00 00		0.000000	0	Subject.HasKeyword(E09A_Launcher_BossFinalStageKeyword [KYWD:00655625], 00 00 00 00) = 0.000000 AND
00655627	E09A_UltraciteAbom_RestoreHealth_Trigger	2	3	10100000	<=	AND	Subject	GetValuePercent	Health "Health" [AVIF:000002D4]	00 00 00 00		0.250000	0	Subject.GetValuePercent(Health "Health" [AVIF:000002D4], 00 00 00 00) <= 0.250000 AND
00656B02	E08B_ScrubberRads_Token	0	0	10000000	=	AND	Subject	GetStageDoneUniqueQuest	E08B_EvictionNotice "Event: Eviction Notice" [QUST:006431CE]	170 Repairing this strange machine should  lower the radiation in the area, but it might not last long under attack. It needs to remain operational.		1.000000	0	Subject.GetStageDoneUniqueQuest(E08B_EvictionNotice "Event: Eviction Notice" [QUST:006431CE], 170 Repairing this strange machine should  lower the radiation in the area, but it might not last long under attack. It needs to remain operational.) = 1.000000 AND
0065BB13	E09A_RadiationHazardVariable	0	0	10000000	=	AND	Subject	GetStageUniqueQuest	E09A_Launcher "Event: Seismic Activity" [QUST:0063461B]	00 00 00 00		200.000000	0	Subject.GetStageUniqueQuest(E09A_Launcher "Event: Seismic Activity" [QUST:0063461B], 00 00 00 00) = 200.000000 AND
0065BB13	E09A_RadiationHazardVariable	1	0	10000000	=	AND	Subject	GetStageUniqueQuest	E09A_Launcher "Event: Seismic Activity" [QUST:0063461B]	00 00 00 00		250.000000	0	Subject.GetStageUniqueQuest(E09A_Launcher "Event: Seismic Activity" [QUST:0063461B], 00 00 00 00) = 250.000000 AND
0065BB13	E09A_RadiationHazardVariable	2	0	10000000	=	AND	Subject	GetStageUniqueQuest	E09A_Launcher "Event: Seismic Activity" [QUST:0063461B]	00 00 00 00		225.000000	0	Subject.GetStageUniqueQuest(E09A_Launcher "Event: Seismic Activity" [QUST:0063461B], 00 00 00 00) = 225.000000 AND
0065BB13	E09A_RadiationHazardVariable	3	0	10000000	=	AND	Subject	GetStageUniqueQuest	E09A_Launcher "Event: Seismic Activity" [QUST:0063461B]	00 00 00 00		275.000000	0	Subject.GetStageUniqueQuest(E09A_Launcher "Event: Seismic Activity" [QUST:0063461B], 00 00 00 00) = 275.000000 AND
0063DA9B	zzzXPD_Pitt01_ObjMod_CarryAndThrow_Slow_Spell	0	0	11000000	>=	AND	Subject	GetItemCount	XPD_Pitt01_ObjMod_CarryAndThrow_Object "Coolant Canister" [WEAP:0063DAAA]	00 00 00 00		1.000000	0	Subject.GetItemCount(XPD_Pitt01_ObjMod_CarryAndThrow_Object "Coolant Canister" [WEAP:0063DAAA], 00 00 00 00) >= 1.000000 AND
006419BF	crTrogSuperiorPoisonCloak	0	0	10000000	=	AND	Subject	GetDead	00 00 00 00	00 00 00 00		0.000000	0	Subject.GetDead(00 00 00 00, 00 00 00 00) = 0.000000 AND
006419BF	crTrogSuperiorPoisonCloak	0	1	10100000	<=	AND	Subject	GetHealthPercentage	00 00 00 00	00 00 00 00		0.200000	0	Subject.GetHealthPercentage(00 00 00 00, 00 00 00 00) <= 0.200000 AND
00645472	PT_ExpeditionTeamBonus	0	0	10000000	=	AND	Subject	GetTeamType	00 00 00 00	00 00 00 00		13.000000	0	Subject.GetTeamType(00 00 00 00, 00 00 00 00) = 13.000000 AND
00645472	PT_ExpeditionTeamBonus	0	1	10000000	=	AND	Subject	GetTeammateBondScore	00 00 00 00	00 00 00 00		1.000000	0	Subject.GetTeammateBondScore(00 00 00 00, 00 00 00 00) = 1.000000 AND
00645472	PT_ExpeditionTeamBonus	1	0	10000000	=	AND	Subject	GetTeamType	00 00 00 00	00 00 00 00		13.000000	0	Subject.GetTeamType(00 00 00 00, 00 00 00 00) = 13.000000 AND
00645472	PT_ExpeditionTeamBonus	1	1	10000000	=	AND	Subject	GetTeammateBondScore	00 00 00 00	00 00 00 00		2.000000	0	Subject.GetTeammateBondScore(00 00 00 00, 00 00 00 00) = 2.000000 AND
00645472	PT_ExpeditionTeamBonus	2	0	10000000	=	AND	Subject	GetTeamType	00 00 00 00	00 00 00 00		13.000000	0	Subject.GetTeamType(00 00 00 00, 00 00 00 00) = 13.000000 AND
00645472	PT_ExpeditionTeamBonus	2	1	10000000	=	AND	Subject	GetTeammateBondScore	00 00 00 00	00 00 00 00		3.000000	0	Subject.GetTeammateBondScore(00 00 00 00, 00 00 00 00) = 3.000000 AND
00645472	PT_ExpeditionTeamBonus	3	0	10000000	=	AND	Subject	GetTeamType	00 00 00 00	00 00 00 00		13.000000	0	Subject.GetTeamType(00 00 00 00, 00 00 00 00) = 13.000000 AND
00645472	PT_ExpeditionTeamBonus	3	1	10000000	=	AND	Subject	GetTeammateBondScore	00 00 00 00	00 00 00 00		4.000000	0	Subject.GetTeammateBondScore(00 00 00 00, 00 00 00 00) = 4.000000 AND
00651092	XPD_Pitt02_DOTSpell_Survivor03	0	0	10000000	=	AND	Subject	IsInDialogueWithPlayer	00 00 00 00	00 00 00 00		0.000000	0	Subject.IsInDialogueWithPlayer(00 00 00 00, 00 00 00 00) = 0.000000 AND
00651091	XPD_Pitt02_DOTSpell_Survivor02	0	0	10000000	=	AND	Subject	IsInDialogueWithPlayer	00 00 00 00	00 00 00 00		0.000000	0	Subject.IsInDialogueWithPlayer(00 00 00 00, 00 00 00 00) = 0.000000 AND
00651090	XPD_Pitt02_DOTSpell_Survivor01	0	0	10000000	=	AND	Subject	IsInDialogueWithPlayer	00 00 00 00	00 00 00 00		0.000000	0	Subject.IsInDialogueWithPlayer(00 00 00 00, 00 00 00 00) = 0.000000 AND
00653FDD	SCORE_Lunchbox_XPSpell_Copy01	0	0	10000000	=	AND	Subject	GetValue	SCORE_Lunchbox_Level [AVIF:005C2F8F]	00 00 00 00		1.000000	0	Subject.GetValue(SCORE_Lunchbox_Level [AVIF:005C2F8F], 00 00 00 00) = 1.000000 AND
00653FDD	SCORE_Lunchbox_XPSpell_Copy01	1	0	10000000	=	AND	Subject	GetValue	SCORE_Lunchbox_Level [AVIF:005C2F8F]	00 00 00 00		2.000000	0	Subject.GetValue(SCORE_Lunchbox_Level [AVIF:005C2F8F], 00 00 00 00) = 2.000000 AND
00653FDD	SCORE_Lunchbox_XPSpell_Copy01	2	0	10000000	=	AND	Subject	GetValue	SCORE_Lunchbox_Level [AVIF:005C2F8F]	00 00 00 00		3.000000	0	Subject.GetValue(SCORE_Lunchbox_Level [AVIF:005C2F8F], 00 00 00 00) = 3.000000 AND
00653FDD	SCORE_Lunchbox_XPSpell_Copy01	3	0	11000000	>=	AND	Subject	GetValue	SCORE_Lunchbox_Level [AVIF:005C2F8F]	00 00 00 00		4.000000	0	Subject.GetValue(SCORE_Lunchbox_Level [AVIF:005C2F8F], 00 00 00 00) >= 4.000000 AND
00653FDE	SCORE_Pitt_Consumable_XPSpell	0	0	10000000	=	AND	Subject	GetValue	SCORE_Banner_Level [AVIF:00653FCE]	00 00 00 00		1.000000	0	Subject.GetValue(SCORE_Banner_Level [AVIF:00653FCE], 00 00 00 00) = 1.000000 AND
00653FDE	SCORE_Pitt_Consumable_XPSpell	1	0	10000000	=	AND	Subject	GetValue	SCORE_Banner_Level [AVIF:00653FCE]	00 00 00 00		2.000000	0	Subject.GetValue(SCORE_Banner_Level [AVIF:00653FCE], 00 00 00 00) = 2.000000 AND
00653FDE	SCORE_Pitt_Consumable_XPSpell	2	0	10000000	=	AND	Subject	GetValue	SCORE_Banner_Level [AVIF:00653FCE]	00 00 00 00		3.000000	0	Subject.GetValue(SCORE_Banner_Level [AVIF:00653FCE], 00 00 00 00) = 3.000000 AND
00653FDE	SCORE_Pitt_Consumable_XPSpell	3	0	11000000	>=	AND	Subject	GetValue	SCORE_Banner_Level [AVIF:00653FCE]	00 00 00 00		4.000000	0	Subject.GetValue(SCORE_Banner_Level [AVIF:00653FCE], 00 00 00 00) >= 4.000000 AND
00662F2E	E08B_ScrubberRads_Deadly_Tapered	0	0	10000000	=	AND	Subject	GetStageDoneUniqueQuest	E08B_EvictionNotice "Event: Eviction Notice" [QUST:006431CE]	170 Repairing this strange machine should  lower the radiation in the area, but it might not last long under attack. It needs to remain operational.		1.000000	0	Subject.GetStageDoneUniqueQuest(E08B_EvictionNotice "Event: Eviction Notice" [QUST:006431CE], 170 Repairing this strange machine should  lower the radiation in the area, but it might not last long under attack. It needs to remain operational.) = 1.000000 AND
006697ED	SCORE_Banner_Vision_HighlightEnemies_Spell	0	0	10000000	=	AND	Subject	GetIsPlayer	00 00 00 00	00 00 00 00		0.000000	0	Subject.GetIsPlayer(00 00 00 00, 00 00 00 00) = 0.000000 AND
006697ED	SCORE_Banner_Vision_HighlightEnemies_Spell	0	1	00000000	!=	AND	Subject	GetDead	00 00 00 00	00 00 00 00		1.000000	0	Subject.GetDead(00 00 00 00, 00 00 00 00) != 1.000000 AND
006697ED	SCORE_Banner_Vision_HighlightEnemies_Spell	0	2	10000000	=	AND	Subject	IsSneaking	00 00 00 00	00 00 00 00		0.000000	0	Subject.IsSneaking(00 00 00 00, 00 00 00 00) = 0.000000 AND
0066DBCD	UltraciteAbominationRaceSpell	0	0	10000000	=	AND	Subject	IsUsingAltCurveTable	00 00 00 00	00 00 00 00		0.000000	0	Subject.IsUsingAltCurveTable(00 00 00 00, 00 00 00 00) = 0.000000 AND
00674BC0	E09A_MeleeAttackDamage_Smash	0	0	10000000	=	AND	Target	HasKeyword	E09A_IgnoreAbomAOE [KYWD:0067A441]	00 00 00 00		0.000000	0	Target.HasKeyword(E09A_IgnoreAbomAOE [KYWD:0067A441], 00 00 00 00) = 0.000000 AND
00674BC0	E09A_MeleeAttackDamage_Smash	0	1	00100000	<	AND	Target	GetDistance	TARGET - Target Reference [00000000]	00 00 00 00		1000.000000	0	Target.GetDistance(TARGET - Target Reference [00000000], 00 00 00 00) < 1000.000000 AND
00674BC0	E09A_MeleeAttackDamage_Smash	1	0	10000000	=	AND	Target	HasKeyword	E09A_IgnoreAbomAOE [KYWD:0067A441]	00 00 00 00		0.000000	0	Target.HasKeyword(E09A_IgnoreAbomAOE [KYWD:0067A441], 00 00 00 00) = 0.000000 AND
00674BC0	E09A_MeleeAttackDamage_Smash	1	1	11000000	>=	AND	Target	GetDistance	TARGET - Target Reference [00000000]	00 00 00 00		1000.000000	0	Target.GetDistance(TARGET - Target Reference [00000000], 00 00 00 00) >= 1000.000000 AND
00674BC0	E09A_MeleeAttackDamage_Smash	1	2	00100000	<	AND	Target	GetDistance	TARGET - Target Reference [00000000]	00 00 00 00		2600.000000	0	Target.GetDistance(TARGET - Target Reference [00000000], 00 00 00 00) < 2600.000000 AND
00674BC0	E09A_MeleeAttackDamage_Smash	2	0	10000000	=	AND	Target	HasKeyword	E09A_IgnoreAbomAOE [KYWD:0067A441]	00 00 00 00		0.000000	0	Target.HasKeyword(E09A_IgnoreAbomAOE [KYWD:0067A441], 00 00 00 00) = 0.000000 AND
00674BC0	E09A_MeleeAttackDamage_Smash	2	1	11000000	>=	AND	Target	GetDistance	TARGET - Target Reference [00000000]	00 00 00 00		2600.000000	0	Target.GetDistance(TARGET - Target Reference [00000000], 00 00 00 00) >= 2600.000000 AND
00674BC0	E09A_MeleeAttackDamage_Smash	2	2	00100000	<	AND	Target	GetDistance	TARGET - Target Reference [00000000]	00 00 00 00		5800.000000	0	Target.GetDistance(TARGET - Target Reference [00000000], 00 00 00 00) < 5800.000000 AND
00674BC0	E09A_MeleeAttackDamage_Smash	3	0	10000000	=	AND	Target	HasKeyword	E09A_IgnoreAbomAOE [KYWD:0067A441]	00 00 00 00		0.000000	0	Target.HasKeyword(E09A_IgnoreAbomAOE [KYWD:0067A441], 00 00 00 00) = 0.000000 AND
00674BC0	E09A_MeleeAttackDamage_Smash	3	1	11000000	>=	AND	Target	GetDistance	TARGET - Target Reference [00000000]	00 00 00 00		5800.000000	0	Target.GetDistance(TARGET - Target Reference [00000000], 00 00 00 00) >= 5800.000000 AND
00674BC0	E09A_MeleeAttackDamage_Smash	3	2	00100000	<	AND	Target	GetDistance	TARGET - Target Reference [00000000]	00 00 00 00		7400.000000	0	Target.GetDistance(TARGET - Target Reference [00000000], 00 00 00 00) < 7400.000000 AND
00674BC0	E09A_MeleeAttackDamage_Smash	4	0	10000000	=	AND	Target	HasKeyword	E09A_IgnoreAbomAOE [KYWD:0067A441]	00 00 00 00		0.000000	0	Target.HasKeyword(E09A_IgnoreAbomAOE [KYWD:0067A441], 00 00 00 00) = 0.000000 AND
00674BC0	E09A_MeleeAttackDamage_Smash	4	1	11000000	>=	AND	Target	GetDistance	TARGET - Target Reference [00000000]	00 00 00 00		7400.000000	0	Target.GetDistance(TARGET - Target Reference [00000000], 00 00 00 00) >= 7400.000000 AND
00674BC0	E09A_MeleeAttackDamage_Smash	4	2	00100000	<	AND	Target	GetDistance	TARGET - Target Reference [00000000]	00 00 00 00		9000.000000	0	Target.GetDistance(TARGET - Target Reference [00000000], 00 00 00 00) < 9000.000000 AND
0066EFD3	XPD_RadStormSpell	0	0	10000000	=	AND	Subject	HasPerk	ImmuneToRadiation [PERK:000A2775]	00 00 00 00		0.000000	0	Subject.HasPerk(ImmuneToRadiation [PERK:000A2775], 00 00 00 00) = 0.000000 AND
00674C07	XPD_RadStormSpell_CastOnPlayer	0	0	10000000	=	AND	Subject	HasPerk	ImmuneToRadiation [PERK:000A2775]	00 00 00 00		0.000000	0	Subject.HasPerk(ImmuneToRadiation [PERK:000A2775], 00 00 00 00) = 0.000000 AND
0067770F	SCORE_Banner_Reward_Spell	1	0	10000000	=	AND	Subject	GetValue	SCORE_Banner_Level [AVIF:00653FCE]	00 00 00 00		1.000000	0	Subject.GetValue(SCORE_Banner_Level [AVIF:00653FCE], 00 00 00 00) = 1.000000 AND
0067770F	SCORE_Banner_Reward_Spell	2	0	10000000	=	AND	Subject	GetValue	SCORE_Banner_Level [AVIF:00653FCE]	00 00 00 00		2.000000	0	Subject.GetValue(SCORE_Banner_Level [AVIF:00653FCE], 00 00 00 00) = 2.000000 AND
0067770F	SCORE_Banner_Reward_Spell	3	0	10000000	=	AND	Subject	GetValue	SCORE_Banner_Level [AVIF:00653FCE]	00 00 00 00		3.000000	0	Subject.GetValue(SCORE_Banner_Level [AVIF:00653FCE], 00 00 00 00) = 3.000000 AND
0067770F	SCORE_Banner_Reward_Spell	4	0	11000000	>=	AND	Subject	GetValue	SCORE_Banner_Level [AVIF:00653FCE]	00 00 00 00		4.000000	0	Subject.GetValue(SCORE_Banner_Level [AVIF:00653FCE], 00 00 00 00) >= 4.000000 AND
0067770D	SCORE_Banner_ProcEffects_Spell	0	0	10000000	=	AND	Target	HasMagicEffect	SCORE_Banner_Medic "Banner - Medic" [MGEF:00666920]	00 00 00 00		1.000000	0	Target.HasMagicEffect(SCORE_Banner_Medic "Banner - Medic" [MGEF:00666920], 00 00 00 00) = 1.000000 AND
0067770D	SCORE_Banner_ProcEffects_Spell	1	0	10000000	=	AND	Target	HasMagicEffect	SCORE_Banner_Forged_Effect "Banner - Forged" [MGEF:006697E9]	00 00 00 00		1.000000	0	Target.HasMagicEffect(SCORE_Banner_Forged_Effect "Banner - Forged" [MGEF:006697E9], 00 00 00 00) = 1.000000 AND
0067770D	SCORE_Banner_ProcEffects_Spell	2	0	10000000	=	AND	Target	HasMagicEffect	SCORE_Banner_Hardened_Effect "Banner - Hardened" [MGEF:00669822]	00 00 00 00		1.000000	0	Target.HasMagicEffect(SCORE_Banner_Hardened_Effect "Banner - Hardened" [MGEF:00669822], 00 00 00 00) = 1.000000 AND
0067770D	SCORE_Banner_ProcEffects_Spell	3	0	10000000	=	AND	Target	HasMagicEffect	SCORE_Banner_Driven_Effect "Banner - Driven" [MGEF:00667763]	00 00 00 00		1.000000	0	Target.HasMagicEffect(SCORE_Banner_Driven_Effect "Banner - Driven" [MGEF:00667763], 00 00 00 00) = 1.000000 AND
0067770D	SCORE_Banner_ProcEffects_Spell	4	0	10000000	=	AND	Target	HasMagicEffect	SCORE_Banner_Vision "Scout Valor" [MGEF:0066953F]	00 00 00 00		1.000000	0	Target.HasMagicEffect(SCORE_Banner_Vision "Scout Valor" [MGEF:0066953F], 00 00 00 00) = 1.000000 AND
006758FB	AbPowerArmorPerk_Union	0	0	10000000	=	AND	Subject	IsTrueForConditionForm	PowerArmor_Set_Union [CNDF:006D7184]	00 00 00 00		1.000000	0	Subject.IsTrueForConditionForm(PowerArmor_Set_Union [CNDF:006D7184], 00 00 00 00) = 1.000000 AND
006758FB	AbPowerArmorPerk_Union	1	0	10000000	=	AND	Subject	IsTrueForConditionForm	PowerArmor_Set_Union [CNDF:006D7184]	00 00 00 00		1.000000	0	Subject.IsTrueForConditionForm(PowerArmor_Set_Union [CNDF:006D7184], 00 00 00 00) = 1.000000 AND
00683DF6	zzz_MutatedEvents_PoisonCloudHealSpell	0	0	10000000	=	AND	Subject	GetIsPlayer	00 00 00 00	00 00 00 00		1.000000	0	Subject.GetIsPlayer(00 00 00 00, 00 00 00 00) = 1.000000 AND
00684BA8	zzz_MutatedEvents_PoisonCloudDamageSpell	0	0	10000000	=	AND	Subject	IsHostileToActor	TARGET - Target Reference [00000000]	00 00 00 00		1.000000	0	Subject.IsHostileToActor(TARGET - Target Reference [00000000], 00 00 00 00) = 1.000000 AND
00684BA8	zzz_MutatedEvents_PoisonCloudDamageSpell	0	1	10000000	=	AND	Subject	GetIsPlayer	00 00 00 00	00 00 00 00		0.000000	0	Subject.GetIsPlayer(00 00 00 00, 00 00 00 00) = 0.000000 AND
0068C8A5	DailyOps_Mutation_DangerCloud	0	0	10000000	=	AND	Subject	GetDead	00 00 00 00	00 00 00 00		0.000000	0	Subject.GetDead(00 00 00 00, 00 00 00 00) = 0.000000 AND
006B2E6C	Storm_RegionBoss_PlayerSpell	0	0	10000000	=	AND	Subject	HasKeyword	Storm_RegionBoss_LaserGridDamage [KYWD:006B2E67]	00 00 00 00		1.000000	0	Subject.HasKeyword(Storm_RegionBoss_LaserGridDamage [KYWD:006B2E67], 00 00 00 00) = 1.000000 AND
006B2E6C	Storm_RegionBoss_PlayerSpell	1	0	10000000	=	AND	Subject	HasKeyword	Storm_RegionBoss_LaserGridDamage [KYWD:006B2E67]	00 00 00 00		1.000000	0	Subject.HasKeyword(Storm_RegionBoss_LaserGridDamage [KYWD:006B2E67], 00 00 00 00) = 1.000000 AND
006B2E6C	Storm_RegionBoss_PlayerSpell	1	1	10000000	=	AND	Subject	GetCurrentWeatherHasKeyword	WeatherTypeHUDRain [KYWD:00151838]	00 00 00 00		1.000000	0	Subject.GetCurrentWeatherHasKeyword(WeatherTypeHUDRain [KYWD:00151838], 00 00 00 00) = 1.000000 AND
006B2F49	zzzEN07_StormPostNewRadWeatherSpell	1	0	00000000	!=	AND	Subject	GetIsPlayer	00 00 00 00	00 00 00 00		1.000000	0	Subject.GetIsPlayer(00 00 00 00, 00 00 00 00) != 1.000000 AND
006B2F4A	EN07_StormFlashSpell	2	0	10000000	=	AND	Subject	HasPerk	ImmuneToRadiation [PERK:000A2775]	00 00 00 00		0.000000	0	Subject.HasPerk(ImmuneToRadiation [PERK:000A2775], 00 00 00 00) = 0.000000 AND
006B3C3C	Storm_Mutation_Electric	0	0	10000000	=	AND	Subject	GetDead	00 00 00 00	00 00 00 00		0.000000	0	Subject.GetDead(00 00 00 00, 00 00 00 00) = 0.000000 AND
006B3C3D	ZZZ_Storm_RadStormSpell	0	0	10000000	=	AND	Subject	GetIsPlayer	00 00 00 00	00 00 00 00		1.000000	0	Subject.GetIsPlayer(00 00 00 00, 00 00 00 00) = 1.000000 AND
006B6925	CritCryo_ColdShoulder	0	0	00000000	!=	AND	Target	HasKeyword	CriticalCryoNoFreeze [KYWD:00249D7A]	00 00 00 00		1.000000	0	Target.HasKeyword(CriticalCryoNoFreeze [KYWD:00249D7A], 00 00 00 00) != 1.000000 AND
006BECAA	RobotSelfDestructSpell	0	0	10000000	=	AND	Subject	GetIsRace	StormBossRace "Storm Goliath" [RACE:006D65BB]	00 00 00 00		0.000000	0	Subject.GetIsRace(StormBossRace "Storm Goliath" [RACE:006D65BB], 00 00 00 00) = 0.000000 AND
006BECAA	RobotSelfDestructSpell	1	0	10000000	=	AND	Subject	GetIsRace	StormBossRace "Storm Goliath" [RACE:006D65BB]	00 00 00 00		1.000000	0	Subject.GetIsRace(StormBossRace "Storm Goliath" [RACE:006D65BB], 00 00 00 00) = 1.000000 AND
006C99DA	Storm_LosthealEffect	0	0	10000000	=	AND	Subject	HasKeyword	ActorTypeLostHealer [KYWD:006FB8AE]	00 00 00 00		0.000000	0	Subject.HasKeyword(ActorTypeLostHealer [KYWD:006FB8AE], 00 00 00 00) = 0.000000 AND
006C99DA	Storm_LosthealEffect	0	1	10000000	=	AND	Subject	GetInFaction	Storm_LostFaction "Lost Faction" [FACT:006B3C32]	00 00 00 00		1.000000	0	Subject.GetInFaction(Storm_LostFaction "Lost Faction" [FACT:006B3C32], 00 00 00 00) = 1.000000 AND
006C99D9	zzzStorm_LostHealCloak	0	0	10000000	=	AND	Subject	GetDead	00 00 00 00	00 00 00 00		0.000000	0	Subject.GetDead(00 00 00 00, 00 00 00 00) = 0.000000 AND
006E1B1A	AbHungerThirstTier	0	0	10100100	<=	AND	Subject	GetValue	SURV_Hunger [AVIF:0001C5E6]	00 00 00 00		SURV_NewHungerThreshold_1_WellFed [GLOB:005DC6ED]	0	Subject.GetValue(SURV_Hunger [AVIF:0001C5E6], 00 00 00 00) <= SURV_NewHungerThreshold_1_WellFed [GLOB:005DC6ED] AND
006E1B1A	AbHungerThirstTier	1	0	10100100	<=	AND	Subject	GetValue	SURV_Hunger [AVIF:0001C5E6]	00 00 00 00		SURV_NewHungerThreshold_2_Fed [GLOB:005DC6EE]	0	Subject.GetValue(SURV_Hunger [AVIF:0001C5E6], 00 00 00 00) <= SURV_NewHungerThreshold_2_Fed [GLOB:005DC6EE] AND
006E1B1A	AbHungerThirstTier	2	0	10100100	<=	AND	Subject	GetValue	SURV_Hunger [AVIF:0001C5E6]	00 00 00 00		SURV_NewHungerThreshold_3_PartiallyFed [GLOB:005DC6EF]	0	Subject.GetValue(SURV_Hunger [AVIF:0001C5E6], 00 00 00 00) <= SURV_NewHungerThreshold_3_PartiallyFed [GLOB:005DC6EF] AND
006E1B1A	AbHungerThirstTier	3	0	10100100	<=	AND	Subject	GetValue	SURV_Hunger [AVIF:0001C5E6]	00 00 00 00		SURV_NewHungerThreshold_4_Hungry [GLOB:005DC6F0]	0	Subject.GetValue(SURV_Hunger [AVIF:0001C5E6], 00 00 00 00) <= SURV_NewHungerThreshold_4_Hungry [GLOB:005DC6F0] AND
006E1B1A	AbHungerThirstTier	4	0	10100100	<=	AND	Subject	GetValue	SURV_Thirst [AVIF:0001C5E8]	00 00 00 00		SURV_NewThirstThreshold_1_WellHydrated [GLOB:005DC8EB]	0	Subject.GetValue(SURV_Thirst [AVIF:0001C5E8], 00 00 00 00) <= SURV_NewThirstThreshold_1_WellHydrated [GLOB:005DC8EB] AND
006E1B1A	AbHungerThirstTier	5	0	10100100	<=	AND	Subject	GetValue	SURV_Thirst [AVIF:0001C5E8]	00 00 00 00		SURV_NewThirstThreshold_2_Hydrated [GLOB:005DC8EC]	0	Subject.GetValue(SURV_Thirst [AVIF:0001C5E8], 00 00 00 00) <= SURV_NewThirstThreshold_2_Hydrated [GLOB:005DC8EC] AND
006E1B1A	AbHungerThirstTier	6	0	10100100	<=	AND	Subject	GetValue	SURV_Thirst [AVIF:0001C5E8]	00 00 00 00		SURV_NewThirstThreshold_3_PartiallyHydrated [GLOB:005DC8ED]	0	Subject.GetValue(SURV_Thirst [AVIF:0001C5E8], 00 00 00 00) <= SURV_NewThirstThreshold_3_PartiallyHydrated [GLOB:005DC8ED] AND
006E1B1A	AbHungerThirstTier	7	0	10100100	<=	AND	Subject	GetValue	SURV_Thirst [AVIF:0001C5E8]	00 00 00 00		SURV_NewThirstThreshold_4_Thirsty [GLOB:005DC8EE]	0	Subject.GetValue(SURV_Thirst [AVIF:0001C5E8], 00 00 00 00) <= SURV_NewThirstThreshold_4_Thirsty [GLOB:005DC8EE] AND
006E9220	Storm_MQ08_HallucGas_PlayerSpell	0	0	10000000	=	AND	Subject	GetStageDonePlayerInstance	Storm_MQ08_OberlinPt2 "The Powerhouse of the Cell" [QUST:006FBF34]	1400 I entered the Caverns, and I should collect the juvenile Unusual Fungi Hilda requested. She mentioned waste gasses were vented through here from the lab, which explains the strange things I've been seeing in there.		1.000000	0	Subject.GetStageDonePlayerInstance(Storm_MQ08_OberlinPt2 "The Powerhouse of the Cell" [QUST:006FBF34], 1400 I entered the Caverns, and I should collect the juvenile Unusual Fungi Hilda requested. She mentioned waste gasses were vented through here from the lab, which explains the strange things I've been seeing in there.) = 1.000000 AND
006E9220	Storm_MQ08_HallucGas_PlayerSpell	0	1	10000000	=	AND	Subject	GetStageDonePlayerInstance	Storm_MQ08_OberlinPt2 "The Powerhouse of the Cell" [QUST:006FBF34]	2100 Hilda was disappointed with another failed experiment. We have one more serum to try - Serum Omega. I should seek out the next test subject in the Vat Storage Room. There was a room called Fluid Handling close by, maybe I can reach storage through that room.		0.000000	0	Subject.GetStageDonePlayerInstance(Storm_MQ08_OberlinPt2 "The Powerhouse of the Cell" [QUST:006FBF34], 2100 Hilda was disappointed with another failed experiment. We have one more serum to try - Serum Omega. I should seek out the next test subject in the Vat Storage Room. There was a room called Fluid Handling close by, maybe I can reach storage through that room.) = 0.000000 AND
006E9220	Storm_MQ08_HallucGas_PlayerSpell	0	2	10000000	=	AND	Subject	GetValue	Storm_MQ08_HallucGasActive [AVIF:0076E15D]	00 00 00 00		1.000000	0	Subject.GetValue(Storm_MQ08_HallucGasActive [AVIF:0076E15D], 00 00 00 00) = 1.000000 AND
006E9220	Storm_MQ08_HallucGas_PlayerSpell	0	3	10010000	=	OR	Subject	GetInCell	Vault63Organics "Vault 63 Organics Sector" [CELL:006A2D53]	00 00 00 00		1.000000	0	Subject.GetInCell(Vault63Organics "Vault 63 Organics Sector" [CELL:006A2D53], 00 00 00 00) = 1.000000 OR
006E9220	Storm_MQ08_HallucGas_PlayerSpell	0	4	10010000	=	OR	Subject	GetInCell	StormHallucinogeniccave "Shining Creek Cavern" [CELL:006C3495]	00 00 00 00		1.000000	0	Subject.GetInCell(StormHallucinogeniccave "Shining Creek Cavern" [CELL:006C3495], 00 00 00 00) = 1.000000 OR
006E9221	Storm_MQ08_HallucGas_ShadowSpell	0	0	10000000	=	AND	Target	GetDisabled	00 00 00 00	00 00 00 00		0.000000	0	Target.GetDisabled(00 00 00 00, 00 00 00 00) = 0.000000 AND
006EDFC5	ElectricalHazardLight	1	0	10000000	=	AND	Subject	GetCurrentWeatherHasKeyword	WeatherTypeHUDRain [KYWD:00151838]	00 00 00 00		1.000000	0	Subject.GetCurrentWeatherHasKeyword(WeatherTypeHUDRain [KYWD:00151838], 00 00 00 00) = 1.000000 AND
006EBCD7	CircuitbreakerImpactSpell	0	0	10000000	=	AND	Subject	GetIsPlayer	00 00 00 00	00 00 00 00		0.000000	0	Subject.GetIsPlayer(00 00 00 00, 00 00 00 00) = 0.000000 AND
006EBCD7	CircuitbreakerImpactSpell	0	1	10000000	=	AND	Subject	GetDead	00 00 00 00	00 00 00 00		0.000000	0	Subject.GetDead(00 00 00 00, 00 00 00 00) = 0.000000 AND
006EBCD7	CircuitbreakerImpactSpell	1	0	10000000	=	AND	Subject	GetDead	00 00 00 00	00 00 00 00		0.000000	0	Subject.GetDead(00 00 00 00, 00 00 00 00) = 0.000000 AND
006EBCD7	CircuitbreakerImpactSpell	2	0	10000000	=	AND	Subject	GetDead	00 00 00 00	00 00 00 00		0.000000	0	Subject.GetDead(00 00 00 00, 00 00 00 00) = 0.000000 AND
006EBCD8	CircuitbreakerExplosionSpell	0	0	10000000	=	AND	Subject	GetDead	00 00 00 00	00 00 00 00		0.000000	0	Subject.GetDead(00 00 00 00, 00 00 00 00) = 0.000000 AND
006F6652	AbRaceStormBoss	1	0	10000000	=	AND	Subject	GetValue	Storm_RegionBoss_IncomingDamageState [AVIF:007697F3]	00 00 00 00		0.000000	0	Subject.GetValue(Storm_RegionBoss_IncomingDamageState [AVIF:007697F3], 00 00 00 00) = 0.000000 AND
006F6652	AbRaceStormBoss	2	0	10000000	=	AND	Subject	GetValue	Storm_RegionBoss_IncomingDamageState [AVIF:007697F3]	00 00 00 00		1.000000	0	Subject.GetValue(Storm_RegionBoss_IncomingDamageState [AVIF:007697F3], 00 00 00 00) = 1.000000 AND
006F6652	AbRaceStormBoss	3	0	10000000	=	AND	Subject	GetValue	Storm_RegionBoss_IncomingDamageState [AVIF:007697F3]	00 00 00 00		2.000000	0	Subject.GetValue(Storm_RegionBoss_IncomingDamageState [AVIF:007697F3], 00 00 00 00) = 2.000000 AND
006FA0B2	Storm_ElectricDamage_Shock	0	0	10100000	<=	AND	Subject	GetRandomPercent	00 00 00 00	00 00 00 00		5.000000	0	Subject.GetRandomPercent(00 00 00 00, 00 00 00 00) <= 5.000000 AND
006B3A42	zzz_XPD_OvergrownPollinatorDamageCloak	0	0	10000000	=	AND	Subject	GetDead	00 00 00 00	00 00 00 00		0.000000	0	Subject.GetDead(00 00 00 00, 00 00 00 00) = 0.000000 AND
006B3A43	XPD_OvergrownPollinatorHealCloak	0	0	10000000	=	AND	Subject	GetDead	00 00 00 00	00 00 00 00		0.000000	0	Subject.GetDead(00 00 00 00, 00 00 00 00) = 0.000000 AND
006C332D	zzz_XPD_OvergrownPollinatorHealSpell	0	0	10000000	=	AND	Subject	GetInFaction	XPD_OvergrownFaction "Overgrown Faction" [FACT:006B3A2D]	00 00 00 00		1.000000	0	Subject.GetInFaction(XPD_OvergrownFaction "Overgrown Faction" [FACT:006B3A2D], 00 00 00 00) = 1.000000 AND
006D6228	XPD_AC02_ObjMod_SolveLocks_PoisonGasSpell	0	0	10000000	=	AND	Subject	HasActiveMagicEffect	crHazardPoisonEffect "Poison Effect" [MGEF:0056BE48]	00 00 00 00		0.000000	0	Subject.HasActiveMagicEffect(crHazardPoisonEffect "Poison Effect" [MGEF:0056BE48], 00 00 00 00) = 0.000000 AND
006E359C	crOvergrownFireWeakness	0	0	10000000	=	AND	Subject	IsUsingAltCurveTable	00 00 00 00	00 00 00 00		0.000000	0	Subject.IsUsingAltCurveTable(00 00 00 00, 00 00 00 00) = 0.000000 AND
006E4E37	XPD_AC_JulianSmokebombCooldownSpell	0	0	00000000	!=	AND	Subject	IsBleedingOut	00 00 00 00	00 00 00 00		1.000000	0	Subject.IsBleedingOut(00 00 00 00, 00 00 00 00) != 1.000000 AND
006E4E36	XPD_AC_JulianSmokebombInvisibleSpell	0	0	00000000	!=	AND	Subject	IsBleedingOut	00 00 00 00	00 00 00 00		1.000000	0	Subject.IsBleedingOut(00 00 00 00, 00 00 00 00) != 1.000000 AND
0072A010	crOvergrownRadResistance	0	0	10000000	=	AND	Subject	IsUsingAltCurveTable	00 00 00 00	00 00 00 00		0.000000	0	Subject.IsUsingAltCurveTable(00 00 00 00, 00 00 00 00) = 0.000000 AND
0072A623	AC_SQ03_Custodial_SlowSpell	0	0	10000000	=	AND	Subject	GetIsCurrentLocationExact	XPD_AC02_Pier_Location "Showman's Pier" [LCTN:006AFE14]	00 00 00 00		1.000000	0	Subject.GetIsCurrentLocationExact(XPD_AC02_Pier_Location "Showman's Pier" [LCTN:006AFE14], 00 00 00 00) = 1.000000 AND
0073450D	NPE_CharGen_VaultFed_BonusXP	0	0	10000000	=	AND	Subject	GetGlobalValue	NPE_XPBoostEnabled [GLOB:0073470E]	00 00 00 00		1.000000	0	Subject.GetGlobalValue(NPE_XPBoostEnabled [GLOB:0073470E], 00 00 00 00) = 1.000000 AND
00739AE8	Storm_MQ13_ElectricArcSpell	0	0	10000000	=	AND	Subject	HasKeyword	ElectricHealing [KYWD:00739AC1]	00 00 00 00		0.000000	0	Subject.HasKeyword(ElectricHealing [KYWD:00739AC1], 00 00 00 00) = 0.000000 AND
00739AE8	Storm_MQ13_ElectricArcSpell	1	0	10000000	=	AND	Subject	HasKeyword	ElectricHealing [KYWD:00739AC1]	00 00 00 00		1.000000	0	Subject.HasKeyword(ElectricHealing [KYWD:00739AC1], 00 00 00 00) = 1.000000 AND
00739AE9	Storm_MQ13_PlayerSpell	0	0	10000000	=	AND	Subject	GetValue	Storm_MQ13_PlayerTrippyVisionState [AVIF:00739ABA]	00 00 00 00		1.000000	0	Subject.GetValue(Storm_MQ13_PlayerTrippyVisionState [AVIF:00739ABA], 00 00 00 00) = 1.000000 AND
00739AE9	Storm_MQ13_PlayerSpell	1	0	10000000	=	AND	Subject	GetValue	Storm_MQ13_PlayerTrippyVisionState [AVIF:00739ABA]	00 00 00 00		2.000000	0	Subject.GetValue(Storm_MQ13_PlayerTrippyVisionState [AVIF:00739ABA], 00 00 00 00) = 2.000000 AND
0073A9C4	crOvergrownMoonflowerPoisonCloak_XPD_AC	0	0	10000000	=	AND	Subject	GetDead	00 00 00 00	00 00 00 00		0.000000	0	Subject.GetDead(00 00 00 00, 00 00 00 00) = 0.000000 AND
0073BE72	XPD_OvergrownPollinatorHeal_HealVFX_Self	0	0	10000000	=	AND	Subject	GetDead	00 00 00 00	00 00 00 00		0.000000	0	Subject.GetDead(00 00 00 00, 00 00 00 00) = 0.000000 AND
0074ECB7	crJerseyDevilEscapeStaggerSpell	0	0	10000000	=	AND	Subject	GetDead	00 00 00 00	00 00 00 00		0.000000	0	Subject.GetDead(00 00 00 00, 00 00 00 00) = 0.000000 AND
00752FA0	Storm_PoisonSpell	0	0	10000000	=	AND	Subject	HasActiveMagicEffect	crHazardPoisonEffect "Poison Effect" [MGEF:0056BE48]	00 00 00 00		0.000000	0	Subject.HasActiveMagicEffect(crHazardPoisonEffect "Poison Effect" [MGEF:0056BE48], 00 00 00 00) = 0.000000 AND
00752FA0	Storm_PoisonSpell	1	0	10000000	=	AND	Subject	HasActiveMagicEffect	crHazardSlowEffect "Slow Effect" [MGEF:0056BE4F]	00 00 00 00		0.000000	0	Subject.HasActiveMagicEffect(crHazardSlowEffect "Slow Effect" [MGEF:0056BE4F], 00 00 00 00) = 0.000000 AND
0075DF70	zzz_Tempest_TeamAPSpell	0	0	10000000	=	AND	Target	IsPlayerTeammate	00 00 00 00	00 00 00 00		1.000000	0	Target.IsPlayerTeammate(00 00 00 00, 00 00 00 00) = 1.000000 AND
00769737	XPD_AC_FloodedCityWater	0	0	10000000	=	AND	Subject	WornApparelHasKeywordCount	WaterRadiationImmune [KYWD:005EEAE5]	00 00 00 00		0.000000	0	Subject.WornApparelHasKeywordCount(WaterRadiationImmune [KYWD:005EEAE5], 00 00 00 00) = 0.000000 AND
00769737	XPD_AC_FloodedCityWater	0	1	10000000	=	AND	Subject	GetInFaction	CurrentCompanionFaction [FACT:00023C01]	00 00 00 00		0.000000	0	Subject.GetInFaction(CurrentCompanionFaction [FACT:00023C01], 00 00 00 00) = 0.000000 AND
00769737	XPD_AC_FloodedCityWater	0	2	10000000	=	AND	Subject	HasPerk	Aquaboy01 "Aquaboy" [PERK:000E36F9]	00 00 00 00		0.000000	0	Subject.HasPerk(Aquaboy01 "Aquaboy" [PERK:000E36F9], 00 00 00 00) = 0.000000 AND
00769737	XPD_AC_FloodedCityWater	0	3	10000000	=	AND	Subject	HasPerk	Aquagirl01 "Aquagirl" [PERK:000E9453]	00 00 00 00		0.000000	0	Subject.HasPerk(Aquagirl01 "Aquagirl" [PERK:000E9453], 00 00 00 00) = 0.000000 AND
0076B4FC	Storm_RegionBoss_RankUpFX_Spell	0	0	10000000	=	AND	Subject	GetGlobalValue	TrueGlobal [GLOB:00036E00]	00 00 00 00		0.000000	0	Subject.GetGlobalValue(TrueGlobal [GLOB:00036E00], 00 00 00 00) = 0.000000 AND
0076A696	XPD_OvergrownPollinatorVFXSpell	0	0	10000000	=	AND	Subject	GetIsRace	XPD_OvergrownPollinatorRace "Overgrown Pollinator" [RACE:006B3A3E]	00 00 00 00		1.000000	0	Subject.GetIsRace(XPD_OvergrownPollinatorRace "Overgrown Pollinator" [RACE:006B3A3E], 00 00 00 00) = 1.000000 AND
0076A696	XPD_OvergrownPollinatorVFXSpell	0	1	10000000	=	AND	Subject	GetDead	00 00 00 00	00 00 00 00		0.000000	0	Subject.GetDead(00 00 00 00, 00 00 00 00) = 0.000000 AND
0076A695	XPD_OvergrownPollinatorVFXCloak	0	0	10000000	=	AND	Subject	GetDead	00 00 00 00	00 00 00 00		0.000000	0	Subject.GetDead(00 00 00 00, 00 00 00 00) = 0.000000 AND
0076CABF	ElectricalHazardStrong	1	0	10000000	=	AND	Subject	GetCurrentWeatherHasKeyword	WeatherTypeHUDRain [KYWD:00151838]	00 00 00 00		1.000000	0	Subject.GetCurrentWeatherHasKeyword(WeatherTypeHUDRain [KYWD:00151838], 00 00 00 00) = 1.000000 AND
0076D5F1	Storm_MQ13_HugoSpell	0	0	10000000	=	AND	Subject	GetValue	Variable01 [AVIF:00000301]	00 00 00 00		1.000000	0	Subject.GetValue(Variable01 [AVIF:00000301], 00 00 00 00) = 1.000000 AND
0076ED17	StormCutterExplosionSpell	0	0	10000000	=	AND	Subject	GetDead	00 00 00 00	00 00 00 00		0.000000	0	Subject.GetDead(00 00 00 00, 00 00 00 00) = 0.000000 AND
0076ED1A	StormCutterImpactSpell	0	0	10000000	=	AND	Subject	GetIsPlayer	00 00 00 00	00 00 00 00		0.000000	0	Subject.GetIsPlayer(00 00 00 00, 00 00 00 00) = 0.000000 AND
0076ED1A	StormCutterImpactSpell	0	1	10000000	=	AND	Subject	GetDead	00 00 00 00	00 00 00 00		0.000000	0	Subject.GetDead(00 00 00 00, 00 00 00 00) = 0.000000 AND
0076ED1A	StormCutterImpactSpell	1	0	10000000	=	AND	Subject	GetDead	00 00 00 00	00 00 00 00		0.000000	0	Subject.GetDead(00 00 00 00, 00 00 00 00) = 0.000000 AND
0076ED1A	StormCutterImpactSpell	2	0	10000000	=	AND	Subject	GetDead	00 00 00 00	00 00 00 00		0.000000	0	Subject.GetDead(00 00 00 00, 00 00 00 00) = 0.000000 AND
0077D52D	crOvergrownBossPoisonCloak_XPD_AC_DailyOps	0	0	10000000	=	AND	Subject	GetDead	00 00 00 00	00 00 00 00		0.000000	0	Subject.GetDead(00 00 00 00, 00 00 00 00) = 0.000000 AND
00790E0D	ElectricalHazardFatal	1	0	10000000	=	AND	Subject	GetCurrentWeatherHasKeyword	WeatherTypeHUDRain [KYWD:00151838]	00 00 00 00		1.000000	0	Subject.GetCurrentWeatherHasKeyword(WeatherTypeHUDRain [KYWD:00151838], 00 00 00 00) = 1.000000 AND
0079182B	Storm_RegionBoss_ElectricalHazardLight	0	0	10000000	=	AND	Subject	GetQuestRunningUnique	Storm_RegionBoss "Event: Neurological Warfare" [QUST:006AD506]	00 00 00 00		1.000000	0	Subject.GetQuestRunningUnique(Storm_RegionBoss "Event: Neurological Warfare" [QUST:006AD506], 00 00 00 00) = 1.000000 AND
0079182B	Storm_RegionBoss_ElectricalHazardLight	1	0	10000000	=	AND	Subject	GetQuestRunningUnique	Storm_RegionBoss "Event: Neurological Warfare" [QUST:006AD506]	00 00 00 00		1.000000	0	Subject.GetQuestRunningUnique(Storm_RegionBoss "Event: Neurological Warfare" [QUST:006AD506], 00 00 00 00) = 1.000000 AND
0079182B	Storm_RegionBoss_ElectricalHazardLight	1	1	10000000	=	AND	Subject	GetCurrentWeatherHasKeyword	WeatherTypeHUDRain [KYWD:00151838]	00 00 00 00		1.000000	0	Subject.GetCurrentWeatherHasKeyword(WeatherTypeHUDRain [KYWD:00151838], 00 00 00 00) = 1.000000 AND
0079182B	Storm_RegionBoss_ElectricalHazardLight	2	0	10000000	=	AND	Subject	GetQuestRunningUnique	Storm_RegionBoss "Event: Neurological Warfare" [QUST:006AD506]	00 00 00 00		1.000000	0	Subject.GetQuestRunningUnique(Storm_RegionBoss "Event: Neurological Warfare" [QUST:006AD506], 00 00 00 00) = 1.000000 AND
0079182A	Storm_RegionBoss_ElectricalHazardStrong	0	0	10000000	=	AND	Subject	GetQuestRunningUnique	Storm_RegionBoss "Event: Neurological Warfare" [QUST:006AD506]	00 00 00 00		1.000000	0	Subject.GetQuestRunningUnique(Storm_RegionBoss "Event: Neurological Warfare" [QUST:006AD506], 00 00 00 00) = 1.000000 AND
0079182A	Storm_RegionBoss_ElectricalHazardStrong	1	0	10000000	=	AND	Subject	GetQuestRunningUnique	Storm_RegionBoss "Event: Neurological Warfare" [QUST:006AD506]	00 00 00 00		1.000000	0	Subject.GetQuestRunningUnique(Storm_RegionBoss "Event: Neurological Warfare" [QUST:006AD506], 00 00 00 00) = 1.000000 AND
0079182A	Storm_RegionBoss_ElectricalHazardStrong	1	1	10000000	=	AND	Subject	GetCurrentWeatherHasKeyword	WeatherTypeHUDRain [KYWD:00151838]	00 00 00 00		1.000000	0	Subject.GetCurrentWeatherHasKeyword(WeatherTypeHUDRain [KYWD:00151838], 00 00 00 00) = 1.000000 AND
0079182A	Storm_RegionBoss_ElectricalHazardStrong	2	0	10000000	=	AND	Subject	GetQuestRunningUnique	Storm_RegionBoss "Event: Neurological Warfare" [QUST:006AD506]	00 00 00 00		1.000000	0	Subject.GetQuestRunningUnique(Storm_RegionBoss "Event: Neurological Warfare" [QUST:006AD506], 00 00 00 00) = 1.000000 AND
007954F3	RD01_PowerArmor_UltraciteBracers_PoisonAttack	0	0	10000000	=	AND	Target	WornApparelHasKeywordCount	dn_HasMisc_Ultracite [KYWD:00793E45]	00 00 00 00		1.000000	0	Target.WornApparelHasKeywordCount(dn_HasMisc_Ultracite [KYWD:00793E45], 00 00 00 00) = 1.000000 AND
007954F3	RD01_PowerArmor_UltraciteBracers_PoisonAttack	1	0	10000000	=	AND	Target	WornApparelHasKeywordCount	dn_HasMisc_Ultracite [KYWD:00793E45]	00 00 00 00		2.000000	0	Target.WornApparelHasKeywordCount(dn_HasMisc_Ultracite [KYWD:00793E45], 00 00 00 00) = 2.000000 AND
007954F4	RD01_PowerArmor_UltraciteBracers_RADAttack	0	0	10000000	=	AND	Target	WornApparelHasKeywordCount	dn_HasMisc_Ultracite [KYWD:00793E45]	00 00 00 00		1.000000	0	Target.WornApparelHasKeywordCount(dn_HasMisc_Ultracite [KYWD:00793E45], 00 00 00 00) = 1.000000 AND
007954F4	RD01_PowerArmor_UltraciteBracers_RADAttack	1	0	10000000	=	AND	Target	WornApparelHasKeywordCount	dn_HasMisc_Ultracite [KYWD:00793E45]	00 00 00 00		2.000000	0	Target.WornApparelHasKeywordCount(dn_HasMisc_Ultracite [KYWD:00793E45], 00 00 00 00) = 2.000000 AND
00797BA6	Legendary_PowerArmor_ChooChooCloakSpell	0	0	10000000	=	AND	Subject	IsSprinting	00 00 00 00	00 00 00 00		1.000000	0	Subject.IsSprinting(00 00 00 00, 00 00 00 00) = 1.000000 AND
00797BA6	Legendary_PowerArmor_ChooChooCloakSpell	0	1	10000000	=	AND	Subject	WornApparelHasKeywordCount	HasLegendary_PowerArmor_ChooChoo [KYWD:00792A15]	00 00 00 00		1.000000	0	Subject.WornApparelHasKeywordCount(HasLegendary_PowerArmor_ChooChoo [KYWD:00792A15], 00 00 00 00) = 1.000000 AND
00797BA6	Legendary_PowerArmor_ChooChooCloakSpell	0	2	10100000	<=	AND	Subject	GetRandomPercent	00 00 00 00	00 00 00 00		10.000000	0	Subject.GetRandomPercent(00 00 00 00, 00 00 00 00) <= 10.000000 AND
00797BA6	Legendary_PowerArmor_ChooChooCloakSpell	1	0	10000000	=	AND	Subject	IsSprinting	00 00 00 00	00 00 00 00		1.000000	0	Subject.IsSprinting(00 00 00 00, 00 00 00 00) = 1.000000 AND
00797BA6	Legendary_PowerArmor_ChooChooCloakSpell	1	1	10000000	=	AND	Subject	WornApparelHasKeywordCount	HasLegendary_PowerArmor_ChooChoo [KYWD:00792A15]	00 00 00 00		2.000000	0	Subject.WornApparelHasKeywordCount(HasLegendary_PowerArmor_ChooChoo [KYWD:00792A15], 00 00 00 00) = 2.000000 AND
00797BA6	Legendary_PowerArmor_ChooChooCloakSpell	1	2	10100000	<=	AND	Subject	GetRandomPercent	00 00 00 00	00 00 00 00		20.000000	0	Subject.GetRandomPercent(00 00 00 00, 00 00 00 00) <= 20.000000 AND
00797BA6	Legendary_PowerArmor_ChooChooCloakSpell	2	0	10000000	=	AND	Subject	IsSprinting	00 00 00 00	00 00 00 00		1.000000	0	Subject.IsSprinting(00 00 00 00, 00 00 00 00) = 1.000000 AND
00797BA6	Legendary_PowerArmor_ChooChooCloakSpell	2	1	10000000	=	AND	Subject	WornApparelHasKeywordCount	HasLegendary_PowerArmor_ChooChoo [KYWD:00792A15]	00 00 00 00		3.000000	0	Subject.WornApparelHasKeywordCount(HasLegendary_PowerArmor_ChooChoo [KYWD:00792A15], 00 00 00 00) = 3.000000 AND
00797BA6	Legendary_PowerArmor_ChooChooCloakSpell	2	2	10100000	<=	AND	Subject	GetRandomPercent	00 00 00 00	00 00 00 00		30.000000	0	Subject.GetRandomPercent(00 00 00 00, 00 00 00 00) <= 30.000000 AND
00797BA6	Legendary_PowerArmor_ChooChooCloakSpell	3	0	10000000	=	AND	Subject	IsSprinting	00 00 00 00	00 00 00 00		1.000000	0	Subject.IsSprinting(00 00 00 00, 00 00 00 00) = 1.000000 AND
00797BA6	Legendary_PowerArmor_ChooChooCloakSpell	3	1	10000000	=	AND	Subject	WornApparelHasKeywordCount	HasLegendary_PowerArmor_ChooChoo [KYWD:00792A15]	00 00 00 00		4.000000	0	Subject.WornApparelHasKeywordCount(HasLegendary_PowerArmor_ChooChoo [KYWD:00792A15], 00 00 00 00) = 4.000000 AND
00797BA6	Legendary_PowerArmor_ChooChooCloakSpell	3	2	10100000	<=	AND	Subject	GetRandomPercent	00 00 00 00	00 00 00 00		40.000000	0	Subject.GetRandomPercent(00 00 00 00, 00 00 00 00) <= 40.000000 AND
00797BA6	Legendary_PowerArmor_ChooChooCloakSpell	4	0	10000000	=	AND	Subject	IsSprinting	00 00 00 00	00 00 00 00		1.000000	0	Subject.IsSprinting(00 00 00 00, 00 00 00 00) = 1.000000 AND
00797BA6	Legendary_PowerArmor_ChooChooCloakSpell	4	1	11000000	>=	AND	Subject	WornApparelHasKeywordCount	HasLegendary_PowerArmor_ChooChoo [KYWD:00792A15]	00 00 00 00		5.000000	0	Subject.WornApparelHasKeywordCount(HasLegendary_PowerArmor_ChooChoo [KYWD:00792A15], 00 00 00 00) >= 5.000000 AND
00797BA6	Legendary_PowerArmor_ChooChooCloakSpell	4	2	10100000	<=	AND	Subject	GetRandomPercent	00 00 00 00	00 00 00 00		50.000000	0	Subject.GetRandomPercent(00 00 00 00, 00 00 00 00) <= 50.000000 AND
00797BA7	Legendary_PowerArmor_ChooChooHitSpell	0	0	10000000	=	AND	Subject	GetSitting	00 00 00 00	00 00 00 00		0.000000	0	Subject.GetSitting(00 00 00 00, 00 00 00 00) = 0.000000 AND
00797BA7	Legendary_PowerArmor_ChooChooHitSpell	0	1	10000000	=	AND	Subject	IsHostileToActor	TARGET - Target Reference [00000000]	00 00 00 00		1.000000	0	Subject.IsHostileToActor(TARGET - Target Reference [00000000], 00 00 00 00) = 1.000000 AND
00797BA7	Legendary_PowerArmor_ChooChooHitSpell	1	0	10000000	=	AND	Subject	GetSitting	00 00 00 00	00 00 00 00		0.000000	0	Subject.GetSitting(00 00 00 00, 00 00 00 00) = 0.000000 AND
00797BA7	Legendary_PowerArmor_ChooChooHitSpell	1	1	10000000	=	AND	Subject	IsHostileToActor	TARGET - Target Reference [00000000]	00 00 00 00		1.000000	0	Subject.IsHostileToActor(TARGET - Target Reference [00000000], 00 00 00 00) = 1.000000 AND
00797BA7	Legendary_PowerArmor_ChooChooHitSpell	2	0	10000000	=	AND	Subject	GetSitting	00 00 00 00	00 00 00 00		0.000000	0	Subject.GetSitting(00 00 00 00, 00 00 00 00) = 0.000000 AND
00797BA7	Legendary_PowerArmor_ChooChooHitSpell	2	1	10000000	=	AND	Subject	IsHostileToActor	TARGET - Target Reference [00000000]	00 00 00 00		1.000000	0	Subject.IsHostileToActor(TARGET - Target Reference [00000000], 00 00 00 00) = 1.000000 AND
0079B222	Legendary_Armor_TankyDebuffSpell	0	0	10000000	=	AND	Subject	GetIsPlayer	00 00 00 00	00 00 00 00		1.000000	0	Subject.GetIsPlayer(00 00 00 00, 00 00 00 00) = 1.000000 AND
0079B222	Legendary_Armor_TankyDebuffSpell	0	1	10000000	=	AND	Subject	IsMoving	00 00 00 00	00 00 00 00		0.000000	0	Subject.IsMoving(00 00 00 00, 00 00 00 00) = 0.000000 AND
0079B98A	Legendary_PowerArmor_ReflectiveReflectSpell	0	0	10000000	=	AND	Subject	WornApparelHasKeywordCount	HasLegendary_PowerArmor_Reflective [KYWD:00792A1E]	00 00 00 00		1.000000	0	Subject.WornApparelHasKeywordCount(HasLegendary_PowerArmor_Reflective [KYWD:00792A1E], 00 00 00 00) = 1.000000 AND
0079B98A	Legendary_PowerArmor_ReflectiveReflectSpell	1	0	10000000	=	AND	Subject	WornApparelHasKeywordCount	HasLegendary_PowerArmor_Reflective [KYWD:00792A1E]	00 00 00 00		2.000000	0	Subject.WornApparelHasKeywordCount(HasLegendary_PowerArmor_Reflective [KYWD:00792A1E], 00 00 00 00) = 2.000000 AND
0079B98A	Legendary_PowerArmor_ReflectiveReflectSpell	2	0	10000000	=	AND	Subject	WornApparelHasKeywordCount	HasLegendary_PowerArmor_Reflective [KYWD:00792A1E]	00 00 00 00		3.000000	0	Subject.WornApparelHasKeywordCount(HasLegendary_PowerArmor_Reflective [KYWD:00792A1E], 00 00 00 00) = 3.000000 AND
0079B98A	Legendary_PowerArmor_ReflectiveReflectSpell	3	0	10000000	=	AND	Subject	WornApparelHasKeywordCount	HasLegendary_PowerArmor_Reflective [KYWD:00792A1E]	00 00 00 00		4.000000	0	Subject.WornApparelHasKeywordCount(HasLegendary_PowerArmor_Reflective [KYWD:00792A1E], 00 00 00 00) = 4.000000 AND
0079B98A	Legendary_PowerArmor_ReflectiveReflectSpell	4	0	11000000	>=	AND	Subject	WornApparelHasKeywordCount	HasLegendary_PowerArmor_Reflective [KYWD:00792A1E]	00 00 00 00		5.000000	0	Subject.WornApparelHasKeywordCount(HasLegendary_PowerArmor_Reflective [KYWD:00792A1E], 00 00 00 00) >= 5.000000 AND
0079C1D8	AbEpicCloak	1	0	10000000	=	AND	Target	GetDead	00 00 00 00	00 00 00 00		0.000000	0	Target.GetDead(00 00 00 00, 00 00 00 00) = 0.000000 AND
0079C1D9	AbEpicBurn	1	0	10000000	=	AND	Target	GetDead	00 00 00 00	00 00 00 00		0.000000	0	Target.GetDead(00 00 00 00, 00 00 00 00) = 0.000000 AND
0079C1DB	AbEpicVampire	1	0	10000000	=	AND	Target	GetDead	00 00 00 00	00 00 00 00		0.000000	0	Target.GetDead(00 00 00 00, 00 00 00 00) = 0.000000 AND
0079C1DB	AbEpicVampire	1	1	00100000	<	AND	Target	GetHealthPercentage	00 00 00 00	00 00 00 00		1.000000	0	Target.GetHealthPercentage(00 00 00 00, 00 00 00 00) < 1.000000 AND
0079C1DC	AbEpicSpeed	1	0	10000000	=	AND	Target	GetDead	00 00 00 00	00 00 00 00		0.000000	0	Target.GetDead(00 00 00 00, 00 00 00 00) = 0.000000 AND
0079C381	AbEpicFrenzy	1	0	10000000	=	AND	Target	GetDead	00 00 00 00	00 00 00 00		0.000000	0	Target.GetDead(00 00 00 00, 00 00 00 00) = 0.000000 AND
0079C381	AbEpicFrenzy	1	1	10100000	<=	AND	Subject	GetValuePercent	Health "Health" [AVIF:000002D4]	00 00 00 00		0.350000	0	Subject.GetValuePercent(Health "Health" [AVIF:000002D4], 00 00 00 00) <= 0.350000 AND
0079C381	AbEpicFrenzy	2	0	10000000	=	AND	Target	GetDead	00 00 00 00	00 00 00 00		0.000000	0	Target.GetDead(00 00 00 00, 00 00 00 00) = 0.000000 AND
0079C381	AbEpicFrenzy	2	1	10100000	<=	AND	Subject	GetValuePercent	Health "Health" [AVIF:000002D4]	00 00 00 00		0.350000	0	Subject.GetValuePercent(Health "Health" [AVIF:000002D4], 00 00 00 00) <= 0.350000 AND
0079C389	AbEpicEnergetic	1	0	10000000	=	AND	Target	GetDead	00 00 00 00	00 00 00 00		0.000000	0	Target.GetDead(00 00 00 00, 00 00 00 00) = 0.000000 AND
007A2BAA	PT_RaidTeamBonus	0	0	10000000	=	AND	Subject	GetTeammateBondScore	00 00 00 00	00 00 00 00		1.000000	0	Subject.GetTeammateBondScore(00 00 00 00, 00 00 00 00) = 1.000000 AND
007A2BAA	PT_RaidTeamBonus	0	1	10000000	=	AND	Subject	GetTeamType	00 00 00 00	00 00 00 00		14.000000	0	Subject.GetTeamType(00 00 00 00, 00 00 00 00) = 14.000000 AND
007A2BAA	PT_RaidTeamBonus	1	0	10000000	=	AND	Subject	GetTeammateBondScore	00 00 00 00	00 00 00 00		2.000000	0	Subject.GetTeammateBondScore(00 00 00 00, 00 00 00 00) = 2.000000 AND
007A2BAA	PT_RaidTeamBonus	1	1	10000000	=	AND	Subject	GetTeamType	00 00 00 00	00 00 00 00		14.000000	0	Subject.GetTeamType(00 00 00 00, 00 00 00 00) = 14.000000 AND
007A2BAA	PT_RaidTeamBonus	2	0	10000000	=	AND	Subject	GetTeammateBondScore	00 00 00 00	00 00 00 00		3.000000	0	Subject.GetTeammateBondScore(00 00 00 00, 00 00 00 00) = 3.000000 AND
007A2BAA	PT_RaidTeamBonus	2	1	10000000	=	AND	Subject	GetTeamType	00 00 00 00	00 00 00 00		14.000000	0	Subject.GetTeamType(00 00 00 00, 00 00 00 00) = 14.000000 AND
007A2BAA	PT_RaidTeamBonus	3	0	10000000	=	AND	Subject	GetTeammateBondScore	00 00 00 00	00 00 00 00		4.000000	0	Subject.GetTeammateBondScore(00 00 00 00, 00 00 00 00) = 4.000000 AND
007A2BAA	PT_RaidTeamBonus	3	1	10000000	=	AND	Subject	GetTeamType	00 00 00 00	00 00 00 00		14.000000	0	Subject.GetTeamType(00 00 00 00, 00 00 00 00) = 14.000000 AND
007A83ED	crRD01_Enc06_ScorchtongueProjectileHazard	0	0	10000000	=	AND	Subject	HasActiveMagicEffect	crHazardPoisonEffect "Poison Effect" [MGEF:0056BE48]	00 00 00 00		0.000000	0	Subject.HasActiveMagicEffect(crHazardPoisonEffect "Poison Effect" [MGEF:0056BE48], 00 00 00 00) = 0.000000 AND
007AA9B5	RD01_Enc06_LavaHazard_Spell	0	0	00000000	!=	AND	Subject	GetIsRace	ScorchtongueHeadRace "Scorchtongue" [RACE:00786D48]	00 00 00 00		1.000000	0	Subject.GetIsRace(ScorchtongueHeadRace "Scorchtongue" [RACE:00786D48], 00 00 00 00) != 1.000000 AND
007AA9B5	RD01_Enc06_LavaHazard_Spell	0	1	00000000	!=	AND	Subject	GetIsRace	ScorchtongueBodyRace "Scorchtongue" [RACE:0079B8C2]	00 00 00 00		1.000000	0	Subject.GetIsRace(ScorchtongueBodyRace "Scorchtongue" [RACE:0079B8C2], 00 00 00 00) != 1.000000 AND
007AA9B5	RD01_Enc06_LavaHazard_Spell	0	2	00000000	!=	AND	Subject	GetIsRace	ScorchtongueTailRace "Scorchtongue Tail" [RACE:00787118]	00 00 00 00		1.000000	0	Subject.GetIsRace(ScorchtongueTailRace "Scorchtongue Tail" [RACE:00787118], 00 00 00 00) != 1.000000 AND
007ACAFF	AbPerkSerendipity	0	0	10000000	=	AND	Subject	IsOverEncumbered	00 00 00 00	00 00 00 00		0.000000	0	Subject.IsOverEncumbered(00 00 00 00, 00 00 00 00) = 0.000000 AND
007ACAFF	AbPerkSerendipity	0	1	10000000	=	AND	Subject	WornHasKeyword	ArmorTypePower [KYWD:0004D8A1]	00 00 00 00		0.000000	0	Subject.WornHasKeyword(ArmorTypePower [KYWD:0004D8A1], 00 00 00 00) = 0.000000 AND
007ACAFF	AbPerkSerendipity	0	2	10100000	<=	AND	Subject	GetHealthPercentage	00 00 00 00	00 00 00 00		0.300000	0	Subject.GetHealthPercentage(00 00 00 00, 00 00 00 00) <= 0.300000 AND
007ACBF9	Legendary_Weapon_EncirclersFortifyDMGSpell	0	0	10000000	=	AND	Subject	GetGroupTargetCount	00 00 00 00	00 00 00 00		1.000000	0	Subject.GetGroupTargetCount(00 00 00 00, 00 00 00 00) = 1.000000 AND
007ACBF9	Legendary_Weapon_EncirclersFortifyDMGSpell	1	0	10000000	=	AND	Subject	GetGroupTargetCount	00 00 00 00	00 00 00 00		2.000000	0	Subject.GetGroupTargetCount(00 00 00 00, 00 00 00 00) = 2.000000 AND
007ACBF9	Legendary_Weapon_EncirclersFortifyDMGSpell	2	0	10000000	=	AND	Subject	GetGroupTargetCount	00 00 00 00	00 00 00 00		3.000000	0	Subject.GetGroupTargetCount(00 00 00 00, 00 00 00 00) = 3.000000 AND
007ACBF9	Legendary_Weapon_EncirclersFortifyDMGSpell	3	0	10000000	=	AND	Subject	GetGroupTargetCount	00 00 00 00	00 00 00 00		4.000000	0	Subject.GetGroupTargetCount(00 00 00 00, 00 00 00 00) = 4.000000 AND
007ACBF9	Legendary_Weapon_EncirclersFortifyDMGSpell	4	0	11000000	>=	AND	Subject	GetGroupTargetCount	00 00 00 00	00 00 00 00		5.000000	0	Subject.GetGroupTargetCount(00 00 00 00, 00 00 00 00) >= 5.000000 AND
007ACBF8	Legendary_Weapon_FencersBuffMeleeSpell	0	0	10000000	=	AND	Subject	GetPlayerTeammateCount	00 00 00 00	00 00 00 00		0.000000	0	Subject.GetPlayerTeammateCount(00 00 00 00, 00 00 00 00) = 0.000000 AND
007ACBF8	Legendary_Weapon_FencersBuffMeleeSpell	1	0	10000000	=	AND	Subject	GetPlayerTeammateCount	00 00 00 00	00 00 00 00		1.000000	0	Subject.GetPlayerTeammateCount(00 00 00 00, 00 00 00 00) = 1.000000 AND
007ACBF8	Legendary_Weapon_FencersBuffMeleeSpell	1	1	00100000	<	AND	Player Teammates	GetDistance	TARGET - Target Reference [00000000]	00 00 00 00	1	2500.000000	0	Player Teammates.GetDistance(TARGET - Target Reference [00000000], 00 00 00 00, 1) < 2500.000000 AND
007ACBF8	Legendary_Weapon_FencersBuffMeleeSpell	2	0	10000000	=	AND	Subject	GetPlayerTeammateCount	00 00 00 00	00 00 00 00		2.000000	0	Subject.GetPlayerTeammateCount(00 00 00 00, 00 00 00 00) = 2.000000 AND
007ACBF8	Legendary_Weapon_FencersBuffMeleeSpell	2	1	00100000	<	AND	Player Teammates	GetDistance	TARGET - Target Reference [00000000]	00 00 00 00	1	2500.000000	0	Player Teammates.GetDistance(TARGET - Target Reference [00000000], 00 00 00 00, 1) < 2500.000000 AND
007ACBF8	Legendary_Weapon_FencersBuffMeleeSpell	3	0	10000000	=	AND	Subject	GetPlayerTeammateCount	00 00 00 00	00 00 00 00		3.000000	0	Subject.GetPlayerTeammateCount(00 00 00 00, 00 00 00 00) = 3.000000 AND
007ACBF8	Legendary_Weapon_FencersBuffMeleeSpell	3	1	00100000	<	AND	Player Teammates	GetDistance	TARGET - Target Reference [00000000]	00 00 00 00	1	2500.000000	0	Player Teammates.GetDistance(TARGET - Target Reference [00000000], 00 00 00 00, 1) < 2500.000000 AND
007ACD70	Legendary_PowerArmor_RejuvenatorsTeamAP&HPSpell	0	0	10000000	=	AND	Subject	IsPlayerTeammate	00 00 00 00	00 00 00 00		1.000000	0	Subject.IsPlayerTeammate(00 00 00 00, 00 00 00 00) = 1.000000 AND
007ACD70	Legendary_PowerArmor_RejuvenatorsTeamAP&HPSpell	0	1	10000000	=	AND	Subject	IsMemberOfAPlayerTeam	00 00 00 00	00 00 00 00		1.000000	0	Subject.IsMemberOfAPlayerTeam(00 00 00 00, 00 00 00 00) = 1.000000 AND
007ACD70	Legendary_PowerArmor_RejuvenatorsTeamAP&HPSpell	0	2	10000000	=	AND	Subject	GetDead	00 00 00 00	00 00 00 00		0.000000	0	Subject.GetDead(00 00 00 00, 00 00 00 00) = 0.000000 AND
007ACD70	Legendary_PowerArmor_RejuvenatorsTeamAP&HPSpell	0	3	10000000	=	AND	Subject	WornHasKeyword	HasLegendary_PowerArmor_Rejuvenators [KYWD:007ACD66]	00 00 00 00		0.000000	0	Subject.WornHasKeyword(HasLegendary_PowerArmor_Rejuvenators [KYWD:007ACD66], 00 00 00 00) = 0.000000 AND
007ACD70	Legendary_PowerArmor_RejuvenatorsTeamAP&HPSpell	0	4	10000000	=	AND	Player Teammates	WornApparelHasKeywordCount	HasLegendary_PowerArmor_Rejuvenators [KYWD:007ACD66]	00 00 00 00	0	1.000000	0	Player Teammates.WornApparelHasKeywordCount(HasLegendary_PowerArmor_Rejuvenators [KYWD:007ACD66], 00 00 00 00, 0) = 1.000000 AND
007ACD70	Legendary_PowerArmor_RejuvenatorsTeamAP&HPSpell	1	0	10000000	=	AND	Subject	IsPlayerTeammate	00 00 00 00	00 00 00 00		1.000000	0	Subject.IsPlayerTeammate(00 00 00 00, 00 00 00 00) = 1.000000 AND
007ACD70	Legendary_PowerArmor_RejuvenatorsTeamAP&HPSpell	1	1	10000000	=	AND	Subject	IsMemberOfAPlayerTeam	00 00 00 00	00 00 00 00		1.000000	0	Subject.IsMemberOfAPlayerTeam(00 00 00 00, 00 00 00 00) = 1.000000 AND
007ACD70	Legendary_PowerArmor_RejuvenatorsTeamAP&HPSpell	1	2	10000000	=	AND	Subject	GetDead	00 00 00 00	00 00 00 00		0.000000	0	Subject.GetDead(00 00 00 00, 00 00 00 00) = 0.000000 AND
007ACD70	Legendary_PowerArmor_RejuvenatorsTeamAP&HPSpell	1	3	10000000	=	AND	Subject	WornHasKeyword	HasLegendary_PowerArmor_Rejuvenators [KYWD:007ACD66]	00 00 00 00		0.000000	0	Subject.WornHasKeyword(HasLegendary_PowerArmor_Rejuvenators [KYWD:007ACD66], 00 00 00 00) = 0.000000 AND
007ACD70	Legendary_PowerArmor_RejuvenatorsTeamAP&HPSpell	1	4	10000000	=	AND	Player Teammates	WornApparelHasKeywordCount	HasLegendary_PowerArmor_Rejuvenators [KYWD:007ACD66]	00 00 00 00	0	2.000000	0	Player Teammates.WornApparelHasKeywordCount(HasLegendary_PowerArmor_Rejuvenators [KYWD:007ACD66], 00 00 00 00, 0) = 2.000000 AND
007ACD70	Legendary_PowerArmor_RejuvenatorsTeamAP&HPSpell	2	0	10000000	=	AND	Subject	IsPlayerTeammate	00 00 00 00	00 00 00 00		1.000000	0	Subject.IsPlayerTeammate(00 00 00 00, 00 00 00 00) = 1.000000 AND
007ACD70	Legendary_PowerArmor_RejuvenatorsTeamAP&HPSpell	2	1	10000000	=	AND	Subject	IsMemberOfAPlayerTeam	00 00 00 00	00 00 00 00		1.000000	0	Subject.IsMemberOfAPlayerTeam(00 00 00 00, 00 00 00 00) = 1.000000 AND
007ACD70	Legendary_PowerArmor_RejuvenatorsTeamAP&HPSpell	2	2	10000000	=	AND	Subject	GetDead	00 00 00 00	00 00 00 00		0.000000	0	Subject.GetDead(00 00 00 00, 00 00 00 00) = 0.000000 AND
007ACD70	Legendary_PowerArmor_RejuvenatorsTeamAP&HPSpell	2	3	10000000	=	AND	Subject	WornHasKeyword	HasLegendary_PowerArmor_Rejuvenators [KYWD:007ACD66]	00 00 00 00		0.000000	0	Subject.WornHasKeyword(HasLegendary_PowerArmor_Rejuvenators [KYWD:007ACD66], 00 00 00 00) = 0.000000 AND
007ACD70	Legendary_PowerArmor_RejuvenatorsTeamAP&HPSpell	2	4	10000000	=	AND	Player Teammates	WornApparelHasKeywordCount	HasLegendary_PowerArmor_Rejuvenators [KYWD:007ACD66]	00 00 00 00	0	3.000000	0	Player Teammates.WornApparelHasKeywordCount(HasLegendary_PowerArmor_Rejuvenators [KYWD:007ACD66], 00 00 00 00, 0) = 3.000000 AND
007ACD70	Legendary_PowerArmor_RejuvenatorsTeamAP&HPSpell	3	0	10000000	=	AND	Subject	IsPlayerTeammate	00 00 00 00	00 00 00 00		1.000000	0	Subject.IsPlayerTeammate(00 00 00 00, 00 00 00 00) = 1.000000 AND
007ACD70	Legendary_PowerArmor_RejuvenatorsTeamAP&HPSpell	3	1	10000000	=	AND	Subject	IsMemberOfAPlayerTeam	00 00 00 00	00 00 00 00		1.000000	0	Subject.IsMemberOfAPlayerTeam(00 00 00 00, 00 00 00 00) = 1.000000 AND
007ACD70	Legendary_PowerArmor_RejuvenatorsTeamAP&HPSpell	3	2	10000000	=	AND	Subject	GetDead	00 00 00 00	00 00 00 00		0.000000	0	Subject.GetDead(00 00 00 00, 00 00 00 00) = 0.000000 AND
007ACD70	Legendary_PowerArmor_RejuvenatorsTeamAP&HPSpell	3	3	10000000	=	AND	Subject	WornHasKeyword	HasLegendary_PowerArmor_Rejuvenators [KYWD:007ACD66]	00 00 00 00		0.000000	0	Subject.WornHasKeyword(HasLegendary_PowerArmor_Rejuvenators [KYWD:007ACD66], 00 00 00 00) = 0.000000 AND
007ACD70	Legendary_PowerArmor_RejuvenatorsTeamAP&HPSpell	3	4	10000000	=	AND	Player Teammates	WornApparelHasKeywordCount	HasLegendary_PowerArmor_Rejuvenators [KYWD:007ACD66]	00 00 00 00	0	4.000000	0	Player Teammates.WornApparelHasKeywordCount(HasLegendary_PowerArmor_Rejuvenators [KYWD:007ACD66], 00 00 00 00, 0) = 4.000000 AND
007ACD70	Legendary_PowerArmor_RejuvenatorsTeamAP&HPSpell	4	0	10000000	=	AND	Subject	IsPlayerTeammate	00 00 00 00	00 00 00 00		1.000000	0	Subject.IsPlayerTeammate(00 00 00 00, 00 00 00 00) = 1.000000 AND
007ACD70	Legendary_PowerArmor_RejuvenatorsTeamAP&HPSpell	4	1	10000000	=	AND	Subject	IsMemberOfAPlayerTeam	00 00 00 00	00 00 00 00		1.000000	0	Subject.IsMemberOfAPlayerTeam(00 00 00 00, 00 00 00 00) = 1.000000 AND
007ACD70	Legendary_PowerArmor_RejuvenatorsTeamAP&HPSpell	4	2	10000000	=	AND	Subject	GetDead	00 00 00 00	00 00 00 00		0.000000	0	Subject.GetDead(00 00 00 00, 00 00 00 00) = 0.000000 AND
007ACD70	Legendary_PowerArmor_RejuvenatorsTeamAP&HPSpell	4	3	10000000	=	AND	Subject	WornHasKeyword	HasLegendary_PowerArmor_Rejuvenators [KYWD:007ACD66]	00 00 00 00		0.000000	0	Subject.WornHasKeyword(HasLegendary_PowerArmor_Rejuvenators [KYWD:007ACD66], 00 00 00 00) = 0.000000 AND
007ACD70	Legendary_PowerArmor_RejuvenatorsTeamAP&HPSpell	4	4	11000000	>=	AND	Player Teammates	WornApparelHasKeywordCount	HasLegendary_PowerArmor_Rejuvenators [KYWD:007ACD66]	00 00 00 00	0	5.000000	0	Player Teammates.WornApparelHasKeywordCount(HasLegendary_PowerArmor_Rejuvenators [KYWD:007ACD66], 00 00 00 00, 0) >= 5.000000 AND
007ACD70	Legendary_PowerArmor_RejuvenatorsTeamAP&HPSpell	5	0	10000000	=	AND	Subject	IsPlayerTeammate	00 00 00 00	00 00 00 00		1.000000	0	Subject.IsPlayerTeammate(00 00 00 00, 00 00 00 00) = 1.000000 AND
007ACD70	Legendary_PowerArmor_RejuvenatorsTeamAP&HPSpell	5	1	10000000	=	AND	Subject	IsMemberOfAPlayerTeam	00 00 00 00	00 00 00 00		1.000000	0	Subject.IsMemberOfAPlayerTeam(00 00 00 00, 00 00 00 00) = 1.000000 AND
007ACD70	Legendary_PowerArmor_RejuvenatorsTeamAP&HPSpell	5	2	10000000	=	AND	Subject	GetDead	00 00 00 00	00 00 00 00		0.000000	0	Subject.GetDead(00 00 00 00, 00 00 00 00) = 0.000000 AND
007ACD70	Legendary_PowerArmor_RejuvenatorsTeamAP&HPSpell	5	3	10000000	=	AND	Subject	WornHasKeyword	HasLegendary_PowerArmor_Rejuvenators [KYWD:007ACD66]	00 00 00 00		0.000000	0	Subject.WornHasKeyword(HasLegendary_PowerArmor_Rejuvenators [KYWD:007ACD66], 00 00 00 00) = 0.000000 AND
007ACD70	Legendary_PowerArmor_RejuvenatorsTeamAP&HPSpell	5	4	10000000	=	AND	Player Teammates	WornApparelHasKeywordCount	HasLegendary_PowerArmor_Rejuvenators [KYWD:007ACD66]	00 00 00 00	0	1.000000	0	Player Teammates.WornApparelHasKeywordCount(HasLegendary_PowerArmor_Rejuvenators [KYWD:007ACD66], 00 00 00 00, 0) = 1.000000 AND
007ACD70	Legendary_PowerArmor_RejuvenatorsTeamAP&HPSpell	6	0	10000000	=	AND	Subject	IsPlayerTeammate	00 00 00 00	00 00 00 00		1.000000	0	Subject.IsPlayerTeammate(00 00 00 00, 00 00 00 00) = 1.000000 AND
007ACD70	Legendary_PowerArmor_RejuvenatorsTeamAP&HPSpell	6	1	10000000	=	AND	Subject	IsMemberOfAPlayerTeam	00 00 00 00	00 00 00 00		1.000000	0	Subject.IsMemberOfAPlayerTeam(00 00 00 00, 00 00 00 00) = 1.000000 AND
007ACD70	Legendary_PowerArmor_RejuvenatorsTeamAP&HPSpell	6	2	10000000	=	AND	Subject	GetDead	00 00 00 00	00 00 00 00		0.000000	0	Subject.GetDead(00 00 00 00, 00 00 00 00) = 0.000000 AND
007ACD70	Legendary_PowerArmor_RejuvenatorsTeamAP&HPSpell	6	3	10000000	=	AND	Subject	WornHasKeyword	HasLegendary_PowerArmor_Rejuvenators [KYWD:007ACD66]	00 00 00 00		0.000000	0	Subject.WornHasKeyword(HasLegendary_PowerArmor_Rejuvenators [KYWD:007ACD66], 00 00 00 00) = 0.000000 AND
007ACD70	Legendary_PowerArmor_RejuvenatorsTeamAP&HPSpell	6	4	10000000	=	AND	Player Teammates	WornApparelHasKeywordCount	HasLegendary_PowerArmor_Rejuvenators [KYWD:007ACD66]	00 00 00 00	0	2.000000	0	Player Teammates.WornApparelHasKeywordCount(HasLegendary_PowerArmor_Rejuvenators [KYWD:007ACD66], 00 00 00 00, 0) = 2.000000 AND
007ACD70	Legendary_PowerArmor_RejuvenatorsTeamAP&HPSpell	7	0	10000000	=	AND	Subject	IsPlayerTeammate	00 00 00 00	00 00 00 00		1.000000	0	Subject.IsPlayerTeammate(00 00 00 00, 00 00 00 00) = 1.000000 AND
007ACD70	Legendary_PowerArmor_RejuvenatorsTeamAP&HPSpell	7	1	10000000	=	AND	Subject	IsMemberOfAPlayerTeam	00 00 00 00	00 00 00 00		1.000000	0	Subject.IsMemberOfAPlayerTeam(00 00 00 00, 00 00 00 00) = 1.000000 AND
007ACD70	Legendary_PowerArmor_RejuvenatorsTeamAP&HPSpell	7	2	10000000	=	AND	Subject	GetDead	00 00 00 00	00 00 00 00		0.000000	0	Subject.GetDead(00 00 00 00, 00 00 00 00) = 0.000000 AND
007ACD70	Legendary_PowerArmor_RejuvenatorsTeamAP&HPSpell	7	3	10000000	=	AND	Subject	WornHasKeyword	HasLegendary_PowerArmor_Rejuvenators [KYWD:007ACD66]	00 00 00 00		0.000000	0	Subject.WornHasKeyword(HasLegendary_PowerArmor_Rejuvenators [KYWD:007ACD66], 00 00 00 00) = 0.000000 AND
007ACD70	Legendary_PowerArmor_RejuvenatorsTeamAP&HPSpell	7	4	10000000	=	AND	Player Teammates	WornApparelHasKeywordCount	HasLegendary_PowerArmor_Rejuvenators [KYWD:007ACD66]	00 00 00 00	0	3.000000	0	Player Teammates.WornApparelHasKeywordCount(HasLegendary_PowerArmor_Rejuvenators [KYWD:007ACD66], 00 00 00 00, 0) = 3.000000 AND
007ACD70	Legendary_PowerArmor_RejuvenatorsTeamAP&HPSpell	8	0	10000000	=	AND	Subject	IsPlayerTeammate	00 00 00 00	00 00 00 00		1.000000	0	Subject.IsPlayerTeammate(00 00 00 00, 00 00 00 00) = 1.000000 AND
007ACD70	Legendary_PowerArmor_RejuvenatorsTeamAP&HPSpell	8	1	10000000	=	AND	Subject	IsMemberOfAPlayerTeam	00 00 00 00	00 00 00 00		1.000000	0	Subject.IsMemberOfAPlayerTeam(00 00 00 00, 00 00 00 00) = 1.000000 AND
007ACD70	Legendary_PowerArmor_RejuvenatorsTeamAP&HPSpell	8	2	10000000	=	AND	Subject	GetDead	00 00 00 00	00 00 00 00		0.000000	0	Subject.GetDead(00 00 00 00, 00 00 00 00) = 0.000000 AND
007ACD70	Legendary_PowerArmor_RejuvenatorsTeamAP&HPSpell	8	3	10000000	=	AND	Subject	WornHasKeyword	HasLegendary_PowerArmor_Rejuvenators [KYWD:007ACD66]	00 00 00 00		0.000000	0	Subject.WornHasKeyword(HasLegendary_PowerArmor_Rejuvenators [KYWD:007ACD66], 00 00 00 00) = 0.000000 AND
007ACD70	Legendary_PowerArmor_RejuvenatorsTeamAP&HPSpell	8	4	10000000	=	AND	Player Teammates	WornApparelHasKeywordCount	HasLegendary_PowerArmor_Rejuvenators [KYWD:007ACD66]	00 00 00 00	0	4.000000	0	Player Teammates.WornApparelHasKeywordCount(HasLegendary_PowerArmor_Rejuvenators [KYWD:007ACD66], 00 00 00 00, 0) = 4.000000 AND
007ACD70	Legendary_PowerArmor_RejuvenatorsTeamAP&HPSpell	9	0	10000000	=	AND	Subject	IsPlayerTeammate	00 00 00 00	00 00 00 00		1.000000	0	Subject.IsPlayerTeammate(00 00 00 00, 00 00 00 00) = 1.000000 AND
007ACD70	Legendary_PowerArmor_RejuvenatorsTeamAP&HPSpell	9	1	10000000	=	AND	Subject	IsMemberOfAPlayerTeam	00 00 00 00	00 00 00 00		1.000000	0	Subject.IsMemberOfAPlayerTeam(00 00 00 00, 00 00 00 00) = 1.000000 AND
007ACD70	Legendary_PowerArmor_RejuvenatorsTeamAP&HPSpell	9	2	10000000	=	AND	Subject	GetDead	00 00 00 00	00 00 00 00		0.000000	0	Subject.GetDead(00 00 00 00, 00 00 00 00) = 0.000000 AND
007ACD70	Legendary_PowerArmor_RejuvenatorsTeamAP&HPSpell	9	3	10000000	=	AND	Subject	WornHasKeyword	HasLegendary_PowerArmor_Rejuvenators [KYWD:007ACD66]	00 00 00 00		0.000000	0	Subject.WornHasKeyword(HasLegendary_PowerArmor_Rejuvenators [KYWD:007ACD66], 00 00 00 00) = 0.000000 AND
007ACD70	Legendary_PowerArmor_RejuvenatorsTeamAP&HPSpell	9	4	11000000	>=	AND	Player Teammates	WornApparelHasKeywordCount	HasLegendary_PowerArmor_Rejuvenators [KYWD:007ACD66]	00 00 00 00	0	5.000000	0	Player Teammates.WornApparelHasKeywordCount(HasLegendary_PowerArmor_Rejuvenators [KYWD:007ACD66], 00 00 00 00, 0) >= 5.000000 AND
007ACE55	Legendary_PowerArmor_AegisTeamSpell	0	0	10000000	=	AND	Subject	IsPlayerTeammate	00 00 00 00	00 00 00 00		1.000000	0	Subject.IsPlayerTeammate(00 00 00 00, 00 00 00 00) = 1.000000 AND
007ACE55	Legendary_PowerArmor_AegisTeamSpell	0	1	10000000	=	AND	Subject	IsMemberOfAPlayerTeam	00 00 00 00	00 00 00 00		1.000000	0	Subject.IsMemberOfAPlayerTeam(00 00 00 00, 00 00 00 00) = 1.000000 AND
007ACE55	Legendary_PowerArmor_AegisTeamSpell	0	2	10000000	=	AND	Subject	GetDead	00 00 00 00	00 00 00 00		0.000000	0	Subject.GetDead(00 00 00 00, 00 00 00 00) = 0.000000 AND
007ACE55	Legendary_PowerArmor_AegisTeamSpell	1	0	10000000	=	AND	Subject	IsPlayerTeammate	00 00 00 00	00 00 00 00		1.000000	0	Subject.IsPlayerTeammate(00 00 00 00, 00 00 00 00) = 1.000000 AND
007ACE55	Legendary_PowerArmor_AegisTeamSpell	1	1	10000000	=	AND	Subject	IsMemberOfAPlayerTeam	00 00 00 00	00 00 00 00		1.000000	0	Subject.IsMemberOfAPlayerTeam(00 00 00 00, 00 00 00 00) = 1.000000 AND
007ACE55	Legendary_PowerArmor_AegisTeamSpell	1	2	10000000	=	AND	Subject	GetDead	00 00 00 00	00 00 00 00		0.000000	0	Subject.GetDead(00 00 00 00, 00 00 00 00) = 0.000000 AND
007ACE55	Legendary_PowerArmor_AegisTeamSpell	2	0	10000000	=	AND	Subject	IsPlayerTeammate	00 00 00 00	00 00 00 00		1.000000	0	Subject.IsPlayerTeammate(00 00 00 00, 00 00 00 00) = 1.000000 AND
007ACE55	Legendary_PowerArmor_AegisTeamSpell	2	1	10000000	=	AND	Subject	IsMemberOfAPlayerTeam	00 00 00 00	00 00 00 00		1.000000	0	Subject.IsMemberOfAPlayerTeam(00 00 00 00, 00 00 00 00) = 1.000000 AND
007ACE55	Legendary_PowerArmor_AegisTeamSpell	2	2	10000000	=	AND	Subject	GetDead	00 00 00 00	00 00 00 00		0.000000	0	Subject.GetDead(00 00 00 00, 00 00 00 00) = 0.000000 AND
007ACE55	Legendary_PowerArmor_AegisTeamSpell	3	0	10000000	=	AND	Subject	IsPlayerTeammate	00 00 00 00	00 00 00 00		1.000000	0	Subject.IsPlayerTeammate(00 00 00 00, 00 00 00 00) = 1.000000 AND
007ACE55	Legendary_PowerArmor_AegisTeamSpell	3	1	10000000	=	AND	Subject	IsMemberOfAPlayerTeam	00 00 00 00	00 00 00 00		1.000000	0	Subject.IsMemberOfAPlayerTeam(00 00 00 00, 00 00 00 00) = 1.000000 AND
007ACE55	Legendary_PowerArmor_AegisTeamSpell	3	2	10000000	=	AND	Subject	GetDead	00 00 00 00	00 00 00 00		0.000000	0	Subject.GetDead(00 00 00 00, 00 00 00 00) = 0.000000 AND
007ACE55	Legendary_PowerArmor_AegisTeamSpell	4	0	10000000	=	AND	Subject	IsPlayerTeammate	00 00 00 00	00 00 00 00		1.000000	0	Subject.IsPlayerTeammate(00 00 00 00, 00 00 00 00) = 1.000000 AND
007ACE55	Legendary_PowerArmor_AegisTeamSpell	4	1	10000000	=	AND	Subject	IsMemberOfAPlayerTeam	00 00 00 00	00 00 00 00		1.000000	0	Subject.IsMemberOfAPlayerTeam(00 00 00 00, 00 00 00 00) = 1.000000 AND
007ACE55	Legendary_PowerArmor_AegisTeamSpell	4	2	10000000	=	AND	Subject	GetDead	00 00 00 00	00 00 00 00		0.000000	0	Subject.GetDead(00 00 00 00, 00 00 00 00) = 0.000000 AND
007B945A	DEL_Legendary_Weapon_PolishedSpell	0	0	10000000	=	AND	Subject	GetIsPlayer	00 00 00 00	00 00 00 00		1.000000	0	Subject.GetIsPlayer(00 00 00 00, 00 00 00 00) = 1.000000 AND
007B945A	DEL_Legendary_Weapon_PolishedSpell	0	1	10000000	=	AND	Subject	WornHasKeyword	HasLegendary_Weapon_Polished [KYWD:00792962]	00 00 00 00		1.000000	0	Subject.WornHasKeyword(HasLegendary_Weapon_Polished [KYWD:00792962], 00 00 00 00) = 1.000000 AND
007B945A	DEL_Legendary_Weapon_PolishedSpell	0	2	10100000	<=	AND	Subject	GetEquippedWeaponHealthPercent	00 00 00 00	00 00 00 00		2.000000	0	Subject.GetEquippedWeaponHealthPercent(00 00 00 00, 00 00 00 00) <= 2.000000 AND
007B945A	DEL_Legendary_Weapon_PolishedSpell	0	3	11000000	>=	AND	Subject	GetEquippedWeaponHealthPercent	00 00 00 00	00 00 00 00		1.900000	0	Subject.GetEquippedWeaponHealthPercent(00 00 00 00, 00 00 00 00) >= 1.900000 AND
007B945A	DEL_Legendary_Weapon_PolishedSpell	1	0	10000000	=	AND	Subject	GetIsPlayer	00 00 00 00	00 00 00 00		1.000000	0	Subject.GetIsPlayer(00 00 00 00, 00 00 00 00) = 1.000000 AND
007B945A	DEL_Legendary_Weapon_PolishedSpell	1	1	10000000	=	AND	Subject	WornHasKeyword	HasLegendary_Weapon_Polished [KYWD:00792962]	00 00 00 00		1.000000	0	Subject.WornHasKeyword(HasLegendary_Weapon_Polished [KYWD:00792962], 00 00 00 00) = 1.000000 AND
007B945A	DEL_Legendary_Weapon_PolishedSpell	1	2	00100000	<	AND	Subject	GetEquippedWeaponHealthPercent	00 00 00 00	00 00 00 00		1.900000	0	Subject.GetEquippedWeaponHealthPercent(00 00 00 00, 00 00 00 00) < 1.900000 AND
007B945A	DEL_Legendary_Weapon_PolishedSpell	1	3	11000000	>=	AND	Subject	GetEquippedWeaponHealthPercent	00 00 00 00	00 00 00 00		1.800000	0	Subject.GetEquippedWeaponHealthPercent(00 00 00 00, 00 00 00 00) >= 1.800000 AND
007B945A	DEL_Legendary_Weapon_PolishedSpell	2	0	10000000	=	AND	Subject	GetIsPlayer	00 00 00 00	00 00 00 00		1.000000	0	Subject.GetIsPlayer(00 00 00 00, 00 00 00 00) = 1.000000 AND
007B945A	DEL_Legendary_Weapon_PolishedSpell	2	1	10000000	=	AND	Subject	WornHasKeyword	HasLegendary_Weapon_Polished [KYWD:00792962]	00 00 00 00		1.000000	0	Subject.WornHasKeyword(HasLegendary_Weapon_Polished [KYWD:00792962], 00 00 00 00) = 1.000000 AND
007B945A	DEL_Legendary_Weapon_PolishedSpell	2	2	00100000	<	AND	Subject	GetEquippedWeaponHealthPercent	00 00 00 00	00 00 00 00		1.800000	0	Subject.GetEquippedWeaponHealthPercent(00 00 00 00, 00 00 00 00) < 1.800000 AND
007B945A	DEL_Legendary_Weapon_PolishedSpell	2	3	11000000	>=	AND	Subject	GetEquippedWeaponHealthPercent	00 00 00 00	00 00 00 00		1.700000	0	Subject.GetEquippedWeaponHealthPercent(00 00 00 00, 00 00 00 00) >= 1.700000 AND
007B945A	DEL_Legendary_Weapon_PolishedSpell	3	0	10000000	=	AND	Subject	GetIsPlayer	00 00 00 00	00 00 00 00		1.000000	0	Subject.GetIsPlayer(00 00 00 00, 00 00 00 00) = 1.000000 AND
007B945A	DEL_Legendary_Weapon_PolishedSpell	3	1	10000000	=	AND	Subject	WornHasKeyword	HasLegendary_Weapon_Polished [KYWD:00792962]	00 00 00 00		1.000000	0	Subject.WornHasKeyword(HasLegendary_Weapon_Polished [KYWD:00792962], 00 00 00 00) = 1.000000 AND
007B945A	DEL_Legendary_Weapon_PolishedSpell	3	2	00100000	<	AND	Subject	GetEquippedWeaponHealthPercent	00 00 00 00	00 00 00 00		1.700000	0	Subject.GetEquippedWeaponHealthPercent(00 00 00 00, 00 00 00 00) < 1.700000 AND
007B945A	DEL_Legendary_Weapon_PolishedSpell	3	3	11000000	>=	AND	Subject	GetEquippedWeaponHealthPercent	00 00 00 00	00 00 00 00		1.600000	0	Subject.GetEquippedWeaponHealthPercent(00 00 00 00, 00 00 00 00) >= 1.600000 AND
007B945A	DEL_Legendary_Weapon_PolishedSpell	4	0	10000000	=	AND	Subject	GetIsPlayer	00 00 00 00	00 00 00 00		1.000000	0	Subject.GetIsPlayer(00 00 00 00, 00 00 00 00) = 1.000000 AND
007B945A	DEL_Legendary_Weapon_PolishedSpell	4	1	10000000	=	AND	Subject	WornHasKeyword	HasLegendary_Weapon_Polished [KYWD:00792962]	00 00 00 00		1.000000	0	Subject.WornHasKeyword(HasLegendary_Weapon_Polished [KYWD:00792962], 00 00 00 00) = 1.000000 AND
007B945A	DEL_Legendary_Weapon_PolishedSpell	4	2	00100000	<	AND	Subject	GetEquippedWeaponHealthPercent	00 00 00 00	00 00 00 00		1.600000	0	Subject.GetEquippedWeaponHealthPercent(00 00 00 00, 00 00 00 00) < 1.600000 AND
007B945A	DEL_Legendary_Weapon_PolishedSpell	4	3	11000000	>=	AND	Subject	GetEquippedWeaponHealthPercent	00 00 00 00	00 00 00 00		1.500000	0	Subject.GetEquippedWeaponHealthPercent(00 00 00 00, 00 00 00 00) >= 1.500000 AND
007B945A	DEL_Legendary_Weapon_PolishedSpell	5	0	10000000	=	AND	Subject	GetIsPlayer	00 00 00 00	00 00 00 00		1.000000	0	Subject.GetIsPlayer(00 00 00 00, 00 00 00 00) = 1.000000 AND
007B945A	DEL_Legendary_Weapon_PolishedSpell	5	1	10000000	=	AND	Subject	WornHasKeyword	HasLegendary_Weapon_Polished [KYWD:00792962]	00 00 00 00		1.000000	0	Subject.WornHasKeyword(HasLegendary_Weapon_Polished [KYWD:00792962], 00 00 00 00) = 1.000000 AND
007B945A	DEL_Legendary_Weapon_PolishedSpell	5	2	00100000	<	AND	Subject	GetEquippedWeaponHealthPercent	00 00 00 00	00 00 00 00		1.500000	0	Subject.GetEquippedWeaponHealthPercent(00 00 00 00, 00 00 00 00) < 1.500000 AND
007B945A	DEL_Legendary_Weapon_PolishedSpell	5	3	11000000	>=	AND	Subject	GetEquippedWeaponHealthPercent	00 00 00 00	00 00 00 00		1.400000	0	Subject.GetEquippedWeaponHealthPercent(00 00 00 00, 00 00 00 00) >= 1.400000 AND
007B945A	DEL_Legendary_Weapon_PolishedSpell	6	0	10000000	=	AND	Subject	GetIsPlayer	00 00 00 00	00 00 00 00		1.000000	0	Subject.GetIsPlayer(00 00 00 00, 00 00 00 00) = 1.000000 AND
007B945A	DEL_Legendary_Weapon_PolishedSpell	6	1	10000000	=	AND	Subject	WornHasKeyword	HasLegendary_Weapon_Polished [KYWD:00792962]	00 00 00 00		1.000000	0	Subject.WornHasKeyword(HasLegendary_Weapon_Polished [KYWD:00792962], 00 00 00 00) = 1.000000 AND
007B945A	DEL_Legendary_Weapon_PolishedSpell	6	2	00100000	<	AND	Subject	GetEquippedWeaponHealthPercent	00 00 00 00	00 00 00 00		1.400000	0	Subject.GetEquippedWeaponHealthPercent(00 00 00 00, 00 00 00 00) < 1.400000 AND
007B945A	DEL_Legendary_Weapon_PolishedSpell	6	3	11000000	>=	AND	Subject	GetEquippedWeaponHealthPercent	00 00 00 00	00 00 00 00		1.300000	0	Subject.GetEquippedWeaponHealthPercent(00 00 00 00, 00 00 00 00) >= 1.300000 AND
007B945A	DEL_Legendary_Weapon_PolishedSpell	7	0	10000000	=	AND	Subject	GetIsPlayer	00 00 00 00	00 00 00 00		1.000000	0	Subject.GetIsPlayer(00 00 00 00, 00 00 00 00) = 1.000000 AND
007B945A	DEL_Legendary_Weapon_PolishedSpell	7	1	10000000	=	AND	Subject	WornHasKeyword	HasLegendary_Weapon_Polished [KYWD:00792962]	00 00 00 00		1.000000	0	Subject.WornHasKeyword(HasLegendary_Weapon_Polished [KYWD:00792962], 00 00 00 00) = 1.000000 AND
007B945A	DEL_Legendary_Weapon_PolishedSpell	7	2	00100000	<	AND	Subject	GetEquippedWeaponHealthPercent	00 00 00 00	00 00 00 00		1.300000	0	Subject.GetEquippedWeaponHealthPercent(00 00 00 00, 00 00 00 00) < 1.300000 AND
007B945A	DEL_Legendary_Weapon_PolishedSpell	7	3	11000000	>=	AND	Subject	GetEquippedWeaponHealthPercent	00 00 00 00	00 00 00 00		1.200000	0	Subject.GetEquippedWeaponHealthPercent(00 00 00 00, 00 00 00 00) >= 1.200000 AND
007B945A	DEL_Legendary_Weapon_PolishedSpell	8	0	10000000	=	AND	Subject	GetIsPlayer	00 00 00 00	00 00 00 00		1.000000	0	Subject.GetIsPlayer(00 00 00 00, 00 00 00 00) = 1.000000 AND
007B945A	DEL_Legendary_Weapon_PolishedSpell	8	1	10000000	=	AND	Subject	WornHasKeyword	HasLegendary_Weapon_Polished [KYWD:00792962]	00 00 00 00		1.000000	0	Subject.WornHasKeyword(HasLegendary_Weapon_Polished [KYWD:00792962], 00 00 00 00) = 1.000000 AND
007B945A	DEL_Legendary_Weapon_PolishedSpell	8	2	00100000	<	AND	Subject	GetEquippedWeaponHealthPercent	00 00 00 00	00 00 00 00		1.200000	0	Subject.GetEquippedWeaponHealthPercent(00 00 00 00, 00 00 00 00) < 1.200000 AND
007B945A	DEL_Legendary_Weapon_PolishedSpell	8	3	11000000	>=	AND	Subject	GetEquippedWeaponHealthPercent	00 00 00 00	00 00 00 00		1.100000	0	Subject.GetEquippedWeaponHealthPercent(00 00 00 00, 00 00 00 00) >= 1.100000 AND
007B945A	DEL_Legendary_Weapon_PolishedSpell	9	0	10000000	=	AND	Subject	GetIsPlayer	00 00 00 00	00 00 00 00		1.000000	0	Subject.GetIsPlayer(00 00 00 00, 00 00 00 00) = 1.000000 AND
007B945A	DEL_Legendary_Weapon_PolishedSpell	9	1	11000000	>=	AND	Subject	WornHasKeyword	HasLegendary_Weapon_Polished [KYWD:00792962]	00 00 00 00		1.000000	0	Subject.WornHasKeyword(HasLegendary_Weapon_Polished [KYWD:00792962], 00 00 00 00) >= 1.000000 AND
007B945A	DEL_Legendary_Weapon_PolishedSpell	9	2	00100000	<	AND	Subject	GetEquippedWeaponHealthPercent	00 00 00 00	00 00 00 00		1.100000	0	Subject.GetEquippedWeaponHealthPercent(00 00 00 00, 00 00 00 00) < 1.100000 AND
007B945A	DEL_Legendary_Weapon_PolishedSpell	9	3	11000000	>=	AND	Subject	GetEquippedWeaponHealthPercent	00 00 00 00	00 00 00 00		1.000000	0	Subject.GetEquippedWeaponHealthPercent(00 00 00 00, 00 00 00 00) >= 1.000000 AND
007BB06E	RD01_CanteenSpell	0	0	10000000	=	AND	Subject	GetIsPlayerGhoul	00 00 00 00	00 00 00 00		0.000000	0	Subject.GetIsPlayerGhoul(00 00 00 00, 00 00 00 00) = 0.000000 AND
007BB06E	RD01_CanteenSpell	1	0	10000000	=	AND	Subject	GetIsPlayerGhoul	00 00 00 00	00 00 00 00		1.000000	0	Subject.GetIsPlayerGhoul(00 00 00 00, 00 00 00 00) = 1.000000 AND
00797E69	zzz_GHL_AbPerkGlowingGut	0	0	10000000	=	AND	Subject	HasPerk	zzz_LeadBelly02 "Lead Belly" [PERK:00024B00]	00 00 00 00		0.000000	0	Subject.HasPerk(zzz_LeadBelly02 "Lead Belly" [PERK:00024B00], 00 00 00 00) = 0.000000 AND
00797E69	zzz_GHL_AbPerkGlowingGut	1	0	10000000	=	AND	Subject	HasPerk	zzz_LeadBelly02 "Lead Belly" [PERK:00024B00]	00 00 00 00		1.000000	0	Subject.HasPerk(zzz_LeadBelly02 "Lead Belly" [PERK:00024B00], 00 00 00 00) = 1.000000 AND
00797E69	zzz_GHL_AbPerkGlowingGut	1	1	10000000	=	AND	Subject	HasPerk	zzz_LeadBelly03 "Lead Belly" [PERK:00024B01]	00 00 00 00		0.000000	0	Subject.HasPerk(zzz_LeadBelly03 "Lead Belly" [PERK:00024B01], 00 00 00 00) = 0.000000 AND
00797E69	zzz_GHL_AbPerkGlowingGut	2	0	10000000	=	AND	Subject	HasPerk	zzz_LeadBelly03 "Lead Belly" [PERK:00024B01]	00 00 00 00		1.000000	0	Subject.HasPerk(zzz_LeadBelly03 "Lead Belly" [PERK:00024B01], 00 00 00 00) = 1.000000 AND
00797E67	GHL_AbPerkBattleGenes	0	0	10000000	=	AND	Subject	GetIsPlayerGhoul	00 00 00 00	00 00 00 00		1.000000	0	Subject.GetIsPlayerGhoul(00 00 00 00, 00 00 00 00) = 1.000000 AND
00797E67	GHL_AbPerkBattleGenes	0	1	10000000	=	AND	Subject	GetCombatState	00 00 00 00	00 00 00 00		1.000000	0	Subject.GetCombatState(00 00 00 00, 00 00 00 00) = 1.000000 AND
00797E67	GHL_AbPerkBattleGenes	0	2	10000000	=	AND	Subject	HasPerk	GHL_BattleGenes02 "Battle-Genes" [PERK:00797E2E]	00 00 00 00		0.000000	0	Subject.HasPerk(GHL_BattleGenes02 "Battle-Genes" [PERK:00797E2E], 00 00 00 00) = 0.000000 AND
00797E67	GHL_AbPerkBattleGenes	0	3	10000000	=	AND	Subject	GetValue	Rads "Rads" [AVIF:000002E1]	00 00 00 00		0.000000	0	Subject.GetValue(Rads "Rads" [AVIF:000002E1], 00 00 00 00) = 0.000000 AND
00797E67	GHL_AbPerkBattleGenes	1	0	10000000	=	AND	Subject	GetIsPlayerGhoul	00 00 00 00	00 00 00 00		1.000000	0	Subject.GetIsPlayerGhoul(00 00 00 00, 00 00 00 00) = 1.000000 AND
00797E67	GHL_AbPerkBattleGenes	1	1	10000000	=	AND	Subject	GetCombatState	00 00 00 00	00 00 00 00		1.000000	0	Subject.GetCombatState(00 00 00 00, 00 00 00 00) = 1.000000 AND
00797E67	GHL_AbPerkBattleGenes	1	2	10000000	=	AND	Subject	HasPerk	GHL_BattleGenes02 "Battle-Genes" [PERK:00797E2E]	00 00 00 00		1.000000	0	Subject.HasPerk(GHL_BattleGenes02 "Battle-Genes" [PERK:00797E2E], 00 00 00 00) = 1.000000 AND
00797E67	GHL_AbPerkBattleGenes	1	3	10000000	=	AND	Subject	GetValue	Rads "Rads" [AVIF:000002E1]	00 00 00 00		0.000000	0	Subject.GetValue(Rads "Rads" [AVIF:000002E1], 00 00 00 00) = 0.000000 AND
00797E6B	GHL_AbPerkRadioactiveStrength	0	0	10000000	=	AND	Subject	WornHasKeyword	WeaponTypeAutomaticMelee "Power Tool" [KYWD:006D5081]	00 00 00 00		0.000000	0	Subject.WornHasKeyword(WeaponTypeAutomaticMelee "Power Tool" [KYWD:006D5081], 00 00 00 00) = 0.000000 AND
00797E6B	GHL_AbPerkRadioactiveStrength	0	1	10000000	=	AND	Subject	GetIsPlayerGhoul	00 00 00 00	00 00 00 00		1.000000	0	Subject.GetIsPlayerGhoul(00 00 00 00, 00 00 00 00) = 1.000000 AND
00797E6B	GHL_AbPerkRadioactiveStrength	0	2	10000000	=	AND	Subject	HasPerk	GHL_RadioactiveStrength02 "Radioactive Strength" [PERK:00797E3B]	00 00 00 00		0.000000	0	Subject.HasPerk(GHL_RadioactiveStrength02 "Radioactive Strength" [PERK:00797E3B], 00 00 00 00) = 0.000000 AND
00797E6B	GHL_AbPerkRadioactiveStrength	0	3	11000100	>=	AND	Subject	GetValue	Rads "Rads" [AVIF:000002E1]	00 00 00 00		GHL_PowerGlowUseBasic [GLOB:007F68BB]	0	Subject.GetValue(Rads "Rads" [AVIF:000002E1], 00 00 00 00) >= GHL_PowerGlowUseBasic [GLOB:007F68BB] AND
00797E6B	GHL_AbPerkRadioactiveStrength	1	0	10000000	=	AND	Subject	WornHasKeyword	WeaponTypeAutomaticMelee "Power Tool" [KYWD:006D5081]	00 00 00 00		0.000000	0	Subject.WornHasKeyword(WeaponTypeAutomaticMelee "Power Tool" [KYWD:006D5081], 00 00 00 00) = 0.000000 AND
00797E6B	GHL_AbPerkRadioactiveStrength	1	1	10000000	=	AND	Subject	GetIsPlayerGhoul	00 00 00 00	00 00 00 00		1.000000	0	Subject.GetIsPlayerGhoul(00 00 00 00, 00 00 00 00) = 1.000000 AND
00797E6B	GHL_AbPerkRadioactiveStrength	1	2	10000000	=	AND	Subject	HasPerk	GHL_RadioactiveStrength02 "Radioactive Strength" [PERK:00797E3B]	00 00 00 00		1.000000	0	Subject.HasPerk(GHL_RadioactiveStrength02 "Radioactive Strength" [PERK:00797E3B], 00 00 00 00) = 1.000000 AND
00797E6B	GHL_AbPerkRadioactiveStrength	1	3	10000000	=	AND	Subject	HasPerk	GHL_RadioactiveStrength03 "Radioactive Strength" [PERK:00797E43]	00 00 00 00		0.000000	0	Subject.HasPerk(GHL_RadioactiveStrength03 "Radioactive Strength" [PERK:00797E43], 00 00 00 00) = 0.000000 AND
00797E6B	GHL_AbPerkRadioactiveStrength	1	4	11000100	>=	AND	Subject	GetValue	Rads "Rads" [AVIF:000002E1]	00 00 00 00		GHL_PowerGlowUseBasic [GLOB:007F68BB]	0	Subject.GetValue(Rads "Rads" [AVIF:000002E1], 00 00 00 00) >= GHL_PowerGlowUseBasic [GLOB:007F68BB] AND
00797E6B	GHL_AbPerkRadioactiveStrength	2	0	10000000	=	AND	Subject	WornHasKeyword	WeaponTypeAutomaticMelee "Power Tool" [KYWD:006D5081]	00 00 00 00		0.000000	0	Subject.WornHasKeyword(WeaponTypeAutomaticMelee "Power Tool" [KYWD:006D5081], 00 00 00 00) = 0.000000 AND
00797E6B	GHL_AbPerkRadioactiveStrength	2	1	10000000	=	AND	Subject	GetIsPlayerGhoul	00 00 00 00	00 00 00 00		1.000000	0	Subject.GetIsPlayerGhoul(00 00 00 00, 00 00 00 00) = 1.000000 AND
00797E6B	GHL_AbPerkRadioactiveStrength	2	2	10000000	=	AND	Subject	HasPerk	GHL_RadioactiveStrength03 "Radioactive Strength" [PERK:00797E43]	00 00 00 00		1.000000	0	Subject.HasPerk(GHL_RadioactiveStrength03 "Radioactive Strength" [PERK:00797E43], 00 00 00 00) = 1.000000 AND
00797E6B	GHL_AbPerkRadioactiveStrength	2	3	11000100	>=	AND	Subject	GetValue	Rads "Rads" [AVIF:000002E1]	00 00 00 00		GHL_PowerGlowUseBasic [GLOB:007F68BB]	0	Subject.GetValue(Rads "Rads" [AVIF:000002E1], 00 00 00 00) >= GHL_PowerGlowUseBasic [GLOB:007F68BB] AND
00797E6B	GHL_AbPerkRadioactiveStrength	3	0	10000000	=	AND	Subject	WornHasKeyword	AnimsMinigunShredder [KYWD:0020D96D]	00 00 00 00		0.000000	0	Subject.WornHasKeyword(AnimsMinigunShredder [KYWD:0020D96D], 00 00 00 00) = 0.000000 AND
00797E6B	GHL_AbPerkRadioactiveStrength	3	1	10000000	=	AND	Subject	GetIsPlayerGhoul	00 00 00 00	00 00 00 00		1.000000	0	Subject.GetIsPlayerGhoul(00 00 00 00, 00 00 00 00) = 1.000000 AND
00797E6B	GHL_AbPerkRadioactiveStrength	3	2	10000000	=	AND	Subject	HasPerk	GHL_RadioactiveStrength02 "Radioactive Strength" [PERK:00797E3B]	00 00 00 00		0.000000	0	Subject.HasPerk(GHL_RadioactiveStrength02 "Radioactive Strength" [PERK:00797E3B], 00 00 00 00) = 0.000000 AND
00797E6B	GHL_AbPerkRadioactiveStrength	3	3	11000100	>=	AND	Subject	GetValue	Rads "Rads" [AVIF:000002E1]	00 00 00 00		GHL_PowerGlowUseBasic [GLOB:007F68BB]	0	Subject.GetValue(Rads "Rads" [AVIF:000002E1], 00 00 00 00) >= GHL_PowerGlowUseBasic [GLOB:007F68BB] AND
00797E6B	GHL_AbPerkRadioactiveStrength	4	0	10000000	=	AND	Subject	WornHasKeyword	AnimsMinigunShredder [KYWD:0020D96D]	00 00 00 00		0.000000	0	Subject.WornHasKeyword(AnimsMinigunShredder [KYWD:0020D96D], 00 00 00 00) = 0.000000 AND
00797E6B	GHL_AbPerkRadioactiveStrength	4	1	10000000	=	AND	Subject	GetIsPlayerGhoul	00 00 00 00	00 00 00 00		1.000000	0	Subject.GetIsPlayerGhoul(00 00 00 00, 00 00 00 00) = 1.000000 AND
00797E6B	GHL_AbPerkRadioactiveStrength	4	2	10000000	=	AND	Subject	HasPerk	GHL_RadioactiveStrength02 "Radioactive Strength" [PERK:00797E3B]	00 00 00 00		1.000000	0	Subject.HasPerk(GHL_RadioactiveStrength02 "Radioactive Strength" [PERK:00797E3B], 00 00 00 00) = 1.000000 AND
00797E6B	GHL_AbPerkRadioactiveStrength	4	3	10000000	=	AND	Subject	HasPerk	GHL_RadioactiveStrength03 "Radioactive Strength" [PERK:00797E43]	00 00 00 00		0.000000	0	Subject.HasPerk(GHL_RadioactiveStrength03 "Radioactive Strength" [PERK:00797E43], 00 00 00 00) = 0.000000 AND
00797E6B	GHL_AbPerkRadioactiveStrength	4	4	11000100	>=	AND	Subject	GetValue	Rads "Rads" [AVIF:000002E1]	00 00 00 00		GHL_PowerGlowUseBasic [GLOB:007F68BB]	0	Subject.GetValue(Rads "Rads" [AVIF:000002E1], 00 00 00 00) >= GHL_PowerGlowUseBasic [GLOB:007F68BB] AND
00797E6B	GHL_AbPerkRadioactiveStrength	5	0	10000000	=	AND	Subject	WornHasKeyword	AnimsMinigunShredder [KYWD:0020D96D]	00 00 00 00		0.000000	0	Subject.WornHasKeyword(AnimsMinigunShredder [KYWD:0020D96D], 00 00 00 00) = 0.000000 AND
00797E6B	GHL_AbPerkRadioactiveStrength	5	1	10000000	=	AND	Subject	GetIsPlayerGhoul	00 00 00 00	00 00 00 00		1.000000	0	Subject.GetIsPlayerGhoul(00 00 00 00, 00 00 00 00) = 1.000000 AND
00797E6B	GHL_AbPerkRadioactiveStrength	5	2	10000000	=	AND	Subject	HasPerk	GHL_RadioactiveStrength03 "Radioactive Strength" [PERK:00797E43]	00 00 00 00		1.000000	0	Subject.HasPerk(GHL_RadioactiveStrength03 "Radioactive Strength" [PERK:00797E43], 00 00 00 00) = 1.000000 AND
00797E6B	GHL_AbPerkRadioactiveStrength	5	3	11000100	>=	AND	Subject	GetValue	Rads "Rads" [AVIF:000002E1]	00 00 00 00		GHL_PowerGlowUseBasic [GLOB:007F68BB]	0	Subject.GetValue(Rads "Rads" [AVIF:000002E1], 00 00 00 00) >= GHL_PowerGlowUseBasic [GLOB:007F68BB] AND
00797E68	GHL_AbPerkActionGhoul	0	0	10000000	=	AND	Subject	GetIsPlayerGhoul	00 00 00 00	00 00 00 00		1.000000	0	Subject.GetIsPlayerGhoul(00 00 00 00, 00 00 00 00) = 1.000000 AND
00797E68	GHL_AbPerkActionGhoul	0	1	11000000	>=	AND	Subject	GetValue	Rads "Rads" [AVIF:000002E1]	00 00 00 00		1.000000	0	Subject.GetValue(Rads "Rads" [AVIF:000002E1], 00 00 00 00) >= 1.000000 AND
00797E68	GHL_AbPerkActionGhoul	0	2	10000000	=	AND	Subject	HasPerk	GHL_ActionGhoul02 "Action Ghoul" [PERK:00797E39]	00 00 00 00		0.000000	0	Subject.HasPerk(GHL_ActionGhoul02 "Action Ghoul" [PERK:00797E39], 00 00 00 00) = 0.000000 AND
00797E68	GHL_AbPerkActionGhoul	1	0	10000000	=	AND	Subject	GetIsPlayerGhoul	00 00 00 00	00 00 00 00		1.000000	0	Subject.GetIsPlayerGhoul(00 00 00 00, 00 00 00 00) = 1.000000 AND
00797E68	GHL_AbPerkActionGhoul	1	1	11000000	>=	AND	Subject	GetValue	Rads "Rads" [AVIF:000002E1]	00 00 00 00		1.000000	0	Subject.GetValue(Rads "Rads" [AVIF:000002E1], 00 00 00 00) >= 1.000000 AND
00797E68	GHL_AbPerkActionGhoul	1	2	10000000	=	AND	Subject	HasPerk	GHL_ActionGhoul02 "Action Ghoul" [PERK:00797E39]	00 00 00 00		1.000000	0	Subject.HasPerk(GHL_ActionGhoul02 "Action Ghoul" [PERK:00797E39], 00 00 00 00) = 1.000000 AND
00797E68	GHL_AbPerkActionGhoul	1	3	10000000	=	AND	Subject	HasPerk	GHL_ActionGhoul03 "Action Ghoul" [PERK:00797E23]	00 00 00 00		0.000000	0	Subject.HasPerk(GHL_ActionGhoul03 "Action Ghoul" [PERK:00797E23], 00 00 00 00) = 0.000000 AND
00797E68	GHL_AbPerkActionGhoul	2	0	10000000	=	AND	Subject	GetIsPlayerGhoul	00 00 00 00	00 00 00 00		1.000000	0	Subject.GetIsPlayerGhoul(00 00 00 00, 00 00 00 00) = 1.000000 AND
00797E68	GHL_AbPerkActionGhoul	2	1	11000000	>=	AND	Subject	GetValue	Rads "Rads" [AVIF:000002E1]	00 00 00 00		1.000000	0	Subject.GetValue(Rads "Rads" [AVIF:000002E1], 00 00 00 00) >= 1.000000 AND
00797E68	GHL_AbPerkActionGhoul	2	2	10000000	=	AND	Subject	HasPerk	GHL_ActionGhoul03 "Action Ghoul" [PERK:00797E23]	00 00 00 00		1.000000	0	Subject.HasPerk(GHL_ActionGhoul03 "Action Ghoul" [PERK:00797E23], 00 00 00 00) = 1.000000 AND
00797E66	GHL_AbPerkUnitedOrdeal	0	0	10000000	=	AND	Subject	GetIsPlayerGhoul	00 00 00 00	00 00 00 00		1.000000	0	Subject.GetIsPlayerGhoul(00 00 00 00, 00 00 00 00) = 1.000000 AND
00797E66	GHL_AbPerkUnitedOrdeal	0	1	10000000	=	AND	Player Teammates	GetIsPlayerGhoul	00 00 00 00	00 00 00 00	1	1.000000	0	Player Teammates.GetIsPlayerGhoul(00 00 00 00, 00 00 00 00, 1) = 1.000000 AND
00797E66	GHL_AbPerkUnitedOrdeal	0	2	11000000	>=	AND	Subject	GetPlayerTeammateCount	00 00 00 00	00 00 00 00		1.000000	0	Subject.GetPlayerTeammateCount(00 00 00 00, 00 00 00 00) >= 1.000000 AND
00797E66	GHL_AbPerkUnitedOrdeal	0	3	10000000	=	AND	Subject	HasPerk	GHL_UnitedOrdeal01 "United Ordeal" [PERK:00797E45]	00 00 00 00		1.000000	0	Subject.HasPerk(GHL_UnitedOrdeal01 "United Ordeal" [PERK:00797E45], 00 00 00 00) = 1.000000 AND
00797E66	GHL_AbPerkUnitedOrdeal	0	4	10000000	=	AND	Subject	HasPerk	GHL_UnitedOrdeal02 "United Ordeal" [PERK:00797E61]	00 00 00 00		0.000000	0	Subject.HasPerk(GHL_UnitedOrdeal02 "United Ordeal" [PERK:00797E61], 00 00 00 00) = 0.000000 AND
00797E66	GHL_AbPerkUnitedOrdeal	1	0	10000000	=	AND	Subject	GetIsPlayerGhoul	00 00 00 00	00 00 00 00		1.000000	0	Subject.GetIsPlayerGhoul(00 00 00 00, 00 00 00 00) = 1.000000 AND
00797E66	GHL_AbPerkUnitedOrdeal	1	1	10000000	=	AND	Player Teammates	GetIsPlayerGhoul	00 00 00 00	00 00 00 00	1	1.000000	0	Player Teammates.GetIsPlayerGhoul(00 00 00 00, 00 00 00 00, 1) = 1.000000 AND
00797E66	GHL_AbPerkUnitedOrdeal	1	2	11000000	>=	AND	Subject	GetPlayerTeammateCount	00 00 00 00	00 00 00 00		1.000000	0	Subject.GetPlayerTeammateCount(00 00 00 00, 00 00 00 00) >= 1.000000 AND
00797E66	GHL_AbPerkUnitedOrdeal	1	3	10000000	=	AND	Subject	HasPerk	GHL_UnitedOrdeal01 "United Ordeal" [PERK:00797E45]	00 00 00 00		1.000000	0	Subject.HasPerk(GHL_UnitedOrdeal01 "United Ordeal" [PERK:00797E45], 00 00 00 00) = 1.000000 AND
00797E66	GHL_AbPerkUnitedOrdeal	1	4	10000000	=	AND	Subject	HasPerk	GHL_UnitedOrdeal02 "United Ordeal" [PERK:00797E61]	00 00 00 00		0.000000	0	Subject.HasPerk(GHL_UnitedOrdeal02 "United Ordeal" [PERK:00797E61], 00 00 00 00) = 0.000000 AND
00797E66	GHL_AbPerkUnitedOrdeal	2	0	10000000	=	AND	Subject	GetIsPlayerGhoul	00 00 00 00	00 00 00 00		1.000000	0	Subject.GetIsPlayerGhoul(00 00 00 00, 00 00 00 00) = 1.000000 AND
00797E66	GHL_AbPerkUnitedOrdeal	2	1	10000000	=	AND	Player Teammates	GetIsPlayerGhoul	00 00 00 00	00 00 00 00	1	1.000000	0	Player Teammates.GetIsPlayerGhoul(00 00 00 00, 00 00 00 00, 1) = 1.000000 AND
00797E66	GHL_AbPerkUnitedOrdeal	2	2	11000000	>=	AND	Subject	GetPlayerTeammateCount	00 00 00 00	00 00 00 00		1.000000	0	Subject.GetPlayerTeammateCount(00 00 00 00, 00 00 00 00) >= 1.000000 AND
00797E66	GHL_AbPerkUnitedOrdeal	2	3	10000000	=	AND	Subject	HasPerk	GHL_UnitedOrdeal01 "United Ordeal" [PERK:00797E45]	00 00 00 00		1.000000	0	Subject.HasPerk(GHL_UnitedOrdeal01 "United Ordeal" [PERK:00797E45], 00 00 00 00) = 1.000000 AND
00797E66	GHL_AbPerkUnitedOrdeal	2	4	10000000	=	AND	Subject	HasPerk	GHL_UnitedOrdeal02 "United Ordeal" [PERK:00797E61]	00 00 00 00		0.000000	0	Subject.HasPerk(GHL_UnitedOrdeal02 "United Ordeal" [PERK:00797E61], 00 00 00 00) = 0.000000 AND
00797E66	GHL_AbPerkUnitedOrdeal	3	0	10000000	=	AND	Subject	GetIsPlayerGhoul	00 00 00 00	00 00 00 00		1.000000	0	Subject.GetIsPlayerGhoul(00 00 00 00, 00 00 00 00) = 1.000000 AND
00797E66	GHL_AbPerkUnitedOrdeal	3	1	10000000	=	AND	Player Teammates	GetIsPlayerGhoul	00 00 00 00	00 00 00 00	1	1.000000	0	Player Teammates.GetIsPlayerGhoul(00 00 00 00, 00 00 00 00, 1) = 1.000000 AND
00797E66	GHL_AbPerkUnitedOrdeal	3	2	11000000	>=	AND	Subject	GetPlayerTeammateCount	00 00 00 00	00 00 00 00		1.000000	0	Subject.GetPlayerTeammateCount(00 00 00 00, 00 00 00 00) >= 1.000000 AND
00797E66	GHL_AbPerkUnitedOrdeal	3	3	10000000	=	AND	Subject	HasPerk	GHL_UnitedOrdeal01 "United Ordeal" [PERK:00797E45]	00 00 00 00		1.000000	0	Subject.HasPerk(GHL_UnitedOrdeal01 "United Ordeal" [PERK:00797E45], 00 00 00 00) = 1.000000 AND
00797E66	GHL_AbPerkUnitedOrdeal	3	4	10000000	=	AND	Subject	HasPerk	GHL_UnitedOrdeal02 "United Ordeal" [PERK:00797E61]	00 00 00 00		0.000000	0	Subject.HasPerk(GHL_UnitedOrdeal02 "United Ordeal" [PERK:00797E61], 00 00 00 00) = 0.000000 AND
00797E66	GHL_AbPerkUnitedOrdeal	4	0	10000000	=	AND	Subject	GetIsPlayerGhoul	00 00 00 00	00 00 00 00		1.000000	0	Subject.GetIsPlayerGhoul(00 00 00 00, 00 00 00 00) = 1.000000 AND
00797E66	GHL_AbPerkUnitedOrdeal	4	1	10000000	=	AND	Player Teammates	GetIsPlayerGhoul	00 00 00 00	00 00 00 00	1	1.000000	0	Player Teammates.GetIsPlayerGhoul(00 00 00 00, 00 00 00 00, 1) = 1.000000 AND
00797E66	GHL_AbPerkUnitedOrdeal	4	2	11000000	>=	AND	Subject	GetPlayerTeammateCount	00 00 00 00	00 00 00 00		1.000000	0	Subject.GetPlayerTeammateCount(00 00 00 00, 00 00 00 00) >= 1.000000 AND
00797E66	GHL_AbPerkUnitedOrdeal	4	3	10000000	=	AND	Subject	HasPerk	GHL_UnitedOrdeal01 "United Ordeal" [PERK:00797E45]	00 00 00 00		1.000000	0	Subject.HasPerk(GHL_UnitedOrdeal01 "United Ordeal" [PERK:00797E45], 00 00 00 00) = 1.000000 AND
00797E66	GHL_AbPerkUnitedOrdeal	4	4	10000000	=	AND	Subject	HasPerk	GHL_UnitedOrdeal02 "United Ordeal" [PERK:00797E61]	00 00 00 00		0.000000	0	Subject.HasPerk(GHL_UnitedOrdeal02 "United Ordeal" [PERK:00797E61], 00 00 00 00) = 0.000000 AND
00797E66	GHL_AbPerkUnitedOrdeal	5	0	10000000	=	AND	Subject	GetIsPlayerGhoul	00 00 00 00	00 00 00 00		1.000000	0	Subject.GetIsPlayerGhoul(00 00 00 00, 00 00 00 00) = 1.000000 AND
00797E66	GHL_AbPerkUnitedOrdeal	5	1	10000000	=	AND	Player Teammates	GetIsPlayerGhoul	00 00 00 00	00 00 00 00	1	1.000000	0	Player Teammates.GetIsPlayerGhoul(00 00 00 00, 00 00 00 00, 1) = 1.000000 AND
00797E66	GHL_AbPerkUnitedOrdeal	5	2	11000000	>=	AND	Subject	GetPlayerTeammateCount	00 00 00 00	00 00 00 00		1.000000	0	Subject.GetPlayerTeammateCount(00 00 00 00, 00 00 00 00) >= 1.000000 AND
00797E66	GHL_AbPerkUnitedOrdeal	5	3	10000000	=	AND	Subject	HasPerk	GHL_UnitedOrdeal01 "United Ordeal" [PERK:00797E45]	00 00 00 00		1.000000	0	Subject.HasPerk(GHL_UnitedOrdeal01 "United Ordeal" [PERK:00797E45], 00 00 00 00) = 1.000000 AND
00797E66	GHL_AbPerkUnitedOrdeal	5	4	10000000	=	AND	Subject	HasPerk	GHL_UnitedOrdeal02 "United Ordeal" [PERK:00797E61]	00 00 00 00		0.000000	0	Subject.HasPerk(GHL_UnitedOrdeal02 "United Ordeal" [PERK:00797E61], 00 00 00 00) = 0.000000 AND
00797E66	GHL_AbPerkUnitedOrdeal	6	0	10000000	=	AND	Subject	GetIsPlayerGhoul	00 00 00 00	00 00 00 00		1.000000	0	Subject.GetIsPlayerGhoul(00 00 00 00, 00 00 00 00) = 1.000000 AND
00797E66	GHL_AbPerkUnitedOrdeal	6	1	10000000	=	AND	Player Teammates	GetIsPlayerGhoul	00 00 00 00	00 00 00 00	1	1.000000	0	Player Teammates.GetIsPlayerGhoul(00 00 00 00, 00 00 00 00, 1) = 1.000000 AND
00797E66	GHL_AbPerkUnitedOrdeal	6	2	11000000	>=	AND	Subject	GetPlayerTeammateCount	00 00 00 00	00 00 00 00		1.000000	0	Subject.GetPlayerTeammateCount(00 00 00 00, 00 00 00 00) >= 1.000000 AND
00797E66	GHL_AbPerkUnitedOrdeal	6	3	10000000	=	AND	Subject	HasPerk	GHL_UnitedOrdeal01 "United Ordeal" [PERK:00797E45]	00 00 00 00		1.000000	0	Subject.HasPerk(GHL_UnitedOrdeal01 "United Ordeal" [PERK:00797E45], 00 00 00 00) = 1.000000 AND
00797E66	GHL_AbPerkUnitedOrdeal	6	4	10000000	=	AND	Subject	HasPerk	GHL_UnitedOrdeal02 "United Ordeal" [PERK:00797E61]	00 00 00 00		0.000000	0	Subject.HasPerk(GHL_UnitedOrdeal02 "United Ordeal" [PERK:00797E61], 00 00 00 00) = 0.000000 AND
00797E66	GHL_AbPerkUnitedOrdeal	7	0	10000000	=	AND	Subject	GetIsPlayerGhoul	00 00 00 00	00 00 00 00		1.000000	0	Subject.GetIsPlayerGhoul(00 00 00 00, 00 00 00 00) = 1.000000 AND
00797E66	GHL_AbPerkUnitedOrdeal	7	1	10000000	=	AND	Player Teammates	GetIsPlayerGhoul	00 00 00 00	00 00 00 00	1	1.000000	0	Player Teammates.GetIsPlayerGhoul(00 00 00 00, 00 00 00 00, 1) = 1.000000 AND
00797E66	GHL_AbPerkUnitedOrdeal	7	2	11000000	>=	AND	Subject	GetPlayerTeammateCount	00 00 00 00	00 00 00 00		1.000000	0	Subject.GetPlayerTeammateCount(00 00 00 00, 00 00 00 00) >= 1.000000 AND
00797E66	GHL_AbPerkUnitedOrdeal	7	3	10000000	=	AND	Subject	HasPerk	GHL_UnitedOrdeal02 "United Ordeal" [PERK:00797E61]	00 00 00 00		1.000000	0	Subject.HasPerk(GHL_UnitedOrdeal02 "United Ordeal" [PERK:00797E61], 00 00 00 00) = 1.000000 AND
00797E66	GHL_AbPerkUnitedOrdeal	7	4	10000000	=	AND	Subject	HasPerk	GHL_UnitedOrdeal03 "United Ordeal" [PERK:00797E3C]	00 00 00 00		0.000000	0	Subject.HasPerk(GHL_UnitedOrdeal03 "United Ordeal" [PERK:00797E3C], 00 00 00 00) = 0.000000 AND
00797E66	GHL_AbPerkUnitedOrdeal	8	0	10000000	=	AND	Subject	GetIsPlayerGhoul	00 00 00 00	00 00 00 00		1.000000	0	Subject.GetIsPlayerGhoul(00 00 00 00, 00 00 00 00) = 1.000000 AND
00797E66	GHL_AbPerkUnitedOrdeal	8	1	10000000	=	AND	Player Teammates	GetIsPlayerGhoul	00 00 00 00	00 00 00 00	1	1.000000	0	Player Teammates.GetIsPlayerGhoul(00 00 00 00, 00 00 00 00, 1) = 1.000000 AND
00797E66	GHL_AbPerkUnitedOrdeal	8	2	11000000	>=	AND	Subject	GetPlayerTeammateCount	00 00 00 00	00 00 00 00		1.000000	0	Subject.GetPlayerTeammateCount(00 00 00 00, 00 00 00 00) >= 1.000000 AND
00797E66	GHL_AbPerkUnitedOrdeal	8	3	10000000	=	AND	Subject	HasPerk	GHL_UnitedOrdeal02 "United Ordeal" [PERK:00797E61]	00 00 00 00		1.000000	0	Subject.HasPerk(GHL_UnitedOrdeal02 "United Ordeal" [PERK:00797E61], 00 00 00 00) = 1.000000 AND
00797E66	GHL_AbPerkUnitedOrdeal	8	4	10000000	=	AND	Subject	HasPerk	GHL_UnitedOrdeal03 "United Ordeal" [PERK:00797E3C]	00 00 00 00		0.000000	0	Subject.HasPerk(GHL_UnitedOrdeal03 "United Ordeal" [PERK:00797E3C], 00 00 00 00) = 0.000000 AND
00797E66	GHL_AbPerkUnitedOrdeal	9	0	10000000	=	AND	Subject	GetIsPlayerGhoul	00 00 00 00	00 00 00 00		1.000000	0	Subject.GetIsPlayerGhoul(00 00 00 00, 00 00 00 00) = 1.000000 AND
00797E66	GHL_AbPerkUnitedOrdeal	9	1	10000000	=	AND	Player Teammates	GetIsPlayerGhoul	00 00 00 00	00 00 00 00	1	1.000000	0	Player Teammates.GetIsPlayerGhoul(00 00 00 00, 00 00 00 00, 1) = 1.000000 AND
00797E66	GHL_AbPerkUnitedOrdeal	9	2	11000000	>=	AND	Subject	GetPlayerTeammateCount	00 00 00 00	00 00 00 00		1.000000	0	Subject.GetPlayerTeammateCount(00 00 00 00, 00 00 00 00) >= 1.000000 AND
00797E66	GHL_AbPerkUnitedOrdeal	9	3	10000000	=	AND	Subject	HasPerk	GHL_UnitedOrdeal02 "United Ordeal" [PERK:00797E61]	00 00 00 00		1.000000	0	Subject.HasPerk(GHL_UnitedOrdeal02 "United Ordeal" [PERK:00797E61], 00 00 00 00) = 1.000000 AND
00797E66	GHL_AbPerkUnitedOrdeal	9	4	10000000	=	AND	Subject	HasPerk	GHL_UnitedOrdeal03 "United Ordeal" [PERK:00797E3C]	00 00 00 00		0.000000	0	Subject.HasPerk(GHL_UnitedOrdeal03 "United Ordeal" [PERK:00797E3C], 00 00 00 00) = 0.000000 AND
00797E66	GHL_AbPerkUnitedOrdeal	10	0	10000000	=	AND	Subject	GetIsPlayerGhoul	00 00 00 00	00 00 00 00		1.000000	0	Subject.GetIsPlayerGhoul(00 00 00 00, 00 00 00 00) = 1.000000 AND
00797E66	GHL_AbPerkUnitedOrdeal	10	1	10000000	=	AND	Player Teammates	GetIsPlayerGhoul	00 00 00 00	00 00 00 00	1	1.000000	0	Player Teammates.GetIsPlayerGhoul(00 00 00 00, 00 00 00 00, 1) = 1.000000 AND
00797E66	GHL_AbPerkUnitedOrdeal	10	2	11000000	>=	AND	Subject	GetPlayerTeammateCount	00 00 00 00	00 00 00 00		1.000000	0	Subject.GetPlayerTeammateCount(00 00 00 00, 00 00 00 00) >= 1.000000 AND
00797E66	GHL_AbPerkUnitedOrdeal	10	3	10000000	=	AND	Subject	HasPerk	GHL_UnitedOrdeal02 "United Ordeal" [PERK:00797E61]	00 00 00 00		1.000000	0	Subject.HasPerk(GHL_UnitedOrdeal02 "United Ordeal" [PERK:00797E61], 00 00 00 00) = 1.000000 AND
00797E66	GHL_AbPerkUnitedOrdeal	10	4	10000000	=	AND	Subject	HasPerk	GHL_UnitedOrdeal03 "United Ordeal" [PERK:00797E3C]	00 00 00 00		0.000000	0	Subject.HasPerk(GHL_UnitedOrdeal03 "United Ordeal" [PERK:00797E3C], 00 00 00 00) = 0.000000 AND
00797E66	GHL_AbPerkUnitedOrdeal	11	0	10000000	=	AND	Subject	GetIsPlayerGhoul	00 00 00 00	00 00 00 00		1.000000	0	Subject.GetIsPlayerGhoul(00 00 00 00, 00 00 00 00) = 1.000000 AND
00797E66	GHL_AbPerkUnitedOrdeal	11	1	10000000	=	AND	Player Teammates	GetIsPlayerGhoul	00 00 00 00	00 00 00 00	1	1.000000	0	Player Teammates.GetIsPlayerGhoul(00 00 00 00, 00 00 00 00, 1) = 1.000000 AND
00797E66	GHL_AbPerkUnitedOrdeal	11	2	11000000	>=	AND	Subject	GetPlayerTeammateCount	00 00 00 00	00 00 00 00		1.000000	0	Subject.GetPlayerTeammateCount(00 00 00 00, 00 00 00 00) >= 1.000000 AND
00797E66	GHL_AbPerkUnitedOrdeal	11	3	10000000	=	AND	Subject	HasPerk	GHL_UnitedOrdeal02 "United Ordeal" [PERK:00797E61]	00 00 00 00		1.000000	0	Subject.HasPerk(GHL_UnitedOrdeal02 "United Ordeal" [PERK:00797E61], 00 00 00 00) = 1.000000 AND
00797E66	GHL_AbPerkUnitedOrdeal	11	4	10000000	=	AND	Subject	HasPerk	GHL_UnitedOrdeal03 "United Ordeal" [PERK:00797E3C]	00 00 00 00		0.000000	0	Subject.HasPerk(GHL_UnitedOrdeal03 "United Ordeal" [PERK:00797E3C], 00 00 00 00) = 0.000000 AND
00797E66	GHL_AbPerkUnitedOrdeal	12	0	10000000	=	AND	Subject	GetIsPlayerGhoul	00 00 00 00	00 00 00 00		1.000000	0	Subject.GetIsPlayerGhoul(00 00 00 00, 00 00 00 00) = 1.000000 AND
00797E66	GHL_AbPerkUnitedOrdeal	12	1	10000000	=	AND	Player Teammates	GetIsPlayerGhoul	00 00 00 00	00 00 00 00	1	1.000000	0	Player Teammates.GetIsPlayerGhoul(00 00 00 00, 00 00 00 00, 1) = 1.000000 AND
00797E66	GHL_AbPerkUnitedOrdeal	12	2	11000000	>=	AND	Subject	GetPlayerTeammateCount	00 00 00 00	00 00 00 00		1.000000	0	Subject.GetPlayerTeammateCount(00 00 00 00, 00 00 00 00) >= 1.000000 AND
00797E66	GHL_AbPerkUnitedOrdeal	12	3	10000000	=	AND	Subject	HasPerk	GHL_UnitedOrdeal02 "United Ordeal" [PERK:00797E61]	00 00 00 00		1.000000	0	Subject.HasPerk(GHL_UnitedOrdeal02 "United Ordeal" [PERK:00797E61], 00 00 00 00) = 1.000000 AND
00797E66	GHL_AbPerkUnitedOrdeal	12	4	10000000	=	AND	Subject	HasPerk	GHL_UnitedOrdeal03 "United Ordeal" [PERK:00797E3C]	00 00 00 00		0.000000	0	Subject.HasPerk(GHL_UnitedOrdeal03 "United Ordeal" [PERK:00797E3C], 00 00 00 00) = 0.000000 AND
00797E66	GHL_AbPerkUnitedOrdeal	13	0	10000000	=	AND	Subject	GetIsPlayerGhoul	00 00 00 00	00 00 00 00		1.000000	0	Subject.GetIsPlayerGhoul(00 00 00 00, 00 00 00 00) = 1.000000 AND
00797E66	GHL_AbPerkUnitedOrdeal	13	1	10000000	=	AND	Player Teammates	GetIsPlayerGhoul	00 00 00 00	00 00 00 00	1	1.000000	0	Player Teammates.GetIsPlayerGhoul(00 00 00 00, 00 00 00 00, 1) = 1.000000 AND
00797E66	GHL_AbPerkUnitedOrdeal	13	2	11000000	>=	AND	Subject	GetPlayerTeammateCount	00 00 00 00	00 00 00 00		1.000000	0	Subject.GetPlayerTeammateCount(00 00 00 00, 00 00 00 00) >= 1.000000 AND
00797E66	GHL_AbPerkUnitedOrdeal	13	3	10000000	=	AND	Subject	HasPerk	GHL_UnitedOrdeal02 "United Ordeal" [PERK:00797E61]	00 00 00 00		1.000000	0	Subject.HasPerk(GHL_UnitedOrdeal02 "United Ordeal" [PERK:00797E61], 00 00 00 00) = 1.000000 AND
00797E66	GHL_AbPerkUnitedOrdeal	13	4	10000000	=	AND	Subject	HasPerk	GHL_UnitedOrdeal03 "United Ordeal" [PERK:00797E3C]	00 00 00 00		0.000000	0	Subject.HasPerk(GHL_UnitedOrdeal03 "United Ordeal" [PERK:00797E3C], 00 00 00 00) = 0.000000 AND
00797E66	GHL_AbPerkUnitedOrdeal	14	0	10000000	=	AND	Subject	GetIsPlayerGhoul	00 00 00 00	00 00 00 00		1.000000	0	Subject.GetIsPlayerGhoul(00 00 00 00, 00 00 00 00) = 1.000000 AND
00797E66	GHL_AbPerkUnitedOrdeal	14	1	10000000	=	AND	Player Teammates	GetIsPlayerGhoul	00 00 00 00	00 00 00 00	1	1.000000	0	Player Teammates.GetIsPlayerGhoul(00 00 00 00, 00 00 00 00, 1) = 1.000000 AND
00797E66	GHL_AbPerkUnitedOrdeal	14	2	11000000	>=	AND	Subject	GetPlayerTeammateCount	00 00 00 00	00 00 00 00		1.000000	0	Subject.GetPlayerTeammateCount(00 00 00 00, 00 00 00 00) >= 1.000000 AND
00797E66	GHL_AbPerkUnitedOrdeal	14	3	10000000	=	AND	Subject	HasPerk	GHL_UnitedOrdeal03 "United Ordeal" [PERK:00797E3C]	00 00 00 00		1.000000	0	Subject.HasPerk(GHL_UnitedOrdeal03 "United Ordeal" [PERK:00797E3C], 00 00 00 00) = 1.000000 AND
00797E66	GHL_AbPerkUnitedOrdeal	15	0	10000000	=	AND	Subject	GetIsPlayerGhoul	00 00 00 00	00 00 00 00		1.000000	0	Subject.GetIsPlayerGhoul(00 00 00 00, 00 00 00 00) = 1.000000 AND
00797E66	GHL_AbPerkUnitedOrdeal	15	1	10000000	=	AND	Player Teammates	GetIsPlayerGhoul	00 00 00 00	00 00 00 00	1	1.000000	0	Player Teammates.GetIsPlayerGhoul(00 00 00 00, 00 00 00 00, 1) = 1.000000 AND
00797E66	GHL_AbPerkUnitedOrdeal	15	2	11000000	>=	AND	Subject	GetPlayerTeammateCount	00 00 00 00	00 00 00 00		1.000000	0	Subject.GetPlayerTeammateCount(00 00 00 00, 00 00 00 00) >= 1.000000 AND
00797E66	GHL_AbPerkUnitedOrdeal	15	3	10000000	=	AND	Subject	HasPerk	GHL_UnitedOrdeal03 "United Ordeal" [PERK:00797E3C]	00 00 00 00		1.000000	0	Subject.HasPerk(GHL_UnitedOrdeal03 "United Ordeal" [PERK:00797E3C], 00 00 00 00) = 1.000000 AND
00797E66	GHL_AbPerkUnitedOrdeal	16	0	10000000	=	AND	Subject	GetIsPlayerGhoul	00 00 00 00	00 00 00 00		1.000000	0	Subject.GetIsPlayerGhoul(00 00 00 00, 00 00 00 00) = 1.000000 AND
00797E66	GHL_AbPerkUnitedOrdeal	16	1	10000000	=	AND	Player Teammates	GetIsPlayerGhoul	00 00 00 00	00 00 00 00	1	1.000000	0	Player Teammates.GetIsPlayerGhoul(00 00 00 00, 00 00 00 00, 1) = 1.000000 AND
00797E66	GHL_AbPerkUnitedOrdeal	16	2	11000000	>=	AND	Subject	GetPlayerTeammateCount	00 00 00 00	00 00 00 00		1.000000	0	Subject.GetPlayerTeammateCount(00 00 00 00, 00 00 00 00) >= 1.000000 AND
00797E66	GHL_AbPerkUnitedOrdeal	16	3	10000000	=	AND	Subject	HasPerk	GHL_UnitedOrdeal03 "United Ordeal" [PERK:00797E3C]	00 00 00 00		1.000000	0	Subject.HasPerk(GHL_UnitedOrdeal03 "United Ordeal" [PERK:00797E3C], 00 00 00 00) = 1.000000 AND
00797E66	GHL_AbPerkUnitedOrdeal	17	0	10000000	=	AND	Subject	GetIsPlayerGhoul	00 00 00 00	00 00 00 00		1.000000	0	Subject.GetIsPlayerGhoul(00 00 00 00, 00 00 00 00) = 1.000000 AND
00797E66	GHL_AbPerkUnitedOrdeal	17	1	10000000	=	AND	Player Teammates	GetIsPlayerGhoul	00 00 00 00	00 00 00 00	1	1.000000	0	Player Teammates.GetIsPlayerGhoul(00 00 00 00, 00 00 00 00, 1) = 1.000000 AND
00797E66	GHL_AbPerkUnitedOrdeal	17	2	11000000	>=	AND	Subject	GetPlayerTeammateCount	00 00 00 00	00 00 00 00		1.000000	0	Subject.GetPlayerTeammateCount(00 00 00 00, 00 00 00 00) >= 1.000000 AND
00797E66	GHL_AbPerkUnitedOrdeal	17	3	10000000	=	AND	Subject	HasPerk	GHL_UnitedOrdeal03 "United Ordeal" [PERK:00797E3C]	00 00 00 00		1.000000	0	Subject.HasPerk(GHL_UnitedOrdeal03 "United Ordeal" [PERK:00797E3C], 00 00 00 00) = 1.000000 AND
00797E66	GHL_AbPerkUnitedOrdeal	18	0	10000000	=	AND	Subject	GetIsPlayerGhoul	00 00 00 00	00 00 00 00		1.000000	0	Subject.GetIsPlayerGhoul(00 00 00 00, 00 00 00 00) = 1.000000 AND
00797E66	GHL_AbPerkUnitedOrdeal	18	1	10000000	=	AND	Player Teammates	GetIsPlayerGhoul	00 00 00 00	00 00 00 00	1	1.000000	0	Player Teammates.GetIsPlayerGhoul(00 00 00 00, 00 00 00 00, 1) = 1.000000 AND
00797E66	GHL_AbPerkUnitedOrdeal	18	2	11000000	>=	AND	Subject	GetPlayerTeammateCount	00 00 00 00	00 00 00 00		1.000000	0	Subject.GetPlayerTeammateCount(00 00 00 00, 00 00 00 00) >= 1.000000 AND
00797E66	GHL_AbPerkUnitedOrdeal	18	3	10000000	=	AND	Subject	HasPerk	GHL_UnitedOrdeal03 "United Ordeal" [PERK:00797E3C]	00 00 00 00		1.000000	0	Subject.HasPerk(GHL_UnitedOrdeal03 "United Ordeal" [PERK:00797E3C], 00 00 00 00) = 1.000000 AND
00797E66	GHL_AbPerkUnitedOrdeal	19	0	10000000	=	AND	Subject	GetIsPlayerGhoul	00 00 00 00	00 00 00 00		1.000000	0	Subject.GetIsPlayerGhoul(00 00 00 00, 00 00 00 00) = 1.000000 AND
00797E66	GHL_AbPerkUnitedOrdeal	19	1	10000000	=	AND	Player Teammates	GetIsPlayerGhoul	00 00 00 00	00 00 00 00	1	1.000000	0	Player Teammates.GetIsPlayerGhoul(00 00 00 00, 00 00 00 00, 1) = 1.000000 AND
00797E66	GHL_AbPerkUnitedOrdeal	19	2	11000000	>=	AND	Subject	GetPlayerTeammateCount	00 00 00 00	00 00 00 00		1.000000	0	Subject.GetPlayerTeammateCount(00 00 00 00, 00 00 00 00) >= 1.000000 AND
00797E66	GHL_AbPerkUnitedOrdeal	19	3	10000000	=	AND	Subject	HasPerk	GHL_UnitedOrdeal03 "United Ordeal" [PERK:00797E3C]	00 00 00 00		1.000000	0	Subject.HasPerk(GHL_UnitedOrdeal03 "United Ordeal" [PERK:00797E3C], 00 00 00 00) = 1.000000 AND
00797E66	GHL_AbPerkUnitedOrdeal	20	0	10000000	=	AND	Subject	GetIsPlayerGhoul	00 00 00 00	00 00 00 00		1.000000	0	Subject.GetIsPlayerGhoul(00 00 00 00, 00 00 00 00) = 1.000000 AND
00797E66	GHL_AbPerkUnitedOrdeal	20	1	10000000	=	AND	Player Teammates	GetIsPlayerGhoul	00 00 00 00	00 00 00 00	1	1.000000	0	Player Teammates.GetIsPlayerGhoul(00 00 00 00, 00 00 00 00, 1) = 1.000000 AND
00797E66	GHL_AbPerkUnitedOrdeal	20	2	11000000	>=	AND	Subject	GetPlayerTeammateCount	00 00 00 00	00 00 00 00		1.000000	0	Subject.GetPlayerTeammateCount(00 00 00 00, 00 00 00 00) >= 1.000000 AND
00797E66	GHL_AbPerkUnitedOrdeal	20	3	10000000	=	AND	Subject	HasPerk	GHL_UnitedOrdeal03 "United Ordeal" [PERK:00797E3C]	00 00 00 00		1.000000	0	Subject.HasPerk(GHL_UnitedOrdeal03 "United Ordeal" [PERK:00797E3C], 00 00 00 00) = 1.000000 AND
00797E66	GHL_AbPerkUnitedOrdeal	21	0	10000000	=	AND	Subject	GetIsPlayerGhoul	00 00 00 00	00 00 00 00		1.000000	0	Subject.GetIsPlayerGhoul(00 00 00 00, 00 00 00 00) = 1.000000 AND
00797E66	GHL_AbPerkUnitedOrdeal	21	1	10000000	=	AND	Player Teammates	GetIsPlayerGhoul	00 00 00 00	00 00 00 00	1	1.000000	0	Player Teammates.GetIsPlayerGhoul(00 00 00 00, 00 00 00 00, 1) = 1.000000 AND
00797E66	GHL_AbPerkUnitedOrdeal	21	2	11000000	>=	AND	Subject	GetPlayerTeammateCount	00 00 00 00	00 00 00 00		1.000000	0	Subject.GetPlayerTeammateCount(00 00 00 00, 00 00 00 00) >= 1.000000 AND
00797E66	GHL_AbPerkUnitedOrdeal	21	3	10000000	=	AND	Subject	HasPerk	GHL_UnitedOrdeal01 "United Ordeal" [PERK:00797E45]	00 00 00 00		1.000000	0	Subject.HasPerk(GHL_UnitedOrdeal01 "United Ordeal" [PERK:00797E45], 00 00 00 00) = 1.000000 AND
00797E66	GHL_AbPerkUnitedOrdeal	21	4	10000000	=	AND	Subject	HasPerk	GHL_UnitedOrdeal02 "United Ordeal" [PERK:00797E61]	00 00 00 00		0.000000	0	Subject.HasPerk(GHL_UnitedOrdeal02 "United Ordeal" [PERK:00797E61], 00 00 00 00) = 0.000000 AND
00797E66	GHL_AbPerkUnitedOrdeal	22	0	10000000	=	AND	Subject	GetIsPlayerGhoul	00 00 00 00	00 00 00 00		1.000000	0	Subject.GetIsPlayerGhoul(00 00 00 00, 00 00 00 00) = 1.000000 AND
00797E66	GHL_AbPerkUnitedOrdeal	22	1	10000000	=	AND	Player Teammates	GetIsPlayerGhoul	00 00 00 00	00 00 00 00	1	1.000000	0	Player Teammates.GetIsPlayerGhoul(00 00 00 00, 00 00 00 00, 1) = 1.000000 AND
00797E66	GHL_AbPerkUnitedOrdeal	22	2	11000000	>=	AND	Subject	GetPlayerTeammateCount	00 00 00 00	00 00 00 00		1.000000	0	Subject.GetPlayerTeammateCount(00 00 00 00, 00 00 00 00) >= 1.000000 AND
00797E66	GHL_AbPerkUnitedOrdeal	22	3	10000000	=	AND	Subject	HasPerk	GHL_UnitedOrdeal02 "United Ordeal" [PERK:00797E61]	00 00 00 00		1.000000	0	Subject.HasPerk(GHL_UnitedOrdeal02 "United Ordeal" [PERK:00797E61], 00 00 00 00) = 1.000000 AND
00797E66	GHL_AbPerkUnitedOrdeal	22	4	10000000	=	AND	Subject	HasPerk	GHL_UnitedOrdeal03 "United Ordeal" [PERK:00797E3C]	00 00 00 00		0.000000	0	Subject.HasPerk(GHL_UnitedOrdeal03 "United Ordeal" [PERK:00797E3C], 00 00 00 00) = 0.000000 AND
00797E66	GHL_AbPerkUnitedOrdeal	23	0	10000000	=	AND	Subject	GetIsPlayerGhoul	00 00 00 00	00 00 00 00		1.000000	0	Subject.GetIsPlayerGhoul(00 00 00 00, 00 00 00 00) = 1.000000 AND
00797E66	GHL_AbPerkUnitedOrdeal	23	1	10000000	=	AND	Player Teammates	GetIsPlayerGhoul	00 00 00 00	00 00 00 00	1	1.000000	0	Player Teammates.GetIsPlayerGhoul(00 00 00 00, 00 00 00 00, 1) = 1.000000 AND
00797E66	GHL_AbPerkUnitedOrdeal	23	2	11000000	>=	AND	Subject	GetPlayerTeammateCount	00 00 00 00	00 00 00 00		1.000000	0	Subject.GetPlayerTeammateCount(00 00 00 00, 00 00 00 00) >= 1.000000 AND
00797E66	GHL_AbPerkUnitedOrdeal	23	3	10000000	=	AND	Subject	HasPerk	GHL_UnitedOrdeal03 "United Ordeal" [PERK:00797E3C]	00 00 00 00		1.000000	0	Subject.HasPerk(GHL_UnitedOrdeal03 "United Ordeal" [PERK:00797E3C], 00 00 00 00) = 1.000000 AND
00797E6A	GHL_AbRadioactiveStrengthUse	0	0	10000000	=	AND	Subject	GetIsPlayerGhoul	00 00 00 00	00 00 00 00		1.000000	0	Subject.GetIsPlayerGhoul(00 00 00 00, 00 00 00 00) = 1.000000 AND
00797E6A	GHL_AbRadioactiveStrengthUse	0	1	10000000	=	AND	Subject	HasPerk	GHL_RadioactiveStrength01 "Radioactive Strength" [PERK:00797E1D]	00 00 00 00		1.000000	0	Subject.HasPerk(GHL_RadioactiveStrength01 "Radioactive Strength" [PERK:00797E1D], 00 00 00 00) = 1.000000 AND
00797E6A	GHL_AbRadioactiveStrengthUse	0	2	10000000	=	AND	Subject	IsTrueForConditionForm	GHL_RadPowerConsumptionFeralRage_Condition [CNDF:007F60A9]	00 00 00 00		1.000000	0	Subject.IsTrueForConditionForm(GHL_RadPowerConsumptionFeralRage_Condition [CNDF:007F60A9], 00 00 00 00) = 1.000000 AND
00797E6A	GHL_AbRadioactiveStrengthUse	1	0	10000000	=	AND	Subject	GetIsPlayerGhoul	00 00 00 00	00 00 00 00		1.000000	0	Subject.GetIsPlayerGhoul(00 00 00 00, 00 00 00 00) = 1.000000 AND
00797E6A	GHL_AbRadioactiveStrengthUse	1	1	10000000	=	AND	Subject	HasPerk	GHL_RadioactiveStrength01 "Radioactive Strength" [PERK:00797E1D]	00 00 00 00		1.000000	0	Subject.HasPerk(GHL_RadioactiveStrength01 "Radioactive Strength" [PERK:00797E1D], 00 00 00 00) = 1.000000 AND
00797E6A	GHL_AbRadioactiveStrengthUse	1	2	10000100	=	AND	Subject	GetValue	GHL_SURV_Feral [AVIF:007A767C]	00 00 00 00		GHL_SURV_FeralThreshold_5_Max [GLOB:007A7693]	0	Subject.GetValue(GHL_SURV_Feral [AVIF:007A767C], 00 00 00 00) = GHL_SURV_FeralThreshold_5_Max [GLOB:007A7693] AND
00797E6A	GHL_AbRadioactiveStrengthUse	1	3	10000000	=	AND	Subject	HasPerk	GHL_LGN_FeralRage01 "Feral Rage" [PERK:007AD40E]	00 00 00 00		1.000000	0	Subject.HasPerk(GHL_LGN_FeralRage01 "Feral Rage" [PERK:007AD40E], 00 00 00 00) = 1.000000 AND
00797E6A	GHL_AbRadioactiveStrengthUse	1	4	10000000	=	AND	Subject	HasPerk	GHL_LGN_FeralRage02 "Feral Rage" [PERK:007AD351]	00 00 00 00		0.000000	0	Subject.HasPerk(GHL_LGN_FeralRage02 "Feral Rage" [PERK:007AD351], 00 00 00 00) = 0.000000 AND
00797E6A	GHL_AbRadioactiveStrengthUse	2	0	10000000	=	AND	Subject	GetIsPlayerGhoul	00 00 00 00	00 00 00 00		1.000000	0	Subject.GetIsPlayerGhoul(00 00 00 00, 00 00 00 00) = 1.000000 AND
00797E6A	GHL_AbRadioactiveStrengthUse	2	1	10000000	=	AND	Subject	HasPerk	GHL_RadioactiveStrength01 "Radioactive Strength" [PERK:00797E1D]	00 00 00 00		1.000000	0	Subject.HasPerk(GHL_RadioactiveStrength01 "Radioactive Strength" [PERK:00797E1D], 00 00 00 00) = 1.000000 AND
00797E6A	GHL_AbRadioactiveStrengthUse	2	2	10000100	=	AND	Subject	GetValue	GHL_SURV_Feral [AVIF:007A767C]	00 00 00 00		GHL_SURV_FeralThreshold_5_Max [GLOB:007A7693]	0	Subject.GetValue(GHL_SURV_Feral [AVIF:007A767C], 00 00 00 00) = GHL_SURV_FeralThreshold_5_Max [GLOB:007A7693] AND
00797E6A	GHL_AbRadioactiveStrengthUse	2	3	10000000	=	AND	Subject	HasPerk	GHL_LGN_FeralRage02 "Feral Rage" [PERK:007AD351]	00 00 00 00		1.000000	0	Subject.HasPerk(GHL_LGN_FeralRage02 "Feral Rage" [PERK:007AD351], 00 00 00 00) = 1.000000 AND
00797E6A	GHL_AbRadioactiveStrengthUse	2	4	10000000	=	AND	Subject	HasPerk	GHL_LGN_FeralRage03 "Feral Rage" [PERK:007AD350]	00 00 00 00		0.000000	0	Subject.HasPerk(GHL_LGN_FeralRage03 "Feral Rage" [PERK:007AD350], 00 00 00 00) = 0.000000 AND
00797E6A	GHL_AbRadioactiveStrengthUse	3	0	10000000	=	AND	Subject	GetIsPlayerGhoul	00 00 00 00	00 00 00 00		1.000000	0	Subject.GetIsPlayerGhoul(00 00 00 00, 00 00 00 00) = 1.000000 AND
00797E6A	GHL_AbRadioactiveStrengthUse	3	1	10000000	=	AND	Subject	HasPerk	GHL_RadioactiveStrength01 "Radioactive Strength" [PERK:00797E1D]	00 00 00 00		1.000000	0	Subject.HasPerk(GHL_RadioactiveStrength01 "Radioactive Strength" [PERK:00797E1D], 00 00 00 00) = 1.000000 AND
00797E6A	GHL_AbRadioactiveStrengthUse	3	2	10000100	=	AND	Subject	GetValue	GHL_SURV_Feral [AVIF:007A767C]	00 00 00 00		GHL_SURV_FeralThreshold_5_Max [GLOB:007A7693]	0	Subject.GetValue(GHL_SURV_Feral [AVIF:007A767C], 00 00 00 00) = GHL_SURV_FeralThreshold_5_Max [GLOB:007A7693] AND
00797E6A	GHL_AbRadioactiveStrengthUse	3	3	10000000	=	AND	Subject	HasPerk	GHL_LGN_FeralRage03 "Feral Rage" [PERK:007AD350]	00 00 00 00		1.000000	0	Subject.HasPerk(GHL_LGN_FeralRage03 "Feral Rage" [PERK:007AD350], 00 00 00 00) = 1.000000 AND
00797E6A	GHL_AbRadioactiveStrengthUse	3	4	10000000	=	AND	Subject	HasPerk	GHL_LGN_FeralRage04 "Feral Rage" [PERK:007AD34F]	00 00 00 00		0.000000	0	Subject.HasPerk(GHL_LGN_FeralRage04 "Feral Rage" [PERK:007AD34F], 00 00 00 00) = 0.000000 AND
00797E6A	GHL_AbRadioactiveStrengthUse	4	0	10000000	=	AND	Subject	GetIsPlayerGhoul	00 00 00 00	00 00 00 00		1.000000	0	Subject.GetIsPlayerGhoul(00 00 00 00, 00 00 00 00) = 1.000000 AND
00797E6A	GHL_AbRadioactiveStrengthUse	4	1	10000000	=	AND	Subject	HasPerk	GHL_RadioactiveStrength01 "Radioactive Strength" [PERK:00797E1D]	00 00 00 00		1.000000	0	Subject.HasPerk(GHL_RadioactiveStrength01 "Radioactive Strength" [PERK:00797E1D], 00 00 00 00) = 1.000000 AND
00797E6A	GHL_AbRadioactiveStrengthUse	4	2	10000100	=	AND	Subject	GetValue	GHL_SURV_Feral [AVIF:007A767C]	00 00 00 00		GHL_SURV_FeralThreshold_5_Max [GLOB:007A7693]	0	Subject.GetValue(GHL_SURV_Feral [AVIF:007A767C], 00 00 00 00) = GHL_SURV_FeralThreshold_5_Max [GLOB:007A7693] AND
00797E6A	GHL_AbRadioactiveStrengthUse	4	3	10000000	=	AND	Subject	HasPerk	GHL_LGN_FeralRage04 "Feral Rage" [PERK:007AD34F]	00 00 00 00		1.000000	0	Subject.HasPerk(GHL_LGN_FeralRage04 "Feral Rage" [PERK:007AD34F], 00 00 00 00) = 1.000000 AND
0079841C	GHL_AbRadioactivePowerSpell	0	0	10000000	=	AND	Subject	GetIsPlayerGhoul	00 00 00 00	00 00 00 00		1.000000	0	Subject.GetIsPlayerGhoul(00 00 00 00, 00 00 00 00) = 1.000000 AND
0079841C	GHL_AbRadioactivePowerSpell	0	1	10000000	=	AND	Subject	HasPerk	GHL_RadiationPower01 "Radiation Power" [PERK:00797E50]	00 00 00 00		1.000000	0	Subject.HasPerk(GHL_RadiationPower01 "Radiation Power" [PERK:00797E50], 00 00 00 00) = 1.000000 AND
0079841C	GHL_AbRadioactivePowerSpell	0	2	10000000	=	AND	Subject	IsTrueForConditionForm	GHL_RadPowerConsumptionFeralRage_Condition [CNDF:007F60A9]	00 00 00 00		1.000000	0	Subject.IsTrueForConditionForm(GHL_RadPowerConsumptionFeralRage_Condition [CNDF:007F60A9], 00 00 00 00) = 1.000000 AND
0079841C	GHL_AbRadioactivePowerSpell	1	0	10000000	=	AND	Subject	GetIsPlayerGhoul	00 00 00 00	00 00 00 00		1.000000	0	Subject.GetIsPlayerGhoul(00 00 00 00, 00 00 00 00) = 1.000000 AND
0079841C	GHL_AbRadioactivePowerSpell	1	1	10000000	=	AND	Subject	HasPerk	GHL_RadiationPower01 "Radiation Power" [PERK:00797E50]	00 00 00 00		1.000000	0	Subject.HasPerk(GHL_RadiationPower01 "Radiation Power" [PERK:00797E50], 00 00 00 00) = 1.000000 AND
0079841C	GHL_AbRadioactivePowerSpell	1	2	10000100	=	AND	Subject	GetValue	GHL_SURV_Feral [AVIF:007A767C]	00 00 00 00		GHL_SURV_FeralThreshold_5_Max [GLOB:007A7693]	0	Subject.GetValue(GHL_SURV_Feral [AVIF:007A767C], 00 00 00 00) = GHL_SURV_FeralThreshold_5_Max [GLOB:007A7693] AND
0079841C	GHL_AbRadioactivePowerSpell	1	3	10000000	=	AND	Subject	HasPerk	GHL_LGN_FeralRage01 "Feral Rage" [PERK:007AD40E]	00 00 00 00		1.000000	0	Subject.HasPerk(GHL_LGN_FeralRage01 "Feral Rage" [PERK:007AD40E], 00 00 00 00) = 1.000000 AND
0079841C	GHL_AbRadioactivePowerSpell	1	4	10000000	=	AND	Subject	HasPerk	GHL_LGN_FeralRage02 "Feral Rage" [PERK:007AD351]	00 00 00 00		0.000000	0	Subject.HasPerk(GHL_LGN_FeralRage02 "Feral Rage" [PERK:007AD351], 00 00 00 00) = 0.000000 AND
0079841C	GHL_AbRadioactivePowerSpell	2	0	10000000	=	AND	Subject	GetIsPlayerGhoul	00 00 00 00	00 00 00 00		1.000000	0	Subject.GetIsPlayerGhoul(00 00 00 00, 00 00 00 00) = 1.000000 AND
0079841C	GHL_AbRadioactivePowerSpell	2	1	10000000	=	AND	Subject	HasPerk	GHL_RadiationPower01 "Radiation Power" [PERK:00797E50]	00 00 00 00		1.000000	0	Subject.HasPerk(GHL_RadiationPower01 "Radiation Power" [PERK:00797E50], 00 00 00 00) = 1.000000 AND
0079841C	GHL_AbRadioactivePowerSpell	2	2	10000100	=	AND	Subject	GetValue	GHL_SURV_Feral [AVIF:007A767C]	00 00 00 00		GHL_SURV_FeralThreshold_5_Max [GLOB:007A7693]	0	Subject.GetValue(GHL_SURV_Feral [AVIF:007A767C], 00 00 00 00) = GHL_SURV_FeralThreshold_5_Max [GLOB:007A7693] AND
0079841C	GHL_AbRadioactivePowerSpell	2	3	10000000	=	AND	Subject	HasPerk	GHL_LGN_FeralRage02 "Feral Rage" [PERK:007AD351]	00 00 00 00		1.000000	0	Subject.HasPerk(GHL_LGN_FeralRage02 "Feral Rage" [PERK:007AD351], 00 00 00 00) = 1.000000 AND
0079841C	GHL_AbRadioactivePowerSpell	2	4	10000000	=	AND	Subject	HasPerk	GHL_LGN_FeralRage03 "Feral Rage" [PERK:007AD350]	00 00 00 00		0.000000	0	Subject.HasPerk(GHL_LGN_FeralRage03 "Feral Rage" [PERK:007AD350], 00 00 00 00) = 0.000000 AND
0079841C	GHL_AbRadioactivePowerSpell	3	0	10000000	=	AND	Subject	GetIsPlayerGhoul	00 00 00 00	00 00 00 00		1.000000	0	Subject.GetIsPlayerGhoul(00 00 00 00, 00 00 00 00) = 1.000000 AND
0079841C	GHL_AbRadioactivePowerSpell	3	1	10000000	=	AND	Subject	HasPerk	GHL_RadiationPower01 "Radiation Power" [PERK:00797E50]	00 00 00 00		1.000000	0	Subject.HasPerk(GHL_RadiationPower01 "Radiation Power" [PERK:00797E50], 00 00 00 00) = 1.000000 AND
0079841C	GHL_AbRadioactivePowerSpell	3	2	10000100	=	AND	Subject	GetValue	GHL_SURV_Feral [AVIF:007A767C]	00 00 00 00		GHL_SURV_FeralThreshold_5_Max [GLOB:007A7693]	0	Subject.GetValue(GHL_SURV_Feral [AVIF:007A767C], 00 00 00 00) = GHL_SURV_FeralThreshold_5_Max [GLOB:007A7693] AND
0079841C	GHL_AbRadioactivePowerSpell	3	3	10000000	=	AND	Subject	HasPerk	GHL_LGN_FeralRage03 "Feral Rage" [PERK:007AD350]	00 00 00 00		1.000000	0	Subject.HasPerk(GHL_LGN_FeralRage03 "Feral Rage" [PERK:007AD350], 00 00 00 00) = 1.000000 AND
0079841C	GHL_AbRadioactivePowerSpell	3	4	10000000	=	AND	Subject	HasPerk	GHL_LGN_FeralRage04 "Feral Rage" [PERK:007AD34F]	00 00 00 00		0.000000	0	Subject.HasPerk(GHL_LGN_FeralRage04 "Feral Rage" [PERK:007AD34F], 00 00 00 00) = 0.000000 AND
0079841C	GHL_AbRadioactivePowerSpell	4	0	10000000	=	AND	Subject	GetIsPlayerGhoul	00 00 00 00	00 00 00 00		1.000000	0	Subject.GetIsPlayerGhoul(00 00 00 00, 00 00 00 00) = 1.000000 AND
0079841C	GHL_AbRadioactivePowerSpell	4	1	10000000	=	AND	Subject	HasPerk	GHL_RadiationPower01 "Radiation Power" [PERK:00797E50]	00 00 00 00		1.000000	0	Subject.HasPerk(GHL_RadiationPower01 "Radiation Power" [PERK:00797E50], 00 00 00 00) = 1.000000 AND
0079841C	GHL_AbRadioactivePowerSpell	4	2	10000100	=	AND	Subject	GetValue	GHL_SURV_Feral [AVIF:007A767C]	00 00 00 00		GHL_SURV_FeralThreshold_5_Max [GLOB:007A7693]	0	Subject.GetValue(GHL_SURV_Feral [AVIF:007A767C], 00 00 00 00) = GHL_SURV_FeralThreshold_5_Max [GLOB:007A7693] AND
0079841C	GHL_AbRadioactivePowerSpell	4	3	10000000	=	AND	Subject	HasPerk	GHL_LGN_FeralRage04 "Feral Rage" [PERK:007AD34F]	00 00 00 00		1.000000	0	Subject.HasPerk(GHL_LGN_FeralRage04 "Feral Rage" [PERK:007AD34F], 00 00 00 00) = 1.000000 AND
0079841D	GHL_AbPerkRadiationPower	0	0	10000000	=	AND	Subject	GetIsPlayerGhoul	00 00 00 00	00 00 00 00		1.000000	0	Subject.GetIsPlayerGhoul(00 00 00 00, 00 00 00 00) = 1.000000 AND
0079841D	GHL_AbPerkRadiationPower	0	1	11000100	>=	AND	Subject	GetValue	Rads "Rads" [AVIF:000002E1]	00 00 00 00		GHL_BasicGlowUse [GLOB:007F68B6]	0	Subject.GetValue(Rads "Rads" [AVIF:000002E1], 00 00 00 00) >= GHL_BasicGlowUse [GLOB:007F68B6] AND
0079841D	GHL_AbPerkRadiationPower	0	2	10000000	=	AND	Subject	HasPerk	GHL_RadiationPower02 "Radiation Power" [PERK:00797E2A]	00 00 00 00		0.000000	0	Subject.HasPerk(GHL_RadiationPower02 "Radiation Power" [PERK:00797E2A], 00 00 00 00) = 0.000000 AND
0079841D	GHL_AbPerkRadiationPower	0	3	10000000	=	AND	Subject	IsPowerAttacking	00 00 00 00	00 00 00 00		0.000000	0	Subject.IsPowerAttacking(00 00 00 00, 00 00 00 00) = 0.000000 AND
0079841D	GHL_AbPerkRadiationPower	1	0	10000000	=	AND	Subject	GetIsPlayerGhoul	00 00 00 00	00 00 00 00		1.000000	0	Subject.GetIsPlayerGhoul(00 00 00 00, 00 00 00 00) = 1.000000 AND
0079841D	GHL_AbPerkRadiationPower	1	1	11000100	>=	AND	Subject	GetValue	Rads "Rads" [AVIF:000002E1]	00 00 00 00		GHL_BasicGlowUse [GLOB:007F68B6]	0	Subject.GetValue(Rads "Rads" [AVIF:000002E1], 00 00 00 00) >= GHL_BasicGlowUse [GLOB:007F68B6] AND
0079841D	GHL_AbPerkRadiationPower	1	2	10000000	=	AND	Subject	IsPowerAttacking	00 00 00 00	00 00 00 00		0.000000	0	Subject.IsPowerAttacking(00 00 00 00, 00 00 00 00) = 0.000000 AND
0079841D	GHL_AbPerkRadiationPower	1	3	10000000	=	AND	Subject	HasPerk	GHL_RadiationPower02 "Radiation Power" [PERK:00797E2A]	00 00 00 00		1.000000	0	Subject.HasPerk(GHL_RadiationPower02 "Radiation Power" [PERK:00797E2A], 00 00 00 00) = 1.000000 AND
0079841D	GHL_AbPerkRadiationPower	1	4	10000000	=	AND	Subject	HasPerk	GHL_RadiationPower03 "Radiation Power" [PERK:00797E37]	00 00 00 00		0.000000	0	Subject.HasPerk(GHL_RadiationPower03 "Radiation Power" [PERK:00797E37], 00 00 00 00) = 0.000000 AND
0079841D	GHL_AbPerkRadiationPower	2	0	10000000	=	AND	Subject	GetIsPlayerGhoul	00 00 00 00	00 00 00 00		1.000000	0	Subject.GetIsPlayerGhoul(00 00 00 00, 00 00 00 00) = 1.000000 AND
0079841D	GHL_AbPerkRadiationPower	2	1	11000100	>=	AND	Subject	GetValue	Rads "Rads" [AVIF:000002E1]	00 00 00 00		GHL_BasicGlowUse [GLOB:007F68B6]	0	Subject.GetValue(Rads "Rads" [AVIF:000002E1], 00 00 00 00) >= GHL_BasicGlowUse [GLOB:007F68B6] AND
0079841D	GHL_AbPerkRadiationPower	2	2	10000000	=	AND	Subject	IsPowerAttacking	00 00 00 00	00 00 00 00		0.000000	0	Subject.IsPowerAttacking(00 00 00 00, 00 00 00 00) = 0.000000 AND
0079841D	GHL_AbPerkRadiationPower	2	3	10000000	=	AND	Subject	HasPerk	GHL_RadiationPower03 "Radiation Power" [PERK:00797E37]	00 00 00 00		1.000000	0	Subject.HasPerk(GHL_RadiationPower03 "Radiation Power" [PERK:00797E37], 00 00 00 00) = 1.000000 AND
00799B0B	GHL_abPerkBreatheItIn	0	0	10000000	=	AND	Subject	GetIsPlayerGhoul	00 00 00 00	00 00 00 00		1.000000	0	Subject.GetIsPlayerGhoul(00 00 00 00, 00 00 00 00) = 1.000000 AND
00799B0B	GHL_abPerkBreatheItIn	0	1	10000000	=	AND	Subject	HasPerk	GHL_BreatheItIn02 "Breathe It In" [PERK:00797E24]	00 00 00 00		0.000000	0	Subject.HasPerk(GHL_BreatheItIn02 "Breathe It In" [PERK:00797E24], 00 00 00 00) = 0.000000 AND
00799B0B	GHL_abPerkBreatheItIn	1	0	10000000	=	AND	Subject	GetIsPlayerGhoul	00 00 00 00	00 00 00 00		1.000000	0	Subject.GetIsPlayerGhoul(00 00 00 00, 00 00 00 00) = 1.000000 AND
00799B0B	GHL_abPerkBreatheItIn	1	1	10000000	=	AND	Subject	HasPerk	GHL_BreatheItIn02 "Breathe It In" [PERK:00797E24]	00 00 00 00		1.000000	0	Subject.HasPerk(GHL_BreatheItIn02 "Breathe It In" [PERK:00797E24], 00 00 00 00) = 1.000000 AND
00799B0B	GHL_abPerkBreatheItIn	1	2	10000000	=	AND	Subject	HasPerk	GHL_BreatheItIn03 "Breathe It In" [PERK:00797E5E]	00 00 00 00		0.000000	0	Subject.HasPerk(GHL_BreatheItIn03 "Breathe It In" [PERK:00797E5E], 00 00 00 00) = 0.000000 AND
00799B0B	GHL_abPerkBreatheItIn	2	0	10000000	=	AND	Subject	GetIsPlayerGhoul	00 00 00 00	00 00 00 00		1.000000	0	Subject.GetIsPlayerGhoul(00 00 00 00, 00 00 00 00) = 1.000000 AND
00799B0B	GHL_abPerkBreatheItIn	2	1	10000000	=	AND	Subject	HasPerk	GHL_BreatheItIn03 "Breathe It In" [PERK:00797E5E]	00 00 00 00		1.000000	0	Subject.HasPerk(GHL_BreatheItIn03 "Breathe It In" [PERK:00797E5E], 00 00 00 00) = 1.000000 AND
00799DFB	GHL_AbPerkMadScientist	0	0	11000000	>=	AND	Subject	GetValue	Rads "Rads" [AVIF:000002E1]	00 00 00 00		1.000000	0	Subject.GetValue(Rads "Rads" [AVIF:000002E1], 00 00 00 00) >= 1.000000 AND
00799DFB	GHL_AbPerkMadScientist	0	1	10000000	=	AND	Subject	GetIsPlayerGhoul	00 00 00 00	00 00 00 00		1.000000	0	Subject.GetIsPlayerGhoul(00 00 00 00, 00 00 00 00) = 1.000000 AND
00799DFB	GHL_AbPerkMadScientist	0	2	10000000	=	AND	Subject	HasPerk	GHL_MadScientist02 "Mad Scientist" [PERK:00797E46]	00 00 00 00		0.000000	0	Subject.HasPerk(GHL_MadScientist02 "Mad Scientist" [PERK:00797E46], 00 00 00 00) = 0.000000 AND
00799DFB	GHL_AbPerkMadScientist	0	3	10000000	=	AND	Subject	IsPowerAttacking	00 00 00 00	00 00 00 00		0.000000	0	Subject.IsPowerAttacking(00 00 00 00, 00 00 00 00) = 0.000000 AND
00799DFB	GHL_AbPerkMadScientist	1	0	11000000	>=	AND	Subject	GetValue	Rads "Rads" [AVIF:000002E1]	00 00 00 00		1.000000	0	Subject.GetValue(Rads "Rads" [AVIF:000002E1], 00 00 00 00) >= 1.000000 AND
00799DFB	GHL_AbPerkMadScientist	1	1	10000000	=	AND	Subject	GetIsPlayerGhoul	00 00 00 00	00 00 00 00		1.000000	0	Subject.GetIsPlayerGhoul(00 00 00 00, 00 00 00 00) = 1.000000 AND
00799DFB	GHL_AbPerkMadScientist	1	2	10000000	=	AND	Subject	HasPerk	GHL_MadScientist02 "Mad Scientist" [PERK:00797E46]	00 00 00 00		1.000000	0	Subject.HasPerk(GHL_MadScientist02 "Mad Scientist" [PERK:00797E46], 00 00 00 00) = 1.000000 AND
00799DFB	GHL_AbPerkMadScientist	1	3	10000000	=	AND	Subject	HasPerk	GHL_MadScientist03 "Mad Scientist" [PERK:00797E2C]	00 00 00 00		0.000000	0	Subject.HasPerk(GHL_MadScientist03 "Mad Scientist" [PERK:00797E2C], 00 00 00 00) = 0.000000 AND
00799DFB	GHL_AbPerkMadScientist	1	4	10000000	=	AND	Subject	IsPowerAttacking	00 00 00 00	00 00 00 00		0.000000	0	Subject.IsPowerAttacking(00 00 00 00, 00 00 00 00) = 0.000000 AND
00799DFB	GHL_AbPerkMadScientist	2	0	11000000	>=	AND	Subject	GetValue	Rads "Rads" [AVIF:000002E1]	00 00 00 00		1.000000	0	Subject.GetValue(Rads "Rads" [AVIF:000002E1], 00 00 00 00) >= 1.000000 AND
00799DFB	GHL_AbPerkMadScientist	2	1	10000000	=	AND	Subject	GetIsPlayerGhoul	00 00 00 00	00 00 00 00		1.000000	0	Subject.GetIsPlayerGhoul(00 00 00 00, 00 00 00 00) = 1.000000 AND
00799DFB	GHL_AbPerkMadScientist	2	2	10000000	=	AND	Subject	HasPerk	GHL_MadScientist03 "Mad Scientist" [PERK:00797E2C]	00 00 00 00		1.000000	0	Subject.HasPerk(GHL_MadScientist03 "Mad Scientist" [PERK:00797E2C], 00 00 00 00) = 1.000000 AND
00799DFB	GHL_AbPerkMadScientist	2	3	10000000	=	AND	Subject	IsPowerAttacking	00 00 00 00	00 00 00 00		0.000000	0	Subject.IsPowerAttacking(00 00 00 00, 00 00 00 00) = 0.000000 AND
0079A513	GHL_AbPerkJaguarSpeed	0	0	10000000	=	AND	Subject	GetIsPlayerGhoul	00 00 00 00	00 00 00 00		1.000000	0	Subject.GetIsPlayerGhoul(00 00 00 00, 00 00 00 00) = 1.000000 AND
0079A513	GHL_AbPerkJaguarSpeed	0	1	11000000	>=	AND	Subject	GetValue	Rads "Rads" [AVIF:000002E1]	00 00 00 00		200.000000	0	Subject.GetValue(Rads "Rads" [AVIF:000002E1], 00 00 00 00) >= 200.000000 AND
0079A513	GHL_AbPerkJaguarSpeed	0	2	10000000	=	AND	Subject	IsSprinting	00 00 00 00	00 00 00 00		1.000000	0	Subject.IsSprinting(00 00 00 00, 00 00 00 00) = 1.000000 AND
0079A513	GHL_AbPerkJaguarSpeed	0	3	10000000	=	AND	Subject	HasPerk	GHL_JaguarSpeed02 "Jaguar Speed" [PERK:00797E1F]	00 00 00 00		0.000000	0	Subject.HasPerk(GHL_JaguarSpeed02 "Jaguar Speed" [PERK:00797E1F], 00 00 00 00) = 0.000000 AND
0079A513	GHL_AbPerkJaguarSpeed	1	0	10000000	=	AND	Subject	GetIsPlayerGhoul	00 00 00 00	00 00 00 00		1.000000	0	Subject.GetIsPlayerGhoul(00 00 00 00, 00 00 00 00) = 1.000000 AND
0079A513	GHL_AbPerkJaguarSpeed	1	1	11000000	>=	AND	Subject	GetValue	Rads "Rads" [AVIF:000002E1]	00 00 00 00		200.000000	0	Subject.GetValue(Rads "Rads" [AVIF:000002E1], 00 00 00 00) >= 200.000000 AND
0079A513	GHL_AbPerkJaguarSpeed	1	2	10000000	=	AND	Subject	IsSprinting	00 00 00 00	00 00 00 00		1.000000	0	Subject.IsSprinting(00 00 00 00, 00 00 00 00) = 1.000000 AND
0079A513	GHL_AbPerkJaguarSpeed	1	3	10000000	=	AND	Subject	HasPerk	GHL_JaguarSpeed02 "Jaguar Speed" [PERK:00797E1F]	00 00 00 00		1.000000	0	Subject.HasPerk(GHL_JaguarSpeed02 "Jaguar Speed" [PERK:00797E1F], 00 00 00 00) = 1.000000 AND
007A18ED	GHL_AbPerkBombScientistRadius	0	0	10000000	=	AND	Subject	GetIsPlayerGhoul	00 00 00 00	00 00 00 00		1.000000	0	Subject.GetIsPlayerGhoul(00 00 00 00, 00 00 00 00) = 1.000000 AND
007A18ED	GHL_AbPerkBombScientistRadius	0	1	11000000	>=	AND	Subject	GetValue	Rads "Rads" [AVIF:000002E1]	00 00 00 00		50.000000	0	Subject.GetValue(Rads "Rads" [AVIF:000002E1], 00 00 00 00) >= 50.000000 AND
007A18ED	GHL_AbPerkBombScientistRadius	0	2	10000000	=	AND	Subject	HasPerk	GHL_BombScientist02 "Bomb Scientist" [PERK:007A159A]	00 00 00 00		0.000000	0	Subject.HasPerk(GHL_BombScientist02 "Bomb Scientist" [PERK:007A159A], 00 00 00 00) = 0.000000 AND
007A18ED	GHL_AbPerkBombScientistRadius	1	0	10000000	=	AND	Subject	GetIsPlayerGhoul	00 00 00 00	00 00 00 00		1.000000	0	Subject.GetIsPlayerGhoul(00 00 00 00, 00 00 00 00) = 1.000000 AND
007A18ED	GHL_AbPerkBombScientistRadius	1	1	11000000	>=	AND	Subject	GetValue	Rads "Rads" [AVIF:000002E1]	00 00 00 00		50.000000	0	Subject.GetValue(Rads "Rads" [AVIF:000002E1], 00 00 00 00) >= 50.000000 AND
007A18ED	GHL_AbPerkBombScientistRadius	1	2	10000000	=	AND	Subject	HasPerk	GHL_BombScientist02 "Bomb Scientist" [PERK:007A159A]	00 00 00 00		1.000000	0	Subject.HasPerk(GHL_BombScientist02 "Bomb Scientist" [PERK:007A159A], 00 00 00 00) = 1.000000 AND
007A18ED	GHL_AbPerkBombScientistRadius	1	3	10000000	=	AND	Subject	HasPerk	GHL_BombScientist03 "Bomb Scientist" [PERK:007A159B]	00 00 00 00		0.000000	0	Subject.HasPerk(GHL_BombScientist03 "Bomb Scientist" [PERK:007A159B], 00 00 00 00) = 0.000000 AND
007A18ED	GHL_AbPerkBombScientistRadius	2	0	10000000	=	AND	Subject	GetIsPlayerGhoul	00 00 00 00	00 00 00 00		1.000000	0	Subject.GetIsPlayerGhoul(00 00 00 00, 00 00 00 00) = 1.000000 AND
007A18ED	GHL_AbPerkBombScientistRadius	2	1	11000000	>=	AND	Subject	GetValue	Rads "Rads" [AVIF:000002E1]	00 00 00 00		50.000000	0	Subject.GetValue(Rads "Rads" [AVIF:000002E1], 00 00 00 00) >= 50.000000 AND
007A18ED	GHL_AbPerkBombScientistRadius	2	2	10000000	=	AND	Subject	HasPerk	GHL_BombScientist03 "Bomb Scientist" [PERK:007A159B]	00 00 00 00		1.000000	0	Subject.HasPerk(GHL_BombScientist03 "Bomb Scientist" [PERK:007A159B], 00 00 00 00) = 1.000000 AND
007A18EE	zzz_GHL_AbPerkBombScientist	0	0	10000000	=	AND	Subject	GetIsPlayerGhoul	00 00 00 00	00 00 00 00		1.000000	0	Subject.GetIsPlayerGhoul(00 00 00 00, 00 00 00 00) = 1.000000 AND
007A18EE	zzz_GHL_AbPerkBombScientist	0	1	10000000	=	AND	Subject	HasPerk	GHL_BombScientist02 "Bomb Scientist" [PERK:007A159A]	00 00 00 00		0.000000	0	Subject.HasPerk(GHL_BombScientist02 "Bomb Scientist" [PERK:007A159A], 00 00 00 00) = 0.000000 AND
007A18EE	zzz_GHL_AbPerkBombScientist	0	2	10010000	=	OR	Subject	IsTrueForConditionForm	GHL_HasModerateGlowConsumptionFeralRage_Condition [CNDF:007F79A4]	00 00 00 00		1.000000	0	Subject.IsTrueForConditionForm(GHL_HasModerateGlowConsumptionFeralRage_Condition [CNDF:007F79A4], 00 00 00 00) = 1.000000 OR
007A18EE	zzz_GHL_AbPerkBombScientist	0	3	11000000	>=	AND	Subject	GetValue	Rads "Rads" [AVIF:000002E1]	00 00 00 00		1.000000	0	Subject.GetValue(Rads "Rads" [AVIF:000002E1], 00 00 00 00) >= 1.000000 AND
007A18EE	zzz_GHL_AbPerkBombScientist	0	4	10000000	=	AND	Subject	WornHasKeyword	WeaponTypeGrenade [KYWD:0010C415]	00 00 00 00		1.000000	0	Subject.WornHasKeyword(WeaponTypeGrenade [KYWD:0010C415], 00 00 00 00) = 1.000000 AND
007A18EE	zzz_GHL_AbPerkBombScientist	0	5	10000000	=	AND	Subject	WornHasKeyword	WeaponTypeThrown "Throwing" [KYWD:0004A0A6]	00 00 00 00		1.000000	0	Subject.WornHasKeyword(WeaponTypeThrown "Throwing" [KYWD:0004A0A6], 00 00 00 00) = 1.000000 AND
007A18EE	zzz_GHL_AbPerkBombScientist	0	6	10000000	=	AND	Subject	WornHasKeyword	WeaponTypeRanged [KYWD:0033A7C8]	00 00 00 00		0.000000	0	Subject.WornHasKeyword(WeaponTypeRanged [KYWD:0033A7C8], 00 00 00 00) = 0.000000 AND
007A18EE	zzz_GHL_AbPerkBombScientist	1	0	10000000	=	AND	Subject	GetIsPlayerGhoul	00 00 00 00	00 00 00 00		1.000000	0	Subject.GetIsPlayerGhoul(00 00 00 00, 00 00 00 00) = 1.000000 AND
007A18EE	zzz_GHL_AbPerkBombScientist	1	1	10010000	=	OR	Subject	IsTrueForConditionForm	GHL_HasModerateGlowConsumptionFeralRage_Condition [CNDF:007F79A4]	00 00 00 00		1.000000	0	Subject.IsTrueForConditionForm(GHL_HasModerateGlowConsumptionFeralRage_Condition [CNDF:007F79A4], 00 00 00 00) = 1.000000 OR
007A18EE	zzz_GHL_AbPerkBombScientist	1	2	11000000	>=	AND	Subject	GetValue	Rads "Rads" [AVIF:000002E1]	00 00 00 00		1.000000	0	Subject.GetValue(Rads "Rads" [AVIF:000002E1], 00 00 00 00) >= 1.000000 AND
007A18EE	zzz_GHL_AbPerkBombScientist	1	3	10000000	=	AND	Subject	HasPerk	GHL_BombScientist02 "Bomb Scientist" [PERK:007A159A]	00 00 00 00		1.000000	0	Subject.HasPerk(GHL_BombScientist02 "Bomb Scientist" [PERK:007A159A], 00 00 00 00) = 1.000000 AND
007A18EE	zzz_GHL_AbPerkBombScientist	1	4	10000000	=	AND	Subject	HasPerk	GHL_BombScientist03 "Bomb Scientist" [PERK:007A159B]	00 00 00 00		0.000000	0	Subject.HasPerk(GHL_BombScientist03 "Bomb Scientist" [PERK:007A159B], 00 00 00 00) = 0.000000 AND
007A18EE	zzz_GHL_AbPerkBombScientist	1	5	10000000	=	AND	Subject	WornHasKeyword	WeaponTypeGrenade [KYWD:0010C415]	00 00 00 00		1.000000	0	Subject.WornHasKeyword(WeaponTypeGrenade [KYWD:0010C415], 00 00 00 00) = 1.000000 AND
007A18EE	zzz_GHL_AbPerkBombScientist	1	6	10000000	=	AND	Subject	WornHasKeyword	WeaponTypeThrown "Throwing" [KYWD:0004A0A6]	00 00 00 00		1.000000	0	Subject.WornHasKeyword(WeaponTypeThrown "Throwing" [KYWD:0004A0A6], 00 00 00 00) = 1.000000 AND
007A18EE	zzz_GHL_AbPerkBombScientist	1	7	10000000	=	AND	Subject	WornHasKeyword	WeaponTypeRanged [KYWD:0033A7C8]	00 00 00 00		0.000000	0	Subject.WornHasKeyword(WeaponTypeRanged [KYWD:0033A7C8], 00 00 00 00) = 0.000000 AND
007A18EE	zzz_GHL_AbPerkBombScientist	2	0	10000000	=	AND	Subject	GetIsPlayerGhoul	00 00 00 00	00 00 00 00		1.000000	0	Subject.GetIsPlayerGhoul(00 00 00 00, 00 00 00 00) = 1.000000 AND
007A18EE	zzz_GHL_AbPerkBombScientist	2	1	10000000	=	AND	Subject	HasPerk	GHL_BombScientist03 "Bomb Scientist" [PERK:007A159B]	00 00 00 00		1.000000	0	Subject.HasPerk(GHL_BombScientist03 "Bomb Scientist" [PERK:007A159B], 00 00 00 00) = 1.000000 AND
007A18EE	zzz_GHL_AbPerkBombScientist	2	2	10010000	=	OR	Subject	IsTrueForConditionForm	GHL_HasModerateGlowConsumptionFeralRage_Condition [CNDF:007F79A4]	00 00 00 00		1.000000	0	Subject.IsTrueForConditionForm(GHL_HasModerateGlowConsumptionFeralRage_Condition [CNDF:007F79A4], 00 00 00 00) = 1.000000 OR
007A18EE	zzz_GHL_AbPerkBombScientist	2	3	11000000	>=	AND	Subject	GetValue	Rads "Rads" [AVIF:000002E1]	00 00 00 00		1.000000	0	Subject.GetValue(Rads "Rads" [AVIF:000002E1], 00 00 00 00) >= 1.000000 AND
007A18EE	zzz_GHL_AbPerkBombScientist	2	4	10000000	=	AND	Subject	WornHasKeyword	WeaponTypeGrenade [KYWD:0010C415]	00 00 00 00		1.000000	0	Subject.WornHasKeyword(WeaponTypeGrenade [KYWD:0010C415], 00 00 00 00) = 1.000000 AND
007A18EE	zzz_GHL_AbPerkBombScientist	2	5	10000000	=	AND	Subject	WornHasKeyword	WeaponTypeThrown "Throwing" [KYWD:0004A0A6]	00 00 00 00		1.000000	0	Subject.WornHasKeyword(WeaponTypeThrown "Throwing" [KYWD:0004A0A6], 00 00 00 00) = 1.000000 AND
007A18EE	zzz_GHL_AbPerkBombScientist	2	6	10000000	=	AND	Subject	WornHasKeyword	WeaponTypeRanged [KYWD:0033A7C8]	00 00 00 00		0.000000	0	Subject.WornHasKeyword(WeaponTypeRanged [KYWD:0033A7C8], 00 00 00 00) = 0.000000 AND
007A18EC	GHL_AbBombScientistSpell	0	0	10000000	=	AND	Subject	GetIsPlayerGhoul	00 00 00 00	00 00 00 00		1.000000	0	Subject.GetIsPlayerGhoul(00 00 00 00, 00 00 00 00) = 1.000000 AND
007A18EC	GHL_AbBombScientistSpell	0	1	10000000	=	AND	Subject	HasPerk	GHL_BombScientist01 "Bomb Scientist" [PERK:007A18EB]	00 00 00 00		1.000000	0	Subject.HasPerk(GHL_BombScientist01 "Bomb Scientist" [PERK:007A18EB], 00 00 00 00) = 1.000000 AND
007A18EC	GHL_AbBombScientistSpell	0	2	10000000	=	AND	Subject	IsTrueForConditionForm	GHL_RadPowerConsumptionFeralRage_Condition [CNDF:007F60A9]	00 00 00 00		1.000000	0	Subject.IsTrueForConditionForm(GHL_RadPowerConsumptionFeralRage_Condition [CNDF:007F60A9], 00 00 00 00) = 1.000000 AND
007A18EC	GHL_AbBombScientistSpell	1	0	10000000	=	AND	Subject	GetIsPlayerGhoul	00 00 00 00	00 00 00 00		1.000000	0	Subject.GetIsPlayerGhoul(00 00 00 00, 00 00 00 00) = 1.000000 AND
007A18EC	GHL_AbBombScientistSpell	1	1	10000000	=	AND	Subject	HasPerk	GHL_BombScientist01 "Bomb Scientist" [PERK:007A18EB]	00 00 00 00		1.000000	0	Subject.HasPerk(GHL_BombScientist01 "Bomb Scientist" [PERK:007A18EB], 00 00 00 00) = 1.000000 AND
007A18EC	GHL_AbBombScientistSpell	1	2	10000100	=	AND	Subject	GetValue	GHL_SURV_Feral [AVIF:007A767C]	00 00 00 00		GHL_SURV_FeralThreshold_5_Max [GLOB:007A7693]	0	Subject.GetValue(GHL_SURV_Feral [AVIF:007A767C], 00 00 00 00) = GHL_SURV_FeralThreshold_5_Max [GLOB:007A7693] AND
007A18EC	GHL_AbBombScientistSpell	1	3	10000000	=	AND	Subject	HasPerk	GHL_LGN_FeralRage01 "Feral Rage" [PERK:007AD40E]	00 00 00 00		1.000000	0	Subject.HasPerk(GHL_LGN_FeralRage01 "Feral Rage" [PERK:007AD40E], 00 00 00 00) = 1.000000 AND
007A18EC	GHL_AbBombScientistSpell	1	4	10000000	=	AND	Subject	HasPerk	GHL_LGN_FeralRage02 "Feral Rage" [PERK:007AD351]	00 00 00 00		0.000000	0	Subject.HasPerk(GHL_LGN_FeralRage02 "Feral Rage" [PERK:007AD351], 00 00 00 00) = 0.000000 AND
007A18EC	GHL_AbBombScientistSpell	2	0	10000000	=	AND	Subject	GetIsPlayerGhoul	00 00 00 00	00 00 00 00		1.000000	0	Subject.GetIsPlayerGhoul(00 00 00 00, 00 00 00 00) = 1.000000 AND
007A18EC	GHL_AbBombScientistSpell	2	1	10000000	=	AND	Subject	HasPerk	GHL_BombScientist01 "Bomb Scientist" [PERK:007A18EB]	00 00 00 00		1.000000	0	Subject.HasPerk(GHL_BombScientist01 "Bomb Scientist" [PERK:007A18EB], 00 00 00 00) = 1.000000 AND
007A18EC	GHL_AbBombScientistSpell	2	2	10000100	=	AND	Subject	GetValue	GHL_SURV_Feral [AVIF:007A767C]	00 00 00 00		GHL_SURV_FeralThreshold_5_Max [GLOB:007A7693]	0	Subject.GetValue(GHL_SURV_Feral [AVIF:007A767C], 00 00 00 00) = GHL_SURV_FeralThreshold_5_Max [GLOB:007A7693] AND
007A18EC	GHL_AbBombScientistSpell	2	3	10000000	=	AND	Subject	HasPerk	GHL_LGN_FeralRage02 "Feral Rage" [PERK:007AD351]	00 00 00 00		1.000000	0	Subject.HasPerk(GHL_LGN_FeralRage02 "Feral Rage" [PERK:007AD351], 00 00 00 00) = 1.000000 AND
007A18EC	GHL_AbBombScientistSpell	2	4	10000000	=	AND	Subject	HasPerk	GHL_LGN_FeralRage03 "Feral Rage" [PERK:007AD350]	00 00 00 00		0.000000	0	Subject.HasPerk(GHL_LGN_FeralRage03 "Feral Rage" [PERK:007AD350], 00 00 00 00) = 0.000000 AND
007A18EC	GHL_AbBombScientistSpell	3	0	10000000	=	AND	Subject	GetIsPlayerGhoul	00 00 00 00	00 00 00 00		1.000000	0	Subject.GetIsPlayerGhoul(00 00 00 00, 00 00 00 00) = 1.000000 AND
007A18EC	GHL_AbBombScientistSpell	3	1	10000000	=	AND	Subject	HasPerk	GHL_BombScientist01 "Bomb Scientist" [PERK:007A18EB]	00 00 00 00		1.000000	0	Subject.HasPerk(GHL_BombScientist01 "Bomb Scientist" [PERK:007A18EB], 00 00 00 00) = 1.000000 AND
007A18EC	GHL_AbBombScientistSpell	3	2	10000100	=	AND	Subject	GetValue	GHL_SURV_Feral [AVIF:007A767C]	00 00 00 00		GHL_SURV_FeralThreshold_5_Max [GLOB:007A7693]	0	Subject.GetValue(GHL_SURV_Feral [AVIF:007A767C], 00 00 00 00) = GHL_SURV_FeralThreshold_5_Max [GLOB:007A7693] AND
007A18EC	GHL_AbBombScientistSpell	3	3	10000000	=	AND	Subject	HasPerk	GHL_LGN_FeralRage03 "Feral Rage" [PERK:007AD350]	00 00 00 00		1.000000	0	Subject.HasPerk(GHL_LGN_FeralRage03 "Feral Rage" [PERK:007AD350], 00 00 00 00) = 1.000000 AND
007A18EC	GHL_AbBombScientistSpell	3	4	10000000	=	AND	Subject	HasPerk	GHL_LGN_FeralRage04 "Feral Rage" [PERK:007AD34F]	00 00 00 00		0.000000	0	Subject.HasPerk(GHL_LGN_FeralRage04 "Feral Rage" [PERK:007AD34F], 00 00 00 00) = 0.000000 AND
007A18EC	GHL_AbBombScientistSpell	4	0	10000000	=	AND	Subject	GetIsPlayerGhoul	00 00 00 00	00 00 00 00		1.000000	0	Subject.GetIsPlayerGhoul(00 00 00 00, 00 00 00 00) = 1.000000 AND
007A18EC	GHL_AbBombScientistSpell	4	1	10000000	=	AND	Subject	HasPerk	GHL_BombScientist01 "Bomb Scientist" [PERK:007A18EB]	00 00 00 00		1.000000	0	Subject.HasPerk(GHL_BombScientist01 "Bomb Scientist" [PERK:007A18EB], 00 00 00 00) = 1.000000 AND
007A18EC	GHL_AbBombScientistSpell	4	2	10000100	=	AND	Subject	GetValue	GHL_SURV_Feral [AVIF:007A767C]	00 00 00 00		GHL_SURV_FeralThreshold_5_Max [GLOB:007A7693]	0	Subject.GetValue(GHL_SURV_Feral [AVIF:007A767C], 00 00 00 00) = GHL_SURV_FeralThreshold_5_Max [GLOB:007A7693] AND
007A18EC	GHL_AbBombScientistSpell	4	3	10000000	=	AND	Subject	HasPerk	GHL_LGN_FeralRage04 "Feral Rage" [PERK:007AD34F]	00 00 00 00		1.000000	0	Subject.HasPerk(GHL_LGN_FeralRage04 "Feral Rage" [PERK:007AD34F], 00 00 00 00) = 1.000000 AND
007A76BE	GHL_SURV_FeralLosingIt_VisionVFX_Ability	0	0	11000000	>=	AND	Subject	GetValue	GHL_SURV_Feral [AVIF:007A767C]	00 00 00 00		6800.000000	0	Subject.GetValue(GHL_SURV_Feral [AVIF:007A767C], 00 00 00 00) >= 6800.000000 AND
007A76BE	GHL_SURV_FeralLosingIt_VisionVFX_Ability	0	1	00100100	<	AND	Subject	GetValue	GHL_SURV_Feral [AVIF:007A767C]	00 00 00 00		GHL_SURV_FeralThreshold_5_Max [GLOB:007A7693]	0	Subject.GetValue(GHL_SURV_Feral [AVIF:007A767C], 00 00 00 00) < GHL_SURV_FeralThreshold_5_Max [GLOB:007A7693] AND
007A76BF	GHL_SURV_FeralOdd_VisionVFX_Ability	0	0	11000100	>=	AND	Subject	GetValue	GHL_SURV_Feral [AVIF:007A767C]	00 00 00 00		GHL_SURV_FeralThreshold_2_Hungry [GLOB:007A7698]	0	Subject.GetValue(GHL_SURV_Feral [AVIF:007A767C], 00 00 00 00) >= GHL_SURV_FeralThreshold_2_Hungry [GLOB:007A7698] AND
007A76BF	GHL_SURV_FeralOdd_VisionVFX_Ability	0	1	00100000	<	AND	Subject	GetValue	GHL_SURV_Feral [AVIF:007A767C]	00 00 00 00		5000.000000	0	Subject.GetValue(GHL_SURV_Feral [AVIF:007A767C], 00 00 00 00) < 5000.000000 AND
007A76C0	GHL_SURV_FeralStrange_VisionVFX_Ability	0	0	11000000	>=	AND	Subject	GetValue	GHL_SURV_Feral [AVIF:007A767C]	00 00 00 00		5000.000000	0	Subject.GetValue(GHL_SURV_Feral [AVIF:007A767C], 00 00 00 00) >= 5000.000000 AND
007A76C0	GHL_SURV_FeralStrange_VisionVFX_Ability	0	1	00100000	<	AND	Subject	GetValue	GHL_SURV_Feral [AVIF:007A767C]	00 00 00 00		6800.000000	0	Subject.GetValue(GHL_SURV_Feral [AVIF:007A767C], 00 00 00 00) < 6800.000000 AND
007A76C1	GHL_SURV_FeralCrazy_VisionVFX_Ability	0	0	11000100	>=	AND	Subject	GetValue	GHL_SURV_Feral [AVIF:007A767C]	00 00 00 00		GHL_SURV_FeralThreshold_3_Famished [GLOB:007A7681]	0	Subject.GetValue(GHL_SURV_Feral [AVIF:007A767C], 00 00 00 00) >= GHL_SURV_FeralThreshold_3_Famished [GLOB:007A7681] AND
007A76C1	GHL_SURV_FeralCrazy_VisionVFX_Ability	0	1	00100000	<	AND	Subject	GetValue	GHL_SURV_Feral [AVIF:007A767C]	00 00 00 00		6800.000000	0	Subject.GetValue(GHL_SURV_Feral [AVIF:007A767C], 00 00 00 00) < 6800.000000 AND
007A76C2	GHL_SURV_Feral_AbilityBACKUP	0	0	00100100	<	AND	Subject	GetValue	SURV_Hunger [AVIF:0001C5E6]	00 00 00 00		SURV_HungerThreshold_5_Max [GLOB:0001A649]	0	Subject.GetValue(SURV_Hunger [AVIF:0001C5E6], 00 00 00 00) < SURV_HungerThreshold_5_Max [GLOB:0001A649] AND
007A76C2	GHL_SURV_Feral_AbilityBACKUP	1	0	00100100	<	AND	Subject	GetValue	SURV_Hunger [AVIF:0001C5E6]	00 00 00 00		SURV_HungerThreshold_1_Fed [GLOB:00054DFA]	0	Subject.GetValue(SURV_Hunger [AVIF:0001C5E6], 00 00 00 00) < SURV_HungerThreshold_1_Fed [GLOB:00054DFA] AND
007A76C2	GHL_SURV_Feral_AbilityBACKUP	1	1	10000000	=	AND	Subject	HasPerk	Rejuvenated01 "Rejuvenated" [PERK:003DE58F]	00 00 00 00		0.000000	0	Subject.HasPerk(Rejuvenated01 "Rejuvenated" [PERK:003DE58F], 00 00 00 00) = 0.000000 AND
007A76C2	GHL_SURV_Feral_AbilityBACKUP	1	2	10000000	=	AND	Subject	HasPerk	Rejuvenated02 "Rejuvenated" [PERK:003DE590]	00 00 00 00		0.000000	0	Subject.HasPerk(Rejuvenated02 "Rejuvenated" [PERK:003DE590], 00 00 00 00) = 0.000000 AND
007A76C2	GHL_SURV_Feral_AbilityBACKUP	2	0	00100100	<	AND	Subject	GetValue	SURV_Hunger [AVIF:0001C5E6]	00 00 00 00		SURV_HungerThreshold_1_Fed [GLOB:00054DFA]	0	Subject.GetValue(SURV_Hunger [AVIF:0001C5E6], 00 00 00 00) < SURV_HungerThreshold_1_Fed [GLOB:00054DFA] AND
007A76C2	GHL_SURV_Feral_AbilityBACKUP	2	1	10000000	=	AND	Subject	HasPerk	Rejuvenated01 "Rejuvenated" [PERK:003DE58F]	00 00 00 00		1.000000	0	Subject.HasPerk(Rejuvenated01 "Rejuvenated" [PERK:003DE58F], 00 00 00 00) = 1.000000 AND
007A76C2	GHL_SURV_Feral_AbilityBACKUP	2	2	10000000	=	AND	Subject	HasPerk	Rejuvenated02 "Rejuvenated" [PERK:003DE590]	00 00 00 00		0.000000	0	Subject.HasPerk(Rejuvenated02 "Rejuvenated" [PERK:003DE590], 00 00 00 00) = 0.000000 AND
007A76C2	GHL_SURV_Feral_AbilityBACKUP	3	0	00100100	<	AND	Subject	GetValue	SURV_Hunger [AVIF:0001C5E6]	00 00 00 00		SURV_HungerThreshold_1_Fed [GLOB:00054DFA]	0	Subject.GetValue(SURV_Hunger [AVIF:0001C5E6], 00 00 00 00) < SURV_HungerThreshold_1_Fed [GLOB:00054DFA] AND
007A76C2	GHL_SURV_Feral_AbilityBACKUP	3	1	10000000	=	AND	Subject	HasPerk	Rejuvenated02 "Rejuvenated" [PERK:003DE590]	00 00 00 00		1.000000	0	Subject.HasPerk(Rejuvenated02 "Rejuvenated" [PERK:003DE590], 00 00 00 00) = 1.000000 AND
007A76C2	GHL_SURV_Feral_AbilityBACKUP	4	0	00100100	<	AND	Subject	GetValue	SURV_Hunger [AVIF:0001C5E6]	00 00 00 00		SURV_HungerThreshold_1_Fed [GLOB:00054DFA]	0	Subject.GetValue(SURV_Hunger [AVIF:0001C5E6], 00 00 00 00) < SURV_HungerThreshold_1_Fed [GLOB:00054DFA] AND
007A76C2	GHL_SURV_Feral_AbilityBACKUP	4	1	10000000	=	AND	Subject	HasPerk	Rejuvenated01 "Rejuvenated" [PERK:003DE58F]	00 00 00 00		0.000000	0	Subject.HasPerk(Rejuvenated01 "Rejuvenated" [PERK:003DE58F], 00 00 00 00) = 0.000000 AND
007A76C2	GHL_SURV_Feral_AbilityBACKUP	4	2	10000000	=	AND	Subject	HasPerk	Rejuvenated02 "Rejuvenated" [PERK:003DE590]	00 00 00 00		0.000000	0	Subject.HasPerk(Rejuvenated02 "Rejuvenated" [PERK:003DE590], 00 00 00 00) = 0.000000 AND
007A76C2	GHL_SURV_Feral_AbilityBACKUP	5	0	00100100	<	AND	Subject	GetValue	SURV_Hunger [AVIF:0001C5E6]	00 00 00 00		SURV_HungerThreshold_1_Fed [GLOB:00054DFA]	0	Subject.GetValue(SURV_Hunger [AVIF:0001C5E6], 00 00 00 00) < SURV_HungerThreshold_1_Fed [GLOB:00054DFA] AND
007A76C2	GHL_SURV_Feral_AbilityBACKUP	5	1	10000000	=	AND	Subject	HasPerk	Rejuvenated01 "Rejuvenated" [PERK:003DE58F]	00 00 00 00		1.000000	0	Subject.HasPerk(Rejuvenated01 "Rejuvenated" [PERK:003DE58F], 00 00 00 00) = 1.000000 AND
007A76C2	GHL_SURV_Feral_AbilityBACKUP	5	2	10000000	=	AND	Subject	HasPerk	Rejuvenated02 "Rejuvenated" [PERK:003DE590]	00 00 00 00		0.000000	0	Subject.HasPerk(Rejuvenated02 "Rejuvenated" [PERK:003DE590], 00 00 00 00) = 0.000000 AND
007A76C2	GHL_SURV_Feral_AbilityBACKUP	6	0	00100100	<	AND	Subject	GetValue	SURV_Hunger [AVIF:0001C5E6]	00 00 00 00		SURV_HungerThreshold_1_Fed [GLOB:00054DFA]	0	Subject.GetValue(SURV_Hunger [AVIF:0001C5E6], 00 00 00 00) < SURV_HungerThreshold_1_Fed [GLOB:00054DFA] AND
007A76C2	GHL_SURV_Feral_AbilityBACKUP	6	1	10000000	=	AND	Subject	HasPerk	Rejuvenated02 "Rejuvenated" [PERK:003DE590]	00 00 00 00		1.000000	0	Subject.HasPerk(Rejuvenated02 "Rejuvenated" [PERK:003DE590], 00 00 00 00) = 1.000000 AND
007A76C2	GHL_SURV_Feral_AbilityBACKUP	7	0	11000100	>=	AND	Subject	GetValue	SURV_Hunger [AVIF:0001C5E6]	00 00 00 00		SURV_HungerThreshold_4_Starving [GLOB:00054E04]	0	Subject.GetValue(SURV_Hunger [AVIF:0001C5E6], 00 00 00 00) >= SURV_HungerThreshold_4_Starving [GLOB:00054E04] AND
007A76C2	GHL_SURV_Feral_AbilityBACKUP	7	1	01000000	>	AND	Subject	GetValuePercent	Health "Health" [AVIF:000002D4]	00 00 00 00		0.050000	0	Subject.GetValuePercent(Health "Health" [AVIF:000002D4], 00 00 00 00) > 0.050000 AND
007A76C2	GHL_SURV_Feral_AbilityBACKUP	8	0	11000100	>=	AND	Subject	GetValue	SURV_Hunger [AVIF:0001C5E6]	00 00 00 00		SURV_HungerThreshold_3_Famished [GLOB:00054DFB]	0	Subject.GetValue(SURV_Hunger [AVIF:0001C5E6], 00 00 00 00) >= SURV_HungerThreshold_3_Famished [GLOB:00054DFB] AND
007A76C2	GHL_SURV_Feral_AbilityBACKUP	8	1	00100100	<	AND	Subject	GetValue	SURV_Hunger [AVIF:0001C5E6]	00 00 00 00		SURV_HungerThreshold_4_Starving [GLOB:00054E04]	0	Subject.GetValue(SURV_Hunger [AVIF:0001C5E6], 00 00 00 00) < SURV_HungerThreshold_4_Starving [GLOB:00054E04] AND
007A76C2	GHL_SURV_Feral_AbilityBACKUP	9	0	11000100	>=	AND	Subject	GetValue	SURV_Hunger [AVIF:0001C5E6]	00 00 00 00		SURV_HungerThreshold_3_Famished [GLOB:00054DFB]	0	Subject.GetValue(SURV_Hunger [AVIF:0001C5E6], 00 00 00 00) >= SURV_HungerThreshold_3_Famished [GLOB:00054DFB] AND
007A76C2	GHL_SURV_Feral_AbilityBACKUP	9	1	00100100	<	AND	Subject	GetValue	SURV_Hunger [AVIF:0001C5E6]	00 00 00 00		SURV_HungerThreshold_4_Starving [GLOB:00054E04]	0	Subject.GetValue(SURV_Hunger [AVIF:0001C5E6], 00 00 00 00) < SURV_HungerThreshold_4_Starving [GLOB:00054E04] AND
007A76C2	GHL_SURV_Feral_AbilityBACKUP	10	0	11000100	>=	AND	Subject	GetValue	SURV_Hunger [AVIF:0001C5E6]	00 00 00 00		SURV_HungerThreshold_4_Starving [GLOB:00054E04]	0	Subject.GetValue(SURV_Hunger [AVIF:0001C5E6], 00 00 00 00) >= SURV_HungerThreshold_4_Starving [GLOB:00054E04] AND
007A76C2	GHL_SURV_Feral_AbilityBACKUP	11	0	11000100	>=	AND	Subject	GetValue	SURV_Hunger [AVIF:0001C5E6]	00 00 00 00		SURV_HungerThreshold_4_Starving [GLOB:00054E04]	0	Subject.GetValue(SURV_Hunger [AVIF:0001C5E6], 00 00 00 00) >= SURV_HungerThreshold_4_Starving [GLOB:00054E04] AND
007A76C3	GHL_SURV_Feral_Ability	0	0	10000000	=	AND	Subject	GetIsPlayerGhoul	00 00 00 00	00 00 00 00		1.000000	0	Subject.GetIsPlayerGhoul(00 00 00 00, 00 00 00 00) = 1.000000 AND
007A76C3	GHL_SURV_Feral_Ability	0	1	00100100	<	AND	Subject	GetValue	GHL_SURV_Feral [AVIF:007A767C]	00 00 00 00		GHL_SURV_FeralThreshold_5_Max [GLOB:007A7693]	0	Subject.GetValue(GHL_SURV_Feral [AVIF:007A767C], 00 00 00 00) < GHL_SURV_FeralThreshold_5_Max [GLOB:007A7693] AND
007A76C3	GHL_SURV_Feral_Ability	0	2	00110000	<	OR	Subject	GetPlayerTeammateCount	00 00 00 00	00 00 00 00		1.000000	0	Subject.GetPlayerTeammateCount(00 00 00 00, 00 00 00 00) < 1.000000 OR
007A76C3	GHL_SURV_Feral_Ability	0	3	10000000	=	AND	Subject	HasPerk	GHL_MoralSupport01 "Moral Support" [PERK:007ABF08]	00 00 00 00		0.000000	0	Subject.HasPerk(GHL_MoralSupport01 "Moral Support" [PERK:007ABF08], 00 00 00 00) = 0.000000 AND
007A76C3	GHL_SURV_Feral_Ability	1	0	10000000	=	AND	Subject	HasPerk	GHL_MoralSupport01 "Moral Support" [PERK:007ABF08]	00 00 00 00		1.000000	0	Subject.HasPerk(GHL_MoralSupport01 "Moral Support" [PERK:007ABF08], 00 00 00 00) = 1.000000 AND
007A76C3	GHL_SURV_Feral_Ability	1	1	11000000	>=	AND	Subject	GetPlayerTeammateCount	00 00 00 00	00 00 00 00		1.000000	0	Subject.GetPlayerTeammateCount(00 00 00 00, 00 00 00 00) >= 1.000000 AND
007A76C3	GHL_SURV_Feral_Ability	1	2	10000000	=	AND	Subject	GetIsPlayerGhoul	00 00 00 00	00 00 00 00		1.000000	0	Subject.GetIsPlayerGhoul(00 00 00 00, 00 00 00 00) = 1.000000 AND
007A76C3	GHL_SURV_Feral_Ability	1	3	00100100	<	AND	Subject	GetValue	GHL_SURV_Feral [AVIF:007A767C]	00 00 00 00		GHL_SURV_FeralThreshold_5_Max [GLOB:007A7693]	0	Subject.GetValue(GHL_SURV_Feral [AVIF:007A767C], 00 00 00 00) < GHL_SURV_FeralThreshold_5_Max [GLOB:007A7693] AND
007A76C3	GHL_SURV_Feral_Ability	3	0	11000100	>=	AND	Subject	GetValue	GHL_SURV_Feral [AVIF:007A767C]	00 00 00 00		GHL_SURV_FeralThreshold_0_WellFed [GLOB:007A7695]	0	Subject.GetValue(GHL_SURV_Feral [AVIF:007A767C], 00 00 00 00) >= GHL_SURV_FeralThreshold_0_WellFed [GLOB:007A7695] AND
007A76C3	GHL_SURV_Feral_Ability	3	1	00100100	<	AND	Subject	GetValue	GHL_SURV_Feral [AVIF:007A767C]	00 00 00 00		GHL_SURV_FeralThreshold_1_Fed [GLOB:007A7680]	0	Subject.GetValue(GHL_SURV_Feral [AVIF:007A767C], 00 00 00 00) < GHL_SURV_FeralThreshold_1_Fed [GLOB:007A7680] AND
007A76C3	GHL_SURV_Feral_Ability	4	0	11000100	>=	AND	Subject	GetValue	GHL_SURV_Feral [AVIF:007A767C]	00 00 00 00		GHL_SURV_FeralThreshold_0_WellFed [GLOB:007A7695]	0	Subject.GetValue(GHL_SURV_Feral [AVIF:007A767C], 00 00 00 00) >= GHL_SURV_FeralThreshold_0_WellFed [GLOB:007A7695] AND
007A76C3	GHL_SURV_Feral_Ability	4	1	00100100	<	AND	Subject	GetValue	GHL_SURV_Feral [AVIF:007A767C]	00 00 00 00		GHL_SURV_FeralThreshold_1_Fed [GLOB:007A7680]	0	Subject.GetValue(GHL_SURV_Feral [AVIF:007A767C], 00 00 00 00) < GHL_SURV_FeralThreshold_1_Fed [GLOB:007A7680] AND
007A76C3	GHL_SURV_Feral_Ability	5	0	11000100	>=	AND	Subject	GetValue	GHL_SURV_Feral [AVIF:007A767C]	00 00 00 00		GHL_SURV_FeralThreshold_0_WellFed [GLOB:007A7695]	0	Subject.GetValue(GHL_SURV_Feral [AVIF:007A767C], 00 00 00 00) >= GHL_SURV_FeralThreshold_0_WellFed [GLOB:007A7695] AND
007A76C3	GHL_SURV_Feral_Ability	5	1	00100100	<	AND	Subject	GetValue	GHL_SURV_Feral [AVIF:007A767C]	00 00 00 00		GHL_SURV_FeralThreshold_1_Fed [GLOB:007A7680]	0	Subject.GetValue(GHL_SURV_Feral [AVIF:007A767C], 00 00 00 00) < GHL_SURV_FeralThreshold_1_Fed [GLOB:007A7680] AND
007A76C3	GHL_SURV_Feral_Ability	6	0	11000100	>=	AND	Subject	GetValue	GHL_SURV_Feral [AVIF:007A767C]	00 00 00 00		GHL_SURV_FeralThreshold_1_Fed [GLOB:007A7680]	0	Subject.GetValue(GHL_SURV_Feral [AVIF:007A767C], 00 00 00 00) >= GHL_SURV_FeralThreshold_1_Fed [GLOB:007A7680] AND
007A76C3	GHL_SURV_Feral_Ability	6	1	00100100	<	AND	Subject	GetValue	GHL_SURV_Feral [AVIF:007A767C]	00 00 00 00		GHL_SURV_FeralThreshold_2_Hungry [GLOB:007A7698]	0	Subject.GetValue(GHL_SURV_Feral [AVIF:007A767C], 00 00 00 00) < GHL_SURV_FeralThreshold_2_Hungry [GLOB:007A7698] AND
007A76C3	GHL_SURV_Feral_Ability	7	0	11000100	>=	AND	Subject	GetValue	GHL_SURV_Feral [AVIF:007A767C]	00 00 00 00		GHL_SURV_FeralThreshold_2_Hungry [GLOB:007A7698]	0	Subject.GetValue(GHL_SURV_Feral [AVIF:007A767C], 00 00 00 00) >= GHL_SURV_FeralThreshold_2_Hungry [GLOB:007A7698] AND
007A76C3	GHL_SURV_Feral_Ability	7	1	00100100	<	AND	Subject	GetValue	GHL_SURV_Feral [AVIF:007A767C]	00 00 00 00		GHL_SURV_FeralThreshold_3_Famished [GLOB:007A7681]	0	Subject.GetValue(GHL_SURV_Feral [AVIF:007A767C], 00 00 00 00) < GHL_SURV_FeralThreshold_3_Famished [GLOB:007A7681] AND
007A76C3	GHL_SURV_Feral_Ability	8	0	11000100	>=	AND	Subject	GetValue	GHL_SURV_Feral [AVIF:007A767C]	00 00 00 00		GHL_SURV_FeralThreshold_2_Hungry [GLOB:007A7698]	0	Subject.GetValue(GHL_SURV_Feral [AVIF:007A767C], 00 00 00 00) >= GHL_SURV_FeralThreshold_2_Hungry [GLOB:007A7698] AND
007A76C3	GHL_SURV_Feral_Ability	8	1	00100100	<	AND	Subject	GetValue	GHL_SURV_Feral [AVIF:007A767C]	00 00 00 00		GHL_SURV_FeralThreshold_3_Famished [GLOB:007A7681]	0	Subject.GetValue(GHL_SURV_Feral [AVIF:007A767C], 00 00 00 00) < GHL_SURV_FeralThreshold_3_Famished [GLOB:007A7681] AND
007A76C3	GHL_SURV_Feral_Ability	9	0	11000100	>=	AND	Subject	GetValue	GHL_SURV_Feral [AVIF:007A767C]	00 00 00 00		GHL_SURV_FeralThreshold_3_Famished [GLOB:007A7681]	0	Subject.GetValue(GHL_SURV_Feral [AVIF:007A767C], 00 00 00 00) >= GHL_SURV_FeralThreshold_3_Famished [GLOB:007A7681] AND
007A76C3	GHL_SURV_Feral_Ability	9	1	00100100	<	AND	Subject	GetValue	GHL_SURV_Feral [AVIF:007A767C]	00 00 00 00		GHL_SURV_FeralThreshold_4_Starving [GLOB:007A7689]	0	Subject.GetValue(GHL_SURV_Feral [AVIF:007A767C], 00 00 00 00) < GHL_SURV_FeralThreshold_4_Starving [GLOB:007A7689] AND
007A76C3	GHL_SURV_Feral_Ability	10	0	11000100	>=	AND	Subject	GetValue	GHL_SURV_Feral [AVIF:007A767C]	00 00 00 00		GHL_SURV_FeralThreshold_3_Famished [GLOB:007A7681]	0	Subject.GetValue(GHL_SURV_Feral [AVIF:007A767C], 00 00 00 00) >= GHL_SURV_FeralThreshold_3_Famished [GLOB:007A7681] AND
007A76C3	GHL_SURV_Feral_Ability	10	1	00100100	<	AND	Subject	GetValue	GHL_SURV_Feral [AVIF:007A767C]	00 00 00 00		GHL_SURV_FeralThreshold_4_Starving [GLOB:007A7689]	0	Subject.GetValue(GHL_SURV_Feral [AVIF:007A767C], 00 00 00 00) < GHL_SURV_FeralThreshold_4_Starving [GLOB:007A7689] AND
007A76C3	GHL_SURV_Feral_Ability	11	0	11000100	>=	AND	Subject	GetValue	GHL_SURV_Feral [AVIF:007A767C]	00 00 00 00		GHL_SURV_FeralThreshold_3_Famished [GLOB:007A7681]	0	Subject.GetValue(GHL_SURV_Feral [AVIF:007A767C], 00 00 00 00) >= GHL_SURV_FeralThreshold_3_Famished [GLOB:007A7681] AND
007A76C3	GHL_SURV_Feral_Ability	11	1	00100100	<	AND	Subject	GetValue	GHL_SURV_Feral [AVIF:007A767C]	00 00 00 00		GHL_SURV_FeralThreshold_4_Starving [GLOB:007A7689]	0	Subject.GetValue(GHL_SURV_Feral [AVIF:007A767C], 00 00 00 00) < GHL_SURV_FeralThreshold_4_Starving [GLOB:007A7689] AND
007A76C3	GHL_SURV_Feral_Ability	12	0	11000100	>=	AND	Subject	GetValue	GHL_SURV_Feral [AVIF:007A767C]	00 00 00 00		GHL_SURV_FeralThreshold_4_Starving [GLOB:007A7689]	0	Subject.GetValue(GHL_SURV_Feral [AVIF:007A767C], 00 00 00 00) >= GHL_SURV_FeralThreshold_4_Starving [GLOB:007A7689] AND
007A76C3	GHL_SURV_Feral_Ability	13	0	11000100	>=	AND	Subject	GetValue	GHL_SURV_Feral [AVIF:007A767C]	00 00 00 00		GHL_SURV_FeralThreshold_4_Starving [GLOB:007A7689]	0	Subject.GetValue(GHL_SURV_Feral [AVIF:007A767C], 00 00 00 00) >= GHL_SURV_FeralThreshold_4_Starving [GLOB:007A7689] AND
007A76C3	GHL_SURV_Feral_Ability	14	0	11000100	>=	AND	Subject	GetValue	GHL_SURV_Feral [AVIF:007A767C]	00 00 00 00		GHL_SURV_FeralThreshold_4_Starving [GLOB:007A7689]	0	Subject.GetValue(GHL_SURV_Feral [AVIF:007A767C], 00 00 00 00) >= GHL_SURV_FeralThreshold_4_Starving [GLOB:007A7689] AND
007A76C3	GHL_SURV_Feral_Ability	15	0	11000100	>=	AND	Subject	GetValue	GHL_SURV_Feral [AVIF:007A767C]	00 00 00 00		GHL_SURV_FeralThreshold_4_Starving [GLOB:007A7689]	0	Subject.GetValue(GHL_SURV_Feral [AVIF:007A767C], 00 00 00 00) >= GHL_SURV_FeralThreshold_4_Starving [GLOB:007A7689] AND
007A76C3	GHL_SURV_Feral_Ability	16	0	11000100	>=	AND	Subject	GetValue	GHL_SURV_Feral [AVIF:007A767C]	00 00 00 00		GHL_SURV_FeralThreshold_4_Starving [GLOB:007A7689]	0	Subject.GetValue(GHL_SURV_Feral [AVIF:007A767C], 00 00 00 00) >= GHL_SURV_FeralThreshold_4_Starving [GLOB:007A7689] AND
007A76C4	GHL_AbFeralTier	0	0	10000000	=	AND	Subject	GetIsPlayerGhoul	00 00 00 00	00 00 00 00		1.000000	0	Subject.GetIsPlayerGhoul(00 00 00 00, 00 00 00 00) = 1.000000 AND
007A76C4	GHL_AbFeralTier	0	1	10100100	<=	AND	Subject	GetValue	GHL_SURV_Feral [AVIF:007A767C]	00 00 00 00		GHL_SURV_FeralThreshold_1_Fed [GLOB:007A7680]	0	Subject.GetValue(GHL_SURV_Feral [AVIF:007A767C], 00 00 00 00) <= GHL_SURV_FeralThreshold_1_Fed [GLOB:007A7680] AND
007A76C4	GHL_AbFeralTier	1	0	10000000	=	AND	Subject	GetIsPlayerGhoul	00 00 00 00	00 00 00 00		1.000000	0	Subject.GetIsPlayerGhoul(00 00 00 00, 00 00 00 00) = 1.000000 AND
007A76C4	GHL_AbFeralTier	1	1	10100100	<=	AND	Subject	GetValue	GHL_SURV_Feral [AVIF:007A767C]	00 00 00 00		GHL_SURV_FeralThreshold_2_Hungry [GLOB:007A7698]	0	Subject.GetValue(GHL_SURV_Feral [AVIF:007A767C], 00 00 00 00) <= GHL_SURV_FeralThreshold_2_Hungry [GLOB:007A7698] AND
007A76C4	GHL_AbFeralTier	2	0	10000000	=	AND	Subject	GetIsPlayerGhoul	00 00 00 00	00 00 00 00		1.000000	0	Subject.GetIsPlayerGhoul(00 00 00 00, 00 00 00 00) = 1.000000 AND
007A76C4	GHL_AbFeralTier	2	1	10100100	<=	AND	Subject	GetValue	GHL_SURV_Feral [AVIF:007A767C]	00 00 00 00		GHL_SURV_FeralThreshold_3_Famished [GLOB:007A7681]	0	Subject.GetValue(GHL_SURV_Feral [AVIF:007A767C], 00 00 00 00) <= GHL_SURV_FeralThreshold_3_Famished [GLOB:007A7681] AND
007A76C4	GHL_AbFeralTier	3	0	10000000	=	AND	Subject	GetIsPlayerGhoul	00 00 00 00	00 00 00 00		1.000000	0	Subject.GetIsPlayerGhoul(00 00 00 00, 00 00 00 00) = 1.000000 AND
007A76C4	GHL_AbFeralTier	3	1	10100100	<=	AND	Subject	GetValue	GHL_SURV_Feral [AVIF:007A767C]	00 00 00 00		GHL_SURV_FeralThreshold_4_Starving [GLOB:007A7689]	0	Subject.GetValue(GHL_SURV_Feral [AVIF:007A767C], 00 00 00 00) <= GHL_SURV_FeralThreshold_4_Starving [GLOB:007A7689] AND
007A76C5	GHL_SURV_FeralMax_VisionVFX_Ability	0	0	10000000	=	AND	Subject	GetIsPlayerGhoul	00 00 00 00	00 00 00 00		1.000000	0	Subject.GetIsPlayerGhoul(00 00 00 00, 00 00 00 00) = 1.000000 AND
007A76C5	GHL_SURV_FeralMax_VisionVFX_Ability	0	1	11000100	>=	AND	Subject	GetValue	GHL_SURV_Feral [AVIF:007A767C]	00 00 00 00		GHL_SURV_FeralThreshold_5_Max [GLOB:007A7693]	0	Subject.GetValue(GHL_SURV_Feral [AVIF:007A767C], 00 00 00 00) >= GHL_SURV_FeralThreshold_5_Max [GLOB:007A7693] AND
007A7C41	GHL_AbDisguisePenaltyUI	0	0	10000000	=	AND	Subject	GetIsDisguisedWithKeyword	GHL_PlayerGhoulDisguiseKeyword [KYWD:007A31E4]	00 00 00 00		1.000000	0	Subject.GetIsDisguisedWithKeyword(GHL_PlayerGhoulDisguiseKeyword [KYWD:007A31E4], 00 00 00 00) = 1.000000 AND
007A7C41	GHL_AbDisguisePenaltyUI	0	1	10000000	=	AND	Subject	GetIsPlayerGhoul	00 00 00 00	00 00 00 00		1.000000	0	Subject.GetIsPlayerGhoul(00 00 00 00, 00 00 00 00) = 1.000000 AND
007A888A	GHL_AbPerkBloodyVats	0	0	10000000	=	AND	Subject	GetIsPlayerGhoul	00 00 00 00	00 00 00 00		1.000000	0	Subject.GetIsPlayerGhoul(00 00 00 00, 00 00 00 00) = 1.000000 AND
007A888A	GHL_AbPerkBloodyVats	0	1	10000000	=	AND	Subject	GetIsInVATS	00 00 00 00	00 00 00 00		1.000000	0	Subject.GetIsInVATS(00 00 00 00, 00 00 00 00) = 1.000000 AND
007A888A	GHL_AbPerkBloodyVats	0	2	10000000	=	AND	Subject	HasPerk	GHL_GlowingCriticals02 "Glowing Criticals" [PERK:00797E5D]	00 00 00 00		0.000000	0	Subject.HasPerk(GHL_GlowingCriticals02 "Glowing Criticals" [PERK:00797E5D], 00 00 00 00) = 0.000000 AND
007A888A	GHL_AbPerkBloodyVats	1	0	10000000	=	AND	Subject	GetIsPlayerGhoul	00 00 00 00	00 00 00 00		1.000000	0	Subject.GetIsPlayerGhoul(00 00 00 00, 00 00 00 00) = 1.000000 AND
007A888A	GHL_AbPerkBloodyVats	1	1	10000000	=	AND	Subject	GetIsInVATS	00 00 00 00	00 00 00 00		1.000000	0	Subject.GetIsInVATS(00 00 00 00, 00 00 00 00) = 1.000000 AND
007A888A	GHL_AbPerkBloodyVats	1	2	10000000	=	AND	Subject	HasPerk	GHL_GlowingCriticals02 "Glowing Criticals" [PERK:00797E5D]	00 00 00 00		1.000000	0	Subject.HasPerk(GHL_GlowingCriticals02 "Glowing Criticals" [PERK:00797E5D], 00 00 00 00) = 1.000000 AND
007A888A	GHL_AbPerkBloodyVats	1	3	10000000	=	AND	Subject	HasPerk	GHL_GlowingCriticals03 "Glowing Criticals" [PERK:00797E4F]	00 00 00 00		0.000000	0	Subject.HasPerk(GHL_GlowingCriticals03 "Glowing Criticals" [PERK:00797E4F], 00 00 00 00) = 0.000000 AND
007A888A	GHL_AbPerkBloodyVats	2	0	10000000	=	AND	Subject	GetIsPlayerGhoul	00 00 00 00	00 00 00 00		1.000000	0	Subject.GetIsPlayerGhoul(00 00 00 00, 00 00 00 00) = 1.000000 AND
007A888A	GHL_AbPerkBloodyVats	2	1	10000000	=	AND	Subject	GetIsInVATS	00 00 00 00	00 00 00 00		1.000000	0	Subject.GetIsInVATS(00 00 00 00, 00 00 00 00) = 1.000000 AND
007A888A	GHL_AbPerkBloodyVats	2	2	10000000	=	AND	Subject	HasPerk	GHL_GlowingCriticals03 "Glowing Criticals" [PERK:00797E4F]	00 00 00 00		1.000000	0	Subject.HasPerk(GHL_GlowingCriticals03 "Glowing Criticals" [PERK:00797E4F], 00 00 00 00) = 1.000000 AND
007A888B	GHL_AbPerkFaultySpots	0	0	10000000	=	AND	Subject	GetIsPlayerGhoul	00 00 00 00	00 00 00 00		1.000000	0	Subject.GetIsPlayerGhoul(00 00 00 00, 00 00 00 00) = 1.000000 AND
007A888B	GHL_AbPerkFaultySpots	0	1	01000000	>	AND	Target	GetWeakPointDamageMultiplier	00 00 00 00	00 00 00 00		1.000000	0	Target.GetWeakPointDamageMultiplier(00 00 00 00, 00 00 00 00) > 1.000000 AND
007ABE06	GHL_AbScienceMonsterSpell	0	0	10000000	=	AND	Subject	GetIsPlayerGhoul	00 00 00 00	00 00 00 00		1.000000	0	Subject.GetIsPlayerGhoul(00 00 00 00, 00 00 00 00) = 1.000000 AND
007ABE06	GHL_AbScienceMonsterSpell	0	1	11000000	>=	AND	Subject	GetValue	Rads "Rads" [AVIF:000002E1]	00 00 00 00		1.000000	0	Subject.GetValue(Rads "Rads" [AVIF:000002E1], 00 00 00 00) >= 1.000000 AND
007ABE06	GHL_AbScienceMonsterSpell	0	2	10000000	=	AND	Subject	HasPerk	GHL_ScienceMonster02 "Science Monster" [PERK:00797E4A]	00 00 00 00		0.000000	0	Subject.HasPerk(GHL_ScienceMonster02 "Science Monster" [PERK:00797E4A], 00 00 00 00) = 0.000000 AND
007ABE06	GHL_AbScienceMonsterSpell	1	0	10000000	=	AND	Subject	GetIsPlayerGhoul	00 00 00 00	00 00 00 00		1.000000	0	Subject.GetIsPlayerGhoul(00 00 00 00, 00 00 00 00) = 1.000000 AND
007ABE06	GHL_AbScienceMonsterSpell	1	1	11000000	>=	AND	Subject	GetValue	Rads "Rads" [AVIF:000002E1]	00 00 00 00		1.000000	0	Subject.GetValue(Rads "Rads" [AVIF:000002E1], 00 00 00 00) >= 1.000000 AND
007ABE06	GHL_AbScienceMonsterSpell	1	2	10000000	=	AND	Subject	HasPerk	GHL_ScienceMonster02 "Science Monster" [PERK:00797E4A]	00 00 00 00		1.000000	0	Subject.HasPerk(GHL_ScienceMonster02 "Science Monster" [PERK:00797E4A], 00 00 00 00) = 1.000000 AND
007ABE06	GHL_AbScienceMonsterSpell	1	3	10000000	=	AND	Subject	HasPerk	GHL_ScienceMonster03 "Science Monster" [PERK:00797E4E]	00 00 00 00		0.000000	0	Subject.HasPerk(GHL_ScienceMonster03 "Science Monster" [PERK:00797E4E], 00 00 00 00) = 0.000000 AND
007ABE06	GHL_AbScienceMonsterSpell	2	0	10000000	=	AND	Subject	GetIsPlayerGhoul	00 00 00 00	00 00 00 00		1.000000	0	Subject.GetIsPlayerGhoul(00 00 00 00, 00 00 00 00) = 1.000000 AND
007ABE06	GHL_AbScienceMonsterSpell	2	1	11000000	>=	AND	Subject	GetValue	Rads "Rads" [AVIF:000002E1]	00 00 00 00		1.000000	0	Subject.GetValue(Rads "Rads" [AVIF:000002E1], 00 00 00 00) >= 1.000000 AND
007ABE06	GHL_AbScienceMonsterSpell	2	2	10000000	=	AND	Subject	HasPerk	GHL_ScienceMonster03 "Science Monster" [PERK:00797E4E]	00 00 00 00		1.000000	0	Subject.HasPerk(GHL_ScienceMonster03 "Science Monster" [PERK:00797E4E], 00 00 00 00) = 1.000000 AND
007ACD3A	GHL_SURV_AbRadsHeal	0	0	10000000	=	AND	Subject	GetNumActiveSpellsWithKeyword	DamageTypeRadiation [KYWD:0004B25C]	00 00 00 00		1.000000	0	Subject.GetNumActiveSpellsWithKeyword(DamageTypeRadiation [KYWD:0004B25C], 00 00 00 00) = 1.000000 AND
007ACD3A	GHL_SURV_AbRadsHeal	0	1	10000000	=	AND	Subject	GetIsPlayerGhoul	00 00 00 00	00 00 00 00		1.000000	0	Subject.GetIsPlayerGhoul(00 00 00 00, 00 00 00 00) = 1.000000 AND
007AD40F	GHL_LGN_AbFeralRageBonuss	0	0	11000100	>=	AND	Subject	GetValue	GHL_SURV_Feral [AVIF:007A767C]	00 00 00 00		GHL_SURV_FeralThreshold_4_Starving [GLOB:007A7689]	0	Subject.GetValue(GHL_SURV_Feral [AVIF:007A767C], 00 00 00 00) >= GHL_SURV_FeralThreshold_4_Starving [GLOB:007A7689] AND
007AD439	GHL_AbPerkMadScientistUseSpell	0	0	10000000	=	AND	Subject	GetIsPlayerGhoul	00 00 00 00	00 00 00 00		1.000000	0	Subject.GetIsPlayerGhoul(00 00 00 00, 00 00 00 00) = 1.000000 AND
007AD439	GHL_AbPerkMadScientistUseSpell	0	1	10000000	=	AND	Subject	HasPerk	GHL_MadScientist01 "Mad Scientist" [PERK:00797E41]	00 00 00 00		1.000000	0	Subject.HasPerk(GHL_MadScientist01 "Mad Scientist" [PERK:00797E41], 00 00 00 00) = 1.000000 AND
007AD439	GHL_AbPerkMadScientistUseSpell	0	2	10000000	=	AND	Subject	IsTrueForConditionForm	GHL_RadPowerConsumptionFeralRage_Condition [CNDF:007F60A9]	00 00 00 00		1.000000	0	Subject.IsTrueForConditionForm(GHL_RadPowerConsumptionFeralRage_Condition [CNDF:007F60A9], 00 00 00 00) = 1.000000 AND
007AD439	GHL_AbPerkMadScientistUseSpell	1	0	10000000	=	AND	Subject	GetIsPlayerGhoul	00 00 00 00	00 00 00 00		1.000000	0	Subject.GetIsPlayerGhoul(00 00 00 00, 00 00 00 00) = 1.000000 AND
007AD439	GHL_AbPerkMadScientistUseSpell	1	1	10000000	=	AND	Subject	HasPerk	GHL_MadScientist01 "Mad Scientist" [PERK:00797E41]	00 00 00 00		1.000000	0	Subject.HasPerk(GHL_MadScientist01 "Mad Scientist" [PERK:00797E41], 00 00 00 00) = 1.000000 AND
007AD439	GHL_AbPerkMadScientistUseSpell	1	2	10000100	=	AND	Subject	GetValue	GHL_SURV_Feral [AVIF:007A767C]	00 00 00 00		GHL_SURV_FeralThreshold_5_Max [GLOB:007A7693]	0	Subject.GetValue(GHL_SURV_Feral [AVIF:007A767C], 00 00 00 00) = GHL_SURV_FeralThreshold_5_Max [GLOB:007A7693] AND
007AD439	GHL_AbPerkMadScientistUseSpell	1	3	10000000	=	AND	Subject	HasPerk	GHL_LGN_FeralRage01 "Feral Rage" [PERK:007AD40E]	00 00 00 00		1.000000	0	Subject.HasPerk(GHL_LGN_FeralRage01 "Feral Rage" [PERK:007AD40E], 00 00 00 00) = 1.000000 AND
007AD439	GHL_AbPerkMadScientistUseSpell	1	4	10000000	=	AND	Subject	HasPerk	GHL_LGN_FeralRage02 "Feral Rage" [PERK:007AD351]	00 00 00 00		0.000000	0	Subject.HasPerk(GHL_LGN_FeralRage02 "Feral Rage" [PERK:007AD351], 00 00 00 00) = 0.000000 AND
007AD439	GHL_AbPerkMadScientistUseSpell	2	0	10000000	=	AND	Subject	GetIsPlayerGhoul	00 00 00 00	00 00 00 00		1.000000	0	Subject.GetIsPlayerGhoul(00 00 00 00, 00 00 00 00) = 1.000000 AND
007AD439	GHL_AbPerkMadScientistUseSpell	2	1	10000000	=	AND	Subject	HasPerk	GHL_MadScientist01 "Mad Scientist" [PERK:00797E41]	00 00 00 00		1.000000	0	Subject.HasPerk(GHL_MadScientist01 "Mad Scientist" [PERK:00797E41], 00 00 00 00) = 1.000000 AND
007AD439	GHL_AbPerkMadScientistUseSpell	2	2	10000100	=	AND	Subject	GetValue	GHL_SURV_Feral [AVIF:007A767C]	00 00 00 00		GHL_SURV_FeralThreshold_5_Max [GLOB:007A7693]	0	Subject.GetValue(GHL_SURV_Feral [AVIF:007A767C], 00 00 00 00) = GHL_SURV_FeralThreshold_5_Max [GLOB:007A7693] AND
007AD439	GHL_AbPerkMadScientistUseSpell	2	3	10000000	=	AND	Subject	HasPerk	GHL_LGN_FeralRage02 "Feral Rage" [PERK:007AD351]	00 00 00 00		1.000000	0	Subject.HasPerk(GHL_LGN_FeralRage02 "Feral Rage" [PERK:007AD351], 00 00 00 00) = 1.000000 AND
007AD439	GHL_AbPerkMadScientistUseSpell	2	4	10000000	=	AND	Subject	HasPerk	GHL_LGN_FeralRage03 "Feral Rage" [PERK:007AD350]	00 00 00 00		0.000000	0	Subject.HasPerk(GHL_LGN_FeralRage03 "Feral Rage" [PERK:007AD350], 00 00 00 00) = 0.000000 AND
007AD439	GHL_AbPerkMadScientistUseSpell	3	0	10000000	=	AND	Subject	GetIsPlayerGhoul	00 00 00 00	00 00 00 00		1.000000	0	Subject.GetIsPlayerGhoul(00 00 00 00, 00 00 00 00) = 1.000000 AND
007AD439	GHL_AbPerkMadScientistUseSpell	3	1	10000000	=	AND	Subject	HasPerk	GHL_MadScientist01 "Mad Scientist" [PERK:00797E41]	00 00 00 00		1.000000	0	Subject.HasPerk(GHL_MadScientist01 "Mad Scientist" [PERK:00797E41], 00 00 00 00) = 1.000000 AND
007AD439	GHL_AbPerkMadScientistUseSpell	3	2	10000100	=	AND	Subject	GetValue	GHL_SURV_Feral [AVIF:007A767C]	00 00 00 00		GHL_SURV_FeralThreshold_5_Max [GLOB:007A7693]	0	Subject.GetValue(GHL_SURV_Feral [AVIF:007A767C], 00 00 00 00) = GHL_SURV_FeralThreshold_5_Max [GLOB:007A7693] AND
007AD439	GHL_AbPerkMadScientistUseSpell	3	3	10000000	=	AND	Subject	HasPerk	GHL_LGN_FeralRage03 "Feral Rage" [PERK:007AD350]	00 00 00 00		1.000000	0	Subject.HasPerk(GHL_LGN_FeralRage03 "Feral Rage" [PERK:007AD350], 00 00 00 00) = 1.000000 AND
007AD439	GHL_AbPerkMadScientistUseSpell	3	4	10000000	=	AND	Subject	HasPerk	GHL_LGN_FeralRage04 "Feral Rage" [PERK:007AD34F]	00 00 00 00		0.000000	0	Subject.HasPerk(GHL_LGN_FeralRage04 "Feral Rage" [PERK:007AD34F], 00 00 00 00) = 0.000000 AND
007AD439	GHL_AbPerkMadScientistUseSpell	4	0	10000000	=	AND	Subject	GetIsPlayerGhoul	00 00 00 00	00 00 00 00		1.000000	0	Subject.GetIsPlayerGhoul(00 00 00 00, 00 00 00 00) = 1.000000 AND
007AD439	GHL_AbPerkMadScientistUseSpell	4	1	10000000	=	AND	Subject	HasPerk	GHL_MadScientist01 "Mad Scientist" [PERK:00797E41]	00 00 00 00		1.000000	0	Subject.HasPerk(GHL_MadScientist01 "Mad Scientist" [PERK:00797E41], 00 00 00 00) = 1.000000 AND
007AD439	GHL_AbPerkMadScientistUseSpell	4	2	10000100	=	AND	Subject	GetValue	GHL_SURV_Feral [AVIF:007A767C]	00 00 00 00		GHL_SURV_FeralThreshold_5_Max [GLOB:007A7693]	0	Subject.GetValue(GHL_SURV_Feral [AVIF:007A767C], 00 00 00 00) = GHL_SURV_FeralThreshold_5_Max [GLOB:007A7693] AND
007AD439	GHL_AbPerkMadScientistUseSpell	4	3	10000000	=	AND	Subject	HasPerk	GHL_LGN_FeralRage04 "Feral Rage" [PERK:007AD34F]	00 00 00 00		1.000000	0	Subject.HasPerk(GHL_LGN_FeralRage04 "Feral Rage" [PERK:007AD34F], 00 00 00 00) = 1.000000 AND
007AD43D	GHL_AbRadReaverHit	0	0	10000000	=	AND	Subject	GetIsPlayerGhoul	00 00 00 00	00 00 00 00		1.000000	0	Subject.GetIsPlayerGhoul(00 00 00 00, 00 00 00 00) = 1.000000 AND
007ADC7C	GHL_AbPerkGunTricks	0	0	10000000	=	AND	Subject	GetIsPlayerGhoul	00 00 00 00	00 00 00 00		1.000000	0	Subject.GetIsPlayerGhoul(00 00 00 00, 00 00 00 00) = 1.000000 AND
007ADC7C	GHL_AbPerkGunTricks	0	1	10000000	=	AND	Subject	HasPerk	GHL_GunTricks02 "Gun Tricks" [PERK:007ADC7A]	00 00 00 00		0.000000	0	Subject.HasPerk(GHL_GunTricks02 "Gun Tricks" [PERK:007ADC7A], 00 00 00 00) = 0.000000 AND
007ADC7C	GHL_AbPerkGunTricks	1	0	10000000	=	AND	Subject	GetIsPlayerGhoul	00 00 00 00	00 00 00 00		1.000000	0	Subject.GetIsPlayerGhoul(00 00 00 00, 00 00 00 00) = 1.000000 AND
007ADC7C	GHL_AbPerkGunTricks	1	1	10000000	=	AND	Subject	HasPerk	GHL_GunTricks02 "Gun Tricks" [PERK:007ADC7A]	00 00 00 00		1.000000	0	Subject.HasPerk(GHL_GunTricks02 "Gun Tricks" [PERK:007ADC7A], 00 00 00 00) = 1.000000 AND
007ADC7C	GHL_AbPerkGunTricks	1	2	10000000	=	AND	Subject	HasPerk	GHL_GunTricks03 "Gun Tricks" [PERK:007ADC7B]	00 00 00 00		0.000000	0	Subject.HasPerk(GHL_GunTricks03 "Gun Tricks" [PERK:007ADC7B], 00 00 00 00) = 0.000000 AND
007ADC7C	GHL_AbPerkGunTricks	2	0	10000000	=	AND	Subject	GetIsPlayerGhoul	00 00 00 00	00 00 00 00		1.000000	0	Subject.GetIsPlayerGhoul(00 00 00 00, 00 00 00 00) = 1.000000 AND
007ADC7C	GHL_AbPerkGunTricks	2	1	10000000	=	AND	Subject	HasPerk	GHL_GunTricks03 "Gun Tricks" [PERK:007ADC7B]	00 00 00 00		1.000000	0	Subject.HasPerk(GHL_GunTricks03 "Gun Tricks" [PERK:007ADC7B], 00 00 00 00) = 1.000000 AND
007AE64D	GHL_GlowVFX_Charged	0	0	11000000	>=	AND	Subject	GetValue	Rads "Rads" [AVIF:000002E1]	00 00 00 00		180.000000	0	Subject.GetValue(Rads "Rads" [AVIF:000002E1], 00 00 00 00) >= 180.000000 AND
007AE64D	GHL_GlowVFX_Charged	0	1	00100000	<	AND	Subject	GetValue	Rads "Rads" [AVIF:000002E1]	00 00 00 00		220.000000	0	Subject.GetValue(Rads "Rads" [AVIF:000002E1], 00 00 00 00) < 220.000000 AND
007AE64D	GHL_GlowVFX_Charged	0	2	10000000	=	AND	Subject	GetDead	00 00 00 00	00 00 00 00		0.000000	0	Subject.GetDead(00 00 00 00, 00 00 00 00) = 0.000000 AND
007AE64D	GHL_GlowVFX_Charged	0	3	10010000	=	OR	Subject	HasPerk	GHL_GlowingOne01 "Glowing One" [PERK:007AEE1C]	00 00 00 00		1.000000	0	Subject.HasPerk(GHL_GlowingOne01 "Glowing One" [PERK:007AEE1C], 00 00 00 00) = 1.000000 OR
007AE64D	GHL_GlowVFX_Charged	0	4	10010000	=	OR	Subject	HasPerk	GHL_GlowingOne02 "Glowing One" [PERK:007AEE1B]	00 00 00 00		1.000000	0	Subject.HasPerk(GHL_GlowingOne02 "Glowing One" [PERK:007AEE1B], 00 00 00 00) = 1.000000 OR
007AE64D	GHL_GlowVFX_Charged	1	0	11000000	>=	AND	Subject	GetValue	Rads "Rads" [AVIF:000002E1]	00 00 00 00		220.000000	0	Subject.GetValue(Rads "Rads" [AVIF:000002E1], 00 00 00 00) >= 220.000000 AND
007AE64D	GHL_GlowVFX_Charged	1	1	00100000	<	AND	Subject	GetValue	Rads "Rads" [AVIF:000002E1]	00 00 00 00		260.000000	0	Subject.GetValue(Rads "Rads" [AVIF:000002E1], 00 00 00 00) < 260.000000 AND
007AE64D	GHL_GlowVFX_Charged	1	2	10000000	=	AND	Subject	GetDead	00 00 00 00	00 00 00 00		0.000000	0	Subject.GetDead(00 00 00 00, 00 00 00 00) = 0.000000 AND
007AE64D	GHL_GlowVFX_Charged	1	3	10010000	=	OR	Subject	HasPerk	GHL_GlowingOne01 "Glowing One" [PERK:007AEE1C]	00 00 00 00		1.000000	0	Subject.HasPerk(GHL_GlowingOne01 "Glowing One" [PERK:007AEE1C], 00 00 00 00) = 1.000000 OR
007AE64D	GHL_GlowVFX_Charged	1	4	10010000	=	OR	Subject	HasPerk	GHL_GlowingOne02 "Glowing One" [PERK:007AEE1B]	00 00 00 00		1.000000	0	Subject.HasPerk(GHL_GlowingOne02 "Glowing One" [PERK:007AEE1B], 00 00 00 00) = 1.000000 OR
007AE64D	GHL_GlowVFX_Charged	2	0	11000000	>=	AND	Subject	GetValue	Rads "Rads" [AVIF:000002E1]	00 00 00 00		260.000000	0	Subject.GetValue(Rads "Rads" [AVIF:000002E1], 00 00 00 00) >= 260.000000 AND
007AE64D	GHL_GlowVFX_Charged	2	1	00100000	<	AND	Subject	GetValue	Rads "Rads" [AVIF:000002E1]	00 00 00 00		300.000000	0	Subject.GetValue(Rads "Rads" [AVIF:000002E1], 00 00 00 00) < 300.000000 AND
007AE64D	GHL_GlowVFX_Charged	2	2	10000000	=	AND	Subject	GetDead	00 00 00 00	00 00 00 00		0.000000	0	Subject.GetDead(00 00 00 00, 00 00 00 00) = 0.000000 AND
007AE64D	GHL_GlowVFX_Charged	2	3	10010000	=	OR	Subject	HasPerk	GHL_GlowingOne01 "Glowing One" [PERK:007AEE1C]	00 00 00 00		1.000000	0	Subject.HasPerk(GHL_GlowingOne01 "Glowing One" [PERK:007AEE1C], 00 00 00 00) = 1.000000 OR
007AE64D	GHL_GlowVFX_Charged	2	4	10010000	=	OR	Subject	HasPerk	GHL_GlowingOne02 "Glowing One" [PERK:007AEE1B]	00 00 00 00		1.000000	0	Subject.HasPerk(GHL_GlowingOne02 "Glowing One" [PERK:007AEE1B], 00 00 00 00) = 1.000000 OR
007AE64D	GHL_GlowVFX_Charged	3	0	11000000	>=	AND	Subject	GetValue	Rads "Rads" [AVIF:000002E1]	00 00 00 00		300.000000	0	Subject.GetValue(Rads "Rads" [AVIF:000002E1], 00 00 00 00) >= 300.000000 AND
007AE64D	GHL_GlowVFX_Charged	3	1	10000000	=	AND	Subject	GetDead	00 00 00 00	00 00 00 00		0.000000	0	Subject.GetDead(00 00 00 00, 00 00 00 00) = 0.000000 AND
007AE64D	GHL_GlowVFX_Charged	3	2	10010000	=	OR	Subject	HasPerk	GHL_GlowingOne01 "Glowing One" [PERK:007AEE1C]	00 00 00 00		1.000000	0	Subject.HasPerk(GHL_GlowingOne01 "Glowing One" [PERK:007AEE1C], 00 00 00 00) = 1.000000 OR
007AE64D	GHL_GlowVFX_Charged	3	3	10010000	=	OR	Subject	HasPerk	GHL_GlowingOne02 "Glowing One" [PERK:007AEE1B]	00 00 00 00		1.000000	0	Subject.HasPerk(GHL_GlowingOne02 "Glowing One" [PERK:007AEE1B], 00 00 00 00) = 1.000000 OR
007AEE1D	GHL_AbPerkGlowingOne01	0	0	10000000	=	AND	Subject	GetIsPlayerGhoul	00 00 00 00	00 00 00 00		1.000000	0	Subject.GetIsPlayerGhoul(00 00 00 00, 00 00 00 00) = 1.000000 AND
007AEE1D	GHL_AbPerkGlowingOne01	0	1	10000000	=	AND	Subject	IsPlayerTeammate	00 00 00 00	00 00 00 00		1.000000	0	Subject.IsPlayerTeammate(00 00 00 00, 00 00 00 00) = 1.000000 AND
007AEE1E	GHL_AbPerkGlowingOneCloakSpell	0	0	10000000	=	AND	Subject	GetIsPlayerGhoul	00 00 00 00	00 00 00 00		1.000000	0	Subject.GetIsPlayerGhoul(00 00 00 00, 00 00 00 00) = 1.000000 AND
007AEE1E	GHL_AbPerkGlowingOneCloakSpell	0	1	11000000	>=	AND	Subject	GetValue	Rads "Rads" [AVIF:000002E1]	00 00 00 00		180.000000	0	Subject.GetValue(Rads "Rads" [AVIF:000002E1], 00 00 00 00) >= 180.000000 AND
007AEE1E	GHL_AbPerkGlowingOneCloakSpell	0	2	10000000	=	AND	Subject	HasPerk	GHL_GlowingOne02 "Glowing One" [PERK:007AEE1B]	00 00 00 00		0.000000	0	Subject.HasPerk(GHL_GlowingOne02 "Glowing One" [PERK:007AEE1B], 00 00 00 00) = 0.000000 AND
007AEE1E	GHL_AbPerkGlowingOneCloakSpell	1	0	10000000	=	AND	Subject	GetIsPlayerGhoul	00 00 00 00	00 00 00 00		1.000000	0	Subject.GetIsPlayerGhoul(00 00 00 00, 00 00 00 00) = 1.000000 AND
007AEE1E	GHL_AbPerkGlowingOneCloakSpell	1	1	11000000	>=	AND	Subject	GetValue	Rads "Rads" [AVIF:000002E1]	00 00 00 00		180.000000	0	Subject.GetValue(Rads "Rads" [AVIF:000002E1], 00 00 00 00) >= 180.000000 AND
007AEE1E	GHL_AbPerkGlowingOneCloakSpell	1	2	10000000	=	AND	Subject	HasPerk	GHL_GlowingOne02 "Glowing One" [PERK:007AEE1B]	00 00 00 00		1.000000	0	Subject.HasPerk(GHL_GlowingOne02 "Glowing One" [PERK:007AEE1B], 00 00 00 00) = 1.000000 AND
007AEE1E	GHL_AbPerkGlowingOneCloakSpell	2	0	10000000	=	AND	Subject	GetIsPlayerGhoul	00 00 00 00	00 00 00 00		1.000000	0	Subject.GetIsPlayerGhoul(00 00 00 00, 00 00 00 00) = 1.000000 AND
007AEE1E	GHL_AbPerkGlowingOneCloakSpell	2	1	10000000	=	AND	Subject	HasPerk	GHL_GlowingOne02 "Glowing One" [PERK:007AEE1B]	00 00 00 00		0.000000	0	Subject.HasPerk(GHL_GlowingOne02 "Glowing One" [PERK:007AEE1B], 00 00 00 00) = 0.000000 AND
007AEE1E	GHL_AbPerkGlowingOneCloakSpell	3	0	10000000	=	AND	Subject	GetIsPlayerGhoul	00 00 00 00	00 00 00 00		1.000000	0	Subject.GetIsPlayerGhoul(00 00 00 00, 00 00 00 00) = 1.000000 AND
007AEE1E	GHL_AbPerkGlowingOneCloakSpell	3	1	10000000	=	AND	Subject	HasPerk	GHL_GlowingOne02 "Glowing One" [PERK:007AEE1B]	00 00 00 00		1.000000	0	Subject.HasPerk(GHL_GlowingOne02 "Glowing One" [PERK:007AEE1B], 00 00 00 00) = 1.000000 AND
007B11B6	ZZZ_SCORE_AbPerk_NukaX_MeleeSpeed	0	0	10100000	<=	AND	Subject	GetWeaponAnimType	00 00 00 00	00 00 00 00		6.000000	0	Subject.GetWeaponAnimType(00 00 00 00, 00 00 00 00) <= 6.000000 AND
007B11B9	SCORE_Banner_GuaranteedEffectSpell_Human	0	0	10000000	=	AND	Subject	GetValue	SCORE_Banner_Level [AVIF:00653FCE]	00 00 00 00		1.000000	0	Subject.GetValue(SCORE_Banner_Level [AVIF:00653FCE], 00 00 00 00) = 1.000000 AND
007B11B9	SCORE_Banner_GuaranteedEffectSpell_Human	1	0	10000000	=	AND	Subject	GetValue	SCORE_Banner_Level [AVIF:00653FCE]	00 00 00 00		2.000000	0	Subject.GetValue(SCORE_Banner_Level [AVIF:00653FCE], 00 00 00 00) = 2.000000 AND
007B11B9	SCORE_Banner_GuaranteedEffectSpell_Human	2	0	10000000	=	AND	Subject	GetValue	SCORE_Banner_Level [AVIF:00653FCE]	00 00 00 00		3.000000	0	Subject.GetValue(SCORE_Banner_Level [AVIF:00653FCE], 00 00 00 00) = 3.000000 AND
007B11B9	SCORE_Banner_GuaranteedEffectSpell_Human	3	0	10000000	=	AND	Subject	GetValue	SCORE_Banner_Level [AVIF:00653FCE]	00 00 00 00		4.000000	0	Subject.GetValue(SCORE_Banner_Level [AVIF:00653FCE], 00 00 00 00) = 4.000000 AND
007B228D	GHL_AbPerkGlowingOne02	0	0	10000000	=	AND	Subject	GetIsPlayerGhoul	00 00 00 00	00 00 00 00		1.000000	0	Subject.GetIsPlayerGhoul(00 00 00 00, 00 00 00 00) = 1.000000 AND
007B228D	GHL_AbPerkGlowingOne02	0	1	10000000	=	AND	Subject	IsPlayerTeammate	00 00 00 00	00 00 00 00		1.000000	0	Subject.IsPlayerTeammate(00 00 00 00, 00 00 00 00) = 1.000000 AND
007B283B	SSE_FireHazard_WeedKiller	0	0	10000000	=	AND	Subject	HasKeyword	ActorTypeOvergrown [KYWD:006C74C9]	00 00 00 00		1.000000	0	Subject.HasKeyword(ActorTypeOvergrown [KYWD:006C74C9], 00 00 00 00) = 1.000000 AND
007B283B	SSE_FireHazard_WeedKiller	1	0	10000000	=	AND	Subject	HasKeyword	ActorTypeOvergrown [KYWD:006C74C9]	00 00 00 00		0.000000	0	Subject.HasKeyword(ActorTypeOvergrown [KYWD:006C74C9], 00 00 00 00) = 0.000000 AND
007C7374	GHL_AbPerkEyeOfTheHunter	0	0	10000000	=	AND	Subject	GetIsPlayerGhoul	00 00 00 00	00 00 00 00		1.000000	0	Subject.GetIsPlayerGhoul(00 00 00 00, 00 00 00 00) = 1.000000 AND
007C7374	GHL_AbPerkEyeOfTheHunter	0	1	10000000	=	AND	Subject	HasPerk	GHL_EyeOfTheHunter02 "Eye of the Hunter" [PERK:00797E5B]	00 00 00 00		0.000000	0	Subject.HasPerk(GHL_EyeOfTheHunter02 "Eye of the Hunter" [PERK:00797E5B], 00 00 00 00) = 0.000000 AND
007C7374	GHL_AbPerkEyeOfTheHunter	0	2	11000000	>=	AND	Subject	GetDistanceToClosestHostileActor	00 00 00 00	00 00 00 00		10.000000	0	Subject.GetDistanceToClosestHostileActor(00 00 00 00, 00 00 00 00) >= 10.000000 AND
007C7374	GHL_AbPerkEyeOfTheHunter	1	0	10000000	=	AND	Subject	GetIsPlayerGhoul	00 00 00 00	00 00 00 00		1.000000	0	Subject.GetIsPlayerGhoul(00 00 00 00, 00 00 00 00) = 1.000000 AND
007C7374	GHL_AbPerkEyeOfTheHunter	1	1	10000000	=	AND	Subject	HasPerk	GHL_EyeOfTheHunter02 "Eye of the Hunter" [PERK:00797E5B]	00 00 00 00		1.000000	0	Subject.HasPerk(GHL_EyeOfTheHunter02 "Eye of the Hunter" [PERK:00797E5B], 00 00 00 00) = 1.000000 AND
007C7374	GHL_AbPerkEyeOfTheHunter	1	2	10000000	=	AND	Subject	HasPerk	GHL_EyeOfTheHunter03 "Eye of the Hunter" [PERK:00797E2B]	00 00 00 00		0.000000	0	Subject.HasPerk(GHL_EyeOfTheHunter03 "Eye of the Hunter" [PERK:00797E2B], 00 00 00 00) = 0.000000 AND
007C7374	GHL_AbPerkEyeOfTheHunter	1	3	11000000	>=	AND	Subject	GetDistanceToClosestHostileActor	00 00 00 00	00 00 00 00		20.000000	0	Subject.GetDistanceToClosestHostileActor(00 00 00 00, 00 00 00 00) >= 20.000000 AND
007C7374	GHL_AbPerkEyeOfTheHunter	2	0	10000000	=	AND	Subject	GetIsPlayerGhoul	00 00 00 00	00 00 00 00		1.000000	0	Subject.GetIsPlayerGhoul(00 00 00 00, 00 00 00 00) = 1.000000 AND
007C7374	GHL_AbPerkEyeOfTheHunter	2	1	10000000	=	AND	Subject	HasPerk	GHL_EyeOfTheHunter03 "Eye of the Hunter" [PERK:00797E2B]	00 00 00 00		1.000000	0	Subject.HasPerk(GHL_EyeOfTheHunter03 "Eye of the Hunter" [PERK:00797E2B], 00 00 00 00) = 1.000000 AND
007C7374	GHL_AbPerkEyeOfTheHunter	2	2	11000000	>=	AND	Subject	GetDistanceToClosestHostileActor	00 00 00 00	00 00 00 00		30.000000	0	Subject.GetDistanceToClosestHostileActor(00 00 00 00, 00 00 00 00) >= 30.000000 AND
007C7370	GHL_AbPerkPowerfulPresence	0	0	10000000	=	AND	Subject	GetIsPlayerGhoul	00 00 00 00	00 00 00 00		1.000000	0	Subject.GetIsPlayerGhoul(00 00 00 00, 00 00 00 00) = 1.000000 AND
007C7370	GHL_AbPerkPowerfulPresence	0	1	10000000	=	AND	Subject	HasPerk	GHL_FeralPresence02 "Feral Presence" [PERK:00797E33]	00 00 00 00		0.000000	0	Subject.HasPerk(GHL_FeralPresence02 "Feral Presence" [PERK:00797E33], 00 00 00 00) = 0.000000 AND
007C7370	GHL_AbPerkPowerfulPresence	1	0	10000000	=	AND	Subject	GetIsPlayerGhoul	00 00 00 00	00 00 00 00		1.000000	0	Subject.GetIsPlayerGhoul(00 00 00 00, 00 00 00 00) = 1.000000 AND
007C7370	GHL_AbPerkPowerfulPresence	1	1	10000000	=	AND	Subject	HasPerk	GHL_FeralPresence02 "Feral Presence" [PERK:00797E33]	00 00 00 00		1.000000	0	Subject.HasPerk(GHL_FeralPresence02 "Feral Presence" [PERK:00797E33], 00 00 00 00) = 1.000000 AND
007C7373	GHL_AbPerkArmsOfSteel	0	0	10000000	=	AND	Subject	GetIsPlayerGhoul	00 00 00 00	00 00 00 00		1.000000	0	Subject.GetIsPlayerGhoul(00 00 00 00, 00 00 00 00) = 1.000000 AND
007C7373	GHL_AbPerkArmsOfSteel	0	1	10000000	=	AND	Subject	HasPerk	GHL_ArmsOfSteel02 "Arms of Steel" [PERK:00797E5F]	00 00 00 00		0.000000	0	Subject.HasPerk(GHL_ArmsOfSteel02 "Arms of Steel" [PERK:00797E5F], 00 00 00 00) = 0.000000 AND
007C7373	GHL_AbPerkArmsOfSteel	1	0	10000000	=	AND	Subject	GetIsPlayerGhoul	00 00 00 00	00 00 00 00		1.000000	0	Subject.GetIsPlayerGhoul(00 00 00 00, 00 00 00 00) = 1.000000 AND
007C7373	GHL_AbPerkArmsOfSteel	1	1	10000000	=	AND	Subject	HasPerk	GHL_ArmsOfSteel02 "Arms of Steel" [PERK:00797E5F]	00 00 00 00		1.000000	0	Subject.HasPerk(GHL_ArmsOfSteel02 "Arms of Steel" [PERK:00797E5F], 00 00 00 00) = 1.000000 AND
007C7371	GHL_AbPerkHyperReflexes	0	0	10000000	=	AND	Subject	GetIsPlayerGhoul	00 00 00 00	00 00 00 00		1.000000	0	Subject.GetIsPlayerGhoul(00 00 00 00, 00 00 00 00) = 1.000000 AND
007C7371	GHL_AbPerkHyperReflexes	0	1	10000000	=	AND	Subject	HasPerk	GHL_HyperReflexes02 "Hyper Reflexes" [PERK:007AE867]	00 00 00 00		0.000000	0	Subject.HasPerk(GHL_HyperReflexes02 "Hyper Reflexes" [PERK:007AE867], 00 00 00 00) = 0.000000 AND
007C7371	GHL_AbPerkHyperReflexes	0	2	11000000	>=	AND	Subject	GetValue	Rads "Rads" [AVIF:000002E1]	00 00 00 00		180.000000	0	Subject.GetValue(Rads "Rads" [AVIF:000002E1], 00 00 00 00) >= 180.000000 AND
007C7371	GHL_AbPerkHyperReflexes	0	3	10000000	=	AND	Subject	WornHasKeyword	ArmorTypePower [KYWD:0004D8A1]	00 00 00 00		0.000000	0	Subject.WornHasKeyword(ArmorTypePower [KYWD:0004D8A1], 00 00 00 00) = 0.000000 AND
007C7371	GHL_AbPerkHyperReflexes	1	0	10000000	=	AND	Subject	GetIsPlayerGhoul	00 00 00 00	00 00 00 00		1.000000	0	Subject.GetIsPlayerGhoul(00 00 00 00, 00 00 00 00) = 1.000000 AND
007C7371	GHL_AbPerkHyperReflexes	1	1	10000000	=	AND	Subject	HasPerk	GHL_HyperReflexes02 "Hyper Reflexes" [PERK:007AE867]	00 00 00 00		1.000000	0	Subject.HasPerk(GHL_HyperReflexes02 "Hyper Reflexes" [PERK:007AE867], 00 00 00 00) = 1.000000 AND
007C7371	GHL_AbPerkHyperReflexes	1	2	10000000	=	AND	Subject	HasPerk	GHL_HyperReflexes03 "Hyper Reflexes" [PERK:007AE866]	00 00 00 00		0.000000	0	Subject.HasPerk(GHL_HyperReflexes03 "Hyper Reflexes" [PERK:007AE866], 00 00 00 00) = 0.000000 AND
007C7371	GHL_AbPerkHyperReflexes	1	3	11000000	>=	AND	Subject	GetValue	Rads "Rads" [AVIF:000002E1]	00 00 00 00		180.000000	0	Subject.GetValue(Rads "Rads" [AVIF:000002E1], 00 00 00 00) >= 180.000000 AND
007C7371	GHL_AbPerkHyperReflexes	1	4	10000000	=	AND	Subject	WornHasKeyword	ArmorTypePower [KYWD:0004D8A1]	00 00 00 00		0.000000	0	Subject.WornHasKeyword(ArmorTypePower [KYWD:0004D8A1], 00 00 00 00) = 0.000000 AND
007C7371	GHL_AbPerkHyperReflexes	2	0	10000000	=	AND	Subject	GetIsPlayerGhoul	00 00 00 00	00 00 00 00		1.000000	0	Subject.GetIsPlayerGhoul(00 00 00 00, 00 00 00 00) = 1.000000 AND
007C7371	GHL_AbPerkHyperReflexes	2	1	10000000	=	AND	Subject	HasPerk	GHL_HyperReflexes03 "Hyper Reflexes" [PERK:007AE866]	00 00 00 00		1.000000	0	Subject.HasPerk(GHL_HyperReflexes03 "Hyper Reflexes" [PERK:007AE866], 00 00 00 00) = 1.000000 AND
007C7371	GHL_AbPerkHyperReflexes	2	2	11000000	>=	AND	Subject	GetValue	Rads "Rads" [AVIF:000002E1]	00 00 00 00		180.000000	0	Subject.GetValue(Rads "Rads" [AVIF:000002E1], 00 00 00 00) >= 180.000000 AND
007C7371	GHL_AbPerkHyperReflexes	2	3	10000000	=	AND	Subject	WornHasKeyword	ArmorTypePower [KYWD:0004D8A1]	00 00 00 00		0.000000	0	Subject.WornHasKeyword(ArmorTypePower [KYWD:0004D8A1], 00 00 00 00) = 0.000000 AND
007C7372	zzz_GHL_AbRadioactiveStrength	0	0	10000000	=	AND	Subject	HasPerk	GHL_EyeOfTheHunter02 "Eye of the Hunter" [PERK:00797E5B]	00 00 00 00		0.000000	0	Subject.HasPerk(GHL_EyeOfTheHunter02 "Eye of the Hunter" [PERK:00797E5B], 00 00 00 00) = 0.000000 AND
007C7372	zzz_GHL_AbRadioactiveStrength	0	1	11000000	>=	AND	Subject	GetDead	00 00 00 00	00 00 00 00		10.000000	0	Subject.GetDead(00 00 00 00, 00 00 00 00) >= 10.000000 AND
007C7372	zzz_GHL_AbRadioactiveStrength	1	0	10000000	=	AND	Subject	HasPerk	GHL_EyeOfTheHunter02 "Eye of the Hunter" [PERK:00797E5B]	00 00 00 00		1.000000	0	Subject.HasPerk(GHL_EyeOfTheHunter02 "Eye of the Hunter" [PERK:00797E5B], 00 00 00 00) = 1.000000 AND
007C7372	zzz_GHL_AbRadioactiveStrength	1	1	10000000	=	AND	Subject	HasPerk	GHL_EyeOfTheHunter03 "Eye of the Hunter" [PERK:00797E2B]	00 00 00 00		0.000000	0	Subject.HasPerk(GHL_EyeOfTheHunter03 "Eye of the Hunter" [PERK:00797E2B], 00 00 00 00) = 0.000000 AND
007C7372	zzz_GHL_AbRadioactiveStrength	1	2	11000000	>=	AND	Subject	GetDead	00 00 00 00	00 00 00 00		20.000000	0	Subject.GetDead(00 00 00 00, 00 00 00 00) >= 20.000000 AND
007C7372	zzz_GHL_AbRadioactiveStrength	2	0	10000000	=	AND	Subject	HasPerk	GHL_EyeOfTheHunter03 "Eye of the Hunter" [PERK:00797E2B]	00 00 00 00		1.000000	0	Subject.HasPerk(GHL_EyeOfTheHunter03 "Eye of the Hunter" [PERK:00797E2B], 00 00 00 00) = 1.000000 AND
007C7372	zzz_GHL_AbRadioactiveStrength	2	1	11000000	>=	AND	Subject	GetDead	00 00 00 00	00 00 00 00		30.000000	0	Subject.GetDead(00 00 00 00, 00 00 00 00) >= 30.000000 AND
007C778D	AbPerkSpiritualHealer	0	0	10000000	=	AND	Subject	IsMemberOfAPlayerTeam	00 00 00 00	00 00 00 00		1.000000	0	Subject.IsMemberOfAPlayerTeam(00 00 00 00, 00 00 00 00) = 1.000000 AND
007D2390	GHL_FeralPresenceDebuffSpell	0	0	10000000	=	AND	Target	HasPerk	GHL_FeralPresence01 "Feral Presence" [PERK:00797E57]	00 00 00 00		1.000000	0	Target.HasPerk(GHL_FeralPresence01 "Feral Presence" [PERK:00797E57], 00 00 00 00) = 1.000000 AND
007D2390	GHL_FeralPresenceDebuffSpell	0	1	10000000	=	AND	Target	HasPerk	GHL_FeralPresence02 "Feral Presence" [PERK:00797E33]	00 00 00 00		0.000000	0	Target.HasPerk(GHL_FeralPresence02 "Feral Presence" [PERK:00797E33], 00 00 00 00) = 0.000000 AND
007D2390	GHL_FeralPresenceDebuffSpell	1	0	10000000	=	AND	Target	HasPerk	GHL_FeralPresence02 "Feral Presence" [PERK:00797E33]	00 00 00 00		1.000000	0	Target.HasPerk(GHL_FeralPresence02 "Feral Presence" [PERK:00797E33], 00 00 00 00) = 1.000000 AND
007D32C4	GHL_AbPerkRadSpecialist	0	0	10000000	=	AND	Subject	GetIsPlayerGhoul	00 00 00 00	00 00 00 00		1.000000	0	Subject.GetIsPlayerGhoul(00 00 00 00, 00 00 00 00) = 1.000000 AND
007D32C4	GHL_AbPerkRadSpecialist	0	1	10000000	=	AND	Subject	HasPerk	GHL_RadSpecialist02 "Rad Specialist" [PERK:00797E36]	00 00 00 00		0.000000	0	Subject.HasPerk(GHL_RadSpecialist02 "Rad Specialist" [PERK:00797E36], 00 00 00 00) = 0.000000 AND
007D32C4	GHL_AbPerkRadSpecialist	1	0	10000000	=	AND	Subject	GetIsPlayerGhoul	00 00 00 00	00 00 00 00		1.000000	0	Subject.GetIsPlayerGhoul(00 00 00 00, 00 00 00 00) = 1.000000 AND
007D32C4	GHL_AbPerkRadSpecialist	1	1	10000000	=	AND	Subject	HasPerk	GHL_RadSpecialist02 "Rad Specialist" [PERK:00797E36]	00 00 00 00		1.000000	0	Subject.HasPerk(GHL_RadSpecialist02 "Rad Specialist" [PERK:00797E36], 00 00 00 00) = 1.000000 AND
007D32C4	GHL_AbPerkRadSpecialist	1	2	10000000	=	AND	Subject	HasPerk	GHL_RadSpecialist03 "Rad Specialist" [PERK:007CFA0F]	00 00 00 00		0.000000	0	Subject.HasPerk(GHL_RadSpecialist03 "Rad Specialist" [PERK:007CFA0F], 00 00 00 00) = 0.000000 AND
007D32C4	GHL_AbPerkRadSpecialist	2	0	10000000	=	AND	Subject	GetIsPlayerGhoul	00 00 00 00	00 00 00 00		1.000000	0	Subject.GetIsPlayerGhoul(00 00 00 00, 00 00 00 00) = 1.000000 AND
007D32C4	GHL_AbPerkRadSpecialist	2	1	10000000	=	AND	Subject	HasPerk	GHL_RadSpecialist03 "Rad Specialist" [PERK:007CFA0F]	00 00 00 00		1.000000	0	Subject.HasPerk(GHL_RadSpecialist03 "Rad Specialist" [PERK:007CFA0F], 00 00 00 00) = 1.000000 AND
007F68C9	ATX_BloodTransfusionPumpSpell	0	0	10000000	=	AND	Subject	GetIsPlayerGhoul	00 00 00 00	00 00 00 00		0.000000	0	Subject.GetIsPlayerGhoul(00 00 00 00, 00 00 00 00) = 0.000000 AND
007F68C9	ATX_BloodTransfusionPumpSpell	1	0	10000000	=	AND	Subject	GetIsPlayerGhoul	00 00 00 00	00 00 00 00		1.000000	0	Subject.GetIsPlayerGhoul(00 00 00 00, 00 00 00 00) = 1.000000 AND
007F68C9	ATX_BloodTransfusionPumpSpell	2	0	10000000	=	AND	Subject	GetIsPlayerGhoul	00 00 00 00	00 00 00 00		1.000000	0	Subject.GetIsPlayerGhoul(00 00 00 00, 00 00 00 00) = 1.000000 AND
0080B571	AbPerkAdrenaline	0	0	11000000	>=	AND	Subject	GetValue	Kill Streak [AVIF:00000399]	00 00 00 00		1.000000	0	Subject.GetValue(Kill Streak [AVIF:00000399], 00 00 00 00) >= 1.000000 AND
00820D79	Perk_OneGunArmy_LimbDamageSpell	0	0	10000000	=	AND	Subject	HasPerk	OneGunArmy01 "One Gun Army" [PERK:00320157]	00 00 00 00		1.000000	0	Subject.HasPerk(OneGunArmy01 "One Gun Army" [PERK:00320157], 00 00 00 00) = 1.000000 AND
00820D79	Perk_OneGunArmy_LimbDamageSpell	0	1	10000000	=	AND	Subject	HasPerk	OneGunArmy02 "One Gun Army" [PERK:00320158]	00 00 00 00		0.000000	0	Subject.HasPerk(OneGunArmy02 "One Gun Army" [PERK:00320158], 00 00 00 00) = 0.000000 AND
00820D79	Perk_OneGunArmy_LimbDamageSpell	0	2	10000000	=	AND	Subject	WornHasKeyword	WeaponTypeHeavyGun "Big Gun" [KYWD:0004A0A3]	00 00 00 00		1.000000	0	Subject.WornHasKeyword(WeaponTypeHeavyGun "Big Gun" [KYWD:0004A0A3], 00 00 00 00) = 1.000000 AND
00820D79	Perk_OneGunArmy_LimbDamageSpell	1	0	10000000	=	AND	Subject	WornHasKeyword	WeaponTypeHeavyGun "Big Gun" [KYWD:0004A0A3]	00 00 00 00		1.000000	0	Subject.WornHasKeyword(WeaponTypeHeavyGun "Big Gun" [KYWD:0004A0A3], 00 00 00 00) = 1.000000 AND
00820D79	Perk_OneGunArmy_LimbDamageSpell	1	1	10000000	=	AND	Subject	HasPerk	OneGunArmy02 "One Gun Army" [PERK:00320158]	00 00 00 00		1.000000	0	Subject.HasPerk(OneGunArmy02 "One Gun Army" [PERK:00320158], 00 00 00 00) = 1.000000 AND
00820D79	Perk_OneGunArmy_LimbDamageSpell	1	2	10000000	=	AND	Subject	HasPerk	OneGunArmy03 "One Gun Army" [PERK:00320159]	00 00 00 00		0.000000	0	Subject.HasPerk(OneGunArmy03 "One Gun Army" [PERK:00320159], 00 00 00 00) = 0.000000 AND
00820D79	Perk_OneGunArmy_LimbDamageSpell	2	0	10000000	=	AND	Subject	WornHasKeyword	WeaponTypeHeavyGun "Big Gun" [KYWD:0004A0A3]	00 00 00 00		1.000000	0	Subject.WornHasKeyword(WeaponTypeHeavyGun "Big Gun" [KYWD:0004A0A3], 00 00 00 00) = 1.000000 AND
00820D79	Perk_OneGunArmy_LimbDamageSpell	2	1	10000000	=	AND	Subject	HasPerk	OneGunArmy03 "One Gun Army" [PERK:00320159]	00 00 00 00		1.000000	0	Subject.HasPerk(OneGunArmy03 "One Gun Army" [PERK:00320159], 00 00 00 00) = 1.000000 AND
00820D77	Perk_Enforcer_LimbDamageSpell	0	0	10000000	=	AND	Subject	HasPerk	Enforcer03 "Enforcer" [PERK:00322356]	00 00 00 00		1.000000	0	Subject.HasPerk(Enforcer03 "Enforcer" [PERK:00322356], 00 00 00 00) = 1.000000 AND
00820D77	Perk_Enforcer_LimbDamageSpell	0	1	10000000	=	AND	Subject	WornHasKeyword	WeaponTypeHeavyGun "Big Gun" [KYWD:0004A0A3]	00 00 00 00		0.000000	0	Subject.WornHasKeyword(WeaponTypeHeavyGun "Big Gun" [KYWD:0004A0A3], 00 00 00 00) = 0.000000 AND
00820D77	Perk_Enforcer_LimbDamageSpell	0	2	10010000	=	OR	Subject	WornHasKeyword	WeaponTypeRifle "Rifle" [KYWD:0004A0A1]	00 00 00 00		1.000000	0	Subject.WornHasKeyword(WeaponTypeRifle "Rifle" [KYWD:0004A0A1], 00 00 00 00) = 1.000000 OR
00820D77	Perk_Enforcer_LimbDamageSpell	0	3	10010000	=	OR	Subject	WornHasKeyword	WeaponTypePistol "Pistol" [KYWD:0004A0A0]	00 00 00 00		1.000000	0	Subject.WornHasKeyword(WeaponTypePistol "Pistol" [KYWD:0004A0A0], 00 00 00 00) = 1.000000 OR
00820D77	Perk_Enforcer_LimbDamageSpell	0	4	10010000	=	OR	Subject	WornHasKeyword	WeaponTypeShotgun "Shotgun" [KYWD:00226454]	00 00 00 00		1.000000	0	Subject.WornHasKeyword(WeaponTypeShotgun "Shotgun" [KYWD:00226454], 00 00 00 00) = 1.000000 OR
00820D77	Perk_Enforcer_LimbDamageSpell	1	0	10000000	=	AND	Subject	HasPerk	Enforcer02 "Enforcer" [PERK:00322355]	00 00 00 00		1.000000	0	Subject.HasPerk(Enforcer02 "Enforcer" [PERK:00322355], 00 00 00 00) = 1.000000 AND
00820D77	Perk_Enforcer_LimbDamageSpell	1	1	10000000	=	AND	Subject	HasPerk	Enforcer03 "Enforcer" [PERK:00322356]	00 00 00 00		0.000000	0	Subject.HasPerk(Enforcer03 "Enforcer" [PERK:00322356], 00 00 00 00) = 0.000000 AND
00820D77	Perk_Enforcer_LimbDamageSpell	1	2	10000000	=	AND	Subject	WornHasKeyword	WeaponTypeHeavyGun "Big Gun" [KYWD:0004A0A3]	00 00 00 00		0.000000	0	Subject.WornHasKeyword(WeaponTypeHeavyGun "Big Gun" [KYWD:0004A0A3], 00 00 00 00) = 0.000000 AND
00820D77	Perk_Enforcer_LimbDamageSpell	1	3	10010000	=	OR	Subject	WornHasKeyword	WeaponTypeRifle "Rifle" [KYWD:0004A0A1]	00 00 00 00		1.000000	0	Subject.WornHasKeyword(WeaponTypeRifle "Rifle" [KYWD:0004A0A1], 00 00 00 00) = 1.000000 OR
00820D77	Perk_Enforcer_LimbDamageSpell	1	4	10010000	=	OR	Subject	WornHasKeyword	WeaponTypePistol "Pistol" [KYWD:0004A0A0]	00 00 00 00		1.000000	0	Subject.WornHasKeyword(WeaponTypePistol "Pistol" [KYWD:0004A0A0], 00 00 00 00) = 1.000000 OR
00820D77	Perk_Enforcer_LimbDamageSpell	1	5	10010000	=	OR	Subject	WornHasKeyword	WeaponTypeShotgun "Shotgun" [KYWD:00226454]	00 00 00 00		1.000000	0	Subject.WornHasKeyword(WeaponTypeShotgun "Shotgun" [KYWD:00226454], 00 00 00 00) = 1.000000 OR
00820D77	Perk_Enforcer_LimbDamageSpell	2	0	10000000	=	AND	Subject	HasPerk	Enforcer01 "Enforcer" [PERK:00322354]	00 00 00 00		1.000000	0	Subject.HasPerk(Enforcer01 "Enforcer" [PERK:00322354], 00 00 00 00) = 1.000000 AND
00820D77	Perk_Enforcer_LimbDamageSpell	2	1	10000000	=	AND	Subject	HasPerk	Enforcer02 "Enforcer" [PERK:00322355]	00 00 00 00		0.000000	0	Subject.HasPerk(Enforcer02 "Enforcer" [PERK:00322355], 00 00 00 00) = 0.000000 AND
00820D77	Perk_Enforcer_LimbDamageSpell	2	2	10000000	=	AND	Subject	WornHasKeyword	WeaponTypeHeavyGun "Big Gun" [KYWD:0004A0A3]	00 00 00 00		0.000000	0	Subject.WornHasKeyword(WeaponTypeHeavyGun "Big Gun" [KYWD:0004A0A3], 00 00 00 00) = 0.000000 AND
00820D77	Perk_Enforcer_LimbDamageSpell	2	3	10010000	=	OR	Subject	WornHasKeyword	WeaponTypeRifle "Rifle" [KYWD:0004A0A1]	00 00 00 00		1.000000	0	Subject.WornHasKeyword(WeaponTypeRifle "Rifle" [KYWD:0004A0A1], 00 00 00 00) = 1.000000 OR
00820D77	Perk_Enforcer_LimbDamageSpell	2	4	10010000	=	OR	Subject	WornHasKeyword	WeaponTypePistol "Pistol" [KYWD:0004A0A0]	00 00 00 00		1.000000	0	Subject.WornHasKeyword(WeaponTypePistol "Pistol" [KYWD:0004A0A0], 00 00 00 00) = 1.000000 OR
00820D77	Perk_Enforcer_LimbDamageSpell	2	5	10010000	=	OR	Subject	WornHasKeyword	WeaponTypeShotgun "Shotgun" [KYWD:00226454]	00 00 00 00		1.000000	0	Subject.WornHasKeyword(WeaponTypeShotgun "Shotgun" [KYWD:00226454], 00 00 00 00) = 1.000000 OR
00820D76	Perk_BoneShatterer_LimbDamageSpell	0	0	10000000	=	AND	Subject	WornHasKeyword	WeaponTypeMeleeGeneral [KYWD:0033AB12]	00 00 00 00		1.000000	0	Subject.WornHasKeyword(WeaponTypeMeleeGeneral [KYWD:0033AB12], 00 00 00 00) = 1.000000 AND
00820D76	Perk_BoneShatterer_LimbDamageSpell	0	1	10000000	=	AND	Subject	GetIsPlayerGhoul	00 00 00 00	00 00 00 00		1.000000	0	Subject.GetIsPlayerGhoul(00 00 00 00, 00 00 00 00) = 1.000000 AND
00820D76	Perk_BoneShatterer_LimbDamageSpell	0	2	10000000	=	AND	Subject	HasPerk	GHL_BoneShatterer02 "Bone Shatterer" [PERK:00797E32]	00 00 00 00		0.000000	0	Subject.HasPerk(GHL_BoneShatterer02 "Bone Shatterer" [PERK:00797E32], 00 00 00 00) = 0.000000 AND
00820D76	Perk_BoneShatterer_LimbDamageSpell	1	0	10000000	=	AND	Subject	WornHasKeyword	WeaponTypeMeleeGeneral [KYWD:0033AB12]	00 00 00 00		1.000000	0	Subject.WornHasKeyword(WeaponTypeMeleeGeneral [KYWD:0033AB12], 00 00 00 00) = 1.000000 AND
00820D76	Perk_BoneShatterer_LimbDamageSpell	1	1	10000000	=	AND	Subject	GetIsPlayerGhoul	00 00 00 00	00 00 00 00		1.000000	0	Subject.GetIsPlayerGhoul(00 00 00 00, 00 00 00 00) = 1.000000 AND
00820D76	Perk_BoneShatterer_LimbDamageSpell	1	2	10000000	=	AND	Subject	HasPerk	GHL_BoneShatterer02 "Bone Shatterer" [PERK:00797E32]	00 00 00 00		1.000000	0	Subject.HasPerk(GHL_BoneShatterer02 "Bone Shatterer" [PERK:00797E32], 00 00 00 00) = 1.000000 AND
00820D76	Perk_BoneShatterer_LimbDamageSpell	1	3	10000000	=	AND	Subject	HasPerk	GHL_BoneShatterer03 "Bone Shatterer" [PERK:00797E3E]	00 00 00 00		0.000000	0	Subject.HasPerk(GHL_BoneShatterer03 "Bone Shatterer" [PERK:00797E3E], 00 00 00 00) = 0.000000 AND
00820D76	Perk_BoneShatterer_LimbDamageSpell	2	0	10000000	=	AND	Subject	WornHasKeyword	WeaponTypeMeleeGeneral [KYWD:0033AB12]	00 00 00 00		1.000000	0	Subject.WornHasKeyword(WeaponTypeMeleeGeneral [KYWD:0033AB12], 00 00 00 00) = 1.000000 AND
00820D76	Perk_BoneShatterer_LimbDamageSpell	2	1	10000000	=	AND	Subject	GetIsPlayerGhoul	00 00 00 00	00 00 00 00		1.000000	0	Subject.GetIsPlayerGhoul(00 00 00 00, 00 00 00 00) = 1.000000 AND
00820D76	Perk_BoneShatterer_LimbDamageSpell	2	2	10000000	=	AND	Subject	HasPerk	GHL_BoneShatterer03 "Bone Shatterer" [PERK:00797E3E]	00 00 00 00		1.000000	0	Subject.HasPerk(GHL_BoneShatterer03 "Bone Shatterer" [PERK:00797E3E], 00 00 00 00) = 1.000000 AND
00820D78	Perk_ModernRenegade_LimbDamageSpell	0	0	10000000	=	AND	Subject	HasPerk	ModernRenegade02 "Modern Renegade" [PERK:0000EE1E]	00 00 00 00		0.000000	0	Subject.HasPerk(ModernRenegade02 "Modern Renegade" [PERK:0000EE1E], 00 00 00 00) = 0.000000 AND
00820D78	Perk_ModernRenegade_LimbDamageSpell	0	1	10000000	=	AND	Subject	WornHasKeyword	WeaponTypeHeavyGun "Big Gun" [KYWD:0004A0A3]	00 00 00 00		0.000000	0	Subject.WornHasKeyword(WeaponTypeHeavyGun "Big Gun" [KYWD:0004A0A3], 00 00 00 00) = 0.000000 AND
00820D78	Perk_ModernRenegade_LimbDamageSpell	0	2	10010000	=	OR	Subject	WornHasKeyword	WeaponTypeRifle "Rifle" [KYWD:0004A0A1]	00 00 00 00		1.000000	0	Subject.WornHasKeyword(WeaponTypeRifle "Rifle" [KYWD:0004A0A1], 00 00 00 00) = 1.000000 OR
00820D78	Perk_ModernRenegade_LimbDamageSpell	0	3	10010000	=	OR	Subject	WornHasKeyword	WeaponTypePistol "Pistol" [KYWD:0004A0A0]	00 00 00 00		1.000000	0	Subject.WornHasKeyword(WeaponTypePistol "Pistol" [KYWD:0004A0A0], 00 00 00 00) = 1.000000 OR
00820D78	Perk_ModernRenegade_LimbDamageSpell	0	4	10010000	=	OR	Subject	WornHasKeyword	WeaponTypeShotgun "Shotgun" [KYWD:00226454]	00 00 00 00		1.000000	0	Subject.WornHasKeyword(WeaponTypeShotgun "Shotgun" [KYWD:00226454], 00 00 00 00) = 1.000000 OR
00820D78	Perk_ModernRenegade_LimbDamageSpell	1	0	10000000	=	AND	Subject	HasPerk	ModernRenegade03 "Modern Renegade" [PERK:00054DF2]	00 00 00 00		0.000000	0	Subject.HasPerk(ModernRenegade03 "Modern Renegade" [PERK:00054DF2], 00 00 00 00) = 0.000000 AND
00820D78	Perk_ModernRenegade_LimbDamageSpell	1	1	10000000	=	AND	Subject	HasPerk	ModernRenegade02 "Modern Renegade" [PERK:0000EE1E]	00 00 00 00		1.000000	0	Subject.HasPerk(ModernRenegade02 "Modern Renegade" [PERK:0000EE1E], 00 00 00 00) = 1.000000 AND
00820D78	Perk_ModernRenegade_LimbDamageSpell	1	2	10000000	=	AND	Subject	WornHasKeyword	WeaponTypeHeavyGun "Big Gun" [KYWD:0004A0A3]	00 00 00 00		0.000000	0	Subject.WornHasKeyword(WeaponTypeHeavyGun "Big Gun" [KYWD:0004A0A3], 00 00 00 00) = 0.000000 AND
00820D78	Perk_ModernRenegade_LimbDamageSpell	1	3	10010000	=	OR	Subject	WornHasKeyword	WeaponTypeRifle "Rifle" [KYWD:0004A0A1]	00 00 00 00		1.000000	0	Subject.WornHasKeyword(WeaponTypeRifle "Rifle" [KYWD:0004A0A1], 00 00 00 00) = 1.000000 OR
00820D78	Perk_ModernRenegade_LimbDamageSpell	1	4	10010000	=	OR	Subject	WornHasKeyword	WeaponTypePistol "Pistol" [KYWD:0004A0A0]	00 00 00 00		1.000000	0	Subject.WornHasKeyword(WeaponTypePistol "Pistol" [KYWD:0004A0A0], 00 00 00 00) = 1.000000 OR
00820D78	Perk_ModernRenegade_LimbDamageSpell	1	5	10010000	=	OR	Subject	WornHasKeyword	WeaponTypeShotgun "Shotgun" [KYWD:00226454]	00 00 00 00		1.000000	0	Subject.WornHasKeyword(WeaponTypeShotgun "Shotgun" [KYWD:00226454], 00 00 00 00) = 1.000000 OR
00820D78	Perk_ModernRenegade_LimbDamageSpell	2	0	10000000	=	AND	Subject	HasPerk	ModernRenegade03 "Modern Renegade" [PERK:00054DF2]	00 00 00 00		1.000000	0	Subject.HasPerk(ModernRenegade03 "Modern Renegade" [PERK:00054DF2], 00 00 00 00) = 1.000000 AND
00820D78	Perk_ModernRenegade_LimbDamageSpell	2	1	10000000	=	AND	Subject	WornHasKeyword	WeaponTypeHeavyGun "Big Gun" [KYWD:0004A0A3]	00 00 00 00		0.000000	0	Subject.WornHasKeyword(WeaponTypeHeavyGun "Big Gun" [KYWD:0004A0A3], 00 00 00 00) = 0.000000 AND
00820D78	Perk_ModernRenegade_LimbDamageSpell	2	2	10010000	=	OR	Subject	WornHasKeyword	WeaponTypeRifle "Rifle" [KYWD:0004A0A1]	00 00 00 00		1.000000	0	Subject.WornHasKeyword(WeaponTypeRifle "Rifle" [KYWD:0004A0A1], 00 00 00 00) = 1.000000 OR
00820D78	Perk_ModernRenegade_LimbDamageSpell	2	3	10010000	=	OR	Subject	WornHasKeyword	WeaponTypePistol "Pistol" [KYWD:0004A0A0]	00 00 00 00		1.000000	0	Subject.WornHasKeyword(WeaponTypePistol "Pistol" [KYWD:0004A0A0], 00 00 00 00) = 1.000000 OR
00820D78	Perk_ModernRenegade_LimbDamageSpell	2	4	10010000	=	OR	Subject	WornHasKeyword	WeaponTypeShotgun "Shotgun" [KYWD:00226454]	00 00 00 00		1.000000	0	Subject.WornHasKeyword(WeaponTypeShotgun "Shotgun" [KYWD:00226454], 00 00 00 00) = 1.000000 OR
00811F94	HIDE_Legendary_Weapon_SightSeersSpell	0	0	10000000	=	AND	Subject	GetInIronSights	TARGET - Target Reference [00000000]	00 00 00 00		1.000000	0	Subject.GetInIronSights(TARGET - Target Reference [00000000], 00 00 00 00) = 1.000000 AND
00840754	crCB04Mayor_QuestCompletedAddToFactionSpell	0	0	10000000	=	AND	Subject	WorkshopOwnerHasPerk	crCB04Mayor_QuestCompletedAddToFactionPerk "Add to Watoga Robot Friend Faction Perk" [PERK:00840753]	00 00 00 00		1.000000	0	Subject.WorkshopOwnerHasPerk(crCB04Mayor_QuestCompletedAddToFactionPerk "Add to Watoga Robot Friend Faction Perk" [PERK:00840753], 00 00 00 00) = 1.000000 AND
00840751	CB04_Mayor_QuestCompleteSpell	0	0	11000000	>=	AND	Subject	GetQuestCompleted	CB04_Mayor "Mayor for a Day" [QUST:002A93F5]	00 00 00 00		1.000000	0	Subject.GetQuestCompleted(CB04_Mayor "Mayor for a Day" [QUST:002A93F5], 00 00 00 00) >= 1.000000 AND
0084523D	AbPerkGrimReapersSprint	0	0	11000000	>=	AND	Subject	GetValue	Kill Streak [AVIF:00000399]	00 00 00 00		1.000000	0	Subject.GetValue(Kill Streak [AVIF:00000399], 00 00 00 00) >= 1.000000 AND
0084BF8A	GHL_AbPerkBombScientist	0	0	10000000	=	AND	Subject	HasPerk	GHL_BombScientist02 "Bomb Scientist" [PERK:007A159A]	00 00 00 00		0.000000	0	Subject.HasPerk(GHL_BombScientist02 "Bomb Scientist" [PERK:007A159A], 00 00 00 00) = 0.000000 AND
0084BF8A	GHL_AbPerkBombScientist	0	1	10000000	=	AND	Subject	GetIsPlayerGhoul	00 00 00 00	00 00 00 00		1.000000	0	Subject.GetIsPlayerGhoul(00 00 00 00, 00 00 00 00) = 1.000000 AND
0084BF8A	GHL_AbPerkBombScientist	0	2	10010000	=	OR	Subject	IsTrueForConditionForm	GHL_HasModerateGlowConsumptionFeralRage_Condition [CNDF:007F79A4]	00 00 00 00		1.000000	0	Subject.IsTrueForConditionForm(GHL_HasModerateGlowConsumptionFeralRage_Condition [CNDF:007F79A4], 00 00 00 00) = 1.000000 OR
0084BF8A	GHL_AbPerkBombScientist	0	3	11000100	>=	AND	Subject	GetValue	Rads "Rads" [AVIF:000002E1]	00 00 00 00		GHL_PowerGlowUseBasic [GLOB:007F68BB]	0	Subject.GetValue(Rads "Rads" [AVIF:000002E1], 00 00 00 00) >= GHL_PowerGlowUseBasic [GLOB:007F68BB] AND
0084BF8A	GHL_AbPerkBombScientist	1	0	10000000	=	AND	Subject	HasPerk	GHL_BombScientist02 "Bomb Scientist" [PERK:007A159A]	00 00 00 00		1.000000	0	Subject.HasPerk(GHL_BombScientist02 "Bomb Scientist" [PERK:007A159A], 00 00 00 00) = 1.000000 AND
0084BF8A	GHL_AbPerkBombScientist	1	1	10000000	=	AND	Subject	HasPerk	GHL_BombScientist03 "Bomb Scientist" [PERK:007A159B]	00 00 00 00		0.000000	0	Subject.HasPerk(GHL_BombScientist03 "Bomb Scientist" [PERK:007A159B], 00 00 00 00) = 0.000000 AND
0084BF8A	GHL_AbPerkBombScientist	1	2	10000000	=	AND	Subject	GetIsPlayerGhoul	00 00 00 00	00 00 00 00		1.000000	0	Subject.GetIsPlayerGhoul(00 00 00 00, 00 00 00 00) = 1.000000 AND
0084BF8A	GHL_AbPerkBombScientist	1	3	10010000	=	OR	Subject	IsTrueForConditionForm	GHL_HasModerateGlowConsumptionFeralRage_Condition [CNDF:007F79A4]	00 00 00 00		1.000000	0	Subject.IsTrueForConditionForm(GHL_HasModerateGlowConsumptionFeralRage_Condition [CNDF:007F79A4], 00 00 00 00) = 1.000000 OR
0084BF8A	GHL_AbPerkBombScientist	1	4	11000100	>=	AND	Subject	GetValue	Rads "Rads" [AVIF:000002E1]	00 00 00 00		GHL_PowerGlowUseBasic [GLOB:007F68BB]	0	Subject.GetValue(Rads "Rads" [AVIF:000002E1], 00 00 00 00) >= GHL_PowerGlowUseBasic [GLOB:007F68BB] AND
0084BF8A	GHL_AbPerkBombScientist	2	0	10000000	=	AND	Subject	HasPerk	GHL_BombScientist03 "Bomb Scientist" [PERK:007A159B]	00 00 00 00		1.000000	0	Subject.HasPerk(GHL_BombScientist03 "Bomb Scientist" [PERK:007A159B], 00 00 00 00) = 1.000000 AND
0084BF8A	GHL_AbPerkBombScientist	2	1	10000000	=	AND	Subject	GetIsPlayerGhoul	00 00 00 00	00 00 00 00		1.000000	0	Subject.GetIsPlayerGhoul(00 00 00 00, 00 00 00 00) = 1.000000 AND
0084BF8A	GHL_AbPerkBombScientist	2	2	10010000	=	OR	Subject	IsTrueForConditionForm	GHL_HasModerateGlowConsumptionFeralRage_Condition [CNDF:007F79A4]	00 00 00 00		1.000000	0	Subject.IsTrueForConditionForm(GHL_HasModerateGlowConsumptionFeralRage_Condition [CNDF:007F79A4], 00 00 00 00) = 1.000000 OR
0084BF8A	GHL_AbPerkBombScientist	2	3	11000100	>=	AND	Subject	GetValue	Rads "Rads" [AVIF:000002E1]	00 00 00 00		GHL_PowerGlowUseBasic [GLOB:007F68BB]	0	Subject.GetValue(Rads "Rads" [AVIF:000002E1], 00 00 00 00) >= GHL_PowerGlowUseBasic [GLOB:007F68BB] AND
007D2CAD	Burn_NinjaStealthSpell	0	0	10000000	=	AND	Subject	GetDead	00 00 00 00	00 00 00 00		0.000000	0	Subject.GetDead(00 00 00 00, 00 00 00 00) = 0.000000 AND
007D2CAD	Burn_NinjaStealthSpell	0	1	10000000	=	AND	Subject	IsAttacking	00 00 00 00	00 00 00 00		0.000000	0	Subject.IsAttacking(00 00 00 00, 00 00 00 00) = 0.000000 AND
0080108B	Burn_StingwingAbraxoSpit	0	0	10000000	=	AND	Subject	HasPerk	PowerArmorPerk [PERK:0001F8A9]	00 00 00 00		1.000000	0	Subject.HasPerk(PowerArmorPerk [PERK:0001F8A9], 00 00 00 00) = 1.000000 AND
0080108B	Burn_StingwingAbraxoSpit	1	0	10000000	=	AND	Subject	HasPerk	ImmuneToRadiation [PERK:000A2775]	00 00 00 00		0.000000	0	Subject.HasPerk(ImmuneToRadiation [PERK:000A2775], 00 00 00 00) = 0.000000 AND
0080108B	Burn_StingwingAbraxoSpit	3	0	10000000	=	AND	Subject	HasPerk	PowerArmorPerk [PERK:0001F8A9]	00 00 00 00		0.000000	0	Subject.HasPerk(PowerArmorPerk [PERK:0001F8A9], 00 00 00 00) = 0.000000 AND
00802829	Burn_SandstormDoTStagger	1	0	10000000	=	AND	Subject	HasActiveMagicEffect	AntiStaggerEffect "Dodged Stagger" [MGEF:0083D442]	00 00 00 00		0.000000	0	Subject.HasActiveMagicEffect(AntiStaggerEffect "Dodged Stagger" [MGEF:0083D442], 00 00 00 00) = 0.000000 AND
00802829	Burn_SandstormDoTStagger	1	1	10000000	=	AND	Subject	IsInAirOrFloating	00 00 00 00	00 00 00 00		0.000000	0	Subject.IsInAirOrFloating(00 00 00 00, 00 00 00 00) = 0.000000 AND
00802829	Burn_SandstormDoTStagger	2	0	10000000	=	AND	Subject	IsInAirOrFloating	00 00 00 00	00 00 00 00		1.000000	0	Subject.IsInAirOrFloating(00 00 00 00, 00 00 00 00) = 1.000000 AND
0081EC3B	Burn_Bounty_ResilientCloak_SP	0	0	10000000	=	AND	Subject	GetDead	00 00 00 00	00 00 00 00		0.000000	0	Subject.GetDead(00 00 00 00, 00 00 00 00) = 0.000000 AND
0081EC41	Burn_Bounty_ToxicBloodCloak_SP	0	0	10000000	=	AND	Subject	GetDead	00 00 00 00	00 00 00 00		0.000000	0	Subject.GetDead(00 00 00 00, 00 00 00 00) = 0.000000 AND
0081EC3E	Burn_Bounty_FreezingTouchCloak_SP	0	0	10000000	=	AND	Subject	GetDead	00 00 00 00	00 00 00 00		0.000000	0	Subject.GetDead(00 00 00 00, 00 00 00 00) = 0.000000 AND
0081EC46	Burn_Bounty_HealingCloak_SP	0	0	10000000	=	AND	Subject	GetDead	00 00 00 00	00 00 00 00		0.000000	0	Subject.GetDead(00 00 00 00, 00 00 00 00) = 0.000000 AND
0081EC3F	Burn_Bounty_ActiveCamoCloak_SP	0	0	10000000	=	AND	Subject	GetDead	00 00 00 00	00 00 00 00		0.000000	0	Subject.GetDead(00 00 00 00, 00 00 00 00) = 0.000000 AND
0081EC40	Burn_Bounty_VolatileCloak_SP	0	0	10000000	=	AND	Subject	GetDead	00 00 00 00	00 00 00 00		0.000000	0	Subject.GetDead(00 00 00 00, 00 00 00 00) = 0.000000 AND
0081EC43	Burn_Bounty_SwiftFootCloak_SP	0	0	10000000	=	AND	Subject	GetDead	00 00 00 00	00 00 00 00		0.000000	0	Subject.GetDead(00 00 00 00, 00 00 00 00) = 0.000000 AND
0081EC48	Burn_Bounty_ToxicBloodEffect_SP	0	0	10000000	=	AND	Subject	GetDead	00 00 00 00	00 00 00 00		0.000000	0	Subject.GetDead(00 00 00 00, 00 00 00 00) = 0.000000 AND
0082074F	Burn_Bounty_AstroEffect	0	0	10000000	=	AND	Subject	IsSpellTarget	Mutation_BirdBones "Bird Bones" [SPEL:003C403D]	00 00 00 00		0.000000	0	Subject.IsSpellTarget(Mutation_BirdBones "Bird Bones" [SPEL:003C403D], 00 00 00 00) = 0.000000 AND
0082074F	Burn_Bounty_AstroEffect	1	0	10000000	=	AND	Subject	IsSpellTarget	Mutation_Marsupial "Marsupial" [SPEL:004DF1CE]	00 00 00 00		0.000000	0	Subject.IsSpellTarget(Mutation_Marsupial "Marsupial" [SPEL:004DF1CE], 00 00 00 00) = 0.000000 AND
0082074E	Burn_Bounty_Mutation_UnstableIsotope	0	0	10000000	=	AND	Subject	GetDead	00 00 00 00	00 00 00 00		0.000000	0	Subject.GetDead(00 00 00 00, 00 00 00 00) = 0.000000 AND
00820751	Burn_Bounty_UnstableIsotopeCloakSpell	0	0	10000000	=	AND	Subject	GetDead	00 00 00 00	00 00 00 00		0.000000	0	Subject.GetDead(00 00 00 00, 00 00 00 00) = 0.000000 AND
0082446C	zzzBurn_Bounty_BonusDamageForMutations	0	0	10000000	=	AND	Combat Target	GetValue	MutationCount [AVIF:006C2DBA]	00 00 00 00		1.000000	0	Combat Target.GetValue(MutationCount [AVIF:006C2DBA], 00 00 00 00) = 1.000000 AND
0082446C	zzzBurn_Bounty_BonusDamageForMutations	1	0	10000000	=	AND	Combat Target	GetValue	MutationCount [AVIF:006C2DBA]	00 00 00 00		2.000000	0	Combat Target.GetValue(MutationCount [AVIF:006C2DBA], 00 00 00 00) = 2.000000 AND
0082446C	zzzBurn_Bounty_BonusDamageForMutations	2	0	10000000	=	AND	Combat Target	GetValue	MutationCount [AVIF:006C2DBA]	00 00 00 00		3.000000	0	Combat Target.GetValue(MutationCount [AVIF:006C2DBA], 00 00 00 00) = 3.000000 AND
0082446C	zzzBurn_Bounty_BonusDamageForMutations	3	0	10000000	=	AND	Combat Target	GetValue	MutationCount [AVIF:006C2DBA]	00 00 00 00		4.000000	0	Combat Target.GetValue(MutationCount [AVIF:006C2DBA], 00 00 00 00) = 4.000000 AND
0082446C	zzzBurn_Bounty_BonusDamageForMutations	4	0	10000000	=	AND	Combat Target	GetValue	MutationCount [AVIF:006C2DBA]	00 00 00 00		5.000000	0	Combat Target.GetValue(MutationCount [AVIF:006C2DBA], 00 00 00 00) = 5.000000 AND
00825CCA	Burn_Bounty_FrenzySpell	0	0	10000000	=	AND	Subject	GetInFaction	Burn_BountyTargetFaction "Bounty Target Faction" [FACT:007D2B18]	00 00 00 00		0.000000	0	Subject.GetInFaction(Burn_BountyTargetFaction "Bounty Target Faction" [FACT:007D2B18], 00 00 00 00) = 0.000000 AND
00825CCA	Burn_Bounty_FrenzySpell	0	1	10000000	=	AND	Subject	GetIsPlayer	00 00 00 00	00 00 00 00		0.000000	0	Subject.GetIsPlayer(00 00 00 00, 00 00 00 00) = 0.000000 AND
00833A18	Burn_Bounty_HealingEffectSelf_SP	0	0	10000000	=	AND	Subject	GetDead	00 00 00 00	00 00 00 00		0.000000	0	Subject.GetDead(00 00 00 00, 00 00 00 00) = 0.000000 AND
00836589	crBURN_RustGuardWarcry_PerkSpell	0	0	10000000	=	AND	Subject	GetInFaction	Burn_RustRaiderFaction "Rust King's Army Faction" [FACT:007F0A52]	00 00 00 00		1.000000	0	Subject.GetInFaction(Burn_RustRaiderFaction "Rust King's Army Faction" [FACT:007F0A52], 00 00 00 00) = 1.000000 AND
00836589	crBURN_RustGuardWarcry_PerkSpell	0	1	10000000	=	AND	Subject	HasKeyword	Burn_ActorTypeRustKingArmy [KYWD:00833264]	00 00 00 00		1.000000	0	Subject.HasKeyword(Burn_ActorTypeRustKingArmy [KYWD:00833264], 00 00 00 00) = 1.000000 AND
0083658A	crBURN_RustGuardWarcry_CombatCheckSpell	0	0	10000000	=	AND	Subject	GetCombatState	00 00 00 00	00 00 00 00		1.000000	0	Subject.GetCombatState(00 00 00 00, 00 00 00 00) = 1.000000 AND
0083A273	Burn_Bounty_NukaBlast_SP	0	0	10000000	=	AND	Subject	IsBleedingOut	00 00 00 00	00 00 00 00		0.000000	0	Subject.IsBleedingOut(00 00 00 00, 00 00 00 00) = 0.000000 AND
0083A273	Burn_Bounty_NukaBlast_SP	0	1	10000000	=	AND	Subject	GetDead	00 00 00 00	00 00 00 00		0.000000	0	Subject.GetDead(00 00 00 00, 00 00 00 00) = 0.000000 AND
0083AF63	Burn_StingwingSuiciderVFX_SP	0	0	10000000	=	AND	Subject	GetDead	00 00 00 00	00 00 00 00		0.000000	0	Subject.GetDead(00 00 00 00, 00 00 00 00) = 0.000000 AND
0083BDE4	crBURN_ArmoredDeathclaw_KeywordSpell	0	0	10000000	=	AND	Subject	GetInFaction	Burn_RustRaiderFaction "Rust King's Army Faction" [FACT:007F0A52]	00 00 00 00		1.000000	0	Subject.GetInFaction(Burn_RustRaiderFaction "Rust King's Army Faction" [FACT:007F0A52], 00 00 00 00) = 1.000000 AND
0083BDE4	crBURN_ArmoredDeathclaw_KeywordSpell	0	1	10000000	=	AND	Subject	HasKeyword	Burn_ActorTypeRustKingArmy [KYWD:00833264]	00 00 00 00		1.000000	0	Subject.HasKeyword(Burn_ActorTypeRustKingArmy [KYWD:00833264], 00 00 00 00) = 1.000000 AND
0083F95D	Burn_Bounty_Mutation_Chameleon	0	0	10000000	=	AND	Subject	GetGlobalValue	Burn_Bounty_HeadHuntEffects [GLOB:0084DDC3]	00 00 00 00		1.000000	0	Subject.GetGlobalValue(Burn_Bounty_HeadHuntEffects [GLOB:0084DDC3], 00 00 00 00) = 1.000000 AND
0083F95D	Burn_Bounty_Mutation_Chameleon	0	1	10000000	=	AND	Subject	IsSpellTarget	RadX "Rad-X" [ALCH:00024057]	00 00 00 00		0.000000	0	Subject.IsSpellTarget(RadX "Rad-X" [ALCH:00024057], 00 00 00 00) = 0.000000 AND
0083F95D	Burn_Bounty_Mutation_Chameleon	0	2	10000000	=	AND	Subject	WornHasKeyword	ChameleonBlockingArmor [KYWD:00529A16]	00 00 00 00		0.000000	0	Subject.WornHasKeyword(ChameleonBlockingArmor [KYWD:00529A16], 00 00 00 00) = 0.000000 AND
0083F95D	Burn_Bounty_Mutation_Chameleon	0	3	10000000	=	AND	Subject	HasMagicEffectKeyword	MutationChameleonIsAttacking [KYWD:00437AE2]	00 00 00 00		0.000000	0	Subject.HasMagicEffectKeyword(MutationChameleonIsAttacking [KYWD:00437AE2], 00 00 00 00) = 0.000000 AND
0083F95D	Burn_Bounty_Mutation_Chameleon	0	4	10000000	=	AND	Subject	HasMagicEffectKeyword	StealthBoyKeyword [KYWD:0009AC96]	00 00 00 00		0.000000	0	Subject.HasMagicEffectKeyword(StealthBoyKeyword [KYWD:0009AC96], 00 00 00 00) = 0.000000 AND
0083F95D	Burn_Bounty_Mutation_Chameleon	0	5	10000000	=	AND	Subject	IsAttacking	00 00 00 00	00 00 00 00		0.000000	0	Subject.IsAttacking(00 00 00 00, 00 00 00 00) = 0.000000 AND
0083F95D	Burn_Bounty_Mutation_Chameleon	0	6	10000000	=	AND	Subject	IsMoving	00 00 00 00	00 00 00 00		0.000000	0	Subject.IsMoving(00 00 00 00, 00 00 00 00) = 0.000000 AND
0083F95D	Burn_Bounty_Mutation_Chameleon	0	7	10010000	=	OR	Subject	IsWeaponOut	00 00 00 00	00 00 00 00		1.000000	0	Subject.IsWeaponOut(00 00 00 00, 00 00 00 00) = 1.000000 OR
0083F95D	Burn_Bounty_Mutation_Chameleon	0	8	10010000	=	OR	Subject	IsWeaponOut	00 00 00 00	00 00 00 00		2.000000	0	Subject.IsWeaponOut(00 00 00 00, 00 00 00 00) = 2.000000 OR
0083F95D	Burn_Bounty_Mutation_Chameleon	1	0	10000000	=	AND	Subject	GetGlobalValue	Burn_Bounty_HeadHuntEffects [GLOB:0084DDC3]	00 00 00 00		1.000000	0	Subject.GetGlobalValue(Burn_Bounty_HeadHuntEffects [GLOB:0084DDC3], 00 00 00 00) = 1.000000 AND
0083F95D	Burn_Bounty_Mutation_Chameleon	1	1	10000000	=	AND	Subject	IsSpellTarget	RadX "Rad-X" [ALCH:00024057]	00 00 00 00		0.000000	0	Subject.IsSpellTarget(RadX "Rad-X" [ALCH:00024057], 00 00 00 00) = 0.000000 AND
0083F95D	Burn_Bounty_Mutation_Chameleon	1	2	10000000	=	AND	Subject	WornHasKeyword	ChameleonBlockingArmor [KYWD:00529A16]	00 00 00 00		0.000000	0	Subject.WornHasKeyword(ChameleonBlockingArmor [KYWD:00529A16], 00 00 00 00) = 0.000000 AND
0083F95D	Burn_Bounty_Mutation_Chameleon	1	3	10000000	=	AND	Subject	HasMagicEffectKeyword	MutationChameleonIsAttacking [KYWD:00437AE2]	00 00 00 00		0.000000	0	Subject.HasMagicEffectKeyword(MutationChameleonIsAttacking [KYWD:00437AE2], 00 00 00 00) = 0.000000 AND
0083F95D	Burn_Bounty_Mutation_Chameleon	1	4	10000000	=	AND	Subject	HasMagicEffectKeyword	StealthBoyKeyword [KYWD:0009AC96]	00 00 00 00		0.000000	0	Subject.HasMagicEffectKeyword(StealthBoyKeyword [KYWD:0009AC96], 00 00 00 00) = 0.000000 AND
0083F95D	Burn_Bounty_Mutation_Chameleon	1	5	10000000	=	AND	Subject	IsAttacking	00 00 00 00	00 00 00 00		0.000000	0	Subject.IsAttacking(00 00 00 00, 00 00 00 00) = 0.000000 AND
0083F95D	Burn_Bounty_Mutation_Chameleon	1	6	10000000	=	AND	Subject	IsMoving	00 00 00 00	00 00 00 00		0.000000	0	Subject.IsMoving(00 00 00 00, 00 00 00 00) = 0.000000 AND
0083F95D	Burn_Bounty_Mutation_Chameleon	1	7	10010000	=	OR	Subject	IsWeaponOut	00 00 00 00	00 00 00 00		1.000000	0	Subject.IsWeaponOut(00 00 00 00, 00 00 00 00) = 1.000000 OR
0083F95D	Burn_Bounty_Mutation_Chameleon	1	8	10010000	=	OR	Subject	IsWeaponOut	00 00 00 00	00 00 00 00		2.000000	0	Subject.IsWeaponOut(00 00 00 00, 00 00 00 00) = 2.000000 OR
0083F95D	Burn_Bounty_Mutation_Chameleon	2	0	10000000	=	AND	Subject	GetGlobalValue	Burn_Bounty_HeadHuntEffects [GLOB:0084DDC3]	00 00 00 00		1.000000	0	Subject.GetGlobalValue(Burn_Bounty_HeadHuntEffects [GLOB:0084DDC3], 00 00 00 00) = 1.000000 AND
0083F95D	Burn_Bounty_Mutation_Chameleon	2	1	10000000	=	AND	Subject	IsSpellTarget	RadX "Rad-X" [ALCH:00024057]	00 00 00 00		0.000000	0	Subject.IsSpellTarget(RadX "Rad-X" [ALCH:00024057], 00 00 00 00) = 0.000000 AND
0083F95D	Burn_Bounty_Mutation_Chameleon	2	2	10000000	=	AND	Subject	WornHasKeyword	ChameleonBlockingArmor [KYWD:00529A16]	00 00 00 00		0.000000	0	Subject.WornHasKeyword(ChameleonBlockingArmor [KYWD:00529A16], 00 00 00 00) = 0.000000 AND
0083F95D	Burn_Bounty_Mutation_Chameleon	2	3	10000000	=	AND	Subject	HasMagicEffectKeyword	MutationChameleonIsAttacking [KYWD:00437AE2]	00 00 00 00		0.000000	0	Subject.HasMagicEffectKeyword(MutationChameleonIsAttacking [KYWD:00437AE2], 00 00 00 00) = 0.000000 AND
0083F95D	Burn_Bounty_Mutation_Chameleon	2	4	10000000	=	AND	Subject	HasMagicEffectKeyword	StealthBoyKeyword [KYWD:0009AC96]	00 00 00 00		0.000000	0	Subject.HasMagicEffectKeyword(StealthBoyKeyword [KYWD:0009AC96], 00 00 00 00) = 0.000000 AND
0083F95D	Burn_Bounty_Mutation_Chameleon	2	5	10000000	=	AND	Subject	IsAttacking	00 00 00 00	00 00 00 00		0.000000	0	Subject.IsAttacking(00 00 00 00, 00 00 00 00) = 0.000000 AND
0083F95D	Burn_Bounty_Mutation_Chameleon	2	6	10000000	=	AND	Subject	IsMoving	00 00 00 00	00 00 00 00		0.000000	0	Subject.IsMoving(00 00 00 00, 00 00 00 00) = 0.000000 AND
0083F95D	Burn_Bounty_Mutation_Chameleon	2	7	10010000	=	OR	Subject	IsWeaponOut	00 00 00 00	00 00 00 00		1.000000	0	Subject.IsWeaponOut(00 00 00 00, 00 00 00 00) = 1.000000 OR
0083F95D	Burn_Bounty_Mutation_Chameleon	2	8	10010000	=	OR	Subject	IsWeaponOut	00 00 00 00	00 00 00 00		2.000000	0	Subject.IsWeaponOut(00 00 00 00, 00 00 00 00) = 2.000000 OR
0083FE78	zzz_BOUNTY_AbLegendaryGlowingArmorSpell	0	0	10000000	=	AND	Subject	WornApparelHasKeywordCount	zzz_BOUNTY_HasLegendary_Armor_Glowing [KYWD:0083DA44]	00 00 00 00		1.000000	0	Subject.WornApparelHasKeywordCount(zzz_BOUNTY_HasLegendary_Armor_Glowing [KYWD:0083DA44], 00 00 00 00) = 1.000000 AND
0083FE78	zzz_BOUNTY_AbLegendaryGlowingArmorSpell	0	1	10000000	=	AND	Subject	GetCombatState	00 00 00 00	00 00 00 00		0.000000	0	Subject.GetCombatState(00 00 00 00, 00 00 00 00) = 0.000000 AND
0083FE78	zzz_BOUNTY_AbLegendaryGlowingArmorSpell	0	2	10000000	=	AND	Subject	GetIsPlayerGhoul	00 00 00 00	00 00 00 00		1.000000	0	Subject.GetIsPlayerGhoul(00 00 00 00, 00 00 00 00) = 1.000000 AND
0083FE78	zzz_BOUNTY_AbLegendaryGlowingArmorSpell	0	3	10100000	<=	AND	Subject	GetRadshieldPercentage	00 00 00 00	00 00 00 00		10.000000	0	Subject.GetRadshieldPercentage(00 00 00 00, 00 00 00 00) <= 10.000000 AND
0083FE78	zzz_BOUNTY_AbLegendaryGlowingArmorSpell	1	0	10000000	=	AND	Subject	WornApparelHasKeywordCount	zzz_BOUNTY_HasLegendary_Armor_Glowing [KYWD:0083DA44]	00 00 00 00		2.000000	0	Subject.WornApparelHasKeywordCount(zzz_BOUNTY_HasLegendary_Armor_Glowing [KYWD:0083DA44], 00 00 00 00) = 2.000000 AND
0083FE78	zzz_BOUNTY_AbLegendaryGlowingArmorSpell	1	1	10000000	=	AND	Subject	GetCombatState	00 00 00 00	00 00 00 00		0.000000	0	Subject.GetCombatState(00 00 00 00, 00 00 00 00) = 0.000000 AND
0083FE78	zzz_BOUNTY_AbLegendaryGlowingArmorSpell	1	2	10000000	=	AND	Subject	GetIsPlayerGhoul	00 00 00 00	00 00 00 00		1.000000	0	Subject.GetIsPlayerGhoul(00 00 00 00, 00 00 00 00) = 1.000000 AND
0083FE78	zzz_BOUNTY_AbLegendaryGlowingArmorSpell	1	3	10100000	<=	AND	Subject	GetRadshieldPercentage	00 00 00 00	00 00 00 00		20.000000	0	Subject.GetRadshieldPercentage(00 00 00 00, 00 00 00 00) <= 20.000000 AND
0083FE78	zzz_BOUNTY_AbLegendaryGlowingArmorSpell	2	0	10000000	=	AND	Subject	WornApparelHasKeywordCount	zzz_BOUNTY_HasLegendary_Armor_Glowing [KYWD:0083DA44]	00 00 00 00		3.000000	0	Subject.WornApparelHasKeywordCount(zzz_BOUNTY_HasLegendary_Armor_Glowing [KYWD:0083DA44], 00 00 00 00) = 3.000000 AND
0083FE78	zzz_BOUNTY_AbLegendaryGlowingArmorSpell	2	1	10000000	=	AND	Subject	GetCombatState	00 00 00 00	00 00 00 00		0.000000	0	Subject.GetCombatState(00 00 00 00, 00 00 00 00) = 0.000000 AND
0083FE78	zzz_BOUNTY_AbLegendaryGlowingArmorSpell	2	2	10000000	=	AND	Subject	GetIsPlayerGhoul	00 00 00 00	00 00 00 00		1.000000	0	Subject.GetIsPlayerGhoul(00 00 00 00, 00 00 00 00) = 1.000000 AND
0083FE78	zzz_BOUNTY_AbLegendaryGlowingArmorSpell	2	3	10100000	<=	AND	Subject	GetRadshieldPercentage	00 00 00 00	00 00 00 00		30.000000	0	Subject.GetRadshieldPercentage(00 00 00 00, 00 00 00 00) <= 30.000000 AND
0083FE78	zzz_BOUNTY_AbLegendaryGlowingArmorSpell	3	0	10000000	=	AND	Subject	WornApparelHasKeywordCount	zzz_BOUNTY_HasLegendary_Armor_Glowing [KYWD:0083DA44]	00 00 00 00		4.000000	0	Subject.WornApparelHasKeywordCount(zzz_BOUNTY_HasLegendary_Armor_Glowing [KYWD:0083DA44], 00 00 00 00) = 4.000000 AND
0083FE78	zzz_BOUNTY_AbLegendaryGlowingArmorSpell	3	1	10000000	=	AND	Subject	GetCombatState	00 00 00 00	00 00 00 00		0.000000	0	Subject.GetCombatState(00 00 00 00, 00 00 00 00) = 0.000000 AND
0083FE78	zzz_BOUNTY_AbLegendaryGlowingArmorSpell	3	2	10000000	=	AND	Subject	GetIsPlayerGhoul	00 00 00 00	00 00 00 00		1.000000	0	Subject.GetIsPlayerGhoul(00 00 00 00, 00 00 00 00) = 1.000000 AND
0083FE78	zzz_BOUNTY_AbLegendaryGlowingArmorSpell	3	3	10100000	<=	AND	Subject	GetRadshieldPercentage	00 00 00 00	00 00 00 00		40.000000	0	Subject.GetRadshieldPercentage(00 00 00 00, 00 00 00 00) <= 40.000000 AND
0083FE78	zzz_BOUNTY_AbLegendaryGlowingArmorSpell	4	0	10000000	=	AND	Subject	WornApparelHasKeywordCount	zzz_BOUNTY_HasLegendary_Armor_Glowing [KYWD:0083DA44]	00 00 00 00		5.000000	0	Subject.WornApparelHasKeywordCount(zzz_BOUNTY_HasLegendary_Armor_Glowing [KYWD:0083DA44], 00 00 00 00) = 5.000000 AND
0083FE78	zzz_BOUNTY_AbLegendaryGlowingArmorSpell	4	1	10000000	=	AND	Subject	GetCombatState	00 00 00 00	00 00 00 00		0.000000	0	Subject.GetCombatState(00 00 00 00, 00 00 00 00) = 0.000000 AND
0083FE78	zzz_BOUNTY_AbLegendaryGlowingArmorSpell	4	2	10000000	=	AND	Subject	GetIsPlayerGhoul	00 00 00 00	00 00 00 00		1.000000	0	Subject.GetIsPlayerGhoul(00 00 00 00, 00 00 00 00) = 1.000000 AND
0083FE78	zzz_BOUNTY_AbLegendaryGlowingArmorSpell	4	3	10100000	<=	AND	Subject	GetRadshieldPercentage	00 00 00 00	00 00 00 00		50.000000	0	Subject.GetRadshieldPercentage(00 00 00 00, 00 00 00 00) <= 50.000000 AND
0083FE75	BOUNTY_LegendaryGlowingWeaponSpell	0	0	10000000	=	AND	Subject	GetIsPlayerGhoul	00 00 00 00	00 00 00 00		1.000000	0	Subject.GetIsPlayerGhoul(00 00 00 00, 00 00 00 00) = 1.000000 AND
00848D81	Burn_Bounty_FortifyXP_SP	0	0	10000000	=	AND	Target	PlayerHasQuest	BountyHunt_BurningSprings_Headhunt "Burning Springs: Head Hunt" [QUST:007EBDF4]	00 00 00 00		1.000000	0	Target.PlayerHasQuest(BountyHunt_BurningSprings_Headhunt "Burning Springs: Head Hunt" [QUST:007EBDF4], 00 00 00 00) = 1.000000 AND
0084A4E0	BOUNTY_LegendaryArmor_Jagged_HitSpellAttacker	0	0	10000000	=	AND	Subject	IsUsingAltCurveTable	00 00 00 00	00 00 00 00		0.000000	0	Subject.IsUsingAltCurveTable(00 00 00 00, 00 00 00 00) = 0.000000 AND
0084A4E0	BOUNTY_LegendaryArmor_Jagged_HitSpellAttacker	1	0	10000000	=	AND	Subject	IsUsingAltCurveTable	00 00 00 00	00 00 00 00		1.000000	0	Subject.IsUsingAltCurveTable(00 00 00 00, 00 00 00 00) = 1.000000 AND
0084A4E0	BOUNTY_LegendaryArmor_Jagged_HitSpellAttacker	1	1	10000000	=	AND	Subject	WornApparelHasKeywordCount	BOUNTY_HasLegendary_Armor_Jagged [KYWD:00849308]	00 00 00 00		1.000000	0	Subject.WornApparelHasKeywordCount(BOUNTY_HasLegendary_Armor_Jagged [KYWD:00849308], 00 00 00 00) = 1.000000 AND
0084A4E0	BOUNTY_LegendaryArmor_Jagged_HitSpellAttacker	2	0	10000000	=	AND	Subject	IsUsingAltCurveTable	00 00 00 00	00 00 00 00		1.000000	0	Subject.IsUsingAltCurveTable(00 00 00 00, 00 00 00 00) = 1.000000 AND
0084A4E0	BOUNTY_LegendaryArmor_Jagged_HitSpellAttacker	2	1	10000000	=	AND	Subject	WornApparelHasKeywordCount	BOUNTY_HasLegendary_Armor_Jagged [KYWD:00849308]	00 00 00 00		2.000000	0	Subject.WornApparelHasKeywordCount(BOUNTY_HasLegendary_Armor_Jagged [KYWD:00849308], 00 00 00 00) = 2.000000 AND
0084A4E0	BOUNTY_LegendaryArmor_Jagged_HitSpellAttacker	3	0	10000000	=	AND	Subject	IsUsingAltCurveTable	00 00 00 00	00 00 00 00		1.000000	0	Subject.IsUsingAltCurveTable(00 00 00 00, 00 00 00 00) = 1.000000 AND
0084A4E0	BOUNTY_LegendaryArmor_Jagged_HitSpellAttacker	3	1	10000000	=	AND	Subject	WornApparelHasKeywordCount	BOUNTY_HasLegendary_Armor_Jagged [KYWD:00849308]	00 00 00 00		3.000000	0	Subject.WornApparelHasKeywordCount(BOUNTY_HasLegendary_Armor_Jagged [KYWD:00849308], 00 00 00 00) = 3.000000 AND
0084A4E0	BOUNTY_LegendaryArmor_Jagged_HitSpellAttacker	4	0	10000000	=	AND	Subject	IsUsingAltCurveTable	00 00 00 00	00 00 00 00		1.000000	0	Subject.IsUsingAltCurveTable(00 00 00 00, 00 00 00 00) = 1.000000 AND
0084A4E0	BOUNTY_LegendaryArmor_Jagged_HitSpellAttacker	4	1	10000000	=	AND	Subject	WornApparelHasKeywordCount	BOUNTY_HasLegendary_Armor_Jagged [KYWD:00849308]	00 00 00 00		4.000000	0	Subject.WornApparelHasKeywordCount(BOUNTY_HasLegendary_Armor_Jagged [KYWD:00849308], 00 00 00 00) = 4.000000 AND
0084A4E0	BOUNTY_LegendaryArmor_Jagged_HitSpellAttacker	5	0	10000000	=	AND	Subject	IsUsingAltCurveTable	00 00 00 00	00 00 00 00		1.000000	0	Subject.IsUsingAltCurveTable(00 00 00 00, 00 00 00 00) = 1.000000 AND
0084A4E0	BOUNTY_LegendaryArmor_Jagged_HitSpellAttacker	5	1	10000000	=	AND	Subject	WornApparelHasKeywordCount	BOUNTY_HasLegendary_Armor_Jagged [KYWD:00849308]	00 00 00 00		5.000000	0	Subject.WornApparelHasKeywordCount(BOUNTY_HasLegendary_Armor_Jagged [KYWD:00849308], 00 00 00 00) = 5.000000 AND
008521F0	abRaceDustDevil	0	0	10000000	=	AND	Subject	GetGlobalValue	Burn_DustDevil_Push_Enable [GLOB:0086721C]	00 00 00 00		1.000000	0	Subject.GetGlobalValue(Burn_DustDevil_Push_Enable [GLOB:0086721C], 00 00 00 00) = 1.000000 AND
0085315F	Burn_PrisonerCollar_Primed_SP	0	0	10000000	=	AND	Subject	GetDead	00 00 00 00	00 00 00 00		0.000000	0	Subject.GetDead(00 00 00 00, 00 00 00 00) = 0.000000 AND
0085315E	Burn_PrisonerCollar_Explosion_SP	0	0	10000000	=	AND	Subject	GetDead	00 00 00 00	00 00 00 00		0.000000	0	Subject.GetDead(00 00 00 00, 00 00 00 00) = 0.000000 AND
00853E05	Burn_AbraxoNukeWeather_SP	0	0	10000000	=	AND	Subject	HasPerk	PowerArmorPerk [PERK:0001F8A9]	00 00 00 00		1.000000	0	Subject.HasPerk(PowerArmorPerk [PERK:0001F8A9], 00 00 00 00) = 1.000000 AND
00853E05	Burn_AbraxoNukeWeather_SP	1	0	10000000	=	AND	Subject	HasPerk	PowerArmorPerk [PERK:0001F8A9]	00 00 00 00		0.000000	0	Subject.HasPerk(PowerArmorPerk [PERK:0001F8A9], 00 00 00 00) = 0.000000 AND
00885C6D	zzz_SPELL_BuildUp_AdVictoriamSpell	0	0	10000000	=	AND	Subject	GetValue	zzz_AV_AdVictoriam_Buildup "Ad Victoriam Charging" [AVIF:00885C62]	00 00 00 00		2.000000	0	Subject.GetValue(zzz_AV_AdVictoriam_Buildup "Ad Victoriam Charging" [AVIF:00885C62], 00 00 00 00) = 2.000000 AND
00885C6D	zzz_SPELL_BuildUp_AdVictoriamSpell	1	0	10000000	=	AND	Subject	GetValue	zzz_AV_AdVictoriam_Buildup "Ad Victoriam Charging" [AVIF:00885C62]	00 00 00 00		1.000000	0	Subject.GetValue(zzz_AV_AdVictoriam_Buildup "Ad Victoriam Charging" [AVIF:00885C62], 00 00 00 00) = 1.000000 AND
00885C6D	zzz_SPELL_BuildUp_AdVictoriamSpell	2	0	10000000	=	AND	Subject	GetValue	zzz_AV_AdVictoriam_Buildup "Ad Victoriam Charging" [AVIF:00885C62]	00 00 00 00		0.000000	0	Subject.GetValue(zzz_AV_AdVictoriam_Buildup "Ad Victoriam Charging" [AVIF:00885C62], 00 00 00 00) = 0.000000 AND
008AB2C8	RTSV_Bounty_StealthSpell	0	0	10000000	=	AND	Subject	GetDead	00 00 00 00	00 00 00 00		0.000000	0	Subject.GetDead(00 00 00 00, 00 00 00 00) = 0.000000 AND
008AB2C8	RTSV_Bounty_StealthSpell	0	1	10000000	=	AND	Subject	IsInCombat	0	00 00 00 00		1.000000	0	Subject.IsInCombat(0, 00 00 00 00) = 1.000000 AND
008ABB24	AbPerkPortablePower	0	0	10000000	=	AND	Subject	IsSprinting	00 00 00 00	00 00 00 00		0.000000	0	Subject.IsSprinting(00 00 00 00, 00 00 00 00) = 0.000000 AND
008ABB24	AbPerkPortablePower	0	1	10000000	=	AND	Subject	WornHasKeyword	ArmorTypePower [KYWD:0004D8A1]	00 00 00 00		1.000000	0	Subject.WornHasKeyword(ArmorTypePower [KYWD:0004D8A1], 00 00 00 00) = 1.000000 AND
008ABB24	AbPerkPortablePower	0	2	10000000	=	AND	Subject	HasPerk	PortablePower02 "Portable Power" [PERK:00310BFB]	00 00 00 00		0.000000	0	Subject.HasPerk(PortablePower02 "Portable Power" [PERK:00310BFB], 00 00 00 00) = 0.000000 AND
008ABB24	AbPerkPortablePower	1	0	10000000	=	AND	Subject	IsSprinting	00 00 00 00	00 00 00 00		0.000000	0	Subject.IsSprinting(00 00 00 00, 00 00 00 00) = 0.000000 AND
008ABB24	AbPerkPortablePower	1	1	10000000	=	AND	Subject	WornHasKeyword	ArmorTypePower [KYWD:0004D8A1]	00 00 00 00		1.000000	0	Subject.WornHasKeyword(ArmorTypePower [KYWD:0004D8A1], 00 00 00 00) = 1.000000 AND
008ABB24	AbPerkPortablePower	1	2	10000000	=	AND	Subject	HasPerk	PortablePower02 "Portable Power" [PERK:00310BFB]	00 00 00 00		1.000000	0	Subject.HasPerk(PortablePower02 "Portable Power" [PERK:00310BFB], 00 00 00 00) = 1.000000 AND
008ABB24	AbPerkPortablePower	1	3	10000000	=	AND	Subject	HasPerk	PortablePower03 "Portable Power" [PERK:00310BFC]	00 00 00 00		0.000000	0	Subject.HasPerk(PortablePower03 "Portable Power" [PERK:00310BFC], 00 00 00 00) = 0.000000 AND
008ABB24	AbPerkPortablePower	2	0	10000000	=	AND	Subject	IsSprinting	00 00 00 00	00 00 00 00		0.000000	0	Subject.IsSprinting(00 00 00 00, 00 00 00 00) = 0.000000 AND
008ABB24	AbPerkPortablePower	2	1	10000000	=	AND	Subject	WornHasKeyword	ArmorTypePower [KYWD:0004D8A1]	00 00 00 00		1.000000	0	Subject.WornHasKeyword(ArmorTypePower [KYWD:0004D8A1], 00 00 00 00) = 1.000000 AND
008ABB24	AbPerkPortablePower	2	2	10000000	=	AND	Subject	HasPerk	PortablePower03 "Portable Power" [PERK:00310BFC]	00 00 00 00		1.000000	0	Subject.HasPerk(PortablePower03 "Portable Power" [PERK:00310BFC], 00 00 00 00) = 1.000000 AND
008AC4CC	PlayerMovementAbility	0	0	10000000	=	AND	Subject	IsSneaking	00 00 00 00	00 00 00 00		1.000000	0	Subject.IsSneaking(00 00 00 00, 00 00 00 00) = 1.000000 AND
008B0918	RTSV_Stormslasher_HarnesserBuffs	0	0	10000000	=	AND	Subject	GetEquipped	Stormcutter "V63 Zweihaender" [WEAP:0072DF0B]	00 00 00 00		1.000000	0	Subject.GetEquipped(Stormcutter "V63 Zweihaender" [WEAP:0072DF0B], 00 00 00 00) = 1.000000 AND
008B0918	RTSV_Stormslasher_HarnesserBuffs	0	1	10000000	=	AND	Subject	HasPerk	RTSV_Stormslasher_BurningPerk [PERK:008B090F]	00 00 00 00		0.000000	0	Subject.HasPerk(RTSV_Stormslasher_BurningPerk [PERK:008B090F], 00 00 00 00) = 0.000000 AND
008B0918	RTSV_Stormslasher_HarnesserBuffs	0	2	10000000	=	AND	Subject	HasActiveMagicEffect	RTSV_Stormslasher_Harnessed "Harnessed" [MGEF:008B08E3]	00 00 00 00		1.000000	0	Subject.HasActiveMagicEffect(RTSV_Stormslasher_Harnessed "Harnessed" [MGEF:008B08E3], 00 00 00 00) = 1.000000 AND
008B0918	RTSV_Stormslasher_HarnesserBuffs	1	0	10000000	=	AND	Subject	GetEquipped	Stormcutter "V63 Zweihaender" [WEAP:0072DF0B]	00 00 00 00		1.000000	0	Subject.GetEquipped(Stormcutter "V63 Zweihaender" [WEAP:0072DF0B], 00 00 00 00) = 1.000000 AND
008B0918	RTSV_Stormslasher_HarnesserBuffs	1	1	10000000	=	AND	Subject	HasPerk	RTSV_Stormslasher_BurningPerk [PERK:008B090F]	00 00 00 00		0.000000	0	Subject.HasPerk(RTSV_Stormslasher_BurningPerk [PERK:008B090F], 00 00 00 00) = 0.000000 AND
008B0918	RTSV_Stormslasher_HarnesserBuffs	1	2	10000000	=	AND	Subject	HasActiveMagicEffect	RTSV_Stormslasher_Harnessed "Harnessed" [MGEF:008B08E3]	00 00 00 00		1.000000	0	Subject.HasActiveMagicEffect(RTSV_Stormslasher_Harnessed "Harnessed" [MGEF:008B08E3], 00 00 00 00) = 1.000000 AND
008B0918	RTSV_Stormslasher_HarnesserBuffs	2	0	10000000	=	AND	Subject	GetEquipped	Stormcutter "V63 Zweihaender" [WEAP:0072DF0B]	00 00 00 00		1.000000	0	Subject.GetEquipped(Stormcutter "V63 Zweihaender" [WEAP:0072DF0B], 00 00 00 00) = 1.000000 AND
008B0918	RTSV_Stormslasher_HarnesserBuffs	2	1	10000000	=	AND	Subject	HasPerk	RTSV_Stormslasher_BurningPerk [PERK:008B090F]	00 00 00 00		1.000000	0	Subject.HasPerk(RTSV_Stormslasher_BurningPerk [PERK:008B090F], 00 00 00 00) = 1.000000 AND
008B0918	RTSV_Stormslasher_HarnesserBuffs	2	2	10000000	=	AND	Subject	HasActiveMagicEffect	RTSV_Stormslasher_Harnessed "Harnessed" [MGEF:008B08E3]	00 00 00 00		1.000000	0	Subject.HasActiveMagicEffect(RTSV_Stormslasher_Harnessed "Harnessed" [MGEF:008B08E3], 00 00 00 00) = 1.000000 AND
008B0918	RTSV_Stormslasher_HarnesserBuffs	3	0	10000000	=	AND	Subject	GetEquipped	Stormcutter "V63 Zweihaender" [WEAP:0072DF0B]	00 00 00 00		1.000000	0	Subject.GetEquipped(Stormcutter "V63 Zweihaender" [WEAP:0072DF0B], 00 00 00 00) = 1.000000 AND
008B0918	RTSV_Stormslasher_HarnesserBuffs	3	1	10000000	=	AND	Subject	HasPerk	RTSV_Stormslasher_BurningPerk [PERK:008B090F]	00 00 00 00		1.000000	0	Subject.HasPerk(RTSV_Stormslasher_BurningPerk [PERK:008B090F], 00 00 00 00) = 1.000000 AND
008B0918	RTSV_Stormslasher_HarnesserBuffs	3	2	10000000	=	AND	Subject	HasActiveMagicEffect	RTSV_Stormslasher_Harnessed "Harnessed" [MGEF:008B08E3]	00 00 00 00		1.000000	0	Subject.HasActiveMagicEffect(RTSV_Stormslasher_Harnessed "Harnessed" [MGEF:008B08E3], 00 00 00 00) = 1.000000 AND
008B0918	RTSV_Stormslasher_HarnesserBuffs	4	0	10000000	=	AND	Subject	GetEquipped	Stormcutter "V63 Zweihaender" [WEAP:0072DF0B]	00 00 00 00		1.000000	0	Subject.GetEquipped(Stormcutter "V63 Zweihaender" [WEAP:0072DF0B], 00 00 00 00) = 1.000000 AND
008B0918	RTSV_Stormslasher_HarnesserBuffs	4	1	10000000	=	AND	Subject	HasActiveMagicEffect	RTSV_Stormslasher_Harnessed "Harnessed" [MGEF:008B08E3]	00 00 00 00		1.000000	0	Subject.HasActiveMagicEffect(RTSV_Stormslasher_Harnessed "Harnessed" [MGEF:008B08E3], 00 00 00 00) = 1.000000 AND
008B0918	RTSV_Stormslasher_HarnesserBuffs	4	2	10000000	=	AND	Subject	HasPerk	RTSV_Stormslasher_CrusherPerk [PERK:008B0914]	00 00 00 00		1.000000	0	Subject.HasPerk(RTSV_Stormslasher_CrusherPerk [PERK:008B0914], 00 00 00 00) = 1.000000 AND
008B0923	zzzRTSV_Stormslasher_ParalysisSP	0	0	10000000	=	AND	Subject	HasPerk	RTSV_Stormslasher_BurningPerk [PERK:008B090F]	00 00 00 00		0.000000	0	Subject.HasPerk(RTSV_Stormslasher_BurningPerk [PERK:008B090F], 00 00 00 00) = 0.000000 AND
008B148F	RTSV_Stormslasher_FortifyWeaponSpeed	0	0	10000000	=	AND	Subject	GetIsInVATS	00 00 00 00	00 00 00 00		1.000000	0	Subject.GetIsInVATS(00 00 00 00, 00 00 00 00) = 1.000000 AND
008B148F	RTSV_Stormslasher_FortifyWeaponSpeed	0	1	10000000	=	AND	Subject	HasPerk	RTSV_Stormslasher_CrusherPerk [PERK:008B0914]	00 00 00 00		1.000000	0	Subject.HasPerk(RTSV_Stormslasher_CrusherPerk [PERK:008B0914], 00 00 00 00) = 1.000000 AND
008B4608	zzzRTSV_Bounty_CultistResistance	0	0	10000000	=	AND	Subject	GetGlobalValue	zzzRTSV_BountyTarget_AliveCultists [GLOB:008B45FF]	00 00 00 00		3.000000	0	Subject.GetGlobalValue(zzzRTSV_BountyTarget_AliveCultists [GLOB:008B45FF], 00 00 00 00) = 3.000000 AND
008B4608	zzzRTSV_Bounty_CultistResistance	1	0	10000000	=	AND	Subject	GetGlobalValue	zzzRTSV_BountyTarget_AliveCultists [GLOB:008B45FF]	00 00 00 00		3.000000	0	Subject.GetGlobalValue(zzzRTSV_BountyTarget_AliveCultists [GLOB:008B45FF], 00 00 00 00) = 3.000000 AND
008B4608	zzzRTSV_Bounty_CultistResistance	2	0	10000000	=	AND	Subject	GetGlobalValue	zzzRTSV_BountyTarget_AliveCultists [GLOB:008B45FF]	00 00 00 00		3.000000	0	Subject.GetGlobalValue(zzzRTSV_BountyTarget_AliveCultists [GLOB:008B45FF], 00 00 00 00) = 3.000000 AND
008B4608	zzzRTSV_Bounty_CultistResistance	3	0	10000000	=	AND	Subject	GetGlobalValue	zzzRTSV_BountyTarget_AliveCultists [GLOB:008B45FF]	00 00 00 00		3.000000	0	Subject.GetGlobalValue(zzzRTSV_BountyTarget_AliveCultists [GLOB:008B45FF], 00 00 00 00) = 3.000000 AND
008B4608	zzzRTSV_Bounty_CultistResistance	4	0	10000000	=	AND	Subject	GetGlobalValue	zzzRTSV_BountyTarget_AliveCultists [GLOB:008B45FF]	00 00 00 00		3.000000	0	Subject.GetGlobalValue(zzzRTSV_BountyTarget_AliveCultists [GLOB:008B45FF], 00 00 00 00) = 3.000000 AND
008B4608	zzzRTSV_Bounty_CultistResistance	5	0	10000000	=	AND	Subject	GetGlobalValue	zzzRTSV_BountyTarget_AliveCultists [GLOB:008B45FF]	00 00 00 00		2.000000	0	Subject.GetGlobalValue(zzzRTSV_BountyTarget_AliveCultists [GLOB:008B45FF], 00 00 00 00) = 2.000000 AND
008B4608	zzzRTSV_Bounty_CultistResistance	6	0	10000000	=	AND	Subject	GetGlobalValue	zzzRTSV_BountyTarget_AliveCultists [GLOB:008B45FF]	00 00 00 00		2.000000	0	Subject.GetGlobalValue(zzzRTSV_BountyTarget_AliveCultists [GLOB:008B45FF], 00 00 00 00) = 2.000000 AND
008B4608	zzzRTSV_Bounty_CultistResistance	7	0	10000000	=	AND	Subject	GetGlobalValue	zzzRTSV_BountyTarget_AliveCultists [GLOB:008B45FF]	00 00 00 00		2.000000	0	Subject.GetGlobalValue(zzzRTSV_BountyTarget_AliveCultists [GLOB:008B45FF], 00 00 00 00) = 2.000000 AND
008B4608	zzzRTSV_Bounty_CultistResistance	8	0	10000000	=	AND	Subject	GetGlobalValue	zzzRTSV_BountyTarget_AliveCultists [GLOB:008B45FF]	00 00 00 00		2.000000	0	Subject.GetGlobalValue(zzzRTSV_BountyTarget_AliveCultists [GLOB:008B45FF], 00 00 00 00) = 2.000000 AND
008B4608	zzzRTSV_Bounty_CultistResistance	9	0	10000000	=	AND	Subject	GetGlobalValue	zzzRTSV_BountyTarget_AliveCultists [GLOB:008B45FF]	00 00 00 00		2.000000	0	Subject.GetGlobalValue(zzzRTSV_BountyTarget_AliveCultists [GLOB:008B45FF], 00 00 00 00) = 2.000000 AND
008B4608	zzzRTSV_Bounty_CultistResistance	10	0	10000000	=	AND	Subject	GetGlobalValue	zzzRTSV_BountyTarget_AliveCultists [GLOB:008B45FF]	00 00 00 00		1.000000	0	Subject.GetGlobalValue(zzzRTSV_BountyTarget_AliveCultists [GLOB:008B45FF], 00 00 00 00) = 1.000000 AND
008B4608	zzzRTSV_Bounty_CultistResistance	11	0	10000000	=	AND	Subject	GetGlobalValue	zzzRTSV_BountyTarget_AliveCultists [GLOB:008B45FF]	00 00 00 00		1.000000	0	Subject.GetGlobalValue(zzzRTSV_BountyTarget_AliveCultists [GLOB:008B45FF], 00 00 00 00) = 1.000000 AND
008B4608	zzzRTSV_Bounty_CultistResistance	12	0	10000000	=	AND	Subject	GetGlobalValue	zzzRTSV_BountyTarget_AliveCultists [GLOB:008B45FF]	00 00 00 00		1.000000	0	Subject.GetGlobalValue(zzzRTSV_BountyTarget_AliveCultists [GLOB:008B45FF], 00 00 00 00) = 1.000000 AND
008B4608	zzzRTSV_Bounty_CultistResistance	13	0	10000000	=	AND	Subject	GetGlobalValue	zzzRTSV_BountyTarget_AliveCultists [GLOB:008B45FF]	00 00 00 00		1.000000	0	Subject.GetGlobalValue(zzzRTSV_BountyTarget_AliveCultists [GLOB:008B45FF], 00 00 00 00) = 1.000000 AND
008B4608	zzzRTSV_Bounty_CultistResistance	14	0	10000000	=	AND	Subject	GetGlobalValue	zzzRTSV_BountyTarget_AliveCultists [GLOB:008B45FF]	00 00 00 00		1.000000	0	Subject.GetGlobalValue(zzzRTSV_BountyTarget_AliveCultists [GLOB:008B45FF], 00 00 00 00) = 1.000000 AND
0085B9A2	DEL_HTO_Legendary_Weapon_TarnishedSpell	0	0	10000000	=	AND	Subject	GetIsPlayer	00 00 00 00	00 00 00 00		1.000000	0	Subject.GetIsPlayer(00 00 00 00, 00 00 00 00) = 1.000000 AND
0085B9A2	DEL_HTO_Legendary_Weapon_TarnishedSpell	0	1	10000000	=	AND	Subject	WornHasKeyword	HTO_HasLegendary_Weapon_Tarnished [KYWD:0085B984]	00 00 00 00		1.000000	0	Subject.WornHasKeyword(HTO_HasLegendary_Weapon_Tarnished [KYWD:0085B984], 00 00 00 00) = 1.000000 AND
0085B9A2	DEL_HTO_Legendary_Weapon_TarnishedSpell	0	2	10100000	<=	AND	Subject	GetEquippedWeaponHealthPercent	00 00 00 00	00 00 00 00		1.000000	0	Subject.GetEquippedWeaponHealthPercent(00 00 00 00, 00 00 00 00) <= 1.000000 AND
0085B9A2	DEL_HTO_Legendary_Weapon_TarnishedSpell	0	3	11000000	>=	AND	Subject	GetEquippedWeaponHealthPercent	00 00 00 00	00 00 00 00		0.900000	0	Subject.GetEquippedWeaponHealthPercent(00 00 00 00, 00 00 00 00) >= 0.900000 AND
0085B9A2	DEL_HTO_Legendary_Weapon_TarnishedSpell	1	0	10000000	=	AND	Subject	GetIsPlayer	00 00 00 00	00 00 00 00		1.000000	0	Subject.GetIsPlayer(00 00 00 00, 00 00 00 00) = 1.000000 AND
0085B9A2	DEL_HTO_Legendary_Weapon_TarnishedSpell	1	1	10000000	=	AND	Subject	WornHasKeyword	HTO_HasLegendary_Weapon_Tarnished [KYWD:0085B984]	00 00 00 00		1.000000	0	Subject.WornHasKeyword(HTO_HasLegendary_Weapon_Tarnished [KYWD:0085B984], 00 00 00 00) = 1.000000 AND
0085B9A2	DEL_HTO_Legendary_Weapon_TarnishedSpell	1	2	00100000	<	AND	Subject	GetEquippedWeaponHealthPercent	00 00 00 00	00 00 00 00		0.900000	0	Subject.GetEquippedWeaponHealthPercent(00 00 00 00, 00 00 00 00) < 0.900000 AND
0085B9A2	DEL_HTO_Legendary_Weapon_TarnishedSpell	1	3	11000000	>=	AND	Subject	GetEquippedWeaponHealthPercent	00 00 00 00	00 00 00 00		0.800000	0	Subject.GetEquippedWeaponHealthPercent(00 00 00 00, 00 00 00 00) >= 0.800000 AND
0085B9A2	DEL_HTO_Legendary_Weapon_TarnishedSpell	2	0	10000000	=	AND	Subject	GetIsPlayer	00 00 00 00	00 00 00 00		1.000000	0	Subject.GetIsPlayer(00 00 00 00, 00 00 00 00) = 1.000000 AND
0085B9A2	DEL_HTO_Legendary_Weapon_TarnishedSpell	2	1	10000000	=	AND	Subject	WornHasKeyword	HTO_HasLegendary_Weapon_Tarnished [KYWD:0085B984]	00 00 00 00		1.000000	0	Subject.WornHasKeyword(HTO_HasLegendary_Weapon_Tarnished [KYWD:0085B984], 00 00 00 00) = 1.000000 AND
0085B9A2	DEL_HTO_Legendary_Weapon_TarnishedSpell	2	2	00100000	<	AND	Subject	GetEquippedWeaponHealthPercent	00 00 00 00	00 00 00 00		0.800000	0	Subject.GetEquippedWeaponHealthPercent(00 00 00 00, 00 00 00 00) < 0.800000 AND
0085B9A2	DEL_HTO_Legendary_Weapon_TarnishedSpell	2	3	11000000	>=	AND	Subject	GetEquippedWeaponHealthPercent	00 00 00 00	00 00 00 00		0.700000	0	Subject.GetEquippedWeaponHealthPercent(00 00 00 00, 00 00 00 00) >= 0.700000 AND
0085B9A2	DEL_HTO_Legendary_Weapon_TarnishedSpell	3	0	10000000	=	AND	Subject	GetIsPlayer	00 00 00 00	00 00 00 00		1.000000	0	Subject.GetIsPlayer(00 00 00 00, 00 00 00 00) = 1.000000 AND
0085B9A2	DEL_HTO_Legendary_Weapon_TarnishedSpell	3	1	10000000	=	AND	Subject	WornHasKeyword	HTO_HasLegendary_Weapon_Tarnished [KYWD:0085B984]	00 00 00 00		1.000000	0	Subject.WornHasKeyword(HTO_HasLegendary_Weapon_Tarnished [KYWD:0085B984], 00 00 00 00) = 1.000000 AND
0085B9A2	DEL_HTO_Legendary_Weapon_TarnishedSpell	3	2	00100000	<	AND	Subject	GetEquippedWeaponHealthPercent	00 00 00 00	00 00 00 00		0.700000	0	Subject.GetEquippedWeaponHealthPercent(00 00 00 00, 00 00 00 00) < 0.700000 AND
0085B9A2	DEL_HTO_Legendary_Weapon_TarnishedSpell	3	3	11000000	>=	AND	Subject	GetEquippedWeaponHealthPercent	00 00 00 00	00 00 00 00		0.600000	0	Subject.GetEquippedWeaponHealthPercent(00 00 00 00, 00 00 00 00) >= 0.600000 AND
0085B9A2	DEL_HTO_Legendary_Weapon_TarnishedSpell	4	0	10000000	=	AND	Subject	GetIsPlayer	00 00 00 00	00 00 00 00		1.000000	0	Subject.GetIsPlayer(00 00 00 00, 00 00 00 00) = 1.000000 AND
0085B9A2	DEL_HTO_Legendary_Weapon_TarnishedSpell	4	1	10000000	=	AND	Subject	WornHasKeyword	HTO_HasLegendary_Weapon_Tarnished [KYWD:0085B984]	00 00 00 00		1.000000	0	Subject.WornHasKeyword(HTO_HasLegendary_Weapon_Tarnished [KYWD:0085B984], 00 00 00 00) = 1.000000 AND
0085B9A2	DEL_HTO_Legendary_Weapon_TarnishedSpell	4	2	00100000	<	AND	Subject	GetEquippedWeaponHealthPercent	00 00 00 00	00 00 00 00		0.600000	0	Subject.GetEquippedWeaponHealthPercent(00 00 00 00, 00 00 00 00) < 0.600000 AND
0085B9A2	DEL_HTO_Legendary_Weapon_TarnishedSpell	4	3	11000000	>=	AND	Subject	GetEquippedWeaponHealthPercent	00 00 00 00	00 00 00 00		0.500000	0	Subject.GetEquippedWeaponHealthPercent(00 00 00 00, 00 00 00 00) >= 0.500000 AND
0085B9A2	DEL_HTO_Legendary_Weapon_TarnishedSpell	5	0	10000000	=	AND	Subject	GetIsPlayer	00 00 00 00	00 00 00 00		1.000000	0	Subject.GetIsPlayer(00 00 00 00, 00 00 00 00) = 1.000000 AND
0085B9A2	DEL_HTO_Legendary_Weapon_TarnishedSpell	5	1	10000000	=	AND	Subject	WornHasKeyword	HTO_HasLegendary_Weapon_Tarnished [KYWD:0085B984]	00 00 00 00		1.000000	0	Subject.WornHasKeyword(HTO_HasLegendary_Weapon_Tarnished [KYWD:0085B984], 00 00 00 00) = 1.000000 AND
0085B9A2	DEL_HTO_Legendary_Weapon_TarnishedSpell	5	2	00100000	<	AND	Subject	GetEquippedWeaponHealthPercent	00 00 00 00	00 00 00 00		0.500000	0	Subject.GetEquippedWeaponHealthPercent(00 00 00 00, 00 00 00 00) < 0.500000 AND
0085B9A2	DEL_HTO_Legendary_Weapon_TarnishedSpell	5	3	11000000	>=	AND	Subject	GetEquippedWeaponHealthPercent	00 00 00 00	00 00 00 00		0.400000	0	Subject.GetEquippedWeaponHealthPercent(00 00 00 00, 00 00 00 00) >= 0.400000 AND
0085B9A2	DEL_HTO_Legendary_Weapon_TarnishedSpell	6	0	10000000	=	AND	Subject	GetIsPlayer	00 00 00 00	00 00 00 00		1.000000	0	Subject.GetIsPlayer(00 00 00 00, 00 00 00 00) = 1.000000 AND
0085B9A2	DEL_HTO_Legendary_Weapon_TarnishedSpell	6	1	10000000	=	AND	Subject	WornHasKeyword	HTO_HasLegendary_Weapon_Tarnished [KYWD:0085B984]	00 00 00 00		1.000000	0	Subject.WornHasKeyword(HTO_HasLegendary_Weapon_Tarnished [KYWD:0085B984], 00 00 00 00) = 1.000000 AND
0085B9A2	DEL_HTO_Legendary_Weapon_TarnishedSpell	6	2	00100000	<	AND	Subject	GetEquippedWeaponHealthPercent	00 00 00 00	00 00 00 00		0.400000	0	Subject.GetEquippedWeaponHealthPercent(00 00 00 00, 00 00 00 00) < 0.400000 AND
0085B9A2	DEL_HTO_Legendary_Weapon_TarnishedSpell	6	3	11000000	>=	AND	Subject	GetEquippedWeaponHealthPercent	00 00 00 00	00 00 00 00		0.300000	0	Subject.GetEquippedWeaponHealthPercent(00 00 00 00, 00 00 00 00) >= 0.300000 AND
0085B9A2	DEL_HTO_Legendary_Weapon_TarnishedSpell	7	0	10000000	=	AND	Subject	GetIsPlayer	00 00 00 00	00 00 00 00		1.000000	0	Subject.GetIsPlayer(00 00 00 00, 00 00 00 00) = 1.000000 AND
0085B9A2	DEL_HTO_Legendary_Weapon_TarnishedSpell	7	1	10000000	=	AND	Subject	WornHasKeyword	HTO_HasLegendary_Weapon_Tarnished [KYWD:0085B984]	00 00 00 00		1.000000	0	Subject.WornHasKeyword(HTO_HasLegendary_Weapon_Tarnished [KYWD:0085B984], 00 00 00 00) = 1.000000 AND
0085B9A2	DEL_HTO_Legendary_Weapon_TarnishedSpell	7	2	00100000	<	AND	Subject	GetEquippedWeaponHealthPercent	00 00 00 00	00 00 00 00		0.300000	0	Subject.GetEquippedWeaponHealthPercent(00 00 00 00, 00 00 00 00) < 0.300000 AND
0085B9A2	DEL_HTO_Legendary_Weapon_TarnishedSpell	7	3	11000000	>=	AND	Subject	GetEquippedWeaponHealthPercent	00 00 00 00	00 00 00 00		0.200000	0	Subject.GetEquippedWeaponHealthPercent(00 00 00 00, 00 00 00 00) >= 0.200000 AND
0085B9A2	DEL_HTO_Legendary_Weapon_TarnishedSpell	8	0	10000000	=	AND	Subject	GetIsPlayer	00 00 00 00	00 00 00 00		1.000000	0	Subject.GetIsPlayer(00 00 00 00, 00 00 00 00) = 1.000000 AND
0085B9A2	DEL_HTO_Legendary_Weapon_TarnishedSpell	8	1	10000000	=	AND	Subject	WornHasKeyword	HTO_HasLegendary_Weapon_Tarnished [KYWD:0085B984]	00 00 00 00		1.000000	0	Subject.WornHasKeyword(HTO_HasLegendary_Weapon_Tarnished [KYWD:0085B984], 00 00 00 00) = 1.000000 AND
0085B9A2	DEL_HTO_Legendary_Weapon_TarnishedSpell	8	2	00100000	<	AND	Subject	GetEquippedWeaponHealthPercent	00 00 00 00	00 00 00 00		0.200000	0	Subject.GetEquippedWeaponHealthPercent(00 00 00 00, 00 00 00 00) < 0.200000 AND
0085B9A2	DEL_HTO_Legendary_Weapon_TarnishedSpell	8	3	11000000	>=	AND	Subject	GetEquippedWeaponHealthPercent	00 00 00 00	00 00 00 00		0.100000	0	Subject.GetEquippedWeaponHealthPercent(00 00 00 00, 00 00 00 00) >= 0.100000 AND
0085B9A2	DEL_HTO_Legendary_Weapon_TarnishedSpell	9	0	10000000	=	AND	Subject	GetIsPlayer	00 00 00 00	00 00 00 00		1.000000	0	Subject.GetIsPlayer(00 00 00 00, 00 00 00 00) = 1.000000 AND
0085B9A2	DEL_HTO_Legendary_Weapon_TarnishedSpell	9	1	10000000	=	AND	Subject	WornHasKeyword	HTO_HasLegendary_Weapon_Tarnished [KYWD:0085B984]	00 00 00 00		1.000000	0	Subject.WornHasKeyword(HTO_HasLegendary_Weapon_Tarnished [KYWD:0085B984], 00 00 00 00) = 1.000000 AND
0085B9A2	DEL_HTO_Legendary_Weapon_TarnishedSpell	9	2	00100000	<	AND	Subject	GetEquippedWeaponHealthPercent	00 00 00 00	00 00 00 00		0.100000	0	Subject.GetEquippedWeaponHealthPercent(00 00 00 00, 00 00 00 00) < 0.100000 AND
0085B9A1	HTO_Legendary_Weapon_SatiatedSpell	0	0	10000000	=	AND	Subject	GetIsPlayerGhoul	00 00 00 00	00 00 00 00		0.000000	0	Subject.GetIsPlayerGhoul(00 00 00 00, 00 00 00 00) = 0.000000 AND
0085B9A1	HTO_Legendary_Weapon_SatiatedSpell	1	0	10000000	=	AND	Subject	GetIsPlayerGhoul	00 00 00 00	00 00 00 00		0.000000	0	Subject.GetIsPlayerGhoul(00 00 00 00, 00 00 00 00) = 0.000000 AND
0085B9A1	HTO_Legendary_Weapon_SatiatedSpell	2	0	10000000	=	AND	Subject	GetIsPlayerGhoul	00 00 00 00	00 00 00 00		1.000000	0	Subject.GetIsPlayerGhoul(00 00 00 00, 00 00 00 00) = 1.000000 AND
0085B9A3	HTO_Legendary_Armor_RagingSpell	0	0	10000000	=	AND	Subject	WornApparelHasKeywordCount	HTO_HasLegendary_Armor_Raging [KYWD:0085B988]	00 00 00 00		1.000000	0	Subject.WornApparelHasKeywordCount(HTO_HasLegendary_Armor_Raging [KYWD:0085B988], 00 00 00 00) = 1.000000 AND
0085B9A3	HTO_Legendary_Armor_RagingSpell	1	0	10000000	=	AND	Subject	WornApparelHasKeywordCount	HTO_HasLegendary_Armor_Raging [KYWD:0085B988]	00 00 00 00		2.000000	0	Subject.WornApparelHasKeywordCount(HTO_HasLegendary_Armor_Raging [KYWD:0085B988], 00 00 00 00) = 2.000000 AND
0085B9A3	HTO_Legendary_Armor_RagingSpell	2	0	10000000	=	AND	Subject	WornApparelHasKeywordCount	HTO_HasLegendary_Armor_Raging [KYWD:0085B988]	00 00 00 00		3.000000	0	Subject.WornApparelHasKeywordCount(HTO_HasLegendary_Armor_Raging [KYWD:0085B988], 00 00 00 00) = 3.000000 AND
0085B9A3	HTO_Legendary_Armor_RagingSpell	3	0	10000000	=	AND	Subject	WornApparelHasKeywordCount	HTO_HasLegendary_Armor_Raging [KYWD:0085B988]	00 00 00 00		4.000000	0	Subject.WornApparelHasKeywordCount(HTO_HasLegendary_Armor_Raging [KYWD:0085B988], 00 00 00 00) = 4.000000 AND
0085B9A3	HTO_Legendary_Armor_RagingSpell	4	0	10000000	=	AND	Subject	WornApparelHasKeywordCount	HTO_HasLegendary_Armor_Raging [KYWD:0085B988]	00 00 00 00		5.000000	0	Subject.WornApparelHasKeywordCount(HTO_HasLegendary_Armor_Raging [KYWD:0085B988], 00 00 00 00) = 5.000000 AND
0086258B	DEL_crEncounterSkullIndexSpell_Medium	0	0	10000000	=	AND	Subject	HasKeyword	HTO_EncounterKeyword [KYWD:0085A382]	00 00 00 00		1.000000	0	Subject.HasKeyword(HTO_EncounterKeyword [KYWD:0085A382], 00 00 00 00) = 1.000000 AND
008625CC	HTO_crEncounterSkullIndexSpell	0	0	10000000	=	AND	Subject	HasKeyword	HTO_EncounterBossKeyword [KYWD:008625CD]	00 00 00 00		1.000000	0	Subject.HasKeyword(HTO_EncounterBossKeyword [KYWD:008625CD], 00 00 00 00) = 1.000000 AND
008625CC	HTO_crEncounterSkullIndexSpell	1	0	10000000	=	AND	Subject	HasKeyword	HTO_EncounterMobKeyword [KYWD:008625CE]	00 00 00 00		1.000000	0	Subject.HasKeyword(HTO_EncounterMobKeyword [KYWD:008625CE], 00 00 00 00) = 1.000000 AND
008625CC	HTO_crEncounterSkullIndexSpell	2	0	10000000	=	AND	Subject	HasKeyword	HTO_EncounterSupportKeyword [KYWD:008625CF]	00 00 00 00		1.000000	0	Subject.HasKeyword(HTO_EncounterSupportKeyword [KYWD:008625CF], 00 00 00 00) = 1.000000 AND
008625CB	DEL_crEncounterSkullIndexSpell_Hard	0	0	10000000	=	AND	Subject	HasKeyword	HTO_EncounterKeyword [KYWD:0085A382]	00 00 00 00		1.000000	0	Subject.HasKeyword(HTO_EncounterKeyword [KYWD:0085A382], 00 00 00 00) = 1.000000 AND
008B739A	RTSV_Bounty_TinyEnraged_VFX_SP	0	0	10000000	=	AND	Subject	GetGlobalValue	RTSV_Bounty_TinyEnragedToggle [GLOB:008B739B]	00 00 00 00		1.000000	0	Subject.GetGlobalValue(RTSV_Bounty_TinyEnragedToggle [GLOB:008B739B], 00 00 00 00) = 1.000000 AND
008B739A	RTSV_Bounty_TinyEnraged_VFX_SP	0	1	10000000	=	AND	Subject	GetDead	00 00 00 00	00 00 00 00		0.000000	0	Subject.GetDead(00 00 00 00, 00 00 00 00) = 0.000000 AND
008B7390	RTSV_Bounty_HealingEffectSelf_SP	0	0	10000000	=	AND	Subject	GetDead	00 00 00 00	00 00 00 00		0.000000	0	Subject.GetDead(00 00 00 00, 00 00 00 00) = 0.000000 AND
008B7382	zzzRTSV_Bounty_AssualtronStealth	0	0	10000000	=	AND	Subject	GetDead	00 00 00 00	00 00 00 00		0.000000	0	Subject.GetDead(00 00 00 00, 00 00 00 00) = 0.000000 AND
008B7382	zzzRTSV_Bounty_AssualtronStealth	0	1	11000000	>=	AND	Subject	GetHealthPercentage	00 00 00 00	00 00 00 00		0.400000	0	Subject.GetHealthPercentage(00 00 00 00, 00 00 00 00) >= 0.400000 AND
008B73CB	RTSV_Bounty_AssualtronStealthy_SP	0	0	10000000	=	AND	Subject	GetDead	00 00 00 00	00 00 00 00		0.000000	0	Subject.GetDead(00 00 00 00, 00 00 00 00) = 0.000000 AND
008B73CB	RTSV_Bounty_AssualtronStealthy_SP	0	1	11000000	>=	AND	Subject	GetHealthPercentage	00 00 00 00	00 00 00 00		0.400000	0	Subject.GetHealthPercentage(00 00 00 00, 00 00 00 00) >= 0.400000 AND
008C28BA	RTSV_Bounty_Subjugator_SP	0	0	10000000	=	AND	Subject	HasSpell	RTSV_Bounty_Subjugator_SP "Red Scare" [SPEL:008C28BA]	00 00 00 00		0.000000	0	Subject.HasSpell(RTSV_Bounty_Subjugator_SP "Red Scare" [SPEL:008C28BA], 00 00 00 00) = 0.000000 AND
008C28BA	RTSV_Bounty_Subjugator_SP	0	1	10000000	=	AND	Subject	GetDead	00 00 00 00	00 00 00 00		0.000000	0	Subject.GetDead(00 00 00 00, 00 00 00 00) = 0.000000 AND
008C28B9	RTSV_Bounty_Stabitha_VFX_SP	0	0	01000000	>	AND	Subject	GetMovementSpeed	00 00 00 00	00 00 00 00		10.000000	0	Subject.GetMovementSpeed(00 00 00 00, 00 00 00 00) > 10.000000 AND
008C28B9	RTSV_Bounty_Stabitha_VFX_SP	0	1	10000000	=	AND	Subject	GetDead	00 00 00 00	00 00 00 00		0.000000	0	Subject.GetDead(00 00 00 00, 00 00 00 00) = 0.000000 AND
008D17A5	RTSV_Bounty_CultistTier_VFX_SP	0	0	10000000	=	AND	Subject	GetGlobalValue	zzzRTSV_BountyTarget_AliveCultists [GLOB:008B45FF]	00 00 00 00		1.000000	0	Subject.GetGlobalValue(zzzRTSV_BountyTarget_AliveCultists [GLOB:008B45FF], 00 00 00 00) = 1.000000 AND
008D17A5	RTSV_Bounty_CultistTier_VFX_SP	0	1	10000000	=	AND	Subject	GetDead	00 00 00 00	00 00 00 00		0.000000	0	Subject.GetDead(00 00 00 00, 00 00 00 00) = 0.000000 AND
008D17A5	RTSV_Bounty_CultistTier_VFX_SP	1	0	10000000	=	AND	Subject	GetGlobalValue	zzzRTSV_BountyTarget_AliveCultists [GLOB:008B45FF]	00 00 00 00		2.000000	0	Subject.GetGlobalValue(zzzRTSV_BountyTarget_AliveCultists [GLOB:008B45FF], 00 00 00 00) = 2.000000 AND
008D17A5	RTSV_Bounty_CultistTier_VFX_SP	1	1	10000000	=	AND	Subject	GetDead	00 00 00 00	00 00 00 00		0.000000	0	Subject.GetDead(00 00 00 00, 00 00 00 00) = 0.000000 AND
008D17A5	RTSV_Bounty_CultistTier_VFX_SP	2	0	10000000	=	AND	Subject	GetGlobalValue	zzzRTSV_BountyTarget_AliveCultists [GLOB:008B45FF]	00 00 00 00		3.000000	0	Subject.GetGlobalValue(zzzRTSV_BountyTarget_AliveCultists [GLOB:008B45FF], 00 00 00 00) = 3.000000 AND
008D17A5	RTSV_Bounty_CultistTier_VFX_SP	2	1	10000000	=	AND	Subject	GetDead	00 00 00 00	00 00 00 00		0.000000	0	Subject.GetDead(00 00 00 00, 00 00 00 00) = 0.000000 AND
008D3854	AbPerkFreightTrain	0	0	10000000	=	AND	Subject	IsSprinting	00 00 00 00	00 00 00 00		1.000000	0	Subject.IsSprinting(00 00 00 00, 00 00 00 00) = 1.000000 AND
008EE4D5	GHL_abPerkBaseRadResist	0	0	10000000	=	AND	Subject	GetIsPlayerGhoul	00 00 00 00	00 00 00 00		1.000000	0	Subject.GetIsPlayerGhoul(00 00 00 00, 00 00 00 00) = 1.000000 AND
008FDB46	HIDE_RadiationHazard	0	0	10000000	=	AND	Subject	GetIsPlayer	00 00 00 00	00 00 00 00		1.000000	0	Subject.GetIsPlayer(00 00 00 00, 00 00 00 00) = 1.000000 AND
00900A94	HIDE_RadiationHazardDeadly	0	0	10010000	=	OR	Subject	GetIsPlayer	00 00 00 00	00 00 00 00		1.000000	0	Subject.GetIsPlayer(00 00 00 00, 00 00 00 00) = 1.000000 OR
00900A94	HIDE_RadiationHazardDeadly	0	1	10000000	=	AND	Subject	HasKeyword	RadiationHealing [KYWD:0023954F]	00 00 00 00		1.000000	0	Subject.HasKeyword(RadiationHealing [KYWD:0023954F], 00 00 00 00) = 1.000000 AND
008F2AEE	AbCrowdControl	0	0	11000000	>=	AND	Subject	GetValue	Kill Streak [AVIF:00000399]	00 00 00 00		1.000000	0	Subject.GetValue(Kill Streak [AVIF:00000399], 00 00 00 00) >= 1.000000 AND
008F2AEF	AbMindOverMatter	0	0	11000000	>=	AND	Subject	GetValue	Kill Streak [AVIF:00000399]	00 00 00 00		1.000000	0	Subject.GetValue(Kill Streak [AVIF:00000399], 00 00 00 00) >= 1.000000 AND
008FBD14	AbPerkMisterSandman	0	0	10000000	=	AND	Subject	WornHasKeyword	HasSilencer [KYWD:001E05D6]	00 00 00 00		1.000000	0	Subject.WornHasKeyword(HasSilencer [KYWD:001E05D6], 00 00 00 00) = 1.000000 AND
008FBD14	AbPerkMisterSandman	0	1	10000000	=	AND	Subject	HasPerk	MisterSandman02 "Mister Sandman" [PERK:001D2490]	00 00 00 00		0.000000	0	Subject.HasPerk(MisterSandman02 "Mister Sandman" [PERK:001D2490], 00 00 00 00) = 0.000000 AND
008FBD14	AbPerkMisterSandman	0	2	10000000	=	AND	Subject	HasPerk	MisterSandman01 "Mister Sandman" [PERK:0004B258]	00 00 00 00		1.000000	0	Subject.HasPerk(MisterSandman01 "Mister Sandman" [PERK:0004B258], 00 00 00 00) = 1.000000 AND
008FBD14	AbPerkMisterSandman	1	0	10000000	=	AND	Subject	WornHasKeyword	HasSilencer [KYWD:001E05D6]	00 00 00 00		1.000000	0	Subject.WornHasKeyword(HasSilencer [KYWD:001E05D6], 00 00 00 00) = 1.000000 AND
008FBD14	AbPerkMisterSandman	1	1	10000000	=	AND	Subject	HasPerk	MisterSandman02 "Mister Sandman" [PERK:001D2490]	00 00 00 00		1.000000	0	Subject.HasPerk(MisterSandman02 "Mister Sandman" [PERK:001D2490], 00 00 00 00) = 1.000000 AND
008FBD14	AbPerkMisterSandman	1	2	10000000	=	AND	Subject	HasPerk	MisterSandman01 "Mister Sandman" [PERK:0004B258]	00 00 00 00		1.000000	0	Subject.HasPerk(MisterSandman01 "Mister Sandman" [PERK:0004B258], 00 00 00 00) = 1.000000 AND
00900A5D	AbPerkConcentratedFire	0	0	10000000	=	AND	Subject	HasPerk	ConcentratedFire02 "Concentrated Fire" [PERK:001D2459]	00 00 00 00		0.000000	0	Subject.HasPerk(ConcentratedFire02 "Concentrated Fire" [PERK:001D2459], 00 00 00 00) = 0.000000 AND
00900A5D	AbPerkConcentratedFire	1	0	10000000	=	AND	Subject	HasPerk	ConcentratedFire02 "Concentrated Fire" [PERK:001D2459]	00 00 00 00		1.000000	0	Subject.HasPerk(ConcentratedFire02 "Concentrated Fire" [PERK:001D2459], 00 00 00 00) = 1.000000 AND
00900A5D	AbPerkConcentratedFire	1	1	10000000	=	AND	Subject	HasPerk	ConcentratedFire03 "Concentrated Fire" [PERK:001D245A]	00 00 00 00		0.000000	0	Subject.HasPerk(ConcentratedFire03 "Concentrated Fire" [PERK:001D245A], 00 00 00 00) = 0.000000 AND
00900A5D	AbPerkConcentratedFire	2	0	10000000	=	AND	Subject	HasPerk	ConcentratedFire03 "Concentrated Fire" [PERK:001D245A]	00 00 00 00		1.000000	0	Subject.HasPerk(ConcentratedFire03 "Concentrated Fire" [PERK:001D245A], 00 00 00 00) = 1.000000 AND
008DC2D0	WorldPets_DeathclawBuff_PetProwess	0	0	10000000	=	AND	Subject	942	D0 17 F2 68	00 00 00 00		1.000000	0	Subject.942(D0 17 F2 68, 00 00 00 00) = 1.000000 AND
008DC2D0	WorldPets_DeathclawBuff_PetProwess	0	1	10000000	=	AND	Subject	942	C8 17 F2 68	00 00 00 00		0.000000	0	Subject.942(C8 17 F2 68, 00 00 00 00) = 0.000000 AND
008DC2D0	WorldPets_DeathclawBuff_PetProwess	0	2	10000000	=	AND	Subject	942	C0 17 F2 68	00 00 00 00		0.000000	0	Subject.942(C0 17 F2 68, 00 00 00 00) = 0.000000 AND
008DC2D0	WorldPets_DeathclawBuff_PetProwess	0	3	10000000	=	AND	Subject	942	B8 17 F2 68	00 00 00 00		0.000000	0	Subject.942(B8 17 F2 68, 00 00 00 00) = 0.000000 AND
008DC2D0	WorldPets_DeathclawBuff_PetProwess	1	0	10000000	=	AND	Subject	942	B0 17 F2 68	00 00 00 00		1.000000	0	Subject.942(B0 17 F2 68, 00 00 00 00) = 1.000000 AND
008DC2D0	WorldPets_DeathclawBuff_PetProwess	1	1	10000000	=	AND	Subject	942	A8 17 F2 68	00 00 00 00		0.000000	0	Subject.942(A8 17 F2 68, 00 00 00 00) = 0.000000 AND
008DC2D0	WorldPets_DeathclawBuff_PetProwess	1	2	10000000	=	AND	Subject	942	A0 17 F2 68	00 00 00 00		0.000000	0	Subject.942(A0 17 F2 68, 00 00 00 00) = 0.000000 AND
008DC2D0	WorldPets_DeathclawBuff_PetProwess	2	0	10000000	=	AND	Subject	942	98 17 F2 68	00 00 00 00		1.000000	0	Subject.942(98 17 F2 68, 00 00 00 00) = 1.000000 AND
008DC2D0	WorldPets_DeathclawBuff_PetProwess	2	1	10000000	=	AND	Subject	942	90 17 F2 68	00 00 00 00		0.000000	0	Subject.942(90 17 F2 68, 00 00 00 00) = 0.000000 AND
008DC2D0	WorldPets_DeathclawBuff_PetProwess	3	0	10000000	=	AND	Subject	942	88 17 F2 68	00 00 00 00		1.000000	0	Subject.942(88 17 F2 68, 00 00 00 00) = 1.000000 AND
008DC2D1	WorldPets_RadhogBuff_PetProwess	0	0	10000000	=	AND	Subject	942	C0 16 F2 68	00 00 00 00		1.000000	0	Subject.942(C0 16 F2 68, 00 00 00 00) = 1.000000 AND
008DC2D1	WorldPets_RadhogBuff_PetProwess	0	1	10000000	=	AND	Subject	942	B8 16 F2 68	00 00 00 00		0.000000	0	Subject.942(B8 16 F2 68, 00 00 00 00) = 0.000000 AND
008DC2D1	WorldPets_RadhogBuff_PetProwess	0	2	10000000	=	AND	Subject	942	B0 16 F2 68	00 00 00 00		0.000000	0	Subject.942(B0 16 F2 68, 00 00 00 00) = 0.000000 AND
008DC2D1	WorldPets_RadhogBuff_PetProwess	0	3	10000000	=	AND	Subject	942	A8 16 F2 68	00 00 00 00		0.000000	0	Subject.942(A8 16 F2 68, 00 00 00 00) = 0.000000 AND
008DC2D1	WorldPets_RadhogBuff_PetProwess	1	0	10000000	=	AND	Subject	942	A0 16 F2 68	00 00 00 00		1.000000	0	Subject.942(A0 16 F2 68, 00 00 00 00) = 1.000000 AND
008DC2D1	WorldPets_RadhogBuff_PetProwess	1	1	10000000	=	AND	Subject	942	98 16 F2 68	00 00 00 00		0.000000	0	Subject.942(98 16 F2 68, 00 00 00 00) = 0.000000 AND
008DC2D1	WorldPets_RadhogBuff_PetProwess	1	2	10000000	=	AND	Subject	942	90 16 F2 68	00 00 00 00		0.000000	0	Subject.942(90 16 F2 68, 00 00 00 00) = 0.000000 AND
008DC2D1	WorldPets_RadhogBuff_PetProwess	2	0	10000000	=	AND	Subject	942	88 16 F2 68	00 00 00 00		1.000000	0	Subject.942(88 16 F2 68, 00 00 00 00) = 1.000000 AND
008DC2D1	WorldPets_RadhogBuff_PetProwess	2	1	10000000	=	AND	Subject	942	80 16 F2 68	00 00 00 00		0.000000	0	Subject.942(80 16 F2 68, 00 00 00 00) = 0.000000 AND
008DC2D1	WorldPets_RadhogBuff_PetProwess	3	0	10000000	=	AND	Subject	942	78 16 F2 68	00 00 00 00		1.000000	0	Subject.942(78 16 F2 68, 00 00 00 00) = 1.000000 AND
008DC2D2	WorldPets_DogBuff_PetProwess	0	0	10000000	=	AND	Subject	942	80 18 F2 68	00 00 00 00		1.000000	0	Subject.942(80 18 F2 68, 00 00 00 00) = 1.000000 AND
008DC2D2	WorldPets_DogBuff_PetProwess	0	1	10000000	=	AND	Subject	942	78 18 F2 68	00 00 00 00		0.000000	0	Subject.942(78 18 F2 68, 00 00 00 00) = 0.000000 AND
008DC2D2	WorldPets_DogBuff_PetProwess	0	2	10000000	=	AND	Subject	942	70 18 F2 68	00 00 00 00		0.000000	0	Subject.942(70 18 F2 68, 00 00 00 00) = 0.000000 AND
008DC2D2	WorldPets_DogBuff_PetProwess	0	3	10000000	=	AND	Subject	942	68 18 F2 68	00 00 00 00		0.000000	0	Subject.942(68 18 F2 68, 00 00 00 00) = 0.000000 AND
008DC2D2	WorldPets_DogBuff_PetProwess	1	0	10000000	=	AND	Subject	942	60 18 F2 68	00 00 00 00		1.000000	0	Subject.942(60 18 F2 68, 00 00 00 00) = 1.000000 AND
008DC2D2	WorldPets_DogBuff_PetProwess	1	1	10000000	=	AND	Subject	942	58 18 F2 68	00 00 00 00		0.000000	0	Subject.942(58 18 F2 68, 00 00 00 00) = 0.000000 AND
008DC2D2	WorldPets_DogBuff_PetProwess	1	2	10000000	=	AND	Subject	942	50 18 F2 68	00 00 00 00		0.000000	0	Subject.942(50 18 F2 68, 00 00 00 00) = 0.000000 AND
008DC2D2	WorldPets_DogBuff_PetProwess	2	0	10000000	=	AND	Subject	942	48 18 F2 68	00 00 00 00		1.000000	0	Subject.942(48 18 F2 68, 00 00 00 00) = 1.000000 AND
008DC2D2	WorldPets_DogBuff_PetProwess	2	1	10000000	=	AND	Subject	942	40 18 F2 68	00 00 00 00		0.000000	0	Subject.942(40 18 F2 68, 00 00 00 00) = 0.000000 AND
008DC2D2	WorldPets_DogBuff_PetProwess	3	0	10000000	=	AND	Subject	942	38 18 F2 68	00 00 00 00		1.000000	0	Subject.942(38 18 F2 68, 00 00 00 00) = 1.000000 AND
008DC2CF	WorldPets_CatBuff_PetProwess	0	0	10000000	=	AND	Subject	942	70 16 F2 68	00 00 00 00		1.000000	0	Subject.942(70 16 F2 68, 00 00 00 00) = 1.000000 AND
008DC2CF	WorldPets_CatBuff_PetProwess	0	1	10000000	=	AND	Subject	942	68 16 F2 68	00 00 00 00		0.000000	0	Subject.942(68 16 F2 68, 00 00 00 00) = 0.000000 AND
008DC2CF	WorldPets_CatBuff_PetProwess	0	2	10000000	=	AND	Subject	942	60 16 F2 68	00 00 00 00		0.000000	0	Subject.942(60 16 F2 68, 00 00 00 00) = 0.000000 AND
008DC2CF	WorldPets_CatBuff_PetProwess	0	3	10000000	=	AND	Subject	942	58 16 F2 68	00 00 00 00		0.000000	0	Subject.942(58 16 F2 68, 00 00 00 00) = 0.000000 AND
008DC2CF	WorldPets_CatBuff_PetProwess	1	0	10000000	=	AND	Subject	942	50 16 F2 68	00 00 00 00		1.000000	0	Subject.942(50 16 F2 68, 00 00 00 00) = 1.000000 AND
008DC2CF	WorldPets_CatBuff_PetProwess	1	1	10000000	=	AND	Subject	942	48 16 F2 68	00 00 00 00		0.000000	0	Subject.942(48 16 F2 68, 00 00 00 00) = 0.000000 AND
008DC2CF	WorldPets_CatBuff_PetProwess	1	2	10000000	=	AND	Subject	942	40 16 F2 68	00 00 00 00		0.000000	0	Subject.942(40 16 F2 68, 00 00 00 00) = 0.000000 AND
008DC2CF	WorldPets_CatBuff_PetProwess	2	0	10000000	=	AND	Subject	942	38 16 F2 68	00 00 00 00		1.000000	0	Subject.942(38 16 F2 68, 00 00 00 00) = 1.000000 AND
008DC2CF	WorldPets_CatBuff_PetProwess	2	1	10000000	=	AND	Subject	942	30 16 F2 68	00 00 00 00		0.000000	0	Subject.942(30 16 F2 68, 00 00 00 00) = 0.000000 AND
008DC2CF	WorldPets_CatBuff_PetProwess	3	0	10000000	=	AND	Subject	942	28 16 F2 68	00 00 00 00		1.000000	0	Subject.942(28 16 F2 68, 00 00 00 00) = 1.000000 AND
00905317	ATX_AbPerk_TeaWizard_LuckyLeaf01	0	0	10000000	=	AND	Subject	GetPlayerTeammateCount	00 00 00 00	00 00 00 00		1.000000	0	Subject.GetPlayerTeammateCount(00 00 00 00, 00 00 00 00) = 1.000000 AND
00905317	ATX_AbPerk_TeaWizard_LuckyLeaf01	1	0	10000000	=	AND	Subject	GetPlayerTeammateCount	00 00 00 00	00 00 00 00		2.000000	0	Subject.GetPlayerTeammateCount(00 00 00 00, 00 00 00 00) = 2.000000 AND
00905317	ATX_AbPerk_TeaWizard_LuckyLeaf01	2	0	10000000	=	AND	Subject	GetPlayerTeammateCount	00 00 00 00	00 00 00 00		3.000000	0	Subject.GetPlayerTeammateCount(00 00 00 00, 00 00 00 00) = 3.000000 AND
0090D2BB	HTO_crFortifyHealthBossSpell	0	0	10000000	=	AND	Subject	GetGlobalValue	HTO_LCP_HostileTakeOver_FortifyHealth_Toggle [GLOB:0090E1C0]	00 00 00 00		1.000000	0	Subject.GetGlobalValue(HTO_LCP_HostileTakeOver_FortifyHealth_Toggle [GLOB:0090E1C0], 00 00 00 00) = 1.000000 AND
0090D2BB	HTO_crFortifyHealthBossSpell	1	0	10000000	=	AND	Subject	GetGlobalValue	HTO_LCP_HostileTakeOver_FortifyHealth_Toggle [GLOB:0090E1C0]	00 00 00 00		2.000000	0	Subject.GetGlobalValue(HTO_LCP_HostileTakeOver_FortifyHealth_Toggle [GLOB:0090E1C0], 00 00 00 00) = 2.000000 AND
0090D2BD	HTO_crFortifyHealthSupportSpell	0	0	10000000	=	AND	Subject	GetGlobalValue	HTO_LCP_HostileTakeOver_FortifyHealth_Toggle [GLOB:0090E1C0]	00 00 00 00		1.000000	0	Subject.GetGlobalValue(HTO_LCP_HostileTakeOver_FortifyHealth_Toggle [GLOB:0090E1C0], 00 00 00 00) = 1.000000 AND
0090D2BD	HTO_crFortifyHealthSupportSpell	1	0	10000000	=	AND	Subject	GetGlobalValue	HTO_LCP_HostileTakeOver_FortifyHealth_Toggle [GLOB:0090E1C0]	00 00 00 00		2.000000	0	Subject.GetGlobalValue(HTO_LCP_HostileTakeOver_FortifyHealth_Toggle [GLOB:0090E1C0], 00 00 00 00) = 2.000000 AND
0090D2BC	HTO_crFortifyHealthMobSpell	0	0	10000000	=	AND	Subject	GetGlobalValue	HTO_LCP_HostileTakeOver_FortifyHealth_Toggle [GLOB:0090E1C0]	00 00 00 00		1.000000	0	Subject.GetGlobalValue(HTO_LCP_HostileTakeOver_FortifyHealth_Toggle [GLOB:0090E1C0], 00 00 00 00) = 1.000000 AND
0090D2BC	HTO_crFortifyHealthMobSpell	1	0	10000000	=	AND	Subject	GetGlobalValue	HTO_LCP_HostileTakeOver_FortifyHealth_Toggle [GLOB:0090E1C0]	00 00 00 00		2.000000	0	Subject.GetGlobalValue(HTO_LCP_HostileTakeOver_FortifyHealth_Toggle [GLOB:0090E1C0], 00 00 00 00) = 2.000000 AND
0091547A	AbSoleSurvivor	0	0	11000000	>=	AND	Subject	GetValue	Kill Streak [AVIF:00000399]	00 00 00 00		1.000000	0	Subject.GetValue(Kill Streak [AVIF:00000399], 00 00 00 00) >= 1.000000 AND
0091C196	ATX_AbPerk_VaultTecGelatinCake_CakeSlice01	0	0	10000000	=	AND	Subject	GetPlayerTeammateCount	00 00 00 00	00 00 00 00		1.000000	0	Subject.GetPlayerTeammateCount(00 00 00 00, 00 00 00 00) = 1.000000 AND
0091C196	ATX_AbPerk_VaultTecGelatinCake_CakeSlice01	1	0	10000000	=	AND	Subject	GetPlayerTeammateCount	00 00 00 00	00 00 00 00		2.000000	0	Subject.GetPlayerTeammateCount(00 00 00 00, 00 00 00 00) = 2.000000 AND
0091C196	ATX_AbPerk_VaultTecGelatinCake_CakeSlice01	2	0	10000000	=	AND	Subject	GetPlayerTeammateCount	00 00 00 00	00 00 00 00		3.000000	0	Subject.GetPlayerTeammateCount(00 00 00 00, 00 00 00 00) = 3.000000 AND
0092A0E9	SDOW_SlasherFanGhost_CamoCloak_spell	0	0	10000000	=	AND	Subject	GetDead	00 00 00 00	00 00 00 00		0.000000	0	Subject.GetDead(00 00 00 00, 00 00 00 00) = 0.000000 AND
0092D088	SDOW_abBlackAndWhiteVision	0	0	10000000	=	AND	Subject	HasKeyword	SDOW_MQ05_Headhunt_Active [KYWD:008F15B4]	00 00 00 00		1.000000	0	Subject.HasKeyword(SDOW_MQ05_Headhunt_Active [KYWD:008F15B4], 00 00 00 00) = 1.000000 AND
0093BD23	WorldPets_DogBuff_Buff02	0	0	10000000	=	AND	Subject	942	20 16 F2 68	00 00 00 00		1.000000	0	Subject.942(20 16 F2 68, 00 00 00 00) = 1.000000 AND
0093BD23	WorldPets_DogBuff_Buff02	0	1	10000000	=	AND	Subject	942	18 16 F2 68	00 00 00 00		0.000000	0	Subject.942(18 16 F2 68, 00 00 00 00) = 0.000000 AND
0093BD23	WorldPets_DogBuff_Buff02	0	2	10000000	=	AND	Subject	942	10 16 F2 68	00 00 00 00		0.000000	0	Subject.942(10 16 F2 68, 00 00 00 00) = 0.000000 AND
0093BD23	WorldPets_DogBuff_Buff02	1	0	10000000	=	AND	Subject	942	08 16 F2 68	00 00 00 00		1.000000	0	Subject.942(08 16 F2 68, 00 00 00 00) = 1.000000 AND
0093BD23	WorldPets_DogBuff_Buff02	1	1	10000000	=	AND	Subject	942	00 16 F2 68	00 00 00 00		0.000000	0	Subject.942(00 16 F2 68, 00 00 00 00) = 0.000000 AND
0093BD23	WorldPets_DogBuff_Buff02	2	0	10000000	=	AND	Subject	942	F8 15 F2 68	00 00 00 00		1.000000	0	Subject.942(F8 15 F2 68, 00 00 00 00) = 1.000000 AND
0093BD19	WorldPets_DeathclawBuff_Buff01	0	0	10000000	=	AND	Subject	942	30 1D F2 68	00 00 00 00		1.000000	0	Subject.942(30 1D F2 68, 00 00 00 00) = 1.000000 AND
0093BD19	WorldPets_DeathclawBuff_Buff01	0	1	10000000	=	AND	Subject	942	68 19 F2 68	00 00 00 00		0.000000	0	Subject.942(68 19 F2 68, 00 00 00 00) = 0.000000 AND
0093BD19	WorldPets_DeathclawBuff_Buff01	0	2	10000000	=	AND	Subject	942	60 19 F2 68	00 00 00 00		0.000000	0	Subject.942(60 19 F2 68, 00 00 00 00) = 0.000000 AND
0093BD19	WorldPets_DeathclawBuff_Buff01	1	0	10000000	=	AND	Subject	942	58 19 F2 68	00 00 00 00		1.000000	0	Subject.942(58 19 F2 68, 00 00 00 00) = 1.000000 AND
0093BD19	WorldPets_DeathclawBuff_Buff01	1	1	10000000	=	AND	Subject	942	50 19 F2 68	00 00 00 00		0.000000	0	Subject.942(50 19 F2 68, 00 00 00 00) = 0.000000 AND
0093BD19	WorldPets_DeathclawBuff_Buff01	2	0	10000000	=	AND	Subject	942	48 19 F2 68	00 00 00 00		1.000000	0	Subject.942(48 19 F2 68, 00 00 00 00) = 1.000000 AND
0093BD1A	WorldPets_CatBuff_Buff02	0	0	10000000	=	AND	Subject	942	10 19 F2 68	00 00 00 00		1.000000	0	Subject.942(10 19 F2 68, 00 00 00 00) = 1.000000 AND
0093BD1A	WorldPets_CatBuff_Buff02	0	1	10000000	=	AND	Subject	942	08 19 F2 68	00 00 00 00		0.000000	0	Subject.942(08 19 F2 68, 00 00 00 00) = 0.000000 AND
0093BD1A	WorldPets_CatBuff_Buff02	0	2	10000000	=	AND	Subject	942	00 19 F2 68	00 00 00 00		0.000000	0	Subject.942(00 19 F2 68, 00 00 00 00) = 0.000000 AND
0093BD1A	WorldPets_CatBuff_Buff02	1	0	10000000	=	AND	Subject	942	F8 18 F2 68	00 00 00 00		1.000000	0	Subject.942(F8 18 F2 68, 00 00 00 00) = 1.000000 AND
0093BD1A	WorldPets_CatBuff_Buff02	1	1	10000000	=	AND	Subject	942	F0 18 F2 68	00 00 00 00		0.000000	0	Subject.942(F0 18 F2 68, 00 00 00 00) = 0.000000 AND
0093BD1A	WorldPets_CatBuff_Buff02	2	0	10000000	=	AND	Subject	942	E8 18 F2 68	00 00 00 00		1.000000	0	Subject.942(E8 18 F2 68, 00 00 00 00) = 1.000000 AND
0093BD18	WorldPets_DeathclawBuff_Buff02	0	0	10000000	=	AND	Subject	942	E0 18 F2 68	00 00 00 00		1.000000	0	Subject.942(E0 18 F2 68, 00 00 00 00) = 1.000000 AND
0093BD18	WorldPets_DeathclawBuff_Buff02	0	1	10000000	=	AND	Subject	942	D8 18 F2 68	00 00 00 00		0.000000	0	Subject.942(D8 18 F2 68, 00 00 00 00) = 0.000000 AND
0093BD18	WorldPets_DeathclawBuff_Buff02	0	2	10000000	=	AND	Subject	942	D0 18 F2 68	00 00 00 00		0.000000	0	Subject.942(D0 18 F2 68, 00 00 00 00) = 0.000000 AND
0093BD18	WorldPets_DeathclawBuff_Buff02	1	0	10000000	=	AND	Subject	942	C8 18 F2 68	00 00 00 00		1.000000	0	Subject.942(C8 18 F2 68, 00 00 00 00) = 1.000000 AND
0093BD18	WorldPets_DeathclawBuff_Buff02	1	1	10000000	=	AND	Subject	942	C0 18 F2 68	00 00 00 00		0.000000	0	Subject.942(C0 18 F2 68, 00 00 00 00) = 0.000000 AND
0093BD18	WorldPets_DeathclawBuff_Buff02	2	0	10000000	=	AND	Subject	942	B8 18 F2 68	00 00 00 00		1.000000	0	Subject.942(B8 18 F2 68, 00 00 00 00) = 1.000000 AND
0093BD21	WorldPets_DogBuff_CarryCapacity	0	0	10000000	=	AND	Subject	942	30 18 F2 68	00 00 00 00		1.000000	0	Subject.942(30 18 F2 68, 00 00 00 00) = 1.000000 AND
0093BD21	WorldPets_DogBuff_CarryCapacity	0	1	10000000	=	AND	Subject	942	28 18 F2 68	00 00 00 00		0.000000	0	Subject.942(28 18 F2 68, 00 00 00 00) = 0.000000 AND
0093BD21	WorldPets_DogBuff_CarryCapacity	0	2	10000000	=	AND	Subject	942	20 18 F2 68	00 00 00 00		0.000000	0	Subject.942(20 18 F2 68, 00 00 00 00) = 0.000000 AND
0093BD21	WorldPets_DogBuff_CarryCapacity	1	0	10000000	=	AND	Subject	942	18 18 F2 68	00 00 00 00		1.000000	0	Subject.942(18 18 F2 68, 00 00 00 00) = 1.000000 AND
0093BD21	WorldPets_DogBuff_CarryCapacity	1	1	10000000	=	AND	Subject	942	10 18 F2 68	00 00 00 00		0.000000	0	Subject.942(10 18 F2 68, 00 00 00 00) = 0.000000 AND
0093BD21	WorldPets_DogBuff_CarryCapacity	2	0	10000000	=	AND	Subject	942	08 18 F2 68	00 00 00 00		1.000000	0	Subject.942(08 18 F2 68, 00 00 00 00) = 1.000000 AND
0093BD1F	WorldPets_RadhogBuff_Buff01	0	0	10000000	=	AND	Subject	942	00 18 F2 68	00 00 00 00		1.000000	0	Subject.942(00 18 F2 68, 00 00 00 00) = 1.000000 AND
0093BD1F	WorldPets_RadhogBuff_Buff01	0	1	10000000	=	AND	Subject	942	F8 17 F2 68	00 00 00 00		0.000000	0	Subject.942(F8 17 F2 68, 00 00 00 00) = 0.000000 AND
0093BD1F	WorldPets_RadhogBuff_Buff01	0	2	10000000	=	AND	Subject	942	F0 17 F2 68	00 00 00 00		0.000000	0	Subject.942(F0 17 F2 68, 00 00 00 00) = 0.000000 AND
0093BD1F	WorldPets_RadhogBuff_Buff01	1	0	10000000	=	AND	Subject	942	E8 17 F2 68	00 00 00 00		1.000000	0	Subject.942(E8 17 F2 68, 00 00 00 00) = 1.000000 AND
0093BD1F	WorldPets_RadhogBuff_Buff01	1	1	10000000	=	AND	Subject	942	E0 17 F2 68	00 00 00 00		0.000000	0	Subject.942(E0 17 F2 68, 00 00 00 00) = 0.000000 AND
0093BD1F	WorldPets_RadhogBuff_Buff01	2	0	10000000	=	AND	Subject	942	D8 17 F2 68	00 00 00 00		1.000000	0	Subject.942(D8 17 F2 68, 00 00 00 00) = 1.000000 AND
0093BD22	WorldPets_RadhogBuff_CarryCapacity	0	0	10000000	=	AND	Subject	942	80 17 F2 68	00 00 00 00		1.000000	0	Subject.942(80 17 F2 68, 00 00 00 00) = 1.000000 AND
0093BD22	WorldPets_RadhogBuff_CarryCapacity	0	1	10000000	=	AND	Subject	942	78 17 F2 68	00 00 00 00		0.000000	0	Subject.942(78 17 F2 68, 00 00 00 00) = 0.000000 AND
0093BD22	WorldPets_RadhogBuff_CarryCapacity	0	2	10000000	=	AND	Subject	942	70 17 F2 68	00 00 00 00		0.000000	0	Subject.942(70 17 F2 68, 00 00 00 00) = 0.000000 AND
0093BD22	WorldPets_RadhogBuff_CarryCapacity	1	0	10000000	=	AND	Subject	942	68 17 F2 68	00 00 00 00		1.000000	0	Subject.942(68 17 F2 68, 00 00 00 00) = 1.000000 AND
0093BD22	WorldPets_RadhogBuff_CarryCapacity	1	1	10000000	=	AND	Subject	942	60 17 F2 68	00 00 00 00		0.000000	0	Subject.942(60 17 F2 68, 00 00 00 00) = 0.000000 AND
0093BD22	WorldPets_RadhogBuff_CarryCapacity	2	0	10000000	=	AND	Subject	942	58 17 F2 68	00 00 00 00		1.000000	0	Subject.942(58 17 F2 68, 00 00 00 00) = 1.000000 AND
0093BD20	WorldPets_DeathclawBuff_CarryCapacity	0	0	10000000	=	AND	Subject	942	20 17 F2 68	00 00 00 00		1.000000	0	Subject.942(20 17 F2 68, 00 00 00 00) = 1.000000 AND
0093BD20	WorldPets_DeathclawBuff_CarryCapacity	0	1	10000000	=	AND	Subject	942	18 17 F2 68	00 00 00 00		0.000000	0	Subject.942(18 17 F2 68, 00 00 00 00) = 0.000000 AND
0093BD20	WorldPets_DeathclawBuff_CarryCapacity	0	2	10000000	=	AND	Subject	942	10 17 F2 68	00 00 00 00		0.000000	0	Subject.942(10 17 F2 68, 00 00 00 00) = 0.000000 AND
0093BD20	WorldPets_DeathclawBuff_CarryCapacity	1	0	10000000	=	AND	Subject	942	08 17 F2 68	00 00 00 00		1.000000	0	Subject.942(08 17 F2 68, 00 00 00 00) = 1.000000 AND
0093BD20	WorldPets_DeathclawBuff_CarryCapacity	1	1	10000000	=	AND	Subject	942	00 17 F2 68	00 00 00 00		0.000000	0	Subject.942(00 17 F2 68, 00 00 00 00) = 0.000000 AND
0093BD20	WorldPets_DeathclawBuff_CarryCapacity	2	0	10000000	=	AND	Subject	942	F8 16 F2 68	00 00 00 00		1.000000	0	Subject.942(F8 16 F2 68, 00 00 00 00) = 1.000000 AND
0093BD1C	WorldPets_CatBuff_Buff01	0	0	10000000	=	AND	Subject	942	50 17 F2 68	00 00 00 00		1.000000	0	Subject.942(50 17 F2 68, 00 00 00 00) = 1.000000 AND
0093BD1C	WorldPets_CatBuff_Buff01	0	1	10000000	=	AND	Subject	942	48 17 F2 68	00 00 00 00		0.000000	0	Subject.942(48 17 F2 68, 00 00 00 00) = 0.000000 AND
0093BD1C	WorldPets_CatBuff_Buff01	0	2	10000000	=	AND	Subject	942	40 17 F2 68	00 00 00 00		0.000000	0	Subject.942(40 17 F2 68, 00 00 00 00) = 0.000000 AND
0093BD1C	WorldPets_CatBuff_Buff01	1	0	10000000	=	AND	Subject	942	38 17 F2 68	00 00 00 00		1.000000	0	Subject.942(38 17 F2 68, 00 00 00 00) = 1.000000 AND
0093BD1C	WorldPets_CatBuff_Buff01	1	1	10000000	=	AND	Subject	942	30 17 F2 68	00 00 00 00		0.000000	0	Subject.942(30 17 F2 68, 00 00 00 00) = 0.000000 AND
0093BD1C	WorldPets_CatBuff_Buff01	2	0	10000000	=	AND	Subject	942	28 17 F2 68	00 00 00 00		1.000000	0	Subject.942(28 17 F2 68, 00 00 00 00) = 1.000000 AND
0093BD1E	WorldPets_DogBuff_Buff01	0	0	10000000	=	AND	Subject	942	E0 66 D6 68	00 00 00 00		1.000000	0	Subject.942(E0 66 D6 68, 00 00 00 00) = 1.000000 AND
0093BD1E	WorldPets_DogBuff_Buff01	0	1	10000000	=	AND	Subject	942	18 63 D6 68	00 00 00 00		0.000000	0	Subject.942(18 63 D6 68, 00 00 00 00) = 0.000000 AND
0093BD1E	WorldPets_DogBuff_Buff01	0	2	10000000	=	AND	Subject	942	10 63 D6 68	00 00 00 00		0.000000	0	Subject.942(10 63 D6 68, 00 00 00 00) = 0.000000 AND
0093BD1E	WorldPets_DogBuff_Buff01	1	0	10000000	=	AND	Subject	942	08 63 D6 68	00 00 00 00		1.000000	0	Subject.942(08 63 D6 68, 00 00 00 00) = 1.000000 AND
0093BD1E	WorldPets_DogBuff_Buff01	1	1	10000000	=	AND	Subject	942	00 63 D6 68	00 00 00 00		0.000000	0	Subject.942(00 63 D6 68, 00 00 00 00) = 0.000000 AND
0093BD1E	WorldPets_DogBuff_Buff01	2	0	10000000	=	AND	Subject	942	F8 62 D6 68	00 00 00 00		1.000000	0	Subject.942(F8 62 D6 68, 00 00 00 00) = 1.000000 AND
0093BD1D	WorldPets_RadhogBuff_Buff02	0	0	10000000	=	AND	Subject	942	40 19 F2 68	00 00 00 00		1.000000	0	Subject.942(40 19 F2 68, 00 00 00 00) = 1.000000 AND
0093BD1D	WorldPets_RadhogBuff_Buff02	0	1	10000000	=	AND	Subject	942	38 19 F2 68	00 00 00 00		0.000000	0	Subject.942(38 19 F2 68, 00 00 00 00) = 0.000000 AND
0093BD1D	WorldPets_RadhogBuff_Buff02	0	2	10000000	=	AND	Subject	942	30 19 F2 68	00 00 00 00		0.000000	0	Subject.942(30 19 F2 68, 00 00 00 00) = 0.000000 AND
0093BD1D	WorldPets_RadhogBuff_Buff02	1	0	10000000	=	AND	Subject	942	28 19 F2 68	00 00 00 00		1.000000	0	Subject.942(28 19 F2 68, 00 00 00 00) = 1.000000 AND
0093BD1D	WorldPets_RadhogBuff_Buff02	1	1	10000000	=	AND	Subject	942	20 19 F2 68	00 00 00 00		0.000000	0	Subject.942(20 19 F2 68, 00 00 00 00) = 0.000000 AND
0093BD1D	WorldPets_RadhogBuff_Buff02	2	0	10000000	=	AND	Subject	942	18 19 F2 68	00 00 00 00		1.000000	0	Subject.942(18 19 F2 68, 00 00 00 00) = 1.000000 AND
0093BD1B	WorldPets_CatBuff_CarryCapacity	0	0	10000000	=	AND	Subject	942	C8 C6 D7 68	00 00 00 00		1.000000	0	Subject.942(C8 C6 D7 68, 00 00 00 00) = 1.000000 AND
0093BD1B	WorldPets_CatBuff_CarryCapacity	0	1	10000000	=	AND	Subject	942	00 C3 D7 68	00 00 00 00		0.000000	0	Subject.942(00 C3 D7 68, 00 00 00 00) = 0.000000 AND
0093BD1B	WorldPets_CatBuff_CarryCapacity	0	2	10000000	=	AND	Subject	942	F8 C2 D7 68	00 00 00 00		0.000000	0	Subject.942(F8 C2 D7 68, 00 00 00 00) = 0.000000 AND
0093BD1B	WorldPets_CatBuff_CarryCapacity	1	0	10000000	=	AND	Subject	942	F0 C2 D7 68	00 00 00 00		1.000000	0	Subject.942(F0 C2 D7 68, 00 00 00 00) = 1.000000 AND
0093BD1B	WorldPets_CatBuff_CarryCapacity	1	1	10000000	=	AND	Subject	942	E8 C2 D7 68	00 00 00 00		0.000000	0	Subject.942(E8 C2 D7 68, 00 00 00 00) = 0.000000 AND
0093BD1B	WorldPets_CatBuff_CarryCapacity	2	0	10000000	=	AND	Subject	942	E0 C2 D7 68	00 00 00 00		0.000000	0	Subject.942(E0 C2 D7 68, 00 00 00 00) = 0.000000 AND
00951687	HIDE_cr_Electrified_CloakHazard	0	0	10000000	=	AND	Subject	IsHostileToActor	TARGET - Target Reference [00000000]	00 00 00 00		1.000000	0	Subject.IsHostileToActor(TARGET - Target Reference [00000000], 00 00 00 00) = 1.000000 AND
