SPEL_FormID	SPEL_EDID	SPEL_FULL	SPEL_DESC	SPIT_Type	SPIT_CastType	SPIT_Delivery	SpellConditions
000390C0	PowerArmorPerkSpell			Spell	Constant Effect	Self	
0003495F	AbRaceMolerat			Ability	Constant Effect	Self	
0002866A	AbRaceBloodbug			Ability	Constant Effect	Self	
00023F1B	WaterRadiationHazard	Water Radiation		Disease	Constant Effect	Self	
00024FBF	WaterRadiationDrinkingDirty	Water		Spell	Fire and Forget	Self	
00021E7F	AbRaceDeathclaw			Ability	Constant Effect	Self	
0004A0D3	AbPerkLifeGiver	Life Giver		Ability	Constant Effect	Self	
0004B252	AbPerkStrongBack	Strong Back		Ability	Constant Effect	Self	
0004B260	AbPerkRockSteady	Rock Steady		Ability	Constant Effect	Self	
0004B269	AbPerkWellGroomed	Well Groomed		Ability	Constant Effect	Self	
0004C93A	AbPerkNightPerson	Night Person		Ability	Constant Effect	Self	
0004D86C	AbPerkCyborg	Cyborg		Ability	Constant Effect	Self	
0004D871	AbPerkActionBoyGirl	Action Boy/Girl		Ability	Constant Effect	Self	
0004D884	AbPerkNerdRage	Nerd Rage		Ability	Constant Effect	Self	
0004D8A9	AbPerkSolarPowered	Solar Powered		Ability	Constant Effect	Self	
0004DDEF	AbPerkMovingTarget1	Moving Target		Ability	Constant Effect	Self	
0005240D	PerkParalyze	Paralyze		Spell	Fire and Forget	Contact	
00052411	AbPerkUnstoppable	Unstoppable		Ability	Constant Effect	Self	
00020755	PerkPacify	Perk Pacify		Spell	Constant Effect	Self	
00029478	AbRaceBloatfly			Ability	Constant Effect	Self	
00036663	crBloatflyFrenzySpell	Bloatfly Frenzy		Ability	Constant Effect	Self	
0003E061	AbAddictionAlcohol	Alcohol Addiction		Addiction	Constant Effect	Self	
0004BAE0	AbAddictionBuffout	Buffout Addiction		Addiction	Constant Effect	Self	
0004BAE2	AbAddictionMentats	Mentats Addiction		Addiction	Constant Effect	Self	
0004BAE3	AbAddictionPsycho	Psycho Addiction		Addiction	Constant Effect	Self	
0004BAE4	AbAddictionMedX	Med-X Addiction		Addiction	Constant Effect	Self	
0004C47C	AbRaceMirelurk	Mirelurk abilities		Ability	Constant Effect	Self	
0004C47E	AbPerkLeadBelly	Lead Belly		Ability	Constant Effect	Self	
0004D6B9	AbPerkRadResistance	Rad Resistance		Ability	Constant Effect	Self	
0005B2E0	PerkCannibalHeal	Cannibal Heal		Spell	Fire and Forget	Self	
0005C528	SURV_WellRested	Rested		Spell	Fire and Forget	Self	
0005C52F	HealLimbs	Heal Limbs		Spell	Fire and Forget	Self	
0005DD98	AbPerkAbsorbRadiation	Absorb Radiation		Ability	Fire and Forget	Self	
0005E1C9	abDeathClawClawsSpell			Ability	Fire and Forget	Contact	
000636DD	AbRaceRadScorpion	Mirelurk abilities		Ability	Constant Effect	Self	
0006AB35	AbPerkVANS	Vault Assisted Navigation System		Ability	Constant Effect	Self	
0006D2E2	PoisonStingwingBite	Stingwing Poison		Spell	Fire and Forget	Contact	
000731B2	CritLaser			Spell	Fire and Forget	Self	
0008381F	HazardRadiationCarExplosion	Radiation		Spell	Concentration	Contact	
0009252C	RadiationHazardLight	Light Radiation		Spell	Concentration	Contact	
0009253D	RadiationHazardStrong	Strong Radiation		Spell	Concentration	Contact	
0009253E	RadiationHazardDeadly	Deadly Radiation		Spell	Concentration	Contact	
0003CC96	SpellVANS	VANS		Spell	Fire and Forget	Self	
00064C64	AbRaceMirkelurkHunter	Mirelurk abilities		Ability	Constant Effect	Self	
000986CB	abGunButtKnockbackSpell			Ability	Fire and Forget	Contact	
000A564A	crGlowingOneBurst	Radiation Explosion		Spell	Fire and Forget	Self	
000A7D74	CigaretteLightSpell			Spell	Constant Effect	Self	
000ADF5C	GenericBrawlConfidenceBoost	Brawl confidence		Ability	Constant Effect	Self	
000B1ECD	WaterFountainDrinkingDirty	Water		Spell	Fire and Forget	Self	
000B268E	AbRaceRobots	Robot abilities		Ability	Constant Effect	Self	
000BA450	mod_Lining_FieldGen_Radiation_Spell_1	FieldGen Radiation Spell		Spell	Concentration	Contact	
000BA457	mod_Lining_FieldGen_Radiation_Spell_2	FieldGen Radiation Spell		Spell	Concentration	Contact	
000BA458	mod_Lining_FieldGen_Radiation_Spell_3	FieldGen Radiation Spell		Spell	Concentration	Contact	
000BA459	mod_Lining_FieldGen_Radiation_Spell_4	FieldGen Radiation Spell		Spell	Concentration	Contact	
000BA461	mod_Lining_FieldGen_EMP_Spell_2	FieldGen EMP Spell 2		Spell	Concentration	Contact	
000BA462	mod_Lining_FieldGen_EMP_Spell_1	FieldGen EMP Spell		Spell	Concentration	Contact	
000BA463	mod_Lining_FieldGen_EMP_Spell_3	FieldGen EMP Spell 3		Spell	Concentration	Contact	
000BA464	mod_Lining_FieldGen_EMP_Spell_4	FieldGen EMP Spell 4		Spell	Concentration	Contact	
000CA9A0	AbPerkRefractor	Refractor		Ability	Constant Effect	Self	
000DF451	RadiationHazardToken	Radiation		Spell	Concentration	Contact	
000E36FB	AbPerkAquaboy	Aquaboy		Ability	Constant Effect	Self	
000ED6DD	AbGenericBrawlPreventLimbDamage			Ability	Constant Effect	Self	
000F248B	TrapOilFireHazard	Strong Fire Hazard		Spell	Concentration	Contact	
000F3C1D	LoversEmbracePerkSpell	Lover's Embrace		Spell	Fire and Forget	Self	
000DB3AD	crGlowingOneCloak	Radiation Cloak		Ability	Constant Effect	Self	
00102797	AbRaceMirelurkQueen	Mirelurk abilities		Ability	Constant Effect	Self	
00106FBB	crYaoGuaiRoarFearSpell	Yao Guai Roar Fear Spell		Spell	Fire and Forget	Self	
00115A93	PoisonRadstagHorn	Radstag Infection		Spell	Fire and Forget	Contact	
00115EA3	RadstagCorruption	Radstag Corruption		Spell	Fire and Forget	Contact	
00115EA4	crGlowingRadstagCloak	Radiation Cloak		Ability	Constant Effect	Self	
00115EB0	PoisonRadscorpion	Radscorpion Poison		Spell	Fire and Forget	Contact	
00116007	AbRaceTurretTripod			Ability	Constant Effect	Self	
0011669C	crGlowingRadscorpionCloak	Radiation Cloak		Ability	Constant Effect	Self	
001166A4	crGlow02Burst	Radiation Explosion		Spell	Fire and Forget	Self	
0011680D	terminalhackerTurretSabotageSpell	Overclocking_Subroutine		Spell	Constant Effect	Self	
00122E6B	AbRaceEyebot			Ability	Constant Effect	Self	
0012772C	jetpackSpell	Jet Paaaaaaaaaaaaaaaaaaaaack!		Ability	Constant Effect	Self	
00135F0B	AbPerkMagWSGCarry	Backpacking		Ability	Constant Effect	Self	
00139F8C	CritPlasma			Spell	Fire and Forget	Self	
00140F27	TrapElectricArcSpell			Spell	Fire and Forget	Aimed	
001423A3	crGlowingMirelurkCloak	Radiation Cloak		Ability	Constant Effect	Self	
001423A4	crGlowingMirelurkHunterCloak	Radiation Cloak		Ability	Constant Effect	Self	
001423A5	crGlowingMirelurkKingCloak	Radiation Cloak		Ability	Constant Effect	Self	
001423A6	crGlowingCarrionGhoulCloak	Radiation Cloak		Ability	Constant Effect	Self	
001423B9	crGlowingBloodbugCloak	Radiation Cloak		Ability	Constant Effect	Self	
001423BA	PoisonBloodbug	Bloodbug Infection		Spell	Fire and Forget	Contact	
001423C0	crGlowingStingwingCloak	Radiation Cloak		Ability	Constant Effect	Self	
00144AB2	crBehemothSlam	Behemoth Slam		Spell	Fire and Forget	Contact	
001478EC	CritFire			Spell	Fire and Forget	Self	
001478ED	CritCryo			Spell	Fire and Forget	Self	
0014AE57	PoisonMirelurkHunter	Hunter Poison		Spell	Fire and Forget	Contact	
0014D17A	crBehemothStomp	Behemoth Stomp		Spell	Fire and Forget	Contact	
001504F3	BloodbugHeal	Drink Blood		Spell	Fire and Forget	Self	
0015A197	AbRaceSuperMutant	Super Mutant abilities		Ability	Constant Effect	Self	
001680CA	AbRaceAssaultron			Ability	Constant Effect	Self	
00169635	MirelurkSpawnQueenSpell			Spell	Fire and Forget	Aimed	
0016968F	AbPerkMagAP			Ability	Constant Effect	Self	
00169694	AbPerkMagPoisonResist			Ability	Constant Effect	Self	
00169697	AbPerkMagRadResist			Ability	Constant Effect	Self	
00171782	PerkPainTrainHitSpell	Applied to target by cloak effect		Spell	Concentration	Contact	
00171784	abPerkPainTrain	Pain Train		Ability	Constant Effect	Self	
0017FCEA	crGlowingBloatflyCloak	Radiation Cloak		Ability	Constant Effect	Self	
0017FCEB	crBloatflyRadHazard	Radiation		Spell	Concentration	Contact	
0017FCF7	crMirelurkRadHazard	Radiation		Spell	Concentration	Contact	
0017FCF8	crMirelurkHunterRadHazard	Radiation		Spell	Concentration	Contact	
0017FCF9	crMirelurkKingRadHazard	Radiation		Spell	Concentration	Contact	
0017FCFA	crMirelurkQueenRadHazard	Radiation		Spell	Concentration	Contact	
0017FCFB	crBloodbugRadHazard	Radiation		Spell	Concentration	Contact	
0017FCFC	crStingwingRadHazard	Radiation		Spell	Concentration	Contact	
0017FCFD	crDogRadHazard	Radiation		Spell	Concentration	Contact	
0017FCFE	crRadstagRadHazard	Radiation		Spell	Concentration	Contact	
0017FCFF	crYaoGuaiRadHazard	Radiation		Spell	Concentration	Contact	
0017FD00	crMoleratRadHazard	Radiation		Spell	Concentration	Contact	
0017FD01	crGlowingYaoGuaiCloak	Radiation Cloak		Ability	Constant Effect	Self	
0017FD03	crRadscorpionRadHazard	Radiation		Spell	Concentration	Contact	
0017FD04	crGlowingDogCloak	Radiation Cloak		Ability	Constant Effect	Self	
0017FD05	PoisonViciousDog	Canine Infection		Spell	Fire and Forget	Contact	
001832F9	crGlowingMoleratCloak	Radiation Cloak		Ability	Constant Effect	Self	
001832FA	zzzPoisonMolerat	Molerat Infection		Spell	Fire and Forget	Contact	
00183300	crGlowingDeathclawCloak	Radiation Cloak		Ability	Constant Effect	Self	
00183302	crDeathclawRadHazard	Radiation		Spell	Concentration	Contact	
00184D85	ReconScopeSpell	Recon Scope Spell		Spell	Fire and Forget	Target Actor	
00195599	terminalHackerTurretConfidenceSpell	turretConfidence		Ability	Constant Effect	Self	
001955B7	AbRaceRadstag			Ability	Constant Effect	Self	
0019FFBA	abDeathMessage	Death Message		Ability	Constant Effect	Self	
001A85CF	crGlowingMutantHoundCloak	Radiation Cloak		Ability	Constant Effect	Self	
0002B6D7	AbRaceProtectron			Ability	Constant Effect	Self	
00041EC8	TrapElectricArcSpellV111			Spell	Fire and Forget	Aimed	
0004AB42	crMirelurkKingBlurCloak	Blur Cloak		Spell	Fire and Forget	Self	
0007C719	SpellPowerArmor_TeslaBracers			Spell	Fire and Forget	Contact	
00085332	AbBoSPaladin	Paladin		Ability	Constant Effect	Self	
00097344	AbPerkRootedDisarm	Disarm on attack		Ability	Constant Effect	Self	
000976E5	SpellPowerArmor_Stealth	Stealth Field		Disease	Constant Effect	Self	
000A599A	AnRRInTheBloodSpell			Ability	Constant Effect	Self	
000B73A6	AbRaceGlowingOne	Glowing One abilities		Ability	Constant Effect	Self	
000C9798	AbRaceStingwing			Ability	Constant Effect	Self	
000CF5F0	DisarmSpell	Disarm		Spell	Fire and Forget	Contact	
000D3FC6	BossAbility01			Ability	Constant Effect	Self	
00156D0A	AbAddictionFury	Fury Addiction		Addiction	Constant Effect	Self	
00156D0C	AbAddictionCalmex	Calmex Addiction		Addiction	Constant Effect	Self	
00156D0D	AbAddictionXCell	X-Cell Addiction		Addiction	Constant Effect	Self	
00156D0E	AbAddictionDaddyO	Daddy-O Addiction		Addiction	Constant Effect	Self	
00156D0F	AbAddictionDaytripper	Daytripper Addiction		Addiction	Constant Effect	Self	
00156D10	AbAddictionOverdrive	Overdrive Addiction		Addiction	Constant Effect	Self	
0016CA43	crGlowingRadroachCloak	Radiation Cloak		Ability	Constant Effect	Self	
0017E79B	RESceneLC01HealthBuff	Fortify Health		Ability	Constant Effect	Self	
0017E8FA	BlindnessSpell	Blindness Spell		Spell	Fire and Forget	Self	
0018C35A	CryoFreezeSpell	Freezing		Ability	Constant Effect	Self	
0019401C	crCoreMeltdownCloak01	Radiation Cloak		Ability	Constant Effect	Self	
00195904	FireHazard	Fire Hazard		Spell	Fire and Forget	Contact	
001B1FF4	RadiationImmunity	Immune to Radiation		Ability	Constant Effect	Self	
001B34CD	PowerArmor_TargetingHUD_Spell	Targeting HUD		Spell	Concentration	Contact	
001C4026	QuietReflection	Quiet Reflection		Spell	Fire and Forget	Self	
001C501F	AbPerkMagHealthRegen	Regenerate Health		Ability	Constant Effect	Self	
001C5E7B	RadStormSpell	Radiation Storm		Spell	Fire and Forget	Self	
001C63EA	AbPerkMagSwimSpeed			Ability	Constant Effect	Self	
001C6BCA	CritMirelurkQueen			Spell	Fire and Forget	Self	
001C9A6A	CureAddictions	Cure Addictions		Spell	Fire and Forget	Self	
001CCDA3	LegendaryCreatureChance_AbConvertLegendaryCreature	LegendaryChance_AbConvertLegendaryCreature		Ability	Constant Effect	Self	
001CFB14	assaultronStealthSpell	Stealth Spell		Ability	Constant Effect	Self	
001D246C	abPerkLoneWanderer	Lone Wanderer		Ability	Constant Effect	Self	
001D2481	AbPerkRooted	Fortify Damage Resistance		Ability	Constant Effect	Self	
001D33D6	PerkStagger	Stagger		Spell	Fire and Forget	Contact	
001D4AB4	SlowTime	Slow Time		Spell	Fire and Forget	Self	
001D4AB8	PerkDogmeatBleedingDmg	Bleeding Damage		Spell	Fire and Forget	Contact	
001E325A	PerkSneakInvisibility	Invisibility		Spell	Fire and Forget	Contact	
001E4502	AbMirelurkKingCloakSpell			Ability	Constant Effect	Self	
001E4506	CritLaserLtBlue			Spell	Fire and Forget	Self	
001FA241	abPerkRadResistant	Rad Resistant		Ability	Constant Effect	Self	
001FA245	Legendary_2xDmg	Double Damage		Spell	Fire and Forget	Self	
001FE6A3	WaterRadiationHighHazard	High Water Radiation		Disease	Constant Effect	Self	
001FE6A4	WaterRadiationHighDrinkingToxic	Toxic Water		Spell	Fire and Forget	Self	
001FE6AE	zzzLegendary_Radioactive	Radioactive		Spell	Fire and Forget	Self	
001FE6B4	Legendary_Poison	Poison		Spell	Fire and Forget	Self	
001FE6B7	Legendary_PoisonAttack	Poison Attack		Spell	Fire and Forget	Contact	
001FE6BA	Legendary_Accuracy	Accuracy		Spell	Fire and Forget	Self	
00204143	WorkshopTrapFlamethrowerSpell			Spell	Concentration	Aimed	
00209471	AbPainTrainImpactLanding	Impact Landing		Ability	Constant Effect	Self	
00215CD3	abDogmeatHealthBonus			Ability	Constant Effect	Self	
00215CD6	PerkFortuneFinderSpell	Shower of Caps		Spell	Fire and Forget	Contact	
00215E07	HazardRadiationNukaGrenadeSpell	Radiation		Spell	Concentration	Contact	
0021C007	GlowingLootDrop	Glowing Loot Drop		Ability	Constant Effect	Self	
00225179	DetectLifeSpell	Detect Life		Spell	Fire and Forget	Self	
0022517A	DetectLifePACloakSpell	Detect Life		Spell	Concentration	Aimed	
0022517F	DetectLifeCloakHostileSpell	Detect Life Hostile Cloak		Spell	Concentration	Aimed	
00225181	DetectLifeHostileSpell	Detect Life		Spell	Fire and Forget	Self	
00225F7D	AbStrongStats	Strong's Stats		Ability	Constant Effect	Self	
0022B6EA	AbRaceSentryBot			Ability	Constant Effect	Self	
0022B6F0	AbRaceMrHandy			Ability	Constant Effect	Self	
0022FC60	CUT_DogmeatInvisibility	Dogmeat's Invisibility		Ability	Constant Effect	Self	
0022FED3	AbWorkshopPopulation	Add population resource value		Ability	Constant Effect	Self	
00231BEA	RECheckpoint_LessDamage90Spell			Ability	Constant Effect	Self	
00237E4F	CourserSpeedUp	Courser Speed Up		Spell	Fire and Forget	Self	
00237E50	AbCourserSpeed	Courser Speed		Ability	Constant Effect	Self	
0023C9C2	FlameThrowerFireHazardSpell	Strong Fire Hazard		Spell	Fire and Forget	Contact	
0023C9C3	ExplosionFireHazardSpell	Strong Fire Hazard		Spell	Fire and Forget	Contact	
0023EC91	GlowingSeaPlayerRadiationRadStorm	Glowing Sea Radiation		Disease	Constant Effect	Self	
002404A6	AbRaceBehemoth			Ability	Constant Effect	Self	
00240C1E	FireHazardLight01	Light Fire Hazard		Spell	Fire and Forget	Contact	
0024615A	AbAddictionBuzzBites	BuzzBites Addiction		Addiction	Constant Effect	Self	
00247A41	DetectLifePATargetCloakSpell	Detect Life		Spell	Constant Effect	Self	
0024848D	SpellPowerArmor_CommonArm	PA Common Arm		Spell	Fire and Forget	Contact	
0024865C	SpellPowerArmor_ImpactLandingAggro	SpellPA_ImpactLandingAggro		Spell	Constant Effect	Self	
002486F8	DetectLifeOnTargetSpell	Detect Life		Spell	Concentration	Aimed	
00248978	PowerArmor_ImpactLandingAggroDamageSpell	PA_ImpactLandingAggroDamageSpell		Spell	Concentration	Contact	
002495D9	RoboticsExpertFrenzySpell	RoboticsExpertFrenzy		Spell	Constant Effect	Self	
00249BF1	PerkPainTrainBlockSpell	Pain Train Block Spell		Spell	Constant Effect	Self	
00249C4C	PerkPainTrainBlockStaggerSpell	Pain Train Block Spell		Spell	Constant Effect	Self	
00249D6A	PowerArmor_mod_Lining_FieldGen_EMP_Spell	FieldGen EMP Spell 4		Spell	Concentration	Contact	
00008CC5	MTR_AshFireSpell	Ash Fire Damage		Disease	Constant Effect	Self	
00004381	AbNemesisRank00			Ability	Constant Effect	Self	
00004384	AbNemesisRank01			Ability	Constant Effect	Self	
00004385	AbNemesisRank02			Ability	Constant Effect	Self	
0010EA9C	DLC01AbRaceTurretSpotlight			Ability	Constant Effect	Self	
0010EAB2	DLC01LightningHazardSpell	Lightning Hazard		Spell	Fire and Forget	Contact	
0010EAF5	AssaultronHeadSelfRadsSpell	AssaultronHeadSelfRadsSpell		Spell	Fire and Forget	Self	
0010EB03	DLC01EnchBot_Cloak_ReconSpell	DLC01EnchBot_Cloak_ReconSpell		Spell	Concentration	Contact	
0010EB18	DLC01Bot_CommonArmorSpell	DLC01Bot_CommonArmorSpell		Spell	Fire and Forget	Contact	
0010EB2A	DLC01Bot_KnockdownSpell	DLC01Bot_KnockdownSpell		Spell	Concentration	Aimed	
0010EC9A	V96_2_EncEyebotScanner_4_Overcharged_Cloak	Overcharged Energy Field		Ability	Constant Effect	Self	
0010EC9D	V96_2_EncEyebotScanner_4_Overcharged_CloakHazard	Overcharged Energy Field		Spell	Concentration	Contact	
0010ECA1	DLC01_EyebotSelfDestructAb			Ability	Constant Effect	Self	
0010ECAE	DLC01RobotShield	Robot sheild		Ability	Constant Effect	Self	
0010EE0E	DLC01Bot_CommonArmorSpell_Unstable	DLC01Bot_CommonArmorSpell_Unstable		Spell	Fire and Forget	Contact	
0010EFB7	DLC01SmokeBombHazardSpell	DLC01SmokeBombHazardSpell		Spell	Fire and Forget	Contact	
0010F26F	DLC01EnchBot_Cloak_DetectionSpell	DLC01EnchBot_Cloak_DetectionSpell		Spell	Concentration	Contact	
0010F271	DLC01EnchBot_Cloak_EMPSpell	DLC01EnchBot_Cloak_EMPSpell		Spell	Concentration	Contact	
0010F274	DLC01EnchBot_Cloak_HealSpell	DLC01EnchBot_Cloak_HealSpell		Spell	Concentration	Contact	
0010F280	POST_DLC01EnchBot_Cloak_RadiationSpell	DLC01EnchBot_Cloak_RadiationSpell		Spell	Concentration	Contact	
0010F282	DLC01EnchBot_Cloak_ShieldSpell	DLC01EnchBot_Cloak_ShieldSpell		Spell	Concentration	Contact	
0010F284	DLC01EnchBot_Cloak_StealthSpell	DLC01EnchBot_Cloak_StealthSpell		Spell	Concentration	Contact	
0010F3D6	DeconArchSpell	Decontamination Mist		Spell	Concentration	Contact	
0010F561	DLC01AssaultronHeadTrapSpell	Assaultron Head Trap		Spell	Concentration	Aimed	
0010F565	DLC01AbRaceRobobrain			Ability	Constant Effect	Self	
0010F7AD	DLC01crCoreMeltdownCloak01	DLC01crCoreMeltdownCloak01		Ability	Constant Effect	Self	
0010FB71	DLC01AbRaceMrHandy			Ability	Constant Effect	Self	
0011019F	DLC02WorkshopDetectLifeAbility	Workshop Detect Life		Ability	Constant Effect	Self	
0011083B	dlc03_FireHazard	Strong Fire Hazard		Spell	Fire and Forget	Contact	
0011083C	dlc03_ElectricArcSpell			Spell	Fire and Forget	Contact	
0011083D	dlc03_SlowTimeBriefly	Slow Time Briefly		Spell	Fire and Forget	Self	
00110910	dlc03_RestoreHealthLikeStimpak	Restore Health Like Stimpak		Spell	Fire and Forget	Self	
0011094F	dlc03_Invisibility	Invisibility		Spell	Constant Effect	Self	
00110E3A	DLC03_ArcadiaProtector	Protector of Arcadia		Spell	Fire and Forget	Self	
00110E3B	DLC03_AbProtectorArcadia	Protector of Arcadia		Ability	Constant Effect	Self	
00110E3C	DLC03_AbDestroyerArcadia	Destroyer of Arcadia		Ability	Constant Effect	Self	
00110E3E	DLC03_ArcadiaDestroyer	Destroyer of Arcadia		Spell	Fire and Forget	Self	
00110E41	DLC03_FarHarborSurvivalist	Far Harbor Survivalist		Spell	Constant Effect	Self	
00111146	DLC03_PoisonFogCrawlerBite	Fog Crawler Poison		Spell	Fire and Forget	Contact	
00111245	DLC03FogRadiationHazardLight	Light Radiation		Spell	Concentration	Contact	
001112B3	DLC03AtomSpringImodSpell			Ability	Constant Effect	Self	
00111544	DLC03HermitCrabSpawnSpell	DLC03HermitCrabSpawnSpell		Spell	Fire and Forget	Aimed	
0011168B	DLC03AbRaceFogCrawler			Ability	Constant Effect	Self	
001116B8	DLC03AbRaceHermitCrab	Hermit Crab FX Ability		Ability	Constant Effect	Self	
00111704	DLC03AbAnglerAmbush			Ability	Constant Effect	Self	
00111722	DLC03_WaterRadiationAtomsSpringDrinking	Awful, putrid water		Spell	Fire and Forget	Self	
001117BF	DLC03MQ04PlayerAbility			Ability	Constant Effect	Self	
001121D3	zzzDLC05RadStormFastTransitionSpell	Radiation Storm		Spell	Fire and Forget	Self	
001121DD	DLC06BuffStrength	Strength Boost		Ability	Constant Effect	Self	
001121DF	DLC06BuffPerception	Perception Boost		Ability	Constant Effect	Self	
001121E0	DLC06BuffEndurance	Endurance Boost		Ability	Constant Effect	Self	
001121E1	DLC06BuffCharisma	Charisma Boost		Ability	Constant Effect	Self	
001121E2	DLC06BuffIntelligence	Intelligence Boost		Ability	Constant Effect	Self	
001121E3	DLC06BuffAgility	Agility Boost		Ability	Constant Effect	Self	
001121E4	DLC06BuffLuck	Luck Boost		Ability	Constant Effect	Self	
00113026	DLC04WaterQuantumRadiationDrinking	Questionable Quantum Water		Spell	Fire and Forget	Self	
001131AC	DLC04AbRaceAnimatronicAlien			Ability	Constant Effect	Self	
001135A2	DLC04_AbPerkGhoulish04	Ghoulish		Ability	Constant Effect	Self	
00113612	DLC04_MagScav05Spell	Villainous Virtuosity		Ability	Constant Effect	Self	
0011362C	DLC04MS02_AHS1_Bonus	Hubology AHS-1		Spell	Fire and Forget	Self	
0011362D	DLC04MS02_AHS2_Bonus	Hubology AHS-2		Spell	Fire and Forget	Self	
0011362E	DLC04MS02_AHS3_Bonus	Hubology AHS-3		Spell	Fire and Forget	Self	
0011362F	DLC04MS02_AHS4_Bonus	Hubology AHS-4		Spell	Fire and Forget	Self	
00113630	DLC04MS02_AHS5_Bonus	Hubology AHS-5		Spell	Fire and Forget	Self	
00113631	DLC04MS02_AHS6_Bonus	Hubology AHS-6		Spell	Fire and Forget	Self	
00113632	DLC04MS02_AHS7_Bonus	Hubology AHS-7		Spell	Fire and Forget	Self	
00113633	DLC04MS02_AHS8_Bonus	Hubology AHS-8		Spell	Fire and Forget	Self	
001136B6	DLC04Gauntlet_GasHazard	Gas		Spell	Concentration	Contact	
00113961	DLC04_AbRaceSwarm			Ability	Constant Effect	Self	
001139B9	DLC04_AbPerkVans02	VANS		Ability	Constant Effect	Self	
0011408F	DLC04CompGageAbility	Lessons In Blood		Ability	Constant Effect	Self	
001140F9	zzz_DLC04_AbLuckyRabbitsFoot	Lucky Rabbit's Foot		Ability	Constant Effect	Self	
0011415C	DLC04_OswaldGlowingOneBurst	Radiation Explosion		Spell	Fire and Forget	Self	
00114206	DLC04RadiationHazardMedium	Medium Radiation		Spell	Concentration	Contact	
00114339	DLC04abSinnerHealthBonus			Ability	Constant Effect	Self	
00114650	DLC04NukaKillTrackerSpell	DLC04NukaKillTracker		Ability	Constant Effect	Self	
0011490F	DLC04_AbOswaldTeleportInvisibility			Ability	Constant Effect	Self	
00114945	DLC04_AbImmuneToKnockdown	Immune To Knockdown		Ability	Constant Effect	Self	
0011497F	DLC04_crGlowingCaveCricketCloak	Radiation Cloak		Ability	Constant Effect	Self	
00114980	DLC04_crGlowingRadantCloak	Radiation Cloak		Ability	Constant Effect	Self	
00114981	DLC04_crGlowingRadratCloak	Radiation Cloak		Ability	Constant Effect	Self	
002129BD	AbEpicDamage	AbEpicDamage		Ability	Constant Effect	Self	
002129BE	AbEpicAccuracy	AbEpicAccuracy		Ability	Constant Effect	Self	
002129BF	AbEpicExplodeAndAccuracy	AbEpicExplodeAndAccuracy		Ability	Constant Effect	Self	
002129C0	AbEpicPoison	AbEpicPoison		Ability	Constant Effect	Self	
002129C1	AbEpicRadioactive	AbEpicRadioactive		Ability	Constant Effect	Self	
00088AAD	AbTWZ04QueenHealthRegen	Regenerate Health		Ability	Constant Effect	Self	
00127505	ENz04_ChangeAssistanceLevelSpell	Change NPC Assistance Level		Ability	Constant Effect	Self	
00026841	SURV_Hunger_Ability	Hunger		Ability	Constant Effect	Self	
00054DF3	SURV_Thirst_Ability	Thirst		Ability	Constant Effect	Self	
00112E6D	SURV_Disease_Parasites	Parasites		Spell	Fire and Forget	Target Actor	
00284956	SURV_Disease_Dysentery	Dysentery		Spell	Fire and Forget	Target Actor	
0028495A	SURV_Disease_Dysentery_PeriodicWaterLoss			Spell	Fire and Forget	Target Actor	
00008881	SURV_Disease_BoneWorms	Bone Worms		Spell	Fire and Forget	Target Actor	
0028D3BC	Mutation_Talons	Talons		Ability	Constant Effect	Self	
0003BDD2	MtnM01_Debuff_Karma	Karma Syringe		Spell	Fire and Forget	Self	
0005C0B3	RS02_Beat_ChangeAssistanceLevelSpell	Change NPC Assistance Level		Ability	Constant Effect	Self	
00228395	ToxicRadiationHazardLight	Light Radiation		Spell	Concentration	Contact	
002283C3	ToxicRadiationHazardStrong	Strong Radiation		Spell	Concentration	Contact	
002599EC	AbPerkNightEyes	Night Eyes		Ability	Constant Effect	Self	
00259CBB	AbPerkNocturnalFortitude	Nocturnal Fortitude		Ability	Constant Effect	Self	
002BDB3C	MoM_PhantomDeviceSpell	Phantom Device		Spell	Fire and Forget	Self	
002D0839	SFZ03_Queen_FlatwoodsBuff	Flatwoods Knowledge		Spell	Fire and Forget	Target Actor	
002D083A	SFZ03_Queen_GraftonBuff	Grafton Knowledge		Spell	Fire and Forget	Self	
002D083B	SFZ03_Queen_MothmanBuff	Mothman Knowledge		Spell	Fire and Forget	Self	
002D083E	SFZ03_Queen_SnallygasterBuff	Snallygaster Knowledge		Spell	Fire and Forget	Self	
002D083F	SFZ03_Queen_WendigoBuff	Wendigo Knowledge		Spell	Fire and Forget	Self	
001C7A50	CBZ09_Robot_HealthBoostAndRegen			Ability	Constant Effect	Self	
00201F94	TESTIModSpell	Test Imod Spell		Spell	Fire and Forget	Self	
002C0882	FFZ16_Swatter_VertibirdHealthRegen	Regenerate Health		Ability	Constant Effect	Self	
000762B5	SURV_OverEncumbered_Ability	Overencumbered		Ability	Constant Effect	Self	
00093D8F	crFlatwoodsMonsterHealSpell	Flatwoods Heal Friend		Spell	Fire and Forget	Target Actor	
002DB870	AbPerkPowerUser	Power User		Ability	Constant Effect	Self	
002DB86A	AbPerkPhotosynthetic	Photosynthetic		Ability	Constant Effect	Self	
0017A053	DefaultChangeAssistanceLevelTo1Spell	Change NPC Assistance Level		Ability	Constant Effect	Self	
00242E5A	AbPerkBarbarian	Barbarian		Ability	Constant Effect	Self	
00019287	CameraShakeSpell	Camera Shake Spell		Spell	Fire and Forget	Self	
00006DC4	PerkOverlyGenerousRadDamage	Overly Generous Damage		Spell	Fire and Forget	Contact	
0005F9AA	HoneyBeastSpawnBeesSpell			Spell	Fire and Forget	Aimed	
0009FA29	EN07_ApplyBlastVisualEffectSpell_NukeA	Apply Blast Visual Effect		Spell	Fire and Forget	Self	
000A004B	EN07_ApplyVaporizeVisualEffectSpell	Apply Vaporize Visual Effect		Spell	Fire and Forget	Self	
002F051B	AbRaceScorchbeast	Scorchbeast Abilities		Ability	Constant Effect	Self	
0004A455	BobbleHead_STRSpell	Strength Bobblehead		Spell	Fire and Forget	Self	
002C961D	BobbleHead_PERSpell	Perception Bobblehead		Spell	Fire and Forget	Self	
002C961F	BobbleHead_ENDSpell	Endurance Bobblehead		Spell	Fire and Forget	Self	
002C9620	BobbleHead_CHASpell	Bobblehead: Charisma		Spell	Fire and Forget	Self	
002C9621	BobbleHead_INTSpell	Bobblehead: Intelligence		Spell	Fire and Forget	Self	
002C9622	BobbleHead_AGISpell	Agility Bobblehead		Spell	Fire and Forget	Self	
002C9623	BobbleHead_LCKSpell	Luck Bobblehead		Spell	Fire and Forget	Self	
002C962A	BobbleHead_BigGunsSpell	Big Guns Bobblehead		Spell	Fire and Forget	Self	
002FADC9	stealthTurretStealthSpell	Stealth Spell		Ability	Constant Effect	Self	
002FADD2	abWindingPathCreatureEffects			Ability	Constant Effect	Self	
002FAE8A	abWindingPathPlayerEffects			Ability	Constant Effect	Self	
0001C38F	BobbleHead_EnergyWeaponsSpell	Energy Gun Bobblehead		Spell	Fire and Forget	Self	
00026D6E	BobbleHead_ExplosivesSpell	Explosives Bobblehead		Spell	Fire and Forget	Self	
00026DF3	BobbleHead_LockpickingSpell	Lockpick Bobblehead		Spell	Fire and Forget	Self	
00026E66	BobbleHead_MedicineSpell	Medicine Bobblehead		Spell	Fire and Forget	Self	
000280F4	BobbleHead_MeleeSpell	Melee Bobblehead		Spell	Fire and Forget	Self	
00028189	BobbleHead_RepairSpell	Repair Bobblehead		Spell	Fire and Forget	Self	
0002819A	BobbleHead_ScienceSpell	Science Bobblehead		Spell	Fire and Forget	Self	
000281AD	BobbleHead_SmallGunsSpell	Small Guns Bobblehead		Spell	Fire and Forget	Self	
000281CC	BobbleHead_SneakSpell	Sneak Bobblehead		Spell	Fire and Forget	Self	
00028279	BobbleHead_LeaderSpell	Leader Bobblehead		Spell	Fire and Forget	Self	
00028282	BobbleHead_UnarmedSpell	Unarmed Bobblehead		Spell	Fire and Forget	Self	
0002829B	BobbleHead_CapsSpell	Caps Bobblehead		Spell	Fire and Forget	Self	
002C1D7D	crScorchbeastCloakSpell	Scorchbeast Cloak		Ability	Constant Effect	Self	
0004282A	CUT_PerkQuackSurgeonRevivee	Revived with Liquor		Spell	Fire and Forget	Self	
0012EF27	crScorchbeastDamageFieldSpell	Scorchbeast Damage Field		Spell	Concentration	Contact	
00006F95	Magazine_GrognakTheBarbarian02Spell	Grognak 2		Spell	Fire and Forget	Self	
000074B6	Magazine_GrognakTheBarbarian03Spell	Grognak 3		Spell	Fire and Forget	Self	
00007A98	Magazine_GrognakTheBarbarian04Spell	Grognak 4		Spell	Fire and Forget	Self	
00007A9C	Magazine_GrognakTheBarbarian05Spell	Grognak 5		Spell	Fire and Forget	Self	
00008D12	Magazine_GrognakTheBarbarian06Spell	Grognak 6		Spell	Fire and Forget	Self	
000090C6	Magazine_GrognakTheBarbarian07Spell	Grognak 7		Spell	Fire and Forget	Self	
000090EF	Magazine_GrognakTheBarbarian08Spell	Grognak 8		Spell	Fire and Forget	Self	
000092D5	Magazine_GrognakTheBarbarian09Spell	Grognak 9		Spell	Fire and Forget	Self	
000092DC	Magazine_GrognakTheBarbarian10Spell	Grognak 10		Spell	Fire and Forget	Self	
00009B8C	Magazine_GunsAndBullets01Spell	Guns & Bullets 1		Spell	Fire and Forget	Self	
00009CAA	Magazine_AwesomeTales01Spell	Awesome Tales 1		Spell	Fire and Forget	Self	
00009CF7	Magazine_AwesomeTales02Spell	Awesome Tales 2		Spell	Fire and Forget	Self	
0000A1FA	Magazine_AwesomeTales03Spell	Awesome Tales 3		Spell	Fire and Forget	Self	
0000A228	Magazine_AwesomeTales04Spell	Awesome Tales 4		Spell	Fire and Forget	Self	
0000A44B	Magazine_AwesomeTales05Spell	Awesome Tales 5		Spell	Fire and Forget	Self	
0000A6C1	Magazine_AwesomeTales06Spell	Awesome Tales 6		Spell	Fire and Forget	Self	
0000B1DA	Magazine_AwesomeTales07Spell	Awesome Tales 7		Spell	Fire and Forget	Self	
0000B20E	Magazine_AwesomeTales08Spell	Awesome Tales 8		Spell	Fire and Forget	Self	
0000B210	Magazine_AwesomeTales09Spell	Awesome Tales 9		Spell	Fire and Forget	Self	
0000BA14	Magazine_AwesomeTales10Spell	Awesome Tales 10		Spell	Fire and Forget	Self	
0000BA17	Magazine_AwesomeTales11Spell	Awesome Tales 11		Spell	Fire and Forget	Self	
0000BB1F	Magazine_AwesomeTales12Spell	Awesome Tales 12		Spell	Fire and Forget	Self	
0000BBC0	Magazine_AwesomeTales13Spell	Awesome Tales 13		Spell	Fire and Forget	Self	
00012E60	Magazine_GrognakTheBarbarian01Spell	Grognak 1		Spell	Fire and Forget	Self	
001ED98E	Magazine_GunsAndBullets02Spell	Guns & Bullets 2		Spell	Fire and Forget	Self	
001EDAFE	Magazine_GunsAndBullets03Spell	Guns & Bullets 3		Spell	Fire and Forget	Self	
001EFA78	Magazine_GunsAndBullets04Spell	Guns & Bullets 4		Spell	Fire and Forget	Self	
001EFAAE	Magazine_GunsAndBullets05Spell	Guns & Bullets 5		Spell	Fire and Forget	Self	
001EFC20	Magazine_GunsAndBullets06Spell	Guns & Bullets 6		Spell	Fire and Forget	Self	
001EFC23	Magazine_GunsAndBullets07Spell	Guns & Bullets 7		Spell	Fire and Forget	Self	
001EFC9F	Magazine_GunsAndBullets08Spell	Guns & Bullets 8		Spell	Fire and Forget	Self	
001EFCFE	Magazine_GunsAndBullets09Spell	Guns & Bullets 9		Spell	Fire and Forget	Self	
001EFD65	Magazine_GunsAndBullets10Spell	Guns & Bullets 10		Spell	Fire and Forget	Self	
001EFDC9	Magazine_LiveAndLove01Spell	Live & Love 1		Spell	Fire and Forget	Self	
001EFDD9	Magazine_LiveAndLove02Spell	Live & Love 2		Spell	Fire and Forget	Self	
001EFE4C	Magazine_LiveAndLove03Spell	Live & Love 3		Spell	Fire and Forget	Self	
001EFE7D	Magazine_LiveAndLove04Spell	Live & Love 4	Gain +10 Action Point Regen while on a team.	Spell	Fire and Forget	Self	
001EFE7E	Magazine_LiveAndLove05Spell	Live & Love 5		Spell	Fire and Forget	Self	
001EFE80	Magazine_LiveAndLove06Spell	Live & Love 6	Gain 5% action point regen when on a team.	Spell	Fire and Forget	Self	
001EFE83	Magazine_LiveAndLove07Spell	Live & Love 7		Spell	Fire and Forget	Self	
001EFE9F	Magazine_LiveAndLove08Spell	Live & Love 8		Spell	Fire and Forget	Self	
001EFF5A	Magazine_LiveAndLove09Spell	Live & Love 9	Gain 5% action point regen when on a team.	Spell	Fire and Forget	Self	
001F1A3D	Magazine_TeslaScience01Spell	Tesla Science 1		Spell	Fire and Forget	Self	
001F1B08	Magazine_TeslaScience02Spell	Tesla Science 2		Spell	Fire and Forget	Self	
001F1B0B	Magazine_TeslaScience03Spell	Tesla Science 3		Spell	Fire and Forget	Self	
001F1B58	Magazine_TeslaScience04Spell	Tesla Science 4		Spell	Fire and Forget	Self	
001F1B7A	Magazine_TeslaScience04Ability	Magazine		Ability	Constant Effect	Self	
001F1B7B	Magazine_TeslaScience05Spell	Tesla Science 5		Spell	Fire and Forget	Self	
001F1C75	Magazine_TeslaScience06Spell	Tesla Science 6		Spell	Fire and Forget	Self	
001F1C85	Magazine_TeslaScience07Spell	Tesla Science 7		Spell	Fire and Forget	Self	
001F1D4F	Magazine_TeslaScience08Spell	Tesla Science 8		Spell	Fire and Forget	Self	
001F398D	Magazine_TeslaScience09Spell	Tesla Science 9		Spell	Fire and Forget	Self	
0003A0BC	Wendigo_Spell	Wendigo		Spell	Fire and Forget	Self	
00164C69	WaterFountainDrinkingSulphur	Sulphur Water		Spell	Fire and Forget	Self	
0013D073	SURV_PlayerInWater			Ability	Constant Effect	Self	
00302FEF	SURV_Disease_ToxicSmokeHazardSpell	Poisonous Smoke		Spell	Concentration	Contact	
0018EF92	SURV_Disease_SludgeLung	Sludge Lung		Spell	Fire and Forget	Target Actor	
001872B8	AbPerkEMTHealthRegen01	E.M.T. Heal		Spell	Fire and Forget	Self	
0018731E	AbPerkEMTHealthRegen03	E.M.T. Heal		Spell	Fire and Forget	Self	
0018731D	AbPerkEMTHealthRegen02	E.M.T. Heal		Spell	Fire and Forget	Self	
0030B3F0	WindingPathAddEnergySpell			Spell	Fire and Forget	Self	
0030B3F1	WindingPathCollectionSpell			Spell	Fire and Forget	Contact	
0030B3F2	WindingPathCollectionPillarSpell			Spell	Fire and Forget	Contact	
0030C9DC	V94_ZapzPestControlElectricArcSpell			Spell	Fire and Forget	Aimed	
0030C9ED	V94_ReactorArcsElectricArcSpell			Spell	Fire and Forget	Aimed	
0030CA95	V94_2_RadiationTriggerSpell	Intense Radiation		Spell	Concentration	Contact	
0013D2DD	V94_RadiationHazardModerate	Moderate Radiation		Spell	Concentration	Contact	
0030F57E	Magazine_Backwoodsman01Spell	Backwoodsman 1		Spell	Fire and Forget	Self	
0030F57F	Magazine_Backwoodsman02Spell	Backwoodsman 2		Spell	Fire and Forget	Self	
0030F589	Magazine_Backwoodsman03Spell	Backwoodsman 3		Spell	Fire and Forget	Self	
0030F58A	Magazine_Backwoodsman04Spell	Backwoodsman 4		Spell	Fire and Forget	Self	
0030F592	Magazine_Backwoodsman05Spell	Backwoodsman 5		Spell	Fire and Forget	Self	
0030F593	Magazine_Backwoodsman06Spell	Backwoodsman 6		Spell	Fire and Forget	Self	
0030F59C	Magazine_Backwoodsman07Spell	Backwoodsman 7		Spell	Fire and Forget	Self	
0030F59D	Magazine_Backwoodsman08Spell	Backwoodsman 8		Spell	Fire and Forget	Self	
0030F5A3	Magazine_Backwoodsman09Spell	Backwoodsman 9		Spell	Fire and Forget	Self	
0030F5AA	Magazine_Backwoodsman10Spell	Backwoodsman 10		Spell	Fire and Forget	Self	
0030F5AE	Magazine_ScoutsLife01Spell	Scout's Life 1		Spell	Fire and Forget	Self	
0030F5AF	Magazine_ScoutsLife02Spell	Scout's Life 2		Spell	Fire and Forget	Self	
002DE658	Magazine_ScoutsLife03Spell	Scout's Life 3		Spell	Fire and Forget	Self	
00300F15	Magazine_ScoutsLife04Spell	Scout's Life 4		Spell	Fire and Forget	Self	
00312B4F	Magazine_ScoutsLife05Spell	Scout's Life 5		Spell	Fire and Forget	Self	
00312B50	Magazine_ScoutsLife06Spell	Scout's Life 6		Spell	Fire and Forget	Self	
00312B51	Magazine_ScoutsLife07Spell	Scout's Life 7		Spell	Fire and Forget	Self	
00312B52	Magazine_ScoutsLife08Spell	Scout's Life 8		Spell	Fire and Forget	Self	
00312B53	Magazine_ScoutsLife09Spell	Scout's Life 9		Spell	Fire and Forget	Self	
00312B54	Magazine_ScoutsLife10Spell	Scout's Life 10		Spell	Fire and Forget	Self	
00312B5C	Magazine_USCovertOps01Spell	U.S. Covert Ops. 1		Spell	Fire and Forget	Self	
00312B5D	Magazine_USCovertOps02Spell	U.S. Covert Ops. 2		Spell	Fire and Forget	Self	
00312B5E	Magazine_USCovertOps03Spell	U.S. Covert Ops. 3		Spell	Fire and Forget	Self	
00312B5F	Magazine_USCovertOps04Spell	U.S. Covert Ops. 4		Spell	Fire and Forget	Self	
00312B60	Magazine_USCovertOps05Spell	U.S. Covert Ops. 5		Spell	Fire and Forget	Self	
00312B61	Magazine_USCovertOps06Spell	U.S. Covert Ops. 6		Spell	Fire and Forget	Self	
00312B62	Magazine_USCovertOps07Spell	U.S. Covert Ops. 7		Spell	Fire and Forget	Self	
00312B63	Magazine_USCovertOps08Spell	U.S. Covert Ops. 8		Spell	Fire and Forget	Self	
00312B64	Magazine_USCovertOps09Spell	U.S. Covert Ops. 9		Spell	Fire and Forget	Self	
00312B65	Magazine_USCovertOps10Spell	U.S. Covert Ops. 10		Spell	Fire and Forget	Self	
002ED816	Magazine_TumblersToday01Spell	Tumblers Today 1		Spell	Fire and Forget	Self	
002ED817	Magazine_TumblersToday02Spell	Tumblers Today 2		Spell	Fire and Forget	Self	
002ED819	Magazine_TumblersToday03Spell	Tumblers Today 3		Spell	Fire and Forget	Self	
002ED81A	Magazine_TumblersToday04Spell	Tumblers Today 4		Spell	Fire and Forget	Self	
002ED81B	Magazine_TumblersToday05Spell	Tumblers Today 5		Spell	Fire and Forget	Self	
002ED823	Magazine_Unstoppables01Spell	Unstoppables 1		Spell	Fire and Forget	Self	
002ED824	Magazine_Unstoppables02Spell	Unstoppables 2		Spell	Fire and Forget	Self	
002ED825	Magazine_Unstoppables03Spell	Unstoppables 3		Spell	Fire and Forget	Self	
002ED826	Magazine_Unstoppables04Spell	Unstoppables 4		Spell	Fire and Forget	Self	
002ED828	Magazine_Unstoppables05Spell	Unstoppables 5		Spell	Fire and Forget	Self	
00185A3C	AbPerkIronStomach	Iron Stomach		Ability	Constant Effect	Self	
00187158	AbPerkNaturalResistance	Natural Resistance		Ability	Constant Effect	Self	
002BA548	AbPerkThirstQuencher	Thirst Quencher		Ability	Constant Effect	Self	
002BA56F	Magazine_AstonishingTales01Spell	Tales from the West Virginia Hills 1		Spell	Fire and Forget	Self	
002BA570	Magazine_AstonishingTales02Spell	Tales from the West Virginia Hills 2		Spell	Fire and Forget	Self	
002BA571	Magazine_AstonishingTales03Spell	Tales from the West Virginia Hills 3		Spell	Fire and Forget	Self	
002BA572	Magazine_AstonishingTales04Spell	Tales from the West Virginia Hills 4		Spell	Fire and Forget	Self	
002BA573	Magazine_AstonishingTales05Spell	Tales from the West Virginia Hills 5		Spell	Fire and Forget	Self	
0031BE4B	AbPerkRifleman	Down Ranger		Ability	Constant Effect	Self	
0031BE4D	AbPerkRiflemanExpert	Rifleman Expert		Ability	Constant Effect	Self	
0031BE4E	AbPerkRiflemanMaster	Smart Shot		Ability	Constant Effect	Self	
0031BE4F	AbPerkCommando	Center Masochist		Ability	Constant Effect	Self	
0031BE50	AbPerkCommandoExpert	Commando Expert		Ability	Constant Effect	Self	
0031BE51	AbPerkCommandoMaster	Number Cruncher		Ability	Constant Effect	Self	
0031BE52	AbPerkGunslinger	Gunslinger		Ability	Constant Effect	Self	
0031BE53	AbPerkGunslingerExpert	Gunslinger Expert		Ability	Constant Effect	Self	
0031BE54	AbPerkGunslingerMaster	Gunslinger Master		Ability	Constant Effect	Self	
0031BE55	AbPerkGuerrilla	Guerrilla		Ability	Constant Effect	Self	
0031BE56	AbPerkGuerrillaExpert	Guerrilla Expert		Ability	Constant Effect	Self	
0031BE57	AbPerkGuerrillaMaster	Guerrilla Master		Ability	Constant Effect	Self	
0031BE58	AbPerkHeavyGunner	Bullet Storm		Ability	Constant Effect	Self	
0031BE59	AbPerkHeavyGunnerExpert	Tightly Wound		Ability	Constant Effect	Self	
0031BE5A	AbPerkHeavyGunnerMaster	Heavy Gunner Master		Ability	Constant Effect	Self	
0031BE5B	AbPerkShotgunner	Easy Target		Ability	Constant Effect	Self	
0031BE5C	AbPerkShotgunnerExpert	Shotgunner Expert		Ability	Constant Effect	Self	
0031BE5D	AbPerkShotgunnerMaster	Shotgun Champ		Ability	Constant Effect	Self	
00319662	AbOnDeathForButchersBountyPerk	Set Keyword for Butchers Bounty		Ability	Constant Effect	Self	
0031D4BA	AbPerkGroundPounder	Ground Pounder		Ability	Constant Effect	Self	
0031E521	AbPerkGunRunner	Gun Runner		Ability	Constant Effect	Self	
00320161	PerkBulletShield	Bullet Shield		Spell	Fire and Forget	Self	
00320169	AbPerkLockAndLoad	Lock and Load		Ability	Constant Effect	Self	
0032235A	AbPerkScattershot	Scattershot		Ability	Constant Effect	Self	
00323F84	AbPerkEvasive1	Evasive		Ability	Constant Effect	Self	
00323F87	CUT_AbPerkEvasive2	Evasive		Ability	Constant Effect	Self	
00323F88	CUT_AbPerkEvasive3	Evasive		Ability	Constant Effect	Self	
00323F8A	zzz_AbPerkMovingTarget2	Moving Target		Ability	Constant Effect	Self	
00323F8C	zzz_AbPerkMovingTarget3	Moving Target		Ability	Constant Effect	Self	
00323F93	AbPerkMagneticPersonality	Magnetic Personality		Ability	Constant Effect	Self	
00323F95	AbPerkAquagirl	Aquagirl		Ability	Constant Effect	Self	
003264DF	AbPerkVaccinated	Vaccinated		Ability	Constant Effect	Self	
003298EB	MTR08_ApplyCollapseFXSpell	Apply Mine Collapse Effect		Spell	Fire and Forget	Self	
00329909	CameraShakeSpellIntense	Camera Shake Spell		Spell	Fire and Forget	Self	
0032990B	MTR08_CameraShakeSpellIntense	Camera Shake Spell		Spell	Fire and Forget	Self	
0032990D	MTR08_CameraShakeSpell	Camera Shake Spell		Spell	Fire and Forget	Self	
0032CB38	AbPerkPicklock1	Picklock		Ability	Constant Effect	Self	
0032CB3A	AbPerkPicklockExpert1	Picklock Expert		Ability	Constant Effect	Self	
0032CB40	AbPerkPicklockMaster1	Picklock Master		Ability	Constant Effect	Self	
00330BA1	zzzPerkBornSurvivorSpell	Auto-consume Stimpak		Spell	Fire and Forget	Self	
0033C4D8	EN07_PostNewRadWeatherSpell	Nuclear Fallout Radiation		Disease	Constant Effect	Self	
003408B4	CUT_AbPerkBarbarian03	Barbarian		Ability	Constant Effect	Self	
003408B3	CUT_AbPerkBarbarian02	Barbarian		Ability	Constant Effect	Self	
003408B1	PerkMysteriousStrangerActorStealth			Spell	Constant Effect	Self	
003440A0	AbPerkSlugger	Slugger		Ability	Constant Effect	Self	
003440AE	AbPerkGladiator	Wound Salter		Ability	Constant Effect	Self	
003440B1	AbPerkDemolitionExpert	Demolition Expert		Ability	Constant Effect	Self	
003440D1	AbPerkIronclad	Ironclad		Ability	Constant Effect	Self	
003440DC	AbPerkBodyguards01	Bodyguards		Ability	Constant Effect	Self	
003440DE	AbPerkBodyguards02	Bodyguards		Ability	Constant Effect	Self	
003440DF	AbPerkBodyguards03	Bodyguards		Ability	Constant Effect	Self	
003440E0	AbPerkBodyguards04	Bodyguards		Ability	Constant Effect	Self	
0034A899	AbPerkBornSurvivor	Born Survivor		Ability	Constant Effect	Self	
0034ADA6	MTR04_PoisonHotdog	Spoiled Hotdog		Spell	Fire and Forget	Self	
0034ADA7	MTR04_StaggerHotdog	Spoiled Hotdog		Spell	Fire and Forget	Self	
0035206B	AbPerkIronFist	Iron Fist		Ability	Constant Effect	Self	
00356A16	AbPerkHackerMaster	Hacker Master		Ability	Constant Effect	Self	
00356A12	AbPerkHacker	Hacker		Ability	Constant Effect	Self	
00356A1B	AbPerkHackerExpert	Hacker Expert		Ability	Constant Effect	Self	
00366629	AbRaceScorched	Scorched Abilities		Ability	Constant Effect	Self	
00369C0D	SFS08_CameraShakeSpell	Camera Shake Spell		Spell	Fire and Forget	Self	
0036B847	SFS08_Heart_PoisonDamageSpell	Strangler Poison		Spell	Concentration	Contact	
0036B84B	zzzSFS08_Heart_PoisonFXSpell	Strangler Poison		Spell	Concentration	Contact	
0036C7EB	AbAudioRaceCricketSoundRepeater			Ability	Constant Effect	Self	
00370E72	TW006ScorchedHunterSpell	Scorched Hunter	50% More Damage to Scorched	Spell	Fire and Forget	Self	
003713DB	Test_Tut05_VentsSpell	Invigorating Fumes		Spell	Fire and Forget	Self	
0038040D	abMothmanCombatantSpell	Mothman Combatant		Ability	Constant Effect	Self	
003808B8	PerkPhilanthropistHealThirstSmallSpell	Heal Thirst		Spell	Fire and Forget	Self	
003808C8	AbPerkTheWeird	The Weird		Ability	Constant Effect	Self	
003808CF	PerkTheWeirdRadResist03	Radiation Resistance		Ability	Constant Effect	Self	
003808CB	PerkTheWeirdRadResist02	Radiation Resistance		Ability	Constant Effect	Self	
003808D1	AbPerkStrangeInNumbers	Strange In Numbers		Ability	Constant Effect	Self	
003808CD	PerkTheWeirdRadResist01	Radiation Resistance		Ability	Constant Effect	Self	
003808BA	PerkPhilanthropistHealThirstMediumSpell	Heal Thirst		Spell	Fire and Forget	Self	
003808B9	PerkPhilanthropistHealHungerMediumSpell	Heal Hunger		Spell	Fire and Forget	Self	
003808B1	AbPerkPhilanthropist	Philanthropist		Ability	Constant Effect	Self	
003808B7	PerkPhilanthropistHealHungerSmallSpell	Heal Hunger		Spell	Fire and Forget	Self	
003808AB	AbPerkRadSponge	Rad Sponge		Ability	Constant Effect	Self	
003808BB	PerkPhilanthropistHealHungerLargeSpell	Heal Hunger		Spell	Fire and Forget	Self	
003808BC	PerkPhilanthropistHealThirstLargeSpell	Heal Thirst		Spell	Fire and Forget	Self	
00382A4E	AbPerkTeamMedic	Medic		Ability	Constant Effect	Self	
00382A52	PerkTeamMedicHealSpell	Local Practitioner Heal		Spell	Fire and Forget	Self	
00382A50	PerkTeamMedicHealWeakSpell	Local Practitioner Weak Heal		Spell	Fire and Forget	Self	
00382A53	PerkTeamMedicHealSuperSpell	Local Practitioner Super Heal		Spell	Fire and Forget	Self	
003873F5	EpicRankUpFX_Spell			Spell	Fire and Forget	Target Actor	
003879AC	AbRaceHoneyBeast	Honey Beast Abilities		Ability	Constant Effect	Self	
003896E9	PerkSpiritualHealer	Spiritual Healer		Spell	Fire and Forget	Self	
003896F3	AbPerkDeadManSprinting	Dead Man Sprinting		Ability	Constant Effect	Self	
003896EF	PerkHealingHandsSpell	Healing Hands		Spell	Fire and Forget	Self	
00389CC8	AbRaceTick	Tick Abilities		Ability	Constant Effect	Self	
0038AB89	PerkInjector01Spell	Injector		Spell	Fire and Forget	Self	
0038AB8F	AbPerkSecretAgent	Secret Agent		Ability	Constant Effect	Self	
0038DC42	SURV_Disease_Parasites_PerioidicFoodLoss			Spell	Fire and Forget	Target Actor	
00391F20	AbPerkLastLaugh	Last Laugh		Ability	Constant Effect	Self	
00391F1B	AbPerkStormChaser	Storm Chaser		Ability	Constant Effect	Self	
00393F7B	AbPerkRadicool	Radicool		Ability	Constant Effect	Self	
00393F61	AbPerkGlowSight	Glow Sight		Ability	Constant Effect	Self	
00393F73	AbPerkSunKissed	Sun Kissed		Ability	Constant Effect	Self	
00393F56	AbPerkFireproof	Fireproof		Ability	Constant Effect	Self	
00393F67	AbPerkGrenadier	Grenadier		Ability	Constant Effect	Self	
00393F6F	AbPerkHomebody	Homebody		Ability	Constant Effect	Self	
00397CBD	zzz_PerkAdrenalineBuffSpell	Adrenaline		Spell	Fire and Forget	Self	
00397CB5	AbPerkRevenant	Revenant		Ability	Constant Effect	Self	
00397CB6	PerkRevenantSpell	Revenant		Spell	Fire and Forget	Self	
00398930	AbRaceFlatwoodsMonster	Flatwoods Monster Abilities		Ability	Constant Effect	Self	
00398932	AbRaceGrafton	Grafton Abilities		Ability	Constant Effect	Self	
003989C1	AbRaceHoneyBeastBeeSwarm	Bee Swarm Abilities		Ability	Constant Effect	Self	
003989C3	AbRaceLiberator	Liberator Abilities		Ability	Constant Effect	Self	
00398B36	AbRaceMegaSloth	Mega Sloth Abilities		Ability	Constant Effect	Self	
00398B3B	AbRaceMoleMiner	Mole Miner Abilities		Ability	Constant Effect	Self	
0039A01D	AbRaceRadtoad	Radtoad Abilities		Ability	Constant Effect	Self	
0039AE10	AbRaceSnallygaster	Snallygaster Abilities		Ability	Constant Effect	Self	
0039AF7F	AbRaceWendigo	Wendigo Abilities		Ability	Constant Effect	Self	
003A4A4F	PerkPacifyCooldown	Perk Pacify Cooldown		Spell	Constant Effect	Self	
003A4A51	PerkIncite	Perk Incite		Spell	Constant Effect	Self	
003B35CD	AbAudioRaceCritterRadSquirrelSoundRepeater			Ability	Constant Effect	Self	
003B9848	Trap_Disease_BoneWorms_Spell			Spell	Fire and Forget	Target Actor	
003BD78A	GraftonLaunchOilBombSalvoSpell			Spell	Fire and Forget	Aimed	
003BDC8E	MTNZ03_OverheatStrongSpell	Black Box Overheating		Spell	Fire and Forget	Contact	
003BDC8F	MTNZ03_OverheatDeadlySpell	Black Box Overheating		Spell	Fire and Forget	Contact	
003BDC8D	MTNZ03_OverheatLightSpell	Black Box Overheating		Spell	Fire and Forget	Contact	
003BEF03	TWZ05RewardSpell	Mirelurk Marauder		Spell	Fire and Forget	Self	
003C2E05	WaterRadiationSevereHazard	Severe Water Radiation		Disease	Constant Effect	Self	
003C30DE	AbPerkTravelAgent	Travel Agent		Ability	Constant Effect	Self	
003C4045	Mutation_EggHead	Egg Head		Ability	Constant Effect	Self	
003C4037	Mutation_EagleEyes	Eagle Eyes		Ability	Constant Effect	Self	
003C4049	Mutation_Carnivore	Carnivore		Ability	Constant Effect	Self	
003C402F	Mutation_TwistedMuscles	Twisted Muscles		Ability	Constant Effect	Self	
003C404E	Mutation_Herbivore	Herbivore		Ability	Constant Effect	Self	
003C403D	Mutation_BirdBones	Bird Bones		Ability	Constant Effect	Self	
003CD03B	SURV_Disease_SwampItch	Swamp Itch		Spell	Fire and Forget	Target Actor	
003CD033	SURV_WellRested2	Well Rested		Spell	Fire and Forget	Self	
003D2949	abPerkDodgy	Dodgy		Ability	Constant Effect	Self	
003D2959	AbPerkAntibiotic	Antibiotic		Ability	Constant Effect	Self	
003DBBD7	AbAudioRaceHoneybeastSoundRepeater			Ability	Constant Effect	Self	
003DE595	CUT_PerkSuppressor01Spell	Suppressor		Spell	Fire and Forget	Self	
003DF045	SURV_Disease_WeepingSores	Weeping Sores		Spell	Fire and Forget	Target Actor	
003DF043	SURV_Disease_BloodWorms	Blood Worms		Spell	Fire and Forget	Target Actor	
003DF041	SURV_Disease_RadWorms	Rad Worms		Spell	Fire and Forget	Target Actor	
003DF244	zzz_RECLAIM_LunchboxRewards_NearbySpell	Rewards Nearby Actor Spell		Spell	Fire and Forget	Self	
003E21E9	AbPerkJunkShield02	Junk Shield		Ability	Constant Effect	Self	
003E21F8	PerkTenderizer01Spell	Tenderizer		Spell	Fire and Forget	Self	
003E21FC	PerkTenderizer03Spell	Tenderizer		Spell	Fire and Forget	Self	
003E21EB	AbPerkJunkShield03	Junk Shield		Ability	Constant Effect	Self	
003E21E7	AbPerkJunkShield01	Junk Shield		Ability	Constant Effect	Self	
003E21F3	CUT_PerkSuppressor02Spell	Suppressor		Spell	Fire and Forget	Self	
003E21F5	CUT_PerkSuppressor03Spell	Suppressor		Spell	Fire and Forget	Self	
003E21FB	PerkTenderizer02Spell	Tenderizer		Spell	Fire and Forget	Self	
003E5F72	AbAudioRaceScorchedASoundRepeater			Ability	Constant Effect	Self	
003E7F6C	SURV_DiseasedCreatureChance_abDiseasedCreature			Ability	Constant Effect	Self	
003E956B	PerkFriendlyFire01Spell	Friendly Fire		Spell	Fire and Forget	Self	
003E9566	AbPerkMartialArtist	Martial Artist		Ability	Constant Effect	Self	
003E9D8F	MTNS06_CameraShakeSpellIntense	Camera Shake Spell		Spell	Fire and Forget	Self	
004A4A59	SURV_Disease_WeepingSores_OnHit	Bleeding (Weeping Sores)		Spell	Fire and Forget	Target Actor	
004B009D	SURV_Disease_ShellShock_OnHit	Drain (Shell Shock)		Spell	Fire and Forget	Target Actor	
004B0095	SURV_Disease_GlowingPustules	Glowing Pustules		Spell	Fire and Forget	Target Actor	
004B0096	SURV_Disease_GlowingPustules_OnHit	Bleeding (Glowing Pustules)		Spell	Fire and Forget	Target Actor	
004B009C	SURV_Disease_ShellShock	Shell Shock		Spell	Fire and Forget	Target Actor	
004C6B2F	SURV_Disease_SwampGas	Swamp Gas		Spell	Fire and Forget	Target Actor	
004C6B34	SURV_Disease_BuzzBrain	Buzz Brain		Spell	Fire and Forget	Target Actor	
004C6B25	SURV_Disease_SnotEar	Snot Ear		Spell	Fire and Forget	Target Actor	
004C6B2A	SURV_Disease_HeatFlashes	Heat Flashes		Spell	Fire and Forget	Target Actor	
004C6B3E	SURV_Disease_Blight	The Blight		Spell	Fire and Forget	Target Actor	
004C6B1F	SURV_Disease_FlapLimb	Flap Limb		Spell	Fire and Forget	Target Actor	
004C6B39	SURV_Disease_Woopsies	The Woopsies		Spell	Fire and Forget	Target Actor	
004C6B48	SURV_Disease_FeverClaw	Fever Claw		Spell	Fire and Forget	Target Actor	
004C6B4F	SURV_Disease_RattleHands	Rattle Hands		Spell	Fire and Forget	Target Actor	
004DEB48	zzz_TWZ09KickPerk			Ability	Constant Effect	Self	
004DF1CE	Mutation_Marsupial	Marsupial		Ability	Constant Effect	Self	
004DF1DB	Mutation_HealingFactor	Healing Factor		Ability	Constant Effect	Self	
004DF1CF	Mutation_ScalySkin	Scaly Skin		Ability	Constant Effect	Self	
004DF1E0	Mutation_SpeedDemon	Speed Demon		Ability	Constant Effect	Self	
004E1F16	Mutation_Empath	Empath		Ability	Constant Effect	Self	
004E1F14	Mutation_AdrenalReaction	Adrenal Reaction		Ability	Constant Effect	Self	
004E1F1E	Mutation_HerdMentality	Herd Mentality	-2 SPECIAL solo, +2 SPECIAL grouped	Ability	Constant Effect	Self	
004E2568	TW004StingwingHunterSpell	Stingwing Hunter	+10% Damage to Stingwings	Spell	Fire and Forget	Self	
004E254C	TW004MongrelHunterSpell	Mongrel Hunter	+10% Damage to Mongrels	Spell	Fire and Forget	Self	
004E256A	TW004RadstagHunterSpell	Radstag Hunter	+10% Damage to Radstags	Spell	Fire and Forget	Self	
004E256C	TW004SnallygasterHunterSpell	Snallygaster Hunter	+10% Damage to Snallygasters	Spell	Fire and Forget	Self	
004E256D	TW004HoneybeastHunterSpell	Honeybeast Hunter	+10% Damage to Honeybeasts	Spell	Fire and Forget	Self	
004E256E	TW004RadtoadHunterSpell	Radtoad Hunter	+10% Damage to Radtoads	Spell	Fire and Forget	Self	
004E256B	TW004RadscorpionHunterSpell	Radscorpion Hunter	+10% Damage to Radscorpions	Spell	Fire and Forget	Self	
004E2569	TW004BloodbugHunterSpell	Bloodbug Hunter	+10% Damage to Bloodbugs	Spell	Fire and Forget	Self	
004E2565	TW004YaoGuaiHunterSpell	Yao Guai Hunter	+10% Damage to Yao Guai	Spell	Fire and Forget	Self	
004E2564	TW004MirelurkHunterSpell	Mirelurk Hunter	+10% Damage to Mirelurks	Spell	Fire and Forget	Self	
004E2567	TW004SuperMutantHunterSpell	Super Mutant Hunter	+10% Damage to Super Mutants	Spell	Fire and Forget	Self	
004E2566	TW004AnglerHunterSpell	Angler Hunter	+10% Damage to Anglers	Spell	Fire and Forget	Self	
004E4017	Mutation_UnstableIsotope	Unstable Isotope		Ability	Constant Effect	Self	
004E400D	Mutation_ElectricallyCharged	Electrically Charged		Ability	Constant Effect	Self	
004E4028	Mutation_RadWalker-CUT	Rad Walker		Ability	Constant Effect	Self	
004E4006	Mutation_Chameleon	Chameleon		Ability	Constant Effect	Self	
004E4022	Mutation_PlagueWalkerDamage	Plague Walker Damage Aura		Spell	Concentration	Contact	
004E4021	Mutation_PlagueWalker	Plague Walker		Ability	Constant Effect	Self	
004E4002	Mutation_Grounded	Grounded		Ability	Constant Effect	Self	
004E4029	Mutation_RadWalkerDamage-CUT	Rad Walker Damage Aura		Spell	Concentration	Contact	
004ED9BA	MTR10RobotAbility01			Spell	Constant Effect	Self	
004F5780	Legendary_DamageConsecutiveHits_Attacker	Legendary "Furious" on attacker		Spell	Fire and Forget	Self	
004F577E	Legendary_DamageConsecutiveHits_Target	Legendary "Furious" on target		Spell	Fire and Forget	Self	
004F6AB3	crXPBonusSpell	Wisdom of the Mothman		Spell	Fire and Forget	Contact	
00505BCF	AbPerkAntiEpidemic	Anti-Epidemic		Ability	Constant Effect	Self	
00509362	abMothmanWatcherSpell	Mothman Watcher		Ability	Constant Effect	Self	
00510108	EN07_Fissure_CameraShakeSpell_Intense	Camera Shake Spell		Spell	Fire and Forget	Self	
00510106	EN07_Fissure_CameraShakeSpell	Camera Shake Spell		Spell	Fire and Forget	Self	
00518430	abMothmanDefenderSpell	Mothman Defender		Ability	Constant Effect	Self	
0051894B	EN07_FadeToWhiteSpell	Fade To White Effect		Spell	Fire and Forget	Self	
00519C65	AbAudioRaceCritterRadBeaverSoundRepeater			Ability	Constant Effect	Self	
0051ABC3	PerkFriendlyFire02Spell	Friendly Fire		Spell	Fire and Forget	Self	
0051ABC5	PerkFriendlyFire03Spell	Friendly Fire		Spell	Fire and Forget	Self	
0051B56A	WaterFEVLethalHazard	Toxic Goo		Disease	Fire and Forget	Self	
005217E9	MTNS04NightstalkerAppearImodSpell			Spell	Fire and Forget	Self	
00521924	zzz_AbMoM_GarbofMysteryBuffs	Garb of Mysteries		Ability	Constant Effect	Self	
00521937	Mom_VoiceofSet_ShockStunRobots			Spell	Fire and Forget	Contact	
00521923	zzz_AbMoM_BladeofBastetBuffs	Blade of Bastet Buffs		Ability	Constant Effect	Self	
00521A4A	ENz04_ChangeAssistanceLevelSpell_PlayerTarget	Change NPC Assistance Level		Ability	Constant Effect	Self	
0052266B	Mom_VoiceofSet_ShockRobots			Spell	Fire and Forget	Contact	
0052415A	AbPerkGoodWithSalt	Good With Salt		Ability	Constant Effect	Self	
00524148	Legendary_CloakOnMelee	Cloak On Melee		Spell	Fire and Forget	Self	
00525415	TestScorchConvert			Spell	Fire and Forget	Contact	
00526570	AbAmbushFurnitureInvisibility			Ability	Constant Effect	Self	
00526841	MTR05_CameraShakeSpell	Camera Shake Spell		Spell	Fire and Forget	Self	
00527F73	Legendary_OnBlockBurnSpell	Burn DoT		Spell	Fire and Forget	Contact	
00527F80	Legendary_OnMeleeHitBurnSpell	Burn DoT		Spell	Fire and Forget	Contact	
00527F91	Legendary_CritsHealTeamSpell	Medic Legendary		Spell	Fire and Forget	Self	
00527F89	Legendary_VampireRegen	Vampire Health Regen		Spell	Fire and Forget	Self	
005281BC	Legendary_DebuffDamageSpell	Debuff Damage Output		Spell	Fire and Forget	Self	
00529A01	Legendary_FreezeSpell	CryoFreeze		Spell	Fire and Forget	Contact	
005299F3	Legendary_KnockbackSpell	Knockback		Spell	Fire and Forget	Self	
0052BDAD	zzz_AbPerkOrdnanceExpress	Ordnance Express		Ability	Constant Effect	Self	
0052BDA0	zzz_AbPerkBandolier	Bandolier		Ability	Constant Effect	Self	
0052BDAE	AbPerkPackinLight	Packin Light		Ability	Constant Effect	Self	
0052BDB0	zzz_AbPerkSturdyFrame	Sturdy Frame		Ability	Constant Effect	Self	
0052BDB2	zzz_AbPerkTravelingPharmacy	Traveling Pharmacy		Ability	Constant Effect	Self	
0052BD9E	zzz_AbPerkBearArms	Bear Arms		Ability	Constant Effect	Self	
0052BDB1	zzz_AbPerkThruHiker	Thru Hiker		Ability	Constant Effect	Self	
0052BDA2	zzz_AbPerkBatteriesIncluded	Batteries Included		Ability	Constant Effect	Self	
0052BDAF	zzz_AbPerkPackRat	Pack Rat		Ability	Constant Effect	Self	
005303FF	AbPowerArmorPerk_Excavator	Excavator Bonuses		Ability	Constant Effect	Self	
00530B93	EN02_RadarBlastSpell01			Spell	Fire and Forget	Self	
00530CF5	MSilo_ReactorRadiationHazard	Deadly Radiation		Spell	Concentration	Contact	
001A7C52	zzzLegendary_OnBlockRadiationSpell	Radiation Damage		Spell	Fire and Forget	Contact	
001A7DBA	Legendary_FrenzySpell	Frenzy		Spell	Fire and Forget	Contact	
001A7C9F	Legendary_OnBlockElectricSpell	Electric Damage		Spell	Fire and Forget	Contact	
0016F043	abUnderArmor_Casual_Buffs	Under Armor		Ability	Constant Effect	Self	
0016F064	abUnderArmor_BOS_Buffs	Under Armor		Ability	Constant Effect	Self	
0016EFD7	abUnderArmor_Enclave_Buffs	Under Armor		Ability	Constant Effect	Self	
0016EFC6	abUnderArmor_Raider_Buffs	Under Armor		Ability	Constant Effect	Self	
0016EFCF	abUnderArmor_Marine_Buffs	Under Armor		Ability	Constant Effect	Self	
0016EFAD	abUnderArmor_VaultSuit_Buffs	Vault suit		Ability	Constant Effect	Self	
0014CEE0	ScorchBeast_Transition	Poison		Spell	Fire and Forget	Self	
0004A334	RadiationTriggerToken	Token Radiation		Spell	Concentration	Contact	
0004A35A	RadiationTriggerLight	Light Radiation		Spell	Concentration	Contact	
0004A692	RadiationTriggerStrong	Strong Radiation		Spell	Concentration	Contact	
0004A335	RadiationTriggerDeadly	Deadly Radiation		Spell	Concentration	Contact	
00049665	CoolingTowerTriggerSpell	Cooling Tower Steam		Spell	Concentration	Contact	
0025BF4C	AbPerkSquadManeuvers	Squad Maneuvers		Ability	Constant Effect	Self	
0033D108	ScentAttractorMeatSpell	Attraction to Meat		Spell	Fire and Forget	Contact	
0006F7D3	SURV_Disease_ScorchedPlague	Scorched Plague		Ability	Constant Effect	Self	
00379E16	Magazine_Holotape_GrognakSpell	Grognak & the Ruby Ruins		Spell	Fire and Forget	Self	
003792AA	Magazine_Holotape_ZetaInvadersSpell	Zeta Invaders		Spell	Fire and Forget	Self	
0037A7B3	Magazine_Holotape_NukatapperSpell	Nukatapper		Spell	Fire and Forget	Self	
0037A6A0	Magazine_Holotape_AutomatronSpell	Automatron		Spell	Fire and Forget	Self	
0037A7B2	Magazine_Holotape_AtomicCommandSpell	Atomic Command 1		Spell	Fire and Forget	Self	
00379E18	Magazine_Holotape_PipfallSpell	Pipfall		Spell	Fire and Forget	Self	
0037954E	Magazine_Holotape_WasteladSpell	Wastelad		Spell	Fire and Forget	Self	
0037954C	Magazine_Holotape_RedMenaceSpell	Red Menace		Spell	Fire and Forget	Self	
00050E8B	SURV_Disease_SpellToCastOnChance_ToxicAir_DamageHealth	Toxic Air		Spell	Fire and Forget	Target Actor	
00520BD2	zzz_AbPerkGladiatorMaster	Gladiator Master		Ability	Constant Effect	Self	
00520BDA	AbPerkSluggerMaster	Heavy Hitter		Ability	Constant Effect	Self	
00520BD1	AbPerkGladiatorExpert	Meat Mincer		Ability	Constant Effect	Self	
00520BDB	AbPerkSluggerExpert	Knee-Capper		Ability	Constant Effect	Self	
003B7723	AbAudioRaceFireflySoundRepeater			Ability	Constant Effect	Self	
004E102C	zzz_AbMoM_GarbofMysteries_Description	Garb of Mysteries		Ability	Constant Effect	Self	
004E102A	zzz_AbMoM_BladeofBastet_Description	Blade of Bastet		Ability	Constant Effect	Self	
004E102B	AbMoM_VoiceofSet_Description	Voice of Set		Ability	Constant Effect	Self	
0052EC2D	CB02_CandyBucket_Spell	Candy Bucket		Ability	Constant Effect	Self	
002C5FDF	crFlatwoodsMonsterTeleportOutSpell	Teleport Out		Spell	Fire and Forget	Self	
0037D0AD	AbVertibotRace			Ability	Constant Effect	Self	
0037D173	AbAddLegendaryItem	AbLegendaryCreature		Ability	Constant Effect	Self	
0037D1C5	RadtoadEggMineLaunchSpell	Radtoad Egg Mine Launch Spell		Spell	Fire and Forget	Aimed	
003C75C4	SURV_Disease_JellyFingers	Jelly Fingers		Spell	Fire and Forget	Target Actor	
003C75CE	Trap_Disease_RattleHands_Spell			Spell	Fire and Forget	Target Actor	
003C75B8	SURV_Disease_NeedleSpine	Needle Spine		Spell	Fire and Forget	Target Actor	
003C75CA	Trap_Disease_NeedleSpine_Spell			Spell	Fire and Forget	Target Actor	
003C75CC	Trap_Disease_FeverClaw_Spell			Spell	Fire and Forget	Target Actor	
003C75BE	SURV_Disease_LockJoint	Lock Joint		Spell	Fire and Forget	Target Actor	
003C9B99	PerkBloodyMessSpell	Bloody Mess		Spell	Fire and Forget	Self	
003CA1B9	AssaultronHead_SelfRadDMGSpell	Assaultron Rad Damage		Spell	Fire and Forget	Self	
003DC39F	AbTWZ05Reward	Mirelurk Marauder		Ability	Constant Effect	Self	
00386ACD	Mutation_TalonsBleedSpell	Bleed		Spell	Fire and Forget	Contact	
005119FB	CritUltracite			Spell	Fire and Forget	Self	
00511B74	AbRaceVertibird	Vertibird Abilities		Ability	Constant Effect	Self	
003C7B93	MTNM03_ZenSpell03	Zen Mastery Lvl 3		Spell	Fire and Forget	Contact	
003C7B92	MTNM03_ZenSpell02	Zen Mastery Lvl 2		Spell	Fire and Forget	Contact	
003C7B95	MTNM03_ZenSpell_Reward_01	Zen Mastery Lvl 1		Spell	Fire and Forget	Contact	
003C7B97	MTNM03_ZenSpell_Reward_03	Zen Mastery Lvl 3		Spell	Fire and Forget	Contact	
003C7B91	MTNM03_ZenSpell01	Zen Mastery Lvl 1		Spell	Fire and Forget	Contact	
003C7B94	MTNM03_ZenSpell04	Zen Mastery Lvl 4		Spell	Fire and Forget	Contact	
003C7B96	MTNM03_ZenSpell_Reward_02	Zen Mastery Lvl 2		Spell	Fire and Forget	Contact	
003C7B98	MTNM03_ZenSpell_Reward_04	Zen Mastery Lvl 4		Spell	Fire and Forget	Contact	
003C852B	crFlatwoodsMonsterAddToFactionSpell	Flatwoods Monster Add to Faction		Spell	Concentration	Contact	
003C852C	FlatwoodsMonsterCloakSpell	Flatwoods Monster Cloak		Ability	Constant Effect	Self	
003A1015	TW009UnionProtection			Ability	Constant Effect	Self	
003A1016	TW009ConfederateProtection			Ability	Constant Effect	Self	
003D012C	Mutation_PlagueWalkerDamageSuper	Plague Walker Damage Aura (Super)		Spell	Concentration	Contact	
0050B499	AbAmbushFurnitureScorched			Ability	Constant Effect	Self	
0050C049	RS03_Inoculation_InoculationSpell	Scorched Plague Inoculation		Spell	Fire and Forget	Contact	
0050CA63	AbPerkInspirational	Inspirational		Ability	Constant Effect	Self	
0050CA62	DetectLifeClientSpell	Detect Life		Spell	Fire and Forget	Self	
0050CD15	SURV_WellTunedSpell	Well Tuned		Spell	Fire and Forget	Self	
0050CD17	SURV_RestoreHealth_RestingSpell	Resting		Ability	Constant Effect	Self	
0050DCC9	SURV_AddRadsOnWaterCollect	Add Rads When Collecting Water		Spell	Fire and Forget	Self	
004F9A39	zzz_PerkAdrenalineOnKillSpell	Adrenaline		Spell	Fire and Forget	Self	
004FACCF	AbPerkChemFiend	Chem Fiend		Ability	Constant Effect	Self	
004FB1BD	abFlatwoodsMonsterWatcherSpell	Flatwoods Monster Watcher		Ability	Constant Effect	Self	
004FB641	CB_WatogaRobotAbility	Decrement Pop Counter OnDeath		Spell	Constant Effect	Self	
004FCB61	SCORE_Lunchbox_ThirstSpell	To-Go Punch		Spell	Fire and Forget	Self	
004FCB5F	SCORE_Lunchbox_RobotsSpell	Noisemaker		Spell	Fire and Forget	Self	
004FCB57	SCORE_Lunchbox_CarryCapacitySpell	Gift Bag		Spell	Fire and Forget	Self	
004FCB5C	SCORE_Lunchbox_JumpAbility	Balloons!	Some pop in your step! 	Ability	Constant Effect	Self	
004FCB5D	SCORE_Lunchbox_MutantsSpell	Fingertrap		Spell	Fire and Forget	Self	
004FCB58	SCORE_Lunchbox_CreaturesSpell	Plastic Animals		Spell	Fire and Forget	Self	
004FCB5B	SCORE_Lunchbox_HungerSpell	So Much Cake	Too full!	Spell	Fire and Forget	Self	
004FCB5E	SCORE_Lunchbox_RadResistSpell	Antacids		Spell	Fire and Forget	Self	
004FCB62	SCORE_Lunchbox_XPSpell	Very Well Rested		Spell	Fire and Forget	Self	
004FD932	SCORE_Lunchbox_PerkConfettiEffectSpell	Confetti Mess		Spell	Fire and Forget	Self	
004FD931	SCORE_Lunchbox_ConfettiSpell	Confetti Mess		Spell	Fire and Forget	Self	
00432C8D	FF05_Reward_ResistFoodRadsSpell	Resist Food Rads		Spell	Fire and Forget	Self	
00432C8F	FF06_Reward_ResistFoodRadsSpell	Improved Food Healing		Spell	Fire and Forget	Self	
00432C89	FF01_Reward_ResistPoisonSPell	Resist Poison		Spell	Fire and Forget	Self	
00432FC0	zzz_RECLAIM_ThirstSpellEffect	To-Go Punch		Spell	Constant Effect	Self	
0043342B	LC052_CameraShakeSpell	Camera Shake Spell		Spell	Fire and Forget	Self	
0043342C	LC052_CameraShakeSpellIntense	Camera Shake Spell		Spell	Fire and Forget	Self	
0043430E	PerkInjector02Spell	Injector		Spell	Fire and Forget	Self	
0043430F	PerkInjector03Spell	Injector		Spell	Fire and Forget	Self	
0043479D	BoSZ04_AntiScorched_Spell	Anti-Scorched Damage		Spell	Fire and Forget	Contact	
004347B0	abBossLootDrop_Large_Dynamic	Boss Loot Drop		Ability	Constant Effect	Self	
004347AE	abBossLootDrop_Small_Dynamic	Boss Loot Drop Small		Ability	Constant Effect	Self	
004347AF	abBossLootDrop_Medium_Dynamic	Boss Loot Drop Medium		Ability	Constant Effect	Self	
00437AE0	Mutation_ChameleonOnAttackFlag_Spell	Chameleon On Attack Flag		Spell	Fire and Forget	Self	
00437FEE	Wanted_DebtorsDisease_Spell	Bankruptcy Penalty		Spell	Fire and Forget	Target Actor	
00439184	EN07_ApplySmokeVisualEffectSpell_NukeC	Apply Smoke Visual Effect - Nuke C		Spell	Fire and Forget	Self	
00439177	EN07_ApplySmokeVisualEffectSpell_NukeA	Apply Smoke Visual Effect - Nuke A		Spell	Fire and Forget	Self	
00439178	EN_CameraShakeSpell	Camera Shake Spell		Spell	Fire and Forget	Self	
0043917F	EN07_ApplyBlastVisualEffectSpell_NukeB	Apply Blast Visual Effect		Spell	Fire and Forget	Self	
00439183	EN07_ApplyBlastVisualEffectSpell_NukeC	Apply Blast Visual Effect		Spell	Fire and Forget	Self	
00439180	EN07_ApplySmokeVisualEffectSpell_NukeB	Apply Smoke Visual Effect - Nuke B		Spell	Fire and Forget	Self	
0043C729	AbRaceRadFrog	Rad Frog Abilities		Ability	Constant Effect	Self	
0043C72A	AbRaceRadSquirrel	Radsquirrel  Abilities		Ability	Constant Effect	Self	
0043C723	AbRaceFirefly	Firefly Abilities		Ability	Constant Effect	Self	
0043C728	AbRaceRadBeaver	Rad Beaver Abilities		Ability	Constant Effect	Self	
0043C724	AbRaceFox	Fox Abilities		Ability	Constant Effect	Self	
0043C725	AbRaceOpossum	Opossum Abilities		Ability	Constant Effect	Self	
0043C727	AbRaceOwlet	Owlet Abilities		Ability	Constant Effect	Self	
0043C726	AbRaceMothman	Mothman Abilities		Ability	Constant Effect	Self	
0043CEFE	PerkTargetDebuffSpell	Perk Debuffs		Spell	Fire and Forget	Self	
0043E187	SCORE_Lunchbox_Balloon_Applier	Balloons!		Spell	Fire and Forget	Self	
004503B9	TrapBearTrapBleedingHitSpell			Spell	Fire and Forget	Target Actor	
004503BA	TrapBearTrapHitSpell			Spell	Fire and Forget	Target Actor	
00450ADF	AbEpicCreature_RestoreHealth_Trigger	Rage Heal Trigger		Ability	Constant Effect	Self	
00450AE1	AbEpicCreature_RestoreHealth	Rage Heal		Spell	Fire and Forget	Self	
0045110F	AbPerkFullCharge	Power User		Ability	Constant Effect	Self	
004869F8	crScorchBeastQueen_DamageReduction	ScorchBeastQueen Specific Buffs		Ability	Constant Effect	Self	
004874FF	EN07_ApplySoundCategorySpell	Apply Nuke Sound Category Spell		Spell	Fire and Forget	Self	
0047759E	PerkRadSpongeHealSpell	Heal Radiation		Spell	Fire and Forget	Self	
004787D1	E01B_Herd_CameraShakeSpell	Camera Shake Spell		Spell	Fire and Forget	Self	
00479D51	AbRaceSheepsquatch			Ability	Constant Effect	Self	
0047B270	E01B_Herd_PerkCooldownSpell	Herd Cooldown		Spell	Constant Effect	Self	
0047F579	Nukashine_Blackout	Nukashine Blackout	You're blacking out!	Spell	Fire and Forget	Self	
0047C2EB	AbSpotlightWeekly	Spotlight Week 1		Ability	Constant Effect	Self	
0047C2E9	AbWeeklySpotlight	Spotlight Week		Ability	Constant Effect	Self	
00454127	Nukashine_Hangover	Nukashine Hangover		Spell	Fire and Forget	Self	
00454D58	SFS09_Habitat_RadiationHazardStrong	Strong Radiation		Spell	Concentration	Contact	
00454D59	SFS09_Habitat_RadiationHazardDeadly	Deadly Radiation		Spell	Concentration	Contact	
0045DE04	RobotOnFire	Robot On Fire		Spell	Fire and Forget	Contact	
00464923	REObjectTS08_ReducePerception			Ability	Constant Effect	Self	
0046548A	V94_StranglerHeartAcidSpell	Strangler Acid Cloud		Spell	Concentration	Contact	
0045455A	CryoSlowEffectSpell_Stage1	Chilled		Ability	Constant Effect	Contact	
0045455B	zzz_CryoSlowEffectSpell_Stage2	Frosted		Ability	Constant Effect	Contact	
0045455C	CryoSlowEffectSpell_Stage3	Frozen		Ability	Constant Effect	Contact	
0046983D	Alcohol_HangoverMild	Mild Hangover		Spell	Fire and Forget	Self	
00469858	TickBloodTequila_FoodRegen	Gain Food On Melee Damage		Spell	Fire and Forget	Self	
00469855	TickBloodTequila_DiseaseChance	Disease Chance		Spell	Fire and Forget	Self	
00469848	FirecrackerWhiskey_BurnOnHit	Firecracker Whiskey Burn		Spell	Fire and Forget	Contact	
0046984C	FirecrackerWhiskey_BurnSelf	Firecracker Whiskey Burn		Spell	Fire and Forget	Contact	
0046985A	TickBloodTequila_HealthRegen	Drink Blood		Spell	Fire and Forget	Self	
0046984A	FirecrackerWhiskey_BurnOnTouch	Firecracker Whiskey Burn		Spell	Fire and Forget	Contact	
0046CF18	LemonadeHard_Hangover	Sugar Crash Hangover		Spell	Fire and Forget	Self	
003EC3E3	RadAntLager_Hangover	Rad Ant Lager Hangover		Spell	Fire and Forget	Self	
0046C7CE	Ab_Spotlight_HeavyMetal	Spotlight Ability: Heavy Metal		Ability	Constant Effect	Self	
003EE3C2	Ab_Spotlight_Unstoppable	Spotlight Ability: Unstoppable		Ability	Constant Effect	Self	
003F2370	Ab_Spotlight_ShareTheLove	Share The Love		Ability	Constant Effect	Self	
003F2376	Ab_Spotlight_LegendOfTheMothman	Legend of the Mothman		Ability	Constant Effect	Self	
003F2B94	AbRaceBrahmin			Ability	Constant Effect	Self	
003F3295	Camera_TargetingHUD_Spell	Camera Targeting HUD		Spell	Concentration	Aimed	
003F28E7	Ab_Spotlight_SpringCleaning	Spring Cleaning		Ability	Constant Effect	Self	
003F3F3E	AbPerkBloodyMess	Bloody Mess		Ability	Constant Effect	Self	
003F7FA5	E01B_Encryptid_PylonConduitSpell	Conduit		Ability	Constant Effect	Self	
0046C7D1	Ab_Spotlight_ChildsPlay	Spotlight Ability: Childs Play		Ability	Constant Effect	Self	
0046C7F8	Ab_Spotlight_TerrorInTheNight	Spotlight Ability: Terror in the night		Ability	Constant Effect	Self	
003FBAB0	Ab_Spotlight_DoubleXP	Double XP		Ability	Constant Effect	Self	
0040419B	Ab_Spotlight_DoubleXPSurvival	Double XP		Ability	Constant Effect	Self	
0040E4CF	E01B_Encryptid_AssaultronHazardSpell	Fire Hazard		Spell	Fire and Forget	Contact	
004122CB	crSheepsquatchPoisonAttack	Poison Attack		Spell	Fire and Forget	Contact	
0041557D	StimGasHealTeamSpell	Stim Gas Heal		Spell	Fire and Forget	Self	
0041A4E8	W05_MQ_003P_Muscle_PlayerPollyFireSpell	Player Uses Polly Head Spell		Ability	Constant Effect	Self	
00421216	AbAddictionFormulaP	Formula P Addiction		Addiction	Constant Effect	Self	
00425272	ToxicGin_PoisonsOnHit	Toxic Gin Poison		Spell	Fire and Forget	Contact	
0042F5D8	W05_MQR_203P_PassTimeSpell			Spell	Fire and Forget	Self	
0042F5B3	W05_MQR_203P_WinnersCup_Blackout	Winner's Cup Blackout	You're blacking out!	Spell	Fire and Forget	Self	
003EB6AE	zzz_BabylonStormHazard	Pyroclastic Storm		Disease	Fire and Forget	Self	
00511EA6	zzz_BabylonWarmthHazardSpell	Warmth		Spell	Concentration	Contact	
004500A7	zzz_AbPerkBabylonDetectTerminal	Detect Terminal		Ability	Constant Effect	Self	
004500A5	zzz_AbPerkBabylonDetectBriefcase	Detect Briefcase		Ability	Constant Effect	Self	
004500A6	zzz_AbPerkBabylonDetectPowerArmor	Detect Power Armor		Ability	Constant Effect	Self	
0045009A	zzz_AbPerkBabylonMonsterMuffler01	Monster Muffler		Ability	Constant Effect	Self	
004500AA	zzz_AbPerkBabylon_APBonus	Strength Bonus 3		Ability	Constant Effect	Self	
00479B66	zzz_AbPerkActionBoyGirl_Babylon	Action Boy/Girl		Ability	Constant Effect	Self	
00479B73	zzz_AbPerkLifeGiver_Babylon	Life Giver		Ability	Constant Effect	Self	
00479B7A	zzz_AbPerkRefractor_Babylon	Refractor		Ability	Constant Effect	Self	
00479B7F	zzz_AbPerkSturdyFrame_Babylon	Sturdy Frame		Ability	Constant Effect	Self	
00479B71	zzz_AbPerkIronclad_Babylon	Ironclad		Ability	Constant Effect	Self	
00479B72	zzz_AbPerkIronFist_Babylon	Iron Fist		Ability	Constant Effect	Self	
00479B74	zzz_AbPerkLockAndLoad_Babylon	Lock and Load		Ability	Constant Effect	Self	
00479B75	zzz_AbPerkMartialArtist_Babylon	Martial Artist		Ability	Constant Effect	Self	
00479B6E	zzz_AbPerkGunRunner_Babylon	Gun Runner		Ability	Constant Effect	Self	
00479B7B	zzz_AbPerkRiflemanMaster_Babylon	Master Non-Auto Rifle Damage		Ability	Constant Effect	Self	
00479B80	zzz_AbPerkThruHiker_Babylon	Thru Hiker		Ability	Constant Effect	Self	
00479B6D	zzz_AbPerkGuerrillaMaster_Babylon	Master Guerrilla		Ability	Constant Effect	Self	
00479B77	zzz_AbPerkPackinLight_Babylon	Packin Light		Ability	Constant Effect	Self	
00479B78	zzz_abPerkRadResistant_Babylon	Radiation Resistance		Ability	Constant Effect	Self	
00479B6C	zzz_AbPerkGrenadier_Babylon	Glow Sight		Ability	Constant Effect	Self	
00479B6F	zzz_AbPerkGunslingerMaster_Babylon	Master Gunslinger		Ability	Constant Effect	Self	
00479B6B	zzz_AbPerkGladiatorMaster_Babylon	1H Melee Damage		Ability	Constant Effect	Self	
00479B69	zzz_AbPerkCommandoMaster_Babylon	Master Auto Rifle Damage		Ability	Constant Effect	Self	
00479B7E	zzz_AbPerkStrongBack_Babylon	Strong Back		Ability	Constant Effect	Self	
00479B81	zzz_AbPerkTravelingPharmacy_Babylon	Traveling Pharmacy		Ability	Constant Effect	Self	
00479B6A	zzz_AbPerkDemolitionExpert_Babylon	Explosive Damage		Ability	Constant Effect	Self	
00479B83	zzz_PerkSpiritualHealer_Babylon	Spiritual Healer		Spell	Fire and Forget	Self	
00479B70	zzz_AbPerkHeavyGunnerMaster_Babylon	Master Heavy Gun Damage		Ability	Constant Effect	Self	
00479B67	zzz_AbPerkBearArms_Babylon	Bear Arms		Ability	Constant Effect	Self	
00479B7C	zzz_AbPerkScattershot_Babylon	Scattershot		Ability	Constant Effect	Self	
00479B7D	zzz_AbPerkShotgunnerMaster_Babylon	Master Shotgun Damage		Ability	Constant Effect	Self	
00479B84	zzz_PerkTargetDebuffSpell_Babylon	Perk Debuffs	This spell is a hack for all perks that need to use the "Apply Combat Hit Spell" to place a spell on the target you are attacking. Unhelpfully, only one instance of that perk entry point is allowed to work at the same time, making perks override each other. Therefore they must all cast this single spell, which has conditions to determine which affects to apply. Yeah... 	Spell	Fire and Forget	Self	
00479B76	zzz_AbPerkOrdnanceExpress_Babylon	Ordnance Express		Ability	Constant Effect	Self	
00479B79	zzz_AbPerkRadSponge_Babylon	Rad Sponge		Ability	Constant Effect	Self	
00479B82	zzz_PerkBulletShield_Babylon	Bullet Shield		Spell	Fire and Forget	Self	
00479B68	zzz_AbPerkChemFiend_Babylon	Chem Fiend		Ability	Constant Effect	Self	
00479D6D	zzz_AbPerkSluggerMaster_Babylon	2H Melee Damage		Ability	Constant Effect	Self	
00479D6E	zzz_AbPerkSquadManeuvers_Babylon	Squad Maneuvers		Ability	Constant Effect	Self	
00479D6A	zzz_abPerkDodgy_Babylon			Ability	Constant Effect	Self	
00479D6C	zzz_AbPerkHomebody_Babylon	Homebody		Ability	Constant Effect	Self	
00479D69	zzz_AbPerkNerdRage_Babylon	Nerd Rage		Ability	Constant Effect	Self	
0047A267	zzz_Mutation_TwistedMuscles_Babylon	Twisted Muscles		Ability	Constant Effect	Self	
00481FDC	zzz_AbPerkPicklock1_Babylon	Picklock 1		Ability	Constant Effect	Self	
00460637	zzz_AbPerkBarbarian03_Babylon	Barbarian		Ability	Constant Effect	Self	
00464891	zzz_AbPerkEvasive3_Babylon	Evasive		Ability	Constant Effect	Self	
0046C57F	zzz_AbPerkBodyguards04_Babylon	Bodyguards		Ability	Constant Effect	Self	
0046C580	zzz_AbPerkMagneticPersonality2_Babylon	Magnetic Personality		Ability	Constant Effect	Self	
0046C7F4	zzz_AbPerkMovingTarget3_Babylon	Moving Target		Ability	Constant Effect	Self	
0046C7F5	zzz_AbPerkTeamMedic_Babylon	Medic		Ability	Constant Effect	Self	
0046F09A	zzz_Babylon_ApplyVaporizeVisualEffectSpell	Apply Vaporize Visual Effect		Spell	Fire and Forget	Self	
003EC4F6	zzz_zzzBabylon_ShowEnemiesOnMap	Show Enemies On Map		Spell	Constant Effect	Self	
003EE5A9	zzz_AbPerkHacker_Babylon	Hacker		Ability	Constant Effect	Self	
003F45F5	zzz_AbPerkClubber_Babylon	1H Melee Damage		Ability	Constant Effect	Self	
003F45F1	zzz_AbPerkCowboy_Babylon	Master Guerrilla		Ability	Constant Effect	Self	
003F45EE	zzz_AbPerkWalkingArsenal_Babylon	Walking Arsenal		Ability	Constant Effect	Self	
003F5340	zzz_Babylon_RadStormSpell	Radiation Storm		Spell	Fire and Forget	Self	
003F5E93	zzz_AbPerkMeleeDamageIncrease_Babylon	1H Melee Damage		Ability	Constant Effect	Self	
003F6CC8	zzz_AbPerkRunForYourKnife_Babylon	Run For Your Knife		Ability	Constant Effect	Self	
003F77B9	zzz_Babylon_EN07_PostNewRadWeatherSpell	Nuclear Fallout Radiation		Disease	Constant Effect	Self	
0041002B	zzz_AbPerkFrogLegs_Babylon	Frog Legs		Ability	Constant Effect	Self	
004265D2	zzz_AbPerkDemolitionCamps_Babylon	Explosive Damage		Ability	Constant Effect	Self	
00539B6C	SFS09_Habitat_CowardlyConfidenceSpell	Cowardly Confidence Spell		Ability	Constant Effect	Self	
0053B78F	SFS09_Habitat_RestoreHealthSpell	Restore Health		Spell	Fire and Forget	Self	
00544B94	WL005_CameraShakeSpell	Camera Shake Spell		Spell	Fire and Forget	Self	
005480C3	W05_MQ_002P_PassTimeSpell			Spell	Fire and Forget	Self	
0053F684	zzz_AbPerkFortifyAP_Babylon			Ability	Constant Effect	Self	
0054ACB5	WL005_CameraShakeSpell_Distant	Camera Shake Spell		Spell	Fire and Forget	Self	
00548B57	E01C_Tales_Dark_ResistSpell	Damage Resistance Spell		Ability	Constant Effect	Self	
0054AFA0	zzz_PerkOverlyGenerousRadDamage_Babylon	Overly Generous Damage		Spell	Fire and Forget	Contact	
0054AFA9	zzz_AbPerkGroundPounder_Babylon	Storm Trooper		Ability	Constant Effect	Self	
0054AFAA	zzz_AbPerkDeadManSprinting_Babylon	Dead Man Sprinting		Ability	Constant Effect	Self	
0054E30F	E02A_PrimeActor_HealthSpell	Fortify Health		Ability	Constant Effect	Self	
00417B84	PETS_WellTrainedSpell	Well Trained		Spell	Fire and Forget	Self	
003FEE55	V96_BiofabricatorPodVFXSpell	Biofabricator Pod VFX		Spell	Fire and Forget	Self	
0040E614	V94_2_RaditionHazardExteriorLight	Light Radiation		Spell	Fire and Forget	Contact	
0040E613	V94_WaterRadiationHighHazard	High Water Radiation		Disease	Fire and Forget	Self	
00417752	V94_2_GECKEnemyRefCollectionDamageModPerkSpell			Ability	Constant Effect	Self	
0041FEC5	V94_RadiationHazardGECKSpell	Strong Radiation		Spell	Concentration	Contact	
00428B48	V96_2_EncEyebotScanner_5_Stealth_StealthField	Stealth Field		Ability	Constant Effect	Self	
00429AAB	V96_2_EncEyebotScanner_5_Stealth_StealthFieldStartSpell	Stealth Field		Spell	Fire and Forget	Self	
0053E4C4	V94_1_CameraShakeSpell	Camera Shake Spell		Spell	Fire and Forget	Self	
0053E997	crV96_AbHealthRegen	crV96_AbHealthRegen		Ability	Constant Effect	Self	
0053E9A0	crV96_Flaming	crV96_Flaming		Spell	Fire and Forget	Contact	
0053E9AA	crV96_PoisonHitSpell	Poison Attack		Spell	Fire and Forget	Contact	
0053E99E	crV96_Chameleon	crV96_Chameleon		Spell	Fire and Forget	Self	
0053E99C	CUT_crV96_AcidHitSpell	crV96_AcidHitSpell		Spell	Fire and Forget	Contact	
0053E998	CUT_crV96_Acid	crV96_Acid		Spell	Fire and Forget	Contact	
0053E9A3	CUT_crV96_AbImpBallistic	crV96_AbImpBallistic		Spell	Constant Effect	Self	
0053E9A6	CUT_crV96_AbImpEnergy	crV96_AbImpEnergy		Ability	Constant Effect	Self	
0053E996	CUT_crV96_AbHyper	crV96_AbHyper		Ability	Constant Effect	Self	
0053E9A9	crV96_Poison	crV96_Poison		Spell	Fire and Forget	Contact	
0053F181	crV96_AbFlaming	crV96_AbFlaming		Ability	Constant Effect	Self	
0053F183	CUT_crV96_AbAcid	crV96_AbAcid		Ability	Constant Effect	Self	
0053F188	crV96_AbPoison	crV96_AbPoison		Ability	Constant Effect	Self	
0053F185	crV96_AbChameleon	crV96_AbChameleon		Ability	Constant Effect	Self	
0053F199	crV96_AbTeleporting	crV96_AbTeleporting		Ability	Constant Effect	Self	
00541E2B	crV96_AbElectrified	crV96_AbElectrified		Ability	Constant Effect	Self	
00541E2C	crV96_AbFreezing	crV96_AbFreezing		Ability	Constant Effect	Self	
00541E2D	crV96_AbExplosive	crV96_AbExplosive		Ability	Constant Effect	Self	
0054625A	crV96_Electrified_Cloak	Electric Cloak		Ability	Constant Effect	Self	
00546259	crV96_Electrified_CloakHazard	Electric Damage		Spell	Concentration	Contact	
00546255	crV96_FreezingHitSpell	Freeze Attack		Spell	Fire and Forget	Contact	
00546253	crV96_Freezing	crV96_Freezing		Spell	Fire and Forget	Contact	
00546250	crV96_ExplosiveHitSpell	Explosive Attack		Spell	Fire and Forget	Self	
00546279	crV96_Electrified	crV96_Electrified		Spell	Fire and Forget	Contact	
00546DAD	V96_1_SuppressionScriptSpell	V96 Scripted Suppression Spell		Spell	Fire and Forget	Self	
0054793E	V96_1_DecontaminationMistSpell	Decontamination Mist		Spell	Fire and Forget	Self	
00549C7F	crV96_ExplosiveHazard	crV96_ExplosiveHazard		Spell	Fire and Forget	Contact	
0054A344	V96_DeconArchSpell	Decontamination Mist		Spell	Concentration	Contact	
0054A34E	V96_1_SuppressionEffect_Flatwoods_Electrical_ScriptSpell	V96 Scripted Suppression Spell		Spell	Fire and Forget	Self	
0054A34F	V96_1_SuppressionEffect_Flatwoods_Explosive_ScriptSpell	V96 Scripted Suppression Spell		Spell	Fire and Forget	Self	
0054A350	V96_1_SuppressionEffect_Flatwoods_Poisonous_ScriptSpell	V96 Scripted Suppression Spell		Spell	Fire and Forget	Self	
0054A351	V96_1_SuppressionEffect_Flatwoods_Flaming_ScriptSpell	V96 Scripted Suppression Spell		Spell	Fire and Forget	Self	
0054A353	V96_1_SuppressionEffect_Flatwoods_Invisible_ScriptSpell	V96 Scripted Suppression Spell		Spell	Fire and Forget	Self	
0054A352	V96_1_SuppressionEffect_Flatwoods_Teleporting_ScriptSpell	V96 Scripted Suppression Spell		Spell	Fire and Forget	Self	
0054A355	V96_1_SuppressionEffect_Flatwoods_Regenerating_ScriptSpell	V96 Scripted Suppression Spell		Spell	Fire and Forget	Self	
0054A354	V96_1_SuppressionEffect_Flatwoods_Freezing_ScriptSpell	V96 Scripted Suppression Spell		Spell	Fire and Forget	Self	
005535F1	V94_AcidHitSpell	Strangler Heart Acid		Spell	Fire and Forget	Contact	
005535F4	V94_BleedHitSpell	Bleed		Spell	Fire and Forget	Contact	
00554657	CUT_Armor_Set_V94_StealthSpell	Armor_Set_V94_StealthSpell		Spell	Constant Effect	Self	
00552007	MeatSweats_Lvl1	Mild Meat Sweats		Spell	Fire and Forget	Self	
00552009	MeatSweats_Lvl3	Strong Meat Sweats		Spell	Fire and Forget	Self	
00552008	MeatSweats_Lvl2	Meat Sweats		Spell	Fire and Forget	Self	
0055DA5B	DebugBernardFlareSpell	Flare		Spell	Fire and Forget	Aimed	
00562191	W05_MQS_205P_TurretSpell			Ability	Constant Effect	Self	
0056292F	E05_Radiation_RadZoneSpell	Extreme Radiation		Spell	Constant Effect	Self	
00562931	ZZZ_E05_Radiation_RadNerfSpell	Rad Buff Spell Test		Spell	Constant Effect	Self	
00563B85	AbPerkArcherMaster	Archer Master		Ability	Constant Effect	Self	
00563B84	AbPerkArcherExpert	Deal Sealer		Ability	Constant Effect	Self	
00563B83	AbPerkArcher	Archer		Ability	Constant Effect	Self	
00564518	RE_ObjectZW04_Spell_Main	Unusual Pipe		Spell	Fire and Forget	Self	
00557265	FF11_FlareSpell	Flare Spell	Spell that fires a flare at a target	Spell	Fire and Forget	Aimed	
005577B6	zzz_Babylon_RadiationImmunity	Immune to Radiation		Ability	Constant Effect	Self	
00556390	MeatSweats_PoisonSpell	Noxious Gas		Spell	Fire and Forget	Contact	
005617E2	V94_AcidHitSpell_Auto	Acid Damage		Spell	Fire and Forget	Contact	
005617E3	V94_AcidHitSpell_Melee	Strangler Heart Acid		Spell	Fire and Forget	Contact	
00563B9E	V94_Solar_TeamHealSpell	Vault 94 Solar Armor		Spell	Concentration	Contact	
0056406E	V94_AcidCloakSpell	Acid Damage		Spell	Concentration	Contact	
00564071	V94_BleedHitSpellAttacker	Bleed		Spell	Fire and Forget	Contact	
0056A24F	W05_RE_ObjectAF01_Protectron_Destruct	Self Destruct		Ability	Constant Effect	Self	
0056B648	W05_MQS_205P_JenStealthSpell	Stealth Spell		Spell	Fire and Forget	Self	
0056BE42	E05_Radiation_RadiationHazard	Extreme Radiation		Spell	Concentration	Contact	
0056BE39	ZZZ_E05_Radiation_RadXtreme_Cloak	Rad-Xtreme Radiation Cloak		Spell	Concentration	Contact	
0056BE3D	E05_Radiation_RadEnemyCloak	Radiation Cloak		Ability	Constant Effect	Self	
0056BE51	crSpellWendigoColossusRadVomit	Corrosive Bile		Spell	Concentration	Contact	
0056BE50	crSpellWendigoColossusPoisonVomit	Poisonous Sludge		Spell	Concentration	Contact	
00572349	AbRaceFloater			Ability	Constant Effect	Self	
00573F26	AbRaceWendigoColossus	Wendigo Abilities		Ability	Constant Effect	Self	
00565156	abScorchbeastMakeScorchedVariantFX_Spell			Ability	Constant Effect	Self	
00565158	abScorchbeastQueenMakeScorchedVariantFX_Spell			Ability	Constant Effect	Self	
00568687	zzz_DeadManSprinting_Babylon	Run For Your Knife		Ability	Constant Effect	Self	
0056F9E5	CUT_E03A_Mischief_RadResistSpell	Radbreakers Candy		Spell	Fire and Forget	Self	
00574C71	ZZZ_crSpellFloaterGnasherDeathHazard			Spell	Fire and Forget	Contact	
00584F22	E05_Radiation_ScavengerBuffSpell	Scavenger Toughness		Ability	Constant Effect	Self	
00586B56	crSpellWendigoColossusLaunchPoisonVomit			Spell	Fire and Forget	Aimed	
00586B57	crSpellWendigoColossusLaunchRadVomit			Spell	Fire and Forget	Aimed	
005872E2	crFloaterGnasherHeal	Gnasher Vampire Bite		Spell	Fire and Forget	Self	
00592411	Water_NoRadiation_DrinkingDirty	Water		Spell	Fire and Forget	Self	
00592F11	WL005_CameraShakeSpell_Explosive	Camera Shake Spell		Spell	Fire and Forget	Self	
00592F12	WL005_CameraShakeSpell_ExplosiveAftermath	Camera Shake Spell		Spell	Fire and Forget	Self	
0059765D	W05_AbCompanionLiteAllyInitialSpell_Scavenger	W05_AbCompanionLiteAllyInitialSpell_Scavenger		Ability	Fire and Forget	Self	
0059765E	W05_AbCompanionLiteAllyInitialSpell_Beggar	W05_CompanionLiteAllyInitialSpell_Beggar		Ability	Fire and Forget	Self	
0059765C	W05_AbCompanionLiteAllyInitialSpell_Wanderer	W05_AbCompanionLiteAllyInitialSpell_Wanderer		Ability	Fire and Forget	Self	
0059765F	W05_AbCompanionLiteAllyInitialSpell_RaiderPunk	W05_AbCompanionLiteAllyInitialSpell_RaiderPunk		Ability	Fire and Forget	Self	
00597660	W05_AbCompanionLiteAllyInitialSpell_Hunter	W05_AbCompanionLiteAllyInitialSpell_Hunter		Ability	Fire and Forget	Self	
00597941	W05_DenizenDialogueSpell	W05_DenizenDialogueSpell		Ability	Fire and Forget	Self	
0059A824	zzz_crFloaterFreezerBreathSlowEffectSpell_Stage1	Chilled		Ability	Constant Effect	Contact	
0059A825	zzz_crFloaterFreezerBreathSlowEffectSpell_Stage2	Frosted		Ability	Constant Effect	Contact	
0059A826	zzz_crFloaterFreezerBreathSlowEffectSpell_Stage3	Frozen		Ability	Constant Effect	Contact	
0059BCD1	LoadIntoNukeZoneRadResist	Rad Resistance		Ability	Constant Effect	Self	
0059CB02	Christmas_FestiveScorchedLegendarySpell	Festive Scorched Legendary Chance		Ability	Constant Effect	Self	
0059E3F0	COMP_WellRested3_KindredSpirit	Kindred Spirit		Spell	Fire and Forget	Self	
0059E3F1	COMP_WellRested3_LoversEmbrace	Lover's Embrace		Spell	Fire and Forget	Self	
005A03B1	WL019_WorkshopTrapFlamethrowerSpell			Spell	Concentration	Aimed	
005A063A	E06_Colossus_WendigoColossusCannibalism_RestoreHealth	Restore Health		Ability	Constant Effect	Self	
005A2640	WL006_SentryBotMovementSpeedSpell	WL006_SentryBotMovementSpeedSpell		Ability	Constant Effect	Self	
005A3FD8	E06_MonongahMineDrill_BleedHitSpell	Bleed		Spell	Fire and Forget	Contact	
005A4FA1	Ab_Spotlight_TripleXP	Triple XP		Ability	Constant Effect	Self	
005ACB20	V94_AcidHitSpell_Shotgun	Acid Damage		Spell	Fire and Forget	Contact	
005A5949	LGN_WhatRads_RadResist_Spell01	What Rads? - Rad Resist		Ability	Constant Effect	Self	
005A594E	LGN_WhatRads_RestoreRads_Spell01	What Rads? - Remove Rads		Ability	Constant Effect	Self	
005A594A	LGN_WhatRads_RadResist_Spell02	What Rads? - Rad Resist		Ability	Constant Effect	Self	
005A594C	LGN_WhatRads_RadResist_Spell04	What Rads? - Rad Resist		Ability	Constant Effect	Self	
005A594B	LGN_WhatRads_RadResist_Spell03	What Rads? - Rad Resist		Ability	Constant Effect	Self	
005A5950	LGN_WhatRads_RestoreRads_Spell03	What Rads? - Remove Rads		Ability	Constant Effect	Self	
005A594F	LGN_WhatRads_RestoreRads_Spell02	What Rads? - Remove Rads		Ability	Constant Effect	Self	
005A5951	LGN_WhatRads_RestoreRads_Spell04	What Rads? - Remove Rads		Ability	Constant Effect	Self	
005A59D5	LGN_BloodSacrifice_Spell01	Blood Sacrifice!		Spell	Fire and Forget	Self	
005A5D78	FollowThroughDmgDebuff04	Follow Through Debuff		Spell	Fire and Forget	Self	
005A5D77	FollowThroughDmgDebuff03	Follow Through Debuff		Spell	Fire and Forget	Self	
005A5D76	FollowThroughDmgDebuff02	Follow Through Debuff		Spell	Fire and Forget	Self	
005A5D75	FollowThroughDmgDebuff01	Follow Through Debuff		Spell	Fire and Forget	Self	
005A5DAE	zzzAbOverchargedCore02			Ability	Constant Effect	Self	
005A5DAD	zzzAbOverchargedCore01			Ability	Constant Effect	Self	
005A5DB1	zzz_LGN_BotanyBuddy_Spell01	Botany Buddy		Spell	Fire and Forget	Self	
005A5DC2	LGN_BrawlingChemist_Spell04	Stealth Spell		Ability	Constant Effect	Self	
005A5DBF	LGN_BrawlingChemist_Spell01	Stealth Spell		Ability	Constant Effect	Self	
005A5DC0	LGN_BrawlingChemist_Spell02	Stealth Spell		Ability	Constant Effect	Self	
005A5DC1	LGN_BrawlingChemist_Spell03	Stealth Spell		Ability	Constant Effect	Self	
005A5DF2	LGN_BloodSacrifice_Spell02	Blood Sacrifice!		Spell	Fire and Forget	Self	
005A5DF1	LGN_TakingOneForTheTeam_Spell01	Damage Increase		Spell	Fire and Forget	Self	
005A5E01	ExplodingPalmExplosionSpell	Explosion Exploding Palm		Spell	Fire and Forget	Contact	
005A5E21	CollateralDamage_Spell03	Collateral Damage Spawn Explosion		Spell	Fire and Forget	Contact	
005A5E1F	CollateralDamage_Spell01	Collateral Damage Spawn Explosion		Spell	Fire and Forget	Contact	
005A5E20	CollateralDamage_Spell02	Collateral Damage Spawn Explosion		Spell	Fire and Forget	Contact	
005A5E22	CollateralDamage_Spell04	Collateral Damage Spawn Explosion		Spell	Fire and Forget	Contact	
005A5E51	FarFlungFireworks_Spell04	DistanceDetonator Spawn Explosion		Spell	Fire and Forget	Contact	
005A5E50	FarFlungFireworks_Spell03	DistanceDetonator Spawn Explosion		Spell	Fire and Forget	Contact	
005A5E4F	FarFlungFireworks_Spell02	DistanceDetonator Spawn Explosion		Spell	Fire and Forget	Contact	
005A5E4E	FarFlungFireworks_Spell01	DistanceDetonator Spawn Explosion		Spell	Fire and Forget	Contact	
005A609B	DetonationContagion_Spell04			Spell	Fire and Forget	Contact	
005A609A	DetonationContagion_Spell03			Spell	Fire and Forget	Contact	
005A6099	DetonationContagion_Spell02			Spell	Fire and Forget	Contact	
005A6098	DetonationContagion_Spell01			Spell	Fire and Forget	Contact	
005A60D3	ElectricAbsorption_Spell01			Spell	Fire and Forget	Contact	
005A74BD	E06_FallingRockDamageStrong	Burning Debris		Spell	Fire and Forget	Contact	
005A764A	E06_CameraShakeSpellIntense	Camera Shake Spell		Spell	Fire and Forget	Self	
005AD3E4	LGN_TakingOneForTheTeam_Spell03	Damage Increase		Spell	Fire and Forget	Self	
005AD3E5	LGN_TakingOneForTheTeam_Spell04	Damage Increase		Spell	Fire and Forget	Self	
005AD3E6	LGN_TakingOneForTheTeam_Spell02	Damage Increase		Spell	Fire and Forget	Self	
005AE153	LGN_RetributionBuffSpell01	Retribution		Spell	Fire and Forget	Self	
005AF56A	zzz_LGN_BotanyBuddy_Spell04	Botany Buddy		Spell	Fire and Forget	Self	
005AF569	zzz_LGN_BotanyBuddy_Spell03	Botany Buddy		Spell	Fire and Forget	Self	
005AF568	zzz_LGN_BotanyBuddy_Spell02	Botany Buddy		Spell	Fire and Forget	Self	
005AF81A	LGN_RetributionBuffSpell02	Retribution Buff		Spell	Fire and Forget	Self	
005AF819	LGN_RetributionBuffSpell03	Retribution Buff		Spell	Fire and Forget	Self	
005AF81B	LGN_RetributionBuffSpell04	Retribution Buff		Spell	Fire and Forget	Self	
005B04B1	LGN_BloodSacrifice_Spell03	Blood Sacrifice!		Spell	Fire and Forget	Self	
005B04B2	LGN_BloodSacrifice_Spell04	Blood Sacrifice!		Spell	Fire and Forget	Self	
005B2E67	zzzAbOverchargedCore04			Ability	Constant Effect	Self	
005B2E66	zzzAbOverchargedCore03			Ability	Constant Effect	Self	
005B2E92	zzzAbOverchargedCore03DUPLICATE000			Ability	Constant Effect	Self	
005B2E93	zzzAbOverchargedCore04DUPLICATE000			Ability	Constant Effect	Self	
005B4A27	DamageItem_Spell	Collateral Damage Spawn Explosion		Spell	Fire and Forget	Contact	
005B519D	ATX_BuffStrength	Strength Boost		Spell	Fire and Forget	Self	
005B6D9B	DamageItem_TestSpell	Damages Items yo!		Spell	Fire and Forget	Contact	
005B7586	PT_BuildingTeamBonus	Building Team Bonus		Ability	Constant Effect	Self	
005B7585	PT_CasualTeamBonus	Casual Team Bonus		Ability	Constant Effect	Self	
005B7587	PT_ExplorationTeamBonus	Exploration Team Bonus		Ability	Constant Effect	Self	
005B7588	zzz_PT_HuntingTeamBonus	Hunting Team Bonus		Ability	Constant Effect	Self	
005B7617	PT_RoleplayTeamBonus	Roleplay Team Bonus		Ability	Constant Effect	Self	
005C456D	E01F_Fasnacht_FortifyResistanceSpell	Fortify Resistance Spell		Ability	Constant Effect	Self	
005C492B	PT_HuntingTeamBonus	Hunting Team Bonus		Ability	Fire and Forget	Self	
005C6162	PT_EventTeamBonus	Event Team Bonus		Ability	Fire and Forget	Self	
005B2E9E	DailyOps_Mutation_Volatile	Volatile	Explodes on death	Ability	Constant Effect	Self	
005C6BE9	DailyOps_Mutation_ActiveCamouflage	Active Camouflage	Cloaked when not attacking	Ability	Constant Effect	Self	
005C6BFB	DailyOps_Mutation_Resilient	Resilient	Can only be killed by a melee attack	Ability	Constant Effect	Self	
005C72BE	DailyOps_MutationVFX_Resilient	Resilient VFX		Ability	Constant Effect	Self	
005C9B33	BS01_COMP_Medic_RestoreDisease_Spell	Ally: Cure Disease		Spell	Fire and Forget	Self	
005C9B34	BS01_COMP_Medic_RestoreRads_Spell	Ally: Remove Rads		Spell	Fire and Forget	Self	
005C9B32	BS01_COMP_Medic_RestoreHealth_Spell	Ally: Restore Health		Spell	Fire and Forget	Self	
005CBB8A	LGN_SurvivalShortcut_Spell02	Stealth Spell		Ability	Constant Effect	Self	
005CBB8B	LGN_SurvivalShortcut_Spell03	Stealth Spell		Ability	Constant Effect	Self	
005CBB89	LGN_SurvivalShortcut_Spell01	Stealth Spell		Ability	Constant Effect	Self	
005CBB8C	LGN_SurvivalShortcut_Spell04	Stealth Spell		Ability	Constant Effect	Self	
005CBBAB	LGN_FunkyDuds_Spell03	Funky Duds		Ability	Constant Effect	Self	
005CBBA9	LGN_FunkyDuds_Spell01	Funky Duds		Ability	Constant Effect	Self	
005CBBAC	LGN_FunkyDuds_Spell04	Funky Duds		Ability	Constant Effect	Self	
005CBBAA	LGN_FunkyDuds_Spell02	Funky Duds		Ability	Constant Effect	Self	
005CBE6B	LGN_SizzlingStyle_Spell01	Fire Resist		Ability	Constant Effect	Self	
005CBE6C	LGN_SizzlingStyle_Spell02	Fire Resist		Ability	Constant Effect	Self	
005CBE6D	LGN_SizzlingStyle_Spell03	Fire Resist		Ability	Constant Effect	Self	
005CBE6E	LGN_SizzlingStyle_Spell04	Fire Resist		Ability	Constant Effect	Self	
005CF09C	zzz_LGN_NuclearProliferator_Spell01	Nuclear Proliferator		Ability	Constant Effect	Self	
005CF09E	zzz_LGN_NuclearProliferator_Spell03	Nuclear Proliferator		Ability	Constant Effect	Self	
005CF09D	zzz_LGN_NuclearProliferator_Spell02	Nuclear Proliferator		Ability	Constant Effect	Self	
005CF09F	zzz_LGN_NuclearProliferator_Spell04	Nuclear Proliferator		Ability	Constant Effect	Self	
005CF181	AbLgnPerkStrength	Strength		Ability	Constant Effect	Self	
005CF1D2	AbLgnPerkPerception	Perception		Ability	Constant Effect	Self	
005CF1D3	AbLgnPerkEndurance	Endurance		Ability	Constant Effect	Self	
005CF1D4	AbLgnPerkCharisma	Charisma		Ability	Constant Effect	Self	
005CF1D6	AbLgnPerkAgility	Agility		Ability	Constant Effect	Self	
005CF1D7	AbLgnPerkLuck	Luck		Ability	Constant Effect	Self	
005CF1D5	AbLgnPerkIntelligence	Intelligence		Ability	Constant Effect	Self	
005CFCAF	AbPerkMasterInfiltrator	Infiltrator Master		Ability	Constant Effect	Self	
005D02B1	DailyOps_Mutation_VampireRestore	Vampire Restore Health		Spell	Fire and Forget	Self	
005D02B0	DailyOps_Mutation_Vampire	Vampire	Regenerates health on attack	Ability	Constant Effect	Self	
005D03C6	DailyOps_Mutation_FreezingTouchExplosion	Freezing Touch		Spell	Fire and Forget	Contact	
005D03C5	DailyOps_Mutation_FreezingTouch	Freezing Touch	Slow targets down on attack	Ability	Constant Effect	Self	
005D0CD8	PT_DailyOpsTeamBonus	Daily Ops Team Bonus		Ability	Fire and Forget	Self	
005D1C0C	DailyOps_Mutation_VengefulRageExplosion	Vengeful Rage Explosion		Spell	Fire and Forget	Contact	
005D1C0B	DailyOps_Mutation_VengefulRage	Vengeful Rage	Enters enraged state when an ally dies nearby	Ability	Constant Effect	Self	
005D1F85	zzz_DailyOps_Mutation_Default_Mode01	Piercing Gaze (Default)	Greatly enhanced perception	Ability	Constant Effect	Self	
005D22BE	zzzDailyOps_Mutation_ActiveCamouflage_InvisibilitySpell	Active Camouflage Invisibility Spell		Ability	Constant Effect	Self	
005D22BF	zzzDailyOps_Mutation_ActiveCamouflage_InvisibilityDispel	Active Camouflage Invisibility Dispel		Ability	Constant Effect	Self	
005D2326	DailyOps_CryoBreathSlowEffectSpell_Stage1	Chilled		Ability	Constant Effect	Contact	
005D2324	DailyOps_CryoBreathSlowEffectSpell_Stage3	Frozen		Ability	Constant Effect	Contact	
005D2325	zzz_DailyOps_CryoBreathSlowEffectSpell_Stage2	Frosted		Ability	Constant Effect	Contact	
005D29C2	HackAndSlashSpell	Hack And Slash VFX		Spell	Fire and Forget	Contact	
005D98A7	SymptoMaticDiseaseCure	Sympto-Matic Disease Cure		Spell	Fire and Forget	Self	
005DB342	DailyOps_Mutation_Volatile_ExplosionSpell	Volatile Explosion	Explodes upon death	Spell	Fire and Forget	Self	
005DBDC9	DEL_DailyOps_Mutation_Volatile_ExplosionSpellDUPLICATE000	Volatile Explosion Spell	Explodes upon death	Spell	Fire and Forget	Self	
005DC6F5	SURV_Hunger_AbilityBACKUP	Hunger		Ability	Constant Effect	Self	
005DC8F4	SURV_Thirst_AbilityBACKUP	Thirst		Ability	Constant Effect	Self	
005DD689	BS01_MQ07_PoisonFoodSpell	Poison Food		Spell	Fire and Forget	Contact	
005E47C3	zzzDailyOps_MutationSFX_Resilient	Resilient SFX		Spell	Fire and Forget	Self	
005E48D8	DailyOps_MutationAbility_Resilient_NoRadDamage	Resilient No Rad Damage		Ability	Constant Effect	Self	
005ED7A4	BS01_COMP_Chef_RestoreHungerThirst_Spell	Ally: Remove Hunger and Thirst		Spell	Fire and Forget	Self	
005EDA82	MQ07_PoisonGas	Poison Gas		Spell	Concentration	Contact	
005EDEE5	ATX_BuffAgility	Agility Boost		Spell	Fire and Forget	Self	
005F092B	DailyOps_Mutation_ToxicBlood	Toxic Blood	Poison hazard dropped on death	Ability	Constant Effect	Self	
005F092C	DailyOps_Mutation_ToxicBlood_ExplosionSpell	Toxic Explosion		Spell	Fire and Forget	Self	
005F0B29	DailyOps_ToxicBlood_ToxicHazard_Spell_Rank1	Toxic Blood Hazard		Spell	Fire and Forget	Self	
005F0D15	DailyOps_Mutation_ReflectiveSkin	Reflective Skin	Periodically reflects direct damage to its source	Ability	Constant Effect	Self	
005F0DB3	DailyOps_Mutation_GroupRegeneration	Group Regeneration	Heals while grouped in close proximity	Ability	Constant Effect	Self	
005F0DB4	DailyOps_Mutation_GroupRegenerationHeal	Group Regeneration Healing Aura		Spell	Concentration	Contact	
005F0E5F	DailyOps_Mutation_SwiftFooted	Swift-Footed	Faster movement, reload & melee speed	Ability	Constant Effect	Self	
005F1372	DailyOps_Mutation_ReflectiveSkin_ReflectSpell	Reflective Skin Reflect		Spell	Fire and Forget	Self	
005F2F5B	DailyOps_ToxicBlood_ToxicHazard_Spell_Rank2	Toxic Blood Hazard		Spell	Fire and Forget	Self	
005F2F59	DailyOps_ToxicBlood_ToxicHazardScriptSpell	Toxic Blood Hazard		Spell	Concentration	Contact	
005F2F5A	DailyOps_ToxicBlood_ToxicHazard_Spell_Rank3	Toxic Blood Hazard		Spell	Fire and Forget	Self	
005FAD97	DailyOps_Mutation_ReflectiveSkin_WarningSpell	Reflective Skin Warning		Spell	Fire and Forget	Self	
005FAD96	DailyOps_Mutation_ReflectiveSkin_InactiveSpell	Reflective Skin Inactive		Spell	Fire and Forget	Self	
005FE5CE	zzz_DailyOps_Mutation_Default_Mode02	Savage Strike (Default)	Deadly armor-piercing attacks	Ability	Constant Effect	Self	
00601E62	DailyOps_Cleanup_Spell	Volatile	Explodes on death	Ability	Constant Effect	Self	
005FF2FC	AbRaceBehemothBoss			Ability	Constant Effect	Self	
00600245	BehemothBossTantrumDisplaySpell			Spell	Fire and Forget	Self	
0060032B	BehemothBossTantrumSalvoSpell			Spell	Fire and Forget	Aimed	
0060675E	zzzBS02_E01_Enemy_HealthSpell	Fortify Health		Ability	Constant Effect	Self	
0060675F	zzzBS02_E01_Boss_HealthSpell	Fortify Health		Ability	Constant Effect	Self	
00606B77	LegendaryAPViaKillSpell	LegendaryAPViaKill		Spell	Fire and Forget	Self	
00606EC1	DEL_Catalyst_CryoTrap_Spell	Cryo Trap		Ability	Constant Effect	Contact	
0060837D	Legendary_Burning_FireSpell	Fire Attack		Spell	Fire and Forget	Contact	
0060837E	Legendary_Frozen_FrostSpell	Frost Attack		Spell	Fire and Forget	Contact	
0060837F	Legendary_Electrified_EnergySpell	Energy Attack		Spell	Fire and Forget	Contact	
0060837C	Legendary_Toxic_PoisonSpell	Poison Attack		Spell	Fire and Forget	Contact	
0060497D	ATX_BuffLuck	Luck Boost		Spell	Fire and Forget	Self	
00609E26	SuperMutantBerserker_MoveSpeed	Swift-Footed	Faster movement and melee speed	Ability	Constant Effect	Self	
00609E53	Legendary_CloakOnHit	Cloak On Hit		Spell	Fire and Forget	Self	
0060DBF4	AbPerkSuperMutantBerserker_UnarmedDamage	Iron Fist		Ability	Constant Effect	Self	
0060DBF3	AbPerkSuperMutantBersker_Weapon	2H Melee Damage		Ability	Constant Effect	Self	
0060DF40	AbPerkSuperMutantBerserkerSwingSpeed	Berserker Swing Speed		Ability	Constant Effect	Self	
0060A6A8	DailyOps_DoubleMutation_Mutation_SwiftStalker	Swift Stalker (Double)	Cloaking ability and extra fast	Ability	Constant Effect	Self	
0060A6A7	DailyOps_DoubleMutation_Mutation_StingingFrost	Stinging Frost (Double)	Freezing attacks and toxic hazard on death 	Ability	Constant Effect	Self	
0060DCDE	DailyOps_DoubleMutation_Mutation_BlisteringCold	Blistering Cold (Double)	Extra fast and freezing attacks 	Ability	Constant Effect	Self	
0060DCDC	DailyOps_DoubleMutation_Mutation_Relentless	Relentless (Double)	Heals in proximity and killed only by melee	Ability	Constant Effect	Self	
0060DCDD	DailyOps_DoubleMutation_Mutation_Unstable	Unstable (Double)	Extra fast and explodes on death	Ability	Constant Effect	Self	
0060EC7F	DailyOps_DoubleMutation_Mutation_Vaporous	Vaporous (Double)	Cloaking ability and explodes on death	Ability	Constant Effect	Self	
0060EC80	DailyOps_DoubleMutation_Mutation_ChillingMend	Chilling Mend (Double)	Heals in proximity and freezing attacks	Ability	Constant Effect	Self	
0060EC81	DailyOps_DoubleMutation_Mutation_CloudedToxins	Clouded Toxins (Double)	Cloaking ability and toxic hazard on death	Ability	Constant Effect	Self	
0061F6A5	ATX_COMP_TuneUp_Mechanic_CarryWeight	Tune-Up		Spell	Fire and Forget	Self	
0061F690	ATX_COMP_Mechanic_BuffCharisma	Tune-Up		Spell	Fire and Forget	Self	
0061F6A0	ATX_COMP_TuneUp_Mechanic_CraftingWorkshop	Tune-Up		Spell	Fire and Forget	Self	
0061F69F	ATX_COMP_TuneUp_Mechanic_Repair	Tune-Up		Spell	Fire and Forget	Self	
0061F69E	ATX_COMP_TuneUp_Mechanic_Harvest	Tune-Up		Spell	Fire and Forget	Self	
0061F6A6	ATX_COMP_Mechanic_TuneUp_CarryJunkAbility	Tune-Up		Ability	Constant Effect	Self	
0061F6AC	ATX_BuffCharisma	Charisma Boost		Spell	Fire and Forget	Self	
0061F6B0	ATX_COMP_TuneUp_Mechanic_Charisma	Tune-Up		Spell	Fire and Forget	Self	
0061F70F	SCORE_S5_COMP_SuperMutant_AbPerkMartialArtist	Maul's Training		Ability	Constant Effect	Self	
0061F70E	SCORE_S5_COMP_SuperMutant_CastsSpell	Maul's Training		Spell	Fire and Forget	Self	
0061F70D	SCORE_S5_COMP_Charm_Inspector_Spell_Night	Inspector's Charm		Spell	Fire and Forget	Self	
0061F70C	SCORE_S5_COMP_Charm_Inspector_Spell_Day	Daphne's Charm		Spell	Fire and Forget	Self	
00620383	SCORE_S5_COMP_Spell_InspectorFX_UNUSED	Inspector's Smoke Bomb		Spell	Fire and Forget	Self	
0062A5BE	Nukashine_BlackoutCOPY0000	Nukashine Blackout	You're blacking out!	Spell	Fire and Forget	Self	
00621C0E	HalloweenCandy_NukashineEffect	Mystery Treat Surprise	You're blacking out!	Spell	Fire and Forget	Self	
00621C10	HalloweenCandy_SugarRushEffect	Sugar Rush	Sugar Rush	Spell	Fire and Forget	Self	
00621C12	HalloweenCandy_LuckyBreakEffect	Lucky Break	Lucky Break	Spell	Fire and Forget	Self	
00621C0F	HalloweenCandy_StrengthEffect	Sugar Strength	Sugar Strength	Spell	Fire and Forget	Self	
00621C11	HalloweenCandy_SugarVisionEffect	Sugar Vision	Sugar Vision	Spell	Fire and Forget	Self	
0061DADC	RE_Travel_Zetan04_FlameSpell	Strong Fire Hazard		Ability	Constant Effect	Self	
00620A2A	ATX_COMP_Doberman_CheckItemFetchedTimer_Spell	Dog: Fetch Items		Spell	Fire and Forget	Self	
00620A2B	ATX_COMP_Doberman_Perk_Spell	Dog Treat		Spell	Fire and Forget	Self	
00620A2C	SFS09_Habitat_FriendlyBuffSpell	Buddy Toughness		Ability	Constant Effect	Self	
00620EBB	E01B_Herd_BrahminBuffSpell	Brahmin Toughness		Ability	Constant Effect	Self	
006216C7	E07A_RitualShader_Spell	Strong Fire Hazard		Ability	Constant Effect	Self	
00621C20	HeadHunter_Spell	Head Hunter Spell		Spell	Fire and Forget	Self	
00621FB0	E07A_Mothman_Spell_Shadow	Mothdust Influence		Ability	Constant Effect	Self	
00623876	E07B_Invaders_TeleportSpell	Zetan Teleport Spell		Ability	Constant Effect	Self	
006295E7	crCultistHighPriestAddToFactionSpell	Flatwoods Monster Add to Faction		Spell	Concentration	Contact	
006295E6	crCultistHighPriestConversionSpell	Flatwoods Monster Cloak		Ability	Constant Effect	Self	
00629DFE	CorpseHighlightOnTargetSpell	Corpse Highlight		Spell	Constant Effect	Target Actor	
0062AFDD	ZZZ_BloodHealerSpell	Blood Healer Spell		Spell	Fire and Forget	Self	
0062B79F	Mod_Legendary_ElementalArmor_Spell	Elemental Armor Spell		Ability	Constant Effect	Self	
0062CA69	LegendarySpookedAPSpell	LegendarySpookedAP		Spell	Fire and Forget	Self	
0062D31F	ZZZ_CheerLeaderSpell	Cheer Leader Spell		Spell	Fire and Forget	Self	
0062F748	E07A_Mothman_crXPBonusSpell	True Wisdom of the Mothman		Spell	Fire and Forget	Contact	
006309AB	ATX_COMP_Ghoul_BuffAgilityAndFastTravel	Zebulonian Flight		Spell	Fire and Forget	Self	
00631659	ATX_COMP_Astronomer_BuffPerceptionAndEnergyAmmoWeight	Alien Astronomer		Spell	Fire and Forget	Self	
006316B5	ZZZ_Legendary_Weapon_Warmongers_Spell	Warmongers		Spell	Constant Effect	Self	
006316B6	ZZZ_Legendary_Weapon_Warmongers_Dispel	Warmongers		Spell	Fire and Forget	Self	
00631CDE	Legendary_IncreaseAPRegenSpellArea	Invigorating Legendary Mod		Spell	Concentration	Contact	
00631CDF	Legendary_IncreaseAllyResistsSpellEffect	Guardian's Legendary Mod		Spell	Concentration	Contact	
00632E37	HalloweenCandy_NukaShineDuration	Sugar Blackout	You're blacking out!	Spell	Fire and Forget	Self	
0063367B	ZZZ_HeavyHitter_Spell01	Heavy Hitter Spawn Explosion		Spell	Fire and Forget	Contact	
006337C8	ZZZ_Bruisers_Spell01	Bruiser's Buff		Spell	Fire and Forget	Contact	
00633852	ZZZ_CriticalHealers_Spell	Critical Healers Spell		Spell	Fire and Forget	Self	
0063470B	Legendary_ReduceEnemyResistsSpellEffect	Enervating Legendary Mod		Spell	Concentration	Contact	
0063470C	ZZZ_LegendaryIncreaseAttackSpeedOnKillSpell	LegendaryAPViaKill		Spell	Fire and Forget	Self	
0063596C	E09A_Launcher_Fireball			Spell	Fire and Forget	Aimed	
00636319	E09A_Launcher_EggGasSpell	Egg Gas		Spell	Concentration	Contact	
00632706	FlatwoodsMonsterZetanBoostSpell	Flatwoods Monster Zetan Boost		Spell	Concentration	Contact	
00635A06	E01C_Tales_Dark_FlatwoodsMonster_Stunned_Spell			Spell	Fire and Forget	Self	
00635DD5	test_Vharbison_EventSpell	Test Event Spell		Spell	Constant Effect	Self	
00636A68	zzz_CharGen_VaultFedPerkSpell	Vault Fed		Spell	Fire and Forget	Self	
00636721	E07A_Spell_IMOD_MothDust	Moth Dust FX	You're breathing in the Moth Dust!	Spell	Fire and Forget	Self	
006456C3	E09A_Launcher_WallOfFireSpell	Strong Fire Hazard		Spell	Concentration	Contact	
00644EA7	ATX_BuffEndurance	Endurance Boost		Spell	Fire and Forget	Self	
00645D8C	E07B_Invaders_HomerBuff	Homer's Aid		Spell	Fire and Forget	Self	
0064C2E7	E08B_AbDamageResist			Ability	Constant Effect	Self	
0064D00C	E08A_ToxicBlood_ToxicHazard_Spell_AcidGulper	Toxic Blood Hazard		Spell	Fire and Forget	Self	
00650155	ATX_BuffIntelligence	Intelligence Boost		Spell	Fire and Forget	Self	
00650156	ATX_BuffPerception	Perception Boost		Spell	Fire and Forget	Self	
00651B17	zzzE08B_DownedScrubberRads	E08B Radiation		Spell	Concentration	Contact	
00651B18	E08B_ScrubberRads_Deadly	Deadly Radiation		Spell	Concentration	Contact	
00655627	E09A_UltraciteAbom_RestoreHealth_Trigger	Rage Heal Trigger (Multiple)		Ability	Constant Effect	Self	
00658337	E09A_Mutation_ToxicBlood_UltramiteSpell	Toxic Blood	Poison hazard dropped on death	Ability	Constant Effect	Self	
00658338	E09A_Mutation_ToxicBlood_ExplosionSpell	Toxic Explosion		Spell	Fire and Forget	Self	
00656B02	E08B_ScrubberRads_Token	Radiation		Spell	Concentration	Contact	
0065BB13	E09A_RadiationHazardVariable	Radiation		Spell	Concentration	Contact	
00661FE1	E09B_Mutation_ElectricExplosion	ElectricallyCharged Mobs		Spell	Fire and Forget	Contact	
00661FE0	Mutation_ElectricMob	Electric Mobs	Electric damage attack	Ability	Constant Effect	Self	
00661FE2	NukaSwiftSpell	Nuka Swift Speed		Ability	Constant Effect	Self	
006623E3	NukaColaTwist_Effect14	Nuka-Cola Twist	Nuka-Cola Twist	Spell	Fire and Forget	Self	
006623DB	NukaColaTwist_Effect06	Nuka-Cola Twist	Nuka-Cola Twist	Spell	Fire and Forget	Self	
006623D8	NukaColaTwist_Effect03	Nuka-Cola Twist	Nuka-Cola Twist	Spell	Fire and Forget	Self	
006623D6	NukaColaTwist_Effect01	Nuka-Cola Twist	Nuka-Cola Twist	Spell	Fire and Forget	Self	
006623E2	NukaColaTwist_Effect13	Nuka-Cola Twist	Nuka-Cola Twist	Spell	Fire and Forget	Self	
006623DC	NukaColaTwist_Effect07	Nuka-Cola Twist	Nuka-Cola Twist	Spell	Fire and Forget	Self	
006623E0	NukaColaTwist_Effect11	Nuka-Cola Twist	Nuka-Cola Twist	Spell	Fire and Forget	Self	
006623D7	NukaColaTwist_Effect02	Nuka-Cola Twist	Nuka-Cola Twist	Spell	Fire and Forget	Self	
006623DE	NukaColaTwist_Effect09	Nuka-Cola Twist	Nuka-Cola Twist	Spell	Fire and Forget	Self	
006623D9	NukaColaTwist_Effect04	Nuka-Cola Twist	Nuka-Cola Twist	Spell	Fire and Forget	Self	
006623DD	NukaColaTwist_Effect08	Nuka-Cola Twist	Nuka-Cola Twist	Spell	Fire and Forget	Self	
006623E1	NukaColaTwist_Effect12	Nuka-Cola Twist	Nuka-Cola Twist	Spell	Fire and Forget	Self	
006623DA	NukaColaTwist_Effect05	Nuka-Cola Twist	Nuka-Cola Twist	Spell	Fire and Forget	Self	
006623DF	NukaColaTwist_Effect10	Nuka-Cola Twist	Nuka-Cola Twist	Spell	Fire and Forget	Self	
0066275E	NukaColaTwist_Effect16	Nuka-Cola Twist	Nuka-Cola Twist	Spell	Fire and Forget	Self	
0066275D	NukaColaTwist_Effect15	Nuka-Cola Twist	Nuka-Cola Twist	Spell	Fire and Forget	Self	
00636AFD	CharGen_VaultFed_PerkSpell	Vault Fed		Spell	Fire and Forget	Self	
0063DA9B	zzzXPD_Pitt01_ObjMod_CarryAndThrow_Slow_Spell	Slow	Slow movement	Ability	Constant Effect	Self	
006406E4	XPD_Fuel_Recipe_RewardBuff_Spell	Communal Cooking		Spell	Fire and Forget	Self	
006419C0	crTrogSuperiorPoisonCloakDamage	Poison Cloak		Spell	Concentration	Contact	
006419BF	crTrogSuperiorPoisonCloak	Poison Cloak		Ability	Constant Effect	Self	
006446B9	XPD_Fuel_CodeBlue_StimpakBuffSpell	Stimpak Boost		Spell	Fire and Forget	Self	
00645472	PT_ExpeditionTeamBonus	Expedition Team Bonus		Ability	Fire and Forget	Self	
0064ADB6	FireHazard_Heavy	Fire Hazard		Spell	Fire and Forget	Contact	
0064E507	XPD_Hub_Responders_FadeToBlack_Spell			Spell	Fire and Forget	Self	
00651092	XPD_Pitt02_DOTSpell_Survivor03	Damage Over Time - Weak		Ability	Constant Effect	Self	
00651091	XPD_Pitt02_DOTSpell_Survivor02	Damage Over Time - Medium		Ability	Constant Effect	Self	
00651090	XPD_Pitt02_DOTSpell_Survivor01	Damage Over Time - Heavy		Ability	Constant Effect	Self	
00653FDD	SCORE_Lunchbox_XPSpell_Copy01	Very Well Rested		Spell	Fire and Forget	Self	
00653FDE	SCORE_Pitt_Consumable_XPSpell	Pitt Consumable XP		Spell	Fire and Forget	Self	
00653FDF	SCORE_PittConsumable_CarryCapacitySpell	Pitt Carry Boost		Spell	Fire and Forget	Self	
00654957	XPD_Pitt02_ElectricChairSpell	Electricity		Spell	Constant Effect	Contact	
00666EBD	E09D_AbDamageResist			Ability	Constant Effect	Self	
00662F2E	E08B_ScrubberRads_Deadly_Tapered	Deadly Radiation		Spell	Concentration	Contact	
006663FB	SCORE_Banner_AutoRevive_ApplyPerk_Spell	¢Scout's Courage	Too full!	Spell	Fire and Forget	Self	
006663FC	SCORE_Banner_BattleCharged_OnKill_Spell	Adrenaline		Spell	Fire and Forget	Self	
006663FA	SCORE_Banner_BattleCharged_Buff_Spell	Battle Charged!		Spell	Fire and Forget	Self	
00666924	zzz_SCORE_Banner_BattleMedic_RestoreHealth_Spell	Battle Medic		Spell	Fire and Forget	Self	
00666923	SCORE_Banner_Medic_Spell	¢Scout's Code	Too full!	Spell	Fire and Forget	Self	
00667767	SCORE_Banner_Vision_HighlightEnemies_ClientSpell	Detect Life		Spell	Fire and Forget	Self	
00667766	SCORE_Banner_Driven_Spell	¢Scout's Code	Too full!	Spell	Fire and Forget	Self	
00667A2D	crGlowingTrogCloak	Radiation Cloak		Ability	Constant Effect	Self	
00667E74	FireHazardTriggerStrong_Spell	Fire Hazard		Spell	Fire and Forget	Contact	
00668298	crPerkTrogFireResist	Trog Fire Resist		Ability	Constant Effect	Self	
006686E7	zzz_SCORE_Banner_ProcVFX_OnKill_Spell	Firework Mess	Enemies have a chance to explode into fireworks!	Spell	Fire and Forget	Self	
006686E8	zzz_SCORE_Banner_ProcVFX_ApplyPerk_Spell	Firework Mess	Enemies have a chance to explode into fireworks!	Spell	Fire and Forget	Self	
0066912F	zzz_SCORE_Banner_BattleMedic_Perk_OnKill_Spell	Battle Medic Proc Effects	Enemies have a chance to explode into fireworks!	Spell	Fire and Forget	Self	
00669541	SCORE_Banner_Vision_Spell	¢Scout's Code	Too full!	Spell	Fire and Forget	Self	
006697EC	zzz_SCORE_Banner_BattleForged_RepairWeapon_Spell	Battle Forged		Spell	Fire and Forget	Self	
006697ED	SCORE_Banner_Vision_HighlightEnemies_Spell	Detect Life		Spell	Concentration	Aimed	
006697EE	SCORE_Banner_Forged_Spell	¢Scout's Code	Too full!	Spell	Fire and Forget	Self	
00669826	zzz_SCORE_Banner_BattleHardened_RepairArmor_Spell	Repair All Equipped Armor Spell		Spell	Fire and Forget	Self	
00669828	SCORE_Banner_Hardened_Spell	¢Scout's Code	Too full!	Spell	Fire and Forget	Self	
00669827	zzz_SCORE_Banner_BattleHardened_Perk_OnKill_Spell	Battle Hardened Proc Spell	Enemies have a chance to explode into fireworks!	Spell	Fire and Forget	Self	
0066D02C	E09A_IMODTest	Test Imod Spell		Spell	Fire and Forget	Self	
0066D186	zzz_NWOT_FortuneSpell_PositiveMinor	Lucky Fortune		Spell	Fire and Forget	Self	
0066D187	zzz_NWOT_FortuneSpell_NegativeMinor	Un-Lucky Fortune		Spell	Fire and Forget	Self	
0066D188	zzz_NWOT_FortuneSpell_Neutral	Neutral Fortune		Spell	Fire and Forget	Self	
0066D189	NWOT_FortuneSpell_NegativeMajor	Un-Lucky Fortune		Spell	Fire and Forget	Self	
0066D18A	NWOT_FortuneSpell_PositiveMajor	Lucky Fortune		Spell	Fire and Forget	Self	
0066DBCD	UltraciteAbominationRaceSpell			Ability	Constant Effect	Self	
006746D4	E09B_ExplosiveFinishSpell	Explosive Finish		Spell	Fire and Forget	Self	
006746D5	E09B_SillySoundsSpell			Spell	Fire and Forget	Self	
00674BC0	E09A_MeleeAttackDamage_Smash			Spell	Fire and Forget	Contact	
00674C83	E09D_ConfettiDeathSpell	Confetti Death		Spell	Fire and Forget	Self	
00674CEB	E09B_QuantumSpeed	Quantum Speed		Spell	Constant Effect	Self	
00675A0D	NWOT_Beneath_EarthquakeSpell	Camera Shake Spell		Spell	Fire and Forget	Self	
0066EFD3	XPD_RadStormSpell	Radiation Storm		Spell	Fire and Forget	Self	
0066F2F7	PITT_WallCameraShake	Camera Shake Spell		Spell	Fire and Forget	Self	
00672082	ToxicHazardLethal_Spell	Lethal Toxic Hazard		Spell	Concentration	Contact	
00674C07	XPD_RadStormSpell_CastOnPlayer	Radiation Storm		Ability	Constant Effect	Self	
0067733C	E09A_EarthquakeSpell	Camera Shake Spell		Spell	Fire and Forget	Self	
0067733D	E09A_EarthquakeSpell_Long	Camera Shake Spell		Spell	Fire and Forget	Self	
0067770F	SCORE_Banner_Reward_Spell	¢Scout's Call	Enemies have a chance to explode into fireworks!	Spell	Fire and Forget	Self	
0067770D	SCORE_Banner_ProcEffects_Spell	Battle Baner Procs		Spell	Fire and Forget	Self	
0067770B	SCORE_Banner_OnKill_Spell	Battle Banner Proc Effects	Enemies have a chance to explode into fireworks!	Spell	Fire and Forget	Self	
006758FB	AbPowerArmorPerk_Union	Union PA Bonuses		Ability	Constant Effect	Self	
0067AC0D	E09A_UltramiteHazardSpell			Spell	Fire and Forget	Contact	
0067B31B	ATX_COMP_NukaBuff_NukaAgent_BuffHealth	Nuka-Inspiration: Quantum		Spell	Fire and Forget	Self	
0067B31C	ATX_COMP_NukaBuff_NukaAgent_BuffCharisma	Nuka-Inspiration: Classic		Spell	Fire and Forget	Self	
0067B317	ATX_COMP_NukaBuff_NukaAgent_BuffApRegen	Nuka-Inspiration: Nukashine		Spell	Fire and Forget	Self	
0067B31D	ATX_COMP_NukaBuff_NukaAgent_BuffXP	Nuka-Inspiration: Cranberry		Spell	Fire and Forget	Self	
0067B318	ATX_COMP_NukaBuff_NukaAgent_BuffSneak	Nuka-Inspiration: Dark		Spell	Fire and Forget	Self	
0067B31E	ATX_COMP_NukaBuff_NukaAgent_BuffLuck	Nuka-Inspiration: Twist		Spell	Fire and Forget	Self	
0067B31F	ATX_COMP_NukaBuff_NukaAgent_BuffAp	Nuka-Inspiration: Grape		Spell	Fire and Forget	Self	
0067B319	ATX_COMP_NukaBuff_NukaAgent_BuffRadResist	Nuka-Inspiration: Orange		Spell	Fire and Forget	Self	
0067B320	ATX_COMP_NukaBuff_NukaAgent_BuffPerception	Nuka-Inspiration: Wild		Spell	Fire and Forget	Self	
0067B321	ATX_COMP_NukaBuff_NukaAgent_BuffDiseaseResistance	Nuka-Inspiration: Vaccinated		Spell	Fire and Forget	Self	
0067B31A	ATX_COMP_NukaBuff_NukaAgent_BuffEndurance	Nuka-Inspiration: Cherry		Spell	Fire and Forget	Self	
00677709	XPD_Pitt02_Radstorm_AmbientRadiationSpell	Ambient Radiation		Spell	Concentration	Contact	
0067F09E	NukaColaCandy_LuckyBreakEffect	Lucky Break	Lucky Break	Spell	Fire and Forget	Self	
0067F09F	NukaColaCandy_StrengthEffect	Sugar Strength	Sugar Strength	Spell	Fire and Forget	Self	
0067F0A1	NukaColaCandy_SugarVisionEffect	Sugar Vision	Sugar Vision	Spell	Fire and Forget	Self	
0067F0A0	NukaColaCandy_SugarRushEffect	Sugar Rush	Sugar Rush	Spell	Fire and Forget	Self	
00686FB2	NWOT_FortuneSpell_Cooldown	Fortune Cooldown		Spell	Fire and Forget	Self	
0068ADFA	NWOT_Nukacade_RewardPointsSpell			Spell	Fire and Forget	Self	
0068DE00	E09A_EarlyDeathPreventionSpell			Spell	Constant Effect	Self	
0067BBAC	cr_Heart_Boss_DamageReduction	Heart of the Swarm Boss Buffs		Ability	Constant Effect	Self	
0067F96C	zzzcrDailyOps_ZetanInquisitoBuffSpell	Zetan Inquisitor Heal Field		Ability	Constant Effect	Self	
0067F96D	zzzcrDailyOps_ZetanInquisitorCloakSpell	Zetan Inquisitor Buff		Spell	Concentration	Contact	
0067F96E	cr_Heart_Grafton_DamageReduction	Heart of the Swarm Boss Buffs		Ability	Constant Effect	Self	
00683DF6	zzz_MutatedEvents_PoisonCloudHealSpell	Poison Cloud Heal		Spell	Concentration	Contact	
00684BA8	zzz_MutatedEvents_PoisonCloudDamageSpell	Poison Cloud Cloak Damage		Spell	Concentration	Contact	
00685972	zzz_MutatedEvents_FieryInfusion_FireDamageSpell_Tier1	Fire Damage		Spell	Fire and Forget	Contact	
0068CC25	DailyOps_Mutation_FreezingTouch_SlowSpell	Freezing Touch	Slow targets down on attack	Spell	Fire and Forget	Contact	
00692277	Legendary_FreezeSpell_ColdShoulder	CryoFreeze		Spell	Fire and Forget	Contact	
006939DF	ATX_COMP_Scarberry_Blessing_XPBonusSpell	Blessing of the True Mothman		Spell	Fire and Forget	Contact	
006982EA	zzz_MutatedEvents_FieryInfusion_FireDamageSpell_Tier3	Fire Damage		Spell	Fire and Forget	Contact	
006982E9	zzz_MutatedEvents_FieryInfusion_FireDamageSpell_Tier2	Fire Damage		Spell	Fire and Forget	Contact	
0069CF37	HealthHazard	Health Hazard		Spell	Fire and Forget	Contact	
006A25D3	DailyOps_Mutation_ReflectiveSkin_SFXSpell	Reflective Skin SFX		Spell	Fire and Forget	Self	
0068C4B0	zzz_DailyOps_Mutation_LastStand	Last Stand		Ability	Constant Effect	Self	
0068C4B3	zzz_DailyOps_MutationSpell_LastStand_ApplyShader	Last Stand - Spell		Ability	Constant Effect	Self	
0068C8A6	DailyOps_Mutation_DangerCloud_DMGSpell	Danger Cloud - Spells		Spell	Concentration	Contact	
0068C8A5	DailyOps_Mutation_DangerCloud	Danger Cloud	Harms HP and AP of nearby players	Ability	Constant Effect	Self	
0068F389	crOguaRaceAbilities	Ogua Racial Abilities		Ability	Constant Effect	Self	
0068F38A	crOguaShellHideSpell	Hiding In Shell		Spell	Fire and Forget	Self	
006A0643	zzz_MOON_BlueDevilHowl	Blue Devil Howl		Spell	Fire and Forget	Self	
006A38A5	MOON_Ambush_SPLL_CargoCooldown	Deposited Recently		Spell	Fire and Forget	Self	
006ABA13	MOON_Ambush_SPLL_CameraShake	Camera Shake Spell		Spell	Fire and Forget	Self	
006B2E6C	Storm_RegionBoss_PlayerSpell			Ability	Constant Effect	Self	
006B2F49	zzzEN07_StormPostNewRadWeatherSpell	Nuclear Fallout Radiation		Disease	Constant Effect	Self	
006B2F4A	EN07_StormFlashSpell	Storm Nuke Flash		Spell	Fire and Forget	Self	
006B3C3C	Storm_Mutation_Electric	Electric	Electric	Ability	Constant Effect	Self	
006B3C3D	ZZZ_Storm_RadStormSpell	Storm Radiation Storm		Disease	Constant Effect	Self	
006B3C3E	Storm_Mutation_ElectricDamageSpell	Electric	Electric	Spell	Fire and Forget	Self	
006B3C3B	Storm_NukedStormMutationCloakSpell	Apply Buff to Nearby Enemies		Spell	Concentration	Aimed	
006B4495	MOON_Ambush_Sanctifier_AbDamageResist			Ability	Constant Effect	Self	
006B44A5	Moon_Herd_ScreenEffectSpell	Mixed Signals Screen Effect		Spell	Fire and Forget	Self	
006B682F	MOON_OguaDamageResist			Ability	Constant Effect	Self	
006B691A	ATX_COMP_Roast_Proof_JoeyBello_Buff	Roast Proof		Spell	Constant Effect	Self	
006B6925	CritCryo_ColdShoulder			Spell	Fire and Forget	Self	
006B90D1	MOON_Ambush_SPLL_InteractionSoundCooldown	Deposited Recently		Spell	Fire and Forget	Self	
006B9D1D	zzz_MOON_Ambush_SPLL_BrahminDepositPerkApply	MOON_Ambush_BrahminPerkApply		Spell	Fire and Forget	Self	
006BECAA	RobotSelfDestructSpell	Robot Self Destruct	This spell will cause a robot to self destruct when added.	Ability	Constant Effect	Self	
006BECB3	WeaponTestingGym_DamageResistPerk1			Ability	Constant Effect	Self	
006BECB6	WeaponTestingGym_DamageResistPerk4			Ability	Constant Effect	Self	
006BECB4	WeaponTestingGym_DamageResistPerk2			Ability	Constant Effect	Self	
006BECB5	WeaponTestingGym_DamageResistPerk3			Ability	Constant Effect	Self	
006C3003	MOON_BlueDevil_DamageResist			Ability	Constant Effect	Self	
006C449D	FlameThrowerFireHazardSpellBlue	Strong Fire Hazard		Spell	Fire and Forget	Contact	
006C8735	crLostLightningBust	Lightning Explosion		Spell	Fire and Forget	Self	
006C99DA	Storm_LosthealEffect	lostHealeffect		Spell	Concentration	Contact	
006C99D9	zzzStorm_LostHealCloak	Lost Heal		Ability	Constant Effect	Self	
006CC9A9	Moon_Herd_DismemberActorSpell			Spell	Fire and Forget	Self	
006E2D16	Storm_SE04_DamageReductionSpell	Damage Reduction		Ability	Constant Effect	Self	
006E31F6	TestRange_DummySpell	DummySpell		Ability	Constant Effect	Self	
006E31F5	DummyHealing_Spell	Dummy Healing Spell		Spell	Constant Effect	Self	
006E1B1A	AbHungerThirstTier	Hunger Thirst Tier		Ability	Constant Effect	Self	
006E23AA	CritLightning			Spell	Fire and Forget	Self	
006E9220	Storm_MQ08_HallucGas_PlayerSpell	Hallucinagenic Gas		Ability	Constant Effect	Self	
006E9221	Storm_MQ08_HallucGas_ShadowSpell	Shadow		Ability	Constant Effect	Self	
006B35AA	DEL_crJerseyDevilHealthStealSpell	Jersey Devil Health Steal Spell		Spell	Fire and Forget	Self	
006B35AB	DEL_crDevilHeal_Copy01	Drain Blood		Spell	Fire and Forget	Self	
006D5F03	AbPerkScienceExpert	Pyro-Technician		Ability	Constant Effect	Self	
006D5F02	AbPerkScience	Science!		Ability	Constant Effect	Self	
006D5F04	AbPerkScienceMaster	Cryologist		Ability	Constant Effect	Self	
006EDFC5	ElectricalHazardLight	Light Electricity		Spell	Concentration	Contact	
006EBCD7	CircuitbreakerImpactSpell	Circuitbreaker Stun		Spell	Fire and Forget	Contact	
006EBCD8	CircuitbreakerExplosionSpell	Circuitbreaker Explosion		Spell	Fire and Forget	Contact	
006EE8E2	ATX_COMP_Junko_Cooking_FoodDrinkSpell	Grandma's Home Cooked Meal		Spell	Fire and Forget	Contact	
006F6652	AbRaceStormBoss	Storm Boss Abilities		Ability	Constant Effect	Self	
006FA0B2	Storm_ElectricDamage_Shock	Electric Damage Shock		Spell	Fire and Forget	Contact	
006FD098	CritLightning_CircuitBreaker			Spell	Fire and Forget	Self	
00727CD0	LostAbilities	Perception Boost		Ability	Constant Effect	Self	
0072E469	WaterFountainDrinkingClean	Water		Spell	Fire and Forget	Self	
006B3A40	XPD_OvergrownPollinatorHeal_Heal	Healing Cloak		Spell	Concentration	Contact	
006B3A41	zzz_XPD_OvergrownPollinatorDamage_Damage	Healing Cloak		Spell	Concentration	Contact	
006B3A42	zzz_XPD_OvergrownPollinatorDamageCloak	Poison Cloak		Ability	Constant Effect	Self	
006B3A43	XPD_OvergrownPollinatorHealCloak	Poison Cloak		Ability	Constant Effect	Self	
006B52B0	DEL_crJerseyDevilVampiricSpell	Jersey Devil Health Restore Spell		Spell	Fire and Forget	Self	
006B52AF	zzz_crDevilHeal	Drink Blood		Spell	Fire and Forget	Self	
006BCA2C	XPD_OvergrownThorn_DeathExplosion			Ability	Constant Effect	Self	
006C332C	XPD_OvergrownTank_SlowAbility	Overgrown Elder Slow		Ability	Constant Effect	Self	
006C332D	zzz_XPD_OvergrownPollinatorHealSpell	Flatwoods Heal Friend		Spell	Fire and Forget	Target Actor	
006CCC2A	CUT_NeedleSMG_Spell_3	Needle splash level 3		Spell	Fire and Forget	Contact	
006CCC2B	CUT_NeedleSMG_Spell_1	Needle splash level 1		Spell	Fire and Forget	Contact	
006CCC2D	CUT_NeedleSMG_Spell_0	Needle splash level 0		Spell	Fire and Forget	Contact	
006CCC29	CUT_NeedleSMG_Spell_2	Needle splash level 2		Spell	Fire and Forget	Contact	
006CCC2C	CUT_NeedleSMG_Spell_4	Needle splash level 4		Spell	Fire and Forget	Contact	
006D6228	XPD_AC02_ObjMod_SolveLocks_PoisonGasSpell	Poison Gas		Spell	Concentration	Contact	
006DEBE0	crOvergrownThornSelfSlow	Thorn Slow		Ability	Constant Effect	Self	
006E359B	crOvergrownElderHulkingPresence	Hulking Presence		Ability	Constant Effect	Self	
006E359C	crOvergrownFireWeakness	Rusher Slow		Ability	Constant Effect	Self	
006E4E37	XPD_AC_JulianSmokebombCooldownSpell	Julian Smoke bomb invisibility		Spell	Fire and Forget	Self	
006E4E35	XPD_AC_JulianSmokebombStartTimer	Julian Smoke Bomb	Julian periodically uses a smoke bomb to go into a stealthy state	Ability	Constant Effect	Self	
006E4E36	XPD_AC_JulianSmokebombInvisibleSpell	Julian Invisible Spell		Spell	Fire and Forget	Self	
006E77CB	XPD_AC02_Blackout	Blackout	You're blacking out!	Spell	Fire and Forget	Self	
006EF3F7	zzz_XPD_OvergrownPollinatorHealTarget	Overgrown Heal Ally		Spell	Fire and Forget	Target Actor	
006F4DB0	XPD_AC_AbArmor_ElectricalFire_VFXSpell	Electrical Fire VFX		Spell	Fire and Forget	Self	
006FB704	AbRaceJerseyDevil			Ability	Constant Effect	Self	
006FC2BB	DEL_crJerseyDevilAPDrainx30Spell	Jersey Devil AP Drain x30 Spell		Spell	Fire and Forget	Contact	
006FC2BC	DEL_crLesserDevilAPDrainx10	Lesser Devil AP Drain		Spell	Fire and Forget	Contact	
006FC2BA	DEL_crJerseyDevilAPDrainx10Spell	Jersey Devil AP Drain x10 Spell		Spell	Fire and Forget	Contact	
00713F52	AC_MQ02_ThrowingKnifeSpell	Throwing Knife		Spell	Fire and Forget	Aimed	
00717EA9	AC_MQ02_Stage_TeammateTeleportBlackout	Teammate Teleport Blackout	You're blacking out!	Spell	Fire and Forget	Self	
0072A010	crOvergrownRadResistance	Radiation Resistance		Ability	Constant Effect	Self	
0072A4F4	XPD_OvergrownPollinatorHealBombSpell	Overgrown Heal Bomb		Spell	Fire and Forget	Aimed	
0072A623	AC_SQ03_Custodial_SlowSpell	Slow	Slow movement	Ability	Constant Effect	Self	
00733DAA	zzzStorm_E01_BossSpell			Ability	Constant Effect	Self	
0073450D	NPE_CharGen_VaultFed_BonusXP	Reclamation Day!		Spell	Fire and Forget	Self	
00739AE7	Storm_MQ13_FadeToBlackSpell			Spell	Fire and Forget	Self	
00739AE8	Storm_MQ13_ElectricArcSpell			Spell	Fire and Forget	Aimed	
00739AE9	Storm_MQ13_PlayerSpell			Ability	Constant Effect	Self	
0073982B	DEL_crJerseyDevilAPDrainx20Spell	Jersey Devil AP Drain x20 Spell		Spell	Fire and Forget	Contact	
0073A9C4	crOvergrownMoonflowerPoisonCloak_XPD_AC	Poison Cloak		Ability	Constant Effect	Self	
0073A9C3	crOvergrownMoonflowerPoisonCloakDamage_XPD_AC	Moonflower Spore Cloud		Spell	Concentration	Contact	
0073BE72	XPD_OvergrownPollinatorHeal_HealVFX_Self	Healing Cloak		Ability	Constant Effect	Self	
007456F1	DEL_crJerseyDevilExtractBloodCloakSpell	Jersey Devil Extract Blood Cloak Spell		Voice	Constant Effect	Self	
007456F2	DEL_crJerseyDevilExtractBloodSpell	Jersey Devil Extract Blood Interaction Spell		Spell	Concentration	Contact	
0074975E	XPD_OvergrownMoonflower_DeathExplosion			Ability	Constant Effect	Self	
0074ECB7	crJerseyDevilEscapeStaggerSpell	Jersey Devil Escape Stagger Spell		Spell	Fire and Forget	Contact	
00752FA0	Storm_PoisonSpell	Poisonous Sludge		Spell	Concentration	Contact	
0075C200	AbRaceRadTurkey	RadTurkey Abilities		Ability	Constant Effect	Self	
0075DF70	zzz_Tempest_TeamAPSpell	Tempest Armor		Spell	Concentration	Contact	
0075E508	zzzStorm_E01_ChargedCreatureSpell			Ability	Constant Effect	Self	
007521E7	ATX_COMP_HumanRobotInterface_Adelaide_Spell_Romance	Human/Robot... "Interfacing"		Spell	Constant Effect	Self	
007521E8	ATX_COMP_HumanRobotInterface_Adelaide_Spell	Human/Robot Interfacing		Spell	Constant Effect	Self	
00769737	XPD_AC_FloodedCityWater	Water Radiation		Disease	Constant Effect	Self	
0076B175	MILE_CaravanIntro_FlareSpell	Flare Spell	Spell that fires a flare at a target	Spell	Fire and Forget	Aimed	
0076B4FC	Storm_RegionBoss_RankUpFX_Spell			Spell	Fire and Forget	Target Actor	
0076C206	ChainLightningSpell	Chain Lightning		Spell	Fire and Forget	Aimed	
0076A696	XPD_OvergrownPollinatorVFXSpell	Healing Cloak		Spell	Concentration	Contact	
0076A695	XPD_OvergrownPollinatorVFXCloak	Pollinator VFX Applying Spell	Cloak to apply VFX onto the Pollinators. This applies the OvergrownPollinatorVFXSpell, which handles the actual VFX.	Ability	Constant Effect	Self	
0076B52E	MothmanEnlightenmentXPBonusSpell	Wisdom of the Mothman		Spell	Fire and Forget	Contact	
0076CABF	ElectricalHazardStrong	Strong Electricity		Spell	Concentration	Contact	
0076D5F0	Storm_MQ13_HugoClonesSpell	Hugo Clone Abilities		Ability	Constant Effect	Self	
0076D5F1	Storm_MQ13_HugoSpell	Hugo Abilities		Ability	Constant Effect	Self	
0076E2D7	Storm_MQ08_HallucGas_PlayerSpell_DEBUGONLY	Hallucinagenic Gas		Spell	Constant Effect	Self	
0076ED17	StormCutterExplosionSpell	StormCutter Explosion		Spell	Fire and Forget	Contact	
0076ED1A	StormCutterImpactSpell	StormCutter Stun		Spell	Fire and Forget	Contact	
0076CCD7	ATX_COMP_HumanRobotInterface_Adelaide_Spell_RomanceFadeToBlack	Human/Robot... "Interfacing"		Spell	Constant Effect	Self	
0077094C	Storm_MQ13_WeatherMachineTriggeredSpell			Spell	Fire and Forget	Self	
007700E9	DEL_crDevilHeal	Drink Blood		Spell	Fire and Forget	Self	
00773652	Storm_MQ13_HugoStealth	Hugo Stealth		Spell	Fire and Forget	Self	
00773651	Storm_MQ13_FlashBangSpell			Spell	Fire and Forget	Self	
0077B587	Conductor_ChargeCounter	Conductor Charge Counter		Spell	Fire and Forget	Self	
0077B588	RestoreHungerThirstLightMealSpell01	Light Meal	Light Meal	Spell	Fire and Forget	Self	
0077B58B	RestoreHungerThirstLightMealSpell02	Light Meal	Light Meal	Spell	Fire and Forget	Self	
0077B589	Conductor_FullyCharged	Conductor Fully Charged		Ability	Fire and Forget	Self	
0077B58D	Conductor_ExplosionSpell	ConductorExplosionSpell		Spell	Fire and Forget	Contact	
0077B58A	zzz_DeletedSpell02			Spell	Fire and Forget	Contact	
0077B58C	zzz_DeletedSpell			Spell	Fire and Forget	Self	
0077D52D	crOvergrownBossPoisonCloak_XPD_AC_DailyOps	Poison Cloak		Ability	Constant Effect	Self	
0077EE62	PoisonRadturkey	Toxic Radturkey Poison		Spell	Fire and Forget	Contact	
00785682	MILE_CaravanEscort_CleanupSpell			Spell	Fire and Forget	Self	
00783158	Storm_MQ08_LostSpell			Ability	Constant Effect	Self	
0078329F	Storm_MQ03_DismemberHandSpell			Spell	Fire and Forget	Self	
00786E0A	E01F_Fasnacht_SpeedMultSpell	Swift-Footed	Faster movement, reload & melee speed	Ability	Constant Effect	Self	
00787E9F	Storm_E01_BossBabySpell			Ability	Constant Effect	Self	
00793525	MILE_Caravan_Tier03_AbDamageResist			Ability	Constant Effect	Self	
00793526	MILE_Caravan_Tier02_AbDamageResist			Ability	Constant Effect	Self	
00790E0D	ElectricalHazardFatal	Fatal Electricity		Spell	Concentration	Contact	
0079182B	Storm_RegionBoss_ElectricalHazardLight	Neuro Warfare: Light Electricity		Spell	Concentration	Contact	
0079182A	Storm_RegionBoss_ElectricalHazardStrong	Strong Electricity		Spell	Concentration	Contact	
0079C8A9	PerkMedicSpell	Medic		Spell	Fire and Forget	Self	
007A0C61	MILE_BrahminUpgradeSpell_HealthRegen01			Spell	Fire and Forget	Self	
0077459E	RD01_Enc01_PreventLimbDamageCloakSpell	Prevent Limb Damage		Spell	Constant Effect	Self	
0077459F	RD01_Enc01_MegaDamageSpell	Mega Damage		Spell	Fire and Forget	Self	
007852AD	RD01_Enc01_DamagingFloorSpell	Electrified Floor		Ability	Constant Effect	Self	
0078A650	ZZZ_RD01_Enc05_PylonDamageSpell	Security Pylon Damage		Spell	Fire and Forget	Contact	
00792EB3	DEL_RD01_Weapon_UltraciteTerrorSword_AcidAttackSpell	Ultracite Terror Sword Acid Attack Spell		Spell	Fire and Forget	Contact	
00793E3B	DEL_RD01_Workshop_PowerGenerator_Ultracite_ElectricitySpell	Ultracite Generator Electricity Spell		Spell	Concentration	Contact	
00793F03	zzzLegendary_Weapon_IcemensFreezeSpell	Icemens Freeze Spell	Slow targets down on attack	Spell	Fire and Forget	Self	
007954F3	RD01_PowerArmor_UltraciteBracers_PoisonAttack	Poison Attack		Spell	Fire and Forget	Contact	
007954F5	RD01_PowerArmor_Reflection_HitSpellAttacker	Reflection Assembly Bleed Spell		Spell	Fire and Forget	Contact	
007954F6	zzz_RD01_PowerArmor_Reflection_HitSpellBleed	Reflection Assembly Bleed Spell		Spell	Fire and Forget	Contact	
007954F4	RD01_PowerArmor_UltraciteBracers_RADAttack	Radiation Attack		Spell	Fire and Forget	Contact	
00795779	Legendary_Weapon_FracturersExplosionSpell	Fracturers Explosion Spell		Spell	Fire and Forget	Contact	
0079724E	RD01_Enc05_UltraciteCrystalHazardSpell	Ultracite Hazard		Spell	Fire and Forget	Contact	
00797BA6	Legendary_PowerArmor_ChooChooCloakSpell	Choo-Choo's Cloak Spell		Ability	Constant Effect	Self	
00797BA7	Legendary_PowerArmor_ChooChooHitSpell	Choo-Choo's Bloody Mess Spell		Spell	Concentration	Contact	
00797BA9	DEL_WIP4_Legendary_Weapon_DuelistsVATSSpell	Legendary Duelists Lighting		Spell	Fire and Forget	Contact	
007998F4	DEL_WIP4_Legendary_Weapon_StunningStunSpell	Apply Legendary Stunning Spell		Spell	Fire and Forget	Contact	
0079B222	Legendary_Armor_TankyDebuffSpell	Tanky's Damage Debuff Spell		Spell	Fire and Forget	Self	
0079B57B	Legendary_Armor_MiasmaCloakSpell	Miasma		Ability	Constant Effect	Self	
0079B8C7	DEL_WIP4_Legendary_Armor_AeroFlightFortifySpell	Aero Flight Apply Spell		Ability	Constant Effect	Self	
0079B98B	Legendary_PowerArmor_ReflectiveRecieveSpell	Reflective Armor Recieve Ballistic Damage Spell		Ability	Fire and Forget	Target Actor	
0079B98A	Legendary_PowerArmor_ReflectiveReflectSpell	Reflective Armor Reflect Ballistic Damage Spell		Ability	Constant Effect	Self	
0079BDC7	DEL_WIP4_Legendary_Armor_PolishedApplyPerkSpell	Apply Legendary Polished Spell (Armor)		Ability	Constant Effect	Self	
0079C1D8	AbEpicCloak	AbEpicCloak		Ability	Constant Effect	Self	
0079C1D9	AbEpicBurn	AbEpicBurn		Ability	Constant Effect	Self	
0079C1DA	AbEpicBurnDoT	AbEpicBurnDoT		Spell	Fire and Forget	Contact	
0079C1DB	AbEpicVampire	AbEpicVampire		Ability	Constant Effect	Self	
0079C1DC	AbEpicSpeed	AbEpicSpeed		Ability	Constant Effect	Self	
0079C381	AbEpicFrenzy	AbEpicFrenzy		Ability	Constant Effect	Self	
0079C389	AbEpicEnergetic	AbEpicEnergy		Ability	Constant Effect	Self	
0079C388	AbEpicEnergeticDoT	AbEpicEnergyDoT		Spell	Fire and Forget	Contact	
0079C812	AbEpicAbsorbingExplosive	AbEpicAbsorbExplosive		Ability	Constant Effect	Self	
0079C814	AbEpicAbsorbingMelee	AbEpicAbsorbMelee		Ability	Constant Effect	Self	
0079C813	AbEpicAbsorbingApplyHealth	AbEpicAbsorbHealth		Spell	Fire and Forget	Self	
0079C815	AbEpicAbsorbingEnergy	AbEpicAbsorbEnergy		Ability	Constant Effect	Self	
0079C816	AbEpicAbsorbingFire	AbEpicAbsorbFire		Ability	Constant Effect	Self	
0079C811	AbEpicAbsorbingBallistic	AbEpicAbsorbBallistic		Ability	Constant Effect	Self	
007A2BAA	PT_RaidTeamBonus	Raid Team Bonus		Ability	Fire and Forget	Self	
007A7702	DEL_WIP4_Legendary_Armor_PolishedApplyDamageResistSpell_ArmLeft	Apply Legendary Polished Damage Resist Spell (Left Arm)		Ability	Constant Effect	Self	
007A7701	DEL_WIP4_Legendary_Armor_PolishedApplyDamageResistSpell_LegRight	Apply Legendary Polished Damage Resist Spell (Right Leg)		Ability	Constant Effect	Self	
007A76FF	DEL_WIP4_Legendary_Armor_PolishedApplyDamageResistSpell_Torso	Apply Legendary Polished Damage Resist Spell (Torso)		Ability	Constant Effect	Self	
007A7703	DEL_WIP4_Legendary_Armor_PolishedApplyDamageResistSpell_ArmRight	Apply Legendary Polished Damage Resist Spell (Right Arm)		Ability	Constant Effect	Self	
007A7700	DEL_WIP4_Legendary_Armor_PolishedApplyDamageResistSpell_LegLeft	Apply Legendary Polished Damage Resist Spell (Left Leg)		Ability	Constant Effect	Self	
007A83ED	crRD01_Enc06_ScorchtongueProjectileHazard	Poisonous Sludge		Spell	Concentration	Contact	
007AA9B5	RD01_Enc06_LavaHazard_Spell	Fire Hazard		Spell	Fire and Forget	Contact	
007AAD21	DEL_WIP4_Legendary_PowerArmor_AutoRepairSpell	Apply Legendary Auto Repair Spell		Spell	Fire and Forget	Self	
007ABE17	SentryBot_FusionCorePerkSpell			Ability	Constant Effect	Self	
007AC46B	Legendary_Weapon_ElectriciansExplosionSpell	Electrician's Weapon Explosion		Ability	Constant Effect	Self	
007AC998	AbPerkFirstAid	First Aid		Ability	Constant Effect	Self	
007AC9DD	DEL_WIP4_Legendary_Weapon_ToppersApplyReloadSpell	Toppers Reload Spell		Ability	Constant Effect	Self	
007ACA0A	Legendary_Weapon_PinPointersDamageSpell	Electricians Explosion Spell		Ability	Constant Effect	Self	
007ACAFF	AbPerkSerendipity	Serendipity		Ability	Constant Effect	Self	
007ACAFC	AbAdamantiumSkeleton	Adamantium Skeleton		Ability	Constant Effect	Self	
007ACB0D	Legendary_Weapon_ConductorsPlayerRestoreSpell	Conductor's Player Restore Spell		Spell	Fire and Forget	Self	
007ACB47	RD01_Enc01_DamagingFloorTelegraphSpell	Electrified Floor Activating		Ability	Constant Effect	Self	
007ACBF9	Legendary_Weapon_EncirclersFortifyDMGSpell	Encircler's Fortify Damage Spell		Ability	Constant Effect	Self	
007ACBF8	Legendary_Weapon_FencersBuffMeleeSpell	Fencer's Melee Buff Spell		Ability	Constant Effect	Self	
007ACD70	Legendary_PowerArmor_RejuvenatorsTeamAP&HPSpell	Rejuvenator's Team Spell		Ability	Concentration	Contact	
007ACD71	DEL_WIP4_Legendary_PowerArmor_RejuvenatorsPlayerSpell	Rejuvenator's Player Spell		Ability	Constant Effect	Self	
007ACD80	DEL_WIP4_Legendary_PowerArmor_RejuvenatorsCloakSpell	Rejuvenator's Cloak Spell		Ability	Constant Effect	Self	
007ACE54	zzz_WIP4_Legendary_PowerArmor_AegisPlayerResistsSpell	Aegis Player Spell		Ability	Constant Effect	Self	
007ACE55	Legendary_PowerArmor_AegisTeamSpell	Aegis Team Spell		Ability	Concentration	Contact	
007ACE53	zzz_WIP4_Legendary_PowerArmor_AegisCloakSpell	Aegis Cloak Spell		Ability	Constant Effect	Self	
007ACE71	AbPerkFourLeafClover	Four Leaf Clover		Ability	Constant Effect	Self	
007ACE7C	AbPerkRicochet	Ricochet		Ability	Constant Effect	Self	
007ACEB5	DEL_WIP4_Legendary_PowerArmor_StalwartsCloakSpell	Stalwart's Cloak Spell		Ability	Constant Effect	Self	
007ACEB6	DEL_WIP4_Legendary_PowerArmor_StalwartsPlayerSpell	Stalwart's Player Spell		Ability	Constant Effect	Self	
007ACEB4	Legendary_PowerArmor_StalwartsTeamDurabilitySpell	Stalwart's Team Spell		Ability	Concentration	Contact	
007AD32C	AbPerkRoastProof	Fireproof		Ability	Constant Effect	Self	
007AD48C	DEL_WIP4_Legendary_PowerArmor_ReflectiveReflectSpell_Melee	Reflective Armor Reflect Melee Damage Spell		Ability	Constant Effect	Self	
007AD48D	DEL_WIP4_Legendary_PowerArmor_ReflectiveRecieveSpell_Melee	Reflective Armor Recieve Melee Damage Spell		Ability	Fire and Forget	Target Actor	
007AE497	RD01_Enc01_DamagingFloorSpell_PlatformSurface	Electrified Floor		Ability	Constant Effect	Self	
007B22BD	RD01_Enc04_HitSquadShieldShader_Spell	Epsilon Shield		Ability	Constant Effect	Self	
007B2C00	Legendary_Weapon_ConductorsApplySpell	Conductor's Apply Spell		Ability	Constant Effect	Self	
007B2C01	Legendary_Weapon_ConductorsTeamRestoreSpell	Conductor's Team Restore Spell		Spell	Concentration	Contact	
007B2C02	Legendary_Weapon_ConductorsCloakSpell	Conductor's Cloak Spell		Spell	Fire and Forget	Self	
007B3F0D	AbPerkPharmacist	Pharmacist		Ability	Constant Effect	Self	
007B945A	DEL_Legendary_Weapon_PolishedSpell	Polished		Ability	Constant Effect	Self	
007B9AF9	RD01_Enc02_CameraShakeSpell	Camera Shake Spell		Spell	Fire and Forget	Self	
007BB06E	RD01_CanteenSpell	Canteen: Restore Thirst	Slowly restores thirst over time	Ability	Constant Effect	Self	
007BCEA8	Legendary_PowerArmor_ReflectiveVFXSpell	Reflective Armor Recieve Ballistic VFX Spell		Spell	Fire and Forget	Self	
00797E69	zzz_GHL_AbPerkGlowingGut	Rad Bonus		Ability	Constant Effect	Self	
00797E67	GHL_AbPerkBattleGenes	Battle Genes Perk		Ability	Constant Effect	Self	
00797E6B	GHL_AbPerkRadioactiveStrength	Radioactive Strength		Ability	Constant Effect	Self	
00797E6C	zzz_GHL_AbBreatheItIn_Spell	Breathe It In		Ability	Constant Effect	Self	
00797E68	GHL_AbPerkActionGhoul	Action Ghoul		Ability	Constant Effect	Self	
00797E65	zzz_GHL_AbPerkTunnelRunner	TunnelRunner		Ability	Constant Effect	Self	
00797E66	GHL_AbPerkUnitedOrdeal	United Ordeal		Ability	Constant Effect	Self	
00797E6A	GHL_AbRadioactiveStrengthUse	Radioactive Strength		Spell	Constant Effect	Self	
0079801D	GHL_LGN_AbPerkActionDiet02	Kill Heal & Satisfy Feral		Spell	Fire and Forget	Self	
0079801C	GHL_LGN_AbPerkActionDiet01	Kill Heal & Satisfy Feral		Spell	Fire and Forget	Self	
0079801E	GHL_LGN_AbPerkActionDiet04	Kill Heal & Satisfy Feral		Spell	Fire and Forget	Self	
0079801F	GHL_LGN_AbPerkActionDiet03	Kill Heal & Satisfy Feral		Spell	Fire and Forget	Self	
007981FC	zzz_GHL_LGN_AbWildCardFreezeSpell	Wild Card Freeze Spell		Spell	Fire and Forget	Self	
007981FD	zzz_GHL_LGN_AbWildCardPoisonSpell	Wild Card Poison Spell		Spell	Fire and Forget	Self	
007981FF	zzz_GHL_LGN_AbWildCardRadiationSpell	Wild Card Radiation Spell		Spell	Fire and Forget	Contact	
007981FE	zzz_GHL_LGN_AbWildCardFireSpell	Wild Card Fire Spell		Spell	Fire and Forget	Self	
007981FA	zzz_GHL_LGN_AbWildCardMasterSpell	Wild Card Master Spell		Spell	Fire and Forget	Self	
007981FB	zzz_GHL_LGN_AbWildCardExplosionSpell	Wild Card Explosion Spell		Spell	Fire and Forget	Contact	
0079841C	GHL_AbRadioactivePowerSpell	Radioactive Power		Spell	Constant Effect	Self	
0079841D	GHL_AbPerkRadiationPower	Radiation Power		Ability	Constant Effect	Self	
0079844A	GHL00_Quest_Blackout_Spell	Blackout	You're blacking out!	Spell	Fire and Forget	Self	
00799B0B	GHL_abPerkBreatheItIn	Breathe It In		Ability	Constant Effect	Self	
00799DFB	GHL_AbPerkMadScientist	Mad Scientist		Ability	Constant Effect	Self	
0079A513	GHL_AbPerkJaguarSpeed	Jaguar Speed		Ability	Constant Effect	Self	
007A1449	zzz_crSSE_BeezlebabyCloak	Slowing Cloak		Ability	Constant Effect	Self	
007A144A	zzz_SSE_SlowSpeedHazard	Slowing Pollen		Spell	Concentration	Contact	
007A18ED	GHL_AbPerkBombScientistRadius	Explosion Radius		Ability	Constant Effect	Self	
007A18EE	zzz_GHL_AbPerkBombScientist	Bomb Scientist		Ability	Constant Effect	Self	
007A18EC	GHL_AbBombScientistSpell	Bomb Scientist Rads Power		Spell	Constant Effect	Self	
007A76BC	GHL_SURV_AbGlowSpell	Glow		Spell	Constant Effect	Self	
007A76BD	zzz_GHL_SURV_AbGlowAbility	Glow		Ability	Constant Effect	Self	
007A76BE	GHL_SURV_FeralLosingIt_VisionVFX_Ability			Ability	Constant Effect	Self	
007A76BF	GHL_SURV_FeralOdd_VisionVFX_Ability			Ability	Constant Effect	Self	
007A76C0	GHL_SURV_FeralStrange_VisionVFX_Ability			Ability	Constant Effect	Self	
007A76C1	GHL_SURV_FeralCrazy_VisionVFX_Ability	Crazy Vision		Ability	Constant Effect	Self	
007A76C2	GHL_SURV_Feral_AbilityBACKUP	Hunger		Ability	Constant Effect	Self	
007A76C3	GHL_SURV_Feral_Ability	Feral		Ability	Constant Effect	Self	
007A76C4	GHL_AbFeralTier	Ghoul Feral Tier		Ability	Constant Effect	Self	
007A76C5	GHL_SURV_FeralMax_VisionVFX_Ability	Feral Strength		Ability	Constant Effect	Self	
007A7C41	GHL_AbDisguisePenaltyUI	Disguise		Ability	Fire and Forget	Self	
007A888A	GHL_AbPerkBloodyVats	Bloody VATS		Ability	Constant Effect	Self	
007A888B	GHL_AbPerkFaultySpots	Faulty Spots		Ability	Constant Effect	Self	
007ABE06	GHL_AbScienceMonsterSpell	Science Monster Rage		Spell	Fire and Forget	Self	
007ACD3A	GHL_SURV_AbRadsHeal	Rad Heals Health		Ability	Constant Effect	Contact	
007ACD3B	GHL_SURV_RadiationImmunity	Radiation Heals		Ability	Constant Effect	Self	
007AD050	crHoneyBeastBehemothHulkingPresence	Hulking Presence		Ability	Constant Effect	Self	
007AD40F	GHL_LGN_AbFeralRageBonuss	Feral Rage Bonus Add Perk		Spell	Constant Effect	Self	
007AD438	GHL_RadUseExplosion	Radiation Explosion		Spell	Fire and Forget	Contact	
007AD439	GHL_AbPerkMadScientistUseSpell	Mad Scientist		Spell	Constant Effect	Self	
007AD43D	GHL_AbRadReaverHit	Rad-Reaver		Spell	Fire and Forget	Contact	
007AD43E	GHL_RadioactiveStrengthExplosion	RadioactiveStrength Explosion		Spell	Fire and Forget	Contact	
007ADC7C	GHL_AbPerkGunTricks	Gun Tricks		Ability	Constant Effect	Self	
007AE64D	GHL_GlowVFX_Charged	Glow VFX		Ability	Constant Effect	Self	
007AE745	GHL_SURV_AbGhoulCharisma	Ghoul Charisma		Ability	Constant Effect	Self	
007AE746	GHL_SURV_AbPerkDiseaseImmunity	Disease Immunity		Ability	Constant Effect	Self	
007AEE1D	GHL_AbPerkGlowingOne01	Glowing One		Spell	Concentration	Contact	
007AEE1E	GHL_AbPerkGlowingOneCloakSpell	Glowing One		Ability	Constant Effect	Self	
007B11BC	ZZZ_SCORE_AbPerk_NukaX_FireResist			Ability	Constant Effect	Self	
007B11BD	ZZZ_SCORE_AbPerk_NukaX_FastReloadSpeed			Ability	Constant Effect	Self	
007B11BE	ZZZ_SCORE_NukaX_PerkFireResistSpell	Hotheaded		Spell	Constant Effect	Self	
007B11B6	ZZZ_SCORE_AbPerk_NukaX_MeleeSpeed			Ability	Constant Effect	Self	
007B11B7	ZZZ_SCORE_NukaX_PerkStaggerResistSpell	Metal Spine		Spell	Fire and Forget	Self	
007B11BB	ZZZ_SCORE_NukaX_PerkStaggerEnemyChanceSpell	Expert Tripper		Spell	Fire and Forget	Self	
007B11B8	ZZZ_SCORE_NukaX_PerkMeleeSpeedSpell	Swinger		Spell	Fire and Forget	Self	
007B11B9	SCORE_Banner_GuaranteedEffectSpell_Human	First Aid		Ability	Constant Effect	Contact	
007B11BA	ZZZ_SCORE_NukaX_PerkFastReloadSpeedSpell	Speedloader		Spell	Fire and Forget	Self	
007B228D	GHL_AbPerkGlowingOne02	Glowing One		Spell	Concentration	Contact	
007B283B	SSE_FireHazard_WeedKiller	Fire Hazard		Spell	Fire and Forget	Contact	
007BBB78	InspirationalAuraEffect	Inspirational (Ally)		Spell	Concentration	Aimed	
007C2877	AbPerkAwareness	Awareness		Ability	Constant Effect	Self	
007C7374	GHL_AbPerkEyeOfTheHunter	Eye of the Hunter		Ability	Constant Effect	Self	
007C7370	GHL_AbPerkPowerfulPresence	Powerful Presence		Ability	Constant Effect	Self	
007C7373	GHL_AbPerkArmsOfSteel	Arms of Steel		Ability	Constant Effect	Self	
007C7371	GHL_AbPerkHyperReflexes	Hyper Reflexes		Ability	Constant Effect	Self	
007C7372	zzz_GHL_AbRadioactiveStrength			Ability	Constant Effect	Self	
007C778D	AbPerkSpiritualHealer	Spiritual Healer		Ability	Constant Effect	Self	
007C778C	SpiritualHealerAuraEffect	Spiritual Healer (Ally)		Spell	Concentration	Aimed	
007CE30D	ZZZ_SCORE_AbPerk_NukaX_ChemDuration	Binger		Ability	Constant Effect	Self	
007CE30E	ZZZ_SCORE_NukaX_ChemDurationSpell	Binger		Spell	Constant Effect	Self	
007CFA2C	ZZZ_SCORE_Banner_GuaranteedEffectSpell_Ghoul	Irradiated First Aid		Ability	Constant Effect	Contact	
007CFA2D	ZZZ_SCORE_Banner_GuaranteedEffectSpell_Master			Spell	Fire and Forget	Self	
007D2390	GHL_FeralPresenceDebuffSpell	Perk Debuffs		Spell	Fire and Forget	Self	
007D32C4	GHL_AbPerkRadSpecialist	Rad Specialist		Ability	Constant Effect	Self	
007D3DEC	ZZZ_SCORE_Banner_UI_GuaranteedEffectSpell_Ghoul			Ability	Constant Effect	Self	
007E8B91	ATX_CooldownSpell_NukaColaMysteryMachine	Nuka-Cola Mystery Machine Cooldown		Spell	Fire and Forget	Self	
007E8B92	ATX_CooldownSpell_BeerMysteryMachine	Beer Mystery Machine Cooldown		Spell	Fire and Forget	Self	
007FA40D	SCORE_S21_IceBreaker_Spell_Explosion	Cryo Slow Explosion		Spell	Fire and Forget	Contact	
007FA40C	zzz_SCORE_S21_IceBreaker_Spell	Cryo Slow		Spell	Fire and Forget	Contact	
007FA3FB	CryoHazard	Cryo Hazard		Spell	Fire and Forget	Contact	
007F68C9	ATX_BloodTransfusionPumpSpell	Blood Transfusion		Spell	Fire and Forget	Self	
007F68C3	ATX_CooldownSpell_BloodTransfusionPump	Blood Transfusion Pump Cooldown		Spell	Fire and Forget	Self	
007AC324	Legendary_Weapon_Electricians_ExplosionSpell	Electricians Weapon Explosion		Ability	Constant Effect	Self	
00805AAB	AbPerkTormentor	Tormentor		Ability	Constant Effect	Self	
0080B571	AbPerkAdrenaline	Adrenaline		Ability	Constant Effect	Self	
0080F8F7	SCORE_S21_AbPerkUnshakeable_Beliefs	Unshakeable Beliefs		Ability	Constant Effect	Self	
0080F8F6	SCORE_S21_COMP_Unshakeable_Beliefs_Dottie_Buff	Unshakable Beliefs		Spell	Constant Effect	Self	
00820D79	Perk_OneGunArmy_LimbDamageSpell	One Gun Army		Ability	Constant Effect	Self	
00820D77	Perk_Enforcer_LimbDamageSpell	Enforcer		Ability	Constant Effect	Self	
00820D76	Perk_BoneShatterer_LimbDamageSpell	Ghoul Melee Limb Damage		Ability	Constant Effect	Self	
00820D78	Perk_ModernRenegade_LimbDamageSpell	Modern Renegade		Ability	Constant Effect	Self	
007FFF24	HIDE_SetBonus_SecretService_Drifter_ReflectiveVFXSpell	Secret Settler Recieve Ballistic VFX Spell		Spell	Fire and Forget	Self	
007FFF22	HIDE_SetBonus_SecretService_Drifter_ReflectiveRecieveSpell	Secret Settler Recieve Ballistic Damage Spell		Ability	Fire and Forget	Target Actor	
007FFF23	HIDE_SetBonus_SecretService_Drifter_ReflectiveReflectSpell	Secret Settler Reflect Ballistic Damage Spell		Ability	Constant Effect	Self	
007FFFED	HIDE_Grenade_Crackler_ElectricalHazardSpell	Crackler Grenade Electrical Hazard Spell		Spell	Concentration	Contact	
008021A2	HIDE_Weapon_Tempest_ApplyBleedSpell	Tempest Apply Bleed Spell		Spell	Fire and Forget	Contact	
00803408	DEL_P62_AbTheDrifter_TeleportSpell	Drifter Abilities		Ability	Constant Effect	Self	
00804C42	HIDE_AbDrifter_FortifySpeedSpell	Drifter Ability Fortify Speed Spell		Ability	Constant Effect	Self	
008063AB	HIDE_AbDrifter_ChameleonSpell	Drifter Ability Chameleon Spell		Ability	Constant Effect	Self	
0080F7FC	DEL_Legendary_Armor_ReboundersRecieveSpell	Rebounders Armor Recieve Ballistic Damage Spell		Ability	Fire and Forget	Target Actor	
0080F7FA	DEL_Legendary_Armor_ReboundersVFXSpell	Rebounders Armor Recieve Ballistic VFX Spell		Spell	Fire and Forget	Self	
0080F7FB	DEL_Legendary_Armor_ReboundersReflectSpell	Rebounders Armor Reflect Ballistic Damage Spell		Ability	Constant Effect	Self	
0080F858	DEL_Legendary_Armor_CrusadersSPECIALSpell	Crusaders S.P.E.C.I.A.L. Spell		Ability	Constant Effect	Self	
0080F9C0	DEL_LegendaryArmor_MetabolicFortifySpell	Metabolic Fortify Food & Chem Spell		Ability	Constant Effect	Self	
0080FC31	HIDE_Legendary_Weapon_BrutalistsOnKillSpell	Brutalist's Weapon On Kill Spell		Spell	Fire and Forget	Self	
0080FC30	HIDE_Legendary_Weapon_BrutalistsSPECIALSpell	Brutalist's Weapon S.P.E.C.I.A.L. Spell		Spell	Fire and Forget	Self	
00811395	DEL_P62_Legendary_Weapon_SatiatedSpell	Satiated Thirst & Hunger Spell		Spell	Fire and Forget	Self	
00811F94	HIDE_Legendary_Weapon_SightSeersSpell	Sightseer's Fortify Damage Spell		Ability	Constant Effect	Self	
00813224	ZZZ_HIDE_Legendary_Armor_OverLoadersEMPExplosionSpell	Over-Loader's Armor EMP Explosion Spell		Spell	Fire and Forget	Contact	
008154F1	ZZZ_HIDE_Legendary_Armor_VoltaicEMPSpell	Voltaic Power Armor EMP Spell		Spell	Fire and Forget	Contact	
00818005	ZZZ_HIDE_Legendary_Armor_VoltaicSprintSpell	Voltaic Power Armor Sprint Spell		Ability	Constant Effect	Self	
00832CB7	SCORE_S22_CooldownSpell_SarsaparillaMachine	Sunset Sarsaparilla Vending Machine Cooldown		Spell	Fire and Forget	Self	
00835A75	HIDE_Weapon_crTempest_ApplyBleedSpell	Tempest Apply Bleed Spell		Spell	Fire and Forget	Contact	
00835A74	HIDE_crGrenade_Crackler_ElectricalHazardSpell	Crackler Grenade Electrical Hazard Spell		Spell	Concentration	Contact	
00837E14	SuperHeated			Spell	Fire and Forget	Contact	
00838A60	HIDE_AbDrifter_AbsorbingMeleeSpell	Drifter Ability Absorb Melee Spell		Ability	Constant Effect	Self	
00838A62	DEL_P62_AbTheDrifter_BlockLimbRegenSpell	Drifter Ability Limb Regen Spell		Ability	Constant Effect	Self	
00838A61	HIDE_AbDrifter_AbsorbingVFXSpell	Drifter Ability Absorb VFX Spell		Spell	Fire and Forget	Self	
00838A63	HIDE_AbDrifter_WeakPointFrenzySpell	Drifter Air Tank Frenzy Spell		Spell	Constant Effect	Self	
00838A5D	HIDE_AbDrifter_AbsorbingFireSpell	Drifter Ability Absorb Fire Spell		Ability	Constant Effect	Self	
00838A5E	HIDE_AbDrifter_AbsorbingEnergySpell	Drifter Ability Absorb Energy Spell		Ability	Constant Effect	Self	
00838A5F	HIDE_AbDrifter_AbsorbingBallisticSpell	Drifter Ability Absorb Ballistic Spell		Ability	Constant Effect	Self	
0083E762	LifeSaverCooldown	Life Saver		Spell	Fire and Forget	Self	
0083EF81	PowerArmorRebootCooldown	Power Armor Reboot		Spell	Fire and Forget	Self	
0083F12F	EMTCooldown	E.M.T.		Spell	Fire and Forget	Self	
00840754	crCB04Mayor_QuestCompletedAddToFactionSpell	Add to Watoga Robot Friend Faction Spell		Ability	Constant Effect	Self	
00840751	CB04_Mayor_QuestCompleteSpell	CB04 Mayor Quest Complete Spell		Ability	Constant Effect	Self	
00840BA7	SCORE_BannerReviveCooldown	¢Scout's Courage		Spell	Fire and Forget	Self	
0084490F	HazardThirstZapperNukaColaSpell	Radiation		Spell	Concentration	Contact	
0084490D	HazardThirstZapperNukaCherrySpell	Radiation		Spell	Concentration	Contact	
0084523D	AbPerkGrimReapersSprint	Grim Reaper's Sprint		Ability	Constant Effect	Self	
0084BF8A	GHL_AbPerkBombScientist	Bomb Scientist		Ability	Constant Effect	Self	
00853D9D	RTSV_Bounty_GreenShader_SP	Green Shader Spell		Ability	Constant Effect	Self	
00853D9E	RTSV_Bounty_WhiteShader_SP	White Shader Spell		Ability	Constant Effect	Self	
00853D9F	RTSV_Bounty_BlueShader_SP	Blue Shader Spell		Ability	Constant Effect	Self	
00853DA0	RTSV_Bounty_RedShader_SP	Red Shader Spell		Ability	Constant Effect	Self	
007D2CAD	Burn_NinjaStealthSpell	Stealth Spell		Ability	Constant Effect	Self	
0080100C	Burn_Sp_RadscorpionFireSting	Burning Radscorpion Fire Sting		Spell	Fire and Forget	Contact	
0080108B	Burn_StingwingAbraxoSpit	Abraxodyne Corrosion		Spell	Fire and Forget	Contact	
00802829	Burn_SandstormDoTStagger	DoT and Stagger		Spell	Fire and Forget	Contact	
0081EC3B	Burn_Bounty_ResilientCloak_SP	Bounty Resilient Cloak		Ability	Constant Effect	Self	
0081EC3C	Burn_Bounty_HealingEffectTarget_SP	Bounty Healing Effect		Spell	Concentration	Contact	
0081EC41	Burn_Bounty_ToxicBloodCloak_SP	Bounty Toxic Blood Cloak		Ability	Constant Effect	Self	
0081EC3D	Burn_Bounty_ActiveCamoEffect_SP	Bounty Active Camo Effect		Spell	Concentration	Contact	
0081EC3E	Burn_Bounty_FreezingTouchCloak_SP	Bounty Freezing Touch Cloak		Ability	Constant Effect	Self	
0081EC46	Burn_Bounty_HealingCloak_SP	Bounty Healing Cloak		Ability	Constant Effect	Self	
0081EC3F	Burn_Bounty_ActiveCamoCloak_SP	Bounty Active Camo Cloak		Ability	Constant Effect	Self	
0081EC40	Burn_Bounty_VolatileCloak_SP	Bounty Volatile Cloak		Ability	Constant Effect	Self	
0081EC42	Burn_Bounty_ResilientEffect_SP	Bounty Resilient Effect		Spell	Concentration	Contact	
0081EC43	Burn_Bounty_SwiftFootCloak_SP	Bounty Swift FootCloak		Ability	Constant Effect	Self	
0081EC44	Burn_Bounty_SwiftFootEffect_SP	Bounty Swift Foot Effect		Spell	Concentration	Contact	
0081EC45	Burn_Bounty_FreezingTouchEffect_SP	Bounty Freezing Touch Effect		Spell	Concentration	Contact	
0081EC47	Burn_Bounty_VolatileEffect_SP	Bounty Volatile Effect		Spell	Concentration	Contact	
0081EC48	Burn_Bounty_ToxicBloodEffect_SP	Bounty Toxic Blood Effect		Spell	Concentration	Contact	
0082074D	Burn_Bounty_AddToBountyFaction	Bounty Add to Faction		Spell	Concentration	Contact	
0082074F	Burn_Bounty_AstroEffect	Low Gravity		Ability	Constant Effect	Self	
0082074E	Burn_Bounty_Mutation_UnstableIsotope	Forced Unstable Isotope		Ability	Constant Effect	Self	
00820750	Burn_Bounty_AstroPerkApplySpell	Apply Astro Perk		Spell	Concentration	Contact	
00820751	Burn_Bounty_UnstableIsotopeCloakSpell	Cloak to Apply Unstable Isotope Mutation		Ability	Fire and Forget	Self	
00820752	Burn_Bounty_UnstableIsotopePerkApplySpell	Apply Unstable Isotope Perk		Spell	Concentration	Contact	
00820753	Burn_Bounty_Purifier_SetOnFire	Burning Environment		Spell	Concentration	Contact	
00820754	Burn_Bounty_TBPerkApplySpell	Apply TB Perk		Spell	Concentration	Contact	
00820755	Burn_Mutation_PlagueWalkerDamageSuper	Plague Walker Damage Aura (Super)		Spell	Concentration	Contact	
00820756	Burn_Bounty_Mutation_PlagueWalker	NPC Plague Walker		Ability	Constant Effect	Self	
00820757	Burn_Bounty_AB_SetOnFireCloak	Cloak to Apply Fire		Ability	Constant Effect	Self	
00820758	Burn_Bounty_AB_ForceFactionCloak	Cloak to Apply Mutation		Ability	Constant Effect	Self	
00820759	Burn_Bounty_AstroCloakSpell	Cloak to Apply Astro Effects		Ability	Fire and Forget	Self	
0082075A	Burn_Bounty_Mutation_HerdMentality	NPC Herd Mentality	-2 SPECIAL solo, +2 SPECIAL grouped	Ability	Constant Effect	Self	
0082075B	Burn_Bounty_TBCloakSpell	Cloak to Apply Mutation		Ability	Fire and Forget	Self	
00824470	Burn_Bounty_SwiftFootEffect_SP_Self	Bounty Swift Foot Effect		Spell	Constant Effect	Self	
00824471	Burn_Bounty_IntimidationCloak_SP	Bounty Intimidation Cloak		Ability	Constant Effect	Self	
0082446D	Burn_Bounty_ScoutPerk_SP	Apply Scout Perk		Ability	Constant Effect	Self	
0082446C	zzzBurn_Bounty_BonusDamageForMutations	Bonus Damage W/ Mutation No.		Spell	Constant Effect	Self	
0082446F	Burn_Bounty_ScoutCamo_SP	Scout Invisibility Spell		Spell	Fire and Forget	Self	
0082446E	Burn_Bounty_IntimidationEffect_SP	War Drum Intimidation		Spell	Concentration	Contact	
00825CCA	Burn_Bounty_FrenzySpell	Frenzy Cloud - Spells		Spell	Concentration	Contact	
00825CC9	Burn_Bounty_AB_ForceFrenzyCloak	Cloak to Apply Frenzy		Ability	Constant Effect	Self	
0082A97D	Burn_Bounty_Mutation_FreezingTouch	Freezing Touch	Slow targets down on attack	Ability	Constant Effect	Self	
00830287	Burn_SandstormVATsDown_Lite	Lower Vats Accuracy Slightly		Ability	Constant Effect	Self	
00830289	Burn_SandstormVATsDown_Heavy	Lower Vats Accuracy Greatly		Ability	Constant Effect	Self	
008333EB	Burn_Bounty_FishermanEffect	Hookable		Ability	Concentration	Contact	
008333EC	Burn_Bounty_FishermanCloak	WaterBreathing		Ability	Fire and Forget	Self	
00833A18	Burn_Bounty_HealingEffectSelf_SP	Bounty Healing Effect		Ability	Constant Effect	Self	
00836589	crBURN_RustGuardWarcry_PerkSpell	Rust Guard Warcry		Spell	Concentration	Contact	
0083658A	crBURN_RustGuardWarcry_CombatCheckSpell	Rust Guard Warcry		Spell	Fire and Forget	Self	
0083658B	crBURN_RustGuardWarcry_CloakSpell	Rust Guard Warcry		Spell	Fire and Forget	Self	
00839BAF	Burn_RadscorpionSuiciderVFX_SP	Suicider VFX		Ability	Constant Effect	Self	
0083A274	Burn_Bounty_NukaBlastDamage_SP	Nuka Blast!		Spell	Fire and Forget	Self	
0083A273	Burn_Bounty_NukaBlast_SP	Nuka Blast!		Spell	Fire and Forget	Self	
0083AEA4	Burn_Bounty_EatTheRich_SP	Eat The Rich		Spell	Fire and Forget	Contact	
0083AF63	Burn_StingwingSuiciderVFX_SP	Suicider VFX		Ability	Constant Effect	Self	
0083BD8C	Burn_Bounty_UnderwaterNoises	Etherial Sounds		Ability	Concentration	Contact	
0083BD8D	Burn_Bounty_FishermanDispel_SP	Dispel Hook!		Spell	Fire and Forget	Self	
0083BD8B	Burn_Bounty_FishermanCloak_Lite	WaterBreathing		Ability	Fire and Forget	Self	
0083BDE4	crBURN_ArmoredDeathclaw_KeywordSpell	Armored Deathclaw Apply Keyword Spell		Spell	Concentration	Contact	
0083BDE3	crBURN_ArmoredDeathclaw_CloakSpell	Armored Deathclaw Radius		Ability	Fire and Forget	Self	
0083D5A1	Burn_Bounty_TankKiller_SP_Self	Bounty Tank Killer Self		Spell	Constant Effect	Self	
0083D5A4	Burn_Bounty_TankKiller_SP	Bounty Tank Killer Effect		Spell	Concentration	Contact	
0083D5A2	Burn_Bounty_Mutation_ElectricallyCharged	Electrically Charged	Slow targets down on attack	Ability	Constant Effect	Self	
0083D5A3	Burn_Bounty_Electricians_NoStun_Spell	Electrician's Weapon Explosion		Ability	Constant Effect	Self	
0083E665	Burn_Bounty_PalmExplosionSpell	Bounty Explosion Exploding Palm		Spell	Fire and Forget	Contact	
0083E666	Burn_Bounty_FishermanHookedCloak	Effects While Hooked		Spell	Concentration	Contact	
0083F143	BOUNTY_LegendaryPickPocketSpell	Pick-Pocket		Spell	Fire and Forget	Self	
0083F273	Burn_ExplosivePunch	Exploding Palm		Spell	Fire and Forget	Contact	
0083F95B	Burn_Bounty_BoxerCloakSpell	Cloak to Apply Boxer Effect		Ability	Fire and Forget	Self	
0083F95D	Burn_Bounty_Mutation_Chameleon	Bounty Chameleon		Ability	Constant Effect	Self	
0083F95C	Burn_Bounty_BoxerPerkApplySpell	Apply Boxer Perk		Spell	Concentration	Contact	
0083F95A	Burn_Bounty_BoxerEffect	No Running Away!		Ability	Constant Effect	Self	
0083FE76	BOUNTY_LegendaryWeaponFeralSpell	Feral		Spell	Fire and Forget	Self	
0083FE77	BOUNTY_LegendaryFeralSpell	Reduce Feral Bar		Spell	Fire and Forget	Self	
0083FE78	zzz_BOUNTY_AbLegendaryGlowingArmorSpell	Glowing		Spell	Constant Effect	Self	
0083FE75	BOUNTY_LegendaryGlowingWeaponSpell	Glowing		Spell	Fire and Forget	Self	
00847B8B	BURN_SQ01_SilasDeathInspect_Spell			Spell	Constant Effect	Self	
00848D81	Burn_Bounty_FortifyXP_SP	On the Hunt	+50% Experience from Head Hunts for 20 minutes.	Spell	Fire and Forget	Self	
00848F19	zzzBurn_StingwingSuicider_Warning_SP	Warning Sound		Spell	Concentration	Contact	
00848F1A	zzzBurn_StingwingSuicider_Cloak_SP	Warning Sound Cloak		Ability	Fire and Forget	Self	
0084A4E0	BOUNTY_LegendaryArmor_Jagged_HitSpellAttacker	Jagged Armor Reflect Bleed Spell		Spell	Fire and Forget	Contact	
0084B165	zzz_BOUNTY_PulsatingExplosionSpell	Pulsating Explosion		Spell	Fire and Forget	Contact	
0084D523	BURN_HealingSpear_CombatCheckSpell	Healing Strike		Spell	Fire and Forget	Self	
0084E790	BURN_HealingSpear_CombatCheckSpell_BlockHeal	Heal Self		Spell	Fire and Forget	Self	
0084E78F	BURN_HealingSpear_CombatCheckSpell_PowerAttack	Healing Strike		Spell	Fire and Forget	Self	
008513D8	BleedDamage	Wolf Bleed		Spell	Fire and Forget	Contact	
008521F1	Burn_crDustDevilPushHazard	Push		Spell	Concentration	Contact	
008521F0	abRaceDustDevil	Dust Devil Abilities		Ability	Constant Effect	Self	
00852E9E	AbRadHogAlpha	Radhog Alpha Abilities		Ability	Constant Effect	Self	
0085315F	Burn_PrisonerCollar_Primed_SP	Prisoner Collar Primed		Ability	Fire and Forget	Self	
0085315E	Burn_PrisonerCollar_Explosion_SP	Prisoner Collar Explosion		Ability	Fire and Forget	Self	
00853D34	AbRadHogFury	AbRadHogFury		Spell	Fire and Forget	Self	
00853D3B	SCORE_S23_CooldownSpell_ChemMysteryMachine	Chem Mystery Machine Cooldown		Spell	Fire and Forget	Self	
00853E05	Burn_AbraxoNukeWeather_SP	Abraxodyne Weather		Disease	Constant Effect	Self	
0085659A	TestLightingDebugSpell	Debug Lighting		Ability	Constant Effect	Self	
008571A5	ChameleonArmorStealthIconSpell	Chameleon		Ability	Constant Effect	Self	
008571AA	Mutation_ChameleonStealthIcon_Spell	Chameleon		Ability	Constant Effect	Self	
008591E1	crGlowingRadHogCloak	Radiation Cloak		Ability	Constant Effect	Self	
008591E2	crRadHogRadHazard	Radiation		Spell	Concentration	Contact	
008591E8	Burn_Bounty_APCloak_SP	Bounty AP Cloak		Ability	Constant Effect	Self	
008591E7	Burn_Bounty_APPerkEffect_SP	Bounty AP Perk Effect		Spell	Concentration	Contact	
0085AD12	Burn_E01_CameraShakeSpellIntense	Camera Shake Spell		Spell	Fire and Forget	Self	
0085AD13	Burn_E01_EarthquakeSpell	Camera Shake Spell		Spell	Fire and Forget	Self	
0085A856	SSE_LandmineTrapExplosionSpell	Susan's Surprise Explosion		Spell	Fire and Forget	Contact	
00868F79	Burn_E02_FlameThrowerFireHazardSpell2x	Strong Fire Hazard		Spell	Fire and Forget	Contact	
00885C6D	zzz_SPELL_BuildUp_AdVictoriamSpell	Ad Victoriam		Spell	Fire and Forget	Self	
00885C6C	zzz_SPELL_PowerAttack_AdVictoriamSpell	Ad Victoriam		Spell	Constant Effect	Self	
0089174C	Burn_E02_EarthquakeSpell	Camera Shake Spell		Spell	Fire and Forget	Self	
0089174D	Burn_E02_EarthquakeSpell_Long	Camera Shake Spell		Spell	Fire and Forget	Self	
00897408	SCORE_MiniSeason_LoveHurts_ChemDuration	Rush of Love		Spell	Fire and Forget	Self	
008A74A9	Ab_FuriousFragility_Spell_ApplyStack	Furious Fragility		Spell	Fire and Forget	Self	
008A795A	zzzRTSV_Bounty_Micro_JunkPoisonEpic_Spell	Junk Poison		Spell	Constant Effect	Self	
008A795B	RTSV_Bounty_Micro_JunkPoison_Spell	Junk Poison		Spell	Constant Effect	Self	
008A796A	zzzAb_FuriousFragility_Spell_ApplyEffects	Furious Fragility		Spell	Fire and Forget	Self	
00868BBE	AbRaceBigfoot			Ability	Constant Effect	Self	
00868BBF	crBigfootSlam	Bigfoot Slam		Spell	Fire and Forget	Contact	
00868BBD	crBigfootStomp	Bigfoot Stomp		Spell	Fire and Forget	Contact	
0089ADB5	SPELL_FurnitureBuffAccuracy	Accuracy Boost		Spell	Fire and Forget	Self	
008A6032	crEnemyNormalization_Events_BossEnemy_Spell	Enemy Normalization Spell		Ability	Fire and Forget	Self	
008A6031	crEnemyNormalization_Events_NormalEnemy_Spell	Enemy Normalization Spell		Ability	Fire and Forget	Self	
008A638E	crNormalizeUp025Spell			Ability	Constant Effect	Self	
008A6785	RA_QuestHighlighterSpell	Quest Collectable Highlighter Spell	Quest Highlighter	Ability	Constant Effect	Self	
008A8639	RTSV_Bounty_Conductor_RadioBlast_Spell	Conductor Blast		Spell	Fire and Forget	Contact	
008AA4DA	RTSV_Bounty_Gunner_DamageCloak_Spell	Cloak to Apply Improved Damage		Ability	Fire and Forget	Self	
008AA4DB	RTSV_Bounty_Gunner_Damage_ApplyPerk_Spell	Apply Astro Perk		Spell	Concentration	Contact	
008AA909	RTSV_BountySpell_AnimSlow03	Slow Tier 3		Ability	Constant Effect	Self	
008AA90E	RTSV_BountySpell_Specs	Blurred		Spell	Concentration	Contact	
008AA90A	RTSV_BountySpell_AnimSlow04	Slow Tier 4		Ability	Constant Effect	Self	
008AA90B	RTSV_BountySpell_AnimSlow02	Slow Tier 2		Ability	Constant Effect	Self	
008AA90C	RTSV_BountySpell_Prof	Maths Hazard		Spell	Fire and Forget	Contact	
008AA90D	RTSV_BountySpell_Florist	Flower Vulnerability		Spell	Fire and Forget	Contact	
008AA90F	RTSV_BountySpell_SpecCloak	Cloak to Apply Blur		Ability	Constant Effect	Self	
008AA908	RTSV_BountySpell_AnimSlow01	Slow Tier 1		Ability	Constant Effect	Self	
008AADE2	zzzRTSV_Bounty_Conductor_RadioBlast_Spell_Pitch2	Conductor Blast		Spell	Constant Effect	Self	
008AADE3	zzzRTSV_Bounty_Conductor_RadioBlast_Spell_Pitch3	Conductor Blast		Spell	Constant Effect	Self	
008AADE4	zzzRTSV_Bounty_Conductor_RadioBlast_Spell_Pitch1	Conductor Blast		Spell	Constant Effect	Self	
008AADE5	zzzRTSV_Bounty_Conductor_RadioBlast_Spell_Pitch4	Conductor Blast		Spell	Constant Effect	Self	
008AB2C8	RTSV_Bounty_StealthSpell	Stealth Spell		Ability	Constant Effect	Self	
008AB68B	RTSV_BountySpell_WinterCloak	Cloak to Apply Cryo		Ability	Constant Effect	Self	
008AB68A	RTSV_BountySpell_Winter	Nuclear Winter		Spell	Concentration	Contact	
008ABB24	AbPerkPortablePower	Portable Power		Ability	Constant Effect	Self	
008AC6DF	RTSV_Bounty_PromotionShader_SP	Promotion Shader Spell		Spell	Fire and Forget	Contact	
008AC7ED	RTSV_BountySpell_Stagger	Stagger		Spell	Fire and Forget	Self	
008AC7EE	RTSV_BountySpell_WeatherBuff			Ability	Constant Effect	Self	
008AC7EF	RTSV_BountySpell_WeatherChannel			Ability	Constant Effect	Self	
008AC4CC	PlayerMovementAbility			Ability	Constant Effect	Self	
008AEDDB	SCORE_S24_SPELL_HealingArch	Restore Health		Spell	Fire and Forget	Self	
008AEFE0	GHL00_Quest_BecomeGhoulRadiationHazard	Extreme Radiation		Spell	Concentration	Contact	
008B092B	RTSV_Stormslasher_CrusherBurning_SP	Burning Crusher		Spell	Fire and Forget	Contact	
008B092A	RTSV_Stormslasher_CrusherStatic_SP	Static Crusher		Spell	Fire and Forget	Contact	
008B0916	RTSV_Stormslasher_HarnesserCheck	Harnesser Static		Ability	Constant Effect	Self	
008B0917	RTSV_Stormslasher_StaticCloakSpell	Explode Everyone		Spell	Concentration	Contact	
008B0918	RTSV_Stormslasher_HarnesserBuffs	Lightning Storm		Ability	Constant Effect	Self	
008B0925	zzzRTSV_Stormslasher_ParalysisCloakSpell	Paralyze Everyone		Spell	Fire and Forget	Contact	
008B091A	RTSV_Stormslasher_AddStaticCharge	Charging Up		Spell	Fire and Forget	Self	
008B091B	RTSV_Stormslasher_StaticDamage	Static Damage		Spell	Fire and Forget	Contact	
008B091D	zzzRTSV_Stormslasher_ModParalysisSP	Paralyze		Spell	Fire and Forget	Contact	
008B091E	RTSV_Stormslasher_RemoveStaticCharge	Charging Down		Spell	Fire and Forget	Self	
008B0926	zzzRTSV_Stormslasher_MassParalysis	Paralyze Everyone		Spell	Concentration	Contact	
008B0920	RTSV_Stormslasher_ExtendedOnslaught	Longer Onslaught Timer		Spell	Fire and Forget	Self	
008B0921	RTSV_Stormslasher_ChainDamage_SP	Chain Damage		Spell	Fire and Forget	Contact	
008B0927	RTSV_Stormslasher_Crusher_SP	Explosion Crusher		Spell	Fire and Forget	Contact	
008B0922	RTSV_Stormslasher_Harness	Harness		Spell	Fire and Forget	Self	
008B0923	zzzRTSV_Stormslasher_ParalysisSP	Paralyze		Spell	Fire and Forget	Contact	
008B0924	RTSV_Stormslasher_ManualGroundSpell	Manually Ground People		Spell	Concentration	Contact	
008B0929	zzzRTSV_Stormslasher_CrusherParalysis_SP	Paralyzing Crusher		Spell	Fire and Forget	Contact	
008B0919	RTSV_Stormslasher_FireDoT	Stormslasher Fire Damage		Spell	Fire and Forget	Contact	
008B091F	RTSV_Stormslasher_ChargeCheck	Static Charged		Spell	Fire and Forget	Self	
008B148F	RTSV_Stormslasher_FortifyWeaponSpeed	Weapon Swing Speed Up		Ability	Constant Effect	Self	
008B2536	RTSV_Stormslasher_OneShotStaggerSP			Spell	Concentration	Contact	
008B1D5E	WeaponsExpert_GatheringBuff_Spell	Rip's Bounty	Cryptids may drop extra scraps	Spell	Fire and Forget	Self	
008B2738	RTSV_Stormslasher_OneShotCloak_SP	One Shot AOE		Spell	Fire and Forget	Self	
008B2739	RTSV_Stormslasher_InstantStaticCharge	Charging Up		Spell	Fire and Forget	Self	
008B273A	RTSV_Stormslasher_OneShotBurning	Burning Crusher		Spell	Fire and Forget	Contact	
008B273B	RTSV_Stormslasher_APOnKill	APViaKill		Spell	Fire and Forget	Self	
008B273C	RTSV_Stormslasher_OneShotHarnessed	Harnessed One Shot		Spell	Fire and Forget	Contact	
008B2737	RTSV_Stormslasher_OneShotCheck	Check For One Shot		Spell	Constant Effect	Contact	
008B2E5F	RTSV_BountySpell_SpecsInvis	Invisispecs		Spell	Concentration	Contact	
008B2E5A	RTSV_BountySpell_WarpInFX			Spell	Fire and Forget	Self	
008B2E5E	RTSV_BountySpell_TimeCloakEffect02	Time Cloak Slow Effect		Spell	Concentration	Contact	
008B2E5B	RTSV_BountySpell_WarpOutFX			Spell	Fire and Forget	Self	
008B2E5C	RTSV_BountySpell_TimeCloak01	Time Cloak		Ability	Constant Effect	Self	
008B2E5D	RTSV_BountySpell_UnderminerDamage	Stagger		Spell	Fire and Forget	Contact	
008B414F	RTSV_BountySpell_TimeCloakEffect01	Time Cloak Slow Effect		Spell	Concentration	Contact	
008B4150	RTSV_BountySpell_TimeCloakEffect03	Time Cloak Slow Effect		Spell	Concentration	Contact	
008B4151	RTSV_BountySpell_TimeCloakEffect04	Time Cloak Slow Effect		Spell	Concentration	Contact	
008B414D	RTSV_BountySpell_TimeCloak03	Time Cloak		Ability	Constant Effect	Self	
008B414C	RTSV_BountySpell_TimeCloak02	Time Cloak		Ability	Constant Effect	Self	
008B414E	RTSV_BountySpell_TimeCloak04	Time Cloak		Ability	Constant Effect	Self	
008B4608	zzzRTSV_Bounty_CultistResistance			Ability	Constant Effect	Self	
008B4B8C	RTSV_BountySpell_JamInhibitor	Damage Inhibiting		Spell	Fire and Forget	Self	
0085B9A2	DEL_HTO_Legendary_Weapon_TarnishedSpell	Tarnished Legendary Spell		Ability	Constant Effect	Self	
0085B9A1	HTO_Legendary_Weapon_SatiatedSpell	Satiated Legendary Spell		Spell	Fire and Forget	Self	
0085B9A3	HTO_Legendary_Armor_RagingSpell	Raging		Spell	Fire and Forget	Self	
0086258B	DEL_crEncounterSkullIndexSpell_Medium	Encounter Skull Index [Medium]		Ability	Constant Effect	Self	
008625CC	HTO_crEncounterSkullIndexSpell	Infestation Encounter Skull Index Spell		Ability	Constant Effect	Self	
008625CB	DEL_crEncounterSkullIndexSpell_Hard	Encounter Skull Index [Hard]		Ability	Constant Effect	Self	
00866D8C	DailyOps_Mutation_SavageStrike	Savage Strike	Improved Accuracy & Damage	Ability	Constant Effect	Self	
008B739A	RTSV_Bounty_TinyEnraged_VFX_SP	Tiny Enraged VFX Spell		Ability	Constant Effect	Self	
008B7388	RTSV_Bounty_FortifyDmgCrippled_SP	Fortify Damage To Crippled Spell		Ability	Constant Effect	Self	
008B7393	RTSV_Bounty_LimbDamage_SP	Limb Damage		Ability	Constant Effect	Self	
008B7390	RTSV_Bounty_HealingEffectSelf_SP	Bounty Healing Effect		Ability	Constant Effect	Self	
008B7381	RTSV_Bounty_ArmorPenetration_SP	Armor Penetration		Ability	Constant Effect	Self	
008B739C	zzzRTSV_Bounty_WoundSalter_SP	Wound Salter		Ability	Constant Effect	Self	
008B7382	zzzRTSV_Bounty_AssualtronStealth	Stealth Spell		Ability	Constant Effect	Self	
008B7385	RTSV_Bounty_DamageInverseHealth_SP	DamageInverseHealth		Ability	Constant Effect	Self	
008B73CA	RTSV_Bounty_WoundSalter_SP	Wound Salter		Ability	Constant Effect	Self	
008B73CB	RTSV_Bounty_AssualtronStealthy_SP	Stealth Spell		Ability	Constant Effect	Self	
008BF118	RTSV_Bounty_MicroWeaknessSpell	Weakness to Mike		Spell	Fire and Forget	Self	
008C02EB	RTSV_Bounty_MicroWeaknessSpelEnds	Weakness to Mike		Spell	Fire and Forget	Self	
008C28BA	RTSV_Bounty_Subjugator_SP	Red Scare		Spell	Fire and Forget	Contact	
008C28B9	RTSV_Bounty_Stabitha_VFX_SP	Greaser Greta VFX Spell		Ability	Constant Effect	Self	
008C47A6	RTSV_Stormslasher_FireDoT_Channel	Channeling Fire Damage		Spell	Fire and Forget	Contact	
008C5D6E	RTSV_Stormslasher_StaticDamageHarnessed	Harnessed Static Damage		Spell	Fire and Forget	Contact	
008C9093	HTO_crSuperMutantSuiciderSpell	Infestation Super Mutant Suicider Spell		Ability	Constant Effect	Self	
008C9090	HTO_crScorchedSuiciderSpell	Infestation Scorched Suicider Spell		Ability	Constant Effect	Self	
008C908D	HTO_crEyeBombSuiciderSpell	Infestation EyeBomb Suicider Spell		Ability	Constant Effect	Self	
008CE1D8	RTSV_Bounty_FortifyDmgPoisoned_SP	Fortify Damage To Poisoned Spell		Ability	Constant Effect	Self	
008D17A5	RTSV_Bounty_CultistTier_VFX_SP	Cultist Tier VFX Spell		Ability	Constant Effect	Self	
008D1C9C	ATX_Buff_SharpeningStone	Sharpening Stone		Spell	Fire and Forget	Self	
008D3854	AbPerkFreightTrain	Freight Train		Ability	Constant Effect	Self	
008DB74C	RTSV_StormRender_RebuttalDamage	Rebuttal	You have taken a melee attack, damage increased temporarily	Spell	Fire and Forget	Self	
008DB74D	RTSV_StormRender_RebuttalRemove	Rebuttal Remover		Spell	Fire and Forget	Self	
008DDC0A	HIDE_AbDrifter_WatcherSpell	Drifter Ability Watcher Spell		Ability	Constant Effect	Self	
008EE43D	ATX_BuffChaEnd	Charisma & Endurance Boost		Spell	Fire and Forget	Self	
008EE4D5	GHL_abPerkBaseRadResist	Ghoul Rad Affinity		Ability	Constant Effect	Self	
008F4F0E	crDLC01LightningHazardSpell	Lightning Hazard		Spell	Fire and Forget	Contact	
008F66B7	HIDE04SkylineCavernsPoisonHazardSpell	Poisonous Sludge		Spell	Concentration	Contact	
008FCD64	HIDE_crNormalizeAddPerkSpell_General			Ability	Constant Effect	Self	
008FCD65	HIDE_crNormalizeAddPerkSpell_Lieutenant			Ability	Constant Effect	Self	
008FCD66	HIDE_crNormalizeAddPerkSpell_Miniboss			Ability	Constant Effect	Self	
008FCD67	HIDE_crNormalizeAddPerkSpell_Popcorn			Ability	Constant Effect	Self	
008FCD68	HIDE_crNormalizeAddPerkSpell_Wildlife			Ability	Constant Effect	Self	
008FCD63	HIDE_crNormalizeAddPerkSpell_Boss			Ability	Constant Effect	Self	
008FDB46	HIDE_RadiationHazard	Strong Radiation		Spell	Concentration	Contact	
008FF687	crGlowingMutantHoundCloak_Aberrant	Radiation Cloak		Ability	Constant Effect	Self	
008FF68A	crMutantHoundRadHazard_Aberrant	Radiation		Spell	Concentration	Contact	
00900A94	HIDE_RadiationHazardDeadly	Deadly Radiation		Spell	Concentration	Contact	
008E0683	zzz_SDOW_DailyOps_Mutation_DeepCut	Deep Cutting Spell	Slow targets down on attack	Ability	Constant Effect	Self	
008E0682	zzz_SDOW_DailyOps_Mutation_DeepCut_DMGSpell	Deep Cutting Spell	Slow targets down on attack	Spell	Fire and Forget	Contact	
008EC62D	NailerBleedSpell	Bleed		Spell	Fire and Forget	Contact	
008EE1E8	CryoHazard_Cryolator	Cryo Hazard		Spell	Fire and Forget	Contact	
008F2AEE	AbCrowdControl	Crowd Control		Ability	Constant Effect	Self	
008F2AED	LoveTap	Love Tap		Spell	Fire and Forget	Self	
008F2AEF	AbMindOverMatter	Mind Over Matter		Ability	Constant Effect	Self	
008FBD14	AbPerkMisterSandman	Mister Sandman		Ability	Constant Effect	Self	
00900A5D	AbPerkConcentratedFire	Concentrated Fire		Ability	Constant Effect	Self	
008B7A77	zzz_WorldPets_DogBuffs	Dog Pet		Ability	Constant Effect	Self	
008B7CAA	zzz_WorldPets_CatBuff	Cat Pet		Ability	Constant Effect	Self	
008BA6D3	zzz_WorldPets_RadhogBuffs	Radhog Pet		Ability	Constant Effect	Self	
008C9399	zzz_WorldPets_DeathclawBuffs	Deathclaw Pet		Ability	Constant Effect	Self	
008D9BF1	WorldPets_DisabledBuffs	Pet Buffs	Pet buffs are disabled	Ability	Constant Effect	Self	
008DC2D0	WorldPets_DeathclawBuff_PetProwess	Pet Prowess		Ability	Constant Effect	Self	
008DC2D1	WorldPets_RadhogBuff_PetProwess	Pet Prowess		Ability	Constant Effect	Self	
008DC2D2	WorldPets_DogBuff_PetProwess	Pet Prowess		Ability	Constant Effect	Self	
008DC2CF	WorldPets_CatBuff_PetProwess	Pet Prowess		Ability	Constant Effect	Self	
009005E9	ATX_COMP_Cambot_Reporters_Instinct_Buff	Reporter's Instinct		Spell	Constant Effect	Self	
009005EA	ATX_COMP_AbPerkReporters_Instinct	Reporter's Instinct		Ability	Constant Effect	Self	
00905317	ATX_AbPerk_TeaWizard_LuckyLeaf01	Lucky-Leaf Spell		Ability	Constant Effect	Self	
00905FE3	HTO_crMoleratSuiciderSpell	Infestation Molerat Suicider Spell		Ability	Constant Effect	Self	
0090D2BB	HTO_crFortifyHealthBossSpell	Infestation Fortify Health Boss Spell		Ability	Constant Effect	Self	
0090D2BD	HTO_crFortifyHealthSupportSpell	Infestation Fortify Health Support Spell		Ability	Constant Effect	Self	
0090D2BC	HTO_crFortifyHealthMobSpell	Infestation Fortify Health Mob Spell		Ability	Constant Effect	Self	
0090D2C4	HTO_crFortifyBashBossSpell	Infestation Fortify Bash Boss Spell		Ability	Constant Effect	Self	
0091547A	AbSoleSurvivor	Sole Survivor		Ability	Constant Effect	Self	
00919BFB	HTO_crBossSpawnSpell	Infestation Boss Spawn Spell		Spell	Fire and Forget	Self	
0091C196	ATX_AbPerk_VaultTecGelatinCake_CakeSlice01	Slice of Vault-Tec Gelatin Cake Spell		Ability	Constant Effect	Self	
0091C19B	HTO_crInfestationDeathSpell	Infestation On Death Spell		Spell	Fire and Forget	Self	
0091C19E	HTO_crInfestationHitTakenSpell	Infestation On Hit Spell		Spell	Fire and Forget	Self	
009228E6	HTO_crRustRaiderSuiciderSpell	Rust Raider Suicider Spell		Ability	Constant Effect	Self	
00922931	HTO_crLostSuiciderSpell	Lost Suicider Spell		Ability	Constant Effect	Self	
0092295D	HTO_crFanaticProtectronSuiciderSpell	Fanatic Protectron Suicider Spell		Ability	Constant Effect	Self	
00928017	HolyFire	Holy Fire		Spell	Fire and Forget	Self	
0092A00C	MintyBreatherSpell	Friendly Frost		Spell	Fire and Forget	Self	
0092A0E9	SDOW_SlasherFanGhost_CamoCloak_spell	Slasher Ghost Ability		Ability	Constant Effect	Self	
0092D8CA	WorldPets_WellRested	Pet Rested	Spell to apply the Well Rested buff (used programmatically).    Gain more World Pet EXP while the buff is active.	Spell	Constant Effect	Self	
0092D088	SDOW_abBlackAndWhiteVision	abBlackAndWhiteVision		Ability	Fire and Forget	Self	
00936004	SCORE_S27_COMP_MrMoore_Buff	Mr Moore	Ghouls Charisma while bartering set to 10.  Humans gain +10 Charisma while Bartering.	Spell	Constant Effect	Self	
0093BD23	WorldPets_DogBuff_Buff02	Bounty Sniffer		Ability	Constant Effect	Self	
0093BD19	WorldPets_DeathclawBuff_Buff01	Dark Titan		Ability	Constant Effect	Self	
0093BD1A	WorldPets_CatBuff_Buff02	Mega Bits		Ability	Constant Effect	Self	
0093BD18	WorldPets_DeathclawBuff_Buff02	Fun-Festation		Ability	Constant Effect	Self	
0093BD21	WorldPets_DogBuff_CarryCapacity	Pet Carrier		Ability	Constant Effect	Self	
0093BD1F	WorldPets_RadhogBuff_Buff01	Goo-Getter		Ability	Constant Effect	Self	
0093BD22	WorldPets_RadhogBuff_CarryCapacity	Pet Carrier		Ability	Constant Effect	Self	
0093BD20	WorldPets_DeathclawBuff_CarryCapacity	Pet Carrier		Ability	Constant Effect	Self	
0093BD1C	WorldPets_CatBuff_Buff01	Bait Finder		Ability	Constant Effect	Self	
0093BD1E	WorldPets_DogBuff_Buff01	Stimpak Fetcher		Ability	Constant Effect	Self	
0093BD1D	WorldPets_RadhogBuff_Buff02	Rad-Dration		Ability	Constant Effect	Self	
0093BD1B	WorldPets_CatBuff_CarryCapacity	Pet Carrier		Ability	Constant Effect	Self	
0093B762	SDOW_GhostBoyDetectLifeClientSpell	Detect Life		Spell	Fire and Forget	Self	
00943D51	APReplenishOnKillFood_Spell	AP On Kill Food		Spell	Fire and Forget	Self	
0094426C	RTSV_Bounty_JammerShader_SP	Jaques' Shader Spell		Ability	Constant Effect	Self	
0094814B	HIDE_FEVBoss_HatLight_SPEL	HIDE FEVBoss Hat Light		Ability	Constant Effect	Self	
00949079	RadiationHazardStrong_Self	Strong Radiation Self		Spell	Fire and Forget	Self	
00951686	HIDE_cr_Electrified_Cloak	Electric Cloak		Ability	Constant Effect	Self	
00951687	HIDE_cr_Electrified_CloakHazard	Electric Damage		Spell	Concentration	Contact	
